ISIN,SEDOL,Security Name,Currency,Number of Shares,Percent of Fund,Trade Country Name,Local Price,Sector Classification,Industry Classification,Base Market Value,bb_ticker,bb_exch,sec_type,figi_name
US67066G1040,2379504,NVIDIA Corporation,USD,4788440.0,4.973835,United States,222.27,Information Technology,Semiconductors & Semiconductor Equipment,1064326500.0,NVDA,US,Common Stock,NVIDIA CORP
US0378331005,2046251,Apple Inc.,USD,3058480.0,4.804292,United States,336.13,Information Technology,Technology Hardware Storage & Peripherals,1028046900.0,AAPL,US,Common Stock,APPLE INC
US5949181045,2588173,Microsoft Corporation,USD,1469504.0,3.390945,United States,493.78,Information Technology,Software,725611700.0,MSFT,US,Common Stock,MICROSOFT CORP
US0231351067,2000019,Amazon.com Inc.,USD,2015788.0,2.390006,United States,253.71,Consumer Discretionary,Broadline Retail,511425570.0,AMZN,US,Common Stock,AMAZON.COM INC
US02079K3059,BYVY8G0,Alphabet Inc. Class A,USD,1227426.0,2.004974,United States,349.54,Communication Services,Interactive Media & Services,429034500.0,GOOGL,US,Common Stock,ALPHABET INC-CL A
TW0002330008,6889106,Taiwan Semiconductor Manufacturing Co. Ltd.,TWD,5099825.0,1.845832,Taiwan,2460.0,Information Technology,Semiconductors & Semiconductor Equipment,394980580.0,2330,TT,Common Stock,TAIWAN SEMICONDUCTOR MANUFAC
US11135F1012,BDZ78H9,Broadcom Inc.,USD,941240.0,1.572992,United States,357.61,Information Technology,Semiconductors & Semiconductor Equipment,336596830.0,AVGO,US,Common Stock,BROADCOM INC
US02079K1079,BYY88Y7,Alphabet Inc. Class C,USD,966237.0,1.555163,United States,344.41,Communication Services,Interactive Media & Services,332781700.0,GOOG,US,Common Stock,ALPHABET INC-CL C
US30303M1027,B7TL820,Meta Platforms Inc Class A,USD,457435.0,1.423171,United States,665.75,Communication Services,Interactive Media & Services,304537340.0,META,US,Common Stock,META PLATFORMS INC-CLASS A
US5951121038,2588184,Micron Technology Inc.,USD,235497.0,1.117918,United States,1015.8,Information Technology,Semiconductors & Semiconductor Equipment,239217860.0,MU,US,Common Stock,MICRON TECHNOLOGY INC
US88160R1014,B616C79,Tesla Inc.,USD,595853.0,1.014329,United States,364.27,Consumer Discretionary,Automobiles,217051380.0,TSLA,US,Common Stock,TESLA INC
US46625H1005,2190385,JPMorgan Chase & Co.,USD,551468.0,0.901146,United States,349.67,Financials,Banks,192831800.0,JPM,US,Common Stock,JPMORGAN CHASE & CO
US5324571083,2516152,Eli Lilly and Company,USD,166874.0,0.8991,United States,1152.93,Health Care,Pharmaceuticals,192394050.0,LLY,US,Common Stock,ELI LILLY & CO
US0079031078,2007849,Advanced Micro Devices Inc.,USD,340198.0,0.890014,United States,559.82,Information Technology,Semiconductors & Semiconductor Equipment,190449650.0,AMD,US,Common Stock,ADVANCED MICRO DEVICES
US0846707026,2073390,Berkshire Hathaway Inc. Class B,USD,290608.0,0.692306,United States,509.77,Financials,Financial Services,148143250.0,BRK/B,US,Common Stock,BERKSHIRE HATHAWAY INC-CL B
US30233Q1085,BVSRPD7,Exxonmobil Holdings Corporation,USD,862638.0,0.659279,United States,163.54,Energy,Oil Gas & Consumable Fuels,141075820.0,XOM,US,Common Stock,EXXONMOBIL HOLDINGS CORP
US4781601046,2475833,Johnson & Johnson,USD,498544.0,0.629025,United States,269.99,Health Care,Pharmaceuticals,134601890.0,JNJ,US,Common Stock,JOHNSON & JOHNSON
NL0010273215,B929F46,ASML Holding NV,EUR,80986.0,0.627271,Netherlands,1446.0,Information Technology,Semiconductors & Semiconductor Equipment,134226620.0,ASML,,Common Stock,ASML HOLDING NV
US92826C8394,B2PZN04,Visa Inc. Class A,USD,345571.0,0.594763,United States,368.29,Financials,Financial Services,127270344.0,V,US,Common Stock,VISA INC-CLASS A SHARES
US4581401001,2463247,Intel Corporation,USD,918130.0,0.465962,United States,108.6,Information Technology,Semiconductors & Semiconductor Equipment,99708920.0,INTC,US,Common Stock,INTEL CORP
US9311421039,2936921,Walmart Inc.,USD,908319.0,0.453045,United States,106.73,Consumer Staples,Consumer Staples Distribution & Retail,96944890.0,WMT,US,Common Stock,WALMART INC
US00287Y1091,B92SR70,AbbVie Inc.,USD,366315.0,0.451866,United States,263.96,Health Care,Biotechnology,96692504.0,ABBV,US,Common Stock,ABBVIE INC
US57636Q1040,B121557,Mastercard Incorporated Class A,USD,168992.0,0.446391,United States,565.24,Financials,Financial Services,95521040.0,MA,US,Common Stock,MASTERCARD INC - A
US17275R1023,2198163,Cisco Systems Inc.,USD,823593.0,0.421486,United States,109.51,Information Technology,Communications Equipment,90191670.0,CSCO,US,Common Stock,CISCO SYSTEMS INC
US22160K1051,2701271,Costco Wholesale Corporation,USD,91505.0,0.382855,United States,895.31,Consumer Staples,Consumer Staples Distribution & Retail,81925340.0,COST,US,Common Stock,COSTCO WHOLESALE CORP
US69608A1088,BN78DQ4,Palantir Technologies Inc. Class A,USD,455825.0,0.378404,United States,177.64,Information Technology,Software,80972750.0,PLTR,US,Common Stock,PALANTIR TECHNOLOGIES INC-A
US1667641005,2838555,Chevron Corporation,USD,382682.0,0.374679,United States,209.51,Energy,Oil Gas & Consumable Fuels,80175704.0,CVX,US,Common Stock,CHEVRON CORP
US1491231015,2180201,Caterpillar Inc.,USD,96343.0,0.364233,United States,808.99,Industrials,Machinery,77940520.0,CAT,US,Common Stock,CATERPILLAR INC
US0605051046,2295677,Bank of America Corp,USD,1338903.0,0.361216,United States,57.73,Financials,Banks,77294870.0,BAC,US,Common Stock,BANK OF AMERICA CORP
US58933Y1055,2778844,Merck & Co. Inc.,USD,513974.0,0.352769,United States,146.87,Health Care,Pharmaceuticals,75487360.0,MRK,US,Common Stock,MERCK & CO. INC.
US5128073062,BSML4N7,Lam Research Corporation,USD,261668.0,0.35231,United States,288.11,Information Technology,Semiconductors & Semiconductor Equipment,75389170.0,LRCX,US,Common Stock,LAM RESEARCH CORP
US0382221051,2046552,Applied Materials Inc.,USD,165984.0,0.344844,United States,444.57,Information Technology,Semiconductors & Semiconductor Equipment,73791500.0,AMAT,US,Common Stock,APPLIED MATERIALS INC
GB0005405286,0540528,HSBC Holdings Plc,GBP,3568418.0,0.337032,United Kingdom,15.126,Financials,Banks,72119880.0,HSBA,LN,Common Stock,HSBC HOLDINGS PLC
US91324P1021,2917766,UnitedHealth Group Incorporated,USD,188834.0,0.3326,United States,376.9,Health Care,Health Care Providers & Services,71171540.0,UNH,US,Common Stock,UNITEDHEALTH GROUP INC
US1912161007,2206657,Coca-Cola Company,USD,793330.0,0.327179,United States,88.25,Consumer Staples,Beverages,70011380.0,KO,US,Common Stock,COCA-COLA CO/THE
US7427181091,2704407,Procter & Gamble Company,USD,476402.0,0.325913,United States,146.39,Consumer Staples,Household Products,69740490.0,PG,US,Common Stock,PROCTER & GAMBLE CO/THE
KYG875721634,BMMV2K8,Tencent Holdings Ltd,HKD,1298500.0,0.324041,China,419.0,Communication Services,Interactive Media & Services,69339830.0,700,HK,,
US3696043013,BL59CR9,GE Aerospace,USD,216943.0,0.318614,United States,314.27,Industrials,Aerospace & Defense,68178680.0,GE,US,Common Stock,GENERAL ELECTRIC
US64110L1061,2857817,Netflix Inc.,USD,870749.0,0.292128,United States,71.79,Communication Services,Entertainment,62511070.0,NFLX,US,Common Stock,NETFLIX INC
CH1499059983,BTMJD19,Roche Holding Ltd,CHF,143270.0,0.289897,Switzerland,356.8,Health Care,Pharmaceuticals,62033536.0,ROP,SW,Common Stock,ROCHE HOLDING AG
US4370761029,2434209,Home Depot Inc.,USD,206722.0,0.289798,United States,299.98,Consumer Discretionary,Specialty Retail,62012464.0,HD,US,Common Stock,HOME DEPOT INC
US6974351057,B87ZMX0,Palo Alto Networks Inc.,USD,170404.0,0.289532,United States,363.58,Information Technology,Software,61955490.0,PANW,US,Common Stock,PALO ALTO NETWORKS INC
US7181721090,B2PKRQ3,Philip Morris International Inc.,USD,322813.0,0.284548,United States,188.62,Consumer Staples,Tobacco,60888988.0,PM,US,Common Stock,PHILIP MORRIS INTERNATIONAL
US38141G1040,2407966,Goldman Sachs Group Inc.,USD,61546.0,0.270936,United States,942.0,Financials,Capital Markets,57976332.0,GS,US,Common Stock,GOLDMAN SACHS GROUP INC
CA7800871021,2754383,Royal Bank of Canada,CAD,282032.0,0.267636,Canada,284.45,Financials,Banks,57270136.0,RY,CN,Common Stock,ROYAL BANK OF CANADA
GB00BP6MXD84,BP6MXD8,Shell Plc,GBP,1204479.0,0.266165,United Kingdom,35.39,Energy,Oil Gas & Consumable Fuels,56955412.0,SHEL,LN,Common Stock,SHELL PLC
US80004C2008,BSNPZV3,Sandisk Corporation,USD,30951.0,0.25917,United States,1791.82,Information Technology,Technology Hardware Storage & Peripherals,55458620.0,SNDK,US,Common Stock,SANDISK CORP
US75513E1010,BM5M5Y3,RTX Corporation,USD,279303.0,0.253218,United States,194.0,Industrials,Aerospace & Defense,54184784.0,RTX,US,Common Stock,RTX CORP
US9497461015,2649100,Wells Fargo & Company,USD,629074.0,0.253176,United States,86.12,Financials,Banks,54175852.0,WFC,US,Common Stock,WELLS FARGO & CO
US68389X1054,2661568,Oracle Corporation,USD,361492.0,0.249362,United States,147.61,Information Technology,Software,53359836.0,ORCL,US,Common Stock,ORACLE CORP
US36828A1016,BP6H4Y1,GE Vernova Inc.,USD,56371.0,0.247715,United States,940.33,Industrials,Electrical Equipment,53007344.0,GEV,US,Common Stock,GE VERNOVA INC
GB0009895292,0989529,AstraZeneca PLC,GBP,316475.0,0.247014,United Kingdom,125.0,Health Care,Pharmaceuticals,52857256.0,AZN,LN,Common Stock,ASTRAZENECA PLC
CH0012005267,7103065,Novartis AG,CHF,376455.0,0.245726,Switzerland,115.1,Health Care,Pharmaceuticals,52581730.0,NOVN,SW,Common Stock,NOVARTIS AG-REG
JP3902900004,6335171,Mitsubishi UFJ Financial Group Inc.,JPY,2234100.0,0.240079,Japan,3620.0,Financials,Banks,51373296.0,8306,JP,Common Stock,MITSUBISHI UFJ FINANCIAL GRO
US8825081040,2885409,Texas Instruments Incorporated,USD,190183.0,0.236981,United States,266.64,Information Technology,Semiconductors & Semiconductor Equipment,50710396.0,TXN,US,Common Stock,TEXAS INSTRUMENTS INC
US8835561023,2886907,Thermo Fisher Scientific Inc.,USD,76493.0,0.232873,United States,651.45,Health Care,Life Sciences Tools & Services,49831364.0,TMO,US,Common Stock,THERMO FISHER SCIENTIFIC INC
US6174464486,2262314,Morgan Stanley,USD,244071.0,0.231062,United States,202.58,Financials,Capital Markets,49443904.0,MS,US,Common Stock,MORGAN STANLEY
US22788C1053,BJJP138,CrowdStrike Holdings Inc. Class A,USD,208026.0,0.231032,United States,237.65,Information Technology,Software,49437380.0,CRWD,US,Common Stock,CROWDSTRIKE HOLDINGS INC - A
KYG017191142,BK6YZP5,Alibaba Group Holding Limited,HKD,3543532.0,0.230675,China,109.3,Consumer Discretionary,Broadline Retail,49360932.0,9988,HK,,
CH0038863350,7123870,Nestle S.A.,CHF,532248.0,0.230213,Switzerland,76.27,Consumer Staples,Food Products,49262244.0,NESN,SW,Common Stock,NESTLE SA-REG
US4824801009,2480138,KLA Corporation,USD,273864.0,0.226517,United States,176.99,Information Technology,Semiconductors & Semiconductor Equipment,48471188.0,KLAC,US,Common Stock,KLA CORP
US1729674242,2297907,Citigroup Inc.,USD,354527.0,0.218314,United States,131.77,Financials,Banks,46716024.0,C,US,Common Stock,CITIGROUP INC
AU000000BHP4,6144690,BHP Group Ltd,AUD,1060613.0,0.215113,Australia,61.05,Materials,Metals & Mining,46031076.0,BHP,AU,Common Stock,BHP GROUP LTD
DE0007236101,5727973,Siemens AG,EUR,150331.0,0.212583,Germany,264.0,Industrials,Industrial Conglomerates,45489680.0,SIE,GY,Common Stock,SIEMENS AG-REG
US4592001014,2005973,International Business Machines Corporation,USD,197040.0,0.211372,United States,229.55,Information Technology,It Services,45230532.0,IBM,US,Common Stock,INTL BUSINESS MACHINES CORP
US0404132054,BL9XPM3,Arista Networks Inc,USD,224755.0,0.209425,United States,199.39,Information Technology,Communications Equipment,44813900.0,ANET,US,Common Stock,ARISTA NETWORKS INC
DE0007164600,4846288,SAP SE,EUR,212189.0,0.20813,Germany,183.12,Information Technology,Software,44536804.0,SAP,GY,Common Stock,SAP SE
IE000S9YS762,BNZHB81,Linde plc,USD,95773.0,0.206061,United States,460.4,Materials,Chemicals,44093890.0,LIN,US,Common Stock,LINDE PLC
US5738741041,BNKJSM5,Marvell Technology Inc.,USD,178925.0,0.204231,United States,244.25,Information Technology,Semiconductors & Semiconductor Equipment,43702430.0,MRVL,US,Common Stock,MARVELL TECHNOLOGY INC
TW0002454006,6372480,MediaTek Inc,TWD,290000.0,0.200965,Taiwan,4710.0,Information Technology,Semiconductors & Semiconductor Equipment,43003548.0,2454,TT,Common Stock,MEDIATEK INC
ES0113900J37,5705946,Banco Santander S.A.,EUR,2993888.0,0.200842,Spain,12.524,Financials,Banks,42977292.0,SAN,SM,Common Stock,BANCO SANTANDER SA
US0311621009,2023607,Amgen Inc.,USD,111413.0,0.200792,United States,385.65,Health Care,Biotechnology,42966424.0,AMGN,US,Common Stock,AMGEN INC
US92343V1044,2090571,Verizon Communications Inc.,USD,870205.0,0.195566,United States,48.09,Communication Services,Diversified Telecommunication Services,41848160.0,VZ,US,Common Stock,VERIZON COMMUNICATIONS INC
CA8911605092,2897222,Toronto-Dominion Bank,CAD,336297.0,0.192387,Canada,171.48,Financials,Banks,41168056.0,TD,CN,Common Stock,TORONTO-DOMINION BANK
US79466L3024,2310525,Salesforce Inc.,USD,169094.0,0.188008,United States,237.92,Information Technology,Software,40230844.0,CRM,US,Common Stock,SALESFORCE INC
US0320951017,2145084,Amphenol Corporation Class A,USD,518241.0,0.187815,United States,77.55,Information Technology,Electronic Equipment Instruments & Components,40189588.0,APH,US,Common Stock,AMPHENOL CORP-CL A
IE00BKVD2N49,BKVD2N4,Seagate Technology Holdings PLC,USD,46306.0,0.185841,United States,858.79,Information Technology,Technology Hardware Storage & Peripherals,39767130.0,STX,US,Common Stock,SEAGATE TECHNOLOGY HOLDINGS
DE0008404005,5231485,Allianz SE,EUR,77964.0,0.185127,Germany,443.3,Financials,Insurance,39614324.0,ALV,GY,Common Stock,ALLIANZ SE-REG
US7475251036,2714923,QUALCOMM Incorporated,USD,221612.0,0.184054,United States,177.72,Information Technology,Semiconductors & Semiconductor Equipment,39384884.0,QCOM,US,Common Stock,QUALCOMM INC
US3755581036,2369174,Gilead Sciences Inc.,USD,257354.0,0.180533,United States,150.11,Health Care,Biotechnology,38631410.0,GILD,US,Common Stock,GILEAD SCIENCES INC
US0326541051,2032067,Analog Devices Inc.,USD,101845.0,0.178822,United States,375.72,Information Technology,Semiconductors & Semiconductor Equipment,38265204.0,ADI,US,Common Stock,ANALOG DEVICES INC
FR0000121972,4834108,Schneider Electric SE,EUR,115766.0,0.177192,France,285.75,Industrials,Electrical Equipment,37916452.0,SU,FP,Common Stock,SCHNEIDER ELECTRIC SE
AU000000CBA7,6215035,Commonwealth Bank of Australia,AUD,349099.0,0.176784,Australia,152.43,Financials,Banks,37829230.0,CBA,AU,Common Stock,COMMONWEALTH BANK OF AUSTRAL
JP3633400001,6900643,Toyota Motor Corp.,JPY,1961500.0,0.176139,Japan,3025.0,Consumer Discretionary,Automobiles,37691200.0,7203,JP,Common Stock,TOYOTA MOTOR CORP
US2546871060,2270726,Walt Disney Company,USD,362390.0,0.173875,United States,102.67,Communication Services,Entertainment,37206580.0,DIS,US,Common Stock,WALT DISNEY CO/THE
US0028241000,2002305,Abbott Laboratories,USD,360862.0,0.17304,United States,102.61,Health Care,Health Care Equipment & Supplies,37028050.0,ABT,US,Common Stock,ABBOTT LABORATORIES
US00206R1023,2831811,AT&T Inc,USD,1457669.0,0.173025,United States,25.4,Communication Services,Diversified Telecommunication Services,37024790.0,T,US,Common Stock,AT&T INC
US7134481081,2681511,PepsiCo Inc.,USD,282081.0,0.17104,United States,129.75,Consumer Staples,Beverages,36600010.0,PEP,US,Common Stock,PEPSICO INC
FR0000120271,B15C557,TotalEnergies SE,EUR,398429.0,0.169282,France,79.32,Energy,Oil Gas & Consumable Fuels,36223810.0,TTE,FP,Common Stock,TOTALENERGIES SE
US8085131055,2779397,Charles Schwab Corp,USD,343750.0,0.169076,United States,105.25,Financials,Capital Markets,36179690.0,SCHW,US,Common Stock,SCHWAB (CHARLES) CORP
US24703L2025,BHKD3S6,Dell Technologies Inc. Class C,USD,63360.0,0.1682,United States,568.06,Information Technology,Technology Hardware Storage & Peripherals,35992280.0,DELL,US,Common Stock,DELL TECHNOLOGIES -C
US5801351017,2550707,McDonald's Corporation,USD,144674.0,0.167834,United States,248.24,Consumer Discretionary,Hotels Restaurants & Leisure,35913870.0,MCD,US,Common Stock,MCDONALD'S CORP
US65339F1012,2328915,NextEra Energy Inc.,USD,433074.0,0.162859,United States,80.47,Utilities,Electric Utilities,34849464.0,NEE,US,Common Stock,NEXTERA ENERGY INC
IE00B8KQN827,B8KQN82,Eaton Corp. Plc,USD,82041.0,0.162855,United States,424.77,Industrials,Electrical Equipment,34848556.0,ETN,US,Common Stock,EATON CORP PLC
US2441991054,2261203,Deere & Company,USD,50542.0,0.161554,United States,683.99,Industrials,Machinery,34570224.0,DE,US,Common Stock,DEERE & CO
GB00B63H8491,B63H849,Rolls-Royce Holdings plc,GBP,1766393.0,0.159929,United Kingdom,14.5,Industrials,Aerospace & Defense,34222404.0,RR/,LN,Common Stock,ROLLS-ROYCE HOLDINGS PLC
US9078181081,2914734,Union Pacific Corporation,USD,122403.0,0.159804,United States,279.37,Industrials,Ground Transportation,34195730.0,UNP,US,Common Stock,UNION PACIFIC CORP
US95040Q1040,BYVYHH4,Welltower Inc.,USD,149035.0,0.159402,United States,228.87,Real Estate,Health Care Reits,34109640.0,WELL,US,REIT,WELLTOWER INC
US0258161092,2026082,American Express Company,USD,109334.0,0.159189,United States,311.56,Financials,Consumer Finance,34064100.0,AXP,US,Common Stock,AMERICAN EXPRESS CO
US20825C1045,2685717,ConocoPhillips,USD,256845.0,0.158235,United States,131.83,Energy,Oil Gas & Consumable Fuels,33859876.0,COP,US,Common Stock,CONOCOPHILLIPS
ES0113211835,5501906,Banco Bilbao Vizcaya Argentaria S.A.,EUR,1178778.0,0.155705,Spain,24.66,Financials,Banks,33318506.0,BBVA,SM,Common Stock,BANCO BILBAO VIZCAYA ARGENTA
JP3890350006,6563024,Sumitomo Mitsui Financial Group Inc.,JPY,761500.0,0.154395,Japan,6830.0,Financials,Banks,33038242.0,8316,JP,Common Stock,SUMITOMO MITSUI FINANCIAL GR
CH0244767585,BRJL176,UBS Group AG,CHF,653163.0,0.153906,Switzerland,41.55,Financials,Capital Markets,32933588.0,UBSG,SW,Common Stock,UBS GROUP AG-REG
US09290D1019,BMZBBT7,BlackRock Inc.,USD,30723.0,0.153594,United States,1069.78,Financials,Capital Markets,32866850.0,BLK,US,Common Stock,BLACKROCK INC
CA82509L1076,BX865C7,Shopify Inc. Class A,CAD,255151.0,0.152656,Canada,179.34,Information Technology,It Services,32666176.0,SHOP,CN,Common Stock,SHOPIFY INC - CLASS A
US7170811035,2684703,Pfizer Inc.,USD,1177322.0,0.152182,United States,27.66,Health Care,Pharmaceuticals,32564726.0,PFE,US,Common Stock,PFIZER INC
JP3788600009,6429104,Hitachi Ltd.,JPY,925900.0,0.151831,Japan,5524.0,Industrials,Industrial Conglomerates,32489572.0,6501,JP,Common Stock,HITACHI LTD
US9581021055,2954699,Western Digital Corporation,USD,72459.0,0.149452,United States,441.36,Information Technology,Technology Hardware Storage & Peripherals,31980504.0,WDC,US,Common Stock,WESTERN DIGITAL CORP
JP3122400009,6870490,Advantest Corp.,JPY,156000.0,0.148421,Japan,32050.0,Information Technology,Semiconductors & Semiconductor Equipment,31759884.0,6857,JP,Common Stock,ADVANTEST CORP
JP3436100006,6770620,SoftBank Group Corp.,JPY,781600.0,0.146521,Japan,6315.0,Communication Services,Wireless Telecommunication Services,31353366.0,9984,JP,Common Stock,SOFTBANK GROUP CORP
US0970231058,2108601,Boeing Company,USD,157199.0,0.145603,United States,198.2,Industrials,Aerospace & Defense,31156842.0,BA,US,Common Stock,BOEING CO/THE
JP3571400005,6895675,Tokyo Electron Ltd.,JPY,92300.0,0.145519,Japan,53110.0,Information Technology,Semiconductors & Semiconductor Equipment,31138972.0,8035,JP,Common Stock,TOKYO ELECTRON LTD
JP3970300004,BQRRZ00,Recruit Holdings Co. Ltd.,JPY,279700.0,0.144057,Japan,17350.0,Industrials,Professional Services,30826074.0,6098,JP,Common Stock,RECRUIT HOLDINGS CO LTD
CH0012221716,7108899,ABB Ltd.,CHF,317026.0,0.143865,Switzerland,80.02,Industrials,Electrical Equipment,30785050.0,ABBN,SW,Common Stock,ABB LTD-REG
US46120E6023,2871301,Intuitive Surgical Inc.,USD,74400.0,0.136756,United States,393.33,Health Care,Health Care Equipment & Supplies,29263752.0,ISRG,US,Common Stock,INTUITIVE SURGICAL INC
US81762P1021,B80NXX8,ServiceNow Inc.,USD,215002.0,0.136114,United States,135.47,Information Technology,Software,29126320.0,NOW,US,Common Stock,SERVICENOW INC
DK0062498333,BP6KMJ1,Novo Nordisk A/S Class B,DKK,672558.0,0.135682,Denmark,281.55,Health Care,Pharmaceuticals,29033838.0,NOVOB,DC,Common Stock,NOVO NORDISK A/S-B
ES0144580Y14,B288C92,Iberdrola SA,EUR,1241038.0,0.134879,Spain,20.29,Utilities,Electric Utilities,28862078.0,IBE,SM,Common Stock,IBERDROLA SA
US8725401090,2989301,TJX Companies Inc,USD,225998.0,0.134383,United States,127.24,Consumer Discretionary,Specialty Retail,28755986.0,TJX,US,Common Stock,TJX COMPANIES INC
JP3236330001,BMGYJ02,Kioxia Holdings Corporation,JPY,82600.0,0.133806,Japan,54570.0,Information Technology,Semiconductors & Semiconductor Equipment,28632566.0,285A,JP,Common Stock,KIOXIA HOLDINGS CORP
JP3435000009,6821506,Sony Group Corporation,JPY,1214000.0,0.133233,Japan,3697.0,Consumer Discretionary,Household Durables,28509816.0,6758,JP,Common Stock,SONY GROUP CORP
NL0000235190,4012250,Airbus SE,EUR,125286.0,0.129775,France,193.38,Industrials,Aerospace & Defense,27769916.0,AIR,FP,Common Stock,AIRBUS SE
GB00BVZK7T90,BVZK7T9,Unilever PLC,GBP,448715.0,0.129473,United Kingdom,46.21,Consumer Staples,Personal Care Products,27705230.0,ULVR,LN,Common Stock,UNILEVER PLC
US2358511028,2250870,Danaher Corporation,USD,130592.0,0.129265,United States,211.81,Health Care,Life Sciences Tools & Services,27660692.0,DHR,US,Common Stock,DANAHER CORP
US09857L1089,BDRXDB4,Booking Holdings Inc.,USD,163367.0,0.128183,United States,167.9,Consumer Discretionary,Hotels Restaurants & Leisure,27429320.0,BKNG,US,Common Stock,BOOKING HOLDINGS INC
US6516391066,2636607,Newmont Corporation,USD,222006.0,0.128036,United States,123.41,Materials,Metals & Mining,27397760.0,NEM,US,Common Stock,NEWMONT CORP
US92532F1003,2931034,Vertex Pharmaceuticals Incorporated,USD,53596.0,0.127322,United States,508.34,Health Care,Biotechnology,27244990.0,VRTX,US,Common Stock,VERTEX PHARMACEUTICALS INC
FR0000073272,B058TZ6,Safran SA,EUR,73329.0,0.126869,France,323.0,Industrials,Aerospace & Defense,27148056.0,SAF,FP,Common Stock,SAFRAN SA
US1101221083,2126335,Bristol-Myers Squibb Company,USD,426186.0,0.125594,United States,63.06,Health Care,Pharmaceuticals,26875290.0,BMY,US,Common Stock,BRISTOL-MYERS SQUIBB CO
IT0005239360,BYMXPS7,UniCredit S.p.A.,EUR,285033.0,0.123866,Italy,81.13,Financials,Banks,26505564.0,UCG,IM,Common Stock,UNICREDIT SPA
US90353T1007,BK6N347,Uber Technologies Inc.,USD,375424.0,0.123688,United States,70.5,Industrials,Ground Transportation,26467392.0,UBER,US,Common Stock,UBER TECHNOLOGIES INC
DE000ENER6Y0,BMTVQK9,Siemens Energy AG,EUR,164701.0,0.123686,Germany,140.2,Industrials,Electrical Equipment,26466998.0,ENR,GY,Common Stock,SIEMENS ENERGY AG
US74340W1036,B44WZD7,Prologis Inc.,USD,194643.0,0.122652,United States,134.84,Real Estate,Industrial Reits,26245662.0,PLD,US,REIT,PROLOGIS INC
US7433151039,2705024,Progressive Corporation,USD,122880.0,0.12259,United States,213.48,Financials,Insurance,26232422.0,PGR,US,Common Stock,PROGRESSIVE CORP
US78409V1044,BYV2325,S&P Global Inc.,USD,63747.0,0.120746,United States,405.32,Financials,Capital Markets,25837934.0,SPGI,US,Common Stock,S&P GLOBAL INC
JP3885780001,6591014,Mizuho Financial Group Inc.,JPY,477500.0,0.120415,Japan,8495.0,Financials,Banks,25766950.0,8411,JP,Common Stock,MIZUHO FINANCIAL GROUP INC
US91913Y1001,2041364,Valero Energy Corporation,USD,62009.0,0.119761,United States,413.28,Energy,Oil Gas & Consumable Fuels,25627080.0,VLO,US,Common Stock,VALERO ENERGY CORP
US56585A1025,B3K3L40,Marathon Petroleum Corporation,USD,59774.0,0.118688,United States,424.89,Energy,Oil Gas & Consumable Fuels,25397374.0,MPC,US,Common Stock,MARATHON PETROLEUM CORP
US2193501051,2224701,Corning Inc,USD,168481.0,0.118205,United States,150.13,Information Technology,Electronic Equipment Instruments & Components,25294052.0,GLW,US,Common Stock,CORNING INC
IE00BTN1Y115,BTN1Y11,Medtronic Plc,USD,268122.0,0.115438,United States,92.13,Health Care,Health Care Equipment & Supplies,24702080.0,MDT,US,Common Stock,MEDTRONIC PLC
US7010941042,2671501,Parker-Hannifin Corporation,USD,26108.0,0.11512,United States,943.54,Industrials,Machinery,24633942.0,PH,US,Common Stock,PARKER HANNIFIN CORP
SG1L01001701,6175203,DBS Group Holdings Ltd,SGD,408012.0,0.11465,Singapore,76.86,Financials,Banks,24533388.0,DBS,SP,Common Stock,DBS GROUP HOLDINGS LTD
CA0636711016,2076009,Bank of Montreal,CAD,140058.0,0.114154,Canada,244.31,Financials,Banks,24427164.0,BMO,CN,Common Stock,BANK OF MONTREAL
US14040H1059,2654461,Capital One Financial Corp,USD,120648.0,0.114133,United States,202.43,Financials,Consumer Finance,24422774.0,COF,US,Common Stock,CAPITAL ONE FINANCIAL CORP
CH0044328745,B3BQMF6,Chubb Limited,USD,71253.0,0.113427,United States,340.64,Financials,Insurance,24271622.0,CB,US,Common Stock,CHUBB LTD
US02209S1033,2692632,Altria Group Inc.,USD,345438.0,0.112227,United States,69.52,Consumer Staples,Tobacco,24014850.0,MO,US,Common Stock,ALTRIA GROUP INC
GB0007980591,0798059,BP PLC,GBP,3203262.0,0.111749,United Kingdom,5.587,Energy,Oil Gas & Consumable Fuels,23912572.0,BP/,LN,Common Stock,BP PLC
FR0000131104,7309681,BNP Paribas S.A. Class A,EUR,206081.0,0.111203,France,100.74,Financials,Banks,23795800.0,BNP,FP,Common Stock,BNP PARIBAS
FR0000121014,4061412,LVMH Moet Hennessy Louis Vuitton SE,EUR,51171.0,0.110405,France,402.8,Consumer Discretionary,Textiles Apparel & Luxury Goods,23625106.0,MC,FP,Common Stock,LVMH MOET HENNESSY LOUIS VUI
FR0000120073,B1YXBJ7,Air Liquide SA,EUR,125942.0,0.110068,France,163.16,Materials,Chemicals,23552918.0,AI,FP,Common Stock,AIR LIQUIDE SA
GB0002875804,0287580,British American Tobacco p.l.c.,GBP,417903.0,0.109492,United Kingdom,41.96,Consumer Staples,Tobacco,23429670.0,BATS,LN,Common Stock,BRITISH AMERICAN TOBACCO PLC
US1266501006,2577609,CVS Health Corporation,USD,263260.0,0.109297,United States,88.84,Health Care,Health Care Providers & Services,23388018.0,CVS,US,Common Stock,CVS HEALTH CORP
US7185461040,B78C4Y8,Phillips 66,USD,85259.0,0.108824,United States,273.13,Energy,Oil Gas & Consumable Fuels,23286790.0,PSX,US,Common Stock,PHILLIPS 66
CA0641491075,2076281,Bank of Nova Scotia,CAD,247338.0,0.108614,Canada,131.63,Financials,Banks,23241792.0,BNS,CN,Common Stock,BANK OF NOVA SCOTIA
US5398301094,2522096,Lockheed Martin Corporation,USD,43346.0,0.108044,United States,533.38,Industrials,Aerospace & Defense,23119890.0,LMT,US,Common Stock,LOCKHEED MARTIN CORP
IE00B4BNMY34,B4BNMY3,Accenture Plc Class A,USD,127485.0,0.108006,United States,181.29,Information Technology,It Services,23111756.0,ACN,US,Common Stock,ACCENTURE PLC-CL A
CH0210483332,BCRWZ18,Compagnie Financiere Richemont SA,CHF,111696.0,0.106955,Switzerland,168.85,Consumer Discretionary,Textiles Apparel & Luxury Goods,22886804.0,CFR,SW,Common Stock,CIE FINANCIERE RICHEMO-A REG
US8552441094,2842255,Starbucks Corporation,USD,236121.0,0.105743,United States,95.83,Consumer Discretionary,Hotels Restaurants & Leisure,22627476.0,SBUX,US,Common Stock,STARBUCKS CORP
US5486611073,2536763,Lowe's Companies Inc.,USD,117172.0,0.105402,United States,192.49,Consumer Discretionary,Specialty Retail,22554438.0,LOW,US,Common Stock,LOWE'S COS INC
US8334451098,BN134B7,Snowflake Inc.,USD,67286.0,0.10453,United States,332.43,Information Technology,It Services,22367884.0,SNOW,US,Common Stock,SNOWFLAKE INC
CA29250N1050,2466149,Enbridge Inc.,CAD,459049.0,0.104352,Canada,68.14,Energy,Oil Gas & Consumable Fuels,22329810.0,ENB,CN,Common Stock,ENBRIDGE INC
US0530151036,2065308,Automatic Data Processing Inc.,USD,81964.0,0.103887,United States,271.22,Industrials,Professional Services,22230276.0,ADP,US,Common Stock,AUTOMATIC DATA PROCESSING
IT0000072618,4076836,Intesa Sanpaolo S.p.A.,EUR,2905879.0,0.103789,Italy,6.668,Financials,Banks,22209234.0,ISP,IM,Common Stock,INTESA SANPAOLO
NL0011821202,BZ57390,ING Groep N.V.,EUR,608891.0,0.103438,Netherlands,31.715,Financials,Banks,22134244.0,INGA,,Common Stock,ING GROEP NV
CH0011075394,5983816,Zurich Insurance Group Ltd,CHF,30386.0,0.102806,Switzerland,596.6,Financials,Insurance,21999014.0,ZURN,SW,Common Stock,ZURICH INSURANCE GROUP AG
HK0000069689,B4TX8S1,AIA Group Limited,HKD,2227000.0,0.101799,Hong Kong,76.75,Financials,Insurance,21783388.0,1299,HK,Common Stock,AIA GROUP LTD
CA1360691010,2170525,Canadian Imperial Bank of Commerce,CAD,188692.0,0.101368,Canada,161.03,Financials,Banks,21691228.0,CM,CN,Common Stock,CAN IMPERIAL BK OF COMMERCE
CA1363851017,2171573,Canadian Natural Resources Limited,CAD,437725.0,0.101301,Canada,69.37,Energy,Oil Gas & Consumable Fuels,21676888.0,CNQ,CN,Common Stock,CANADIAN NATURAL RESOURCES
CA0084741085,2009823,Agnico Eagle Mines Limited,CAD,108701.0,0.101165,Canada,278.97,Materials,Metals & Mining,21647858.0,AEM,CN,Common Stock,AGNICO EAGLE MINES LTD
US34959E1091,B5B2106,Fortinet Inc.,USD,127408.0,0.101124,United States,169.84,Information Technology,Software,21638974.0,FTNT,US,Common Stock,FORTINET INC
DE0005557508,5842359,Deutsche Telekom AG,EUR,696370.0,0.101122,Germany,27.11,Communication Services,Diversified Telecommunication Services,21638642.0,DTE,GY,Common Stock,DEUTSCHE TELEKOM AG-REG
US0640581007,B1Z77F6,Bank of New York Mellon Corp,USD,140499.0,0.100976,United States,153.79,Financials,Capital Markets,21607342.0,BNY,US,Common Stock,BANK OF NEW YORK MELLON CORP
FR0000120321,4057808,L'Oreal S.A.,EUR,49696.0,0.100102,France,376.05,Consumer Staples,Personal Care Products,21420394.0,OR,FP,Common Stock,L'OREAL
GB00BN7SWP63,BN7SWP6,GSK plc,GBP,853751.0,0.100088,United Kingdom,18.775,Health Care,Pharmaceuticals,21417380.0,GSK,LN,Common Stock,GSK PLC
US35671D8570,2352118,Freeport-McMoRan Inc.,USD,298511.0,0.099799,United States,71.54,Materials,Metals & Mining,21355476.0,FCX,US,Common Stock,FREEPORT-MCMORAN INC
US58155Q1031,2378534,McKesson Corporation,USD,24412.0,0.099782,United States,874.65,Health Care,Health Care Providers & Services,21351956.0,MCK,US,Common Stock,MCKESSON CORP
US29444U7000,BVLZX12,Equinix Inc.,USD,20802.0,0.099287,United States,1021.34,Real Estate,Specialized Reits,21245914.0,EQIX,US,REIT,EQUINIX INC
US12572Q1058,2965839,CME Group Inc. Class A,USD,76962.0,0.09927,United States,276.01,Financials,Capital Markets,21242282.0,CME,US,Common Stock,CME GROUP INC
TW0002308004,6260734,Delta Electronics Inc.,TWD,388000.0,0.099045,Taiwan,1735.0,Information Technology,Electronic Equipment Instruments & Components,21194176.0,2308,TT,Common Stock,DELTA ELECTRONICS INC
US00724F1012,2008154,Adobe Inc.,USD,84035.0,0.097754,United States,248.92,Information Technology,Software,20917992.0,ADBE,US,Common Stock,ADOBE INC
TW0002317005,6438564,Hon Hai Precision Industry Co. Ltd.,TWD,2646118.0,0.097526,Taiwan,250.5,Information Technology,Electronic Equipment Instruments & Components,20869030.0,2317,TT,Common Stock,HON HAI PRECISION INDUSTRY
US18915M1071,BJXC5M2,Cloudflare Inc Class A,USD,64419.0,0.097418,United States,323.6,Information Technology,It Services,20845988.0,NET,US,Common Stock,CLOUDFLARE INC - CLASS A
GB0007188757,0718875,Rio Tinto plc,GBP,214533.0,0.09669,United Kingdom,72.18,Materials,Metals & Mining,20690272.0,RIO,LN,Common Stock,RIO TINTO PLC
CNE1000002H1,B0LMTQ3,China Construction Bank Corporation Class H,HKD,16846000.0,0.096219,China,9.59,Financials,Banks,20589332.0,939,HK,,
JP3898400001,6596785,Mitsubishi Corporation,JPY,652700.0,0.095851,Japan,4947.0,Industrials,Trading Companies & Distributors,20510762.0,8058,JP,Common Stock,MITSUBISHI CORP
US74762E1029,2150204,Quanta Services Inc.,USD,32132.0,0.095608,United States,636.71,Industrials,Construction & Engineering,20458766.0,PWR,US,Common Stock,QUANTA SERVICES INC
JP3236200006,6490995,Keyence Corporation,JPY,41300.0,0.093888,Japan,76580.0,Information Technology,Electronic Equipment Instruments & Components,20090544.0,6861,JP,Common Stock,KEYENCE CORP
US8636671013,2853688,Stryker Corporation,USD,72865.0,0.093682,United States,275.12,Health Care,Health Care Equipment & Supplies,20046618.0,SYK,US,Common Stock,STRYKER CORP
IE00BK9ZQ967,BK9ZQ96,Trane Technologies plc,USD,46424.0,0.093095,United States,429.11,Industrials,Building Products,19921002.0,TT,US,Common Stock,TRANE TECHNOLOGIES PLC
JP3910660004,6513126,Tokio Marine Holdings Inc.,JPY,381400.0,0.09284,Japan,8200.0,Financials,Insurance,19866476.0,8766,JP,Common Stock,TOKIO MARINE HOLDINGS INC
FR0000120578,5671735,Sanofi SA,EUR,232998.0,0.092417,France,74.05,Health Care,Pharmaceuticals,19775966.0,SAN,FP,Common Stock,SANOFI
US9029733048,2736035,U.S. Bancorp,USD,328177.0,0.092111,United States,60.06,Financials,Banks,19710310.0,USB,US,Common Stock,US BANCORP
US8425871071,2829601,Southern Company,USD,229382.0,0.091673,United States,85.52,Utilities,Electric Utilities,19616748.0,SO,US,Common Stock,SOUTHERN CO/THE
US6934751057,2692665,PNC Financial Services Group Inc.,USD,83997.0,0.091528,United States,233.17,Financials,Banks,19585580.0,PNC,US,Common Stock,PNC FINANCIAL SERVICES GROUP
US4432011082,BKLJ8V2,Howmet Aerospace Inc.,USD,84624.0,0.090827,United States,229.67,Industrials,Aerospace & Defense,19435594.0,HWM,US,Common Stock,HOWMET AEROSPACE INC
US92537N1081,BL3LWS8,Vertiv Holdings Co. Class A,USD,77717.0,0.090576,United States,249.39,Industrials,Electrical Equipment,19381842.0,VRT,US,Common Stock,VERTIV HOLDINGS CO-A
US84615Q1031,BXCVG25,Space Exploration Technologies Corp. Class A,USD,126364.0,0.090179,United States,152.71,Communication Services,Diversified Telecommunication Services,19297046.0,SPCX,US,Common Stock,SPACE EXPLORATION TECHN-CL A
SG1S04926220,B0F9V20,Oversea-Chinese Banking Corporation Limited,SGD,778298.0,0.089289,Singapore,31.38,Financials,Banks,19106584.0,OCBC,SP,Common Stock,OVERSEA-CHINESE BANKING CORP
US7707001027,BP0TQN6,Robinhood Markets Inc. Class A,USD,158796.0,0.088917,United States,119.82,Financials,Capital Markets,19026936.0,HOOD,US,Common Stock,ROBINHOOD MARKETS INC - A
US09260D1072,BKF2SL7,Blackstone Inc.,USD,151835.0,0.088666,United States,124.96,Financials,Capital Markets,18973302.0,BX,US,Common Stock,BLACKSTONE INC
US45866F1049,BFSSDS9,Intercontinental Exchange Inc.,USD,120545.0,0.087581,United States,155.47,Financials,Capital Markets,18741132.0,ICE,US,Common Stock,INTERCONTINENTAL EXCHANGE IN
US0367521038,BSPHGL4,Elevance Health Inc.,USD,44944.0,0.086313,United States,410.95,Health Care,Health Care Providers & Services,18469736.0,ELV,US,Common Stock,ELEVANCE HEALTH INC
US26441C2044,B7VD3F2,Duke Energy Corporation,USD,156995.0,0.086229,United States,117.53,Utilities,Electric Utilities,18451622.0,DUK,US,Common Stock,DUKE ENERGY CORP
US1264081035,2160753,CSX Corporation,USD,386019.0,0.084966,United States,47.1,Industrials,Ground Transportation,18181494.0,CSX,US,Common Stock,CSX CORP
AU000000NAB4,6624608,National Australia Bank Limited,AUD,653721.0,0.083549,Australia,38.47,Financials,Banks,17878174.0,NAB,AU,Common Stock,NATIONAL AUSTRALIA BANK LTD
US9694571004,2967181,Williams Companies Inc.,USD,247790.0,0.083432,United States,72.05,Energy,Oil Gas & Consumable Fuels,17853270.0,WMB,US,Common Stock,WILLIAMS COS INC
IE00BY7QL619,BY7QL61,Johnson Controls International plc,USD,123809.0,0.0829,United States,143.28,Industrials,Building Products,17739354.0,JCI,US,Common Stock,JOHNSON CONTROLS INTERNATION
US88579Y1010,2595708,3M Company,USD,106839.0,0.082826,United States,165.89,Industrials,Industrial Conglomerates,17723522.0,MMM,US,Common Stock,3M CO
INE040A01034,BK1N461,HDFC Bank Limited,INR,2329756.0,0.082792,India,729.1,Financials,Banks,17716156.0,HDFCB,IN,Common Stock,HDFC BANK LIMITED
US4612021034,2459020,Intuit Inc.,USD,58260.0,0.082547,United States,303.19,Information Technology,Software,17663850.0,INTU,US,Common Stock,INTUIT INC
US94106L1098,2937667,Waste Management Inc.,USD,83039.0,0.081919,United States,211.1,Industrials,Commercial Services & Supplies,17529532.0,WM,US,Common Stock,WASTE MANAGEMENT INC
US5717481023,2567741,Marsh & McLennan Companies Inc.,USD,99192.0,0.081125,United States,175.01,Financials,Insurance,17359592.0,MRSH,US,Common Stock,MARSH & MCLENNAN COS
US2910111044,2313405,Emerson Electric Co.,USD,115256.0,0.080749,United States,149.92,Industrials,Electrical Equipment,17279180.0,EMR,US,Common Stock,EMERSON ELECTRIC CO
DE0006231004,5889505,Infineon Technologies AG,EUR,269779.0,0.080721,Germany,55.86,Information Technology,Semiconductors & Semiconductor Equipment,17273068.0,IFX,GY,Common Stock,INFINEON TECHNOLOGIES AG
US03027X1000,B7FBFL2,American Tower Corporation,USD,99173.0,0.080632,United States,173.98,Real Estate,Specialized Reits,17254118.0,AMT,US,REIT,AMERICAN TOWER CORP
US8725901040,B94Q9V0,T-Mobile US Inc.,USD,101656.0,0.079896,United States,168.18,Communication Services,Wireless Telecommunication Services,17096506.0,TMUS,US,Common Stock,T-MOBILE US INC
GB0008706128,0870612,Lloyds Banking Group plc,GBP,11721272.0,0.07974,United Kingdom,1.089,Financials,Banks,17063070.0,LLOY,LN,Common Stock,LLOYDS BANKING GROUP PLC
FR0000120628,7088429,AXA SA,EUR,331802.0,0.079498,France,44.73,Financials,Insurance,17011332.0,CS,FP,Common Stock,AXA SA
AU000000WBC1,6076146,Westpac Banking Corporation,AUD,686373.0,0.079239,Australia,34.75,Financials,Banks,16956004.0,WBC,AU,Common Stock,WESTPAC BANKING CORP
US21037T1097,BMH4FS1,Constellation Energy Corporation,USD,66449.0,0.079095,United States,254.71,Utilities,Electric Utilities,16925224.0,CEG,US,Common Stock,CONSTELLATION ENERGY
GB0031348658,3134865,Barclays PLC,GBP,2732920.0,0.078873,United Kingdom,4.622,Financials,Banks,16877652.0,BARC,LN,Common Stock,BARCLAYS PLC
US3695501086,2365161,General Dynamics Corporation,USD,47623.0,0.078572,United States,353.05,Industrials,Aerospace & Defense,16813300.0,GD,US,Common Stock,GENERAL DYNAMICS CORP
US58733R1023,B23X1H3,MercadoLibre Inc.,USD,9382.0,0.078367,United States,1787.39,Consumer Discretionary,Broadline Retail,16769293.0,MELI,US,Common Stock,MERCADOLIBRE INC
US20030N1019,2044545,Comcast Corporation Class A,USD,733224.0,0.077919,United States,22.74,Communication Services,Diversified Telecommunication Services,16673514.0,CMCSA,US,Common Stock,COMCAST CORP-CLASS A
US75886F1075,2730190,Regeneron Pharmaceuticals Inc.,USD,21182.0,0.077691,United States,784.85,Health Care,Biotechnology,16624693.0,REGN,US,Common Stock,REGENERON PHARMACEUTICALS
US89417E1091,2769503,Travelers Companies Inc.,USD,43884.0,0.076827,United States,374.62,Financials,Insurance,16439824.0,TRV,US,Common Stock,TRAVELERS COS INC/THE
CA8672241079,B3NB1P2,Suncor Energy Inc.,CAD,236959.0,0.076752,Canada,97.09,Energy,Oil Gas & Consumable Fuels,16423722.0,SU,CN,Common Stock,SUNCOR ENERGY INC
JP3914400001,6610403,Murata Manufacturing Co. Ltd.,JPY,332900.0,0.076716,Japan,7763.0,Information Technology,Electronic Equipment Instruments & Components,16416088.0,6981,JP,Common Stock,MURATA MANUFACTURING CO LTD
JP3143600009,6467803,Itochu Corporation,JPY,1117200.0,0.076494,Japan,2306.5,Industrials,Trading Companies & Distributors,16368568.0,8001,JP,Common Stock,ITOCHU CORP
US42824C1099,BYVYWS0,Hewlett Packard Enterprise Co.,USD,269116.0,0.076414,United States,60.76,Information Technology,Technology Hardware Storage & Peripherals,16351488.0,HPE,US,Common Stock,HEWLETT PACKARD ENTERPRISE
AU000000ANZ3,6065586,ANZ Group Holdings Limited,AUD,605205.0,0.07576,Australia,37.68,Financials,Banks,16211453.0,ANZ,AU,Common Stock,ANZ GROUP HOLDINGS LTD
CA13646K1084,BMBQR09,Canadian Pacific Kansas City Limited,CAD,184498.0,0.075344,Canada,122.41,Industrials,Ground Transportation,16122502.0,CP,CN,Common Stock,CANADIAN PACIFIC KANSAS CITY
JP3900000005,6597067,Mitsubishi Heavy Industries Ltd.,JPY,652800.0,0.07517,Japan,3879.0,Industrials,Machinery,16085191.0,7011,JP,Common Stock,MITSUBISHI HEAVY INDUSTRIES
AN8068571086,2779201,SLB Limited,USD,314081.0,0.075032,United States,51.12,Energy,Energy Equipment & Services,16055821.0,SLB,US,Common Stock,SLB LTD
GB0002634946,0263494,BAE Systems plc,GBP,592379.0,0.074903,United Kingdom,20.25,Industrials,Aerospace & Defense,16028019.0,BA/,LN,Common Stock,BAE SYSTEMS PLC
US6200763075,B5BKPQ4,Motorola Solutions Inc.,USD,34920.0,0.07485,United States,458.67,Information Technology,Communications Equipment,16016756.0,MSI,US,Common Stock,MOTOROLA SOLUTIONS INC
US6092071058,B8CKK03,Mondelez International Inc. Class A,USD,262987.0,0.074784,United States,60.85,Consumer Staples,Food Products,16002759.0,MDLZ,US,Common Stock,MONDELEZ INTERNATIONAL INC-A
US1273871087,2302232,Cadence Design Systems Inc.,USD,56564.0,0.074781,United States,282.9,Information Technology,Software,16001956.0,CDNS,US,Common Stock,CADENCE DESIGN SYS INC
US26875P1012,2318024,EOG Resources Inc.,USD,110713.0,0.074623,United States,144.23,Energy,Oil Gas & Consumable Fuels,15968136.0,EOG,US,Common Stock,EOG RESOURCES INC
INE002A01018,6099626,Reliance Industries Limited,INR,1234437.0,0.074243,India,1233.95,Energy,Oil Gas & Consumable Fuels,15886873.0,RELIANCE,IN,Common Stock,RELIANCE INDUSTRIES LIMITED
JP3893600001,6597302,Mitsui & Co.Ltd,JPY,483400.0,0.07406,Japan,5161.0,Industrials,Trading Companies & Distributors,15847719.0,8031,JP,Common Stock,MITSUI & CO LTD
CA56501R1064,2492519,Manulife Financial Corporation,CAD,353082.0,0.073102,Canada,62.06,Financials,Insurance,15642683.0,MFC,CN,Common Stock,MANULIFE FINANCIAL CORP
DE0008430026,5294121,Munchener Ruckversicherungs-Gesellschaft AG,EUR,26971.0,0.073072,Germany,505.8,Financials,Insurance,15636383.0,MUV2,GY,Common Stock,MUENCHENER RUECKVER AG-REG
US5719032022,2210614,Marriott International Inc. Class A,USD,45980.0,0.072825,United States,338.92,Consumer Discretionary,Hotels Restaurants & Leisure,15583542.0,MAR,US,Common Stock,MARRIOTT INTERNATIONAL -CL A
CA06849F1080,BNM23Q1,Barrick Mining Corporation,CAD,361431.0,0.072636,Canada,60.24,Materials,Metals & Mining,15542978.0,ABX,CN,Common Stock,BARRICK MINING CORP
US8243481061,2804211,Sherwin-Williams Company,USD,48235.0,0.072297,United States,320.73,Materials,Chemicals,15470412.0,SHW,US,Common Stock,SHERWIN-WILLIAMS CO/THE
US9113121068,2517382,United Parcel Service Inc. Class B,USD,156064.0,0.072247,United States,99.06,Industrials,Air Freight & Logistics,15459700.0,UPS,US,Common Stock,UNITED PARCEL SERVICE-CL B
IT0003128367,7144569,Enel SpA,EUR,1515076.0,0.071976,Italy,8.869,Utilities,Electric Utilities,15401729.0,ENEL,IM,Common Stock,ENEL SPA
JP3802300008,6332439,FAST RETAILING CO. LTD.,JPY,35700.0,0.071725,Japan,67680.0,Consumer Discretionary,Specialty Retail,15348108.0,9983,JP,Common Stock,FAST RETAILING CO LTD
US55024U1097,BYM9ZP2,Lumentum Holdings Inc.,USD,16456.0,0.071589,United States,930.91,Information Technology,Communications Equipment,15319055.0,LITE,US,Common Stock,LUMENTUM HOLDINGS INC
US37045V1008,B665KZ5,General Motors Company,USD,186170.0,0.071515,United States,82.2,Consumer Discretionary,Automobiles,15303174.0,GM,US,Common Stock,GENERAL MOTORS CO
CA11271J1075,BPCPYT4,Brookfield Corporation,CAD,408074.0,0.0715,Canada,52.52,Financials,Capital Markets,15299863.0,BN,CN,Common Stock,BROOKFIELD CORP
GB00BDR05C01,BDR05C0,National Grid plc,GBP,989083.0,0.0709,United Kingdom,11.48,Utilities,Multi-Utilities,15171545.0,NG/,LN,Common Stock,NATIONAL GRID PLC
LU1778762911,BFZ1K46,Spotify Technology SA,USD,29631.0,0.070545,Sweden,509.45,Communication Services,Entertainment,15095513.0,SPOT,US,,
US7782961038,2746711,Ross Stores Inc.,USD,66559.0,0.070486,United States,226.61,Consumer Discretionary,Specialty Retail,15082935.0,ROST,US,Common Stock,ROSS STORES INC
GB00BM8PJY71,BM8PJY7,NatWest Group Plc,GBP,1612410.0,0.070416,United Kingdom,6.994,Financials,Banks,15068025.0,NWG,LN,Common Stock,NATWEST GROUP PLC
US25809K1051,BN13P03,DoorDash Inc. Class A,USD,78047.0,0.070371,United States,192.94,Consumer Discretionary,Hotels Restaurants & Leisure,15058388.0,DASH,US,Common Stock,DOORDASH INC - A
US87612E1064,2259101,Target Corporation,USD,94585.0,0.069923,United States,158.19,Consumer Staples,Consumer Staples Distribution & Retail,14962401.0,TGT,US,Common Stock,TARGET CORP
INE090A01021,BSZ2BY7,ICICI Bank Limited,INR,1070348.0,0.069755,India,1337.1,Financials,Banks,14926599.0,ICICIBC,IN,Common Stock,ICICI BANK LTD
CA9628791027,BF13KN5,Wheaton Precious Metals Corp,CAD,98957.0,0.069628,Canada,210.91,Materials,Metals & Mining,14899358.0,WPM,CN,Common Stock,WHEATON PRECIOUS METALS CORP
US2310211063,2240202,Cummins Inc.,USD,27966.0,0.069558,United States,532.23,Industrials,Machinery,14884344.0,CMI,US,Common Stock,CUMMINS INC
US0937121079,BDD1BB8,Bloom Energy Corporation Class A,USD,55742.0,0.069195,United States,265.63,Industrials,Electrical Equipment,14806747.0,BE,US,Common Stock,BLOOM ENERGY CORP- A
US6558441084,2641894,Norfolk Southern Corporation,USD,47026.0,0.069041,United States,314.16,Industrials,Ground Transportation,14773688.0,NSC,US,Common Stock,NORFOLK SOUTHERN CORP
US43300A2033,BYVMW06,Hilton Worldwide Holdings Inc.,USD,48240.0,0.068923,United States,305.73,Consumer Discretionary,Hotels Restaurants & Leisure,14748415.0,HLT,US,Common Stock,HILTON WORLDWIDE HOLDINGS IN
US1255231003,BHJ0775,Cigna Group,USD,53251.0,0.068504,United States,275.28,Health Care,Health Care Providers & Services,14658935.0,CI,US,Common Stock,THE CIGNA GROUP
US8716071076,2867719,Synopsys Inc.,USD,38010.0,0.068382,United States,384.97,Information Technology,Software,14632710.0,SNPS,US,Common Stock,SYNOPSYS INC
US23804L1035,BKT9Y49,Datadog Inc. Class A,USD,63441.0,0.068165,United States,229.92,Information Technology,Software,14586355.0,DDOG,US,Common Stock,DATADOG INC - CLASS A
US6153691059,2252058,Moody's Corporation,USD,31014.0,0.067915,United States,468.59,Financials,Capital Markets,14532850.0,MCO,US,Common Stock,MOODY'S CORP
JE00B4T3BW64,B4T3BW6,Glencore plc,GBP,1940711.0,0.067473,United Kingdom,5.568,Materials,Metals & Mining,14438274.0,GLEN,LN,Common Stock,GLENCORE PLC
US67103H1077,B65LWX6,O'Reilly Automotive Inc.,USD,170267.0,0.067403,United States,84.71,Consumer Discretionary,Specialty Retail,14423318.0,ORLY,US,Common Stock,O'REILLY AUTOMOTIVE INC
US6668071029,2648806,Northrop Grumman Corp.,USD,27165.0,0.066951,United States,527.39,Industrials,Aerospace & Defense,14326549.0,NOC,US,Common Stock,NORTHROP GRUMMAN CORP
US4523081093,2457552,Illinois Tool Works Inc.,USD,53125.0,0.066888,United States,269.42,Industrials,Machinery,14312938.0,ITW,US,Common Stock,ILLINOIS TOOL WORKS
US0090661010,BMGYYH4,Airbnb Inc. Class A,USD,86087.0,0.066871,United States,166.22,Consumer Discretionary,Hotels Restaurants & Leisure,14309381.0,ABNB,US,Common Stock,AIRBNB INC-CLASS A
US2538681030,B03GQS4,Digital Realty Trust Inc.,USD,78390.0,0.066717,United States,182.12,Real Estate,Specialized Reits,14276387.0,DLR,US,REIT,DIGITAL REALTY TRUST INC
US03831W1080,BMV3LG4,AppLovin Corp. Class A,USD,46310.0,0.066669,United States,308.06,Communication Services,Media,14266259.0,APP,US,Common Stock,APPLOVIN CORP-CLASS A
US2788651006,2304227,Ecolab Inc.,USD,52728.0,0.066398,United States,269.46,Materials,Chemicals,14208087.0,ECL,US,Common Stock,ECOLAB INC
US8288061091,2812452,Simon Property Group Inc.,USD,68999.0,0.066205,United States,205.32,Real Estate,Retail Reits,14166875.0,SPG,US,REIT,SIMON PROPERTY GROUP INC
SE0015811963,BMV7PQ4,Investor AB Class B,SEK,344121.0,0.066123,Sweden,405.75,Financials,Financial Services,14149268.0,INVEB,SS,Common Stock,INVESTOR AB-B SHS
DE0005140008,5750355,Deutsche Bank Aktiengesellschaft,EUR,372877.0,0.066011,Germany,33.05,Financials,Capital Markets,14125294.0,DBK,GY,Common Stock,DEUTSCHE BANK AG-REGISTERED
BE0974293251,BYYHL23,Anheuser-Busch InBev SA/NV,EUR,180108.0,0.065216,Belgium,67.6,Consumer Staples,Beverages,13955330.0,ABI,BB,Common Stock,ANHEUSER-BUSCH INBEV SA/NV
US0311001004,2089212,AMETEK Inc.,USD,58155.0,0.064584,United States,237.64,Industrials,Electrical Equipment,13819954.0,AME,US,Common Stock,AMETEK INC
JP3463000004,6870445,Takeda Pharmaceutical Co. Ltd.,JPY,364148.0,0.064513,Japan,5968.0,Health Care,Pharmaceuticals,13804892.0,4502,JP,Common Stock,TAKEDA PHARMACEUTICAL CO LTD
US1729081059,2197137,Cintas Corporation,USD,69688.0,0.064365,United States,197.64,Industrials,Commercial Services & Supplies,13773136.0,CTAS,US,Common Stock,CINTAS CORP
US40412C1018,B4MGBG6,HCA Healthcare Inc,USD,32169.0,0.064299,United States,427.71,Health Care,Health Care Providers & Services,13759003.0,HCA,US,Common Stock,HCA HEALTHCARE INC
US4385162056,BN7RHC5,Honeywell International Inc.,USD,66616.0,0.064273,United States,206.46,Industrials,Industrial Conglomerates,13753539.0,HON,US,Common Stock,HONEYWELL INTERNATIONAL INC
US31428X1063,2142784,FedEx Corporation,USD,45280.0,0.064253,United States,303.65,Industrials,Air Freight & Logistics,13749272.0,FDX,US,Common Stock,FEDEX CORP
US9344231041,BM8JYX3,Warner Bros. Discovery Inc. Series A,USD,493619.0,0.064129,United States,27.8,Communication Services,Entertainment,13722608.0,WBD,US,Common Stock,WARNER BROS DISCOVERY INC
US1011371077,2113434,Boston Scientific Corporation,USD,314447.0,0.063687,United States,43.34,Health Care,Health Care Equipment & Supplies,13628133.0,BSX,US,Common Stock,BOSTON SCIENTIFIC CORP
ES0148396007,BP9DL90,Industria de Diseno Textil S.A.,EUR,229168.0,0.063512,Spain,51.74,Consumer Discretionary,Specialty Retail,13590669.0,ITX,SM,Common Stock,INDUSTRIA DE DISENO TEXTIL
US0200021014,2019952,Allstate Corporation,USD,54003.0,0.063049,United States,249.83,Financials,Insurance,13491569.0,ALL,US,Common Stock,ALLSTATE CORP
JP3902400005,6597045,Mitsubishi Electric Corp.,JPY,409600.0,0.062328,Japan,5126.0,Industrials,Electrical Equipment,13337205.0,6503,JP,Common Stock,MITSUBISHI ELECTRIC CORP
NL0010832176,BNHKYX4,argenx SE,EUR,13278.0,0.061977,Belgium,871.4,Health Care,Biotechnology,13262050.0,ARGX,BB,Common Stock,ARGENX SE
TW0003711008,BFXZDY1,ASE Technology Holding Co. Ltd.,TWD,660124.0,0.061965,Taiwan,638.0,Information Technology,Semiconductors & Semiconductor Equipment,13259634.0,3711,TT,Common Stock,ASE TECHNOLOGY HOLDING CO LT
CNE1000003G1,B1G1QD8,Industrial and Commercial Bank of China Limited Class H,HKD,13767000.0,0.061496,China,7.5,Financials,Banks,13159136.0,1398,HK,,
US3635761097,2359506,Arthur J. Gallagher & Co.,USD,54871.0,0.061409,United States,239.48,Financials,Insurance,13140507.0,AJG,US,Common Stock,ARTHUR J GALLAGHER & CO
US48251W1045,BG1FRR1,KKR & Co Inc,USD,132588.0,0.061224,United States,98.81,Financials,Capital Markets,13101020.0,KKR,US,Common Stock,KKR & CO INC
JP3371200001,6804585,Shin-Etsu Chemical Co. Ltd.,JPY,351400.0,0.060961,Japan,5844.0,Materials,Chemicals,13044824.0,4063,JP,Common Stock,SHIN-ETSU CHEMICAL CO LTD
US1941621039,2209106,Colgate-Palmolive Company,USD,148732.0,0.060797,United States,87.47,Consumer Staples,Household Products,13009588.0,CL,US,Common Stock,COLGATE-PALMOLIVE CO
US9113631090,2134781,United Rentals Inc.,USD,12822.0,0.060754,United States,1013.91,Industrials,Trading Companies & Distributors,13000354.0,URI,US,Common Stock,UNITED RENTALS INC
LR0008862868,2754907,Royal Caribbean Group,USD,52593.0,0.060415,United States,245.81,Consumer Discretionary,Hotels Restaurants & Leisure,12927885.0,RCL,US,Common Stock,ROYAL CARIBBEAN CRUISES LTD
JP3866800000,6572707,Panasonic Holdings Corporation,JPY,474700.0,0.060411,Japan,4287.0,Consumer Discretionary,Household Durables,12927037.0,6752,JP,Common Stock,PANASONIC HOLDINGS CORP
IE000IVNQZ81,BRC3N84,TE Connectivity plc,USD,62850.0,0.060334,United States,205.42,Information Technology,Electronic Equipment Instruments & Components,12910647.0,TEL,US,Common Stock,TE CONNECTIVITY PLC
US0255371017,2026242,American Electric Power Company Inc.,USD,107149.0,0.060088,United States,120.0,Utilities,Electric Utilities,12857880.0,AEP,US,Common Stock,AMERICAN ELECTRIC POWER
US61174X1090,BZ07BW4,Monster Beverage Corporation,USD,287570.0,0.060085,United States,44.71,Consumer Staples,Beverages,12857255.0,MNST,US,Common Stock,MONSTER BEVERAGE CORP
IE00BLP1HW54,BLP1HW5,Aon Plc Class A,USD,43457.0,0.06004,United States,295.64,Financials,Insurance,12847627.0,AON,US,Common Stock,AON PLC-CLASS A
US87612G1013,B55PZY3,Targa Resources Corp.,USD,43968.0,0.060037,United States,292.19,Energy,Oil Gas & Consumable Fuels,12847010.0,TRGP,US,Common Stock,TARGA RESOURCES CORP
CA87807B1076,BJMY6G0,TC Energy Corporation,CAD,209121.0,0.060005,Canada,86.01,Energy,Oil Gas & Consumable Fuels,12840161.0,TRP,CN,Common Stock,TC ENERGY CORP
AU000000CSL8,6185495,CSL Limited,AUD,102404.0,0.059737,Australia,175.59,Health Care,Biotechnology,12782777.0,CSL,AU,Common Stock,CSL LTD
US8574771031,2842040,State Street Corporation,USD,69654.0,0.059526,United States,182.87,Financials,Capital Markets,12737627.0,STT,US,Common Stock,STATE STREET CORP
AU000000MQG1,B28YTC2,Macquarie Group Ltd.,AUD,74678.0,0.0592,Australia,238.62,Financials,Capital Markets,12668000.0,MQG,AU,Common Stock,MACQUARIE GROUP LTD
US49456B1017,B3NQ4P8,Kinder Morgan Inc Class P,USD,397186.0,0.059099,United States,31.84,Energy,Oil Gas & Consumable Fuels,12646402.0,KMI,US,Common Stock,KINDER MORGAN INC
US8936411003,B11FJK3,TransDigm Group Incorporated,USD,11469.0,0.058209,United States,1086.05,Industrials,Aerospace & Defense,12455907.0,TDG,US,Common Stock,TRANSDIGM GROUP INC
US8807701029,2884183,Teradyne Inc.,USD,33295.0,0.057799,United States,371.47,Information Technology,Semiconductors & Semiconductor Equipment,12368094.0,TER,US,Common Stock,TERADYNE INC
US19247G1076,BNG8Z81,Coherent Corp.,USD,38830.0,0.057589,United States,317.36,Information Technology,Electronic Equipment Instruments & Components,12323089.0,COHR,US,Common Stock,COHERENT CORP
US9297401088,2955733,Westinghouse Air Brake Technologies Corporation,USD,43974.0,0.057587,United States,280.23,Industrials,Machinery,12322834.0,WAB,US,Common Stock,WABTEC CORP
DE0005552004,4617859,DHL AG,EUR,191954.0,0.057579,Germany,56.0,Industrials,Air Freight & Logistics,12320990.0,DHL,GY,Common Stock,DHL AG
CA1363751027,2180632,Canadian National Railway Company,CAD,103543.0,0.057576,Canada,166.68,Industrials,Ground Transportation,12320493.0,CNR,CN,Common Stock,CANADIAN NATL RAILWAY CO
US0091581068,2011602,Air Products and Chemicals Inc.,USD,43275.0,0.057471,United States,284.18,Materials,Chemicals,12297890.0,APD,US,Common Stock,AIR PRODUCTS & CHEMICALS INC
NL0009538784,B505PN7,NXP Semiconductors NV,USD,53908.0,0.057436,United States,227.99,Information Technology,Semiconductors & Semiconductor Equipment,12290485.0,NXPI,US,Common Stock,NXP SEMICONDUCTORS NV
US6937181088,2665861,PACCAR Inc,USD,104677.0,0.056774,United States,116.06,Industrials,Machinery,12148813.0,PCAR,US,Common Stock,PACCAR INC
US05722G1004,BDHLTQ5,Baker Hughes Company Class A,USD,211150.0,0.056491,United States,57.25,Energy,Energy Equipment & Services,12088338.0,BKR,US,Common Stock,BAKER HUGHES CO
FI4000297767,BFM0SV9,Nordea Bank Abp,EUR,600415.0,0.056491,Finland,17.565,Financials,Banks,12088158.0,NDA,FH,Common Stock,NORDEA BANK ABP
GB00BTK05J60,BTK05J6,Anglo American plc,GBP,227977.0,0.0563,United Kingdom,39.55,Materials,Metals & Mining,12047383.0,AAL,LN,Common Stock,ANGLO AMERICAN PLC
US1999081045,2036047,Comfort Systems USA Inc.,USD,7238.0,0.055857,United States,1651.37,Industrials,Construction & Engineering,11952616.0,FIX,US,Common Stock,COMFORT SYSTEMS USA INC
US89832Q1094,BKP7287,Truist Financial Corporation,USD,245683.0,0.055753,United States,48.56,Financials,Banks,11930366.0,TFC,US,Common Stock,TRUIST FINANCIAL CORP
DE0005810055,7021963,Deutsche Boerse AG,EUR,37422.0,0.055725,Germany,278.0,Financials,Capital Markets,11924282.0,DB1,GY,Common Stock,DEUTSCHE BOERSE AG
US6098391054,B01Z7J1,Monolithic Power Systems Inc.,USD,9790.0,0.055715,United States,1217.8,Information Technology,Semiconductors & Semiconductor Equipment,11922262.0,MPWR,US,Common Stock,MONOLITHIC POWER SYSTEMS INC
JP3756600007,6639550,Nintendo Co. Ltd.,JPY,224200.0,0.0555,Japan,8339.0,Communication Services,Entertainment,11876155.0,7974,JP,Common Stock,NINTENDO CO LTD
JP3496400007,6248990,KDDI Corporation,JPY,609700.0,0.055383,Japan,3060.0,Communication Services,Wireless Telecommunication Services,11851243.0,9433,JP,Common Stock,KDDI CORP
US16411R2085,2654364,Cheniere Energy Inc.,USD,44115.0,0.055321,United States,268.34,Energy,Oil Gas & Consumable Fuels,11837819.0,LNG,US,Common Stock,CHENIERE ENERGY INC
GB00B2B0DG97,B2B0DG9,RELX PLC,GBP,352827.0,0.055055,United Kingdom,24.99,Industrials,Professional Services,11781029.0,REL,LN,Common Stock,RELX PLC
US25179M1036,2480677,Devon Energy Corporation,USD,241915.0,0.054955,United States,48.61,Energy,Oil Gas & Consumable Fuels,11759488.0,DVN,US,Common Stock,DEVON ENERGY CORP
IE0001827041,B01ZKD6,CRH public limited company,USD,135609.0,0.054596,United States,86.15,Materials,Construction Materials,11682715.0,CRH,US,Common Stock,CRH PLC
HK0388045442,6267359,Hong Kong Exchanges & Clearing Ltd.,HKD,235227.0,0.054358,Hong Kong,388.0,Financials,Capital Markets,11631767.0,388,HK,Common Stock,HONG KONG EXCHANGES & CLEAR
DE0007030009,5334588,Rheinmetall AG,EUR,10025.0,0.054332,Germany,1011.8,Industrials,Aerospace & Defense,11626245.0,RHM,GY,Common Stock,RHEINMETALL AG
AU000000WES1,6948836,Wesfarmers Limited,AUD,223540.0,0.054235,Australia,73.03,Consumer Discretionary,Broadline Retail,11605532.0,WES,AU,Common Stock,WESFARMERS LTD
FR0000125486,B1XH026,VINCI SA,EUR,91327.0,0.054202,France,110.8,Industrials,Construction & Engineering,11598435.0,DG,FP,Common Stock,VINCI SA
US3119001044,2332262,Fastenal Company,USD,235912.0,0.054032,United States,49.01,Industrials,Trading Companies & Distributors,11562047.0,FAST,US,Common Stock,FASTENAL CO
CA6330671034,2077303,National Bank of Canada,CAD,75858.0,0.053924,Canada,213.08,Financials,Banks,11538994.0,NA,CN,Common Stock,NATIONAL BANK OF CANADA
KYG9830T1067,BG0ZMJ9,Xiaomi Corporation Class B,HKD,3405400.0,0.053545,China,26.4,Information Technology,Technology Hardware Storage & Peripherals,11457737.0,1810,HK,,
US03073E1055,2795393,Cencora Inc.,USD,36950.0,0.053319,United States,308.78,Health Care,Health Care Providers & Services,11409421.0,COR,US,Common Stock,CENCORA INC
US25746U1097,2542049,Dominion Energy Inc,USD,179148.0,0.053229,United States,63.58,Utilities,Multi-Utilities,11390230.0,D,US,Common Stock,DOMINION ENERGY INC
INE397D01024,6442327,Bharti Airtel Limited,INR,583896.0,0.053105,India,1866.0,Communication Services,Wireless Telecommunication Services,11363682.0,BHARTI,IN,Common Stock,BHARTI AIRTEL LTD
FI0009000681,5902941,Nokia Oyj,EUR,1058233.0,0.053067,Finland,9.362,Information Technology,Communications Equipment,11355606.0,NOKIA,FH,Common Stock,NOKIA OYJ
US49338L1035,BQZJ0Q9,Keysight Technologies Inc,USD,33879.0,0.053039,United States,335.0,Information Technology,Electronic Equipment Instruments & Components,11349465.0,KEYS,US,Common Stock,KEYSIGHT TECHNOLOGIES IN
US22052L1044,BK73B42,Corteva Inc,USD,140464.0,0.052861,United States,80.53,Materials,Chemicals,11311566.0,CTVA,US,Common Stock,CORTEVA INC
CNE1000001Z5,B154564,Bank of China Limited Class H,HKD,14811000.0,0.052795,China,5.985,Financials,Banks,11297318.0,3988,HK,,
SA0007879113,B12LZH9,Al Rajhi Bank,SAR,641747.0,0.052694,Saudi Arabia,66.0,Financials,Banks,11275803.0,RJHI,AB,Common Stock,AL RAJHI BANK
US03769M1062,BN44JF6,Apollo Global Management Inc,USD,89436.0,0.052625,United States,125.91,Financials,Financial Services,11260887.0,APO,US,Common Stock,APOLLO GLOBAL MANAGEMENT INC
DE000BAY0017,5069211,Bayer AG,EUR,203910.0,0.052526,Germany,48.09,Health Care,Pharmaceuticals,11239674.0,BAYN,GY,Common Stock,BAYER AG-REG
US6703461052,2651086,Nucor Corporation,USD,44965.0,0.052192,United States,248.38,Materials,Metals & Mining,11168407.0,NUE,US,Common Stock,NUCOR CORP
GB0004082847,0408284,Standard Chartered PLC,GBP,365895.0,0.052091,United Kingdom,22.8,Financials,Banks,11146705.0,STAN,LN,Common Stock,STANDARD CHARTERED PLC
TW0002303005,6916628,United Microelectronics Corp.,TWD,2269000.0,0.052079,Taiwan,156.0,Information Technology,Semiconductors & Semiconductor Equipment,11144085.0,2303,TT,Common Stock,UNITED MICROELECTRONICS CORP
ES0140609019,B283W97,CaixaBank SA,EUR,745008.0,0.051858,Spain,12.995,Financials,Banks,11096797.0,CABK,SM,Common Stock,CAIXABANK SA
US59156R1086,2573209,MetLife Inc.,USD,114290.0,0.051829,United States,97.04,Financials,Insurance,11090702.0,MET,US,Common Stock,METLIFE INC
NL0013654783,BJDS7L3,Prosus N.V. Class N,EUR,269611.0,0.051773,Netherlands,35.85,Consumer Discretionary,Broadline Retail,11078658.0,PRX,,Common Stock,PROSUS NV
JP3726800000,6474535,Japan Tobacco Inc.,JPY,251800.0,0.051471,Japan,6886.0,Consumer Staples,Tobacco,11014100.0,2914,JP,Common Stock,JAPAN TOBACCO INC
US3848021040,2380863,W.W. Grainger Inc.,USD,8651.0,0.051207,United States,1266.61,Industrials,Trading Companies & Distributors,10957443.0,GWW,US,Common Stock,WW GRAINGER INC
IT0003132476,7145056,Eni S.p.A.,EUR,395214.0,0.050701,Italy,23.95,Energy,Oil Gas & Consumable Fuels,10849214.0,ENI,IM,Common Stock,ENI SPA
US0758871091,2087807,Becton Dickinson and Company,USD,59849.0,0.050607,United States,180.94,Health Care,Health Care Equipment & Supplies,10829078.0,BDX,US,Common Stock,BECTON DICKINSON AND CO
FR0000130809,5966516,Societe Generale SA Class A,EUR,129801.0,0.05047,France,72.59,Financials,Banks,10799788.0,GLE,FP,Common Stock,SOCIETE GENERALE SA
US00846U1016,2520153,Agilent Technologies Inc.,USD,68870.0,0.050359,United States,156.47,Health Care,Life Sciences Tools & Services,10776089.0,A,US,Common Stock,AGILENT TECHNOLOGIES INC
FR0000052292,5253973,Hermes International SCA,EUR,7003.0,0.049946,France,1331.5,Consumer Discretionary,Textiles Apparel & Luxury Goods,10687736.0,RMS,FP,Common Stock,HERMES INTERNATIONAL
US7561091049,2724193,Realty Income Corporation,USD,188193.0,0.049831,United States,56.66,Real Estate,Retail Reits,10663015.0,O,US,REIT,REALTY INCOME CORP
US6323071042,BYQRG48,Natera Inc.,USD,28833.0,0.049773,United States,369.39,Health Care,Biotechnology,10650622.0,NTRA,US,Common Stock,NATERA INC
GB00BRXH2664,BRF6FX9,Anglogold Ashanti PLC,ZAR,106501.0,0.049669,South Africa,1627.18,Materials,Metals & Mining,10628414.0,ANG,SJ,Common Stock,ANGLOGOLD ASHANTI PLC
US0010551028,2026361,Aflac Incorporated,USD,91120.0,0.049536,United States,116.33,Financials,Insurance,10599990.0,AFL,US,Common Stock,AFLAC INC
US3453708600,2615468,Ford Motor Company,USD,802037.0,0.049512,United States,13.21,Consumer Discretionary,Automobiles,10594909.0,F,US,Common Stock,FORD MOTOR CO
CA3518581051,B29NF31,Franco-Nevada Corporation,CAD,39368.0,0.049093,Canada,373.8,Materials,Metals & Mining,10505252.0,FNV,CN,Common Stock,FRANCO-NEVADA CORP
US14149Y1082,2175672,Cardinal Health Inc.,USD,46568.0,0.049048,United States,225.38,Health Care,Health Care Providers & Services,10495496.0,CAH,US,Common Stock,CARDINAL HEALTH INC
US28176E1082,2567116,Edwards Lifesciences Corporation,USD,118458.0,0.048859,United States,88.26,Health Care,Health Care Equipment & Supplies,10455103.0,EW,US,Common Stock,EDWARDS LIFESCIENCES CORP
US74460D1090,2852533,Public Storage,USD,35218.0,0.048767,United States,296.31,Real Estate,Specialized Reits,10435446.0,PSA,US,REIT,PUBLIC STORAGE
DE000BASF111,5086577,BASF SE,EUR,176107.0,0.048694,Germany,51.62,Materials,Chemicals,10419696.0,BAS,GY,Common Stock,BASF SE
US8168511090,2138158,Sempra,USD,127967.0,0.048625,United States,81.31,Utilities,Multi-Utilities,10404997.0,SRE,US,Common Stock,SEMPRA
US03076C1062,B0J7D57,Ameriprise Financial Inc.,USD,19078.0,0.04853,United States,544.33,Financials,Capital Markets,10384728.0,AMP,US,Common Stock,AMERIPRISE FINANCIAL INC
FR0010208488,B0C2CQ3,ENGIE S.A.,EUR,376262.0,0.048431,France,24.03,Utilities,Multi-Utilities,10363455.0,ENGI,FP,Common Stock,ENGIE
US43849R1059,BN7RHB4,Honeywell Aerospace Inc,USD,62993.0,0.048161,United States,163.6,Industrials,Aerospace & Defense,10305655.0,HONA,US,Common Stock,HONEYWELL AEROSPACE INC
KYG6683N1034,BN6NP19,Nu Holdings Ltd. Class A,USD,753548.0,0.048068,Brazil,13.65,Financials,Banks,10285930.0,NU,US,,
US3167731005,2336747,Fifth Third Bancorp,USD,194281.0,0.048038,United States,52.91,Financials,Banks,10279408.0,FITB,US,Common Stock,FIFTH THIRD BANCORP
CNE1000003X6,B01FLR7,Ping An Insurance (Group) Company of China Ltd. Class H,HKD,1516000.0,0.048035,China,53.2,Financials,Insurance,10278687.0,2318,HK,,
US29364G1031,2317087,Entergy Corporation,USD,100621.0,0.047968,United States,102.01,Utilities,Electric Utilities,10264348.0,ETR,US,Common Stock,ENTERGY CORP
US1717793095,B1FLZ21,Ciena Corporation,USD,29322.0,0.047795,United States,348.8,Information Technology,Communications Equipment,10227514.0,CIEN,US,Common Stock,CIENA CORP
NL0011585146,BD6G507,Ferrari NV,EUR,25163.0,0.04768,Italy,353.75,Consumer Discretionary,Automobiles,10202798.0,RACE,IM,Common Stock,FERRARI NV
US92840M1027,BZ8VJQ8,Vistra Corp.,USD,72078.0,0.047383,United States,140.67,Utilities,Independent Power And Renewable Electricity Producers,10139212.0,VST,US,Common Stock,VISTRA CORP
US4448591028,2445063,Humana Inc.,USD,26113.0,0.047131,United States,386.22,Health Care,Health Care Providers & Services,10085363.0,HUM,US,Common Stock,HUMANA INC
GB00B0SWJX34,B0SWJX3,London Stock Exchange Group plc,GBP,91525.0,0.047125,United Kingdom,82.46,Financials,Capital Markets,10084126.0,LSEG,LN,Common Stock,LONDON STOCK EXCHANGE GROUP
KYG596691041,BGJW376,Meituan Class B,HKD,1080610.0,0.047111,China,73.2,Consumer Discretionary,Hotels Restaurants & Leisure,10081076.0,3690,HK,,
SE0000115446,B1QH830,Volvo AB Class B,SEK,298490.0,0.047071,Sweden,333.0,Industrials,Machinery,10072524.0,VOLVB,SS,Common Stock,VOLVO AB-B SHS
JP3890310000,B2Q4CS1,MS&AD Insurance Group Holdings Inc.,JPY,302900.0,0.04691,Japan,5217.0,Financials,Insurance,10037981.0,8725,JP,Common Stock,MS&AD INSURANCE GROUP HOLDIN
GB00BD6K4575,BD6K457,Compass Group PLC,USD,333297.0,0.04668,United Kingdom,29.97,Consumer Discretionary,Hotels Restaurants & Leisure,9988911.0,CPG,LN,Common Stock,COMPASS GROUP PLC
CH0126881561,B545MG5,Swiss Re AG,CHF,59130.0,0.046527,Switzerland,138.75,Financials,Insurance,9956055.0,SREN,SW,Common Stock,SWISS RE AG
JP3811000003,6356707,Fujikura Ltd,JPY,314600.0,0.046247,Japan,4952.0,Industrials,Electrical Equipment,9896135.0,5803,JP,Common Stock,FUJIKURA LTD
US0533321024,2065955,AutoZone Inc.,USD,3461.0,0.046182,United States,2855.31,Consumer Discretionary,Specialty Retail,9882228.0,AZO,US,Common Stock,AUTOZONE INC
JP3837800006,6441506,HOYA CORPORATION,JPY,68700.0,0.0461,Japan,22605.0,Health Care,Health Care Equipment & Supplies,9864783.0,7741,JP,Common Stock,HOYA CORP
CH0014852781,7437805,Swiss Life Holding AG,CHF,8795.0,0.046096,Switzerland,924.2,Financials,Insurance,9863891.0,SLHN,SW,Common Stock,SWISS LIFE HOLDING AG-REG
JP3404600003,6858946,Sumitomo Corporation,JPY,864000.0,0.046064,Japan,1796.0,Industrials,Trading Companies & Distributors,9857036.0,8053,JP,Common Stock,SUMITOMO CORP
BRVALEACNOR0,2196286,Vale S.A.,BRL,691999.0,0.045967,Brazil,73.37,Materials,Metals & Mining,9836289.0,VALE3,BZ,Common Stock,VALE SA
FR0000121667,7212477,EssilorLuxottica SA,EUR,61699.0,0.045938,France,139.0,Health Care,Health Care Equipment & Supplies,9829996.0,EL,FP,Common Stock,ESSILORLUXOTTICA
GB0002374006,0237400,Diageo plc,GBP,457342.0,0.045863,United Kingdom,16.06,Consumer Staples,Beverages,9813904.0,DGE,LN,Common Stock,DIAGEO PLC
US5024311095,BK9DTN5,L3Harris Technologies Inc,USD,39683.0,0.045859,United States,247.29,Industrials,Aerospace & Defense,9813209.0,LHX,US,Common Stock,L3HARRIS TECHNOLOGIES INC
DE0007037129,4768962,RWE AG,EUR,141290.0,0.045742,Germany,60.44,Utilities,Independent Power And Renewable Electricity Producers,9788053.0,RWE,GY,Common Stock,RWE AG
US46266C1053,BDR73G1,IQVIA Holdings Inc,USD,36652.0,0.045633,United States,266.42,Health Care,Life Sciences Tools & Services,9764826.0,IQV,US,Common Stock,IQVIA HOLDINGS INC
AU000000TCL6,6200882,Transurban Group Ltd.,AUD,1035676.0,0.045624,Australia,13.26,Industrials,Transportation Infrastructure,9762836.0,TCL,AU,Stapled Security,TRANSURBAN GROUP
ZAE000066304,6606996,FirstRand Limited,ZAR,1678135.0,0.045149,South Africa,93.87,Financials,Financial Services,9661241.0,FSR,SJ,Common Stock,FIRSTRAND LTD
GB0007908733,0790873,SSE PLC,GBP,296892.0,0.045085,United Kingdom,24.32,Utilities,Electric Utilities,9647555.0,SSE,LN,Common Stock,SSE PLC
IL0006290147,B0202H8,Teva Pharmaceutical Industries Limited,USD,247195.0,0.04503,Israel,38.98,Health Care,Pharmaceuticals,9635661.0,TEVA,IT,Common Stock,TEVA PHARMACEUTICAL IND LTD
DE000ENAG999,4942904,E.ON SE,EUR,483881.0,0.045021,Germany,17.37,Utilities,Multi-Utilities,9633827.0,EOAN,GY,Common Stock,E.ON SE
JP3200450009,6661144,ORIX Corporation,JPY,246400.0,0.044955,Japan,6146.0,Financials,Financial Services,9619656.0,8591,JP,Common Stock,ORIX CORP
US7739031091,2754060,Rockwell Automation Inc.,USD,23079.0,0.044826,United States,415.62,Industrials,Electrical Equipment,9592094.0,ROK,US,Common Stock,ROCKWELL AUTOMATION INC
CA8667961053,2566124,Sun Life Financial Inc.,CAD,118004.0,0.044796,Canada,113.79,Financials,Insurance,9585719.0,SLF,CN,Common Stock,SUN LIFE FINANCIAL INC
US6745991058,2655408,Occidental Petroleum Corporation,USD,162673.0,0.044731,United States,58.84,Energy,Oil Gas & Consumable Fuels,9571679.0,OXY,US,Common Stock,OCCIDENTAL PETROLEUM CORP
NL0000334118,5165294,ASM International N.V.,EUR,10238.0,0.044628,Netherlands,813.8,Information Technology,Semiconductors & Semiconductor Equipment,9549777.0,ASM,,Common Stock,ASM INTERNATIONAL NV
US9224751084,BFH3N85,Veeva Systems Inc. Class A,USD,36302.0,0.044144,United States,260.21,Health Care,Health Care Technology,9446143.0,VEEV,US,Common Stock,VEEVA SYSTEMS INC-CLASS A
GB00BLGZ9862,BLGZ986,Tesco PLC,GBP,1477826.0,0.043942,United Kingdom,4.762,Consumer Staples,Consumer Staples Distribution & Retail,9403032.0,TSCO,LN,Common Stock,TESCO PLC
AU0000224040,BMGT167,Woodside Energy Group Ltd,AUD,406050.0,0.043734,Australia,32.42,Energy,Oil Gas & Consumable Fuels,9358387.0,WDS,AU,Common Stock,WOODSIDE ENERGY GROUP LTD
CA15135U1093,B57FG04,Cenovus Energy Inc.,CAD,286751.0,0.043642,Canada,45.62,Energy,Oil Gas & Consumable Fuels,9338650.0,CVE,CN,Common Stock,CENOVUS ENERGY INC
US0527691069,2065159,Autodesk Inc.,USD,42804.0,0.043397,United States,216.95,Information Technology,Software,9286328.0,ADSK,US,Common Stock,AUTODESK INC
US30161N1019,2670519,Exelon Corporation,USD,219780.0,0.043209,United States,42.07,Utilities,Electric Utilities,9246145.0,EXC,US,Common Stock,EXELON CORP
AU000000RIO1,6220103,Rio Tinto Limited,AUD,77437.0,0.043089,Australia,167.49,Materials,Metals & Mining,9220319.0,RIO,AU,Common Stock,RIO TINTO LTD
US29476L1070,2319157,Vivmark Residential,USD,150132.0,0.042952,United States,61.22,Real Estate,Residential Reits,9191081.0,VMRK,US,REIT,VIVMARK RESIDENTIAL
CA94106B1013,BYVG1F6,Waste Connections Inc.,USD,58963.0,0.042801,United States,155.33,Industrials,Commercial Services & Supplies,9158723.0,WCN,US,Common Stock,WASTE CONNECTIONS INC
US04626A1034,BMTQ7V2,Astera Labs Inc.,USD,30112.0,0.042673,United States,303.25,Information Technology,Semiconductors & Semiconductor Equipment,9131464.0,ALAB,US,Common Stock,ASTERA LABS INC
CH0114405324,B3Z5T14,Garmin Ltd.,USD,33276.0,0.042618,United States,274.06,Consumer Discretionary,Household Durables,9119621.0,GRMN,US,Common Stock,GARMIN LTD
US6541061031,2640147,NIKE Inc. Class B,USD,256065.0,0.042493,United States,35.51,Consumer Discretionary,Textiles Apparel & Luxury Goods,9092868.0,NKE,US,Common Stock,NIKE INC -CL B
CA45823T1066,B04YJV1,Intact Financial Corporation,CAD,49187.0,0.042392,Canada,258.34,Financials,Insurance,9071223.0,IFC,CN,Common Stock,INTACT FINANCIAL CORP
US1696561059,B0X7DZ3,Chipotle Mexican Grill Inc.,USD,271053.0,0.042345,United States,33.43,Consumer Discretionary,Hotels Restaurants & Leisure,9061302.0,CMG,US,Common Stock,CHIPOTLE MEXICAN GRILL INC
BRITUBACNPR1,B037HR3,Itau Unibanco Holding SA Pfd,BRL,1102868.0,0.042266,Brazil,42.33,Financials,Banks,9044387.0,ITUB4,BZ,Preference,ITAU UNIBANCO HOLDING S-PREF
US2786421030,2293819,eBay Inc.,USD,80626.0,0.042139,United States,111.84,Consumer Discretionary,Broadline Retail,9017212.0,EBAY,US,Common Stock,EBAY INC
US98389B1008,2614807,Xcel Energy Inc.,USD,124474.0,0.042057,United States,72.3,Utilities,Electric Utilities,8999470.0,XEL,US,Common Stock,XCEL ENERGY INC
TW0002887007,6451680,TS Financial Holding Co. Ltd.,TWD,6433393.0,0.042027,Taiwan,44.4,Financials,Banks,8993079.0,2887,TT,Common Stock,TS FINANCIAL HOLDING CO LTD
US7607591002,2262530,Republic Services Inc.,USD,41063.0,0.041847,United States,218.07,Industrials,Commercial Services & Supplies,8954608.0,RSG,US,Common Stock,REPUBLIC SERVICES INC
JP3732000009,BF5M0K5,SoftBank Corp.,JPY,5677800.0,0.041817,Japan,248.1,Communication Services,Wireless Telecommunication Services,8948148.0,9434,JP,Common Stock,SOFTBANK CORP
KYG6427A1022,BM93SF4,Netease Inc,HKD,382120.0,0.041785,China,183.6,Communication Services,Entertainment,8941271.0,9999,HK,,
US12504L1098,B6WVMH3,CBRE Group Inc. Class A,USD,63850.0,0.041625,United States,139.5,Real Estate,Real Estate Management & Development,8907075.0,CBRE,US,Common Stock,CBRE GROUP INC - A
NL0011794037,BD0Q398,Koninklijke Ahold Delhaize N.V.,EUR,244671.0,0.041414,Netherlands,31.6,Consumer Staples,Consumer Staples Distribution & Retail,8861964.0,AD,,Common Stock,KONINKLIJKE AHOLD DELHAIZE N
US6311031081,2965107,Nasdaq Inc.,USD,94735.0,0.041412,United States,93.54,Financials,Capital Markets,8861512.0,NDAQ,US,Common Stock,NASDAQ INC
US5949724083,2974329,Strategy Inc Class A,USD,57527.0,0.041379,United States,153.92,Information Technology,Software,8854556.0,MSTR,US,Common Stock,STRATEGY INC
SG9999000020,2353058,Flex Ltd,USD,80858.0,0.041002,United States,108.51,Information Technology,Electronic Equipment Instruments & Components,8773902.0,FLEX,US,Common Stock,FLEX LTD
TW0003037008,6137720,Unimicron Technology Corp.,TWD,284037.0,0.040996,Taiwan,981.0,Information Technology,Electronic Equipment Instruments & Components,8772619.0,3037,TT,Common Stock,UNIMICRON TECHNOLOGY CORP
BRPETRACNOR9,2682365,Petroleo Brasileiro SA,BRL,847504.0,0.040982,Brazil,53.41,Energy,Oil Gas & Consumable Fuels,8769434.0,PETR3,BZ,Common Stock,PETROBRAS - PETROLEO BRAS
TW0002891009,6527666,CTBC Financial Holding Company Ltd.,TWD,3986560.0,0.040765,Taiwan,69.5,Financials,Banks,8723052.0,2891,TT,Common Stock,CTBC FINANCIAL HOLDING CO LT
US19260Q1076,BMC9P69,Coinbase Global Inc. Class A,USD,44716.0,0.040592,United States,194.25,Financials,Capital Markets,8686083.0,COIN,US,Common Stock,COINBASE GLOBAL INC -CLASS A
CA01626P1484,BL56KN2,Alimentation Couche-Tard Inc.,CAD,153808.0,0.040547,Canada,79.02,Consumer Staples,Consumer Staples Distribution & Retail,8676405.0,ATD,CN,Common Stock,ALIMENTATION COUCHE-TARD INC
CH0013841017,7333378,Lonza Group AG,CHF,13085.0,0.040487,Switzerland,545.6,Health Care,Life Sciences Tools & Services,8663522.0,LONN,SW,Common Stock,LONZA GROUP AG-REG
CA21037X1006,B15C4L6,Constellation Software Inc.,CAD,4264.0,0.040443,Canada,2843.09,Information Technology,Software,8654295.0,CSU,CN,Common Stock,CONSTELLATION SOFTWARE INC
TW0002885001,6424110,Yuanta Financial Holding Co. Ltd.,TWD,3919834.0,0.040371,Taiwan,70.0,Financials,Financial Services,8638752.0,2885,TT,Common Stock,YUANTA FINANCIAL HOLDING CO
US70450Y1038,BYW36M8,PayPal Holdings Inc.,USD,164684.0,0.040335,United States,52.41,Financials,Financial Services,8631088.0,PYPL,US,Common Stock,PAYPAL HOLDINGS INC
JP3877600001,6569464,Marubeni Corporation,JPY,272900.0,0.040311,Japan,4976.0,Industrials,Trading Companies & Distributors,8626015.0,8002,JP,Common Stock,MARUBENI CORP
TW0002383007,6316121,Elite Material Co. Ltd.,TWD,56000.0,0.04029,Taiwan,4890.0,Information Technology,Electronic Equipment Instruments & Components,8621488.0,2383,TT,Common Stock,ELITE MATERIAL CO LTD
SA14TG012N13,BJTM270,Saudi Arabian Oil Co.,SAR,1264988.0,0.040226,Saudi Arabia,25.56,Energy,Oil Gas & Consumable Fuels,8607697.0,ARAMCO,AB,Common Stock,SAUDI ARABIAN OIL CO
FR0000120644,B1Y9TB3,Danone SA,EUR,123992.0,0.040208,France,60.54,Consumer Staples,Food Products,8603923.0,BN,FP,Common Stock,DANONE
US45168D1046,2459202,IDEXX Laboratories Inc.,USD,16811.0,0.040196,United States,511.65,Health Care,Health Care Equipment & Supplies,8601348.0,IDXX,US,Common Stock,IDEXX LABORATORIES INC
FR0010307819,B11ZRK9,Legrand SA,EUR,55235.0,0.040178,France,135.8,Industrials,Electrical Equipment,8597548.0,LR,FP,Common Stock,LEGRAND SA
JP3476480003,B601QS4,Daiichi Life Group. Inc.,JPY,706400.0,0.040126,Japan,1913.5,Financials,Insurance,8586288.0,8750,JP,Common Stock,DAIICHI LIFE GROUP INC
US92276F1003,2927925,Ventas Inc.,USD,98746.0,0.040004,United States,86.69,Real Estate,Health Care Reits,8560291.0,VTR,US,REIT,VENTAS INC
US1468691027,BYQHPG3,Carvana Co. Class A,USD,131375.0,0.039974,United States,65.11,Consumer Discretionary,Specialty Retail,8553826.0,CVNA,US,Common Stock,CARVANA CO
US31488V1070,BS6VHW3,Ferguson Enterprises Inc.,USD,39771.0,0.039854,United States,214.43,Industrials,Trading Companies & Distributors,8528096.0,FERG,US,Common Stock,FERGUSON ENTERPRISES INC
US25278X1090,B7Y8YR3,Diamondback Energy Inc.,USD,44087.0,0.039644,United States,192.42,Energy,Oil Gas & Consumable Fuels,8483221.0,FANG,US,Common Stock,DIAMONDBACK ENERGY INC
US49271V1008,BD3W133,Keurig Dr Pepper Inc.,USD,273711.0,0.039601,United States,30.96,Consumer Staples,Beverages,8474093.0,KDP,US,Common Stock,KEURIG DR PEPPER INC
AT0000652011,5289837,Erste Group Bank AG,EUR,62227.0,0.039598,Austria,118.8,Financials,Banks,8473361.0,EBS,AV,Common Stock,ERSTE GROUP BANK AG
CA7063271034,B4PT2P8,Pembina Pipeline Corporation,CAD,178352.0,0.039574,Canada,66.51,Energy,Oil Gas & Consumable Fuels,8468156.0,PPL,CN,Common Stock,PEMBINA PIPELINE CORP
JP3854600008,6435145,Honda Motor Co. Ltd.,JPY,788300.0,0.039524,Japan,1689.0,Consumer Discretionary,Automobiles,8457606.0,7267,JP,Common Stock,HONDA MOTOR CO LTD
SE0017486889,BLDBN41,Atlas Copco AB Class A,SEK,422716.0,0.039476,Sweden,197.2,Industrials,Machinery,8447338.0,ATCOA,SS,Common Stock,ATLAS COPCO AB-A SHS
ES0173516115,5669354,Repsol SA,EUR,247760.0,0.039296,Spain,29.61,Energy,Oil Gas & Consumable Fuels,8408723.0,REP,SM,Common Stock,REPSOL SA
US5950171042,2592174,Microchip Technology Incorporated,USD,114404.0,0.039173,United States,73.27,Information Technology,Semiconductors & Semiconductor Equipment,8382381.0,MCHP,US,Common Stock,MICROCHIP TECHNOLOGY INC
BRPETRACNPR6,2684532,Petroleo Brasileiro SA Pfd,BRL,891696.0,0.039155,Brazil,48.5,Energy,Oil Gas & Consumable Fuels,8378491.5,PETR4,BZ,Preference,PETROBRAS - PETROLEO BRAS-PR
US64110D1046,2630643,NetApp Inc.,USD,42104.0,0.038917,United States,197.79,Information Technology,Technology Hardware Storage & Peripherals,8327750.0,NTAP,US,Common Stock,NETAPP INC
JP3733000008,6640400,NEC Corporation,JPY,272300.0,0.038897,Japan,4812.0,Information Technology,It Services,8323376.5,6701,JP,Common Stock,NEC CORP
JP3818000006,6356945,Fujitsu Limited,JPY,329200.0,0.038885,Japan,3979.0,Information Technology,It Services,8320703.0,6702,JP,Common Stock,FUJITSU LIMITED
SE0000667891,B1VQ252,Sandvik AB,SEK,221779.0,0.03885,Sweden,369.9,Industrials,Machinery,8313215.0,SAND,SS,Common Stock,SANDVIK AB
US45841N1072,B1WT4X2,Interactive Brokers Group Inc. Class A,USD,91627.0,0.038833,United States,90.69,Financials,Capital Markets,8309652.5,IBKR,US,Common Stock,INTERACTIVE BROKERS GRO-CL A
US7223041028,BYVW0F7,PDD Holdings Inc. Sponsored ADR Class A,USD,105289.0,0.038822,China,78.9,Consumer Discretionary,Broadline Retail,8307302.0,PDD,US,,
US5926881054,2126249,Mettler-Toledo International Inc.,USD,5963.0,0.038799,United States,1392.32,Health Care,Life Sciences Tools & Services,8302404.0,MTD,US,Common Stock,METTLER-TOLEDO INTERNATIONAL
CH0012214059,7110753,Holcim Ltd,CHF,101090.0,0.038731,Switzerland,67.56,Materials,Construction Materials,8287895.0,HOLN,SW,Common Stock,HOLCIM LTD
IT0000062072,4056719,Assicurazioni Generali S.p.A.,EUR,159580.0,0.038705,Italy,45.28,Financials,Insurance,8282192.0,G,IM,Common Stock,GENERALI
AEE000401019,6322173,Emirates Telecommunications Group Company PJSC,AED,1399012.0,0.03845,United Arab Emirates,21.6,Communication Services,Diversified Telecommunication Services,8227690.5,EAND,UH,Common Stock,EMIRATES TELECOM GROUP CO
US7766961061,2749602,Roper Technologies Inc.,USD,22069.0,0.038442,United States,372.74,Information Technology,Software,8225999.0,ROP,US,Common Stock,ROPER TECHNOLOGIES INC
FR0000125007,7380482,Compagnie de Saint-Gobain SA,EUR,103768.0,0.038419,France,69.12,Industrials,Building Products,8221056.0,SGO,FP,Common Stock,COMPAGNIE DE SAINT GOBAIN
US8718291078,2868165,Sysco Corporation,USD,103938.0,0.038397,United States,79.05,Consumer Staples,Consumer Staples Distribution & Retail,8216299.0,SYY,US,Common Stock,SYSCO CORP
US8522341036,BYNZGK1,Block Inc. Class A,USD,107621.0,0.038364,United States,76.28,Financials,Financial Services,8209330.0,XYZ,US,Common Stock,BLOCK INC
CA15101Q2071,BSCB6L9,Celestica Inc.,CAD,24713.0,0.038348,Canada,465.13,Information Technology,Electronic Equipment Instruments & Components,8205853.0,CLS,CN,Common Stock,CELESTICA INC
US81141R1005,BYWD7L4,Sea Limited Sponsored ADR Class A,USD,79442.0,0.03779,Singapore,101.79,Consumer Discretionary,Broadline Retail,8086401.0,SE,US,,
GB00BSZBP530,BSZBP53,Reckitt Benckiser Group plc,GBP,122703.0,0.037757,United Kingdom,49.28,Consumer Staples,Household Products,8079436.5,RKT,LN,Common Stock,RECKITT BENCKISER GROUP PLC
US9418481035,2937689,Waters Corporation,USD,19130.0,0.037693,United States,421.63,Health Care,Life Sciences Tools & Services,8065782.0,WAT,US,Common Stock,WATERS CORP
US0268747849,2027342,American International Group Inc.,USD,106849.0,0.037614,United States,75.33,Financials,Insurance,8048935.0,AIG,US,Common Stock,AMERICAN INTERNATIONAL GROUP
US7443201022,2819118,Prudential Financial Inc.,USD,67825.0,0.037528,United States,118.4,Financials,Insurance,8030480.0,PRU,US,Common Stock,PRUDENTIAL FINANCIAL INC
FR0000133308,5176177,Orange SA,EUR,466008.0,0.037517,France,15.03,Communication Services,Diversified Telecommunication Services,8028099.5,ORA,FP,Common Stock,ORANGE
TW0002884004,6433912,E.SUN Financial Holding Co. Ltd.,TWD,5494815.0,0.037512,Taiwan,46.4,Financials,Banks,8027058.0,2884,TT,Common Stock,E.SUN FINANCIAL HOLDING CO
JP3249600002,6499260,Kyocera Corporation,JPY,346800.0,0.037443,Japan,3637.0,Information Technology,Electronic Equipment Instruments & Components,8012142.5,6971,JP,Common Stock,KYOCERA CORP
US55354G1004,B2972D2,MSCI Inc. Class A,USD,14488.0,0.037432,United States,552.87,Financials,Capital Markets,8009980.5,MSCI,US,Common Stock,MSCI INC
US0394831020,2047317,Archer-Daniels-Midland Company,USD,93891.0,0.037375,United States,85.18,Consumer Staples,Food Products,7997635.5,ADM,US,Common Stock,ARCHER-DANIELS-MIDLAND CO
US2091151041,2216850,Consolidated Edison Inc.,USD,75660.0,0.037278,United States,105.43,Utilities,Multi-Utilities,7976834.0,ED,US,Common Stock,CONSOLIDATED EDISON INC
GB00BMX86B70,BMX86B7,Haleon PLC,GBP,1745828.0,0.03714,United Kingdom,3.407,Health Care,Pharmaceuticals,7947468.0,HLN,LN,Common Stock,HALEON PLC
CA67077M1086,BDRJLN0,Nutrien Ltd.,CAD,103044.0,0.03711,Canada,107.95,Materials,Chemicals,7940890.0,NTR,CN,Common Stock,NUTRIEN LTD
ZAE000018123,6280215,Gold Fields Limited,ZAR,187127.0,0.036941,South Africa,688.78,Materials,Metals & Mining,7904896.5,GFI,SJ,Common Stock,GOLD FIELDS LTD
IL0006046119,6076425,Bank Leumi Le-Israel B.M.,ILS,306700.0,0.036866,Israel,78.11,Financials,Banks,7888808.5,LUMI,IT,Common Stock,BANK LEUMI LE-ISRAEL
CA3039011026,2566351,Fairfax Financial Holdings Limited,CAD,4907.0,0.03675,Canada,2244.95,Financials,Insurance,7864056.0,FFH,CN,Common Stock,FAIRFAX FINANCIAL HLDGS LTD
CA13321L1085,2166160,Cameco Corporation,CAD,85709.0,0.036628,Canada,128.1,Energy,Oil Gas & Consumable Fuels,7837895.5,CCO,CN,Common Stock,CAMECO CORP
INE018A01030,B0166K8,Larsen & Toubro Limited,INR,194356.0,0.036566,India,3860.0,Industrials,Construction & Engineering,7824511.5,LT,IN,Common Stock,LARSEN & TOUBRO LTD
JP3946750001,BYT8165,Japan Post Bank Co. Ltd.,JPY,376700.0,0.0365,Japan,3264.0,Financials,Banks,7810377.5,7182,JP,Common Stock,JAPAN POST BANK CO LTD
JP3407400005,6858708,Sumitomo Electric Industries Ltd.,JPY,588700.0,0.036358,Japan,2080.5,Consumer Discretionary,Automobile Components,7780151.0,5802,JP,Common Stock,SUMITOMO ELECTRIC INDUSTRIES
US98138H1014,B8K6ZD1,Workday Inc. Class A,USD,40121.0,0.03635,United States,193.87,Information Technology,Software,7778258.5,WDAY,US,Common Stock,WORKDAY INC-CLASS A
US14448C1045,BK4N0D7,Carrier Global Corp.,USD,144290.0,0.036331,United States,53.88,Industrials,Building Products,7774345.0,CARR,US,Common Stock,CARRIER GLOBAL CORP
US7731211089,BT6C8Z3,Rocket Lab Corporation,USD,119427.0,0.036037,United States,64.57,Industrials,Aerospace & Defense,7711401.5,RKLB,US,Common Stock,ROCKET LAB CORP
US90138F1021,BD6P5Q0,Twilio Inc. Class A,USD,31613.0,0.036024,United States,243.84,Information Technology,It Services,7708514.0,TWLO,US,Common Stock,TWILIO INC - A
CH0010645932,5980613,Givaudan SA,CHF,1952.0,0.035966,Switzerland,3249.0,Materials,Chemicals,7696193.5,GIVN,SW,Common Stock,GIVAUDAN-REG
IT0004176001,B1W4V69,Prysmian S.p.A.,EUR,54825.0,0.03596,Italy,122.45,Industrials,Electrical Equipment,7694809.0,PRY,IM,Common Stock,PRYSMIAN SPA
US8740541094,2122117,Take-Two Interactive Software Inc.,USD,37304.0,0.035816,United States,205.45,Communication Services,Entertainment,7664107.0,TTWO,US,Common Stock,TAKE-TWO INTERACTIVE SOFTWRE
CH0418792922,BF2DSG3,Sika AG,CHF,34474.0,0.03567,Switzerland,182.45,Materials,Chemicals,7632766.5,SIKA,SW,Common Stock,SIKA AG-REG
US7043261079,2674458,Paychex Inc.,USD,65678.0,0.035647,United States,116.14,Industrials,Professional Services,7627843.0,PAYX,US,Common Stock,PAYCHEX INC
CH1335392721,BRC2T72,Galderma Group AG,CHF,39645.0,0.035557,Switzerland,158.15,Health Care,Pharmaceuticals,7608588.0,GALD,SW,Common Stock,GALDERMA GROUP AG
JP3538800008,6869302,TDK Corporation,JPY,420100.0,0.03548,Japan,2845.0,Information Technology,Electronic Equipment Instruments & Components,7592088.5,6762,JP,Common Stock,TDK CORP
JP3304200003,6496584,Komatsu Ltd.,JPY,170400.0,0.035469,Japan,7012.0,Industrials,Machinery,7589930.0,6301,JP,Common Stock,KOMATSU LTD
DK0060079531,B1WT5G2,DSV A/S,DKK,38865.0,0.035464,Denmark,1273.5,Industrials,Air Freight & Logistics,7588865.0,DSV,DC,Common Stock,DSV A/S
INE296A01032,BTFGH15,Bajaj Finance Limited,INR,708416.0,0.035461,India,1027.0,Financials,Consumer Finance,7588060.5,BAF,IN,Common Stock,BAJAJ FINANCE LTD
JP3164720009,6635677,Renesas Electronics Corporation,JPY,360900.0,0.035451,Japan,3309.0,Information Technology,Semiconductors & Semiconductor Equipment,7585948.5,6723,JP,Common Stock,RENESAS ELECTRONICS CORP
DK0010274414,4588825,Danske Bank A/S,DKK,131755.0,0.03544,Denmark,375.4,Financials,Banks,7583690.0,DANSKE,DC,Common Stock,DANSKE BANK A/S
INE238A01034,BPFJHC7,Axis Bank Limited,INR,585633.0,0.03542,India,1240.9,Financials,Banks,7579391.0,AXSB,IN,Common Stock,AXIS BANK LTD
US2521311074,B0796X4,DexCom Inc.,USD,84550.0,0.035304,United States,89.35,Health Care,Health Care Equipment & Supplies,7554542.5,DXCM,US,Common Stock,DEXCOM INC
CA7392391016,2697701,Power Corporation of Canada,CAD,111164.0,0.035068,Canada,94.56,Financials,Insurance,7504046.0,POW,CN,Common Stock,POWER CORP OF CANADA
MXP370841019,2643674,Grupo Mexico S.A.B. de C.V. Class B,MXN,613022.0,0.035016,Mexico,210.72,Materials,Metals & Mining,7492807.5,GMEXICOB,MM,Common Stock,GRUPO MEXICO SAB DE CV-SER B
US4165151048,2476193,Hartford Insurance Group Inc.,USD,56537.0,0.034847,United States,131.89,Financials,Insurance,7456665.0,HIG,US,Common Stock,HARTFORD INSURANCE GROUP INC
SE0017486897,BLDBN52,Atlas Copco AB Class B,SEK,429966.0,0.034829,Sweden,171.05,Industrials,Machinery,7452834.5,ATCOB,SS,Common Stock,ATLAS COPCO AB-B SHS
TW0002881000,6411673,Fubon Financial Holding Co. Ltd.,TWD,1570349.0,0.034772,Taiwan,150.5,Financials,Insurance,7440772.0,2881,TT,Common Stock,FUBON FINANCIAL HOLDING CO
US23331A1097,2250687,D.R. Horton Inc.,USD,53898.0,0.034764,United States,138.02,Consumer Discretionary,Household Durables,7439002.0,DHI,US,Common Stock,DR HORTON INC
US9884981013,2098876,Yum! Brands Inc.,USD,53586.0,0.034555,United States,137.99,Consumer Discretionary,Hotels Restaurants & Leisure,7394332.0,YUM,US,Common Stock,YUM! BRANDS INC
GB00B19NLV48,B19NLV4,Experian PLC,GBP,201831.0,0.034367,United Kingdom,27.27,Industrials,Professional Services,7354078.0,EXPN,LN,Common Stock,EXPERIAN PLC
US4523271090,2613990,Illumina Inc.,USD,30519.0,0.034175,United States,239.62,Health Care,Life Sciences Tools & Services,7312963.0,ILMN,US,Common Stock,ILLUMINA INC
GB00B1YW4409,B1YW440,3i Group plc,GBP,203861.0,0.033911,United Kingdom,26.64,Financials,Capital Markets,7256438.5,III,LN,Common Stock,3I GROUP PLC
US8793601050,2503477,Teledyne Technologies Incorporated,USD,12007.0,0.033861,United States,603.46,Information Technology,Electronic Equipment Instruments & Components,7245744.0,TDY,US,Common Stock,TELEDYNE TECHNOLOGIES INC
JP3802400006,6356934,Fanuc Corporation,JPY,194400.0,0.033771,Japan,5852.0,Industrials,Machinery,7226481.0,6954,JP,Common Stock,FANUC CORP
BMG0450A1053,2740542,Arch Capital Group Ltd.,USD,74331.0,0.033656,United States,96.89,Financials,Insurance,7201930.5,ACGL,US,Common Stock,ARCH CAPITAL GROUP LTD
BE0003565737,4497749,KBC Group N.V.,EUR,47898.0,0.033635,Belgium,131.1,Financials,Banks,7197480.5,KBC,BB,Common Stock,KBC GROUP NV
INE101A01026,6100186,Mahindra & Mahindra Ltd.,INR,225590.0,0.033569,India,3053.05,Consumer Discretionary,Automobiles,7183328.5,MM,IN,Common Stock,MAHINDRA & MAHINDRA LTD
NO0010096985,7133608,Equinor ASA,NOK,161737.0,0.033561,Norway,419.0,Energy,Oil Gas & Consumable Fuels,7181531.0,EQNR,NO,Common Stock,EQUINOR ASA
US46284V1017,BVFTF03,Iron Mountain Inc.,USD,62731.0,0.033519,United States,114.34,Real Estate,Specialized Reits,7172662.5,IRM,US,REIT,IRON MOUNTAIN INC
US29084Q1004,2474164,EMCOR Group Inc.,USD,9559.0,0.033508,United States,750.09,Industrials,Construction & Engineering,7170110.5,EME,US,Common Stock,EMCOR GROUP INC
US05464C1018,BDT5S35,Axon Enterprise Inc,USD,16005.0,0.03349,United States,447.76,Industrials,Aerospace & Defense,7166399.0,AXON,US,Common Stock,AXON ENTERPRISE INC
CH1243598427,BLPLD38,Sandoz Group Ltd,CHF,86057.0,0.033489,Switzerland,68.62,Health Care,Pharmaceuticals,7166108.5,SDZ,SW,Common Stock,SANDOZ GROUP AG
US2600031080,2278407,Dover Corporation,USD,38196.0,0.033454,United States,187.42,Industrials,Machinery,7158694.5,DOV,US,Common Stock,DOVER CORP
US69351T1060,2680905,PPL Corporation,USD,214548.0,0.033428,United States,33.34,Utilities,Electric Utilities,7153030.5,PPL,US,Common Stock,PPL CORP
US22822V1017,BTGQCX1,Crown Castle Inc.,USD,97762.0,0.033378,United States,73.06,Real Estate,Specialized Reits,7142491.5,CCI,US,REIT,CROWN CASTLE INC
US49177J1025,BQ84ZQ6,Kenvue Inc.,USD,400907.0,0.033368,United States,17.81,Consumer Staples,Personal Care Products,7140153.5,KVUE,US,Common Stock,KENVUE INC
US74624M1027,BYZ62T3,Everpure Inc. Class A,USD,68440.0,0.033308,United States,104.14,Information Technology,Technology Hardware Storage & Peripherals,7127341.5,P,US,Common Stock,EVERPURE INC-A
CA3495531079,2347200,Fortis Inc.,CAD,131707.0,0.033297,Canada,75.78,Utilities,Electric Utilities,7125040.5,FTS,CN,Common Stock,FORTIS INC
US15135B1017,2807061,Centene Corporation,USD,109113.0,0.0332,United States,65.11,Health Care,Health Care Providers & Services,7104347.5,CNC,US,Common Stock,CENTENE CORP
JP3500610005,6421553,Resona Holdings Inc.,JPY,455300.0,0.033134,Japan,2451.5,Financials,Banks,7090156.5,8308,JP,Common Stock,RESONA HOLDINGS INC
TW0002890001,6525875,SinoPac Financial Holdings Co. Ltd.,TWD,4971589.0,0.033099,Taiwan,45.25,Financials,Banks,7082704.5,2890,TT,Common Stock,SINOPAC FINANCIAL HOLDINGS
NL0000226223,5962332,STMicroelectronics NV,EUR,142185.0,0.033096,France,43.455,Information Technology,Semiconductors & Semiconductor Equipment,7081968.5,STMPA,FP,Common Stock,STMICROELECTRONICS NV
DE0007100000,5529027,Mercedes-Benz Group AG,EUR,140196.0,0.033038,Germany,43.995,Consumer Discretionary,Automobiles,7069673.5,MBG,GY,Common Stock,MERCEDES-BENZ GROUP AG
US7445731067,2707677,Public Service Enterprise Group Inc,USD,101120.0,0.03297,United States,69.77,Utilities,Multi-Utilities,7055142.5,PEG,US,Common Stock,PUBLIC SERVICE ENTERPRISE GP
JP3165000005,B62G7K6,Sompo HoldingsInc.,JPY,160900.0,0.032914,Japan,6891.0,Financials,Insurance,7043111.5,8630,JP,Common Stock,SOMPO HOLDINGS INC
AU000000WOW2,6981239,Woolworths Group Ltd,AUD,258694.0,0.032856,Australia,38.23,Consumer Staples,Consumer Staples Distribution & Retail,7030710.0,WOW,AU,Common Stock,WOOLWORTHS GROUP LTD
AU000000GMG2,B03FYZ4,Goodman Group,AUD,384309.0,0.03271,Australia,25.62,Real Estate,Industrial Reits,6999519.5,GMG,AU,Stapled Security,GOODMAN GROUP
US1713401024,2195841,Church & Dwight Co. Inc.,USD,73641.0,0.032607,United States,94.75,Consumer Staples,Household Products,6977485.0,CHD,US,Common Stock,CHURCH & DWIGHT CO INC
US40434L1052,BYX4D52,HP Inc.,USD,202286.0,0.032519,United States,34.4,Information Technology,Technology Hardware Storage & Peripherals,6958638.5,HPQ,US,Common Stock,HP INC
US09062X1037,2455965,Biogen Inc.,USD,32281.0,0.03251,United States,215.5,Health Care,Biotechnology,6956555.5,BIIB,US,Common Stock,BIOGEN INC
TW0001303006,6621580,Nan Ya Plastics Corporation,TWD,926470.0,0.032442,Taiwan,238.0,Materials,Chemicals,6942144.5,1303,TT,Common Stock,NAN YA PLASTICS CORP
JP3481800005,6250724,DAIKIN INDUSTRIES LTD.,JPY,52600.0,0.032385,Japan,20740.0,Industrials,Building Products,6929801.0,6367,JP,Common Stock,DAIKIN INDUSTRIES LTD
ZAE000351946,BV2FFX7,Naspers Limited Class N,ZAR,157902.0,0.03234,South Africa,714.6,Consumer Discretionary,Broadline Retail,6920377.5,NPN,SJ,Common Stock,NASPERS LTD-N SHS
US76155X1000,BL71K91,Revolution Medicines Inc.,USD,36234.0,0.032333,United States,190.95,Health Care,Biotechnology,6918882.5,RVMD,US,Common Stock,REVOLUTION MEDICINES INC
TW0002382009,6141011,Quanta Computer Inc.,TWD,636000.0,0.032096,Taiwan,343.0,Information Technology,Technology Hardware Storage & Peripherals,6868100.0,2382,TT,Common Stock,QUANTA COMPUTER INC
HK0992009065,6218089,Lenovo Group Limited,HKD,1422000.0,0.031827,China,37.58,Information Technology,Technology Hardware Storage & Peripherals,6810565.5,992,HK,,
TW0003017000,6544892,Asia Vital Components Co. Ltd.,TWD,63000.0,0.031793,Taiwan,3430.0,Information Technology,Technology Hardware Storage & Peripherals,6803305.5,3017,TT,Common Stock,ASIA VITAL COMPONENTS
SE0000148884,4813345,Skandinaviska Enskilda Banken AB Class A,SEK,293048.0,0.031614,Sweden,227.8,Financials,Banks,6764828.5,SEBA,SS,Common Stock,SKANDINAVISKA ENSKILDA BAN-A
CA4969024047,B03Z841,Kinross Gold Corporation,CAD,241258.0,0.031591,Canada,39.25,Materials,Metals & Mining,6759977.5,K,CN,Common Stock,KINROSS GOLD CORP
LU1598757687,BYPBS67,ArcelorMittal SA,EUR,93198.0,0.03151,France,63.12,Materials,Metals & Mining,6742702.5,MTP,FP,Common Stock,ARCELORMITTAL
GB0004544929,0454492,Imperial Brands PLC,GBP,202176.0,0.031459,United Kingdom,24.92,Consumer Staples,Tobacco,6731825.0,IMB,LN,Common Stock,IMPERIAL BRANDS PLC
US5010441013,2497406,Kroger Co.,USD,112140.0,0.031443,United States,60.0,Consumer Staples,Consumer Staples Distribution & Retail,6728400.0,KR,US,Common Stock,KROGER CO
JP3830800003,6132101,Bridgestone Corporation,JPY,283600.0,0.031402,Japan,3730.0,Consumer Discretionary,Automobile Components,6719567.5,5108,JP,Common Stock,BRIDGESTONE CORP
JP3548600000,6270948,Disco Corporation,JPY,20000.0,0.031122,Japan,52420.0,Information Technology,Semiconductors & Semiconductor Equipment,6659679.0,6146,JP,Common Stock,DISCO CORP
US4943681035,2491839,Kimberly-Clark Corporation,USD,67972.0,0.031085,United States,97.86,Consumer Staples,Household Products,6651740.0,KMB,US,Common Stock,KIMBERLY-CLARK CORP
US7710491033,BMWBC20,Roblox Corp. Class A,USD,139057.0,0.031076,United States,47.82,Communication Services,Entertainment,6649705.5,RBLX,US,Common Stock,ROBLOX CORP -CLASS A
US7458671010,2708841,PulteGroup Inc.,USD,56630.0,0.031032,United States,117.26,Consumer Discretionary,Household Durables,6640434.0,PHM,US,Common Stock,PULTEGROUP INC
CA25675T1075,B4TP9G2,Dollarama Inc.,CAD,53292.0,0.030967,Canada,174.18,Consumer Discretionary,Broadline Retail,6626499.5,DOL,CN,Common Stock,DOLLARAMA INC
INE009A01021,6205122,Infosys Limited,INR,604743.0,0.030954,India,1050.15,Information Technology,It Services,6623600.5,INFO,IN,Common Stock,INFOSYS LTD
IL0006625771,6075808,Bank Hapoalim BM,ILS,251509.0,0.030936,Israel,79.93,Financials,Banks,6619943.5,POLI,IT,Common Stock,BANK HAPOALIM BM
US02043Q1076,B00FWN1,Alnylam Pharmaceuticals Inc,USD,27539.0,0.03083,United States,239.56,Health Care,Biotechnology,6597243.0,ALNY,US,Common Stock,ALNYLAM PHARMACEUTICALS INC
SE0000242455,4846523,Swedbank AB Class A,SEK,161659.0,0.030806,Sweden,402.4,Financials,Banks,6592075.5,SWEDA,SS,Common Stock,SWEDBANK AB - A SHARES
US6658591044,2648668,Northern Trust Corporation,USD,36997.0,0.030756,United States,177.89,Financials,Capital Markets,6581396.5,NTRS,US,Common Stock,NORTHERN TRUST CORP
US26884L1098,2319414,EQT Corporation,USD,131562.0,0.030741,United States,50.0,Energy,Oil Gas & Consumable Fuels,6578100.0,EQT,US,Common Stock,EQT CORP
US6792951054,BDFZSP1,Okta Inc. Class A,USD,36019.0,0.030697,United States,182.37,Information Technology,It Services,6568785.0,OKTA,US,Common Stock,OKTA INC
SG1M31001969,6916781,United Overseas Bank Limited,SGD,199813.0,0.030521,Singapore,41.78,Financials,Banks,6530950.0,UOB,SP,Common Stock,UNITED OVERSEAS BANK LTD
NL0015001FS8,BRS7CF0,Ferrovial N.V.,EUR,119263.0,0.030491,Spain,47.73,Industrials,Construction & Engineering,6524655.5,FER,SM,Common Stock,FERROVIAL NV
INE733E01010,B037HF1,NTPC Limited,INR,1928925.0,0.030461,India,324.0,Utilities,Independent Power And Renewable Electricity Producers,6518269.5,NTPC,IN,Common Stock,NTPC LTD
KYG254571055,BLD13F2,Credo Technology Group Holding Ltd.,USD,37056.0,0.030459,United States,175.89,Information Technology,Semiconductors & Semiconductor Equipment,6517780.0,CRDO,US,Common Stock,CREDO TECHNOLOGY GROUP HOLDI
JP3519400000,6196408,Chugai Pharmaceutical Co. Ltd.,JPY,151300.0,0.030299,Japan,6746.0,Health Care,Pharmaceuticals,6483530.5,4519,JP,Common Stock,CHUGAI PHARMACEUTICAL CO LTD
US9291601097,2931205,Vulcan Materials Company,USD,26738.0,0.030092,United States,240.83,Materials,Construction Materials,6439312.5,VMC,US,Common Stock,VULCAN MATERIALS CO
CH0432492467,BJT1GR5,Alcon AG,CHF,98860.0,0.030084,Switzerland,53.66,Health Care,Health Care Equipment & Supplies,6437507.0,ALC,SW,Common Stock,ALCON INC
GB0007099541,0709954,Prudential plc,GBP,496231.0,0.030056,United Kingdom,9.7,Financials,Insurance,6431478.5,PRU,LN,Common Stock,PRUDENTIAL PLC
US4062161017,2405302,Halliburton Company,USD,191139.0,0.030048,United States,33.64,Energy,Energy Equipment & Services,6429916.0,HAL,US,Common Stock,HALLIBURTON CO
US0494681010,BQ1PC76,Atlassian Corp Class A,USD,33313.0,0.029893,United States,192.02,Information Technology,Software,6396762.5,TEAM,US,Common Stock,ATLASSIAN CORP-CL A
US4461501045,2445966,Huntington Bancshares Incorporated,USD,402468.0,0.029867,United States,15.88,Financials,Banks,6391192.0,HBAN,US,Common Stock,HUNTINGTON BANCSHARES INC
JP3635000007,6900580,Toyota Tsusho Corp.,JPY,134700.0,0.029842,Japan,7463.0,Industrials,Trading Companies & Distributors,6385682.5,8015,JP,Common Stock,TOYOTA TSUSHO CORP
US6935061076,2698470,PPG Industries Inc.,USD,60894.0,0.029743,United States,104.52,Materials,Chemicals,6364641.0,PPG,US,Common Stock,PPG INDUSTRIES INC
US8581191009,2849472,Steel Dynamics Inc.,USD,27052.0,0.029742,United States,235.26,Materials,Metals & Mining,6364253.5,STLD,US,Common Stock,STEEL DYNAMICS INC
GB00BDSFG982,BDSFG98,TechnipFMC plc,USD,88350.0,0.029736,United States,72.02,Energy,Energy Equipment & Services,6362967.0,FTI,US,Common Stock,TECHNIPFMC PLC
BE0003739530,5596991,UCB S.A.,EUR,26638.0,0.029693,Belgium,208.1,Health Care,Pharmaceuticals,6353809.0,UCB,BB,Common Stock,UCB SA
US6795801009,2656423,Old Dominion Freight Line Inc.,USD,36561.0,0.029558,United States,173.0,Industrials,Ground Transportation,6325053.0,ODFL,US,Common Stock,OLD DOMINION FREIGHT LINE
US98978V1035,B95WG16,Zoetis Inc. Class A,USD,88501.0,0.02953,United States,71.4,Health Care,Pharmaceuticals,6318971.5,ZTS,US,Common Stock,ZOETIS INC
US9256521090,BYWH073,VICI Properties Inc,USD,266330.0,0.029522,United States,23.72,Real Estate,Specialized Reits,6317347.5,VICI,US,REIT,VICI PROPERTIES INC
KYG8208B1014,BKPQZT6,JD.com Inc. Class A,HKD,471051.0,0.029458,China,105.0,Consumer Discretionary,Broadline Retail,6303533.0,9618,HK,,
US30225T1025,B02HWR9,Extra Space Storage Inc.,USD,46073.0,0.029435,United States,136.71,Real Estate,Specialized Reits,6298640.0,EXR,US,REIT,EXTRA SPACE STORAGE INC
IE00BDB6Q211,BDB6Q21,Willis Towers Watson Public Limited Company,USD,20302.0,0.02941,United States,309.98,Financials,Insurance,6293214.0,WTW,US,Common Stock,WILLIS TOWERS WATSON PLC
US55261F1049,2340168,M&T Bank Corporation,USD,27678.0,0.029402,United States,227.31,Financials,Banks,6291486.0,MTB,US,Common Stock,M & T BANK CORP
DE000CBK1001,B90LKT4,Commerzbank AG,EUR,134802.0,0.029345,Germany,40.64,Financials,Banks,6279289.0,CBK,GY,Common Stock,COMMERZBANK AG
US7611521078,2732903,ResMed Inc.,USD,27745.0,0.029172,United States,224.99,Health Care,Health Care Equipment & Supplies,6242347.5,RMD,US,Common Stock,RESMED INC
US30212P3038,B748CK2,Expedia Group Inc.,USD,22294.0,0.029104,United States,279.35,Consumer Discretionary,Hotels Restaurants & Leisure,6227829.0,EXPE,US,Common Stock,EXPEDIA GROUP INC
GB00BH4HKS39,BH4HKS3,Vodafone Group Public Limited Company,GBP,3673087.0,0.028933,United Kingdom,1.262,Communication Services,Wireless Telecommunication Services,6191183.5,VOD,LN,Common Stock,VODAFONE GROUP PLC
JP3735400008,6641373,NTT Inc,JPY,5487300.0,0.028881,Japan,177.3,Communication Services,Diversified Telecommunication Services,6180074.5,9432,JP,Common Stock,NTT INC
JP3893200000,6597603,Mitsui Fudosan Co. Ltd.,JPY,654000.0,0.02883,Japan,1485.0,Real Estate,Real Estate Management & Development,6169223.0,8801,JP,Common Stock,MITSUI FUDOSAN CO LTD
US92939U1060,BYY8XK8,WEC Energy Group Inc,USD,59751.0,0.028808,United States,103.17,Utilities,Multi-Utilities,6164510.5,WEC,US,Common Stock,WEC ENERGY GROUP INC
US12503M1080,B5834C5,Cboe Global Markets Inc,USD,22546.0,0.028749,United States,272.86,Financials,Capital Markets,6151901.5,CBOE,US,Common Stock,CBOE GLOBAL MARKETS INC
KYG2177B1014,BYZQ077,CK Asset Holdings Limited,HKD,1040930.0,0.02863,Hong Kong,46.18,Real Estate,Real Estate Management & Development,6126356.0,1113,HK,Common Stock,CK ASSET HOLDINGS LTD
DK0061539921,BN4MYF5,Vestas Wind Systems A/S,DKK,192505.0,0.028553,Denmark,207.0,Industrials,Electrical Equipment,6109864.0,VWS,DC,Common Stock,VESTAS WIND SYSTEMS A/S
US69331C1080,2689560,PG&E Corporation,USD,462436.0,0.028526,United States,13.2,Utilities,Electric Utilities,6104155.0,PCG,US,Common Stock,P G & E CORP
TW0002882008,6425663,Cathay Financial Holdings Co. Ltd.,TWD,1753047.0,0.028501,Taiwan,110.5,Financials,Insurance,6098755.0,2882,TT,Common Stock,CATHAY FINANCIAL HOLDING CO
BREQTLACNOR0,B128R96,Equatorial S.A.,BRL,795086.0,0.028484,Brazil,39.57,Utilities,Electric Utilities,6095192.5,EQTL3,BZ,Common Stock,EQUATORIAL SA - ORD
SA13L050IE10,BSHYYN1,Saudi National Bank,SAR,568456.0,0.028402,Saudi Arabia,40.16,Financials,Banks,6077574.0,SNB,AB,Common Stock,THE SAUDI NATIONAL BANK
JP3762600009,6643108,Nomura Holdings Inc.,JPY,604900.0,0.02839,Japan,1581.0,Financials,Capital Markets,6074936.5,8604,JP,Common Stock,NOMURA HOLDINGS INC
US4663131039,2471789,Jabil Inc.,USD,20241.0,0.028337,United States,299.57,Information Technology,Electronic Equipment Instruments & Components,6063596.5,JBL,US,Common Stock,JABIL INC
JP3475350009,B0J7D91,Daiichi Sankyo Company Limited,JPY,321900.0,0.028223,Japan,2953.5,Health Care,Pharmaceuticals,6039267.0,4568,JP,Common Stock,DAIICHI SANKYO CO LTD
US5732841060,2572079,Martin Marietta Materials Inc.,USD,12297.0,0.028195,United States,490.64,Materials,Construction Materials,6033400.0,MLM,US,Common Stock,MARTIN MARIETTA MATERIALS
US0495601058,2315359,Atmos Energy Corporation,USD,37576.0,0.028149,United States,160.3,Utilities,Gas Utilities,6023433.0,ATO,US,Common Stock,ATMOS ENERGY CORP
JP3892100003,6431897,Sumitomo Mitsui Trust Group Inc.,JPY,534900.0,0.028082,Japan,1768.5,Financials,Banks,6009024.0,8309,JP,Common Stock,SUMITOMO MITSUI TRUST GROUP
NL0011540547,BYQP136,ABN AMRO Bank N.V. Depositary receipts,EUR,120658.0,0.028069,Netherlands,43.43,Financials,Banks,6006291.5,ABN,,Dutch Cert,ABN AMRO BANK NV-CVA
US3724601055,2367480,Genuine Parts Company,USD,46782.0,0.028001,United States,128.08,Consumer Discretionary,Distributors,5991838.5,GPC,US,Common Stock,GENUINE PARTS CO
IT0005508921,BK93RS6,Banca Monte dei Paschi di Siena S.p.A.,EUR,443931.0,0.027974,Italy,11.764,Financials,Banks,5985920.0,BMPS,IM,Common Stock,BANCA MONTE DEI PASCHI SIENA
US45687V1061,BL5GZ82,Ingersoll Rand Inc.,USD,83039.0,0.027874,United States,71.83,Industrials,Machinery,5964691.5,IR,US,Common Stock,INGERSOLL-RAND INC
US1924461023,2257019,Cognizant Technology Solutions Corporation Class A,USD,99609.0,0.027869,United States,59.87,Information Technology,It Services,5963591.0,CTSH,US,Common Stock,COGNIZANT TECH SOLUTIONS-A
BMG2004J1036,BVV7RC7,Carnival Corporation Ltd.,USD,272825.0,0.027845,United States,21.84,Consumer Discretionary,Hotels Restaurants & Leisure,5958498.0,CCL,US,Common Stock,CARNIVAL CORP LTD
SA122050HV19,B39NWT3,Alinma Bank,SAR,895056.0,0.027827,Saudi Arabia,24.99,Financials,Banks,5954649.0,ALINMA,AB,Common Stock,ALINMA BANK
NL0000009082,5956078,Royal KPN NV,EUR,1294028.0,0.027719,Netherlands,3.999,Communication Services,Diversified Telecommunication Services,5931376.5,KPN,,Common Stock,KONINKLIJKE KPN NV
AEE000301011,B01RM25,Emaar Properties (P.J.S.C),AED,1866463.0,0.027596,United Arab Emirates,11.62,Real Estate,Real Estate Management & Development,5905113.5,EMAAR,UH,Common Stock,EMAAR PROPERTIES PJSC
JP3188220002,B5LTM93,Otsuka Holdings Co. Ltd.,JPY,83300.0,0.027497,Japan,11120.0,Health Care,Pharmaceuticals,5884046.5,4578,JP,Common Stock,OTSUKA HOLDINGS CO LTD
US6951561090,2504566,Packaging Corporation of America,USD,25273.0,0.027492,United States,232.77,Materials,Containers & Packaging,5882796.0,PKG,US,Common Stock,PACKAGING CORP OF AMERICA
IE00BF0L3536,BF0L353,AIB Group plc,EUR,439568.0,0.027454,Ireland,11.66,Financials,Banks,5874691.5,AIBG,ID,Common Stock,AIB GROUP PLC
US15189T1079,2440637,CenterPoint Energy Inc.,USD,153062.0,0.027338,United States,38.22,Utilities,Multi-Utilities,5850029.5,CNP,US,Common Stock,CENTERPOINT ENERGY INC
US65473P1057,2645409,NiSource Inc,USD,143320.0,0.027179,United States,40.58,Utilities,Multi-Utilities,5815925.5,NI,US,Common Stock,NISOURCE INC
CNE100000296,6536651,BYD Company Limited Class H,HKD,558200.0,0.027095,China,81.5,Consumer Discretionary,Automobiles,5797947.5,1211,HK,,
KW0EQ0100085,6503138,Kuwait Finance House K.S.C.,KWD,2312133.0,0.026969,Kuwait,0.77,Financials,Banks,5770963.5,KFH,KK,Common Stock,KUWAIT FINANCE HOUSE
US60937P1066,BF2FJ99,MongoDB Inc. Class A,USD,14990.0,0.026869,United States,383.56,Information Technology,It Services,5749564.5,MDB,US,Common Stock,MONGODB INC
US50212V1008,B75JX34,LPL Financial Holdings Inc.,USD,17500.0,0.026832,United States,328.09,Financials,Capital Markets,5741575.0,LPLA,US,Common Stock,LPL FINANCIAL HOLDINGS INC
JP3162600005,6763965,SMC Corporation,JPY,13600.0,0.026779,Japan,66330.0,Industrials,Machinery,5730271.5,6273,JP,Common Stock,SMC CORP
SE0007100581,BYPC1T4,ASSA ABLOY AB Class B,SEK,162472.0,0.02676,Sweden,347.8,Industrials,Building Products,5726277.0,ASSAB,SS,Common Stock,ASSA ABLOY AB-B
PLPKO0000016,B03NGS5,PKO Bank Polski SA,PLN,181591.0,0.026709,Poland,119.84,Financials,Banks,5715376.0,PKO,PW,Common Stock,PKO BANK POLSKI SA
TW0002357001,6051046,Asustek Computer Inc.,TWD,189000.0,0.026695,Taiwan,960.0,Information Technology,Technology Hardware Storage & Peripherals,5712396.5,2357,TT,Common Stock,ASUSTEK COMPUTER INC
US5380341090,B0T7YX2,Live Nation Entertainment Inc.,USD,34135.0,0.026659,United States,167.12,Communication Services,Entertainment,5704641.0,LYV,US,Common Stock,LIVE NATION ENTERTAINMENT IN
INE481G01011,B01GZF6,UltraTech Cement Limited,INR,51238.0,0.026647,India,10670.0,Materials,Construction Materials,5702017.5,UTCEM,IN,Common Stock,ULTRATECH CEMENT LTD
MXP370711014,2421041,Grupo Financiero Banorte SAB de CV Class O,MXN,514001.0,0.026587,Mexico,190.82,Financials,Banks,5689192.5,GFNORTEO,MM,Common Stock,GRUPO FINANCIERO BANORTE-O
ES0109067019,B3MSM28,Amadeus IT Group SA Class A,EUR,90074.0,0.026527,Spain,54.98,Consumer Discretionary,Hotels Restaurants & Leisure,5676290.5,AMS,SM,Common Stock,AMADEUS IT GROUP SA
CA8787422044,2879327,Teck Resources Limited Class B,CAD,86271.0,0.026392,Canada,91.7,Materials,Metals & Mining,5647523.0,TECK/B,CN,Common Stock,TECK RESOURCES LTD-CLS B
IE00BDVJJQ56,BDVJJQ5,nVent Electric plc,USD,35651.0,0.026304,United States,157.88,Industrials,Electrical Equipment,5628580.0,NVT,US,Common Stock,NVENT ELECTRIC PLC
TW0002345006,6005214,Accton Technology Corp.,TWD,96000.0,0.026201,Taiwan,1855.0,Information Technology,Communications Equipment,5606612.0,2345,TT,Common Stock,ACCTON TECHNOLOGY CORP
GB00BPQY8M80,BPQY8M8,Aviva plc,GBP,585997.0,0.026067,United Kingdom,7.124,Financials,Insurance,5577948.5,AV/,LN,Common Stock,AVIVA PLC
US74743L1008,BW1P234,Qnity Electronics Inc.,USD,46208.0,0.025924,United States,120.05,Information Technology,Semiconductors & Semiconductor Equipment,5547270.5,Q,US,Common Stock,QNITY ELECTRONICS INC
US0236081024,2050832,Ameren Corporation,USD,54260.0,0.025922,United States,102.23,Utilities,Multi-Utilities,5547000.0,AEE,US,Common Stock,AMEREN CORPORATION
US2199481068,BMX5GK7,Corpay Inc.,USD,13944.0,0.025919,United States,397.76,Financials,Financial Services,5546365.5,CPAY,US,Common Stock,CORPAY INC
US36266G1076,BL6JPG8,GE Healthcare Technologies Inc.,USD,86188.0,0.02583,United States,64.13,Health Care,Health Care Equipment & Supplies,5527236.5,GEHC,US,Common Stock,GE HEALTHCARE TECHNOLOGY
HU0000061726,7320154,OTP Bank Nyrt,HUF,38081.0,0.025821,Hungary,46160.0,Financials,Banks,5525330.5,OTP,HB,Common Stock,OTP BANK PLC
DE000A1EWWW0,4031976,adidas AG,EUR,33857.0,0.025798,Germany,142.25,Consumer Discretionary,Textiles Apparel & Luxury Goods,5520280.5,ADS,GY,Common Stock,ADIDAS AG
JP3148800000,6456102,IBIDEN CO. LTD.,JPY,44400.0,0.025774,Japan,19555.0,Information Technology,Electronic Equipment Instruments & Components,5515273.5,4062,JP,Common Stock,IBIDEN CO LTD
IT0000066123,4116099,BPER Banca S.p.A.,EUR,338599.0,0.025758,Italy,14.202,Financials,Banks,5511827.5,BPE,IM,Common Stock,BPER BANCA SPA
US87165B1035,BP96PS6,Synchrony Financial,USD,73431.0,0.025751,United States,75.04,Financials,Consumer Finance,5510262.0,SYF,US,Common Stock,SYNCHRONY FINANCIAL
US8669661048,BW5TBS0,Sunbelt Rentals Holdings Inc,GBP,76028.0,0.02574,United Kingdom,54.22,Industrials,Trading Companies & Distributors,5507928.5,SUNB,LN,Common Stock,SUNBELT RENTALS HOLDINGS INC
US68902V1070,BK531S8,Otis Worldwide Corporation,USD,80157.0,0.025667,United States,68.52,Industrials,Machinery,5492357.5,OTIS,US,Common Stock,OTIS WORLDWIDE CORP
AU000000QBE9,6715740,QBE Insurance Group Limited,AUD,330041.0,0.025646,Australia,23.39,Financials,Insurance,5487905.0,QBE,AU,Common Stock,QBE INSURANCE GROUP LTD
US4278661081,2422806,Hershey Company,USD,32308.0,0.025635,United States,169.79,Consumer Staples,Food Products,5485575.5,HSY,US,Common Stock,HERSHEY CO/THE
SG1U68934629,B1VQ5C0,Keppel Ltd.,SGD,635100.0,0.025611,Singapore,11.03,Industrials,Industrial Conglomerates,5480268.5,KEP,SP,Common Stock,KEPPEL LTD
US74834L1008,2702791,Quest Diagnostics Incorporated,USD,22230.0,0.025603,United States,246.45,Health Care,Health Care Providers & Services,5478583.5,DGX,US,Common Stock,QUEST DIAGNOSTICS INC
CNE1000002L3,6718976,China Life Insurance Co. Ltd. Class H,HKD,1460000.0,0.025547,China,29.38,Financials,Insurance,5466778.0,2628,HK,,
US5049221055,BSBK800,Labcorp Holdings Inc.,USD,16993.0,0.025468,United States,320.71,Health Care,Health Care Providers & Services,5449825.0,LH,US,Common Stock,LABCORP HOLDINGS INC
NL0012969182,BZ1HM42,Adyen NV,EUR,5405.0,0.025451,Netherlands,879.1,Financials,Financial Services,5446210.0,ADYEN,,Common Stock,ADYEN NV
US3377381088,2342034,Fiserv Inc.,USD,115332.0,0.025434,United States,47.19,Financials,Financial Services,5442517.0,FISV,US,Common Stock,FISERV INC
US1258961002,2219224,CMS Energy Corporation,USD,82796.0,0.025282,United States,65.34,Utilities,Multi-Utilities,5409890.5,CMS,US,Common Stock,CMS ENERGY CORP
US92343E1029,2142922,VeriSign Inc.,USD,17833.0,0.025261,United States,303.12,Information Technology,It Services,5405539.0,VRSN,US,Common Stock,VERISIGN INC
BMG2519Y1084,2232878,Credicorp Ltd.,USD,14155.0,0.025258,Peru,381.83,Financials,Banks,5404803.5,BAP,PE,Common Stock,CREDICORP LTD
SG1T75931496,B02PY11,Singapore Telecommunications Limited,SGD,1583700.0,0.025186,Singapore,4.35,Communication Services,Diversified Telecommunication Services,5389474.0,ST,SP,Common Stock,SINGAPORE TELECOMMUNICATIONS
US03990B1017,BF14BT1,Ares Management Corporation Class A,USD,43499.0,0.025166,United States,123.8,Financials,Capital Markets,5385176.0,ARES,US,Common Stock,ARES MANAGEMENT CORP - A
HK0669013440,B0190C7,Techtronic Industries Co. Ltd.,HKD,329000.0,0.02516,Hong Kong,128.4,Industrials,Machinery,5383785.0,669,HK,Common Stock,TECHTRONIC INDUSTRIES CO LTD
TW0002327004,6984380,Yageo Corporation,TWD,310136.0,0.025097,Taiwan,550.0,Information Technology,Electronic Equipment Instruments & Components,5370320.0,2327,TT,Common Stock,YAGEO CORPORATION
CNE1000003W8,6226576,PetroChina Co. Ltd. Class H,HKD,4438000.0,0.025084,China,9.49,Energy,Oil Gas & Consumable Fuels,5367602.0,857,HK,,
US7547301090,2718992,Raymond James Financial Inc.,USD,32574.0,0.025079,United States,164.75,Financials,Capital Markets,5366566.5,RJF,US,Common Stock,RAYMOND JAMES FINANCIAL INC
US01741R1023,2526117,ATI Inc,USD,27966.0,0.025044,United States,191.63,Industrials,Aerospace & Defense,5359124.5,ATI,US,Common Stock,ATI INC
US1720621010,2196888,Cincinnati Financial Corporation,USD,31654.0,0.025,United States,169.0,Financials,Insurance,5349526.0,CINF,US,Common Stock,CINCINNATI FINANCIAL CORP
CA5394811015,2521800,Loblaw Companies Limited,CAD,121121.0,0.024972,Canada,61.8,Consumer Staples,Consumer Staples Distribution & Retail,5343574.0,L,CN,Common Stock,LOBLAW COMPANIES LTD
SE0000108656,5959378,Telefonaktiebolaget LM Ericsson Class B,SEK,526187.0,0.024913,Sweden,99.98,Information Technology,Communications Equipment,5331109.0,ERICB,SS,Common Stock,ERICSSON LM-B SHS
US90384S3031,B28TS42,Ulta Beauty Inc.,USD,9801.0,0.024778,United States,540.98,Consumer Discretionary,Specialty Retail,5302145.0,ULTA,US,Common Stock,ULTA BEAUTY INC
HK2388011192,6536112,BOC Hong Kong (Holdings) Limited,HKD,798500.0,0.024754,Hong Kong,52.05,Financials,Banks,5296908.0,2388,HK,Common Stock,BOC HONG KONG HOLDINGS LTD
US9553061055,2950482,West Pharmaceutical Services Inc.,USD,14604.0,0.024727,United States,362.31,Health Care,Life Sciences Tools & Services,5291175.0,WST,US,Common Stock,WEST PHARMACEUTICAL SERVICES
FR0000121329,4162791,Thales SA,EUR,19355.0,0.024695,France,238.2,Industrials,Aerospace & Defense,5284396.0,HO,FP,Common Stock,THALES SA
US1746101054,BQRX1X3,Citizens Financial Group Inc.,USD,78742.0,0.024669,United States,67.04,Financials,Banks,5278863.5,CFG,US,Common Stock,CITIZENS FINANCIAL GROUP
US3021301094,2325507,Expeditors International of Washington Inc.,USD,27596.0,0.024624,United States,190.94,Industrials,Air Freight & Logistics,5269180.0,EXPD,US,Common Stock,EXPEDITORS INTL WASH INC
DK0060336014,B798FW0,Novonesis A/S Class B,DKK,80058.0,0.024575,Denmark,428.4,Materials,Chemicals,5258639.5,NSISB,DC,Common Stock,NOVONESIS (NOVOZYMES) B
INE081A01020,BPQWCZ3,Tata Steel Limited,INR,2724146.0,0.02453,India,184.75,Materials,Metals & Mining,5249123.5,TATA,IN,Common Stock,TATA STEEL LTD
SE0000107203,B1VSK54,Industrivarden AB Class C,SEK,96742.0,0.024529,Sweden,535.4,Financials,Financial Services,5248772.5,INDUC,SS,Common Stock,INDUSTRIVARDEN AB-C SHS
JP3386450005,B627LW9,ENEOS Holdings Inc.,JPY,575900.0,0.024473,Japan,1431.5,Energy,Oil Gas & Consumable Fuels,5236785.0,5020,JP,Common Stock,ENEOS HOLDINGS INC
US0304201033,B2R3PV1,American Water Works Company Inc.,USD,38404.0,0.02439,United States,135.9,Utilities,Water Utilities,5219103.5,AWK,US,Common Stock,AMERICAN WATER WORKS CO INC
JP3752900005,BYT8143,JAPAN POST HOLDINGS Co. Ltd.,JPY,324700.0,0.024362,Japan,2527.5,Financials,Insurance,5213144.0,6178,JP,Common Stock,JAPAN POST HOLDINGS CO LTD
US6821891057,2583576,ON Semiconductor Corporation,USD,74437.0,0.024343,United States,69.98,Information Technology,Semiconductors & Semiconductor Equipment,5209101.5,ON,US,Common Stock,ON SEMICONDUCTOR
JP3119600009,6010906,Ajinomoto Co. Inc.,JPY,166800.0,0.024282,Japan,4904.0,Consumer Staples,Food Products,5196043.5,2802,JP,Common Stock,AJINOMOTO CO INC
MYL1295OO004,B012W42,Public Bank Bhd,MYR,4430800.0,0.024199,Malaysia,4.77,Financials,Banks,5178222.5,PBK,MK,Common Stock,PUBLIC BANK BERHAD
PLPKN0000018,5810066,ORLEN Spolka Akcyjna,PLN,130211.0,0.024154,Poland,151.14,Energy,Oil Gas & Consumable Fuels,5168634.0,PKN,PW,Common Stock,ORLEN SA
US2566771059,B5B1S13,Dollar General Corporation,USD,42202.0,0.024142,United States,122.41,Consumer Staples,Consumer Staples Distribution & Retail,5165947.0,DG,US,Common Stock,DOLLAR GENERAL CORP
FR0000130577,4380429,Publicis Groupe SA,EUR,46202.0,0.024134,France,97.52,Communication Services,Media,5164341.0,PUB,FP,Common Stock,PUBLICIS GROUPE
GB0005603997,0560399,Legal & General Group Plc,GBP,1310471.0,0.024016,United Kingdom,2.935,Financials,Insurance,5139143.0,LGEN,LN,Common Stock,LEGAL & GENERAL GROUP PLC
US5007541064,BYRY499,Kraft Heinz Company,USD,209982.0,0.023973,United States,24.43,Consumer Staples,Food Products,5129860.5,KHC,US,Common Stock,KRAFT HEINZ CO/THE
JP3422950000,B0FS5D6,Seven & I Holdings Co. Ltd.,JPY,399100.0,0.023932,Japan,2020.0,Consumer Staples,Consumer Staples Distribution & Retail,5121054.5,3382,JP,Common Stock,SEVEN & I HOLDINGS CO LTD
GB00BMVP7Y09,BMVP7Y0,Royalty Pharma Plc Class A,USD,87666.0,0.02393,United States,58.41,Health Care,Pharmaceuticals,5120571.0,RPRX,US,Common Stock,ROYALTY PHARMA PLC- CL A
FI4000552500,BMXX645,Sampo Oyj,EUR,472832.0,0.023904,Finland,9.438,Financials,Insurance,5115019.0,SAMPO,FH,Common Stock,SAMPO OYJ-A SHS
US4435106079,BDFG6S3,Hubbell Incorporated,USD,11440.0,0.023893,United States,446.92,Industrials,Electrical Equipment,5112765.0,HUBB,US,Common Stock,HUBBELL INC
DE0006602006,4557104,GEA Group Aktiengesellschaft,EUR,69155.0,0.023892,Germany,64.5,Industrials,Machinery,5112622.0,G1A,GY,Common Stock,GEA GROUP AG
IT0003856405,B0DJNG0,Leonardo SpA,EUR,88340.0,0.023872,Italy,50.45,Industrials,Aerospace & Defense,5108330.5,LDO,IM,Common Stock,LEONARDO SPA
KYG9066F1019,BNYK8H9,Trip.com Group Ltd.,HKD,124885.0,0.023757,China,319.4,Consumer Discretionary,Hotels Restaurants & Leisure,5083607.0,9961,HK,,
US9699041011,2967589,Williams-Sonoma Inc.,USD,22672.0,0.023754,United States,224.2,Consumer Discretionary,Specialty Retail,5083062.5,WSM,US,Common Stock,WILLIAMS-SONOMA INC
US2172041061,2208073,Copart Inc.,USD,172904.0,0.023659,United States,29.28,Industrials,Commercial Services & Supplies,5062629.0,CPRT,US,Common Stock,COPART INC
US98419M1009,B3P2CN8,Xylem Inc.,USD,46970.0,0.02361,United States,107.56,Industrials,Machinery,5052093.0,XYL,US,Common Stock,XYLEM INC
TW0002360005,6212100,Chroma Ate Inc.,TWD,70000.0,0.023585,Taiwan,2290.0,Information Technology,Electronic Equipment Instruments & Components,5046832.0,2360,TT,Common Stock,CHROMA ATE INC
ZAE000013181,6761000,Valterra Platinum Limited,ZAR,58287.0,0.023557,South Africa,1410.08,Materials,Metals & Mining,5040743.5,VAL,SJ,Common Stock,VALTERRA PLATINUM LIMITED
US3703341046,2367026,General Mills Inc.,USD,138456.0,0.0235,United States,36.32,Consumer Staples,Food Products,5028722.0,GIS,US,Common Stock,GENERAL MILLS INC
JP3942400007,6985383,Astellas Pharma Inc.,JPY,331600.0,0.023462,Japan,2383.5,Health Care,Pharmaceuticals,5020603.5,4503,JP,Common Stock,ASTELLAS PHARMA INC
US29362U1043,2599700,Entegris Inc.,USD,35260.0,0.02344,United States,142.25,Information Technology,Semiconductors & Semiconductor Equipment,5015735.0,ENTG,US,Common Stock,ENTEGRIS INC
DE000DTR0CK8,BP6VLQ4,Daimler Truck Holding AG,EUR,100032.0,0.023303,Germany,43.49,Industrials,Machinery,4986419.5,DTG,GY,Common Stock,DAIMLER TRUCK HOLDING AG
JP3294460005,B10RB15,Inpex Corporation,JPY,200400.0,0.023278,Japan,3913.0,Energy,Oil Gas & Consumable Fuels,4981198.5,1605,JP,Common Stock,INPEX CORP
US4576693075,2614487,Insmed Incorporated,USD,41437.0,0.023237,United States,120.0,Health Care,Biotechnology,4972440.0,INSM,US,Common Stock,INSMED INC
US8760301072,BF09HX3,Tapestry Inc.,USD,43121.0,0.023174,United States,115.0,Consumer Discretionary,Textiles Apparel & Luxury Goods,4958915.0,TPR,US,Common Stock,TAPESTRY INC
NL0010773842,BNG8PQ9,NN Group N.V.,EUR,53723.0,0.02309,Netherlands,80.24,Financials,Insurance,4940963.0,NN,,Common Stock,NN GROUP NV
US74251V1026,2803014,Principal Financial Group Inc.,USD,41903.0,0.023042,United States,117.67,Financials,Insurance,4930726.0,PFG,US,Common Stock,PRINCIPAL FINANCIAL GROUP
US7591EP1005,B01R311,Regions Financial Corporation,USD,171832.0,0.022886,United States,28.5,Financials,Banks,4897212.0,RF,US,Common Stock,REGIONS FINANCIAL CORP
US83406F1021,BM8J4C2,SoFi Technologies Inc,USD,287096.0,0.022755,United States,16.96,Financials,Consumer Finance,4869148.0,SOFI,US,Common Stock,SOFI TECHNOLOGIES INC
US45337C1027,2471950,Incyte Corporation,USD,38825.0,0.022736,United States,125.31,Health Care,Biotechnology,4865161.0,INCY,US,Common Stock,INCYTE CORP
SA123GA0ITH7,B3C8VY3,Saudi Arabian Mining Co.,SAR,294242.0,0.022696,Saudi Arabia,62.0,Materials,Metals & Mining,4856642.0,MAADEN,AB,Common Stock,SAUDI ARABIAN MINING CO
KYG970081173,BL6B9P1,Wuxi Biologics (Cayman) Inc.,HKD,750646.0,0.02251,China,50.35,Health Care,Life Sciences Tools & Services,4816831.0,2269,HK,,
CA6979001089,2669272,Pan American Silver Corp.,CAD,96373.0,0.022506,Canada,70.0,Materials,Metals & Mining,4815898.5,PAAS,CN,Common Stock,PAN AMERICAN SILVER CORP
GB00BDCPN049,BYQQ3P5,Coca-Cola Europacific Partners plc,USD,48203.0,0.022475,Netherlands,99.77,Consumer Staples,Beverages,4809213.5,CCEP,,Common Stock,COCA-COLA EUROPACIFIC PARTNE
US1475281036,2179414,Casey's General Stores Inc.,USD,8048.0,0.022471,United States,597.48,Consumer Staples,Consumer Staples Distribution & Retail,4808519.0,CASY,US,Common Stock,CASEY'S GENERAL STORES INC
QA0006929895,6148197,Qatar National Bank QPSC,QAR,1079394.0,0.022444,Qatar,16.2,Financials,Banks,4802577.5,QNBK,QD,Common Stock,QATAR NATIONAL BANK
US2810201077,2829515,Edison International,USD,86799.0,0.022435,United States,55.31,Utilities,Electric Utilities,4800852.5,EIX,US,Common Stock,EDISON INTERNATIONAL
NL0000687663,B1HHKD3,AerCap Holdings NV,USD,33825.0,0.022389,Netherlands,141.64,Industrials,Trading Companies & Distributors,4790973.0,AER,US,,
US2371941053,2289874,Darden Restaurants Inc.,USD,22865.0,0.022362,United States,209.28,Consumer Discretionary,Hotels Restaurants & Leisure,4785187.0,DRI,US,Common Stock,DARDEN RESTAURANTS INC
BRBBDCACNPR8,B00FM53,Banco Bradesco SA Pfd,BRL,1372487.0,0.022354,Brazil,17.99,Financials,Banks,4783509.5,BBDC4,BZ,Preference,BANCO BRADESCO SA-PREF
AU000000ALL7,6253983,Aristocrat Leisure Limited,AUD,110676.0,0.022344,Australia,60.77,Consumer Discretionary,Hotels Restaurants & Leisure,4781357.5,ALL,AU,Common Stock,ARISTOCRAT LEISURE LTD
US21873S1087,BTTRKN7,CoreWeave Inc. Class A,USD,58673.0,0.022308,United States,81.36,Information Technology,It Services,4773635.5,CRWV,US,Common Stock,COREWEAVE INC-CL A
AU0000030678,BYWR0T5,Coles Group Ltd.,AUD,288980.0,0.022196,Australia,23.12,Consumer Staples,Consumer Staples Distribution & Retail,4749677.5,COL,AU,Common Stock,COLES GROUP LTD
NO0010161896,BNG7113,DNB Bank ASA,NOK,142237.0,0.022189,Norway,315.0,Financials,Banks,4748066.0,DNB,NO,Common Stock,DNB BANK ASA
ES0105046017,BTMKJR0,Aena SME SA,EUR,162917.0,0.022148,Spain,25.38,Industrials,Transportation Infrastructure,4739346.5,AENA,SM,Common Stock,AENA SME SA
US30040W1080,BVVN4Q8,Eversource Energy,USD,69898.0,0.022121,United States,67.72,Utilities,Electric Utilities,4733492.5,ES,US,Common Stock,EVERSOURCE ENERGY
US6293775085,2212922,NRG Energy Inc.,USD,45630.0,0.022104,United States,103.66,Utilities,Electric Utilities,4730006.0,NRG,US,Common Stock,NRG ENERGY INC
KYG217651051,BW9P816,CK Hutchison Holdings Ltd,HKD,545728.0,0.022069,Hong Kong,67.9,Industrials,Industrial Conglomerates,4722509.5,1,HK,Common Stock,CK HUTCHISON HOLDINGS LTD
IL0010823792,6320605,Tower Semiconductor Ltd,ILS,22046.0,0.021967,Israel,647.5,Information Technology,Semiconductors & Semiconductor Equipment,4700678.5,TSEM,IT,Common Stock,TOWER SEMICONDUCTOR LTD
INE646L01027,BYYZ7D0,InterGlobe Aviation Ltd,INR,91843.0,0.021931,India,4899.1,Industrials,Passenger Airlines,4692824.5,INDIGO,IN,Common Stock,INTERGLOBE AVIATION LTD
ZAE000042164,6563206,MTN Group Limited,ZAR,389610.0,0.021871,South Africa,195.86,Communication Services,Wireless Telecommunication Services,4680098.5,MTN,SJ,Common Stock,MTN GROUP LTD
US92338C1036,BPGMZQ5,Veralto Corporation,USD,49299.0,0.021769,United States,94.49,Industrials,Commercial Services & Supplies,4658262.5,VLTO,US,Common Stock,VERALTO CORP
JP3814000000,6356525,FUJIFILM Holdings Corp,JPY,220600.0,0.021768,Japan,3324.0,Information Technology,Technology Hardware Storage & Peripherals,4657928.0,4901,JP,Common Stock,FUJIFILM HOLDINGS CORP
US2333311072,2280220,DTE Energy Company,USD,36218.0,0.021753,United States,128.52,Utilities,Multi-Utilities,4654737.5,DTE,US,Common Stock,DTE ENERGY COMPANY
US11133T1034,B1VP7R6,Broadridge Financial Solutions Inc.,USD,28409.0,0.021657,United States,163.13,Industrials,Professional Services,4634360.0,BR,US,Common Stock,BROADRIDGE FINANCIAL SOLUTIO
FR001400AJ45,BPBPJ01,Cie Generale des Etablissements Michelin SA,EUR,121933.0,0.021605,France,33.08,Consumer Discretionary,Automobile Components,4623248.0,ML,FP,Common Stock,MICHELIN (CGDE)
BRITSAACNPR7,2458771,Itausa SA Non-Cum Perp Pfd Registered Shs,BRL,1692564.0,0.021499,Brazil,14.03,Financials,Banks,4600552.5,ITSA4,BZ,Preference,ITAUSA SA
JP3198900007,6648891,Oriental Land Co. Ltd.,JPY,237500.0,0.021398,Japan,3035.0,Consumer Discretionary,Hotels Restaurants & Leisure,4578767.0,4661,JP,Common Stock,ORIENTAL LAND CO LTD
KYG070341048,B0J2D41,Baidu Inc. Class A,HKD,409506.0,0.021268,China,87.2,Communication Services,Interactive Media & Services,4550965.5,9888,HK,,
US86800U3023,BRC3N73,Super Micro Computer Inc.,USD,116425.0,0.021268,United States,39.09,Information Technology,Technology Hardware Storage & Peripherals,4551053.0,SMCI,US,Common Stock,SUPER MICRO COMPUTER INC
US84265V1052,2823777,Southern Copper Corporation,USD,23179.0,0.021198,Peru,195.7,Materials,Metals & Mining,4536130.5,SCCO,PE,Common Stock,SOUTHERN COPPER CORP
KYG040111059,B1YVKN8,ANTA Sports Products Ltd.,HKD,495200.0,0.021147,China,71.7,Consumer Discretionary,Textiles Apparel & Luxury Goods,4525083.0,2020,HK,,
DE000FRE5EN2,BT7JGG0,Fresenius SE & Co. KGaA,EUR,85713.0,0.021083,Germany,45.92,Health Care,Health Care Providers & Services,4511375.5,FRE,GY,Common Stock,FRESENIUS SE & CO KGAA
GB0032089863,3208986,Next plc,GBP,23690.0,0.02102,United Kingdom,142.1,Consumer Discretionary,Broadline Retail,4497947.0,NXT,LN,Common Stock,NEXT PLC
CH0311864901,BYZWMR9,VAT Group AG,CHF,6049.0,0.021001,Switzerland,612.2,Industrials,Machinery,4493899.5,VACN,SW,Common Stock,VAT GROUP AG
US37940X1028,2712013,Global Payments Inc.,USD,52817.0,0.020995,United States,85.06,Financials,Financial Services,4492614.0,GPN,US,Common Stock,GLOBAL PAYMENTS INC
KW0EQ0100010,6889526,National Bank of Kuwait K.S.C.,KWD,1616641.0,0.020914,Kuwait,0.854,Financials,Banks,4475239.5,NBK,KK,Common Stock,NATIONAL BANK OF KUWAIT
SE0015961909,BNZFHC1,Hexagon AB Class B,SEK,461499.0,0.020885,Sweden,95.56,Information Technology,Electronic Equipment Instruments & Components,4469008.5,HEXAB,SS,Common Stock,HEXAGON AB-B SHS
US92345Y1064,B4P9W92,Verisk Analytics Inc.,USD,25414.0,0.020833,United States,175.41,Industrials,Professional Services,4457869.5,VRSK,US,Common Stock,VERISK ANALYTICS INC
JP3397200001,6865504,Suzuki Motor Corp.,JPY,345700.0,0.020812,Japan,2028.0,Consumer Discretionary,Automobiles,4453419.5,7269,JP,Common Stock,SUZUKI MOTOR CORP
US3156161024,2427599,F5 Inc.,USD,10307.0,0.02081,United States,432.03,Information Technology,Communications Equipment,4452933.0,FFIV,US,Common Stock,F5 INC
FI0009005987,5051252,UPM-Kymmene Oyj,EUR,149020.0,0.02081,Finland,26.07,Materials,Paper & Forest Products,4452931.5,UPM,FH,Common Stock,UPM-KYMMENE OYJ
TW0003231007,6672481,Wistron Corporation,TWD,758000.0,0.020799,Taiwan,186.5,Information Technology,Technology Hardware Storage & Peripherals,4450751.5,3231,TT,Common Stock,WISTRON CORP
US1651677353,BMZ5LZ5,Expand Energy Corporation,USD,50826.0,0.020781,United States,87.49,Energy,Oil Gas & Consumable Fuels,4446766.5,EXE,US,Common Stock,EXPAND ENERGY CORP
AEN000101016,6624471,First Abu Dhabi Bank P.J.S.C.,AED,830636.0,0.020736,United Arab Emirates,19.62,Financials,Banks,4437236.0,FAB,UH,Common Stock,FIRST ABU DHABI BANK PJSC
IL0010811243,6308913,Elbit Systems Ltd,ILS,5927.0,0.02071,Israel,2270.6,Industrials,Aerospace & Defense,4431661.0,ESLT,IT,Common Stock,ELBIT SYSTEMS LTD
JP3899600005,6596729,Mitsubishi Estate Company Limited,JPY,193000.0,0.0207,Japan,3613.0,Real Estate,Real Estate Management & Development,4429468.0,8802,JP,Common Stock,MITSUBISHI ESTATE CO LTD
CH0008742519,5533976,Swisscom AG,CHF,5624.0,0.020683,Switzerland,648.5,Communication Services,Diversified Telecommunication Services,4425901.5,SCMN,SW,Common Stock,SWISSCOM AG-REG
CA76131D1033,BTF8CF0,Restaurant Brands International Inc.,CAD,60620.0,0.020638,Canada,102.05,Consumer Discretionary,Hotels Restaurants & Leisure,4416242.0,QSR,CN,Common Stock,RESTAURANT BRANDS INTERN
SE0000695876,7332687,Alfa Laval AB,SEK,79704.0,0.020601,Sweden,545.8,Industrials,Machinery,4408369.0,ALFA,SS,Common Stock,ALFA LAVAL AB
CNE100001526,BD5CQ69,BYD Company Limited Class A,CNY,349400.0,0.020553,China,84.3,Consumer Discretionary,Automobiles,4398020.5,002594,CH,Common Stock,BYD CO LTD -A
NL0000009538,5986622,Koninklijke Philips N.V.,EUR,177193.0,0.020501,Netherlands,21.6,Health Care,Health Care Equipment & Supplies,4386930.5,PHIA,,Common Stock,KONINKLIJKE PHILIPS NV
IE00028FXN24,BRK49M5,Smurfit Westrock PLC,USD,98585.0,0.020423,United States,44.33,Materials,Containers & Packaging,4370273.0,SW,US,Common Stock,SMURFIT WESTROCK PLC
INE062A01020,BSQCB24,State Bank of India,INR,422535.0,0.020384,India,989.8,Financials,Banks,4361964.0,SBIN,IN,Common Stock,STATE BANK OF INDIA
US98980G1022,BZ00V34,Zscaler Inc.,USD,22071.0,0.020351,United States,197.31,Information Technology,Software,4354829.0,ZS,US,Common Stock,ZSCALER INC
TW0002059003,B01H720,King Slide Works Co. Ltd.,TWD,11000.0,0.020222,Taiwan,12495.0,Information Technology,Technology Hardware Storage & Peripherals,4327272.5,2059,TT,Common Stock,KING SLIDE WORKS CO LTD
DE0005190003,5756029,Bayerische Motoren Werke AG,EUR,62472.0,0.020212,Germany,60.4,Consumer Discretionary,Automobiles,4324967.0,BMW,GY,Common Stock,BAYERISCHE MOTOREN WERKE AG
DE0006047004,5120679,Heidelberg Materials AG,EUR,26192.0,0.020189,Germany,143.9,Materials,Construction Materials,4320061.0,HEI,GY,Common Stock,HEIDELBERG MATERIALS AG
FR0000045072,7262610,Credit Agricole SA,EUR,206881.0,0.020157,France,18.19,Financials,Banks,4313340.5,ACA,FP,Common Stock,CREDIT AGRICOLE SA
IE00BD1RP616,BD1RP61,Bank of Ireland Group Plc,EUR,184852.0,0.020031,Ireland,20.23,Financials,Banks,4286279.0,BIRG,ID,Common Stock,BANK OF IRELAND GROUP PLC
JP3381000003,6642569,NIPPON STEEL CORP.,JPY,970900.0,0.020031,Japan,695.0,Materials,Metals & Mining,4286330.0,5401,JP,Common Stock,NIPPON STEEL CORP
DK0010272202,4595739,Genmab A/S,DKK,12330.0,0.019967,Denmark,2260.0,Health Care,Biotechnology,4272585.0,GMAB,DC,Common Stock,GENMAB A/S
US3379321074,2100920,FirstEnergy Corp.,USD,94262.0,0.019937,United States,45.26,Utilities,Electric Utilities,4266298.0,FE,US,Common Stock,FIRSTENERGY CORP
US1252691001,B0G4K50,CF Industries Holdings Inc.,USD,33291.0,0.019867,United States,127.7,Materials,Chemicals,4251260.5,CF,US,Common Stock,CF INDUSTRIES HOLDINGS INC
JP3778630008,B0JDQD4,Bandai Namco Holdings Inc.,JPY,119800.0,0.019866,Japan,5586.0,Consumer Discretionary,Leisure Products,4250930.5,7832,JP,Common Stock,BANDAI NAMCO HOLDINGS INC
CNE100000Q43,B60LZR6,Agricultural Bank of China Limited Class H,HKD,5291000.0,0.019853,China,6.3,Financials,Banks,4248201.5,1288,HK,,
CNE1000002R0,B09N7M0,China Shenhua Energy Co. Ltd. Class H,HKD,749500.0,0.019847,China,44.46,Energy,Oil Gas & Consumable Fuels,4246859.5,1088,HK,,
JP3242800005,6172323,Canon Inc.,JPY,148400.0,0.019837,Japan,4503.0,Information Technology,Technology Hardware Storage & Peripherals,4244847.5,7751,JP,Common Stock,CANON INC
US4595061015,2464165,International Flavors & Fragrances Inc.,USD,51072.0,0.0198,United States,82.96,Materials,Chemicals,4236933.0,IFF,US,Common Stock,INTL FLAVORS & FRAGRANCES
ZAE000035861,6440859,Capitec Limited,ZAR,15491.0,0.019799,South Africa,4459.41,Financials,Banks,4236781.5,CPI,SJ,Common Stock,CAPITEC LIMITED
INE237A01036,BNBX1W7,Kotak Mahindra Bank Limited,INR,983385.0,0.019786,India,412.8,Financials,Banks,4233847.5,KMB,IN,Common Stock,KOTAK MAHINDRA BANK LTD
US5184391044,2320524,Estee Lauder Companies Inc. Class A,USD,45315.0,0.019785,United States,93.43,Consumer Staples,Personal Care Products,4233780.5,EL,US,Common Stock,ESTEE LAUDER COMPANIES-CL A
TW0002408002,6283601,Nanya Technology Corporation,TWD,256000.0,0.019774,Taiwan,525.0,Information Technology,Semiconductors & Semiconductor Equipment,4231405.5,2408,TT,Common Stock,NANYA TECHNOLOGY CORP
DE000A0D9PT0,B09DHL9,MTU Aero Engines AG,EUR,10850.0,0.019754,Germany,339.9,Industrials,Aerospace & Defense,4227088.0,MTX,GY,Common Stock,MTU AERO ENGINES AG
PTEDP0AM0009,4103596,EDP S.A.,EUR,766612.0,0.019739,Portugal,4.807,Utilities,Electric Utilities,4223866.5,EDP,PL,Common Stock,EDP SA
US1442851036,2177504,Carpenter Technology Corporation,USD,10337.0,0.019715,United States,408.12,Industrials,Aerospace & Defense,4218736.5,CRS,US,Common Stock,CARPENTER TECHNOLOGY
FR0000125338,4163437,Capgemini SE,EUR,35239.0,0.019697,France,104.35,Information Technology,It Services,4214795.0,CAP,FP,Common Stock,CAPGEMINI SE
JP3753000003,6643960,Nippon Yusen Kabushiki Kaisha,JPY,88300.0,0.019633,Japan,7490.0,Industrials,Marine Transportation,4201156.0,9101,JP,Common Stock,NIPPON YUSEN KK
FR0000121485,5505072,Kering SA,EUR,15722.0,0.019622,France,233.0,Consumer Discretionary,Textiles Apparel & Luxury Goods,4198789.5,KER,FP,Common Stock,KERING
GB0004052071,0405207,Halma plc,GBP,89978.0,0.019608,United Kingdom,34.9,Information Technology,Electronic Equipment Instruments & Components,4195821.0,HLMA,LN,Common Stock,HALMA PLC
AU000000STO6,6776703,Santos Limited,AUD,691952.0,0.019563,Australia,8.51,Energy,Oil Gas & Consumable Fuels,4186143.0,STO,AU,Common Stock,SANTOS LTD
KYG4818G1010,BGR6KX5,Innovent Biologics Inc.,HKD,338500.0,0.019475,China,96.6,Health Care,Biotechnology,4167375.0,1801,HK,,
CA96467A2002,B418WK4,Whitecap Resources Inc.,CAD,309487.0,0.019473,Canada,18.86,Energy,Oil Gas & Consumable Fuels,4166851.3,WCP,CN,Common Stock,WHITECAP RESOURCES INC
BMG762791017,BMW4NZ9,Roivant Sciences Ltd.,USD,104710.0,0.019461,United States,39.77,Health Care,Biotechnology,4164316.8,ROIV,US,Common Stock,ROIVANT SCIENCES LTD
NL0000009165,7792559,Heineken NV,EUR,51207.0,0.019403,Netherlands,70.74,Consumer Staples,Beverages,4151975.8,HEIA,,Common Stock,HEINEKEN NV
CH0466642201,BK6QWF0,Helvetia Baloise Holding AG,CHF,15425.0,0.019367,Switzerland,221.4,Financials,Insurance,4144281.0,HBAN,SW,Common Stock,HELVETIA BALOISE HOLDING AG
ES0167050915,B01FLQ6,ACS Actividades de Construccion y Servicios SA,EUR,38578.0,0.0193,Spain,93.4,Industrials,Construction & Engineering,4129971.0,ACS,SM,Common Stock,ACS ACTIVIDADES CONS Y SERV
CH1391448177,BVDKGC7,BeOne Medicines Ltd.,HKD,152400.0,0.019297,China,212.6,Health Care,Biotechnology,4129286.8,6160,HK,,
CA3359341052,2347608,First Quantum Minerals Ltd.,CAD,132105.0,0.019202,Canada,43.57,Materials,Metals & Mining,4108948.3,FM,CN,Common Stock,FIRST QUANTUM MINERALS LTD
GB00BMJ6DW54,BMJ6DW5,Informa Plc,GBP,351469.0,0.019194,United Kingdom,8.746,Communication Services,Media,4107255.3,INF,LN,Common Stock,INFORMA PLC
AU000000NST8,6717456,Northern Star Resources Ltd,AUD,259589.0,0.019154,Australia,22.21,Materials,Metals & Mining,4098673.5,NST,AU,Common Stock,NORTHERN STAR RESOURCES LTD
JP3979200007,6506267,Lasertec Corp.,JPY,16500.0,0.019147,Japan,39090.0,Information Technology,Semiconductors & Semiconductor Equipment,4097093.5,6920,JP,Common Stock,LASERTEC CORP
US2567461080,2272476,Dollar Tree Inc.,USD,36570.0,0.019134,United States,111.96,Consumer Staples,Consumer Staples Distribution & Retail,4094377.3,DLTR,US,Common Stock,DOLLAR TREE INC
CH1216478797,BPCPSD6,DSM-Firmenich AG,EUR,38524.0,0.019017,Netherlands,92.16,Materials,Chemicals,4069436.8,DSFIR,,Common Stock,DSM-FIRMENICH AG
GB00BHJYC057,BHJYC05,InterContinental Hotels Group PLC,USD,26794.0,0.019014,United Kingdom,151.85,Consumer Discretionary,Hotels Restaurants & Leisure,4068669.0,IHG,LN,Common Stock,INTERCONTINENTAL HOTELS GROU
SE0020050417,BPYTZ57,Boliden AB,SEK,75531.0,0.019008,Sweden,531.4,Materials,Metals & Mining,4067345.8,BOL,SS,Common Stock,BOLIDEN AB
INE280A01028,6139340,Titan Company Limited,INR,81883.0,0.018983,India,4756.5,Consumer Discretionary,Textiles Apparel & Luxury Goods,4062124.5,TTAN,IN,Common Stock,TITAN CO LTD
ZAE000109815,B030GJ7,Standard Bank Group Limited,ZAR,213245.0,0.018944,South Africa,309.95,Financials,Banks,4053682.0,SBK,SJ,Common Stock,STANDARD BANK GROUP LTD
US74144T1088,2702337,T. Rowe Price Group Inc.,USD,38853.0,0.018912,United States,104.16,Financials,Capital Markets,4046928.5,TROW,US,Common Stock,T ROWE PRICE GROUP INC
JP3551500006,6640381,DENSO CORPORATION,JPY,332600.0,0.018907,Japan,1915.0,Consumer Discretionary,Automobile Components,4045920.0,6902,JP,Common Stock,DENSO CORP
US3032501047,2330299,Fair Isaac Corporation,USD,4241.0,0.018822,United States,949.68,Information Technology,Software,4027593.0,FICO,US,Common Stock,FAIR ISAAC CORP
NL0000395903,5671519,Wolters Kluwer N.V.,EUR,51379.0,0.018758,Netherlands,68.16,Industrials,Professional Services,4013984.5,WKL,,Common Stock,WOLTERS KLUWER
US26614N2018,BW60F13,DuPont de Nemours Inc.,USD,31078.0,0.018737,United States,129.01,Industrials,Industrial Conglomerates,4009372.8,DD,US,Common Stock,DUPONT DE NEMOURS INC
INE038A01020,B0GWF48,Hindalco Industries Limited,INR,395403.0,0.018732,India,972.0,Materials,Metals & Mining,4008465.5,HNDL,IN,Common Stock,HINDALCO INDUSTRIES LTD
US98980L1017,BGSP7M9,Zoom Communications Inc. Class A,USD,45135.0,0.018724,United States,88.77,Information Technology,Software,4006634.0,ZM,US,Common Stock,ZOOM COMMUNICATIONS INC
US7595091023,2729068,Reliance Inc.,USD,10254.0,0.018696,United States,390.15,Materials,Metals & Mining,4000598.0,RS,US,Common Stock,RELIANCE INC
JP3546800008,6885074,Terumo Corporation,JPY,280900.0,0.018662,Japan,2238.0,Health Care,Health Care Equipment & Supplies,3993356.5,4543,JP,Common Stock,TERUMO CORP
CH1430134226,BV5F675,Amrize Ltd,USD,106173.0,0.018626,United States,37.54,Materials,Construction Materials,3985734.5,AMRZ,US,Common Stock,AMRIZE LTD
CH0030170408,B1WGG93,Geberit AG,CHF,6093.0,0.018624,Switzerland,539.0,Industrials,Building Products,3985349.3,GEBN,SW,Common Stock,GEBERIT AG-REG
US6819191064,2279303,Omnicom Group Inc,USD,51995.0,0.018605,United States,76.57,Communication Services,Media,3981257.3,OMC,US,Common Stock,OMNICOM GROUP
SA0007879543,B12M7Q5,Saudi Telecom Co.,SAR,342670.0,0.018604,Saudi Arabia,43.64,Communication Services,Diversified Telecommunication Services,3981076.8,STC,AB,Common Stock,SAUDI TELECOM CO
SE0009922164,BF1K7P7,Essity AB Class B,SEK,149947.0,0.018576,Sweden,261.6,Consumer Staples,Household Products,3975024.5,ESSITYB,SS,Common Stock,ESSITY AKTIEBOLAG-B
US88262P1021,BM99VY2,Texas Pacific Land Corporation,USD,11231.0,0.01851,United States,352.67,Energy,Oil Gas & Consumable Fuels,3960836.8,TPL,US,Common Stock,TEXAS PACIFIC LAND CORP
US1921085049,2208136,Coeur Mining Inc.,USD,200266.0,0.018493,United States,19.76,Materials,Metals & Mining,3957256.3,CDE,US,Common Stock,COEUR MINING INC
CNE000001B33,BP3R273,China Merchants Bank Co. Ltd. Class A,CNY,652700.0,0.018487,China,40.59,Financials,Banks,3955846.3,600036,CH,Common Stock,CHINA MERCHANTS BANK-A
TW0005274005,B80VKP3,ASPEED Technology Inc.,TWD,6500.0,0.018448,Taiwan,19290.0,Information Technology,Semiconductors & Semiconductor Equipment,3947579.8,5274,TPEX,Common Stock,ASPEED TECHNOLOGY INC
JP3388200002,6480048,AEON Co. Ltd.,JPY,473100.0,0.018447,Japan,1313.5,Consumer Staples,Consumer Staples Distribution & Retail,3947383.8,8267,JP,Common Stock,AEON CO LTD
JP3205800000,6483809,Kao Corporation,JPY,178500.0,0.018429,Japan,3478.0,Consumer Staples,Personal Care Products,3943611.3,4452,JP,Common Stock,KAO CORP
US5705351048,2566436,Markel Group Inc.,USD,2215.0,0.018387,United States,1776.33,Financials,Insurance,3934571.0,MKL,US,Common Stock,MARKEL GROUP INC
ID1000109507,B01C1P6,PT Bank Central Asia Tbk,IDR,11069900.0,0.018377,Indonesia,6300.0,Financials,Banks,3932358.0,BBCA,IJ,Common Stock,BANK CENTRAL ASIA TBK PT
CNE100000593,6706250,PICC Property & Casualty Co. Ltd. Class H,HKD,1839000.0,0.018335,China,16.74,Financials,Insurance,3923412.3,2328,HK,,
US4601461035,2465254,International Paper Company,USD,113173.0,0.018262,United States,34.53,Materials,Containers & Packaging,3907863.8,IP,US,Common Stock,INTERNATIONAL PAPER CO
US2315611010,2241205,Curtiss-Wright Corporation,USD,6871.0,0.018247,United States,568.27,Industrials,Aerospace & Defense,3904583.3,CW,US,Common Stock,CURTISS-WRIGHT CORP
US31620M1062,2769796,Fidelity National Information Services Inc.,USD,109445.0,0.018218,United States,35.62,Financials,Financial Services,3898431.0,FIS,US,Common Stock,FIDELITY NATIONAL INFO SERV
US34959J1088,BYT3MK1,Fortive Corp.,USD,70577.0,0.01814,United States,55.0,Industrials,Machinery,3881735.0,FTV,US,Common Stock,FORTIVE CORP
DE0006599905,4741844,Merck KGaA,EUR,26034.0,0.018108,Germany,129.85,Health Care,Pharmaceuticals,3874746.8,MRK,GY,Common Stock,MERCK KGAA
JE00BV7DQ550,BV7DQ55,Amcor PLC,USD,92446.0,0.018102,United States,41.9,Materials,Containers & Packaging,3873487.5,AMCR,US,Common Stock,AMCOR PLC
FR0000124141,4031879,Veolia Environnement SA,EUR,105714.0,0.017973,France,31.74,Utilities,Multi-Utilities,3845916.5,VIE,FP,Common Stock,VEOLIA ENVIRONNEMENT
US1152361010,2692687,Brown & Brown Inc.,USD,59132.0,0.017967,United States,65.02,Financials,Insurance,3844762.8,BRO,US,Common Stock,BROWN & BROWN INC
US8923561067,2900335,Tractor Supply Company,USD,119219.0,0.017945,United States,32.21,Consumer Discretionary,Specialty Retail,3840044.0,TSCO,US,Common Stock,TRACTOR SUPPLY COMPANY
TW0003443008,B056381,Global Unichip Corp.,TWD,17000.0,0.017884,Taiwan,7150.0,Information Technology,Semiconductors & Semiconductor Equipment,3826840.0,3443,TT,Common Stock,GLOBAL UNICHIP CORP
US0865161014,2094670,Best Buy Co. Inc.,USD,41153.0,0.017857,United States,92.85,Consumer Discretionary,Specialty Retail,3821056.0,BBY,US,Common Stock,BEST BUY CO INC
US00827B1061,BMF9NM8,Affirm Holdings Inc. Class A,USD,53626.0,0.017846,United States,71.21,Financials,Financial Services,3818707.5,AFRM,US,Common Stock,AFFIRM HOLDINGS INC
TW0006669005,BF4QXG5,Wiwynn Corporation,TWD,56673.0,0.017844,Taiwan,2140.0,Information Technology,Technology Hardware Storage & Peripherals,3818346.3,6669,TT,Common Stock,WIWYNN CORP
SE0007100599,BXDZ9Q1,Svenska Handelsbanken AB Class A,SEK,245946.0,0.017838,Sweden,153.15,Financials,Banks,3816990.3,SHBA,SS,Common Stock,SVENSKA HANDELSBANKEN-A SHS
US2971781057,2316619,Essex Property Trust Inc.,USD,14134.0,0.017837,United States,270.05,Real Estate,Residential Reits,3816886.8,ESS,US,REIT,ESSEX PROPERTY TRUST INC
JP3783600004,6298542,East Japan Railway Company,JPY,173300.0,0.0178,Japan,3460.0,Industrials,Ground Transportation,3808912.3,9020,JP,Common Stock,EAST JAPAN RAILWAY CO
US2605571031,BHXCF84,Dow Inc.,USD,132422.0,0.017779,United States,28.73,Materials,Chemicals,3804484.0,DOW,US,Common Stock,DOW INC
CA4530384086,2454241,Imperial Oil Limited,CAD,29260.0,0.017749,Canada,181.83,Energy,Oil Gas & Consumable Fuels,3798076.8,IMO,CN,Common Stock,IMPERIAL OIL LTD
CA1367178326,2172639,Canadian Utilities Limited Class A,CAD,103858.0,0.017698,Canada,51.08,Utilities,Multi-Utilities,3787169.3,CU,CN,Common Stock,CANADIAN UTILITIES LTD-A
FI0009013403,B09M9D2,KONE Oyj Class B,EUR,65647.0,0.01768,Finland,50.28,Industrials,Machinery,3783298.3,KNEBV,FH,Common Stock,KONE OYJ-B
US98956P1021,2783815,Zimmer Biomet Holdings Inc.,USD,39643.0,0.017666,United States,95.36,Health Care,Health Care Equipment & Supplies,3780356.5,ZBH,US,Common Stock,ZIMMER BIOMET HOLDINGS INC
US3364331070,B1HMF22,First Solar Inc.,USD,19276.0,0.017652,United States,195.96,Information Technology,Semiconductors & Semiconductor Equipment,3777325.0,FSLR,US,Common Stock,FIRST SOLAR INC
US30034W1062,BFMXGR0,Evergy Inc.,USD,47307.0,0.017637,United States,79.78,Utilities,Electric Utilities,3774152.5,EVRG,US,Common Stock,EVERGY INC
AU000000ORG5,6214861,Origin Energy Limited,AUD,454482.0,0.017605,Australia,11.66,Utilities,Electric Utilities,3767244.0,ORG,AU,Common Stock,ORIGIN ENERGY LTD
US9837931008,B6Z1355,XPO Inc.,USD,21515.0,0.01752,United States,174.25,Industrials,Ground Transportation,3748988.8,XPO,US,Common Stock,XPO INC
AU000000EVN4,B3X0F91,Evolution Mining Limited,AUD,383144.0,0.017438,Australia,13.7,Materials,Metals & Mining,3731565.8,EVN,AU,Common Stock,EVOLUTION MINING LTD
KYG3730V1059,BLKFTK4,FTAI Aviation Ltd.,USD,19522.0,0.017401,United States,190.74,Industrials,Aerospace & Defense,3723626.3,FTAI,US,Common Stock,FTAI AVIATION LTD
GB00B5ZN1N88,B5ZN1N8,SEGRO plc,GBP,297249.0,0.017388,United Kingdom,9.368,Real Estate,Industrial Reits,3720681.5,SGRO,LN,REIT,SEGRO PLC
NL0015000IY2,BNZGVV1,Universal Music Group N.V.,EUR,219907.0,0.017374,Netherlands,14.75,Communication Services,Entertainment,3717846.8,UMG,,Common Stock,UNIVERSAL MUSIC GROUP NV
FI0009003727,4525189,Wartsila Oyj Abp,EUR,113065.0,0.017236,Finland,28.46,Industrials,Machinery,3688276.8,WRT1V,FH,Common Stock,WARTSILA OYJ ABP
US31946M1036,2355582,First Citizens BancShares Inc. Class A,USD,1745.0,0.017222,United States,2111.89,Financials,Banks,3685248.0,FCNCA,US,Common Stock,FIRST CITIZENS BCSHS  -CL A
CNE100000B24,BP3R400,Zijin Mining Group Co. Ltd. Class A,CNY,784600.0,0.017196,China,31.41,Materials,Metals & Mining,3679789.5,601899,CH,Common Stock,ZIJIN MINING GROUP CO LTD-A
JP3566800003,6183552,Central Japan Railway Company,JPY,151685.0,0.017178,Japan,3815.0,Industrials,Ground Transportation,3675898.0,9022,JP,Common Stock,CENTRAL JAPAN RAILWAY CO
ES0113860A34,B1X8QN2,Banco de Sabadell SA,EUR,878446.0,0.017123,Spain,3.639,Financials,Banks,3664017.5,SAB,SM,Common Stock,BANCO DE SABADELL SA
TH0528010R18,6418931,Delta Electronics (Thailand) Public Co. Ltd. NVDR,THB,506034.0,0.017101,Thailand,241.0,Information Technology,Electronic Equipment Instruments & Components,3659266.3,DELTA-R,TB,NVDR,DELTA ELECTRONICS THAI-NVDR
SE0021921269,BPXZH27,Saab AB Class B,SEK,59813.0,0.017097,Sweden,603.6,Industrials,Aerospace & Defense,3658550.8,SAABB,SS,Common Stock,SAAB AB-B
HK0002007356,6097017,CLP Holdings Limited,HKD,370500.0,0.01709,Hong Kong,77.45,Utilities,Electric Utilities,3657096.5,2,HK,Common Stock,CLP HOLDINGS LTD
TW0003008009,6451668,LARGAN Precision Co. Ltd.,TWD,18000.0,0.017029,Taiwan,6430.0,Information Technology,Electronic Equipment Instruments & Components,3643919.8,3008,TT,Common Stock,LARGAN PRECISION CO LTD
MXP320321310,2242059,Fomento Economico Mexicano SAB de CV Units Cons. Of 1 ShsB And 4 ShsD,MXN,308055.0,0.017026,Mexico,203.9,Consumer Staples,Beverages,3643411.5,FEMSAUBD,MM,Unit,FOMENTO ECONOMICO MEXICA-UBD
IE0004927939,4491235,Kingspan Group Plc,EUR,32939.0,0.017026,Ireland,96.5,Industrials,Building Products,3643327.0,KRX,ID,Common Stock,KINGSPAN GROUP PLC
DE0007664039,5497168,Volkswagen AG Pref,EUR,41480.0,0.017002,Germany,76.52,Consumer Discretionary,Automobiles,3638095.5,VOW3,GY,Preference,VOLKSWAGEN AG-PREF
US4456581077,2445416,J.B. Hunt Transport Services Inc.,USD,15503.0,0.016971,United States,234.25,Industrials,Ground Transportation,3631577.8,JBHT,US,Common Stock,HUNT (JB) TRANSPRT SVCS INC
IE00BFY8C754,BFY8C75,STERIS plc,USD,17660.0,0.016922,United States,205.04,Health Care,Health Care Equipment & Supplies,3621006.5,STE,US,Common Stock,STERIS PLC
AU000000CPU5,6180412,Computershare Limited,AUD,124244.0,0.016882,Australia,40.9,Industrials,Professional Services,3612495.0,CPU,AU,Common Stock,COMPUTERSHARE LTD
CA0977518616,BN33PL2,Bombardier Inc. Class B,CAD,16570.0,0.016835,Canada,304.55,Industrials,Aerospace & Defense,3602508.0,BBD/B,CN,Common Stock,BOMBARDIER INC-B
CA1130041058,BPCPYH2,Brookfield Asset Management Ltd. Class A,CAD,78183.0,0.016816,Canada,64.47,Financials,Capital Markets,3598271.0,BAM,CN,Common Stock,BROOKFIELD ASSET MGMT-A
US5312297550,BPLYVN5,Liberty Media Corporation Series C,USD,38035.0,0.016804,United States,94.54,Communication Services,Entertainment,3595829.0,FWONK,US,Tracking Stk,LIBERTY MEDIA CORP-C
HK0016000132,6859927,Sun Hung Kai Properties Limited,HKD,261511.0,0.016774,Hong Kong,107.7,Real Estate,Real Estate Management & Development,3589487.5,16,HK,Common Stock,SUN HUNG KAI PROPERTIES
INE263A01024,BF1THH6,Bharat Electronics Limited,INR,874030.0,0.01677,India,393.65,Industrials,Aerospace & Defense,3588464.0,BHE,IN,Common Stock,BHARAT ELECTRONICS LTD
US2944291051,2319146,Equifax Inc.,USD,22585.0,0.016768,United States,158.87,Industrials,Professional Services,3588079.0,EFX,US,Common Stock,EQUIFAX INC
FR0014003TT8,BM8H5Y5,Dassault Systemes SE,EUR,152079.0,0.016748,France,20.56,Information Technology,Software,3583874.3,DSY,FP,Common Stock,DASSAULT SYSTEMES SE
IL0006912120,6451271,Israel Discount Bank Limited Class A,ILS,300691.0,0.016723,Israel,36.14,Financials,Banks,3578487.8,DSCT,IT,Common Stock,ISRAEL DISCOUNT BANK-A
US12514G1085,BBM5MD6,CDW Corporation,USD,24365.0,0.016646,United States,146.19,Information Technology,Electronic Equipment Instruments & Components,3561919.3,CDW,US,Common Stock,CDW CORP/DE
JP3505000004,6251363,Daiwa House Industry Co. Ltd.,JPY,122900.0,0.016629,Japan,4558.0,Real Estate,Real Estate Management & Development,3558381.3,1925,JP,Common Stock,DAIWA HOUSE INDUSTRY CO LTD
CH0024608827,B119QG0,Partners Group Holding AG,CHF,4778.0,0.01661,Switzerland,613.0,Financials,Capital Markets,3554291.5,PGHN,SW,Common Stock,PARTNERS GROUP HOLDING AG
IT0005218380,BYMD5K9,Banco BPM SpA,EUR,197505.0,0.016609,Italy,15.7,Financials,Banks,3554169.8,BAMI,IM,Common Stock,BANCO BPM SPA
US4932671088,2490911,KeyCorp,USD,169784.0,0.016511,United States,20.81,Financials,Banks,3533205.0,KEY,US,Common Stock,KEYCORP
US75734B1008,BMVNLY2,Reddit Inc. Class A,USD,23386.0,0.016486,United States,150.85,Communication Services,Interactive Media & Services,3527778.0,RDDT,US,Common Stock,REDDIT INC-CL A
US78410G1040,BZ6TS23,SBA Communications Corp. Class A,USD,19749.0,0.016482,United States,178.59,Real Estate,Specialized Reits,3526974.0,SBAC,US,REIT,SBA COMMUNICATIONS CORP
INE758T01015,BL6P210,Eternal Limited,INR,1032790.0,0.016438,India,326.55,Consumer Discretionary,Hotels Restaurants & Leisure,3517496.5,ETERNAL,IN,Common Stock,ETERNAL LTD
US4228061093,2419217,HEICO Corporation,USD,11767.0,0.016399,United States,298.22,Industrials,Aerospace & Defense,3509154.8,HEI,US,Common Stock,HEICO CORP
DE0008402215,4511809,Hannover Rueck SE,EUR,12123.0,0.01639,Germany,252.4,Financials,Insurance,3507194.8,HNR1,GY,Common Stock,HANNOVER RUECK SE
HK0823032773,B0PB4M7,Link Real Estate Investment Trust,HKD,741950.0,0.016359,Hong Kong,37.02,Real Estate,Retail Reits,3500562.8,823,HK,REIT,LINK REIT
CH0012032113,7108918,Roche Holding Ltd,CHF,7891.0,0.016325,Switzerland,364.8,Health Care,Pharmaceuticals,3493279.5,RO,SW,Common Stock,ROCHE HOLDING AG-BR
INE467B01029,B01NPJ1,Tata Consultancy Services Limited,INR,159412.0,0.016324,India,2101.0,Information Technology,It Services,3493164.5,TCS,IN,Common Stock,TATA CONSULTANCY SVCS LTD
TW0002344009,6966515,Winbond Electronics Corp.,TWD,618000.0,0.016321,Taiwan,179.5,Information Technology,Semiconductors & Semiconductor Equipment,3492515.0,2344,TT,Common Stock,WINBOND ELECTRONICS CORP
US98850P1093,BN2BD13,Yum China Holdings Inc.,HKD,84512.0,0.016318,China,324.2,Consumer Discretionary,Hotels Restaurants & Leisure,3491871.0,9987,HK,,
US91307C1027,2430412,United Therapeutics Corporation,USD,7047.0,0.016289,United States,494.63,Health Care,Biotechnology,3485657.5,UTHR,US,Common Stock,UNITED THERAPEUTICS CORP
US5260571048,2511920,Lennar Corporation Class A,USD,45588.0,0.016283,United States,76.43,Consumer Discretionary,Household Durables,3484290.8,LEN,US,Common Stock,LENNAR CORP-A
BRAXIAACNOR0,BV9B624,AXIA Energia SA,BRL,333618.0,0.01625,Brazil,53.8,Utilities,Electric Utilities,3477274.8,AXIA3,BZ,Common Stock,AXIA ENERGIA SA
CNE1000015Y8,BP3R411,Founder Securities Co. Ltd. Class A,CNY,3404500.0,0.016225,China,6.83,Financials,Capital Markets,3472008.5,601901,CH,Common Stock,FOUNDER SECURITIES CO LTD-A
AU000000FMG4,6086253,Fortescue Ltd,AUD,291799.0,0.016218,Australia,16.73,Materials,Metals & Mining,3470469.8,FMG,AU,Common Stock,FORTESCUE LTD
MX01AM050019,BMVRB77,America Movil SAB de CV Class B,MXN,3076786.0,0.01618,Mexico,19.4,Communication Services,Wireless Telecommunication Services,3462276.5,AMXB,MM,Common Stock,AMERICA MOVIL SAB DE C-SER B
CA5592224011,2554475,Magna International Inc.,CAD,54601.0,0.016135,Canada,88.58,Consumer Discretionary,Automobile Components,3452710.5,MG,CN,Common Stock,MAGNA INTERNATIONAL INC
AU000000S320,BWSW5D9,South32 Ltd.,AUD,983591.0,0.01611,Australia,4.93,Materials,Metals & Mining,3447227.8,S32,AU,Common Stock,SOUTH32 LTD
CH0012549785,7156036,Sonova Holding AG,CHF,12209.0,0.016063,Switzerland,232.0,Health Care,Health Care Equipment & Supplies,3437277.0,SOON,SW,Common Stock,SONOVA HOLDING AG-REG
CNE100000502,6725299,Zijin Mining Group Co. Ltd. Class H,HKD,788000.0,0.016023,China,34.14,Materials,Metals & Mining,3428597.5,2899,HK,,
NO0013536151,BSTRB82,Kongsberg Gruppen ASA,NOK,100317.0,0.016022,Norway,322.5,Industrials,Aerospace & Defense,3428450.5,KOG,NO,Common Stock,KONGSBERG GRUPPEN ASA
US0188021085,2973821,Alliant Energy Corporation,USD,52257.0,0.016021,United States,65.605,Utilities,Electric Utilities,3428320.5,LNT,US,Common Stock,ALLIANT ENERGY CORP
JP3134800006,6466985,IHI Corporation,JPY,188900.0,0.015996,Japan,2852.5,Industrials,Machinery,3422819.0,7013,JP,Common Stock,IHI CORP
IL0007670123,6460590,Phoenix Financial Ltd,ILS,55679.0,0.015971,Israel,186.4,Financials,Insurance,3417655.5,PHOE,IT,Common Stock,PHOENIX FINANCIAL LTD
US9024941034,2909730,Tyson Foods Inc. Class A,USD,64732.0,0.015963,United States,52.77,Consumer Staples,Food Products,3415907.8,TSN,US,Common Stock,TYSON FOODS INC-CL A
US8330341012,2818740,Snap-on Incorporated,USD,9177.0,0.01596,United States,372.15,Industrials,Machinery,3415220.5,SNA,US,Common Stock,SNAP-ON INC
US69370C1009,B95N910,PTC Inc.,USD,25107.0,0.015944,United States,135.89,Information Technology,Software,3411790.3,PTC,US,Common Stock,PTC INC
JP3228600007,6483489,Kansai Electric Power Company Incorporated,JPY,184300.0,0.015896,Japan,2905.5,Utilities,Electric Utilities,3401516.0,9503,JP,Common Stock,KANSAI ELECTRIC POWER CO INC
TW0002412004,6287841,Chunghwa Telecom Co. Ltd,TWD,741000.0,0.015863,Taiwan,145.5,Communication Services,Diversified Telecommunication Services,3394427.8,2412,TT,Common Stock,CHUNGHWA TELECOM CO LTD
US45167R1041,2456612,IDEX Corporation,USD,15166.0,0.015856,United States,223.72,Industrials,Machinery,3392937.5,IEX,US,Common Stock,IDEX CORP
CNE0000018R8,BP3R2F1,Kweichow Moutai Co. Ltd. Class A,CNY,17900.0,0.015702,China,1257.12,Consumer Staples,Beverages,3359978.5,600519,CH,Common Stock,KWEICHOW MOUTAI CO LTD-A
US21036P1084,2170473,Constellation Brands Inc. Class A,USD,28239.0,0.0157,United States,118.97,Consumer Staples,Beverages,3359593.8,STZ,US,Common Stock,CONSTELLATION BRANDS INC-A
TH0268010R11,6412609,Advanced Info Service Public Co. Ltd. NVDR,THB,324596.0,0.015657,Thailand,344.0,Communication Services,Wireless Telecommunication Services,3350417.3,ADVANC-R,TB,NVDR,ADVANCED INFO SERVICE-NVDR
US5253271028,BDV82B8,Leidos Holdings Inc.,USD,26107.0,0.015579,United States,127.69,Industrials,Professional Services,3333602.8,LDOS,US,Common Stock,LEIDOS HOLDINGS INC
JP3827200001,6357562,Furukawa Electric Co. Ltd.,JPY,134000.0,0.015518,Japan,3901.0,Industrials,Electrical Equipment,3320527.0,5801,JP,Common Stock,FURUKAWA ELECTRIC CO LTD
US5745991068,2570200,Masco Corporation,USD,48655.0,0.015475,United States,68.06,Industrials,Building Products,3311459.3,MAS,US,Common Stock,MASCO CORP
US4228062083,2237561,HEICO Corporation Class A,USD,14913.0,0.015465,United States,221.9,Industrials,Aerospace & Defense,3309194.8,HEI/A,US,Common Stock,HEICO CORP-CLASS A
IE00BYTBXV33,BYTBXV3,Ryanair Holdings Plc,EUR,127585.0,0.015459,Ireland,22.62,Industrials,Passenger Airlines,3307902.3,RYA,ID,Common Stock,RYANAIR HOLDINGS PLC
IE0004906560,4519579,Kerry Group Plc Class A,EUR,34736.0,0.015434,Ireland,82.95,Consumer Staples,Food Products,3302604.8,KYGA,ID,Common Stock,KERRY GROUP PLC-A
US5404241086,2523022,Loews Corporation,USD,30567.0,0.015395,United States,107.77,Financials,Insurance,3294205.5,L,US,Common Stock,LOEWS CORP
CNE1000048K8,BLD4QD0,Haier Smart Home Co. Ltd. Class H,HKD,1255800.0,0.015392,China,20.58,Consumer Discretionary,Household Durables,3293765.3,6690,HK,,
GRS829003003,BW9DW63,EUROBANK S.A.,EUR,615675.0,0.015384,Greece,4.665,Financials,Banks,3292028.5,EUROB,GA,Common Stock,EUROBANK SA
DE000A1ML7J1,BBJPFY1,Vonovia SE,EUR,161432.0,0.015305,Germany,17.7,Real Estate,Real Estate Management & Development,3275091.0,VNA,GY,Common Stock,VONOVIA SE
ZAE000026480,6290689,Remgro Limited,ZAR,263294.0,0.015255,South Africa,202.15,Financials,Financial Services,3264328.5,REM,SJ,Common Stock,REMGRO LTD
GB0000456144,0045614,Antofagasta plc,GBP,66702.0,0.015231,United Kingdom,36.57,Materials,Metals & Mining,3259260.0,ANTO,LN,Common Stock,ANTOFAGASTA PLC
GB00B8C3BL03,B8C3BL0,Sage Group plc,GBP,241733.0,0.015222,United Kingdom,10.085,Information Technology,Software,3257369.5,SGE,LN,Common Stock,SAGE GROUP PLC/THE
MXP225611567,2406457,Cemex SAB de CV Cert Part Ord Repr 2 ShsA & 1 ShsB,MXN,3218443.0,0.015198,Mexico,17.42,Materials,Construction Materials,3252046.0,CEMEXCPO,MM,Unit,CEMEX SAB-CPO
FI0009013296,B06YV46,Neste Corporation,EUR,81448.0,0.015187,Finland,34.81,Energy,Oil Gas & Consumable Fuels,3249712.3,NESTE,FH,Common Stock,NESTE OYJ
TW0002301009,6519481,Lite-On Technology Corp.,TWD,366000.0,0.015186,Taiwan,282.0,Information Technology,Technology Hardware Storage & Peripherals,3249492.5,2301,TT,Common Stock,LITE-ON TECHNOLOGY CORP
AU000000SUN6,6585084,Suncorp Group Limited,AUD,235865.0,0.015131,Australia,19.31,Financials,Insurance,3237831.8,SUN,AU,Common Stock,SUNCORP GROUP LTD
CH0102484968,B4R2R50,Julius Baer Gruppe AG,CHF,36846.0,0.015107,Switzerland,72.3,Financials,Capital Markets,3232772.3,BAER,SW,Common Stock,JULIUS BAER GROUP LTD
INE721A01047,BS4DBX0,Shriram Finance Limited,INR,307016.0,0.015039,India,1005.0,Financials,Consumer Finance,3218096.5,SHFL,IN,Common Stock,SHRIRAM FINANCE LTD
US12541W2098,2116228,C.H. Robinson Worldwide Inc.,USD,20998.0,0.015013,United States,152.99,Industrials,Air Freight & Logistics,3212484.0,CHRW,US,Common Stock,C.H. ROBINSON WORLDWIDE INC
CA45075E1043,BJ2ZH37,iA Financial Corporation Inc.,CAD,20963.0,0.014942,Canada,213.66,Financials,Insurance,3197426.3,IAG,CN,Common Stock,IA FINANCIAL CORP INC
US1220171060,BF311Y5,Burlington Stores Inc.,USD,13415.0,0.014865,United States,237.12,Consumer Discretionary,Specialty Retail,3180964.8,BURL,US,Common Stock,BURLINGTON STORES INC
AT0000BAWAG2,BZ1GZ06,BAWAG Group AG,EUR,15700.0,0.014843,Austria,176.5,Financials,Banks,3176177.5,BG,AV,Common Stock,BAWAG GROUP AG
IL0006954379,6916703,Mizrahi Tefahot Bank Ltd,ILS,40244.0,0.014839,Israel,239.6,Financials,Banks,3175257.8,MZTF,IT,Common Stock,MIZRAHI TEFAHOT BANK LTD
US62944T1051,2637785,NVR Inc.,USD,516.0,0.014831,United States,6150.47,Consumer Discretionary,Household Durables,3173642.5,NVR,US,Common Stock,NVR INC
JP3118000003,6057378,Asics Corporation,JPY,122600.0,0.014798,Japan,4066.0,Consumer Discretionary,Textiles Apparel & Luxury Goods,3166533.8,7936,JP,Common Stock,ASICS CORP
CA92938W2022,BHR3R21,WSP Global Inc,CAD,25091.0,0.014745,Canada,176.15,Industrials,Construction & Engineering,3155182.5,WSP,CN,Common Stock,WSP GLOBAL INC
US78467J1007,B58YSC6,SS&C Technologies Holdings Inc.,USD,39453.0,0.014737,United States,79.93,Industrials,Professional Services,3153478.3,SSNC,US,Common Stock,SS&C TECHNOLOGIES HOLDINGS
CNE100000205,B0B8Z29,Bank of Communications Co. Ltd. Class H,HKD,3038000.0,0.014728,China,8.14,Financials,Banks,3151657.3,3328,HK,,
JP3116000005,6054409,Asahi Group Holdings Ltd,JPY,307900.0,0.014716,Japan,1610.0,Consumer Staples,Beverages,3148921.8,2502,JP,Common Stock,ASAHI GROUP HOLDINGS LTD
AEA000201011,6545464,Abu Dhabi Commercial Bank PJSC,AED,721818.0,0.014713,United Arab Emirates,16.02,Financials,Banks,3148422.3,ADCB,UH,Common Stock,ABU DHABI COMMERCIAL BANK
INE361B01024,6602518,Divi's Laboratories Limited,INR,32226.0,0.014713,India,9367.0,Health Care,Life Sciences Tools & Services,3148320.0,DIVI,IN,Common Stock,DIVI'S LABORATORIES LTD
US6556631025,2641838,Nordson Corporation,USD,10099.0,0.014705,United States,311.57,Industrials,Machinery,3146545.5,NDSN,US,Common Stock,NORDSON CORP
ES0105066007,BX90C05,Cellnex Telecom S.A.,EUR,109604.0,0.014677,Spain,25.0,Communication Services,Diversified Telecommunication Services,3140702.5,CLNX,SM,Common Stock,CELLNEX TELECOM SA
US6687711084,BJN4XN5,Gen Digital Inc.,USD,108138.0,0.01466,United States,29.01,Information Technology,Software,3137083.5,GEN,US,Common Stock,GEN DIGITAL INC
CA29446Y5020,BKLNP13,Equinox Gold Corp.,CAD,250300.0,0.014605,Canada,17.49,Materials,Metals & Mining,3125176.5,EQX,CN,Common Stock,EQUINOX GOLD CORP
AU0000185993,BMQ80V2,IREN Limited,USD,66850.0,0.014583,United States,46.68,Information Technology,Software,3120558.0,IREN,US,Common Stock,IREN LTD
US0584981064,2073022,Ball Corporation,USD,51758.0,0.014549,United States,60.15,Materials,Containers & Packaging,3113243.8,BALL,US,Common Stock,BALL CORP
US16119P1084,BZ6VT82,Charter Communications Inc. Class A,USD,24290.0,0.014549,United States,128.17,Communication Services,Media,3113249.3,CHTR,US,Common Stock,CHARTER COMMUNICATIONS INC-A
NZFAPE0001S2,6340250,Fisher & Paykel Healthcare Corporation Limited,NZD,123347.0,0.014535,New Zealand,44.15,Health Care,Health Care Equipment & Supplies,3110351.8,FPH,NZ,Common Stock,FISHER & PAYKEL HEALTHCARE C
TW0006223001,6574457,MPI Corporation,TWD,17000.0,0.014507,Taiwan,5800.0,Information Technology,Semiconductors & Semiconductor Equipment,3104290.0,6223,TPEX,Common Stock,MPI CORP
SG1M51904654,6420129,CapitaLand Integrated Commercial Trust,SGD,1728712.0,0.014473,Singapore,2.29,Real Estate,Diversified Reits,3097008.0,CICT,SP,REIT,CAPITALAND INTEGRATED COMMER
JP3183200009,6743882,Japan Exchange Group Inc.,JPY,217700.0,0.014447,Japan,2235.5,Financials,Capital Markets,3091429.8,8697,JP,Common Stock,JAPAN EXCHANGE GROUP INC
TW0007769002,BSMS289,Hon. Precision Inc.,TWD,15000.0,0.014433,Taiwan,6540.0,Information Technology,Semiconductors & Semiconductor Equipment,3088548.0,7769,TT,Common Stock,HON PRECISION INC
US79589L1061,BPK3058,Samsara Inc. Class A,USD,78090.0,0.014433,United States,39.55,Information Technology,Software,3088459.5,IOT,US,Common Stock,SAMSARA INC-CL A
GB00B02J6398,B02J639,Admiral Group plc,GBP,60474.0,0.014417,United Kingdom,38.18,Financials,Insurance,3085033.0,ADM,LN,Common Stock,ADMIRAL GROUP PLC
CH1256740924,BMBQHZ4,SGS SA,CHF,27283.0,0.014395,Switzerland,93.04,Industrials,Professional Services,3080408.5,SGSN,SW,Common Stock,SGS SA-REG
US35137L2043,BJJMGY5,Fox Corporation Class B,USD,53322.0,0.014388,United States,57.74,Communication Services,Media,3078812.3,FOX,US,Common Stock,FOX CORP - CLASS B
INE044A01036,6582483,Sun Pharmaceutical Industries Limited,INR,160271.0,0.014338,India,1835.5,Health Care,Pharmaceuticals,3068183.3,SUNP,IN,Common Stock,SUN PHARMACEUTICAL INDUS
NL0013267909,BJ2KSG2,Akzo Nobel N.V.,EUR,47717.0,0.014334,Netherlands,56.08,Materials,Chemicals,3067196.3,AKZA,,Common Stock,AKZO NOBEL N.V.
CA89156V1067,B3QJ0H8,Tourmaline Oil Corp.,CAD,70464.0,0.014304,Canada,60.85,Energy,Oil Gas & Consumable Fuels,3060918.5,TOU,CN,Common Stock,TOURMALINE OIL CORP
TW0002883006,6431756,KGI Financial Holding Co. Ltd.,TWD,2464490.0,0.01425,Taiwan,39.3,Financials,Insurance,3049333.5,2883,TT,Common Stock,KGI FINANCIAL HOLDING CO LTD
INE585B01010,6633712,Maruti Suzuki India Limited,INR,24050.0,0.014236,India,12145.0,Consumer Discretionary,Automobiles,3046383.5,MSIL,IN,Common Stock,MARUTI SUZUKI INDIA LTD
BMG3223R1088,2556868,Everest Group Ltd.,USD,8106.0,0.0142,United States,374.85,Financials,Insurance,3038534.0,EG,US,Common Stock,EVEREST GROUP LTD
AU000000BXB1,B1FJ0C0,Brambles Limited,AUD,230214.0,0.014172,Australia,18.53,Industrials,Commercial Services & Supplies,3032603.8,BXB,AU,Common Stock,BRAMBLES LTD
TW0002886009,6444066,Mega Financial Holding Co. Ltd.,TWD,1882825.0,0.014156,Taiwan,51.1,Financials,Banks,3029117.8,2886,TT,Common Stock,MEGA FINANCIAL HOLDING CO LT
US8887871080,BP6D7B7,Toast Inc. Class A,USD,101511.0,0.014108,United States,29.74,Financials,Financial Services,3018937.3,TOST,US,Common Stock,TOAST INC-CLASS A
NL0009434992,B3SPXZ3,LyondellBasell Industries NV,USD,48718.0,0.0141,United States,61.93,Materials,Chemicals,3017105.8,LYB,US,Common Stock,LYONDELLBASELL INDU-CL A
CA74935Q1072,BMWGTH9,RB Global Inc.,CAD,36235.0,0.014081,Canada,116.48,Industrials,Commercial Services & Supplies,3013030.5,RBA,CN,Common Stock,RB GLOBAL INC
CH1101098163,BP0QDP8,BELIMO Holding AG,CHF,3126.0,0.014049,Switzerland,792.5,Industrials,Building Products,3006316.5,BEAN,SW,Common Stock,BELIMO HOLDING AG-REG
BRBPACUNT006,BZBZVC7,Banco BTG Pactual SA Units Cons of 1 Sh + 2 Pfd Shs A,BRL,252569.0,0.01404,Brazil,61.4,Financials,Capital Markets,3004385.8,BPAC11,BZ,Unit,BANCO BTG PACTUAL SA-UNIT
JP3266400005,6497509,Kubota Corporation,JPY,171800.0,0.014022,Japan,2749.5,Industrials,Machinery,3000566.0,6326,JP,Common Stock,KUBOTA CORP
KYG2108Y1052,6193766,China Resources Land Limited,HKD,822000.0,0.014021,China,28.64,Real Estate,Real Estate Management & Development,3000348.0,1109,HK,,
IT0003242622,B01BN57,Terna S.p.A.,EUR,280436.0,0.014009,Italy,9.326,Utilities,Electric Utilities,2997710.0,TRN,IM,Common Stock,TERNA-RETE ELETTRICA NAZIONA
GRS003003035,BG087C6,National Bank of Greece S.A.,EUR,149301.0,0.013995,Greece,17.5,Financials,Banks,2994754.0,ETE,GA,Common Stock,NATIONAL BANK OF GREECE
US46982L1089,BNGC0D3,Jacobs Solutions Inc.,USD,20880.0,0.013993,United States,143.4,Industrials,Professional Services,2994192.0,J,US,Common Stock,JACOBS SOLUTIONS INC
US8832031012,2885937,Textron Inc.,USD,37568.0,0.013991,United States,79.69,Industrials,Aerospace & Defense,2993794.0,TXT,US,Common Stock,TEXTRON INC
CH0025238863,B142S60,Kuehne & Nagel International AG,CHF,11406.0,0.013952,Switzerland,215.7,Industrials,Marine Transportation,2985588.3,KNIN,SW,Common Stock,KUEHNE + NAGEL INTL AG-REG
CNE1000002M1,B1DYPZ5,China Merchants Bank Co. Ltd. Class H,HKD,457414.0,0.013948,China,51.2,Financials,Banks,2984738.0,3968,HK,,
US00217D1000,BNLZ3X8,AST SpaceMobile Inc. Class A,USD,50700.0,0.013865,United States,58.52,Communication Services,Diversified Telecommunication Services,2966964.0,ASTS,US,Common Stock,AST SPACEMOBILE INC
JP3402600005,6858849,Sumitomo Metal Mining Co. Ltd.,JPY,48600.0,0.013864,Japan,9610.0,Materials,Metals & Mining,2966784.0,5713,JP,Common Stock,SUMITOMO METAL MINING CO LTD
TW0003653002,B3FJBY3,Jentech Precision Industrial Co. Ltd,TWD,17000.0,0.013819,Taiwan,5525.0,Information Technology,Semiconductors & Semiconductor Equipment,2957103.5,3653,TT,Common Stock,JENTECH PRECISION INDUSTRIAL
CNE100003662,BHQPSY7,Contemporary Amperex Technology Co. Limited Class A,CNY,65300.0,0.013759,China,301.95,Industrials,Electrical Equipment,2944116.3,300750,CH,Common Stock,CONTEMPORARY AMPEREX TECHN-A
ES0116870314,5650422,Naturgy Energy Group S.A.,EUR,86512.0,0.013707,Spain,29.58,Utilities,Gas Utilities,2933154.8,NTGY,SM,Common Stock,NATURGY ENERGY GROUP SA
US76954A1034,BL98841,Rivian Automotive Inc. Class A,USD,195381.0,0.013687,United States,14.99,Consumer Discretionary,Automobiles,2928761.3,RIVN,US,Common Stock,RIVIAN AUTOMOTIVE INC-A
KYG3323L1005,B4JSZL8,Fabrinet,USD,7534.0,0.01368,United States,388.55,Information Technology,Electronic Equipment Instruments & Components,2927335.8,FN,US,Common Stock,FABRINET
CA39138C1068,2384951,Great-West Lifeco Inc.,CAD,43701.0,0.013634,Canada,93.52,Financials,Insurance,2917559.5,GWO,CN,Common Stock,GREAT-WEST LIFECO INC
CA5503721063,2866857,Lundin Mining Corporation,CAD,121640.0,0.013615,Canada,33.55,Materials,Metals & Mining,2913351.0,LUN,CN,Common Stock,LUNDIN MINING CORP
PLLPP0000011,7127979,LPP S.A.,PLN,459.0,0.013611,Poland,24160.0,Consumer Discretionary,Textiles Apparel & Luxury Goods,2912449.0,LPP,PW,Common Stock,LPP SA
IT0003153415,7251470,Snam S.p.A.,EUR,453784.0,0.013602,Italy,5.596,Utilities,Gas Utilities,2910632.3,SRG,IM,Common Stock,SNAM SPA
CA2908761018,2650050,Emera Incorporated,CAD,58995.0,0.013586,Canada,69.03,Utilities,Electric Utilities,2907213.8,EMA,CN,Common Stock,EMERA INC
TW0002379005,6051422,Realtek Semiconductor Corp,TWD,127000.0,0.013584,Taiwan,727.0,Information Technology,Semiconductors & Semiconductor Equipment,2906855.8,2379,TT,Common Stock,REALTEK SEMICONDUCTOR CORP
JP3368000000,6805469,Resonac Holdings Corporation,JPY,32700.0,0.013488,Japan,13895.0,Materials,Chemicals,2886241.0,4004,JP,Common Stock,RESONAC HOLDINGS CORP
IT0000072170,BNGN9Z1,FinecoBank SpA,EUR,110424.0,0.01348,Italy,22.79,Financials,Banks,2884484.8,FBK,IM,Common Stock,FINECOBANK SPA
DE000SYM9999,B1JB4K8,Symrise AG,EUR,28100.0,0.013399,Germany,89.02,Materials,Chemicals,2867176.0,SY1,GY,Common Stock,SYMRISE AG
CA8849038812,BVFC8Q9,Thomson Reuters Corporation,CAD,30327.0,0.013373,Canada,132.18,Industrials,Professional Services,2861666.8,TRI,CN,Common Stock,THOMSON REUTERS CORP
BRB3SAACNOR6,BG36ZK1,B3 SA - Brasil Bolsa Balcao,BRL,838225.0,0.013349,Brazil,17.59,Financials,Capital Markets,2856496.5,B3SA3,BZ,Common Stock,B3 SA-BRASIL BOLSA BALCAO
DK0010181759,4169219,Carlsberg AS Class B,DKK,22161.0,0.013348,Denmark,840.6,Consumer Staples,Beverages,2856261.3,CARLB,DC,Common Stock,CARLSBERG AS-B
US1725731079,BL6K237,Circle Internet Group Inc. Class A,USD,31100.0,0.013339,United States,91.78,Information Technology,Software,2854358.0,CRCL,US,Common Stock,CIRCLE INTERNET GROUP INC
US3143521058,BVSVT37,FedEx Freight Holding Company Inc.,USD,23761.0,0.013339,United States,120.13,Industrials,Ground Transportation,2854409.0,FDXF,US,Common Stock,FEDEX FREIGHT HOLDING CO
AU000000TLS2,6087289,Telstra Group Limited,AUD,824836.0,0.013318,Australia,4.86,Communication Services,Diversified Telecommunication Services,2849787.0,TLS,AU,Common Stock,TELSTRA GROUP LTD
JP3421800008,6791591,Secom Co. Ltd.,JPY,69700.0,0.013317,Japan,6436.0,Industrials,Commercial Services & Supplies,2849542.0,9735,JP,Common Stock,SECOM CO LTD
ID1000118201,6709099,PT Bank Rakyat Indonesia (Persero) Tbk Class B,IDR,15203727.0,0.013261,Indonesia,3310.0,Financials,Banks,2837572.0,BBRI,IJ,Common Stock,BANK RAKYAT INDONESIA PERSER
JP3300200007,6496681,KONAMI Group Corporation,JPY,21100.0,0.013188,Japan,21055.0,Communication Services,Entertainment,2822045.3,9766,JP,Common Stock,KONAMI GROUP CORP
CA04764T1049,BRJNZ47,Atkinsrealis Group Inc.,CAD,44891.0,0.013186,Canada,88.05,Industrials,Construction & Engineering,2821711.0,ATRL,CN,Common Stock,ATKINSREALIS GROUP INC
CA0115321089,BZ3DNP6,Alamos Gold Inc.,CAD,78915.0,0.013158,Canada,49.98,Materials,Metals & Mining,2815656.5,AGI,CN,Common Stock,ALAMOS GOLD INC-CLASS A
CH1300646267,BQ6BPG9,Bunge Global SA,USD,24323.0,0.013138,United States,115.58,Consumer Staples,Food Products,2811252.3,BG,US,Common Stock,BUNGE GLOBAL SA
SG1J26887955,6303866,Singapore Exchange Ltd.,SGD,161700.0,0.013124,Singapore,22.2,Financials,Capital Markets,2808324.0,SGX,SP,Common Stock,SINGAPORE EXCHANGE LTD
GB0001826634,0182663,Diploma PLC,GBP,28635.0,0.013088,United Kingdom,73.2,Industrials,Trading Companies & Distributors,2800679.8,DPLM,LN,Common Stock,DIPLOMA PLC
PHY411571011,6455819,International Container Terminal Services Inc.,PHP,193290.0,0.013025,Philippines,905.0,Industrials,Transportation Infrastructure,2787244.3,ICT,PM,Common Stock,INTL CONTAINER TERM SVCS INC
US92936U1097,B826YT8,W. P. Carey Inc.,USD,41902.0,0.012975,United States,66.26,Real Estate,Diversified Reits,2776426.5,WPC,US,REIT,WP CAREY INC
HK0688002218,6192150,China Overseas Land & Investment Limited,HKD,1783331.0,0.012958,China,12.2,Real Estate,Real Estate Management & Development,2772800.3,688,HK,,
JP3111200006,6054603,Asahi Kasei Corporation,JPY,272200.0,0.012929,Japan,1600.0,Materials,Chemicals,2766523.5,3407,JP,Common Stock,ASAHI KASEI CORP
IE00BWT6H894,BWZMZF4,Flutter Entertainment Plc,USD,30826.0,0.012902,United States,89.56,Consumer Discretionary,Hotels Restaurants & Leisure,2760776.5,FLUT,US,Common Stock,FLUTTER ENTERTAINMENT PLC-DI
JP3347200002,6804682,Shionogi & Co. Ltd.,JPY,147000.0,0.012893,Japan,2954.5,Health Care,Pharmaceuticals,2758847.0,4507,JP,Common Stock,SHIONOGI & CO LTD
BRWEGEACNOR0,2945422,WEG SA,BRL,274912.0,0.012888,Brazil,51.78,Industrials,Electrical Equipment,2757801.5,WEGE3,BZ,Common Stock,WEG SA
FR0000120693,4682329,Pernod Ricard SA,EUR,40440.0,0.012876,France,59.44,Consumer Staples,Beverages,2755182.5,RI,FP,Common Stock,PERNOD RICARD SA
JP3734800000,6640682,Nidec Corporation,JPY,151800.0,0.01287,Japan,2856.0,Industrials,Electrical Equipment,2753951.3,6594,JP,Common Stock,NIDEC CORP
US72348N1090,BV6GRD0,Pinnacle Financial Partners Inc.,USD,28398.0,0.01284,United States,96.75,Financials,Banks,2747506.5,PNFP,US,Common Stock,PINNACLE FINANCIAL PARTNERS
IT0005712671,BXNT952,Telecom Italia S.p.A.,EUR,308858.0,0.012813,Italy,7.745,Communication Services,Diversified Telecommunication Services,2741831.0,TIT,IM,Common Stock,TELECOM ITALIA SPA
MYL5819OO007,6436892,Hong Leong Bank Bhd,MYR,496000.0,0.012801,Malaysia,22.54,Financials,Banks,2739149.8,HLBK,MK,Common Stock,HONG LEONG BANK BERHAD
FI0009014575,B1FN8X9,Metso Corporation,EUR,138120.0,0.01274,Finland,17.22,Industrials,Machinery,2726152.3,METSO,FH,Common Stock,METSO CORP
CA8911021050,2897103,Toromont Industries Ltd.,CAD,18654.0,0.012738,Canada,204.68,Industrials,Trading Companies & Distributors,2725657.3,TIH,CN,Common Stock,TOROMONT INDUSTRIES LTD
US44332N1063,BFMFKK7,H World Group Limited Sponsored ADR,USD,62708.0,0.01273,China,43.44,Consumer Discretionary,Hotels Restaurants & Leisure,2724035.5,HTHT,US,,
ES0178430E18,5732524,Telefonica SA,EUR,664601.0,0.01272,Spain,3.573,Communication Services,Diversified Telecommunication Services,2721788.8,TEF,SM,Common Stock,TELEFONICA SA
NL0015002SN0,BV6JKC9,QIAGEN NV,EUR,61744.0,0.012703,Germany,38.41,Health Care,Life Sciences Tools & Services,2718313.3,QIA,GY,Common Stock,QIAGEN N.V.
CA12532H1047,BJ2L575,CGI Inc. Class A,CAD,39070.0,0.012644,Canada,97.01,Information Technology,It Services,2705726.0,GIB/A,CN,Common Stock,CGI INC
NL0012866412,BG0SCK9,BE Semiconductor Industries N.V.,EUR,12642.0,0.012639,Netherlands,186.65,Information Technology,Semiconductors & Semiconductor Equipment,2704607.0,BESI,,Common Stock,BE SEMICONDUCTOR INDUSTRIES
CNE1000001Q4,B1W0JF2,China CITIC Bank Corporation Ltd Class H,HKD,2528000.0,0.012625,China,8.385,Financials,Banks,2701512.3,998,HK,,
US9621661043,2958936,Weyerhaeuser Company,USD,127306.0,0.012624,United States,21.22,Real Estate,Specialized Reits,2701433.3,WY,US,REIT,WEYERHAEUSER CO
US64125C1099,2623911,Neurocrine Biosciences Inc.,USD,18415.0,0.012584,United States,146.23,Health Care,Biotechnology,2692825.5,NBIX,US,Common Stock,NEUROCRINE BIOSCIENCES INC
TW0002002003,6190950,China Steel Corporation,TWD,4556403.0,0.01257,Taiwan,18.75,Materials,Metals & Mining,2689730.3,2002,TT,Common Stock,CHINA STEEL CORP
INE860A01027,6294896,HCL Technologies Limited,INR,208216.0,0.012564,India,1238.0,Information Technology,It Services,2688479.3,HCLT,IN,Common Stock,HCL TECHNOLOGIES LTD
GB00B39J2M42,B39J2M4,United Utilities Group PLC,GBP,146314.0,0.012562,United Kingdom,13.75,Utilities,Water Utilities,2688089.5,UU/,LN,Common Stock,UNITED UTILITIES GROUP PLC
SG1F60858221,6043214,Singapore Technologies Engineering Ltd,SGD,329400.0,0.012561,Singapore,10.43,Industrials,Aerospace & Defense,2687770.3,STE,SP,Common Stock,SINGAPORE TECH ENGINEERING
TW0001301000,6348544,Formosa Plastics Corporation,TWD,1311960.0,0.012547,Taiwan,65.0,Materials,Chemicals,2684845.5,1301,TT,Common Stock,FORMOSA PLASTICS CORP
US89400J1079,BYMWL86,TransUnion,USD,36938.0,0.012503,United States,72.43,Industrials,Professional Services,2675419.3,TRU,US,Common Stock,TRANSUNION
SE0015658109,BMD58R8,Epiroc AB Class A,SEK,104649.0,0.012494,Sweden,252.1,Industrials,Machinery,2673451.0,EPIA,SS,Common Stock,EPIROC AB-A
US0357108390,BPMQ7X2,Annaly Capital Management Inc.,USD,126731.0,0.012467,United States,21.05,Financials,Mortgage Real Estate Investment Trusts (Reits),2667687.5,NLY,US,REIT,ANNALY CAPITAL MANAGEMENT IN
HK1093012172,6191997,CSPC Pharmaceutical Group Limited,HKD,2336800.0,0.012428,China,8.93,Health Care,Pharmaceuticals,2659499.0,1093,HK,,
JP3976300008,6758455,Ryohin Keikaku Co. Ltd.,JPY,106000.0,0.012414,Japan,3945.0,Consumer Discretionary,Broadline Retail,2656312.5,7453,JP,Common Stock,RYOHIN KEIKAKU CO LTD
GB0030913577,3091357,BT Group plc,GBP,1005358.0,0.012357,United Kingdom,1.968,Communication Services,Diversified Telecommunication Services,2644303.8,BT/A,LN,Common Stock,BT GROUP PLC
KYG3777B1032,6531827,Geely Automobile Holdings Limited,HKD,1300000.0,0.012342,China,15.94,Consumer Discretionary,Automobiles,2640939.5,175,HK,,
AEE000801010,B28PFX8,Emirates NBD Bank (P.J.S.C),AED,318490.0,0.012327,United Arab Emirates,30.42,Financials,Banks,2637896.5,EMIRATES,UH,Common Stock,EMIRATES NBD PJSC
AU000000SOL3,6821807,Washington H. Soul Pattinson and Company Limited,AUD,82242.0,0.012317,Australia,45.08,Financials,Financial Services,2635640.3,SOL,AU,Common Stock,WASHINGTON H SOUL PATTINSON
HK0000218211,BRB3857,Hua Hong Grace Semiconductor Limited,HKD,179000.0,0.012313,China,115.5,Information Technology,Semiconductors & Semiconductor Equipment,2634886.0,1347,HK,,
CH0010570767,5962280,Chocoladefabriken Lindt & Spruengli AG Partizipsch.,CHF,252.0,0.012312,Switzerland,8615.0,Consumer Staples,Food Products,2634524.8,LISP,SW,Common Stock,CHOCOLADEFABRIKEN LINDT-PC
JP3539220008,6744294,T&D Holdings Inc.,JPY,83700.0,0.012304,Japan,4952.0,Financials,Insurance,2632887.8,8795,JP,Common Stock,T&D HOLDINGS INC
MX01PI000005,2393388,Promotora y Operadora de Infraestructura SA,MXN,175360.0,0.012297,Mexico,258.7,Industrials,Transportation Infrastructure,2631417.3,PINFRA*,MM,Common Stock,PROMOTORA Y OPERADORA DE INF
US0844231029,2093644,W. R. Berkley Corporation,USD,37589.0,0.012295,United States,69.99,Financials,Insurance,2630854.0,WRB,US,Common Stock,WR BERKLEY CORP
NL0011872643,BD9PNF2,ASR Nederland N.V.,EUR,30733.0,0.012195,Netherlands,74.08,Financials,Insurance,2609554.5,ASRNL,,Common Stock,ASR NEDERLAND NV
HK0006000050,6435327,Power Assets Holdings Limited,HKD,342000.0,0.012191,Hong Kong,59.85,Utilities,Electric Utilities,2608657.3,6,HK,Common Stock,POWER ASSETS HOLDINGS LTD
AEA000801018,6001728,Abu Dhabi Islamic Bank,AED,416098.0,0.012177,United Arab Emirates,23.0,Financials,Banks,2605710.8,ADIB,UH,Common Stock,ABU DHABI ISLAMIC BANK
CA59162N1096,2583952,Metro Inc.,CAD,39832.0,0.012154,Canada,91.46,Consumer Staples,Consumer Staples Distribution & Retail,2600681.5,MRU,CN,Common Stock,METRO INC/CN
INE066A01021,BMW4CV8,Eicher Motors Limited,INR,33213.0,0.012141,India,7500.0,Consumer Discretionary,Automobiles,2598013.3,EIM,IN,Common Stock,EICHER MOTORS LTD
JP3379550001,6543770,JX Advanced Metals Corporation,JPY,114400.0,0.012137,Japan,3574.0,Materials,Metals & Mining,2597208.8,5016,JP,Common Stock,JX ADVANCED METALS CORP
DE000SHL1006,BD594Y4,Siemens Healthineers AG,EUR,59873.0,0.012113,Germany,37.77,Health Care,Health Care Equipment & Supplies,2592020.5,SHL,GY,Common Stock,SIEMENS HEALTHINEERS AG
JP3684000007,6641801,Nitto Denko Corp.,JPY,120600.0,0.012108,Japan,3382.0,Materials,Chemicals,2590879.5,6988,JP,Common Stock,NITTO DENKO CORP
JP3362700001,6597584,Mitsui O.S.K.LinesLtd.,JPY,56300.0,0.0121,Japan,7240.0,Industrials,Marine Transportation,2589245.5,9104,JP,Common Stock,MITSUI OSK LINES LTD
TH0765010R16,6741206,Airports of Thailand Public Co Ltd NVDR,THB,1407551.0,0.012089,Thailand,61.25,Industrials,Transportation Infrastructure,2586827.8,AOT-R,TB,NVDR,AIRPORTS OF THAILAND PC-NVDR
JP3436120004,6309466,SBI Holdings Incorporated,JPY,123900.0,0.012034,Japan,3272.0,Financials,Capital Markets,2575199.5,8473,JP,Common Stock,SBI HOLDINGS INC
PLKGHM000017,5263251,KGHM Polska Miedz S.A.,PLN,29077.0,0.012028,Poland,337.05,Materials,Metals & Mining,2573905.5,KGH,PW,Common Stock,KGHM POLSKA MIEDZ SA
PLPEKAO00016,5473113,Bank Polska Kasa Opieki S.A.,PLN,36342.0,0.012025,Poland,269.6,Financials,Banks,2573223.0,PEO,PW,Common Stock,BANK PEKAO SA
KYG210961051,B01B1L9,China Mengniu Dairy Company Limited,HKD,1136000.0,0.012023,China,17.77,Consumer Staples,Food Products,2572720.3,2319,HK,,
FR0013326246,BF2PQ09,Unibail-Rodamco-Westfield SE Stapled Secs Cons of 1 Sh Unibail Rodamco + 1 Sh WFD Unib Rod,EUR,24084.0,0.012013,France,93.12,Real Estate,Retail Reits,2570585.3,URW,FP,REIT,UNIBAIL-RODAMCO-WESTFIELD
BRSBSPACNOR5,B1YCHL8,Companhia de Saneamento Basico do Estado de Sao Paulo SABESP,BRL,485755.0,0.012011,Brazil,27.31,Utilities,Water Utilities,2570077.5,SBSP3,BZ,Common Stock,CIA SANEAMENTO BASICO DE SP
BREGIEACNOR9,BD1WX84,ENGIE Brasil Energia S.A.,BRL,436302.0,0.012004,Brazil,30.39,Utilities,Independent Power And Renewable Electricity Producers,2568769.5,EGIE3,BZ,Common Stock,ENGIE BRASIL ENERGIA SA
US2166485019,BQPDXR3,Cooper Companies Inc.,USD,46377.0,0.011983,United States,55.29,Health Care,Health Care Equipment & Supplies,2564184.3,COO,US,Common Stock,COOPER COS INC/THE
KYG8068L1086,BRS7681,SharkNinja Inc.,USD,15426.0,0.011949,United States,165.75,Consumer Discretionary,Household Durables,2556859.5,SN,US,Common Stock,SHARKNINJA INC
TW0006446008,BJTCKZ4,PharmaEssentia Corp.,TWD,68771.0,0.01194,Taiwan,1180.0,Health Care,Biotechnology,2554892.8,6446,TT,Common Stock,PHARMAESSENTIA CORP
CNE1000002Q2,6291819,China Petroleum & Chemical Corporation Class H,HKD,4443800.0,0.011936,China,4.51,Energy,Oil Gas & Consumable Fuels,2554217.3,386,HK,,
CH0198251305,B9895B7,Coca-Cola HBC AG,GBP,44850.0,0.011896,United Kingdom,42.48,Consumer Staples,Beverages,2545670.3,CCH,LN,Common Stock,COCA-COLA HBC AG-DI
BRABEVACNOR1,BG7ZWY7,Ambev SA,BRL,853970.0,0.011891,Brazil,15.38,Consumer Staples,Beverages,2544522.0,ABEV3,BZ,Common Stock,AMBEV SA
CH0024638196,B11TCY0,Schindler Holding Ltd. Pref,CHF,8312.0,0.011888,Switzerland,252.2,Industrials,Machinery,2543882.5,SCHP,SW,Common Stock,SCHINDLER HOLDING-PART CERT
US46187W1071,BD81GW9,Invitation Homes Inc.,USD,94473.0,0.011881,United States,26.91,Real Estate,Residential Reits,2542268.5,INVH,US,REIT,INVITATION HOMES INC
SE0015658117,BMD58W3,Epiroc AB Class B,SEK,117110.0,0.011857,Sweden,213.8,Industrials,Machinery,2537265.8,EPIB,SS,Common Stock,EPIROC AB-B
INE121A01024,BJ9K2H4,Cholamandalam Investment and Finance Co. Ltd.,INR,136695.0,0.01185,India,1778.6,Financials,Consumer Finance,2535729.3,CIFC,IN,Common Stock,CHOLAMANDALAM INVESTMENT AND
JP3201200007,6658801,Olympus Corp.,JPY,198800.0,0.011832,Japan,2005.0,Health Care,Health Care Equipment & Supplies,2531961.3,7733,JP,Common Stock,OLYMPUS CORP
JP3494600004,6251028,SCREEN Holdings Co. Ltd,JPY,31100.0,0.011822,Japan,12805.0,Information Technology,Semiconductors & Semiconductor Equipment,2529684.0,7735,JP,Common Stock,SCREEN HOLDINGS CO LTD
ZAE000083648,B1FFT76,Impala Platinum Holdings Limited,ZAR,178968.0,0.011816,South Africa,230.35,Materials,Metals & Mining,2528382.5,IMP,SJ,Common Stock,IMPALA PLATINUM HOLDINGS LTD
JP3305990008,BD97JW7,Yokohama Financial Group Inc.,JPY,210700.0,0.011803,Japan,1887.0,Financials,Banks,2525589.3,7186,JP,Common Stock,YOKOHAMA FINANCIAL GROUP INC
ZAE000255915,BFX05H3,Absa Group Limited,ZAR,188675.0,0.011788,South Africa,217.99,Financials,Banks,2522493.8,ABG,SJ,Common Stock,ABSA GROUP LTD
HK0027032686,6465874,Galaxy Entertainment Group Limited,HKD,606000.0,0.011773,Hong Kong,32.62,Consumer Discretionary,Hotels Restaurants & Leisure,2519320.3,27,HK,Common Stock,GALAXY ENTERTAINMENT GROUP L
CLP3880F1085,2771672,Falabella S.A.,CLP,366073.0,0.011756,Chile,6599.0,Consumer Discretionary,Broadline Retail,2515715.3,FALAB,CI,Common Stock,FALABELLA SA
US5797802064,2550161,McCormick & Company Incorporated,USD,51410.0,0.011705,United States,48.72,Consumer Staples,Food Products,2504695.3,MKC,US,Common Stock,MCCORMICK & CO-NON VTG SHRS
ES0130670112,5271782,Endesa S.A.,EUR,51297.0,0.011702,Spain,42.59,Utilities,Electric Utilities,2504148.3,ELE,SM,Common Stock,ENDESA SA
GRS831003009,BVLKBV3,Piraeus Bank S.A.,EUR,212341.0,0.011698,Greece,10.285,Financials,Banks,2503217.5,TPEIR,GA,Common Stock,PIRAEUS BANK SA
JP3511800009,6190563,Chiba Bank Ltd.,JPY,143900.0,0.011692,Japan,2737.0,Financials,Banks,2501853.5,8331,JP,Common Stock,CHIBA BANK LTD/THE
US2435371073,2267278,Deckers Outdoor Corporation,USD,31896.0,0.011691,United States,78.43,Consumer Discretionary,Textiles Apparel & Luxury Goods,2501603.3,DECK,US,Common Stock,DECKERS OUTDOOR CORP
MYL6012OO008,B5387L5,Maxis Bhd.,MYR,2850500.0,0.011684,Malaysia,3.58,Communication Services,Wireless Telecommunication Services,2500254.8,MAXIS,MK,Common Stock,MAXIS BHD
GB00BL6K5J42,BL6K5J4,Endeavour Mining PLC,GBP,40232.0,0.011674,United Kingdom,46.47,Materials,Metals & Mining,2498040.8,EDV,LN,Common Stock,ENDEAVOUR MINING PLC
JP3443600006,6870100,Taisei Corporation,JPY,31100.0,0.011651,Japan,12620.0,Industrials,Construction & Engineering,2493136.3,1801,JP,Common Stock,TAISEI CORP
JP3526600006,6195609,Chubu Electric Power CompanyIncorporated,JPY,134500.0,0.011631,Japan,2913.0,Utilities,Electric Utilities,2488794.8,9502,JP,Common Stock,CHUBU ELECTRIC POWER CO INC
JP3502200003,6251448,Daiwa Securities Group Inc.,JPY,211800.0,0.011603,Japan,1845.5,Financials,Capital Markets,2482940.5,8601,JP,Common Stock,DAIWA SECURITIES GROUP INC
AT0000743059,4651459,OMV Aktiengesellschaft,EUR,30032.0,0.01159,Austria,72.05,Energy,Oil Gas & Consumable Fuels,2480154.3,OMV,AV,Common Stock,OMV AG
NO0010345853,B1L95G3,Aker BP ASA,NOK,65650.0,0.011542,Norway,355.0,Energy,Oil Gas & Consumable Fuels,2469771.3,AKRBP,NO,Common Stock,AKER BP ASA
IT0003796171,BYYN701,Poste Italiane SpA,EUR,80041.0,0.011529,Italy,26.89,Financials,Financial Services,2466969.3,PST,IM,Common Stock,POSTE ITALIANE SPA
ZAE000015228,6410562,Harmony Gold Mining Co. Ltd.,ZAR,125769.0,0.011525,South Africa,319.71,Materials,Metals & Mining,2466090.5,HAR,SJ,Common Stock,HARMONY GOLD MINING CO LTD
PTGAL0AM0009,B1FW751,Galp Energia SGPS S.A. Class B,EUR,98037.0,0.011495,Portugal,21.89,Energy,Oil Gas & Consumable Fuels,2459779.5,GALP,PL,Common Stock,GALP ENERGIA SGPS SA
CH0025751329,B18ZRK2,Logitech International S.A.,CHF,24333.0,0.011462,Switzerland,83.06,Information Technology,Technology Hardware Storage & Peripherals,2452641.0,LOGN,SW,Common Stock,LOGITECH INTERNATIONAL-REG
IL0010824113,2181334,Check Point Software Technologies Ltd.,USD,18431.0,0.011431,Israel,132.71,Information Technology,Software,2445978.0,CHKP,US,,
CA0213611001,B43WJC5,AltaGas Ltd.,CAD,63781.0,0.011409,Canada,53.62,Utilities,Gas Utilities,2441417.3,ALA,CN,Common Stock,ALTAGAS LTD
TW0008299009,6728469,Phison Electronics Corp.,TWD,36000.0,0.011335,Taiwan,2140.0,Information Technology,Semiconductors & Semiconductor Equipment,2425501.8,8299,TPEX,Common Stock,PHISON ELECTRONICS CORP
JP3258000003,6493745,Kirin Holdings Co. Ltd.,JPY,133400.0,0.01128,Japan,2848.5,Consumer Staples,Beverages,2413783.5,2503,JP,Common Stock,KIRIN HOLDINGS CO LTD
ES0113679I37,5474008,Bankinter SA,EUR,127414.0,0.011251,Spain,16.485,Financials,Banks,2407501.5,BKT,SM,Common Stock,BANKINTER SA
CNE100003F19,BGHH0L6,WuXi AppTec Co. Ltd. Class H,HKD,94452.0,0.011251,China,200.0,Health Care,Life Sciences Tools & Services,2407509.3,2359,HK,,
SE0012853455,BJ7W9K4,EQT AB,SEK,79175.0,0.011245,Sweden,299.9,Financials,Capital Markets,2406183.8,EQT,SS,Common Stock,EQT AB
KYG532631028,BLC90T0,Kuaishou Technology Class B,HKD,614000.0,0.011241,China,30.74,Communication Services,Interactive Media & Services,2405465.0,1024,HK,,
US59522J1034,2589132,Mid-America Apartment Communities Inc.,USD,20098.0,0.01117,United States,118.93,Real Estate,Residential Reits,2390255.3,MAA,US,REIT,MID-AMERICA APARTMENT COMM
US58507V1070,BNBV4B1,Medline Inc. Class A,USD,75458.0,0.011157,United States,31.64,Health Care,Health Care Equipment & Supplies,2387491.0,MDLN,US,Common Stock,MEDLINE INC-CL A
TW0001216000,6700393,Uni-President Enterprises Corp.,TWD,1011000.0,0.011156,Taiwan,75.0,Consumer Staples,Food Products,2387249.3,1216,TT,Common Stock,UNI-PRESIDENT ENTERPRISES CO
US49446R1095,2491594,Kimco Realty Corporation,USD,105763.0,0.011136,United States,22.53,Real Estate,Retail Reits,2382840.5,KIM,US,REIT,KIMCO REALTY CORP
BE0974264930,B86S2N0,ageas SA/NV,EUR,27404.0,0.011134,Belgium,75.85,Financials,Insurance,2382483.8,AGS,BB,Common Stock,AGEAS
SE0000112724,B1VVGZ5,Svenska Cellulosa AB SCA Class B,SEK,194918.0,0.011118,Sweden,120.45,Materials,Paper & Forest Products,2379156.5,SCAB,SS,Common Stock,SVENSKA CELLULOSA AB SCA-B
US8666741041,2860257,Sun Communities Inc.,USD,20822.0,0.011069,United States,113.75,Real Estate,Residential Reits,2368502.5,SUI,US,REIT,SUN COMMUNITIES INC
INE066F01020,BR56KD4,Hindustan Aeronautics Limited,INR,47236.0,0.011053,India,4801.0,Industrials,Aerospace & Defense,2365248.5,HNAL,IN,Common Stock,HINDUSTAN AERONAUTICS LTD
NL0015002MS2,BSNMGT9,Magnum Ice Cream Co. N.V.,EUR,125170.0,0.01104,Netherlands,16.466,Consumer Staples,Food Products,2362374.8,MICC,,Common Stock,MAGNUM ICE CREAM CO NV/THE
IL0010845571,6534161,Nova Ltd.,ILS,6780.0,0.011033,Israel,1057.4,Information Technology,Semiconductors & Semiconductor Equipment,2360804.3,NVMI,IT,Common Stock,NOVA LTD
JP3137200006,6467104,Isuzu Motors Limited,JPY,167200.0,0.010972,Japan,2210.5,Consumer Discretionary,Automobiles,2347756.5,7202,JP,Common Stock,ISUZU MOTORS LTD
US77311W1018,BMD6Y84,Rocket Companies Inc. Class A,USD,190086.0,0.010917,United States,12.29,Financials,Financial Services,2336157.0,RKT,US,Common Stock,ROCKET COS INC-CLASS A
KYG5223Y1089,BN7SX97,KE Holdings Inc. Class A,HKD,424700.0,0.010897,China,43.08,Real Estate,Real Estate Management & Development,2331765.0,2423,HK,,
GB0031274896,3127489,Marks and Spencer Group plc,GBP,490988.0,0.010893,United Kingdom,3.553,Consumer Staples,Consumer Staples Distribution & Retail,2330887.3,MKS,LN,Common Stock,MARKS & SPENCER GROUP PLC
SG9999015267,BYZJV17,BOC Aviation Limited,HKD,255300.0,0.010887,China,71.6,Industrials,Trading Companies & Distributors,2329649.8,2588,HK,,
CZ0005112300,5624030,CEZ as,CZK,36476.0,0.010858,Czech Republic,1354.0,Utilities,Electric Utilities,2323525.3,CEZ,CP,Common Stock,CEZ AS
AU000000IAG3,6271026,Insurance Australia Group Ltd,AUD,406120.0,0.010807,Australia,8.01,Financials,Insurance,2312572.8,IAG,AU,Common Stock,INSURANCE AUSTRALIA GROUP
JP3166000004,6302700,Ebara Corporation,JPY,84200.0,0.010805,Japan,4323.0,Industrials,Machinery,2312190.3,6361,JP,Common Stock,EBARA CORP
NL0000008977,B0CCH46,Heineken Holding N.V.,EUR,30592.0,0.010799,Netherlands,65.9,Consumer Staples,Beverages,2310754.0,HEIO,,Common Stock,HEINEKEN HOLDING NV
INE669C01036,BWFGD63,Tech Mahindra Limited,INR,144707.0,0.010796,India,1530.7,Information Technology,It Services,2310210.5,TECHM,IN,Common Stock,TECH MAHINDRA LTD
JP3224200000,6484620,Kawasaki Heavy Industries Ltd.,JPY,151100.0,0.010785,Japan,2404.5,Industrials,Machinery,2307892.3,7012,JP,Common Stock,KAWASAKI HEAVY INDUSTRIES
JP3210200006,6481320,Kajima Corporation,JPY,72800.0,0.01076,Japan,4979.0,Industrials,Construction & Engineering,2302500.8,1812,JP,Common Stock,KAJIMA CORP
DE0005439004,4598589,Continental AG,EUR,29727.0,0.010758,Germany,67.56,Consumer Discretionary,Automobile Components,2301977.8,CON,GY,Common Stock,CONTINENTAL AG
US5763231090,2155306,MasTec Inc.,USD,10721.0,0.010741,United States,214.38,Industrials,Construction & Engineering,2298368.0,MTZ,US,Common Stock,MASTEC INC
HK0270001396,6913168,Guangdong Investment Limited,HKD,2056000.0,0.010739,China,8.77,Utilities,Water Utilities,2297997.3,270,HK,,
KYG114741062,B5SG8Y4,BizLink Holding Inc.,TWD,33000.0,0.01073,Taiwan,2210.0,Industrials,Electrical Equipment,2296104.0,3665,TT,Common Stock,BIZLINK HOLDING INC
INE494B01023,6726548,TVS Motor Company Limited,INR,52887.0,0.010726,India,4161.0,Consumer Discretionary,Automobiles,2295189.8,TVSL,IN,Common Stock,TVS MOTOR CO LTD
KYG8167W1380,B00XSF9,Sino Biopharmaceutical Limited,HKD,3291000.0,0.010722,China,5.47,Health Care,Pharmaceuticals,2294256.8,1177,HK,,
SA0007879139,B1323K0,SABIC Agri-Nutrients Co.,SAR,67806.0,0.010713,Saudi Arabia,127.0,Materials,Chemicals,2292511.8,SAFCO,AB,Common Stock,SABIC AGRI-NUTRIENTS CO
MX01WA000038,BW1YVH8,Wal-Mart de Mexico SAB de CV,MXN,851469.0,0.010691,Mexico,46.32,Consumer Staples,Consumer Staples Distribution & Retail,2287705.5,WALMEX*,MM,Common Stock,WALMART DE MEXICO SAB DE CV
TRATUPRS91E8,B03MYT9,Turkiye Petrol Rafinerileri A.S.,TRY,267283.0,0.010683,Turkey,417.25,Energy,Oil Gas & Consumable Fuels,2286027.3,TUPRS,TI,Common Stock,TUPRAS-TURKIYE PETROL RAFINE
LU2598331598,BMHVLR3,Tenaris S.A.,EUR,81498.0,0.010665,Italy,24.43,Energy,Energy Equipment & Services,2282079.8,TEN,IM,Common Stock,TENARIS SA
IT0004810054,B7SF135,UNIPOL ASSICURAZIONI SPA,EUR,71965.0,0.010635,Italy,27.59,Financials,Insurance,2275796.8,UNI,IM,Common Stock,UNIPOL ASSICURAZIONI SPA
INE030A01027,6261674,Hindustan Unilever Limited,INR,112755.0,0.010634,India,1934.95,Consumer Staples,Personal Care Products,2275503.5,HUVR,IN,Common Stock,HINDUSTAN UNILEVER LTD
TW0002892007,6580119,First Financial Holding Co. Ltd.,TWD,1814940.0,0.010628,Taiwan,39.8,Financials,Banks,2274210.5,2892,TT,Common Stock,FIRST FINANCIAL HOLDING CO
KYG9897K1058,BMZ1C83,ZTO Express (Cayman) Inc. Class A,HKD,109073.0,0.010589,China,163.0,Industrials,Air Freight & Logistics,2265852.8,2057,HK,,
SE0012673267,BJXSCH4,Evolution AB,SEK,25822.0,0.010587,Sweden,865.8,Consumer Discretionary,Hotels Restaurants & Leisure,2265540.3,EVO,SS,Common Stock,EVOLUTION AB
BMG507361001,6472119,Jardine Matheson Holdings Limited,USD,39342.0,0.010579,Hong Kong,57.54,Industrials,Industrial Conglomerates,2263738.8,JARLF,US,,
KYG989221000,B734XQ4,Zhen Ding Technology Holding Limited,TWD,152000.0,0.010578,Taiwan,473.0,Information Technology,Electronic Equipment Instruments & Components,2263549.8,4958,TT,Common Stock,ZHEN DING TECHNOLOGY HOLDING
TW0006488000,BS7JP33,GlobalWafers Co. Ltd.,TWD,76000.0,0.010556,Taiwan,944.0,Information Technology,Semiconductors & Semiconductor Equipment,2258764.3,6488,TPEX,Common Stock,GLOBALWAFERS CO LTD
LU2237380790,BMBQDF6,Allegro.eu S.A.,PLN,172183.0,0.010524,Poland,49.8,Consumer Discretionary,Broadline Retail,2251999.5,ALE,PW,Common Stock,ALLEGRO.EU SA
TH0264010R10,B013SV4,Bangkok Dusit Medical Services Public Co. Ltd. NVDR,THB,3768701.0,0.010516,Thailand,19.9,Health Care,Health Care Providers & Services,2250308.3,BDMS-R,TB,NVDR,BANGKOK DUSIT MED SERVI-NVDR
NL0006294274,BNBNSG0,Euronext NV,EUR,12473.0,0.010489,France,157.0,Financials,Capital Markets,2244559.0,ENX,FP,Common Stock,EURONEXT NV
FR0006174348,B28DTJ6,Bureau Veritas SA,EUR,71825.0,0.010472,France,27.22,Industrials,Professional Services,2240908.8,BVI,FP,Common Stock,BUREAU VERITAS SA
JP3762800005,6390921,Nomura Research InstituteLtd.,JPY,68400.0,0.010469,Japan,5156.0,Information Technology,It Services,2240243.8,4307,JP,Common Stock,NOMURA RESEARCH INSTITUTE LT
THC903010R14,BMY3G88,Gulf Development Public Company Limited NVDR,THB,1218273.0,0.010463,Thailand,61.25,Utilities,Independent Power And Renewable Electricity Producers,2238968.5,GULF-R,TB,NVDR,GULF DEVELOPMENT PCL-NVDR
SE0000114837,4902384,Trelleborg AB Class B,SEK,49132.0,0.010442,Sweden,448.8,Industrials,Machinery,2234506.3,TRELB,SS,Common Stock,TRELLEBORG AB-B SHS
DE0006048432,5076705,Henkel AG & Co. KGaA Pref,EUR,26723.0,0.010441,Germany,72.94,Consumer Staples,Household Products,2234145.3,HEN3,GY,Preference,HENKEL AG & CO KGAA VOR-PREF
AU000000SCG8,BLZH0Z7,Scentre Group,AUD,909824.0,0.010398,Australia,3.44,Real Estate,Retail Reits,2224971.0,SCG,AU,REIT,SCENTRE GROUP
INE917I01010,B2QKXW0,Bajaj Auto Limited,INR,18526.0,0.010384,India,11499.85,Consumer Discretionary,Automobiles,2222009.0,BJAUT,IN,Common Stock,BAJAJ AUTO LTD
ZAE000216537,BZBFKT7,Bid Corporation Limited,ZAR,81214.0,0.010347,South Africa,444.52,Consumer Staples,Consumer Staples Distribution & Retail,2214121.0,BID,SJ,Common Stock,BID CORP LTD
INE095A01012,6100454,IndusInd Bank Ltd.,INR,221768.0,0.010345,India,957.1,Financials,Banks,2213747.8,IIB,IN,Common Stock,INDUSIND BANK LTD
SA000A0BLA62,B128FM5,Jarir Marketing Co.,SAR,502170.0,0.010271,Saudi Arabia,16.44,Consumer Discretionary,Specialty Retail,2197820.8,JARIR,AB,Common Stock,JARIR MARKETING CO
HK0003000038,6436557,Hong Kong & China Gas Co. Ltd.,HKD,2426146.0,0.010245,Hong Kong,7.09,Utilities,Gas Utilities,2192249.5,3,HK,Common Stock,HONG KONG & CHINA GAS
BRRENTACNOR4,B08K3S0,Localiza Rent A Car SA,BRL,312605.0,0.010245,Brazil,36.2,Industrials,Ground Transportation,2192359.5,RENT3,BZ,Common Stock,LOCALIZA RENT A CAR
JP3497400006,6250025,Daifuku Co. Ltd.,JPY,63200.0,0.010223,Japan,5449.0,Industrials,Machinery,2187561.0,6383,JP,Common Stock,DAIFUKU CO LTD
TW0003481008,B0CC0M5,Innolux Corp.,TWD,1438666.0,0.010213,Taiwan,48.25,Information Technology,Electronic Equipment Instruments & Components,2185459.0,3481,TT,Common Stock,INNOLUX CORP
INE742F01042,B28XXH2,Adani Ports & Special Economic Zone Ltd,INR,116320.0,0.010211,India,1801.0,Industrials,Transportation Infrastructure,2184942.8,ADSEZ,IN,Common Stock,ADANI PORTS AND SPECIAL ECON
BRPRIOACNOR1,BYY0144,Prio SA,BRL,177969.0,0.01019,Brazil,63.24,Energy,Oil Gas & Consumable Fuels,2180436.8,PRIO3,BZ,Common Stock,PRIO SA
GB0031638363,3163836,Intertek Group plc,GBP,27789.0,0.010177,United Kingdom,58.65,Industrials,Professional Services,2177690.5,ITRK,LN,Common Stock,INTERTEK GROUP PLC
INE123W01016,BZ60N32,SBI Life Insurance Co. Ltd.,INR,117957.0,0.010173,India,1769.4,Financials,Insurance,2176815.8,SBILIFE,IN,Common Stock,SBI LIFE INSURANCE CO LTD
FR0000120404,5852842,Accor SA,EUR,41509.0,0.010134,France,45.58,Consumer Discretionary,Hotels Restaurants & Leisure,2168588.0,AC,FP,Common Stock,ACCOR SA
KYG8187G1055,B61X7R5,SITC International Holdings Co. Ltd.,HKD,353000.0,0.010125,Hong Kong,48.16,Industrials,Marine Transportation,2166646.3,1308,HK,Common Stock,SITC INTERNATIONAL HOLDINGS
FR0000131906,4712798,Renault SA,EUR,68936.0,0.010121,France,27.41,Consumer Discretionary,Automobiles,2165786.0,RNO,FP,Common Stock,RENAULT SA
DK0010244508,4253048,A.P. Moller - Maersk A/S Class B,DKK,624.0,0.0101,Denmark,22590.0,Industrials,Marine Transportation,2161324.8,MAERSKB,DC,Common Stock,AP MOLLER-MAERSK A/S-B
JP3888400003,6597346,Mitsui Kinzoku Co. Ltd.,JPY,14900.0,0.010083,Japan,22795.0,Materials,Metals & Mining,2157506.5,5706,JP,Common Stock,MITSUI KINZOKU CO LTD
AU000000PLS0,B2368L5,PLS Group Limited,AUD,727123.0,0.010073,Australia,4.17,Materials,Metals & Mining,2155522.0,PLS,AU,Common Stock,PLS GROUP LTD
CA36168Q1046,BKDT649,GFL Environmental Inc,CAD,50741.0,0.01006,Canada,59.43,Industrials,Commercial Services & Supplies,2152725.5,GFL,CN,Common Stock,GFL ENVIRONMENTAL INC-SUB VT
MYL5398OO002,6359881,Gamuda Bhd.,MYR,1836850.0,0.010053,Malaysia,4.78,Industrials,Construction & Engineering,2151204.8,GAM,MK,Common Stock,GAMUDA BHD
JP3173400007,6136749,OBIC Co. Ltd.,JPY,66400.0,0.010053,Japan,5100.0,Information Technology,It Services,2151119.5,4684,JP,Common Stock,OBIC CO LTD
CA7751092007,2169051,Rogers Communications Inc. Class B,CAD,61093.0,0.010021,Canada,49.17,Communication Services,Wireless Telecommunication Services,2144448.0,RCI/B,CN,Common Stock,ROGERS COMMUNICATIONS INC-B
US2473617023,B1W9D46,Delta Air Lines Inc.,USD,26842.0,0.009987,United States,79.62,Industrials,Airlines,2137160.0,DAL,US,Common Stock,DELTA AIR LINES INC
CNE100006M58,BQB7ZL7,Midea Group Co. Ltd. Class H,HKD,168400.0,0.009959,China,99.3,Consumer Discretionary,Household Durables,2131170.3,300,HK,,
TW0003034005,6346333,Novatek Microelectronics Corp.,TWD,121000.0,0.009934,Taiwan,558.0,Information Technology,Semiconductors & Semiconductor Equipment,2125714.3,3034,TT,Common Stock,NOVATEK MICROELECTRONICS COR
JP3409000001,6858902,Sumitomo Realty & Development Co. Ltd.,JPY,104500.0,0.009883,Japan,3186.0,Real Estate,Real Estate Management & Development,2114892.8,8830,JP,Common Stock,SUMITOMO REALTY & DEVELOPMEN
JP3180400008,6661768,Osaka Gas Co. Ltd.,JPY,54800.0,0.009879,Japan,6073.0,Utilities,Gas Utilities,2114025.0,9532,JP,Common Stock,OSAKA GAS CO LTD
SE0000667925,5978384,Telia Company AB,SEK,452269.0,0.009859,Sweden,46.03,Communication Services,Diversified Telecommunication Services,2109609.5,TELIA,SS,Common Stock,TELIA CO AB
BREMBJACNOR1,BTRD974,Embraer S.A.,BRL,112159.0,0.009858,Brazil,97.08,Industrials,Aerospace & Defense,2109459.3,EMBJ3,BZ,Common Stock,EMBRAER SA
US8926721064,BJXMVK2,Tradeweb Markets Inc. Class A,USD,20220.0,0.009824,United States,103.97,Financials,Capital Markets,2102273.5,TW,US,Common Stock,TRADEWEB MARKETS INC-CLASS A
JP3351600006,6805265,Shiseido CompanyLimited,JPY,92900.0,0.00982,Japan,3561.0,Consumer Staples,Personal Care Products,2101425.5,4911,JP,Common Stock,SHISEIDO CO LTD
JP3190000004,6656407,Obayashi Corporation,JPY,107200.0,0.009811,Japan,3083.0,Industrials,Construction & Engineering,2099397.0,1802,JP,Common Stock,OBAYASHI CORP
QA0006929853,6713982,Qatar Islamic Bank,QAR,364636.0,0.009791,Qatar,20.92,Financials,Banks,2095079.8,QIBK,QD,Common Stock,QATAR ISLAMIC BANK
DK0060094928,BYT16L4,Orsted,DKK,99979.0,0.009789,Denmark,136.65,Utilities,Independent Power And Renewable Electricity Producers,2094776.0,ORSTED,DC,Common Stock,ORSTED A/S
MYL1023OO000,6075745,CIMB Group Holdings Bhd,MYR,1114695.0,0.009738,Malaysia,7.63,Financials,Banks,2083822.9,CIMB,MK,Common Stock,CIMB GROUP HOLDINGS BHD
JP3293330001,BNGHNG2,Kokusai Electric Corporation,JPY,36800.0,0.009705,Japan,8884.0,Information Technology,Semiconductors & Semiconductor Equipment,2076742.5,6525,JP,Common Stock,KOKUSAI ELECTRIC CORP
JP3897700005,B0JQTJ0,Mitsubishi Chemical Group Corporation,JPY,274500.0,0.009689,Japan,1189.0,Materials,Chemicals,2073244.4,4188,JP,Common Stock,MITSUBISHI CHEMICAL GROUP CO
TW0002368008,6107585,Gold Circuit Electronics Ltd,TWD,64000.0,0.009605,Taiwan,1020.0,Information Technology,Electronic Equipment Instruments & Components,2055253.9,2368,TT,Common Stock,GOLD CIRCUIT ELECTRONICS LTD
DE000KBX1006,BD2P9X9,Knorr-Bremse AG,EUR,16962.0,0.009603,Germany,105.7,Industrials,Machinery,2055003.0,KBX,GY,Common Stock,KNORR-BREMSE AG
FR0014004L86,BMT9L19,Dassault Aviation SA,EUR,6233.0,0.009589,France,287.2,Industrials,Aerospace & Defense,2051832.9,AM,FP,Common Stock,DASSAULT AVIATION SA
INE019A01038,BZBYJJ7,JSW Steel Limited,INR,155156.0,0.009589,India,1268.0,Materials,Metals & Mining,2051917.0,JSTL,IN,Common Stock,JSW STEEL LTD
CH1175448666,BQ7ZV06,Straumann Holding AG,CHF,17834.0,0.009566,Switzerland,94.58,Health Care,Health Care Equipment & Supplies,2046890.0,STMN,SW,Common Stock,STRAUMANN HOLDING AG-REG
AU000000LYC6,6121176,Lynas Rare Earths Limited,AUD,200402.0,0.009554,Australia,14.35,Materials,Metals & Mining,2044384.0,LYC,AU,Common Stock,LYNAS RARE EARTHS LTD
ID1000095003,6651048,PT Bank Mandiri (Persero) Tbk,IDR,8506000.0,0.009548,Indonesia,4260.0,Financials,Banks,2043166.8,BMRI,IJ,Common Stock,BANK MANDIRI PERSERO TBK PT
JE00BQKY0816,BQKY081,Wise Group plc Class A,GBP,177293.0,0.009509,United Kingdom,8.59,Financials,Financial Services,2034885.5,WISE,LN,Common Stock,WISE GROUP PLC-CL A
JP3933800009,6084848,LY Corporation,JPY,595000.0,0.009481,Japan,536.8,Communication Services,Interactive Media & Services,2028877.1,4689,JP,Common Stock,LY CORP
CA87241L1094,BDRXBF4,TFI International Inc.,CAD,16221.0,0.009481,Canada,175.21,Industrials,Ground Transportation,2028899.0,TFII,CN,Common Stock,TFI INTERNATIONAL INC
SA15CGS10H12,BM8SKZ4,ACWA Power,SAR,42234.0,0.009458,Saudi Arabia,180.0,Utilities,Independent Power And Renewable Electricity Producers,2023832.0,ACWA,AB,Common Stock,ACWA POWER CO
TW0002880002,6411877,Hua Nan Financial Holdings Co. Ltd.,TWD,1347358.0,0.009446,Taiwan,47.65,Financials,Banks,2021302.1,2880,TT,Common Stock,HUA NAN FINANCIAL HOLDINGS C
US5261071071,2442053,Lennox International Inc.,USD,5611.0,0.00942,United States,359.23,Industrials,Building Products,2015639.5,LII,US,Common Stock,LENNOX INTERNATIONAL INC
US14316J1088,BKRTG56,Carlyle Group Inc,USD,50218.0,0.009411,United States,40.1,Financials,Capital Markets,2013741.8,CG,US,Common Stock,CARLYLE GROUP INC/THE
JP3942800008,6985264,Yamaha Motor Co. Ltd.,JPY,173900.0,0.009401,Japan,1821.0,Consumer Discretionary,Automobiles,2011573.0,7272,JP,Common Stock,YAMAHA MOTOR CO LTD
CNE100000HF9,B57JY24,China Minsheng Banking Corp. Ltd. Class H,HKD,4599600.0,0.009396,China,3.43,Financials,Banks,2010670.9,1988,HK,,
TW0002603008,6324500,Evergreen Marine Corp. (Taiwan) Ltd.,TWD,264980.0,0.009376,Taiwan,240.5,Industrials,Marine Transportation,2006381.4,2603,TT,Common Stock,EVERGREEN MARINE CORP LTD
GRS830003000,BTJZ707,Alpha Bank S.A.,EUR,370123.0,0.00937,Greece,4.726,Financials,Banks,2004934.5,ALPHA,GA,Common Stock,ALPHA BANK SA
US2787681061,B2NC471,EchoStar Corporation Class A,USD,21400.0,0.009347,United States,93.46,Communication Services,Media,2000044.0,ECHO,US,Common Stock,ECHOSTAR CORP-A
CNE1000009Q7,B2Q5H56,China Pacific Insurance (Group) Co. Ltd. Class H,HKD,550000.0,0.009329,China,28.48,Financials,Insurance,1996316.9,2601,HK,,
US9426222009,2943039,Watsco Inc.,USD,6389.0,0.009309,United States,311.77,Industrials,Trading Companies & Distributors,1991898.5,WSO,US,Common Stock,WATSCO INC
INE047A01021,BYQKH33,Grasim Industries Ltd.,INR,59852.0,0.00925,India,3171.0,Materials,Construction Materials,1979460.6,GRASIM,IN,Common Stock,GRASIM INDUSTRIES LTD
JP3820000002,6356365,Fuji Electric Co. Ltd.,JPY,23800.0,0.009238,Japan,13075.0,Industrials,Electrical Equipment,1976719.0,6504,JP,Common Stock,FUJI ELECTRIC CO LTD
JP3573000001,6895448,TOKYO GAS Co. Ltd.,JPY,49300.0,0.009233,Japan,6309.0,Utilities,Gas Utilities,1975757.9,9531,JP,Common Stock,TOKYO GAS CO LTD
INE848E01016,B233LP1,NHPC Limited,INR,2466483.0,0.009197,India,76.5,Utilities,Independent Power And Renewable Electricity Producers,1967938.5,NHPC,IN,Common Stock,NHPC LTD
AU000000VCX7,BY7QXS7,Vicinity Centres,AUD,1188548.0,0.009161,Australia,2.32,Real Estate,Retail Reits,1960257.9,VCX,AU,REIT,VICINITY CENTRES
GB00B082RF11,B082RF1,Rentokil Initial plc,GBP,459417.0,0.00916,United Kingdom,3.193,Industrials,Commercial Services & Supplies,1960023.1,RTO,LN,Common Stock,RENTOKIL INITIAL PLC
HK0291001490,6972459,China Resources Beer (Holdings) Co. Ltd.,HKD,843500.0,0.009153,China,18.22,Consumer Staples,Beverages,1958665.4,291,HK,,
BRRDORACNOR8,BNDQ8P6,Rede D'Or Sao Luiz SA,BRL,271423.0,0.009149,Brazil,37.23,Health Care,Health Care Providers & Services,1957703.6,RDOR3,BZ,Common Stock,REDE D'OR SAO LUIZ SA
NO0005052605,B11HK39,Norsk Hydro ASA,NOK,214340.0,0.009133,Norway,86.04,Materials,Metals & Mining,1954327.3,NHY,NO,Common Stock,NORSK HYDRO ASA
JP3756100008,6644800,Nitori Holdings Co. Ltd.,JPY,101400.0,0.009121,Japan,3030.0,Consumer Discretionary,Specialty Retail,1951672.1,9843,JP,Common Stock,NITORI HOLDINGS CO LTD
US5178341070,B02T2J7,Las Vegas Sands Corp.,USD,48685.0,0.009096,United States,39.98,Consumer Discretionary,Hotels Restaurants & Leisure,1946426.3,LVS,US,Common Stock,LAS VEGAS SANDS CORP
FI0009007132,5579550,Fortum Oyj,EUR,69148.0,0.009089,Finland,24.54,Utilities,Electric Utilities,1944977.6,FORTUM,FH,Common Stock,FORTUM OYJ
INE522F01014,B4Z9XF5,Coal India Ltd.,INR,452470.0,0.009083,India,411.85,Energy,Oil Gas & Consumable Fuels,1943573.0,COAL,IN,Common Stock,COAL INDIA LTD
US35969L1089,BMD2L36,Full Truck Alliance Co. Ltd. Sponsored ADR,USD,237891.0,0.009038,China,8.13,Industrials,Ground Transportation,1934053.9,YMM,US,,
MXP554091415,2448200,Industrias Penoles SAB de CV,MXN,37024.0,0.009017,Mexico,898.47,Materials,Metals & Mining,1929521.6,PE&OLES*,MM,Common Stock,INDUSTRIAS PENOLES SAB DE CV
CH0008038389,B083BH4,Swiss Prime Site AG,CHF,12635.0,0.009014,Switzerland,125.8,Real Estate,Real Estate Management & Development,1928867.1,SPSN,SW,Common Stock,SWISS PRIME SITE-REG
TH0481010R10,B013L15,Central Pattana Public Co. Ltd. NVDR,THB,998100.0,0.008992,Thailand,64.25,Real Estate,Real Estate Management & Development,1924174.6,CPN-R,TB,NVDR,CENTRAL PATTANA PCL-NVDR
ZAE000070660,B0L6750,Sanlam Limited,ZAR,380706.0,0.008965,South Africa,82.16,Financials,Insurance,1918356.6,SLM,SJ,Common Stock,SANLAM LTD
JP3814800003,6356406,Subaru Corporation,JPY,114700.0,0.008963,Japan,2632.5,Consumer Discretionary,Automobiles,1918041.9,7270,JP,Common Stock,SUBARU CORP
US31620R3030,BNBRDD4,Fidelity National Financial Inc. - FNF Group,USD,45003.0,0.008938,United States,42.5,Financials,Insurance,1912627.5,FNF,US,Common Stock,FIDELITY NATIONAL FINANCIAL
INE752E01010,B233HS6,Power Grid Corporation of India Limited,INR,679161.0,0.008938,India,270.0,Utilities,Electric Utilities,1912531.0,PWGR,IN,Common Stock,POWER GRID CORP OF INDIA LTD
FR0000120503,4002121,Bouygues SA,EUR,38434.0,0.008931,France,43.38,Industrials,Construction & Engineering,1911021.5,EN,FP,Common Stock,BOUYGUES SA
TW0003045001,6290496,Taiwan Mobile Co. Ltd.,TWD,489000.0,0.008921,Taiwan,124.0,Communication Services,Wireless Telecommunication Services,1909043.8,3045,TT,Common Stock,TAIWAN MOBILE CO LTD
DE000A1DAHH0,B4YVF56,Brenntag SE,EUR,27716.0,0.008899,Germany,59.94,Industrials,Trading Companies & Distributors,1904178.8,BNR,GY,Common Stock,BRENNTAG SE
CNE100004900,BMXTWL2,Zhongtai Securities Co Ltd Class A,CNY,2333300.0,0.008873,China,5.45,Financials,Capital Markets,1898776.3,600918,CH,Common Stock,ZHONGTAI SECURITIES CO LTD-A
SE0000113250,7142091,Skanska AB Class B,SEK,69039.0,0.008824,Sweden,269.9,Industrials,Construction & Engineering,1888259.4,SKAB,SS,Common Stock,SKANSKA AB-B SHS
INE814H01029,BV2DVP5,Adani Power Limited,INR,864832.0,0.00881,India,209.0,Utilities,Independent Power And Renewable Electricity Producers,1885167.8,ADANI,IN,Common Stock,ADANI POWER LTD
CNE100004272,BMGWW30,Nongfu Spring Co. Ltd. Class H,HKD,383200.0,0.00881,China,38.6,Consumer Staples,Beverages,1885122.5,9633,HK,,
KYG211501005,B44ZV94,China Hongqiao Group Ltd.,HKD,658500.0,0.008675,China,22.12,Materials,Metals & Mining,1856383.5,1378,HK,,
KYG6470A1168,BN4MKV3,New Oriental Education & Technology Group Inc.,HKD,335100.0,0.00863,China,43.24,Consumer Discretionary,Diversified Consumer Services,1846659.9,9901,HK,,
INE455K01017,BHKDY38,Polycab India Ltd.,INR,21152.0,0.008619,India,8360.0,Industrials,Electrical Equipment,1844292.0,POLYCAB,IN,Common Stock,POLYCAB INDIA LTD
CNE100001TR7,BWGCFG4,Fuyao Glass Industry Group Co. Ltd. Class H,HKD,262400.0,0.008611,China,55.1,Consumer Discretionary,Automobile Components,1842647.4,3606,HK,,
JP3027670003,6396800,Nippon Building Fund Inc.,JPY,2381.0,0.008609,Japan,121800.0,Real Estate,Office Reits,1842183.8,8951,JP,REIT,NIPPON BUILDING FUND INC
ZAE000259701,BL0L913,Sibanye Stillwater Limited,ZAR,645873.0,0.008599,South Africa,46.45,Materials,Metals & Mining,1839975.5,SSW,SJ,Common Stock,SIBANYE STILLWATER LTD
NL00150001Q9,BMD8KX7,Stellantis N.V.,EUR,381418.0,0.008588,Italy,4.204,Consumer Discretionary,Automobiles,1837691.8,STLAM,IM,Common Stock,STELLANTIS NV
KYG9593A1040,BF0GWS4,Wharf Real Estate Investment Company Limited,HKD,472000.0,0.008568,Hong Kong,30.48,Real Estate,Real Estate Management & Development,1833512.0,1997,HK,Common Stock,WHARF REAL ESTATE INVESTMENT
KYG5074A1004,BMW8R04,JD Health International Inc.,HKD,395500.0,0.008546,China,36.28,Consumer Staples,Consumer Staples Distribution & Retail,1828692.0,6618,HK,,
SE0005190238,B97C733,Tele2 AB Class B,SEK,106820.0,0.008524,Sweden,168.5,Communication Services,Wireless Telecommunication Services,1823966.0,TEL2B,SS,Common Stock,TELE2 AB-B SHS
TW0002449006,6352493,King Yuan Electronics Co. Ltd.,TWD,198200.0,0.0085,Taiwan,291.5,Information Technology,Semiconductors & Semiconductor Equipment,1818978.4,2449,TT,Common Stock,KING YUAN ELECTRONICS CO LTD
FI0009014377,B17NY40,Orion Oyj Class B,EUR,19470.0,0.0085,Finland,81.5,Health Care,Pharmaceuticals,1818796.0,ORNBV,FH,Common Stock,ORION OYJ-CLASS B
IT0005211237,BD2Z8S7,Italgas SpA,EUR,187640.0,0.008493,Italy,8.45,Utilities,Gas Utilities,1817366.6,IG,IM,Common Stock,ITALGAS SPA
JP3223800008,6484686,Kawasaki Kisen Kaisha Ltd.,JPY,81700.0,0.008481,Japan,3497.0,Industrials,Marine Transportation,1814863.4,9107,JP,Common Stock,KAWASAKI KISEN KAISHA LTD
MYL1155OO000,6556325,Malayan Banking Bhd.,MYR,716172.0,0.008462,Malaysia,10.32,Financials,Banks,1810828.1,MAY,MK,Common Stock,MALAYAN BANKING BHD
US65249B1098,BBGVT40,News Corporation Class A,USD,60691.0,0.008446,United States,29.78,Communication Services,Media,1807378.0,NWSA,US,Common Stock,NEWS CORP - CLASS A
US7588491032,2726177,Regency Centers Corporation,USD,24751.0,0.008438,United States,72.95,Real Estate,Retail Reits,1805585.5,REG,US,REIT,REGENCY CENTERS CORP
INE1TAE01010,BSNRFT7,Tata Motors Limited,INR,391750.0,0.008434,India,441.7,Industrials,Machinery,1804713.9,TMCV,IN,Common Stock,TATA MOTORS LTD /NEW
SG1U76934819,B1VT035,Yangzijiang Shipbuilding (Holdings) Ltd.,SGD,445600.0,0.008422,Singapore,5.17,Industrials,Machinery,1802270.4,YZJSGD,SP,Common Stock,YANGZIJIANG SHIPBUILDING
INE154A01025,B0JGGP5,ITC Limited,INR,658667.0,0.008418,India,262.2,Consumer Staples,Tobacco,1801235.9,ITC,IN,Common Stock,ITC LTD
INE437A01024,6273583,Apollo Hospitals Enterprise Limited,INR,19636.0,0.008394,India,8770.25,Health Care,Health Care Providers & Services,1796126.8,APHS,IN,Common Stock,APOLLO HOSPITALS ENTERPRISE
DK0060252690,B44XTX8,Pandora A/S,DKK,14874.0,0.008388,Denmark,787.0,Consumer Discretionary,Textiles Apparel & Luxury Goods,1794823.3,PNDORA,DC,Common Stock,PANDORA A/S
JP3218900003,6173694,Capcom Co. Ltd.,JPY,64300.0,0.008374,Japan,4387.0,Communication Services,Entertainment,1791863.4,9697,JP,Common Stock,CAPCOM CO LTD
GB00B2QPKJ12,B2QPKJ1,Fresnillo PLC,GBP,44179.0,0.008372,United Kingdom,30.35,Materials,Metals & Mining,1791553.4,FRES,LN,Common Stock,FRESNILLO PLC
JP3639650005,6269861,Pan Pacific International Holdings Corporation,JPY,392800.0,0.008314,Japan,713.0,Consumer Discretionary,Broadline Retail,1779046.4,7532,JP,Common Stock,PAN PACIFIC INTERNATIONAL HO
INE213A01029,6139362,Oil & Natural Gas Corp. Ltd.,INR,732452.0,0.0083,India,232.5,Energy,Oil Gas & Consumable Fuels,1776127.3,ONGC,IN,Common Stock,OIL & NATURAL GAS CORP LTD
CLP0939W1081,2100845,Banco de Chile,CLP,8563513.0,0.008248,Chile,197.9,Financials,Banks,1764872.9,CHILE,CI,Common Stock,BANCO DE CHILE
INE775A01035,6743990,Samvardhana Motherson International Limited,INR,1025973.0,0.008221,India,164.4,Consumer Discretionary,Automobile Components,1759177.6,MOTHERSO,IN,Common Stock,SAMVARDHANA MOTHERSON INTERN
AU000000REA9,6198578,REA Group Ltd,AUD,15821.0,0.008215,Australia,156.3,Communication Services,Interactive Media & Services,1757929.4,REA,AU,Common Stock,REA GROUP LTD
KYG4402L1510,6136233,Hengan International Group Co. Ltd.,HKD,700000.0,0.008213,China,19.7,Consumer Staples,Personal Care Products,1757482.8,1044,HK,,
JP3160400002,6307200,Eisai Co. Ltd.,JPY,56100.0,0.00821,Japan,4930.0,Health Care,Pharmaceuticals,1756855.5,4523,JP,Common Stock,EISAI CO LTD
JP3621000003,6897143,Toray Industries Inc.,JPY,221100.0,0.008191,Japan,1248.0,Materials,Chemicals,1752788.9,3402,JP,Common Stock,TORAY INDUSTRIES INC
INE021A01026,BCRWL65,Asian Paints Ltd.,INR,69779.0,0.00818,India,2405.0,Materials,Chemicals,1750297.1,APNT,IN,Common Stock,ASIAN PAINTS LTD
BMG0112X1056,BPH0Y27,Aegon Ltd.,EUR,193072.0,0.00817,Netherlands,7.9,Financials,Insurance,1748263.1,AGN,,Common Stock,AEGON LTD
IT0004965148,BGLP232,Moncler SpA,EUR,35214.0,0.008158,Italy,43.25,Consumer Discretionary,Textiles Apparel & Luxury Goods,1745669.0,MONC,IM,Common Stock,MONCLER SPA
SA0007879121,B1324D0,Saudi Basic Industries Corp.,SAR,136130.0,0.008129,Saudi Arabia,48.0,Materials,Chemicals,1739541.5,SABIC,AB,Common Stock,SAUDI BASIC INDUSTRIES CORP
JP3783420007,6416322,Hikari Tsushin Inc.,JPY,7100.0,0.008123,Japan,38540.0,Industrials,Industrial Conglomerates,1738186.3,9435,JP,Common Stock,HIKARI TSUSHIN INC
CA4932711001,B3SGMV5,Keyera Corp.,CAD,44156.0,0.008096,Canada,54.96,Energy,Oil Gas & Consumable Fuels,1732448.4,KEY,CN,Common Stock,KEYERA CORP
US35137L1052,BJJMGL2,Fox Corporation Class A,USD,26805.0,0.008073,United States,64.45,Communication Services,Media,1727582.3,FOXA,US,Common Stock,FOX CORP - CLASS A
INE040H01021,B0DX8R8,Suzlon Energy Ltd,INR,3825384.0,0.008073,India,43.3,Industrials,Electrical Equipment,1727567.0,SUEL,IN,Common Stock,SUZLON ENERGY LTD
US21871X1090,BMTX0G9,Corebridge Financial Inc.,USD,49446.0,0.008044,United States,34.81,Financials,Financial Services,1721215.3,CRBG,US,Common Stock,COREBRIDGE FINANCIAL INC
INE118H01025,BD3DWQ6,BSE Ltd.,INR,50514.0,0.008042,India,3266.4,Financials,Capital Markets,1720889.8,BSE,IN,Common Stock,BSE LTD
GB00B0744B38,B0744B3,Bunzl plc,GBP,49195.0,0.00803,United Kingdom,26.14,Industrials,Trading Companies & Distributors,1718231.8,BNZL,LN,Common Stock,BUNZL PLC
DE0006048408,5002465,Henkel AG & Co. KGaA,EUR,22244.0,0.008019,Germany,67.3,Consumer Staples,Household Products,1715885.9,HEN,GY,Common Stock,HENKEL AG & CO KGAA
CNE000001G87,BP3R2M8,China Yangtze Power Co. Ltd. Class A,CNY,406400.0,0.008017,China,28.27,Utilities,Independent Power And Renewable Electricity Producers,1715482.3,600900,CH,Common Stock,CHINA YANGTZE POWER CO LTD-A
SE0000108227,B1Q3J35,SKF AB Class B,SEK,63030.0,0.008017,Sweden,268.6,Industrials,Machinery,1715606.3,SKFB,SS,Common Stock,SKF AB-B SHARES
IL0007200111,6767677,Enlight Renewable Energy Ltd,ILS,22745.0,0.008015,Israel,229.0,Utilities,Independent Power And Renewable Electricity Producers,1715190.6,ENLT,IT,Common Stock,ENLIGHT RENEWABLE ENERGY LTD
INE027H01010,BMB2291,Max Healthcare Institute Ltd,INR,155789.0,0.008011,India,1055.0,Health Care,Health Care Providers & Services,1714198.9,MAXHEALT,IN,Common Stock,MAX HEALTHCARE INSTITUTE LTD
INE685A01028,B0XPSB8,Torrent Pharmaceuticals Ltd,INR,34150.0,0.007997,India,4804.25,Health Care,Pharmaceuticals,1711150.8,TRP,IN,Common Stock,TORRENT PHARMACEUTICALS LTD
JP3420600003,6793906,Sekisui House Ltd.,JPY,80300.0,0.007986,Japan,3350.0,Consumer Discretionary,Household Durables,1708781.9,1928,JP,Common Stock,SEKISUI HOUSE LTD
CA4488112083,BYYXJY9,Hydro One Limited,CAD,46111.0,0.007984,Canada,51.9,Utilities,Electric Utilities,1708424.5,H,CN,Common Stock,HYDRO ONE LTD
CA87262K1057,B8KH5G7,TMX Group Ltd.,CAD,44251.0,0.007964,Canada,53.95,Financials,Capital Markets,1704270.0,X,CN,Common Stock,TMX GROUP LTD
CNE100001CY9,BFFJRM7,Zhongji Innolight Co. Ltd. Class A,CNY,12320.0,0.007964,China,926.43,Information Technology,Communications Equipment,1704237.3,300308,CH,Common Stock,ZHONGJI INNOLIGHT CO LTD-A
CNE1000004L9,6743956,Weichai Power Co. Ltd. Class H,HKD,421000.0,0.007948,China,31.7,Industrials,Machinery,1700858.5,2338,HK,,
GB00BYW0PQ60,BYW0PQ6,Land Securities Group PLC,GBP,203275.0,0.007939,United Kingdom,6.255,Real Estate,Diversified Reits,1698894.8,LAND,LN,REIT,LAND SECURITIES GROUP PLC
CA9611485090,2956662,George Weston Limited,CAD,23909.0,0.007924,Canada,99.34,Consumer Staples,Consumer Staples Distribution & Retail,1695545.5,WN,CN,Common Stock,WESTON (GEORGE) LTD
CA46579R1047,BD73C40,Ivanhoe Mines Ltd. Class A,CAD,197885.0,0.007922,Canada,12.0,Materials,Metals & Mining,1695188.6,IVN,CN,Common Stock,IVANHOE MINES LTD-CL A
CNE100001MK7,B8RZJZ1,People's Insurance Co. (Group) of China Ltd. Class H,HKD,2295000.0,0.0079,China,5.78,Financials,Insurance,1690586.1,1339,HK,,
PTBCP0AM0015,BZCNN35,Banco Comercial Portugues S.A.,EUR,1252224.0,0.007888,Portugal,1.176,Financials,Banks,1687911.9,BCP,PL,Common Stock,BANCO COMERCIAL PORTUGUES-R
DE0005200000,5107401,Beiersdorf AG,EUR,19813.0,0.007885,Germany,74.3,Consumer Staples,Personal Care Products,1687328.0,BEI,GY,Common Stock,BEIERSDORF AG
AU000000SIG5,BF13K02,Sigma Healthcare Ltd,AUD,924069.0,0.007828,Australia,2.55,Health Care,Health Care Providers & Services,1675147.6,SIG,AU,Common Stock,SIGMA HEALTHCARE LTD
BMG4587L1090,6434915,Hongkong Land Holdings Limited,USD,193500.0,0.007813,Hong Kong,8.64,Real Estate,Real Estate Management & Development,1671840.0,HKHGF,US,,
SE0000190126,B1VSK10,Industrivarden AB Class A,SEK,30519.0,0.007797,Sweden,539.5,Financials,Financial Services,1668499.3,INDUA,SS,Common Stock,INDUSTRIVARDEN AB-A SHS
CNE1000001W2,6080396,Anhui Conch Cement Company Limited Class H,HKD,819500.0,0.00779,China,15.96,Materials,Construction Materials,1666896.6,914,HK,,
INE075A01022,6206051,Wipro Limited,INR,959832.0,0.007766,India,166.0,Information Technology,It Services,1661786.8,WPRO,IN,Common Stock,WIPRO LTD
DE000TLX1005,B8F0TD6,Talanx AG,EUR,11910.0,0.007738,Germany,121.3,Financials,Insurance,1655895.8,TLX,GY,Common Stock,TALANX AG
AU000000APA1,6247306,APA Group,AUD,212628.0,0.007721,Australia,10.93,Utilities,Gas Utilities,1652148.8,APA,AU,Stapled Security,APA GROUP
GB00BGXQNP29,BGXQNP2,Standard Life plc,GBP,132630.0,0.007714,United Kingdom,9.315,Financials,Insurance,1650744.3,SDLF,LN,Common Stock,STANDARD LIFE PLC
NZXROE0001S2,B8P4LP4,Xero Limited,AUD,36765.0,0.007668,Australia,62.78,Information Technology,Software,1640833.0,XRO,AU,Common Stock,XERO LTD
BRGGBRACNPR8,2645517,Gerdau S.A. Pfd,BRL,332486.0,0.007628,Brazil,25.34,Materials,Metals & Mining,1632252.1,GGBR4,BZ,Preference,GERDAU SA-PREF
INE200M01039,BQB80M6,Varun Beverages Ltd.,INR,370294.0,0.007613,India,421.8,Consumer Staples,Beverages,1629015.5,VBL,IN,Common Stock,VARUN BEVERAGES LTD
INE192R01011,BYW1G33,Avenue Supermarts Ltd.,INR,41765.0,0.007609,India,3738.0,Consumer Staples,Consumer Staples Distribution & Retail,1628260.0,DMART,IN,Common Stock,AVENUE SUPERMARTS LTD
US9100471096,B4QG225,United Airlines Holdings Inc.,USD,14944.0,0.007592,United States,108.71,Industrials,Airlines,1624562.3,UAL,US,Common Stock,UNITED AIRLINES HOLDINGS INC
ES0118594417,4476210,Indra Sistemas S.A. Class A,EUR,22930.0,0.00759,Spain,61.8,Information Technology,It Services,1624250.3,IDR,SM,Common Stock,INDRA SISTEMAS SA
FR0000120172,5641567,Carrefour SA,EUR,86202.0,0.007589,France,16.435,Consumer Staples,Consumer Staples Distribution & Retail,1623855.8,CA,FP,Common Stock,CARREFOUR SA
INE176B01034,BQGZWP9,Havells India Limited,INR,141560.0,0.007562,India,1096.0,Industrials,Electrical Equipment,1618166.0,HAVL,IN,Common Stock,HAVELLS INDIA LTD
INE947Q01028,BMZ1CH2,Laurus Labs Ltd.,INR,79337.0,0.007561,India,1955.25,Health Care,Pharmaceuticals,1617893.9,LAURUS,IN,Common Stock,LAURUS LABS LTD
JP3358800005,6804400,Shimizu Corporation,JPY,107900.0,0.007553,Japan,2358.0,Industrials,Construction & Engineering,1616186.6,1803,JP,Common Stock,SHIMIZU CORP
JP3629000005,6897024,TOPPAN Holdings Inc.,JPY,54600.0,0.007551,Japan,4659.0,Industrials,Commercial Services & Supplies,1615889.4,7911,JP,Common Stock,TOPPAN HOLDINGS INC
SE0014781795,BLN8T44,Addtech AB Class B,SEK,48597.0,0.00753,Sweden,327.2,Industrials,Trading Companies & Distributors,1611339.5,ADDTB,SS,Common Stock,ADDTECH AB-B SHARES
INE318A01026,B0JJV59,Pidilite Industries Limited,INR,98639.0,0.007529,India,1566.1,Materials,Chemicals,1611165.3,PIDI,IN,Common Stock,PIDILITE INDUSTRIES LTD
TH0168010R13,B0166J7,Bumrungrad Hospital Public Co. Ltd. NVDR,THB,271024.0,0.007525,Thailand,198.0,Health Care,Health Care Providers & Services,1610164.4,BH-R,TB,NVDR,BUMRUNGRAD HOSPITAL PCL-NVDR
BRBBASACNOR3,2328595,Banco do Brasil S.A.,BRL,357813.0,0.007516,Brazil,23.2,Financials,Banks,1608242.0,BBAS3,BZ,Common Stock,BANCO DO BRASIL S.A.
CA5503711080,BTKSSY6,Lundin Gold Inc.,CAD,24537.0,0.00751,Canada,91.75,Materials,Metals & Mining,1607131.5,LUG,CN,Common Stock,LUNDIN GOLD INC
ZAE000298253,BMZ1NS0,Northam Platinum Holdings Limited,ZAR,89614.0,0.007508,South Africa,292.3,Materials,Metals & Mining,1606511.5,NPH,SJ,Common Stock,NORTHAM PLATINUM HOLDINGS LT
INE102D01028,B1BDGY0,Godrej Consumer Products Limited,INR,173992.0,0.007497,India,884.0,Consumer Staples,Personal Care Products,1604181.5,GCPL,IN,Common Stock,GODREJ CONSUMER PRODUCTS LTD
JP3758190007,B63QM77,NEXON Co. Ltd.,JPY,78900.0,0.007495,Japan,3200.0,Communication Services,Entertainment,1603811.3,3659,JP,Common Stock,NEXON CO LTD
DE000EVNK013,B5ZQ9D3,Evonik Industries AG,EUR,80740.0,0.007486,Germany,17.31,Materials,Chemicals,1601940.0,EVK,GY,Common Stock,EVONIK INDUSTRIES AG
TRAASELS91H2,B03MP41,Aselsan Elektronik Sanayi ve Ticaret A.S. Class B,TRY,209263.0,0.007472,Turkey,372.75,Industrials,Aerospace & Defense,1598909.3,ASELS,TI,Common Stock,ASELSAN ELEKTRONIK SANAYI
FR0014000MR3,BNDPYV1,Eurofins Scientific SE,EUR,18206.0,0.007454,France,76.44,Health Care,Life Sciences Tools & Services,1595128.4,ERF,FP,Common Stock,EUROFINS SCIENTIFIC
MX01GA000004,B0ZV104,Grupo Aeroportuario del Pacifico SAB de CV Class B,MXN,78358.0,0.007445,Mexico,350.52,Industrials,Transportation Infrastructure,1593158.0,GAPB,MM,Common Stock,GRUPO AEROPORT DEL PACIFIC-B
TH0101010R14,6410874,Charoen Pokphand Foods Public Co. Ltd. NVDR,THB,2297800.0,0.007443,Thailand,23.1,Consumer Staples,Food Products,1592654.1,CPF-R,TB,NVDR,CHAROEN POKPHAND FOODS-NVDR
CNE1000016V2,B6SPB49,CITIC Securities Co. Ltd. Class H,HKD,503950.0,0.007438,China,24.78,Financials,Capital Markets,1591532.8,6030,HK,,
NZAIAE0002S6,BKX3XG2,Auckland International Airport Limited,NZD,330684.0,0.007432,New Zealand,8.42,Industrials,Transportation Infrastructure,1590286.8,AIA,NZ,Common Stock,AUCKLAND INTL AIRPORT LTD
INE423A01024,B01VRK0,Adani Enterprises Limited,INR,50793.0,0.007425,India,2999.1,Industrials,Trading Companies & Distributors,1588791.1,ADE,IN,Common Stock,ADANI ENTERPRISES LTD
AU000000ASX7,6129222,ASX Limited,AUD,40059.0,0.007417,Australia,55.73,Financials,Capital Markets,1587075.8,ASX,AU,Common Stock,ASX LTD
SA0007879782,B12LZT1,Banque Saudi Fransi,SAR,278536.0,0.007384,Saudi Arabia,21.31,Financials,Banks,1580172.4,BSF,AB,Common Stock,BANQUE SAUDI FRANSI
FR0012333284,BYZZ7S4,Abivax SA,EUR,15140.0,0.00738,France,91.0,Health Care,Biotechnology,1579165.8,ABVX,FP,Common Stock,ABIVAX SA
CNE1000002J7,B0B8Z18,COSCO SHIPPING Holdings Co. Ltd. Class H,HKD,745850.0,0.007365,China,16.58,Industrials,Marine Transportation,1576024.0,1919,HK,,
CL0000000423,2518932,LATAM Airlines Group SA,CLP,61040536.0,0.007361,Chile,24.78,Industrials,Passenger Airlines,1575198.6,LTM,CI,Common Stock,LATAM AIRLINES GROUP SA
GB0006776081,0677608,Pearson PLC,GBP,99950.0,0.007355,United Kingdom,11.785,Consumer Discretionary,Diversified Consumer Services,1573865.4,PSON,LN,Common Stock,PEARSON PLC
CNE1000029W3,BD8GL18,Postal Savings Bank of China Co. Ltd. Class H,HKD,2286000.0,0.007352,China,5.4,Financials,Banks,1573246.6,1658,HK,,
SE0015949201,BL6K7K9,Lifco AB Class B,SEK,50386.0,0.007316,Sweden,306.6,Industrials,Industrial Conglomerates,1565475.6,LIFCOB,SS,Common Stock,LIFCO AB-B SHS
INE155A01022,B611LV1,Tata Motors Passenger Vehicles Ltd,INR,493452.0,0.007307,India,303.8,Consumer Discretionary,Automobiles,1563524.3,TMPV,IN,Common Stock,TATA MOTORS PASSENGER VEHICL
KYG022421088,B4TPSL0,Alchip Technologies Ltd.,TWD,14000.0,0.007292,Taiwan,3540.0,Information Technology,Semiconductors & Semiconductor Equipment,1560330.6,3661,TT,Common Stock,ALCHIP TECHNOLOGIES LTD
NO0010063308,4732495,Telenor ASA,NOK,110947.0,0.007253,Norway,132.0,Communication Services,Diversified Telecommunication Services,1551969.3,TEL,NO,Common Stock,TELENOR ASA
CNE100006WS8,BT9QPW8,Contemporary Amperex Technology Co. Limited Class H,HKD,24000.0,0.007247,China,507.0,Industrials,Electrical Equipment,1550765.0,3750,HK,,
LU0038705702,2418128,Millicom International Cellular SA,USD,16400.0,0.007224,Sweden,94.26,Communication Services,Wireless Telecommunication Services,1545864.0,TIGO,US,,
KYG0146B1032,BLFJ7Y1,Akeso Inc.,HKD,134000.0,0.007223,China,90.5,Health Care,Biotechnology,1545539.6,9926,HK,,
GB0009223206,0922320,Smith & Nephew plc,GBP,112550.0,0.007221,United Kingdom,10.275,Health Care,Health Care Equipment & Supplies,1545192.3,SN/,LN,Common Stock,SMITH & NEPHEW PLC
CLP8716X1082,2718301,Sociedad Quimica y Minera de Chile SA Pfd Series B,CLP,21591.0,0.00722,Chile,68708.0,Materials,Chemicals,1544883.5,SQM/B,CI,Preference,SOC QUIMICA Y MINERA CHILE-B
TREBIMM00018,B0D0006,BIM Birlesik Magazalar A.S.,TRY,179311.0,0.00721,Turkey,419.75,Consumer Staples,Consumer Staples Distribution & Retail,1542806.0,BIMAS,TI,Common Stock,BIM BIRLESIK MAGAZALAR AS
PLBZ00000044,7153639,Erste Bank Polska S.A.,PLN,7837.0,0.007204,Poland,749.0,Financials,Banks,1541630.8,EBP,PW,Common Stock,ERSTE BANK POLSKA SA
PLBRE0000012,4143053,mBank SA,PLN,4192.0,0.0072,Poland,1399.5,Financials,Banks,1540788.0,MBK,PW,Common Stock,MBANK SA
CA1249003098,2159795,CCL Industries Inc. Class B,CAD,23227.0,0.007195,Canada,92.85,Materials,Containers & Packaging,1539568.1,CCL/B,CN,Common Stock,CCL INDUSTRIES INC - CL B
CNE000001P37,BP3R217,Industrial and Commercial Bank of China Limited Class A,CNY,1274800.0,0.007179,China,8.07,Financials,Banks,1536109.9,601398,CH,Common Stock,IND & COMM BK OF CHINA-A
TH0737010R15,B08YDH1,CP ALL Public Company Limited NVDR,THB,1136221.0,0.00717,Thailand,45.0,Consumer Staples,Consumer Staples Distribution & Retail,1534166.9,CPALL-R,TB,NVDR,CP ALL PCL-NVDR
CNE1000004R6,B1H5082,Zhaojin Mining Industry Co. Ltd. Class H,HKD,595000.0,0.007144,China,20.16,Materials,Metals & Mining,1528742.4,1818,HK,,
SA0007879089,B12LSY7,Saudi Awwal Bank,SAR,171872.0,0.007142,Saudi Arabia,33.4,Financials,Banks,1528239.1,SABB,AB,Common Stock,SAUDI AWWAL BANK
US48553T1060,BM91SH0,Kanzhun Ltd. Sponsored ADR,USD,102958.0,0.007121,China,14.8,Industrials,Professional Services,1523778.4,BZ,US,,
BRRADLACNOR0,B7FQV64,Raia Drogasil S.A.,BRL,388149.0,0.007109,Brazil,20.23,Consumer Staples,Consumer Staples Distribution & Retail,1521253.5,RADL3,BZ,Common Stock,RAIA DROGASIL SA
FR0013154002,BYZ2QP5,Sartorius Stedim Biotech SA,EUR,6699.0,0.007108,France,198.1,Health Care,Life Sciences Tools & Services,1521090.0,DIM,FP,Common Stock,SARTORIUS STEDIM BIOTECH
INE918I01026,BMTWGK2,Bajaj Finserv Limited,INR,78614.0,0.007088,India,1849.85,Financials,Financial Services,1516730.3,BJFIN,IN,Common Stock,BAJAJ FINSERV LTD
INE257A01026,B6SNRV2,Bharat Heavy Electricals Limited,INR,331554.0,0.007013,India,434.0,Industrials,Electrical Equipment,1500776.3,BHEL,IN,Common Stock,BHARAT HEAVY ELECTRICALS
JP3429300001,6042608,Zensho Holdings Co. Ltd.,JPY,22600.0,0.007011,Japan,10450.0,Consumer Discretionary,Hotels Restaurants & Leisure,1500206.3,7550,JP,Common Stock,ZENSHO HOLDINGS CO LTD
KYG982391099,BK4Y052,XP Inc. Class A,USD,74940.0,0.007008,Brazil,20.01,Financials,Capital Markets,1499549.4,XP,US,,
GB00BNGDN821,BNGDN82,Melrose Industries PLC,GBP,234672.0,0.007007,United Kingdom,4.782,Industrials,Aerospace & Defense,1499429.5,MRO,LN,Common Stock,MELROSE INDUSTRIES PLC
SA0007879105,B12LZK2,Arab National Bank,SAR,247530.0,0.007006,Saudi Arabia,22.75,Financials,Banks,1499163.4,ARNB,AB,Common Stock,ARAB NATIONAL BANK
DE0005785802,5129074,Fresenius Medical Care AG,EUR,33769.0,0.006998,Germany,38.69,Health Care,Health Care Providers & Services,1497536.3,FME,GY,Common Stock,FRESENIUS MEDICAL CARE AG
JP3659000008,6957995,West Japan Railway Company,JPY,77600.0,0.006994,Japan,3036.0,Industrials,Ground Transportation,1496545.0,9021,JP,Common Stock,WEST JAPAN RAILWAY CO
GB00B033F229,B033F22,Centrica plc,GBP,760985.0,0.006987,United Kingdom,1.47,Utilities,Multi-Utilities,1495189.8,CNA,LN,Common Stock,CENTRICA PLC
JP3240400006,6490809,Kikkoman Corporation,JPY,142200.0,0.006986,Japan,1655.0,Consumer Staples,Food Products,1494940.4,2801,JP,Common Stock,KIKKOMAN CORP
NO0003054108,B02L486,Mowi ASA,NOK,70940.0,0.006974,Norway,198.5,Consumer Staples,Food Products,1492262.9,MOWI,NO,Common Stock,MOWI ASA
THB231010R11,BQKRHP6,True Corporation Public Company Limited NVDR,THB,3931200.0,0.006946,Thailand,12.6,Communication Services,Diversified Telecommunication Services,1486253.8,TRUE-R,TB,NVDR,TRUE CORP PCL/NEW-NVDR
JP3774200004,6408664,Hankyu Hanshin Holdings Inc.,JPY,50600.0,0.006928,Japan,4612.0,Industrials,Ground Transportation,1482402.4,9042,JP,Common Stock,HANKYU HANSHIN HOLDINGS INC
JP3142500002,B1FF8P7,Idemitsu Kosan Co. Ltd.,JPY,141055.0,0.006913,Japan,1651.0,Energy,Oil Gas & Consumable Fuels,1479319.1,5019,JP,Common Stock,IDEMITSU KOSAN CO LTD
JP3749400002,6640507,Nippon Paint Holdings Co. Ltd.,JPY,201200.0,0.006884,Japan,1152.5,Materials,Chemicals,1472974.4,4612,JP,Common Stock,NIPPON PAINT HOLDINGS CO LTD
CA1366812024,2172286,Canadian Tire Corporation Limited Class A,CAD,11106.0,0.006881,Canada,185.73,Consumer Discretionary,Broadline Retail,1472528.1,CTC/A,CN,Common Stock,CANADIAN TIRE CORP-CLASS A
NO0010208051,7751259,Yara International ASA,NOK,30833.0,0.00688,Norway,450.6,Materials,Chemicals,1472314.6,YAR,NO,Common Stock,YARA INTERNATIONAL ASA
TRAAKBNK91N6,B03MN70,Akbank T.A.S.,TRY,1014556.0,0.006871,Turkey,70.7,Financials,Banks,1470310.6,AKBNK,TI,Common Stock,AKBANK T.A.S.
CNE100001922,B5730Z1,New China Life Insurance Co. Ltd. Class H,HKD,243600.0,0.006851,China,47.22,Financials,Insurance,1465986.9,1336,HK,,
AT0000606306,B0704T9,Raiffeisen Bank International AG,EUR,20750.0,0.006841,Austria,61.55,Financials,Banks,1463883.8,RBI,AV,Common Stock,RAIFFEISEN BANK INTERNATIONA
KYG960071028,BLLHKZ1,WH Group Ltd. (HK),HKD,1734208.0,0.006822,Hong Kong,6.605,Consumer Staples,Food Products,1459825.1,288,HK,Common Stock,WH GROUP LTD
SE0000872095,B1CC9H0,Swedish Orphan Biovitrum AB,SEK,32201.0,0.006816,Sweden,447.0,Health Care,Biotechnology,1458616.6,SOBI,SS,Common Stock,SWEDISH ORPHAN BIOVITRUM AB
CNE1000000T0,BP3R4D3,Aluminum Corporation of China Limited Class A,CNY,1044100.0,0.006812,China,9.35,Materials,Metals & Mining,1457674.1,601600,CH,Common Stock,ALUMINUM CORP OF CHINA LTD-A
JP3967200001,6229597,Rakuten Group Inc.,JPY,322300.0,0.006777,Japan,708.3,Consumer Discretionary,Broadline Retail,1450119.5,4755,JP,Common Stock,RAKUTEN GROUP INC
DK0060448595,B8FMRX8,Coloplast A/S Class B,DKK,22574.0,0.006768,Denmark,418.4,Health Care,Health Care Equipment & Supplies,1448169.5,COLOB,DC,Common Stock,COLOPLAST-B
HU0000153937,BD5ZXH8,MOL Hungarian Oil & Gas Plc Class A,HUF,89098.0,0.006753,Hungary,5160.0,Energy,Oil Gas & Consumable Fuels,1445112.9,MOL,HB,Common Stock,MOL HUNGARIAN OIL AND GAS PL
PLPZU0000011,B63DG21,Powszechny Zaklad Ubezpieczen Spolka Akcyjna,PLN,75933.0,0.006751,Poland,72.44,Financials,Insurance,1444633.5,PZU,PW,Common Stock,POWSZECHNY ZAKLAD UBEZPIECZE
DE000HAG0005,BN0SDX8,HENSOLDT AG,EUR,16104.0,0.006739,Germany,78.12,Industrials,Aerospace & Defense,1441970.6,HAG,GY,Common Stock,HENSOLDT AG
SE0001515552,B0LDBX7,Indutrade AB,SEK,58036.0,0.006728,Sweden,244.8,Industrials,Machinery,1439703.9,INDT,SS,Common Stock,INDUTRADE AB
NL0012059018,BMJ1825,EXOR N.V.,EUR,18335.0,0.006727,Netherlands,68.5,Financials,Financial Services,1439567.0,EXO,,Common Stock,EXOR NV
CNE100003PS9,BK96BF0,China Zheshang Bank Co Ltd Class A,CNY,3319900.0,0.006718,China,2.9,Financials,Banks,1437572.5,601916,CH,Common Stock,CHINA ZHESHANG BANK CO LTD-A
KYG7170M1033,BN6PP37,Pop Mart International Group Limited,HKD,72600.0,0.006706,China,155.1,Consumer Discretionary,Specialty Retail,1435077.1,9992,HK,,
MYL3816OO005,6557997,MISC Bhd,MYR,734000.0,0.006698,Malaysia,7.97,Industrials,Marine Transportation,1433291.8,MISC,MK,Common Stock,MISC BHD
US2533931026,2969637,Dick's Sporting Goods Inc.,USD,11812.0,0.006687,United States,121.15,Consumer Discretionary,Specialty Retail,1431023.8,DKS,US,Common Stock,DICK'S SPORTING GOODS INC
CNE100001T72,BSBND71,Yangtze Optical Fibre and Cable Joint Stock Ltd Co Class H,HKD,61000.0,0.006652,China,183.1,Information Technology,Communications Equipment,1423459.1,6869,HK,,
JP3951600000,6911485,Unicharm Corporation,JPY,233300.0,0.00665,Japan,960.2,Consumer Staples,Household Products,1422992.9,8113,JP,Common Stock,UNICHARM CORP
GB00B1WY2338,B1WY233,Smiths Group Plc,GBP,41623.0,0.006594,United Kingdom,25.37,Industrials,Machinery,1410941.6,SMIN,LN,Common Stock,SMITHS GROUP PLC
AU000000MPL3,BRTNNQ5,Medibank Private Ltd.,AUD,433997.0,0.006589,Australia,4.57,Financials,Insurance,1409975.1,MPL,AU,Common Stock,MEDIBANK PRIVATE LTD
DK0060636678,BXDZ972,Tryg A/S,DKK,60520.0,0.006574,Denmark,151.6,Financials,Insurance,1406751.4,TRYG,DC,Common Stock,TRYG A/S
KYG4124C1096,BP6NH40,Grab Holdings Limited Class A,USD,503011.0,0.00657,Singapore,2.795,Industrials,Ground Transportation,1405915.8,GRAB,US,,
FI0009007884,5701513,Elisa Oyj Class A,EUR,33247.0,0.006554,Finland,36.8,Communication Services,Diversified Telecommunication Services,1402363.8,ELISA,FH,Common Stock,ELISA OYJ
MX01KO000002,BHHP0S4,Coca-Cola Femsa SAB de CV Units Cons of 5 Shs -L- + 3 Shs Series -B-,MXN,127909.0,0.00655,Mexico,188.92,Consumer Staples,Beverages,1401657.1,KOFUBL,MM,Unit,COCA-COLA FEMSA SAB DE CV
TW0002395001,6202673,Advantech Co. Ltd.,TWD,64258.0,0.006523,Taiwan,690.0,Information Technology,Technology Hardware Storage & Peripherals,1395923.6,2395,TT,Common Stock,ADVANTECH CO LTD
KYG6525F1028,BPR9XV6,NIO Inc. Class A,HKD,375351.0,0.006505,China,29.1,Consumer Discretionary,Automobiles,1392058.1,9866,HK,,
TH0150010R11,6361466,Krung Thai Bank Public Co. Ltd. NVDR,THB,1027840.0,0.006486,Thailand,45.0,Financials,Banks,1387826.9,KTB-R,TB,NVDR,KRUNG THAI BANK - NVDR
FI0009000202,4490005,Kesko Oyj Class B,EUR,54675.0,0.006478,Finland,22.12,Consumer Staples,Consumer Staples Distribution & Retail,1386227.0,KESKOB,FH,Common Stock,KESKO OYJ-B SHS
FR0010451203,B1VP0K0,Rexel SA,EUR,33695.0,0.006478,France,35.89,Industrials,Trading Companies & Distributors,1386115.3,RXL,FP,Common Stock,REXEL SA
INE949L01017,BF1YBK2,AU Small Finance Bank Limited,INR,127166.0,0.006452,India,1041.0,Financials,Banks,1380682.3,AUBANK,IN,Common Stock,AU SMALL FINANCE BANK LTD
FR0000121964,7582556,Klepierre SA,EUR,32888.0,0.006451,France,36.62,Real Estate,Retail Reits,1380435.9,LI,FP,REIT,KLEPIERRE
JP3358000002,6804820,Shimano Inc.,JPY,11900.0,0.006438,Japan,18225.0,Consumer Discretionary,Leisure Products,1377656.0,7309,JP,Common Stock,SHIMANO INC
HK0267001375,6196152,CITIC Limited,HKD,828000.0,0.006431,China,13.04,Industrials,Industrial Conglomerates,1376051.6,267,HK,,
GB0033195214,3319521,Kingfisher Plc,GBP,341257.0,0.006431,United Kingdom,3.018,Consumer Discretionary,Specialty Retail,1376119.0,KGF,LN,Common Stock,KINGFISHER PLC
GB00B019KW72,B019KW7,J Sainsbury plc,GBP,307502.0,0.00643,United Kingdom,3.349,Consumer Staples,Consumer Staples Distribution & Retail,1375999.6,SBRY,LN,Common Stock,SAINSBURY (J) PLC
JP3486800000,6250508,Daito Trust Construction Co. Ltd.,JPY,64500.0,0.006418,Japan,3352.0,Real Estate,Real Estate Management & Development,1373377.8,1878,JP,Common Stock,DAITO TRUST CONSTRUCT CO LTD
GB00BKFB1C65,BKFB1C6,M&G Plc,GBP,309300.0,0.006414,United Kingdom,3.321,Financials,Financial Services,1372473.6,MNG,LN,Common Stock,M&G PLC
INE089A01031,BQ2KJW4,Dr. Reddy's Laboratories Ltd.,INR,112270.0,0.006408,India,1171.1,Health Care,Pharmaceuticals,1371291.1,DRRD,IN,Common Stock,DR. REDDY'S LABORATORIES
NO0011202772,BPLF0Y2,Var Energi ASA,NOK,240321.0,0.006403,Norway,53.8,Energy,Oil Gas & Consumable Fuels,1370148.5,VAR,NO,Common Stock,VAR ENERGI ASA
CZ0008019106,4519449,Komercni banka a.s.,CZK,27792.0,0.006397,Czech Republic,1047.0,Financials,Banks,1368951.3,KOMB,CP,Common Stock,KOMERCNI BANKA AS
JP3711600001,6640541,Nippon Sanso Holdings Corporation,JPY,39200.0,0.00639,Japan,5491.0,Materials,Chemicals,1367299.9,4091,JP,Common Stock,NIPPON SANSO HOLDINGS CORP
DK0010244425,4253059,A.P. Moller - Maersk A/S Class A,DKK,409.0,0.006365,Denmark,21720.0,Industrials,Marine Transportation,1362079.0,MAERSKA,DC,Common Stock,AP MOLLER-MAERSK A/S-A
TH0003010R12,6609928,Siam Cement Public Co. Ltd. NVDR,THB,171095.0,0.006358,Thailand,265.0,Materials,Construction Materials,1360443.4,SCC-R,TB,NVDR,SIAM CEMENT PCL-NVDR
SE0000163594,5554041,Securitas AB Class B,SEK,88147.0,0.006349,Sweden,152.1,Industrials,Commercial Services & Supplies,1358629.5,SECUB,SS,Common Stock,SECURITAS AB-B SHS
BRENEVACNOR8,BFWHKM5,Eneva S.A.,BRL,258404.0,0.006347,Brazil,27.13,Utilities,Independent Power And Renewable Electricity Producers,1358176.8,ENEV3,BZ,Common Stock,ENEVA SA
CNE100000RJ0,BP3R228,Agricultural Bank of China Limited Class A,CNY,1334800.0,0.006343,China,6.81,Financials,Banks,1357281.8,601288,CH,Common Stock,AGRICULTURAL BANK OF CHINA-A
SA0007879048,B12LZW4,Riyad Bank,SAR,252496.0,0.006339,Saudi Arabia,20.18,Financials,Banks,1356486.3,RIBL,AB,Common Stock,RIYAD BANK
BRSUZBACNOR0,B02GKC7,Suzano S.A.,BRL,145222.0,0.00631,Brazil,47.99,Materials,Paper & Forest Products,1350176.1,SUZB3,BZ,Common Stock,SUZANO SA
JP3188200004,6267058,OTSUKA CORPORATION,JPY,58100.0,0.006288,Japan,3646.0,Information Technology,It Services,1345609.6,4768,JP,Common Stock,OTSUKA CORP
ZAE000012084,6801575,Shoprite Holdings Limited,ZAR,68850.0,0.006286,South Africa,318.56,Consumer Staples,Consumer Staples Distribution & Retail,1345161.3,SHP,SJ,Common Stock,SHOPRITE HOLDINGS LTD
US7757111049,2747305,Rollins Inc.,USD,41444.0,0.006281,United States,32.43,Industrials,Commercial Services & Supplies,1344028.9,ROL,US,Common Stock,ROLLINS INC
GB00B1FH8J72,B1FH8J7,Severn Trent Plc,GBP,32933.0,0.00628,United Kingdom,30.54,Utilities,Water Utilities,1343864.6,SVT,LN,Common Stock,SEVERN TRENT PLC
SE0015988019,BN7BZM3,NIBE Industrier AB Class B,SEK,308488.0,0.006279,Sweden,42.98,Industrials,Building Products,1343596.8,NIBEB,SS,Common Stock,NIBE INDUSTRIER AB-B SHS
ZAE000022331,6177878,Discovery Limited,ZAR,82633.0,0.006276,South Africa,265.0,Financials,Insurance,1343007.9,DSY,SJ,Common Stock,DISCOVERY LTD
ZAE000004875,6628008,Nedbank Group,ZAR,75021.0,0.006257,South Africa,291.0,Financials,Banks,1338921.3,NED,SJ,Common Stock,NEDBANK GROUP LTD
JP3493800001,6250906,Dai Nippon Printing Co. Ltd.,JPY,71100.0,0.006249,Japan,2960.5,Industrials,Commercial Services & Supplies,1337091.0,7912,JP,Common Stock,DAI NIPPON PRINTING CO LTD
ZAE000132577,B65B4D0,Vodacom Group Limited,ZAR,143035.0,0.006232,South Africa,152.02,Communication Services,Wireless Telecommunication Services,1333589.9,VOD,SJ,Common Stock,VODACOM GROUP LTD
US4485791028,B5B82X4,Hyatt Hotels Corporation Class A,USD,8586.0,0.006221,United States,155.04,Consumer Discretionary,Hotels Restaurants & Leisure,1331173.5,H,US,Common Stock,HYATT HOTELS CORP - CL A
FR0010340141,B164FY1,Aeroports de Paris,EUR,10719.0,0.006218,France,108.3,Industrials,Transportation Infrastructure,1330586.6,ADP,FP,Common Stock,ADP
FR0000121220,7062713,Sodexo SA,EUR,20264.0,0.006192,France,57.05,Consumer Discretionary,Hotels Restaurants & Leisure,1325077.4,SW,FP,Common Stock,SODEXO SA
TH0016010R14,6364766,Kasikornbank Public Co. Ltd. NVDR,THB,174300.0,0.006183,Thailand,253.0,Financials,Banks,1323168.6,KBANK-R,TB,NVDR,KASIKORNBANK PCL-NVDR
INE067A01029,B1B90H9,CG Power & Industrial Solutions Ltd,INR,140861.0,0.006179,India,900.0,Industrials,Electrical Equipment,1322224.6,CGPOWER,IN,Common Stock,CG POWER AND INDUSTRIAL SOLU
TW0002207008,6417165,Hotai Motor Co. Ltd.,TWD,78160.0,0.006175,Taiwan,537.0,Consumer Discretionary,Specialty Retail,1321430.0,2207,TT,Common Stock,HOTAI MOTOR COMPANY LTD
HK3808041546,B296ZH4,Sinotruk Hong Kong Ltd.,HKD,272000.0,0.006166,China,38.06,Industrials,Machinery,1319363.6,3808,HK,,
BE0974464977,BPSLYH4,Syensqo SA/NV,EUR,14842.0,0.006149,Belgium,77.35,Materials,Chemicals,1315870.5,SYENS,BB,Common Stock,SYENSQO SA
INE158A01026,6327327,Hero Motocorp Limited,INR,23755.0,0.006136,India,5300.0,Consumer Discretionary,Automobiles,1313115.3,HMCL,IN,Common Stock,HERO MOTOCORP LTD
GB0006731235,0673123,Associated British Foods plc,GBP,54169.0,0.006109,United Kingdom,18.06,Consumer Staples,Food Products,1307144.9,ABF,LN,Common Stock,ASSOCIATED BRITISH FOODS PLC
INE298A01020,6294863,Cummins India Limited,INR,24375.0,0.006059,India,5100.0,Industrials,Machinery,1296542.6,KKC,IN,Common Stock,CUMMINS INDIA LTD
INE406A01037,6702634,Aurobindo Pharma Ltd,INR,71621.0,0.006057,India,1735.0,Health Care,Pharmaceuticals,1296020.3,ARBP,IN,Common Stock,AUROBINDO PHARMA LTD
CNE100001NR0,BP3R574,CMOC Group Limited Class A,CNY,495000.0,0.006048,China,17.51,Materials,Metals & Mining,1294190.1,603993,CH,Common Stock,CMOC GROUP LTD-A
CA8029121057,2112226,Saputo Inc.,CAD,45504.0,0.006045,Canada,39.82,Consumer Staples,Food Products,1293524.6,SAP,CN,Common Stock,SAPUTO INC
JP3906000009,6642406,MinebeaMitsumi Inc.,JPY,58700.0,0.00602,Japan,3455.0,Industrials,Machinery,1288286.5,6479,JP,Common Stock,MINEBEA MITSUMI INC
KYG5257K1076,B1HHFV6,Kingboard Laminates Holdings Limited,HKD,214500.0,0.006017,China,47.1,Information Technology,Electronic Equipment Instruments & Components,1287582.3,1888,HK,,
CA3759161035,2254645,Gildan Activewear Inc.,CAD,27405.0,0.006013,Canada,65.77,Consumer Discretionary,Textiles Apparel & Luxury Goods,1286712.4,GIL,CN,Common Stock,GILDAN ACTIVEWEAR INC
CA85472N1096,2854238,Stantec Inc,CAD,18739.0,0.006005,Canada,96.05,Industrials,Construction & Engineering,1284895.0,STN,CN,Common Stock,STANTEC INC
INE465A01025,B0C1DM3,Bharat Forge Ltd,INR,62219.0,0.005992,India,1976.0,Consumer Discretionary,Automobile Components,1282277.3,BHFC,IN,Common Stock,BHARAT FORGE LTD
JP3102000001,6010702,Aisin Corporation,JPY,89900.0,0.005961,Japan,2233.5,Consumer Discretionary,Automobile Components,1275475.0,7259,JP,Common Stock,AISIN CORP
INE343H01029,BYZ9NH7,Solar Industries India Limited,INR,6483.0,0.00595,India,18830.0,Materials,Chemicals,1273205.0,SOIL,IN,Common Stock,SOLAR INDUSTRIES INDIA LTD
HK0836012952,6711566,China Resources Power Holdings Co. Ltd.,HKD,528089.0,0.005941,China,18.89,Utilities,Independent Power And Renewable Electricity Producers,1271352.1,836,HK,,
ES0173093024,BD6FXN3,Redeia Corporacion SA,EUR,73374.0,0.005939,Spain,15.11,Utilities,Electric Utilities,1270770.4,RED,SM,Common Stock,REDEIA CORP SA
INE171A01029,BFT7KB7,Federal Bank Ltd. (India),INR,365190.0,0.005924,India,332.8,Financials,Banks,1267576.4,FB,IN,Common Stock,FEDERAL BANK LTD
CNE100000742,BP3R3L4,China Construction Bank Corporation Class A,CNY,784800.0,0.00592,China,10.81,Financials,Banks,1266751.6,601939,CH,Common Stock,CHINA CONSTRUCTION BANK-A
KYG4232C1087,B1L2RC2,Haitian International Holdings Limited,HKD,582000.0,0.005917,China,17.07,Industrials,Machinery,1266144.5,1882,HK,,
DK0060738599,BZ01RF1,Demant A/S,DKK,27334.0,0.005895,Denmark,301.0,Health Care,Health Care Equipment & Supplies,1261504.8,DEMANT,DC,Common Stock,DEMANT A/S
GB00BWFGQN14,BWFGQN1,Spirax Group plc.,GBP,13669.0,0.005893,United Kingdom,69.05,Industrials,Machinery,1261117.8,SPX,LN,Common Stock,SPIRAX GROUP PLC
JP3233250004,BYT8154,JAPAN POST INSURANCE Co. Ltd.,JPY,110100.0,0.005881,Japan,1799.5,Financials,Insurance,1258535.5,7181,JP,Common Stock,JAPAN POST INSURANCE CO LTD
MYL8869OO009,BF0J5S4,Press Metal Aluminium Holdings Berhad,MYR,653400.0,0.005835,Malaysia,7.8,Materials,Metals & Mining,1248688.0,PMAH,MK,Common Stock,PRESS METAL ALUMINIUM HOLDIN
NO0010582521,B4PH0C5,Gjensidige Forsikring ASA,NOK,42667.0,0.005832,Norway,276.0,Financials,Insurance,1247943.3,GJF,NO,Common Stock,GJENSIDIGE FORSIKRING ASA
JP3862400003,6555805,Makita Corporation,JPY,37000.0,0.005804,Japan,5284.0,Industrials,Machinery,1241912.0,6586,JP,Common Stock,MAKITA CORP
HU0000123096,BC9ZH86,Chemical Works of Gedeon Richter Plc,HUF,30766.0,0.005798,Hungary,12830.0,Health Care,Pharmaceuticals,1240742.9,RICHT,HB,Common Stock,RICHTER GEDEON NYRT
INE127D01025,BG0R3M5,HDFC Asset Management Co. Ltd.,INR,49047.0,0.005797,India,2425.0,Financials,Capital Markets,1240498.3,HDFCAMC,IN,Common Stock,HDFC ASSET MANAGEMENT CO LTD
IL0005850180,6410700,Harel Insurance Investments & Financial Services Ltd.,ILS,18788.0,0.005783,Israel,200.0,Financials,Insurance,1237375.5,HARL,IT,Common Stock,HAREL INSURANCE INVESTMENTS
CNE1000036B2,BF0XD15,Yangtze Optical Fibre & Cable Joint Stock Ltd. Co. Class A,CNY,18200.0,0.005778,China,454.99,Information Technology,Communications Equipment,1236459.8,601869,CH,Common Stock,YANGTZE OPTICAL FIBRE AND -A
KYG8586D1097,B1YBT08,Sunny Optical Technology (Group) Co. Ltd.,HKD,144269.0,0.005761,China,67.05,Information Technology,Electronic Equipment Instruments & Components,1232817.0,2382,HK,,
AT0000746409,4661607,VERBUND AG Class A,EUR,17325.0,0.005754,Austria,62.0,Utilities,Electric Utilities,1231190.9,VER,AV,Common Stock,VERBUND AG
CNE0000015Y0,BP3R2C8,China Minsheng Banking Corp. Ltd. Class A,CNY,2363300.0,0.005706,China,3.46,Financials,Banks,1220960.6,600016,CH,Common Stock,CHINA MINSHENG BANKING-A
JP3955000009,6986427,Yokogawa Electric Corp.,JPY,41100.0,0.005676,Japan,4652.0,Information Technology,Electronic Equipment Instruments & Components,1214528.9,6841,JP,Common Stock,YOKOGAWA ELECTRIC CORP
FR0010259150,B0R7JF1,Ipsen SA,EUR,6782.0,0.005663,France,155.9,Health Care,Pharmaceuticals,1211893.1,IPN,FP,Common Stock,IPSEN
CA87971M1032,2381093,TELUS Corporation,CAD,137734.0,0.005656,Canada,12.31,Communication Services,Diversified Telecommunication Services,1210383.8,T,CN,Common Stock,TELUS CORP
INE208A01029,B01NFT1,Ashok Leyland Limited,INR,709230.0,0.005628,India,162.8,Industrials,Machinery,1204241.1,AL,IN,Common Stock,ASHOK LEYLAND LTD
QA0006929812,6566614,Nebras Energy,QAR,331084.0,0.005601,Qatar,13.18,Utilities,Multi-Utilities,1198485.9,QEWS,QD,Common Stock,NEBRAS ENERGY
CNE1000041R8,BNHPMD5,Cambricon Technologies Corp. Ltd. Class A,CNY,7209.0,0.005599,China,1113.14,Information Technology,Semiconductors & Semiconductor Equipment,1198206.1,688256,CH,Common Stock,CAMBRICON TECHNOLOGIES-A
ES0124244E34,B1G40S0,Mapfre SA,EUR,237268.0,0.005597,Spain,4.404,Financials,Insurance,1197696.9,MAP,SM,Common Stock,MAPFRE SA
SE0015949748,BP2NJ48,Beijer Ref AB Class B,SEK,82330.0,0.005564,Sweden,142.7,Industrials,Trading Companies & Distributors,1190546.5,BEIJB,SS,Common Stock,BEIJER REF AB
NL0015000RT3,BLF9GQ6,NEPI Rockcastle N.V.,ZAR,134242.0,0.005534,South Africa,143.82,Real Estate,Real Estate Management & Development,1184095.9,NRP,SJ,Common Stock,NEPI ROCKCASTLE N.V.
INE849A01020,BDDRN32,Trent Limited,INR,40824.0,0.005528,India,2778.05,Consumer Discretionary,Specialty Retail,1182844.4,TRENT,IN,Common Stock,TRENT LTD
CLP1506A1070,2000257,Banco Santander-Chile,CLP,13831749.0,0.005508,Chile,81.82,Financials,Banks,1178561.5,BSAN,CI,Common Stock,BANCO SANTANDER CHILE
NL0015435975,BMQ5W17,Davide Campari-Milano N.V.,EUR,173856.0,0.005493,Italy,5.898,Consumer Staples,Beverages,1175316.6,CPR,IM,Common Stock,DAVIDE CAMPARI-MILANO NV
CA2861812014,B7FNMQ2,Element Fleet Management Corporation,CAD,65926.0,0.005492,Canada,24.97,Industrials,Commercial Services & Supplies,1175165.8,EFN,CN,Common Stock,ELEMENT FLEET MANAGEMENT COR
CA1247651088,2162760,CAE Inc.,CAD,50209.0,0.005486,Canada,32.75,Industrials,Aerospace & Defense,1173861.3,CAE,CN,Common Stock,CAE INC
GRS434003000,7268298,Public Power Corporation S.A.,EUR,42294.0,0.005478,Greece,24.18,Utilities,Electric Utilities,1172183.3,PPC,GA,Common Stock,PUBLIC POWER CORP
CLP321331116,2069355,Banco de Credito e Inversiones,CLP,17085.0,0.005454,Chile,65600.0,Financials,Banks,1167171.1,BCI,CI,Common Stock,BANCO DE CREDITO E INVERSION
INE029A01011,6099723,Bharat Petroleum Corporation Limited,INR,363900.0,0.005454,India,307.5,Energy,Oil Gas & Consumable Fuels,1167076.0,BPCL,IN,Common Stock,BHARAT PETROLEUM CORP LTD
CNE100002359,BZ169C6,China International Capital Corp. Ltd. Class H,HKD,450800.0,0.00545,China,20.3,Financials,Capital Markets,1166290.5,3908,HK,,
AU0000219529,BNRQW72,Lottery Corporation Limited,AUD,341421.0,0.005444,Australia,4.8,Consumer Discretionary,Hotels Restaurants & Leisure,1165037.8,TLC,AU,Common Stock,LOTTERY CORP LTD/THE
IT0003828271,B07DRZ5,Recordati S.p.A.,EUR,19230.0,0.005428,Italy,52.7,Health Care,Pharmaceuticals,1161583.3,REC,IM,Common Stock,RECORDATI INDUSTRIA CHIMICA
PTJMT0AE0001,B1Y1SQ7,Jeronimo Martins SGPS S.A.,EUR,56815.0,0.005374,Portugal,17.66,Consumer Staples,Consumer Staples Distribution & Retail,1150043.3,JMT,PL,Common Stock,JERONIMO MARTINS
DE0006452907,5633962,Nemetschek SE,EUR,16484.0,0.005346,Germany,60.55,Information Technology,Software,1144029.4,NEM,GY,Common Stock,NEMETSCHEK SE
DE0006070006,5108664,HOCHTIEF Aktiengesellschaft,EUR,2487.0,0.005267,Germany,395.4,Industrials,Construction & Engineering,1127127.0,HOT,GY,Common Stock,HOCHTIEF AG
CNE0000014G0,BP3RH12,Angel Yeast Co. Ltd. Class A,CNY,189500.0,0.005263,China,39.8,Consumer Staples,Food Products,1126157.3,600298,CH,Common Stock,ANGEL YEAST CO LTD-A
ZAE000006896,6777450,Sasol Limited,ZAR,82120.0,0.005262,South Africa,223.56,Materials,Chemicals,1125958.1,SOL,SJ,Common Stock,SASOL LTD
FR0010220475,B0DJ8Q5,Alstom SA,EUR,64230.0,0.005257,France,15.28,Industrials,Machinery,1124920.1,ALO,FP,Common Stock,ALSTOM
CNE100003373,BFY8GV7,Shennan Circuit Co. Ltd. Class A,CNY,19456.0,0.00522,China,384.5,Information Technology,Electronic Equipment Instruments & Components,1117008.9,002916,CH,Common Stock,SHENNAN CIRCUITS CO LTD-A
TW0005347009,6109677,Vanguard International Semiconductor Corp,TWD,206196.0,0.005218,Taiwan,172.0,Information Technology,Semiconductors & Semiconductor Equipment,1116590.8,5347,TPEX,Common Stock,VANGUARD INTERNATIONAL SEMI
CNE100001NT6,B92NYF2,China Galaxy Securities Co. Ltd. Class H,HKD,1154000.0,0.00521,China,7.58,Financials,Capital Markets,1114812.5,6881,HK,,
FR0000130452,B13X013,Eiffage SA,EUR,9132.0,0.0052,France,106.3,Industrials,Construction & Engineering,1112652.6,FGR,FP,Common Stock,EIFFAGE
CNE100002FG7,BYWPH65,China Galaxy Securities Co. Ltd. Class A,CNY,613400.0,0.005171,China,12.08,Financials,Capital Markets,1106413.4,601881,CH,Common Stock,CHINA GALAXY SECURITIES CO-A
CH0024638212,B11WWH2,Schindler Holding Ltd.,CHF,3676.0,0.00516,Switzerland,247.5,Industrials,Machinery,1104071.4,SCHN,SW,Common Stock,SCHINDLER HOLDING AG-REG
INE982J01020,BNTYXL5,One 97 Communications Ltd.,INR,57861.0,0.005147,India,1825.0,Financials,Financial Services,1101338.3,PAYTM,IN,Common Stock,ONE 97 COMMUNICATIONS LTD
QA000VSUG130,BK4Z0B1,Mesaieed Petrochemical Holding Company Q.S.C.,QAR,3875630.0,0.005139,Qatar,1.033,Materials,Chemicals,1099567.8,MPHC,QD,Common Stock,MESAIEED PETROCHEMICAL HOLDI
CH0012255151,7184725,Swatch Group Ltd. Bearer,CHF,5101.0,0.005103,Switzerland,176.4,Consumer Discretionary,Textiles Apparel & Luxury Goods,1091943.9,UHR,SW,Common Stock,SWATCH GROUP AG/THE-BR
JP3343200006,6776349,Sanrio Co. Ltd.,JPY,142200.0,0.005097,Japan,1207.5,Consumer Discretionary,Specialty Retail,1090719.3,8136,JP,Common Stock,SANRIO CO LTD
CA16890P1036,B60FNV8,China Gold International Resources Corp. Ltd.,HKD,33900.0,0.005064,China,250.8,Materials,Metals & Mining,1083562.6,2099,HK,,
CNE000001PQ8,BP3R8G4,China Merchants Energy Shipping Co. Ltd. Class A,CNY,323400.0,0.005046,China,22.36,Energy,Oil Gas & Consumable Fuels,1079738.5,601872,CH,Common Stock,CHINA MERCHANTS ENERGY -A
MXP461181085,2393452,Grupo Carso SAB de CV Class A1,MXN,142405.0,0.00501,Mexico,129.78,Industrials,Industrial Conglomerates,1072002.4,GCARSOA1,MM,Common Stock,GRUPO CARSO SAB DE CV-SER A1
INE242A01010,6253767,Indian Oil Corp. Ltd.,INR,749403.0,0.004997,India,136.8,Energy,Oil Gas & Consumable Fuels,1069235.8,IOCL,IN,Common Stock,INDIAN OIL CORP LTD
JP3112000009,6055208,AGC Inc.,JPY,29800.0,0.004995,Japan,5646.0,Industrials,Building Products,1068768.0,5201,JP,Common Stock,AGC INC
GRS282183003,7243530,Jumbo S.A.,EUR,37023.0,0.004982,Greece,25.12,Consumer Discretionary,Specialty Retail,1065986.5,BELA,GA,Common Stock,JUMBO SA
THA790010R17,BPH0728,SCB X Public Company Limited NVDR,THB,232370.0,0.004969,Thailand,152.5,Financials,Banks,1063278.9,SCB-R,TB,NVDR,SCB X PCL-NVDR
INE059A01026,B011108,Cipla Ltd,INR,74134.0,0.004955,India,1371.45,Health Care,Pharmaceuticals,1060399.1,CIPLA,IN,Common Stock,CIPLA LTD
CA05534B7604,B188TH2,BCE Inc.,CAD,47902.0,0.004938,Canada,30.9,Communication Services,Diversified Telecommunication Services,1056661.9,BCE,CN,Common Stock,BCE INC
IT0004776628,BYWP840,Banca Mediolanum SpA,EUR,39620.0,0.004938,Italy,23.27,Financials,Financial Services,1056747.6,BMED,IM,Common Stock,BANCA MEDIOLANUM SPA
CNE100002615,BD761B9,Eoptolink Technology Inc. Ltd. Class A,CNY,15832.0,0.004916,China,445.0,Information Technology,Electronic Equipment Instruments & Components,1051968.0,300502,CH,Common Stock,EOPTOLINK TECHNOLOGY INC L-A
INE0HOQ01053,BTRDH36,Billionbrains Garage Ventures Limited,INR,522993.0,0.004903,India,192.35,Financials,Capital Markets,1049204.3,GROWW,IN,Common Stock,BILLIONBRAINS GARAGE VENTURE
BRITUBACNOR4,B03DN17,Itau Unibanco Holding S.A.,BRL,115675.0,0.004856,Brazil,46.37,Financials,Banks,1039163.5,ITUB3,BZ,Common Stock,ITAU UNIBANCO HOLDING SA
ID1000129000,BD4T6W7,PT Telkom Indonesia (Persero) Tbk Class B,IDR,7182000.0,0.004845,Indonesia,2560.0,Communication Services,Diversified Telecommunication Services,1036702.6,TLKM,IJ,Common Stock,TELKOM INDONESIA PERSERO TBK
ES0125220311,5579107,Acciona SA,EUR,4329.0,0.004828,Spain,208.2,Utilities,Electric Utilities,1033067.56,ANA,SM,Common Stock,ACCIONA SA
MXP495211262,2392471,Grupo Bimbo SAB de CV Class A,MXN,328362.0,0.004824,Mexico,54.2,Consumer Staples,Food Products,1032321.4,BIMBOA,MM,Common Stock,GRUPO BIMBO SAB- SERIES A
TW0001326007,6348715,Formosa Chemicals & Fibre Corporation,TWD,478190.0,0.004791,Taiwan,68.1,Materials,Chemicals,1025257.4,1326,TT,Common Stock,FORMOSA CHEMICALS & FIBRE
CNE100007DH9,BT9QZ17,Z.AI Co. Ltd. -H- Reg S,HKD,10200.0,0.004738,China,780.0,Information Technology,Software,1013961.8,2513,HK,,
KYG3825B1059,BD9Q2J2,Genscript Biotech Corporation,HKD,202000.0,0.004733,China,39.34,Health Care,Life Sciences Tools & Services,1012773.94,1548,HK,,
AU000000QAN2,6710347,Qantas Airways Limited,AUD,162983.0,0.004727,Australia,8.73,Industrials,Passenger Airlines,1011498.06,QAN,AU,Common Stock,QANTAS AIRWAYS LTD
INE692A01016,6579634,Union Bank of India Limited,INR,546892.0,0.004718,India,177.0,Financials,Banks,1009594.06,UNBK,IN,Common Stock,UNION BANK OF INDIA
COE15PA00026,2205706,Interconexion Electrica SA ESP,COP,112733.0,0.004687,Colombia,28500.0,Utilities,Electric Utilities,1003000.25,ISA,CB,Common Stock,INTERCONEXION ELECTRICA SA
INE388Y01029,BP4DCB4,FSN E-Commerce Ventures Ltd.,INR,294913.0,0.004686,India,326.0,Consumer Discretionary,Specialty Retail,1002728.75,NYKAA,IN,Common Stock,FSN E-COMMERCE VENTURES LTD
CH0531751755,BMFY8R3,Banque Cantonale Vaudoise,CHF,6480.0,0.004682,Switzerland,127.4,Financials,Banks,1001822.75,BCVN,SW,Common Stock,BANQUE CANTONALE VAUDOIS-REG
INE1CDF01017,BTXZ178,Vedanta Aluminium Metal Limited,INR,230223.0,0.004671,India,416.25,Materials,Metals & Mining,999481.9,VAML,IN,Common Stock,VEDANTA ALUMINIUM METAL LTD
CNE100000ML7,BD5LYF1,NAURA Technology Group Co Ltd Class A,CNY,9585.0,0.004592,China,686.51,Information Technology,Semiconductors & Semiconductor Equipment,982529.8,002371,CH,Common Stock,NAURA TECHNOLOGY GROUP CO-A
ES0177542018,B5282K0,International Consolidated Airlines Group SA,EUR,174790.0,0.00459,Spain,4.903,Industrials,Passenger Airlines,982288.1,IAG,SM,Common Stock,INTL CONSOLIDATED AIRLINE-DI
PLSOFTB00016,5978953,Asseco Poland S.A.,PLN,16622.0,0.004517,Poland,221.4,Information Technology,Software,966517.2,ACP,PW,Common Stock,ASSECO POLAND SA
US2044481040,2210476,Compania de Minas Buenaventura SAA Sponsored ADR,USD,28153.0,0.004517,Peru,34.33,Materials,Metals & Mining,966492.5,BVN,PE,ADR,CIA DE MINAS BUENAVENTUR-ADR
CH0023405456,B0R80X9,Avolta AG,CHF,18994.0,0.004507,Switzerland,41.84,Consumer Discretionary,Specialty Retail,964394.1,AVOL,SW,Common Stock,AVOLTA AG
NL0015002J37,BT18HL5,JBS N.V. Class A,USD,79272.0,0.004431,Brazil,11.96,Consumer Staples,Food Products,948093.1,JBS,US,,
INE417T01026,BP4DVR3,PB Fintech Limited,INR,52221.0,0.004429,India,1740.0,Financials,Insurance,947690.2,POLICYBZ,IN,Common Stock,PB FINTECH LTD
AU0000364754,BR858V2,SGH Limited,AUD,36078.0,0.004424,Australia,36.91,Industrials,Trading Companies & Distributors,946662.1,SGH,AU,Common Stock,SGH LTD
CNE000000JW1,BP3R518,AECC Aviation Power Co Ltd Class A,CNY,160200.0,0.004381,China,39.19,Industrials,Aerospace & Defense,937442.2,600893,CH,Common Stock,AECC AVIATION POWER CO-A
DE000A2E4K43,BZCNB42,Delivery Hero SE,EUR,22353.0,0.004365,Germany,36.46,Consumer Discretionary,Hotels Restaurants & Leisure,934142.06,DHER,GY,Common Stock,DELIVERY HERO SE
HK0001200002,BSD3B20,Zijin Gold International Company Limited,HKD,46000.0,0.004359,China,159.1,Materials,Metals & Mining,932727.6,2259,HK,,
JE00BRX98089,BRX9808,CVC Capital Partners plc,EUR,62220.0,0.004216,Netherlands,12.65,Financials,Capital Markets,902154.6,CVC,,Common Stock,CVC CAPITAL PARTNERS PLC
INE758E01017,BQPG2F3,Jio Financial Services Limited,INR,373230.0,0.004209,India,231.4,Financials,Financial Services,900765.7,JIOFIN,IN,Common Stock,JIO FINANCIAL SERVICES LTD
CNE1000048J0,BMYPCF3,China International Capital Corp. Ltd. Class A,CNY,189400.0,0.004203,China,31.8,Financials,Capital Markets,899319.1,601995,CH,Common Stock,CHINA INTERNATIONAL CAPTAL-A
NZIFTE0003S3,6459286,Infratil Limited,NZD,112291.0,0.004202,New Zealand,14.02,Financials,Financial Services,899172.9,IFT,NZ,Common Stock,INFRATIL LTD
BE0003822393,B09M9F4,Elia Group SA/NV,EUR,6457.0,0.004175,Belgium,120.7,Utilities,Electric Utilities,893302.3,ELI,BB,Common Stock,ELIA GROUP SA/NV
CNE100001B07,BFCCQG6,Satellite Chemical Co. Ltd. Class A,CNY,224800.0,0.004174,China,26.61,Materials,Chemicals,893198.4,002648,CH,Common Stock,SATELLITE CHEMICAL CO LTD-A
BE0003604155,4224992,Lotus Bakeries NV,EUR,65.0,0.004164,Belgium,11960.0,Consumer Staples,Food Products,891055.94,LOTB,BB,Common Stock,LOTUS BAKERIES
SA000A0DM9P2,B12LR51,Etihad Etisalat Co.,SAR,51704.0,0.004155,Saudi Arabia,64.6,Communication Services,Wireless Telecommunication Services,889193.6,EEC,AB,Common Stock,ETIHAD ETISALAT CO
FR0013258662,BF03BV1,Ayvens,EUR,73997.0,0.00415,France,10.47,Industrials,Ground Transportation,888016.94,AYV,FP,Common Stock,AYVENS SA
KYG525621408,6491318,Kingboard Holdings Limited,HKD,124500.0,0.004138,China,55.8,Information Technology,Electronic Equipment Instruments & Components,885381.3,148,HK,,
INE1NPP01017,BTWMYX7,Siemens Energy India Limited,INR,26152.0,0.004117,India,3230.25,Industrials,Electrical Equipment,881075.25,ENRIN,IN,Common Stock,SIEMENS ENERGY INDIA LTD
BRUGPAACNOR8,B0FHTN1,Ultrapar Participacoes S.A.,BRL,115010.0,0.004074,Brazil,39.13,Consumer Discretionary,Specialty Retail,871872.0,UGPA3,BZ,Common Stock,ULTRAPAR PARTICIPACOES SA
CNE100000114,B1VRCG6,CMOC Group Limited Class H,HKD,435000.0,0.004065,China,15.69,Materials,Metals & Mining,869839.25,3993,HK,,
IT0001347308,5782206,Buzzi Spa,EUR,19936.0,0.003983,Italy,37.3,Materials,Construction Materials,852329.0,BZU,IM,Common Stock,BUZZI SPA
KYG982AW1003,BP6FB33,XPeng Inc. Class A,HKD,158400.0,0.003966,China,42.04,Consumer Discretionary,Automobiles,848681.4,9868,HK,,
IL0011415713,BF8KKX9,OPC Energy Ltd.,ILS,27109.0,0.003933,Israel,94.28,Utilities,Independent Power And Renewable Electricity Producers,841635.5,OPCE,IT,Common Stock,OPC ENERGY LTD
INE196A01026,B1S34K5,Marico Limited,INR,100682.0,0.003931,India,801.0,Consumer Staples,Food Products,841116.9,MRCO,IN,Common Stock,MARICO LTD
INE239A01024,BQB8GH3,Nestle India Ltd.,INR,59544.0,0.003927,India,1353.1,Consumer Staples,Food Products,840310.6,NEST,IN,Common Stock,NESTLE INDIA LTD
KYG5479M1050,BMW5M00,Li Auto Inc. Class A,HKD,138600.0,0.003926,China,47.56,Consumer Discretionary,Automobiles,840101.75,2015,HK,,
COTK7PA00028,BTPR2M4,Grupo Cibest S.A. Non-Cum Perp Pfd Registered Shs,COP,34869.0,0.003912,Colombia,76900.0,Financials,Banks,837087.6,PFCIBEST,CB,Preference,GRUPO CIBEST SA - PREF
BRVBBRACNOR1,BPBLV81,Vibra Energia SA,BRL,108572.0,0.003897,Brazil,39.64,Consumer Discretionary,Specialty Retail,833794.0,VBBR3,BZ,Common Stock,VIBRA ENERGIA SA
AU000000PME8,6292782,Pro Medicus Ltd.,AUD,6898.0,0.003886,Australia,169.57,Health Care,Health Care Technology,831535.44,PME,AU,Common Stock,PRO MEDICUS LTD
CNE100000LQ8,BP3R3B4,Huatai Securities Co. Ltd. Class A,CNY,293900.0,0.003759,China,18.33,Financials,Capital Markets,804393.94,601688,CH,Common Stock,HUATAI SECURITIES CO LTD-A
SA000A0ETHT1,B137VV2,Almarai Company,SAR,65785.0,0.003739,Saudi Arabia,45.68,Consumer Staples,Food Products,800005.0,ALMARAI,AB,Common Stock,ALMARAI CO
CL0002456714,BYVW0G8,Plaza SA,CLP,196071.0,0.003721,Chile,3900.0,Real Estate,Real Estate Management & Development,796331.06,MALLPLAZ,CI,Common Stock,PLAZA SA Y FILIALES
NO0003733800,B1VQF42,Orkla ASA,NOK,82807.0,0.003713,Norway,90.55,Consumer Staples,Food Products,794601.06,ORK,NO,Common Stock,ORKLA ASA
AEA002001013,B0LX3Y2,Aldar Properties - P J S C,AED,353620.0,0.003604,United Arab Emirates,8.01,Real Estate,Real Estate Management & Development,771209.0,ALDAR,UH,Common Stock,ALDAR PROPERTIES PJSC
CNE1000062J1,BPXZ192,Sichuan Kelun-Biotech Biopharmaceutical Co. Ltd. Class H,HKD,13000.0,0.003574,China,461.6,Health Care,Biotechnology,764779.0,6990,HK,,
AEA006101017,BYVGM64,Abu Dhabi National Oil Company for Distribution PJSC,AED,692861.0,0.003553,United Arab Emirates,4.03,Consumer Discretionary,Specialty Retail,760245.6,ADNOCDIS,UH,Common Stock,ABU DHABI NATIONAL OIL CO FO
TH0355010R16,B1359L2,PTT Exploration & Production Plc NVDR,THB,168900.0,0.003553,Thailand,150.0,Energy,Oil Gas & Consumable Fuels,760183.06,PTTEP-R,TB,NVDR,PTT EXPLOR & PROD PCL-NVDR
COTK7PA00010,BP6QXH4,Grupo Cibest S.A.,COP,26663.0,0.003539,Colombia,90980.0,Financials,Banks,757286.25,CIBEST,CB,Common Stock,GRUPO CIBEST SA
INE262H01021,BLC87W9,Persistent Systems Limited,INR,13343.0,0.003533,India,5433.0,Information Technology,It Services,756075.5,PSYS,IN,Common Stock,PERSISTENT SYSTEMS LTD
BE0003823409,B0BN7W8,Financiere de Tubize S.A.,EUR,3700.0,0.00351,Belgium,177.1,Health Care,Pharmaceuticals,751070.5,TUB,BB,Common Stock,FINANCIERE DE TUBIZE
FR0004125920,BYZR014,Amundi SA,EUR,7099.0,0.003485,France,91.65,Financials,Capital Markets,745744.56,AMUN,FP,Common Stock,AMUNDI SA
SE0000106270,5687431,H&M Hennes & Mauritz AB Class B,SEK,44922.0,0.003457,Sweden,162.5,Consumer Discretionary,Specialty Retail,739735.94,HMB,SS,Common Stock,HENNES & MAURITZ AB-B SHS
NO0010310956,B1W5NW2,SalMar ASA,NOK,12693.0,0.003457,Norway,550.0,Consumer Staples,Food Products,739810.7,SALM,NO,Common Stock,SALMAR ASA
MXP000511016,2043423,Sigma Foods S.A.B. de C.V.,MXN,695563.0,0.003456,Mexico,18.33,Consumer Staples,Food Products,739540.0,SIGMAFA,MM,Common Stock,SIGMA FOODS SAB DE CV
QA0007227737,6158174,Ooredoo Q.P.S.C,QAR,207774.0,0.003355,Qatar,12.58,Communication Services,Diversified Telecommunication Services,717878.9,ORDS,QD,Common Stock,OOREDOO QPSC
CNE1000019P8,BP3R6Z9,Soochow Securities Co Ltd Class A,CNY,572500.0,0.003316,China,8.3,Financials,Capital Markets,709513.0,601555,CH,Common Stock,SOOCHOW SECURITIES CO LTD-A
INE053A01029,B1FRT61,Indian Hotels Co. Ltd.,INR,91291.0,0.003258,India,732.25,Consumer Discretionary,Hotels Restaurants & Leisure,697203.06,IH,IN,Common Stock,INDIAN HOTELS CO LTD
CNE1000031P3,BG20N99,Foxconn Industrial Internet Co. Ltd. Class A,CNY,74100.0,0.003242,China,62.71,Information Technology,Electronic Equipment Instruments & Components,693843.8,601138,CH,Common Stock,FOXCONN INDUSTRIAL INTERNE-A
TRATHYAO91M5,B03MYK0,Turk Hava Yollari A.O.,TRY,118230.0,0.003233,Turkey,285.5,Industrials,Passenger Airlines,691906.6,THYAO,TI,Common Stock,TURK HAVA YOLLARI AO
CNE100006M82,BSNVN51,Huaqin Co. Ltd. Class A,CNY,57400.0,0.003218,China,80.35,Information Technology,Technology Hardware Storage & Peripherals,688659.44,603296,CH,Common Stock,HUAQIN CO LTD-A
TRAEREGL91G3,B03MS97,Eregli Demir Ve Celik Fabrikalari T.A.S.,TRY,905044.0,0.003157,Turkey,36.42,Materials,Metals & Mining,675652.4,EREGL,TI,Common Stock,EREGLI DEMIR VE CELIK FABRIK
CNE100005PT2,BQZDHW6,Hygon Information Technology Co. Ltd. Class A,CNY,18702.0,0.00315,China,241.38,Information Technology,Semiconductors & Semiconductor Equipment,674056.1,688041,CH,Common Stock,HYGON INFORMATION TECHNOLO-A
CNE1000022F3,BYQDMZ9,Guotai Haitong Securities Co. Ltd. Class A,CNY,253950.0,0.003101,China,17.5,Financials,Capital Markets,663579.56,601211,CH,Common Stock,GUOTAI HAITONG SECURITIES CO
INE200A01026,6139890,GE Vernova T&D India Limited,INR,14294.0,0.003069,India,4405.0,Industrials,Electrical Equipment,656707.0,GVTD,IN,Common Stock,GE VERNOVA T&D INDIA LTD
INE854D01024,BYWFSB7,United Spirits Limited,INR,45028.0,0.003051,India,1390.0,Consumer Staples,Beverages,652783.9,UNITDSPR,IN,Common Stock,UNITED SPIRITS LTD
CNE100003LF5,BK4XS99,Ningxia Baofeng Energy Group Co. Ltd. Class A,CNY,185200.0,0.003049,China,23.59,Materials,Chemicals,652342.44,600989,CH,Common Stock,NINGXIA BAOFENG ENERGY GRO-A
KYG4602S1057,BS5YNY7,Horizon Robotics Class B,HKD,1217400.0,0.003042,China,4.195,Information Technology,Software,650866.75,9660,HK,,
GRS260333000,5051605,Hellenic Telecommunications Organization SA,EUR,29127.0,0.003041,Greece,19.49,Communication Services,Diversified Telecommunication Services,650680.9,HTO,GA,Common Stock,HELLENIC TELECOMMUN ORGANIZA
TW0004904008,6421854,Far Eastone Telecommunications Co. Ltd.,TWD,193000.0,0.003038,Taiwan,107.0,Communication Services,Wireless Telecommunication Services,650169.25,4904,TT,Common Stock,FAR EASTONE TELECOMM CO LTD
LU2910446546,BRXWDB3,Zabka Group S.A.,PLN,78327.0,0.003027,Poland,31.49,Consumer Staples,Consumer Staples Distribution & Retail,647787.94,ZAB,PW,Common Stock,ZABKA GROUP SA
KYG8875G1029,BY9D3L9,3SBio Inc.,HKD,321500.0,0.003016,China,15.75,Health Care,Biotechnology,645339.6,1530,HK,,
BE0003797140,7097328,Groupe Bruxelles Lambert SA,EUR,7607.0,0.003009,Belgium,73.85,Financials,Financial Services,643908.75,GBLB,BB,Common Stock,GROUPE BRUXELLES LAMBERT NV
MX01AC100006,2823885,Arca Continental SAB de CV,MXN,55000.0,0.003001,Mexico,201.27,Consumer Staples,Beverages,642102.7,AC*,MM,Common Stock,ARCA CONTINENTAL SAB DE CV
KYG3902L1095,BMG40P4,GDS Holdings Ltd.,HKD,161700.0,0.002999,China,31.14,Information Technology,It Services,641734.56,9698,HK,,
AEE01195A234,BPJLW35,Adnoc Gas Plc,AED,720466.0,0.002998,United Arab Emirates,3.27,Energy,Oil Gas & Consumable Fuels,641451.75,ADNOCGAS,UH,Common Stock,ADNOC GAS PLC
CNE100000N79,BD5CF28,Suzhou Dongshan Precision Manufacturing Co. Ltd Class A,CNY,21900.0,0.002997,China,196.15,Information Technology,Electronic Equipment Instruments & Components,641415.06,002384,CH,Common Stock,SUZHOU DONGSHAN PRECISION-A
TW0005880009,B73XCZ3,Taiwan Cooperative Financial Holding Co. Ltd.,TWD,742513.0,0.002982,Taiwan,27.3,Financials,Banks,638193.0,5880,TT,Common Stock,TAIWAN COOPERATIVE FINANCIAL
LU2290522684,BN4N9C0,InPost S.A.,EUR,34895.0,0.002966,Netherlands,15.87,Industrials,Air Freight & Logistics,634746.9,INPST,,Common Stock,INPOST SA
IE00BWT6H894,BWXC0Z1,Flutter Entertainment Plc,GBP,6240.0,0.002957,United Kingdom,75.88,Consumer Discretionary,Hotels Restaurants & Leisure,632655.2,FLUT,US,Common Stock,FLUTTER ENTERTAINMENT PLC-DI
INE205A01025,6136040,Vedanta Limited,INR,230223.0,0.002932,India,261.25,Materials,Metals & Mining,627302.44,VEDL,IN,Common Stock,VEDANTA LTD
TW0008069006,6744283,E Ink Holdings Inc,TWD,134000.0,0.002888,Taiwan,146.5,Information Technology,Electronic Equipment Instruments & Components,618055.94,8069,TPEX,Common Stock,E INK HOLDINGS INC
MXP606941179,2491914,Kimberly-Clark de Mexico SAB de CV Class A,MXN,267800.0,0.00288,Mexico,39.68,Consumer Staples,Household Products,616374.94,KIMBERA,MM,Common Stock,KIMBERLY-CLARK DE MEXICO-A
PLDINPL00011,BD0YVN2,Dino Polska SA,PLN,65298.0,0.002864,Poland,35.74,Consumer Staples,Consumer Staples Distribution & Retail,612919.06,DNP,PW,Common Stock,DINO POLSKA SA
INE192A01025,6121488,Tata Consumer Products Limited,INR,57498.0,0.00281,India,1002.8,Consumer Staples,Food Products,601366.25,TATACONS,IN,Common Stock,TATA CONSUMER PRODUCTS LTD
SA1510P1UMH1,BLGM738,Dr. Sulaiman Al-Habib Medical Services Group Co.,SAR,9898.0,0.002808,Saudi Arabia,228.0,Health Care,Health Care Providers & Services,600789.06,SULAIMAN,AB,Common Stock,DR SULAIMAN AL HABIB MEDICAL
HK1208013172,6728793,MMG Ltd.,HKD,532000.0,0.002799,China,8.835,Materials,Metals & Mining,599025.0,1208,HK,,
ID1000117609,B3R5893,PT Bumi Resources Minerals Tbk Class A,IDR,14631300.0,0.002776,Indonesia,720.0,Materials,Metals & Mining,593997.0,BRMS,IJ,Common Stock,BUMI RESOURCES MINERALS TBK
SA000A0MR864,B1XGF28,Jabal Omar Development Co.,SAR,130648.0,0.002773,Saudi Arabia,17.06,Consumer Discretionary,Hotels Restaurants & Leisure,593364.4,JOMAR,AB,Common Stock,JABAL OMAR DEVELOPMENT CO
SA0007879659,B12G927,Makkah Construction & Development Co.,SAR,27988.0,0.002763,Saudi Arabia,79.35,Real Estate,Real Estate Management & Development,591232.8,MCDCO,AB,Common Stock,MAKKAH CONSTRUCTION & DEVEPL
ID1000122807,B800MQ5,PT Astra International Tbk,IDR,2173200.0,0.00276,Indonesia,4820.0,Industrials,Industrial Conglomerates,590630.06,ASII,IJ,Common Stock,ASTRA INTERNATIONAL TBK PT
DE0007165631,5843329,Sartorius AG Pref,EUR,2064.0,0.002734,Germany,247.3,Health Care,Life Sciences Tools & Services,585051.75,SRT3,GY,Preference,SARTORIUS AG-VORZUG
CNE100000MD4,BD5CPC8,East Money Information Co. Ltd Class A,CNY,211408.0,0.00271,China,18.37,Financials,Capital Markets,579878.94,300059,CH,Common Stock,EAST MONEY INFORMATION CO-A
INE07Y701011,BK709V6,Hitachi Energy India Limited,INR,1731.0,0.002708,India,32100.0,Industrials,Electrical Equipment,579527.56,POWERIND,IN,Common Stock,HITACHI ENERGY INDIA LTD
INE216A01030,BGSQG47,Britannia Industries Ltd,INR,11041.0,0.002699,India,5016.0,Consumer Staples,Food Products,577614.25,BRIT,IN,Common Stock,BRITANNIA INDUSTRIES LTD
CNE100001BC7,BD5CKL2,Haisco Pharmaceutical Group Co. Ltd. Class A,CNY,59600.0,0.002643,China,63.54,Health Care,Pharmaceuticals,565457.8,002653,CH,Common Stock,HAISCO PHARMACEUTICAL GROU-A
GRS145003000,4421704,Gek Terna S.A.,EUR,11404.0,0.00264,Greece,43.22,Industrials,Construction & Engineering,564940.1,GEKTERNA,GA,Common Stock,GEK TERNA SA
CNE100004C45,BNHPNT8,APT Medical Inc. Class A,CNY,15643.0,0.00262,China,240.0,Health Care,Health Care Equipment & Supplies,560580.56,688617,CH,Common Stock,APT MEDICAL INC-A
CNE1000060L1,BSY23C0,Nexchip Semiconductor Corp. Class A,CNY,102035.0,0.002617,China,36.75,Information Technology,Semiconductors & Semiconductor Equipment,559903.56,688249,CH,Common Stock,NEXCHIP SEMICONDUCTOR CORP-A
INE326A01037,6143761,Lupin Limited,INR,25017.0,0.002615,India,2144.7,Health Care,Pharmaceuticals,559594.94,LPC,IN,Common Stock,LUPIN LTD
IL0002810146,6455530,ICL Group Ltd.,ILS,101737.0,0.00261,Israel,16.67,Materials,Chemicals,558477.25,ICL,IT,Common Stock,ICL GROUP LTD
KYG8062L1041,BPK3C96,SenseTime Group Inc. Class B,HKD,3398000.0,0.00258,China,1.275,Information Technology,Software,552154.2,20,HK,,
TW0003533006,B1GJFG8,Lotes Co. Ltd,TWD,11000.0,0.002565,Taiwan,1585.0,Information Technology,Electronic Equipment Instruments & Components,548917.75,3533,TT,Common Stock,LOTES CO LTD
CH0010570759,5962309,Chocoladefabriken Lindt & Spruengli AG,CHF,5.0,0.002549,Switzerland,89900.0,Consumer Staples,Food Products,545476.6,LISN,SW,Common Stock,CHOCOLADEFABRIKEN LINDT-REG
CNE000000VQ8,BD5CPG2,Wuliangye Yibin Co. Ltd. Class A,CNY,51700.0,0.002525,China,70.0,Consumer Staples,Beverages,540375.06,000858,CH,Common Stock,WULIANGYE YIBIN CO LTD-A
DE000ZAL1111,BQV0SV7,Zalando SE,EUR,21779.0,0.00251,Germany,21.52,Consumer Discretionary,Specialty Retail,537205.7,ZAL,GY,Common Stock,ZALANDO SE
INE245A01021,B6Z1L73,Tata Power Company Limited,INR,136602.0,0.002495,India,374.8,Utilities,Electric Utilities,533984.44,TPWR,IN,Common Stock,TATA POWER CO LTD
IL0011194789,B5MN1W0,Azrieli Group Ltd.,ILS,4100.0,0.002475,Israel,392.2,Real Estate,Real Estate Management & Development,529520.06,AZRG,IT,Common Stock,AZRIELI GROUP LTD
CNE100003MM9,BK71F66,Advanced Micro-Fabrication Equipment Inc. China Class A,CNY,9967.0,0.002468,China,354.92,Information Technology,Semiconductors & Semiconductor Equipment,528204.0,688012,CH,Common Stock,ADVANCED MICRO-FABRICATION-A
US36118L1061,BGK4T39,Futu Holdings Ltd. Sponsored ADR Class A,USD,4700.0,0.00246,Hong Kong,112.01,Financials,Capital Markets,526447.0,FUTU,US,,
JP3598600009,6895200,Toho Co. Ltd.,JPY,52400.0,0.002458,Japan,1580.5,Communication Services,Entertainment,526080.3,9602,JP,Common Stock,TOHO CO LTD
INE669E01016,B1MP4H4,Vodafone Idea Ltd,INR,3555885.0,0.002444,India,14.1,Communication Services,Wireless Telecommunication Services,522924.28,IDEA,IN,Common Stock,VODAFONE IDEA LTD
CNE100002TX3,BF2DZJ5,Shanghai Putailai New Energy Technology Co. Ltd. Class A,CNY,157100.0,0.002441,China,22.27,Materials,Chemicals,522399.97,603659,CH,Common Stock,SHANGHAI PUTAILAI NEW ENERGY
INE931S01010,BYPCLL6,Adani Energy Solutions Ltd,INR,35313.0,0.002435,India,1415.0,Utilities,Electric Utilities,521150.34,ADANIENS,IN,Common Stock,ADANI ENERGY SOLUTIONS LTD
SA15GG53GHH3,BNYDSH8,Elm Company,SAR,3164.0,0.002435,Saudi Arabia,618.5,Information Technology,It Services,520973.84,ELM,AB,Common Stock,ELM CO
CNE000000XL5,BP3RC39,Shengyi Technology Co. Ltd. Class A,CNY,24100.0,0.00242,China,143.93,Information Technology,Electronic Equipment Instruments & Components,517934.78,600183,CH,Common Stock,SHENGYI TECHNOLOGY CO LTD -A
TW0002376001,6129181,Gigabyte Technology Co. Ltd.,TWD,46000.0,0.002409,Taiwan,356.0,Information Technology,Technology Hardware Storage & Peripherals,515576.56,2376,TT,Common Stock,GIGABYTE TECHNOLOGY CO LTD
MYL5347OO009,6904612,Tenaga Nasional Bhd,MYR,159300.0,0.002378,Malaysia,13.04,Utilities,Electric Utilities,508948.2,TNB,MK,Common Stock,TENAGA NASIONAL BHD
INE259A01022,6139696,Colgate-Palmolive (India) Limited,INR,25869.0,0.002377,India,1885.0,Consumer Staples,Personal Care Products,508584.34,CLGT,IN,Common Stock,COLGATE PALMOLIVE (INDIA)
CH0009002962,5476929,Barry Callebaut AG,CHF,378.0,0.002375,Switzerland,1108.0,Consumer Staples,Food Products,508250.72,BARN,SW,Common Stock,BARRY CALLEBAUT AG-REG
KYG014081064,B52J816,Airtac International Group,TWD,13185.0,0.002367,Taiwan,1220.0,Industrials,Machinery,506436.84,1590,TT,Common Stock,AIRTAC INTERNATIONAL GROUP
CNE1000031K4,BHWLWV4,WuXi AppTec Co. Ltd. Class A,CNY,21100.0,0.002356,China,160.0,Health Care,Life Sciences Tools & Services,504091.25,603259,CH,Common Stock,WUXI APPTEC CO LTD-A
INE935N01020,BNC5412,Dixon Technologies (India) Ltd.,INR,3663.0,0.002339,India,13100.0,Consumer Discretionary,Household Durables,500472.47,DIXON,IN,Common Stock,DIXON TECHNOLOGIES INDIA LTD
AEE01110S227,BJN5952,Salik Company PJSC,AED,342410.0,0.002331,United Arab Emirates,5.35,Industrials,Transportation Infrastructure,498773.0,SALIK,UH,Common Stock,SALIK CO PJSC
SGXE62145532,BNHXFJ6,CapitaLand Investment Limited,SGD,244043.0,0.00232,Singapore,2.6,Real Estate,Real Estate Management & Development,496391.03,CLI,SP,Common Stock,CAPITALAND INVESTMENT LTD/SI
CNE0000008L2,BD5CQ36,GF Securities Co. Ltd. Class A,CNY,159300.0,0.002311,China,20.79,Financials,Capital Markets,494512.22,000776,CH,Common Stock,GF SECURITIES CO LTD-A
INE061F01013,B1XC098,Fortis Healthcare Ltd.,INR,53852.0,0.002297,India,875.0,Health Care,Health Care Providers & Services,491452.88,FORH,IN,Common Stock,FORTIS HEALTHCARE LTD
AU000000WTC3,BZ8GX83,Wisetech Global Ltd.,AUD,21200.0,0.002258,Australia,32.06,Information Technology,Software,483178.8,WTC,AU,Common Stock,WISETECH GLOBAL LTD
GRS419003009,7107250,Allwyn AG,EUR,34067.0,0.002244,Greece,12.3,Consumer Discretionary,Hotels Restaurants & Leisure,480285.47,ALWN,GA,Common Stock,ALLWYN AG
KYG1098A1013,BLF8533,Bilibili Inc. Class Z,HKD,32200.0,0.00224,China,116.8,Communication Services,Interactive Media & Services,479320.0,9626,HK,,
INE121J01017,B92P9G4,Indus Towers Limited,INR,119649.0,0.002239,India,384.0,Communication Services,Diversified Telecommunication Services,479195.0,INDUSTOW,IN,Common Stock,INDUS TOWERS LTD
MYL1961OO001,B1Y3WG1,IOI Corporation Berhad,MYR,400200.0,0.002222,Malaysia,4.85,Consumer Staples,Food Products,475553.1,IOI,MK,Common Stock,IOI CORP BHD
INE745G01043,BNBWQ85,Multi Commodity Exchange of India Limited,INR,13983.0,0.002214,India,3249.0,Financials,Capital Markets,473829.47,MCX,IN,Common Stock,MULTI COMMODITY EXCH INDIA
ID1000085707,6070706,PT Barito Pacific Tbk,IDR,5151100.0,0.002185,Indonesia,1610.0,Materials,Chemicals,467621.7,BRPT,IJ,Common Stock,BARITO PACIFIC TBK PT
TRATCELL91M1,B03MYN3,Turkcell Iletisim Hizmetleri A.S.,TRY,234555.0,0.002184,Turkey,97.2,Communication Services,Wireless Telecommunication Services,467331.06,TCELL,TI,Common Stock,TURKCELL ILETISIM HIZMET AS
TREASTR00013,BMHB9P7,Astor Enerji A.S.,TRY,91810.0,0.002181,Turkey,248.0,Industrials,Electrical Equipment,466718.88,ASTOR,TI,Common Stock,ASTOR TRANSFORMATOR ENERJI T
ZAE000259479,BFXG366,Pepkor Holdings Ltd.,ZAR,411715.0,0.002157,South Africa,18.28,Consumer Discretionary,Specialty Retail,461585.38,PPH,SJ,Common Stock,PEPKOR HOLDINGS LTD
CNE100001XQ1,BL5P4J3,Suzhou TFC Optical Communication Co. Ltd. Class A,CNY,10813.0,0.002148,China,284.66,Information Technology,Communications Equipment,459599.3,300394,CH,Common Stock,SUZHOU TFC OPTICAL COMMUNI-A
US88034P1093,BFZYWR2,Tencent Music Entertainment Group Sponsored ADR Class A,USD,59100.0,0.002143,China,7.76,Communication Services,Entertainment,458616.0,TME,US,,
SA11U0S23612,B2NC4X7,Dar Al Arkan Real Estate Development Co.,SAR,89113.0,0.002109,Saudi Arabia,19.02,Real Estate,Real Estate Management & Development,451223.1,ALARKAN,AB,Common Stock,DAR AL ARKAN REAL ESTATE DEV
CNE1000003K3,6000305,Jiangxi Copper Company Limited Class H,HKD,103000.0,0.002086,China,34.0,Materials,Metals & Mining,446316.5,358,HK,,
CNE1000008M8,BP3R2K6,China Pacific Insurance (Group) Co. Ltd. Class A,CNY,92400.0,0.002068,China,32.08,Financials,Insurance,442601.72,601601,CH,Common Stock,CHINA PACIFIC INSURANCE GR-A
MYL5285OO001,BF6RHY2,SD Guthrie Bhd,MYR,282582.0,0.002038,Malaysia,6.3,Consumer Staples,Food Products,436179.53,SDG,MK,Common Stock,SD GUTHRIE BHD
SG1M77906915,6563875,CapitaLand Ascendas REIT,SGD,235015.0,0.002011,Singapore,2.34,Real Estate,Industrial Reits,430225.0,CLAR,SP,REIT,CAPITALAND ASCENDAS REIT
INE881D01027,6528443,Oracle Financial Services Software Limited,INR,3498.0,0.001991,India,11675.0,Information Technology,Software,425940.22,OFSS,IN,Common Stock,ORACLE FINANCIAL SERVICES
INE660A01013,B0L4LR4,Sundaram Finance Limited,INR,8566.0,0.001971,India,4721.95,Financials,Consumer Finance,421863.03,SUF,IN,Common Stock,SUNDARAM FINANCE LTD
CNE000001DB6,BP3R2J5,CITIC Securities Co. Ltd. Class A,CNY,106050.0,0.001964,China,26.54,Financials,Capital Markets,420260.28,600030,CH,Common Stock,CITIC SECURITIES CO-A
CNE100000TP3,BD5CN80,Luxshare Precision Industry Co. Ltd. Class A,CNY,51998.0,0.001963,China,54.1,Information Technology,Electronic Equipment Instruments & Components,420040.0,002475,CH,Common Stock,LUXSHARE PRECISION INDUSTR-A
KYG549581067,BJYKB72,Hansoh Pharmaceutical Group Company Limited,HKD,96000.0,0.001961,China,34.3,Health Care,Pharmaceuticals,419654.75,3692,HK,,
CNE100003T39,BMXTX20,Shenzhen New Industries Biomedical Engineering Co. Ltd. Class A,CNY,57300.0,0.001957,China,48.94,Health Care,Health Care Equipment & Supplies,418721.56,300832,CH,Common Stock,SHENZHEN NEW INDUSTRIES BI-A
GB00BKDRYJ47,BKDRYJ4,Airtel Africa Plc,GBP,98247.0,0.001941,United Kingdom,3.164,Communication Services,Wireless Telecommunication Services,415346.9,AAF,LN,Common Stock,AIRTEL AFRICA PLC
KYG7S12M1051,BR3Y6S7,XtalPi Holdings Limited,HKD,403000.0,0.001925,China,8.02,Health Care,Life Sciences Tools & Services,411913.7,2228,HK,,
CL0000000100,B00R3L2,Cencosud S.A.,CLP,188745.0,0.00192,Chile,2090.0,Consumer Staples,Consumer Staples Distribution & Retail,410806.6,CENCOSUD,CI,Common Stock,CENCOSUD SA
TW0002356003,6459930,Inventec Corporation,TWD,211000.0,0.001915,Taiwan,61.7,Information Technology,Technology Hardware Storage & Peripherals,409876.44,2356,TT,Common Stock,INVENTEC CORP
DE0008232125,5287488,Deutsche Lufthansa AG,EUR,46366.0,0.001883,Germany,7.582,Industrials,Passenger Airlines,402943.22,LHA,GY,Common Stock,DEUTSCHE LUFTHANSA-REG
PHY077751022,B5VJH76,BDO Unibank Inc.,PHP,221860.0,0.001867,Philippines,113.0,Financials,Banks,399461.13,BDO,PM,Common Stock,BDO UNIBANK INC
US8740801043,B4MGD82,TAL Education Group Sponsored ADR Class A,USD,33754.0,0.001863,China,11.81,Consumer Discretionary,Diversified Consumer Services,398634.75,TAL,US,,
CNE100002FC6,BD5CPM8,China Merchants Shekou Industrial Zone Holdings Co. Ltd. Class A,CNY,376500.0,0.001857,China,7.07,Real Estate,Real Estate Management & Development,397457.9,001979,CH,Common Stock,CHINA MERCHANTS SHEKOU IND-A
CLP7847L1080,2196026,Empresas Copec S.A.,CLP,59306.0,0.001856,Chile,6430.0,Consumer Discretionary,Specialty Retail,397123.22,COPEC,CI,Common Stock,EMPRESAS COPEC SA
AEE001901017,BDG1977,Emaar Development PJSC,AED,104885.0,0.001815,United Arab Emirates,13.6,Real Estate,Real Estate Management & Development,388378.34,EMAARDEV,UH,Common Stock,EMAAR DEVELOPMENT PJSC
CNE0000011C5,BP3R5R4,Hainan Airlines Holding Co. Ltd. Class A,CNY,2096300.0,0.001814,China,1.24,Industrials,Passenger Airlines,388134.16,600221,CH,Common Stock,HAINAN AIRLINES HOLDING CO-A
INE663F01032,BTJVLJ2,Info Edge India Ltd.,INR,29385.0,0.001797,India,1255.0,Communication Services,Interactive Media & Services,384628.44,INFOE,IN,Common Stock,INFO EDGE INDIA LTD
INE414G01012,B40MFF3,Muthoot Finance Ltd,INR,12899.0,0.001786,India,2840.0,Financials,Consumer Finance,382073.0,MUTH,IN,Common Stock,MUTHOOT FINANCE LTD
INE765G01017,BYXH7P9,ICICI Lombard General Insurance Co. Ltd.,INR,24378.0,0.001768,India,1488.0,Financials,Insurance,378331.9,ICICIGI,IN,Common Stock,ICICI LOMBARD GENERAL INSURA
CNE000000TR0,BP3R5X0,China Eastern Airlines Corporation Limited Class A,CNY,733700.0,0.001746,China,3.41,Industrials,Passenger Airlines,373576.56,600115,CH,Common Stock,CHINA EASTERN AIRLINES CO-A
FI0009005961,5072673,Stora Enso Oyj Class R,EUR,31190.0,0.001746,Finland,10.45,Materials,Paper & Forest Products,373587.3,STERV,FH,Common Stock,STORA ENSO OYJ-R SHS
INE795G01014,BF0TRG6,HDFC Life Insurance Co. Ltd.,INR,64186.0,0.001727,India,552.15,Financials,Insurance,369631.84,HDFCLIFE,IN,Common Stock,HDFC LIFE INSURANCE CO LTD
KYG9808A1058,BQHNQ38,WuXi XDC Cayman Inc.,HKD,37000.0,0.001697,China,77.0,Health Care,Life Sciences Tools & Services,363094.13,2268,HK,,
TW0002912003,6704986,President Chain Store Corporation,TWD,53000.0,0.001688,Taiwan,216.5,Consumer Staples,Consumer Staples Distribution & Retail,361259.34,2912,TT,Common Stock,PRESIDENT CHAIN STORE CORP
CNE100000F87,BD5C8C9,Accelink Technologies Co. Ltd. Class A,CNY,12300.0,0.001677,China,195.4,Information Technology,Electronic Equipment Instruments & Components,358869.34,002281,CH,Common Stock,ACCELINK TECHNOLOGIES CO -A
CA11285B1085,BSQLLY3,Brookfield Renewable Holdings Corporation Class A,CAD,11900.0,0.001662,Canada,41.86,Utilities,Independent Power And Renewable Electricity Producers,355606.8,BEPC,CN,Common Stock,BROOKFIELD RENEWABLE CORP
CNE000001FQ9,BP3RFS5,Hengtong Optic-Electric Co. Ltd. Class A,CNY,34200.0,0.001658,China,69.49,Information Technology,Communications Equipment,354858.44,600487,CH,Common Stock,HENGTONG OPTIC-ELECTRIC CO-A
CNE000000FH0,BD5CM27,XCMG Construction Machinery Co. Ltd. Class A,CNY,317900.0,0.001653,China,7.45,Industrials,Machinery,353633.63,000425,CH,Common Stock,XCMG CONSTRUCTION MACHIN-A
CNE000001BD6,BP3R9Y9,COSCO SHIPPING Energy Transportation Co. Ltd. Class A,CNY,106400.0,0.001639,China,22.07,Energy,Oil Gas & Consumable Fuels,350631.3,600026,CH,Common Stock,COSCO SHIPPING ENERGY TRAN-A
CNE100005VF9,BPXYTJ5,Yuanjie Semiconductor Technology Co. Ltd. Class A,CNY,1278.0,0.001636,China,1835.0,Information Technology,Semiconductors & Semiconductor Equipment,350165.75,688498,CH,Common Stock,YUANJIE SEMICONDUCTOR TECH-A
CNE100000D55,BP3R3T2,Shanghai Electric Group Company Limited Class A,CNY,359300.0,0.00163,China,6.5,Industrials,Electrical Equipment,348720.34,601727,CH,Common Stock,SHANGHAI ELECTRIC GRP CO L-A
INE377N01017,BSFVC74,WAAREE Energies Limited,INR,13127.0,0.001622,India,2535.1,Information Technology,Semiconductors & Semiconductor Equipment,347082.38,WAAREEEN,IN,Common Stock,WAAREE ENERGIES LTD
SA000A0HNF36,B128CF7,Yanbu National Petrochemical Co.,SAR,40852.0,0.001621,Saudi Arabia,31.9,Materials,Chemicals,346931.47,YANSAB,AB,Common Stock,YANBU NATIONAL PETROCHEMICAL
CNE000000WV6,BP3R5S5,Yankuang Energy Group Company Limited Class A,CNY,117235.0,0.00161,China,19.68,Energy,Oil Gas & Consumable Fuels,344499.9,600188,CH,Common Stock,YANKUANG ENERGY GROUP CO-A
CNE100005B03,BQ3RT79,RemeGen Co. Ltd. Class A,CNY,20065.0,0.001608,China,114.84,Health Care,Biotechnology,344063.88,688331,CH,Common Stock,REMEGEN CO LTD-A
AED001801011,BJLTVJ4,Dubai Electricity & Water Authority PJSC,AED,462769.0,0.001602,United Arab Emirates,2.72,Utilities,Multi-Utilities,342717.2,DEWA,UH,Common Stock,DUBAI ELECTRICITY & WATER AU
CNE000001M22,BD5CDC4,Zhejiang Sanhua Intelligent Controls Co. Ltd. Class A,CNY,64700.0,0.001594,China,35.31,Industrials,Machinery,341121.22,002050,CH,Common Stock,ZHEJIANG SANHUA INTELLIGEN-A
KYG3066L1014,6333937,ENN Energy Holdings Limited,HKD,53500.0,0.001583,China,49.68,Utilities,Gas Utilities,338736.66,2688,HK,,
TRASAHOL91Q5,B03N0C7,Haci Omer Sabanci Holding A.S.,TRY,187423.0,0.001581,Turkey,88.05,Financials,Banks,338271.94,SAHOL,TI,Common Stock,HACI OMER SABANCI HOLDING
SG1T56930848,B17KC69,Wilmar International Limited,SGD,115600.0,0.001555,Singapore,3.68,Consumer Staples,Food Products,332805.03,WIL,SP,Common Stock,WILMAR INTERNATIONAL LTD
CNE100000F46,BP3R2Q2,China State Construction Engineering Corp. Ltd. Class A,CNY,518100.0,0.001547,China,4.28,Industrials,Construction & Engineering,331103.78,601668,CH,Common Stock,CHINA STATE CONSTRUCTION -A
INE121E01018,B4X3ST8,JSW Energy Limited,INR,61268.0,0.001546,India,517.8,Utilities,Independent Power And Renewable Electricity Producers,330877.84,JSW,IN,Common Stock,JSW ENERGY LTD
MYL6742OO000,B01GQS6,YTL Power International Bhd.,MYR,240360.0,0.001536,Malaysia,5.58,Utilities,Multi-Utilities,328606.84,YTLP,MK,Common Stock,YTL POWER INTERNATIONAL BHD
QA0007227752,6150448,Commercial Bank (Q.S.C.),QAR,285767.0,0.001529,Qatar,4.17,Financials,Banks,327286.03,CBQK,QD,Common Stock,COMMERCIAL BANK PSQC
INE702C01027,BNDTGN9,APL Apollo Tubes Limited,INR,13767.0,0.001524,India,2270.65,Materials,Metals & Mining,326032.9,APAT,IN,Common Stock,APL APOLLO TUBES LTD
INE956O01016,BRXDR36,Lenskart Solutions Limited,INR,43813.0,0.001509,India,706.6,Consumer Discretionary,Specialty Retail,322885.53,LENSKART,IN,Common Stock,LENSKART SOLUTIONS LTD
SG1V61937297,6811734,Singapore Airlines Ltd.,SGD,63250.0,0.001505,Singapore,6.51,Industrials,Passenger Airlines,322125.97,SIA,SP,Common Stock,SINGAPORE AIRLINES LTD
PHY0967S1694,6074968,Bank of the Philippine Islands,PHP,200890.0,0.001497,Philippines,100.1,Financials,Banks,320412.53,BPI,PM,Common Stock,BANK OF THE PHILIPPINE ISLAN
INE813H01021,B1JLL30,Torrent Power Limited,INR,24365.0,0.001494,India,1258.0,Utilities,Electric Utilities,319682.63,TPW,IN,Common Stock,TORRENT POWER LTD
CNE1000004K1,6905808,Tsingtao Brewery Co. Ltd. Class H,HKD,64000.0,0.001491,China,39.12,Consumer Staples,Beverages,319084.44,168,HK,,
KYG202881093,B58J1S8,Chailease Holding Co. Ltd.,TWD,90038.0,0.001484,Taiwan,112.0,Financials,Financial Services,317489.38,5871,TT,Common Stock,CHAILEASE HOLDING CO LTD
CNE1000004Q8,6109893,Yankuang Energy Group Company Limited Class H,HKD,206700.0,0.00148,China,12.02,Energy,Oil Gas & Consumable Fuels,316644.34,1171,HK,,
PLBIG0000016,4077323,Bank Millennium SA,PLN,54976.0,0.00147,Poland,21.78,Financials,Banks,314470.38,MIL,PW,Common Stock,BANK MILLENNIUM SA
CNE100005998,BNDKP79,Piotech Inc. Class A,CNY,2906.0,0.00146,China,720.06,Information Technology,Semiconductors & Semiconductor Equipment,312443.16,688072,CH,Common Stock,PIOTECH INC-A
TW0001519007,6347604,Fortune Electric Co. Ltd.,TWD,13651.0,0.001448,Taiwan,721.0,Industrials,Electrical Equipment,309873.97,1519,TT,Common Stock,FORTUNE ELECTRIC CO LTD
CNE1000006Z4,6099671,Huaneng Power International Inc. Class H,HKD,422000.0,0.001423,China,5.66,Utilities,Independent Power And Renewable Electricity Producers,304407.72,902,HK,,
MYL2445OO004,6497446,Kuala Lumpur Kepong Bhd.,MYR,54020.0,0.001404,Malaysia,22.7,Consumer Staples,Food Products,300442.0,KLK,MK,Common Stock,KUALA LUMPUR KEPONG BHD
INE151A01013,6114745,Tata Communications Limited,INR,16196.0,0.001399,India,1772.8,Communication Services,Diversified Telecommunication Services,299460.47,TCOM,IN,Common Stock,TATA COMMUNICATIONS LTD
CNE0000016J9,BP3R3S1,Wanhua Chemical Group Co. Ltd. Class A,CNY,28100.0,0.001395,China,71.15,Materials,Chemicals,298530.0,600309,CH,Common Stock,WANHUA CHEMICAL GROUP CO -A
PLOPTTC00011,7302215,CD PROJEKT RED Spolka Akcyjna,PLN,4801.0,0.001393,Poland,236.4,Communication Services,Entertainment,298076.6,CDR,PW,Common Stock,CD PROJEKT RED SA
CL0002266774,BYMLZD6,Enel Chile SA,CLP,3491858.0,0.001385,Chile,81.53,Utilities,Electric Utilities,296476.1,ENELCHIL,CI,Common Stock,ENEL CHILE SA
CNE1000030S9,BHWLWF8,Giga Device Semiconductor Inc. Class A,CNY,5076.0,0.001375,China,388.18,Information Technology,Semiconductors & Semiconductor Equipment,294212.75,603986,CH,Common Stock,GIGADEVICE SEMICONDUCTO-CL A
QA0006929879,6571544,Qatar International Islamic Bank,QAR,100007.0,0.001364,Qatar,10.63,Financials,Banks,291973.22,QIIK,QD,Common Stock,QATAR INTERNATIONAL ISLAMIC
HK0000112026,B890GY2,China Nonferrous Mining Corp. Ltd.,HKD,141000.0,0.001343,China,15.99,Materials,Metals & Mining,287338.84,1258,HK,,
MYL5183OO008,B5KQGT3,PETRONAS Chemicals Group Bhd.,MYR,248300.0,0.001339,Malaysia,4.71,Materials,Chemicals,286535.1,PCHEM,MK,Common Stock,PETRONAS CHEMICALS GROUP BHD
TW0005876007,B7LV1N0,Shanghai Commercial & Savings Bank Ltd.,TWD,183181.0,0.001333,Taiwan,49.45,Financials,Banks,285188.53,5876,TT,Common Stock,THE SHANGHAI COMMERCIAL & SA
INE211B01039,B0SXY97,Phoenix Mills Ltd.,INR,14521.0,0.001328,India,1877.0,Real Estate,Real Estate Management & Development,284271.13,PHNX,IN,Common Stock,PHOENIX MILLS LTD
FR0010533075,B292JQ9,Getlink SE,EUR,13389.0,0.001326,France,18.49,Industrials,Transportation Infrastructure,283756.28,GET,FP,Common Stock,GETLINK SE
AED000201015,6283452,Dubai Islamic Bank PJSC,AED,141631.0,0.001305,United Arab Emirates,7.24,Financials,Banks,279189.8,DIB,UH,Common Stock,DUBAI ISLAMIC BANK
CNE1000047B9,BNR4MR6,Anker Innovations Technology Co. Ltd. Class A,CNY,14670.0,0.0013,China,126.99,Information Technology,Technology Hardware Storage & Peripherals,278167.47,300866,CH,Common Stock,ANKER INNOVATIONS TECHNOLO-A
CNE100001Y42,BD5CLT7,Chaozhou Three-Circle (Group) Co. Ltd. Class A,CNY,14200.0,0.001298,China,130.96,Information Technology,Electronic Equipment Instruments & Components,277673.06,300408,CH,Common Stock,CHAOZHOU THREE-CIRCLE GROU-A
CNE100000528,B1JNK84,China Coal Energy Co. Ltd. Class H,HKD,206000.0,0.001287,China,10.49,Energy,Oil Gas & Consumable Fuels,275403.53,1898,HK,,
CNE1000006C3,BD5M001,TongFu Microelectronics Co. Ltd. Class A,CNY,29900.0,0.001281,China,61.38,Information Technology,Semiconductors & Semiconductor Equipment,274034.25,002156,CH,Common Stock,TONGFU MICROELECTRONIC CO-A
ID1000058407,6230845,PT United Tractors Tbk,IDR,194300.0,0.001271,Indonesia,24825.0,Energy,Oil Gas & Consumable Fuels,271976.16,UNTR,IJ,Common Stock,UNITED TRACTORS TBK PT
CNE0000009Y3,BP3R499,Tsingtao Brewery Co. Ltd. Class A,CNY,36400.0,0.001271,China,50.06,Consumer Staples,Beverages,272081.47,600600,CH,Common Stock,TSINGTAO BREWERY CO LTD-A
CNE1000000D4,BD5CQ03,Weichai Power Co. Ltd. Class A,CNY,66700.0,0.001267,China,27.23,Industrials,Machinery,271194.1,000338,CH,Common Stock,WEICHAI POWER CO LTD-A
KYG4990A1040,BRBTW19,J&T Global Express Limited,HKD,231400.0,0.001237,China,8.975,Industrials,Air Freight & Logistics,264682.16,1519,HK,,
BMG5320C1082,6340078,KunLun Energy Co. Ltd.,HKD,274000.0,0.001233,China,7.555,Utilities,Gas Utilities,263822.5,135,HK,,
INE139A01034,6139447,National Aluminium Co. Ltd.,INR,70670.0,0.00123,India,357.0,Materials,Metals & Mining,263132.97,NACL,IN,Common Stock,NATIONAL ALUMINIUM CO LTD
MXCFFI170008,BN56JP1,Prologis Property Mexico S.A. de C.V.,MXN,62113.0,0.00123,Mexico,73.05,Real Estate,Industrial Reits,263187.66,FIBRAPL,MM,REIT,PROLOGIS PROPERTY MEXICO SA
HK0000055878,6264048,China Taiping Insurance Holdings Co. Ltd.,HKD,99200.0,0.001227,China,20.76,Financials,Insurance,262461.66,966,HK,,
CNE000001NG4,BP3R2N9,Daqin Railway Co. Ltd. Class A,CNY,373500.0,0.001225,China,4.7,Industrials,Ground Transportation,262117.0,601006,CH,Common Stock,DAQIN RAILWAY CO LTD -A
PLPGER000010,B544PW9,PGE Polska Grupa Energetyczna S.A.,PLN,71438.0,0.001221,Poland,13.93,Utilities,Electric Utilities,261353.98,PGE,PW,Common Stock,PGE SA
DE000PAG9113,BJN59B8,Porsche AG,EUR,4911.0,0.00121,Germany,45.99,Consumer Discretionary,Automobiles,258877.17,P911,GY,Preference,DR ING HC F PORSCHE AG
KW0EQ0601058,6600084,Mobile Telecommunications Company K.S.C.P,KWD,130906.0,0.001208,Kuwait,0.609,Communication Services,Wireless Telecommunication Services,258417.38,ZAIN,KK,Common Stock,MOBILE TELECOMMUNICATIONS CO
CNE000000PY4,BP3R5T6,Yutong Bus Co. Ltd. Class A,CNY,66500.0,0.001207,China,26.01,Industrials,Machinery,258266.88,600066,CH,Common Stock,YUTONG BUS CO LTD-A
CNE100001FR6,BRTL411,LONGi Green Energy Technology Co. Ltd. Class A,CNY,153860.0,0.001206,China,11.23,Information Technology,Semiconductors & Semiconductor Equipment,257995.53,601012,CH,Common Stock,LONGI GREEN ENERGY TECHNOL-A
BE0974259880,4247494,D'Ieteren Group SA/NV,EUR,1367.0,0.001202,Belgium,164.2,Consumer Discretionary,Distributors,257277.66,DIE,BB,Common Stock,D'IETEREN GROUP
EGS60121C018,6243898,Commercial International Bank - Egypt (CIB) S.A.E.,EGP,100898.0,0.001198,Egypt,132.5,Financials,Banks,256454.72,COMI,EY,Common Stock,COMMERCIAL INTERNATIONAL BAN
CNE000001N05,BP3R239,Bank of China Limited Class A,CNY,261800.0,0.001195,China,6.54,Financials,Banks,255654.9,601988,CH,Common Stock,BANK OF CHINA LTD-A
ZAE000117321,6100089,Bidvest Group Limited,ZAR,17838.0,0.001195,South Africa,233.66,Industrials,Industrial Conglomerates,255628.77,BVT,SJ,Common Stock,BIDVEST GROUP LTD
CNE100002XM8,BK947V2,OmniVision Integrated Circuits Group Inc. Class A,CNY,21050.0,0.001194,China,81.27,Information Technology,Semiconductors & Semiconductor Equipment,255440.11,603501,CH,Common Stock,OMNIVISION INTEGRATED CIRCUI
PHY8076N1120,6818843,SM Prime Holdings Inc.,PHP,969800.0,0.001192,Philippines,16.5,Real Estate,Real Estate Management & Development,254966.53,SMPH,PM,Common Stock,SM PRIME HOLDINGS INC
CNE1000031W9,BZ9NS11,Ganfeng Lithium Group Co. Ltd. Class H,HKD,59000.0,0.00119,China,33.86,Materials,Chemicals,254604.33,1772,HK,,
CNE100003MN7,BK71F77,Montage Technology Co. Ltd. Class A,CNY,8412.0,0.001189,China,202.53,Information Technology,Semiconductors & Semiconductor Equipment,254387.25,688008,CH,Common Stock,MONTAGE TECHNOLOGY CO LTD-A
TRAYKBNK91N6,B03MZJ6,Yapi ve Kredi Bankasi A.S.,TRY,340738.0,0.001183,Turkey,36.24,Financials,Banks,253117.67,YKBNK,TI,Common Stock,YAPI VE KREDI BANKASI
KW0EQ0102065,B15DYL9,Boubyan Bank K.S.C.,KWD,118780.0,0.001182,Kuwait,0.657,Financials,Banks,252960.98,BOUBYAN,KK,Common Stock,BOUBYAN BANK K.S.C
KYG8245V1023,BKWGSQ7,Smoore International Holdings Limited,HKD,204000.0,0.001177,China,9.685,Consumer Staples,Tobacco,251800.5,6969,HK,,
CNE100006V65,BTVMCY5,China Tower Corp. Ltd. Class H,HKD,218000.0,0.001172,China,9.03,Communication Services,Diversified Telecommunication Services,250882.9,788,HK,,
CNE100002Q09,BMTCW71,Hangzhou Changchuan Technology Co. Ltd. Class A,CNY,6000.0,0.001171,China,279.73,Information Technology,Semiconductors & Semiconductor Equipment,250609.22,300604,CH,Common Stock,HANGZHOU CHANG CHUAN TECHN-A
HK0000093390,B4TXDZ3,HKT Trust and HKT Ltd,HKD,157000.0,0.001164,Hong Kong,12.45,Communication Services,Diversified Telecommunication Services,249112.67,6823,HK,Stapled Security,HKT TRUST AND HKT LTD-SS
HK0019000162,6867748,Swire Pacific Limited Class A,HKD,19500.0,0.001161,Hong Kong,100.0,Industrials,Industrial Conglomerates,248520.03,19,HK,Common Stock,SWIRE PACIFIC LTD - CL A
KYG5264Y1089,B27WRM3,Kingsoft Corporation Ltd,HKD,77000.0,0.00115,China,25.08,Communication Services,Entertainment,246118.95,3888,HK,,
CH0016440353,7635610,EMS-CHEMIE HOLDING AG,CHF,252.0,0.001142,Switzerland,799.0,Materials,Chemicals,244339.55,EMSN,SW,Common Stock,EMS-CHEMIE HOLDING AG-REG
CNE100005R96,BNHPM68,Jinko Solar Co. Ltd. Class A,CNY,420224.0,0.001138,China,3.88,Information Technology,Semiconductors & Semiconductor Equipment,243455.34,688223,CH,Common Stock,JINKO SOLAR CO LTD-A
CNE100005ZD5,BSY23D1,Skyverse Technology Co. Ltd. Class A,CNY,4155.0,0.00112,China,386.36,Information Technology,Semiconductors & Semiconductor Equipment,239701.02,688361,CH,Common Stock,SKYVERSE TECHNOLOGY CO LTD-A
INE094A01015,6100476,Hindustan Petroleum Corporation Limited,INR,64508.0,0.001115,India,354.5,Energy,Oil Gas & Consumable Fuels,238507.36,HPCL,IN,Common Stock,HINDUSTAN PETROLEUM CORP
CNE100005576,BP91NL0,Eastroc Beverage (Group) Co. Ltd. Class A,CNY,14300.0,0.001113,China,111.54,Consumer Staples,Beverages,238162.53,605499,CH,Common Stock,EASTROC BEVERAGE GROUP CO -A
HK0066009694,6290054,MTR Corporation Limited,HKD,56319.0,0.001106,Hong Kong,32.98,Industrials,Ground Transportation,236718.6,66,HK,Common Stock,MTR CORP
INE134E01011,B1S7225,Power Finance Corporation Limited,INR,65368.0,0.001102,India,346.0,Financials,Financial Services,235892.03,POWF,IN,Common Stock,POWER FINANCE CORPORATION
INE356A01018,6151593,Mphasis Limited,INR,9696.0,0.001092,India,2309.9,Information Technology,It Services,233591.88,MPHL,IN,Common Stock,MPHASIS LTD
BRTIMSACNOR5,BN71RB6,TIM S.A.,BRL,62000.0,0.001092,Brazil,19.46,Communication Services,Wireless Telecommunication Services,233744.7,TIMS3,BZ,Common Stock,TIM SA
JP3672400003,6642860,Nissan Motor Co. Ltd.,JPY,117700.0,0.001091,Japan,312.3,Consumer Discretionary,Automobiles,233493.45,7201,JP,Common Stock,NISSAN MOTOR CO LTD
INE528G01035,BL6CR27,Yes Bank Limited,INR,959437.0,0.001081,India,23.12,Financials,Banks,231353.61,YES,IN,Common Stock,YES BANK LTD
DE000PAH0038,7101069,Porsche Automobil Holding SE Pref,EUR,7069.0,0.001076,Germany,28.42,Consumer Discretionary,Automobiles,230272.7,PAH3,GY,Preference,PORSCHE AUTOMOBIL HLDG-PRF
CNE000001GS3,BP3RCK6,Tongwei Co. Ltd. Class A,CNY,135200.0,0.001071,China,11.35,Information Technology,Semiconductors & Semiconductor Equipment,229128.6,600438,CH,Common Stock,TONGWEI CO LTD-A
CNE000000GH8,BD5LVS3,Guangdong Fenghua Advanced Technology (Holding) Co. Ltd. Class A,CNY,26300.0,0.001068,China,58.2,Information Technology,Electronic Equipment Instruments & Components,228552.23,000636,CH,Common Stock,GUANGDONG FENGHUA ADVANCED-A
HK0083000502,6810429,Sino Land Co. Ltd.,HKD,179342.0,0.001065,Hong Kong,9.975,Real Estate,Real Estate Management & Development,227993.11,83,HK,Common Stock,SINO LAND CO
MYL5225OO007,B83X6P8,IHH Healthcare Bhd.,MYR,121200.0,0.00106,Malaysia,7.64,Health Care,Health Care Providers & Services,226869.52,IHH,MK,Common Stock,IHH HEALTHCARE BHD
SA1210540914,B2RLCR0,Bupa Arabia for Cooperative Insurance Co.,SAR,5248.0,0.001059,Saudi Arabia,162.2,Financials,Insurance,226612.77,BUPA,AB,Common Stock,BUPA ARABIA FOR COOPERATIVE
CNE1000020V4,BD76164,Victory Giant Technology (HuiZhou) Co. Ltd. Class A,CNY,6600.0,0.001046,China,227.05,Information Technology,Electronic Equipment Instruments & Components,223754.72,300476,CH,Common Stock,VICTORY GIANT TECHNOLOGY -A
CNE1000043V6,BMGYHL9,Nanya New Material Technology Co. Ltd. Class A,CNY,4736.0,0.001045,China,316.31,Information Technology,Electronic Equipment Instruments & Components,223682.16,688519,CH,Common Stock,NANYA NEW MATERIAL TECHNOL-A
INE195A01028,6136073,Supreme Industries Limited,INR,6125.0,0.001033,India,3460.0,Industrials,Building Products,221031.48,SI,IN,Common Stock,SUPREME INDUSTRIES LTD
CNE000000GF2,BD5CMM7,Luzhou Laojiao Company Limited Class A,CNY,20400.0,0.001024,China,71.92,Consumer Staples,Beverages,219071.84,000568,CH,Common Stock,LUZHOU LAOJIAO CO LTD-A
KYG2953R1149,B85LKS1,AAC Technologies Holdings Inc.,HKD,42000.0,0.001016,China,40.62,Information Technology,Electronic Equipment Instruments & Components,217428.28,2018,HK,,
CNE100004QC9,BNHPPK3,Puya Semiconductor (Shanghai) Co. Ltd. Class A,CNY,3386.0,0.001016,China,430.0,Information Technology,Semiconductors & Semiconductor Equipment,217401.31,688766,CH,Common Stock,PUYA SEMICONDUCTOR SHANGHA-A
BMG2178K1009,BYVS6J1,CK Infrastructure Holdings Limited,HKD,26000.0,0.001013,Hong Kong,65.4,Utilities,Electric Utilities,216709.48,1038,HK,Common Stock,CK INFRASTRUCTURE HOLDINGS L
CNE100000C31,BD5CPJ5,Shanghai RAAS Blood Products Co. Ltd. Class A,CNY,290900.0,0.001001,China,4.93,Health Care,Biotechnology,214139.78,002252,CH,Common Stock,SHANGHAI RAAS BLOOD PRODUC-A
CNE100006KH6,BQV3XP5,CSI Solar Co. Ltd.,CNY,165111.0,0.000991,China,8.6,Information Technology,Semiconductors & Semiconductor Equipment,212022.14,688472,CH,Common Stock,CSI SOLAR CO LTD-A
CNE100005790,BLC7SP6,Anhui Tongguan Copper Foil Group Co. Ltd. Class A,CNY,12500.0,0.000988,China,113.29,Materials,Metals & Mining,211450.31,301217,CH,Common Stock,ANHUI TONGGUAN COPPER FOIL-A
CNE1000007Q1,BP3R206,PetroChina Co. Ltd. Class A,CNY,134100.0,0.000988,China,10.56,Energy,Oil Gas & Consumable Fuels,211445.98,601857,CH,Common Stock,PETROCHINA CO LTD-A
ES0127797019,B39GNW2,EDP Renewables SA,EUR,14504.0,0.000987,Portugal,12.7,Utilities,Independent Power And Renewable Electricity Producers,211130.97,EDPR,PL,Common Stock,EDP RENEWABLES SA
CNE100006CP6,BPH27Z7,Chongqing Polycomp International Corporation Class A,CNY,45300.0,0.000986,China,31.18,Materials,Chemicals,210902.17,301526,CH,Common Stock,CHONGQING POLYCOMP INTERNA-A
CNE100000SP5,BD5C7Z5,Wus Printed Circuit (Kunshan) Co. Ltd. Class A,CNY,11440.0,0.000986,China,123.5,Information Technology,Electronic Equipment Instruments & Components,210959.8,002463,CH,Common Stock,WUS PRINTED CIRCUIT KUNSHA-A
NZMELE0002S7,BWFD052,Meridian Energy Limited,NZD,65500.0,0.000981,New Zealand,5.61,Utilities,Independent Power And Renewable Electricity Producers,209871.94,MEL,NZ,Common Stock,MERIDIAN ENERGY LTD
ZAE000314084,BN6QSM0,OUTsurance Group Limited,ZAR,39950.0,0.00098,South Africa,85.56,Financials,Insurance,209636.42,OUT,SJ,Common Stock,OUTSURANCE GROUP LTD
CNE100002DN8,BFY8H14,Wuhan Jingce Electronic Group Co. Ltd. Class A,CNY,6400.0,0.000979,China,219.15,Information Technology,Electronic Equipment Instruments & Components,209424.83,300567,CH,Common Stock,WUHAN JINGCE ELECTRONIC GR-A
INE761H01022,B1VJS64,Page Industries Limited,INR,559.0,0.000978,India,35900.0,Consumer Discretionary,Textiles Apparel & Luxury Goods,209304.33,PAG,IN,Common Stock,PAGE INDUSTRIES LTD
CNE1000004Y2,B04KP88,ZTE Corporation Class H,HKD,71800.0,0.000977,China,22.84,Information Technology,Communications Equipment,209000.52,763,HK,,
ZAE000134854,6105578,Clicks Group Limited,ZAR,16620.0,0.000972,South Africa,204.13,Consumer Staples,Consumer Staples Distribution & Retail,208073.63,CLS,SJ,Common Stock,CLICKS GROUP LTD
BRBBSEACNOR5,B9N3SQ0,BB Seguridade Participacoes SA,BRL,25900.0,0.000958,Brazil,40.86,Financials,Insurance,205024.33,BBSE3,BZ,Common Stock,BB SEGURIDADE PARTICIPACOES
KYG8087W1015,B0MP1B0,Shenzhou International Group Holdings Limited,HKD,45900.0,0.000958,China,35.04,Consumer Discretionary,Textiles Apparel & Luxury Goods,204976.27,2313,HK,,
CNE0000019V8,BP3R2Z1,Anhui Conch Cement Company Limited Class A,CNY,80100.0,0.000951,China,17.02,Materials,Construction Materials,203562.98,600585,CH,Common Stock,ANHUI CONCH CEMENT CO LTD-A
INE118A01012,6124142,Bajaj Holdings & Investment Limited.,INR,1729.0,0.000951,India,11281.0,Financials,Financial Services,203429.8,BJHI,IN,Common Stock,BAJAJ HOLDINGS AND INVESTMEN
KYG7800X1079,B5B23W2,Sands China Ltd.,HKD,130400.0,0.000951,Hong Kong,12.24,Consumer Discretionary,Hotels Restaurants & Leisure,203416.33,1928,HK,Common Stock,SANDS CHINA LTD
VGG069731120,BJ1JSK4,Aura Minerals Inc,USD,2300.0,0.000949,Brazil,88.25,Materials,Metals & Mining,202975.0,AUGO,US,,
CNE100006DD0,BP39L27,Suzhou Centec Communications Co. Ltd. Class A,CNY,4050.0,0.000946,China,334.8,Information Technology,Semiconductors & Semiconductor Equipment,202463.72,688702,CH,Common Stock,SUZHOU CENTEC COMMUNICATIO-A
KYG2122G1064,BMXWXT6,China Resources Mixc Lifestyle Services Ltd.,HKD,41800.0,0.000935,China,37.54,Real Estate,Real Estate Management & Development,199984.97,1209,HK,,
CNE100001V45,BZ0D1W2,Spring Airlines Co. Ltd. Class A,CNY,31900.0,0.000933,China,41.9,Industrials,Passenger Airlines,199577.44,601021,CH,Common Stock,SPRING AIRLINES CO LTD-A
GB00BP9LHF23,BP9LHF2,Schroders PLC,GBP,25400.0,0.000932,United Kingdom,5.875,Financials,Capital Markets,199386.97,SDR,LN,Common Stock,SCHRODERS PLC
CNE1000036N7,BFD2096,Shandong Gold Mining Co. Ltd. Class H,HKD,68000.0,0.000931,China,22.98,Materials,Metals & Mining,199152.48,1787,HK,,
KYG8918W1069,BGM5R25,Tongcheng Travel Holdings Limited,HKD,144400.0,0.000931,China,10.82,Consumer Discretionary,Hotels Restaurants & Leisure,199122.9,780,HK,,
BRMOTVACNOR7,BV8BRB1,Motiva Infraestrutura de Mobilidade SA,BRL,63615.0,0.00093,Brazil,16.14,Industrials,Transportation Infrastructure,198916.27,MOTV3,BZ,Common Stock,MOTIVA INFRAESTRUTURA DE MOB
CNE100006CQ4,BR4VSK3,UBTECH ROBOTICS CORP LTD Class H,HKD,19300.0,0.000929,China,80.85,Industrials,Machinery,198867.64,9880,HK,,
CNE1000060J5,BN0ZPT9,Peric Special Gases Co. Ltd. Class A,CNY,5554.0,0.000927,China,239.2,Materials,Chemicals,198369.0,688146,CH,Common Stock,PERIC SPECIAL GASES CO LTD-A
CNE100005K10,BNHSQK9,Shenzhen Longsys Electronics Co. Ltd. Class A,CNY,3800.0,0.00092,China,346.96,Information Technology,Technology Hardware Storage & Peripherals,196865.56,301308,CH,Common Stock,SHENZHEN LONGSYS ELECTRONI-A
INE226A01021,B1FCQX2,Voltas Limited,INR,16667.0,0.000919,India,1131.0,Industrials,Construction & Engineering,196603.84,VOLT,IN,Common Stock,VOLTAS LTD
INE749A01030,6726816,Jindal Steel Limited,INR,16717.0,0.000917,India,1124.85,Materials,Metals & Mining,196121.38,JINDALST,IN,Common Stock,JINDAL STEEL LTD
INE540L01014,BYY2WB4,Alkem Laboratories Ltd.,INR,3405.0,0.000913,India,5501.6,Health Care,Pharmaceuticals,195379.11,ALKEM,IN,Common Stock,ALKEM LABORATORIES LTD
CNE0000018V0,BFB4HL5,Hengli Petrochemical Co. Ltd. Class A,CNY,79700.0,0.000913,China,16.42,Materials,Chemicals,195406.13,600346,CH,Common Stock,HENGLI PETROCHEMICAL CO L-A
SA000A0D9HK3,B12LZP7,Bank Albilad,SAR,29480.0,0.000908,Saudi Arabia,24.75,Financials,Banks,194241.66,ALBI,AB,Common Stock,BANK ALBILAD
CNE000001M14,BD5CL75,Unigroup Guoxin Microelectronics Co. Ltd. Class A,CNY,21200.0,0.000907,China,61.28,Information Technology,Semiconductors & Semiconductor Equipment,193981.95,002049,CH,Common Stock,UNIGROUP GUOXIN MICROELECT-A
PHY7072Q1032,BDGN274,PLDT Inc.,PHP,10630.0,0.000906,Philippines,1145.0,Communication Services,Wireless Telecommunication Services,193934.84,TEL,PM,Common Stock,PLDT INC
US92763W1036,B3N0H17,Vipshop Holdings Ltd Sponsored ADR,USD,15700.0,0.000903,China,12.31,Consumer Discretionary,Broadline Retail,193267.0,VIPS,US,,
HK0012000102,6420538,Henderson Land Development Co. Ltd.,HKD,58280.0,0.000901,Hong Kong,25.96,Real Estate,Real Estate Management & Development,192819.53,12,HK,Common Stock,HENDERSON LAND DEVELOPMENT
INE647A01010,6374947,Srf Limited,INR,7221.0,0.000901,India,2561.0,Materials,Chemicals,192876.3,SRF,IN,Common Stock,SRF LTD
FR0010040865,7742468,Gecina SA,EUR,2542.0,0.000892,France,65.5,Real Estate,Office Reits,190843.45,GFC,FP,REIT,GECINA SA
CNE100003RK2,BL58MB0,Rockchip Electronics Co. Ltd. Class A,CNY,6700.0,0.000888,China,190.04,Information Technology,Semiconductors & Semiconductor Equipment,190119.45,603893,CH,Common Stock,ROCKCHIP ELECTRONICS CO L-A
INE020B01018,B2Q7WL3,REC Limited,INR,57954.0,0.00088,India,311.4,Financials,Financial Services,188223.56,RECL,IN,Common Stock,REC LTD
CA2918434077,2314000,Empire Co Ltd Class A,CAD,5700.0,0.000871,Canada,45.83,Consumer Staples,Consumer Staples Distribution & Retail,186487.03,EMP/A,CN,Common Stock,EMPIRE CO LTD 'A'
CNE000000JP5,BP3R2V7,Inner Mongolia Yili Industrial Group Co. Ltd. Class A,CNY,46800.0,0.000869,China,26.6,Consumer Staples,Food Products,185880.67,600887,CH,Common Stock,INNER MONGOLIA YILI INDUS-A
CNE000000WD4,BP3R1P4,Wintime Energy Group Co. Ltd. Class A,CNY,816000.0,0.000865,China,1.52,Utilities,Independent Power And Renewable Electricity Producers,185199.78,600157,CH,Common Stock,WINTIME ENERGY GROUP CO L-A
CNE100000L55,BD5CMC7,Yantai Jereh Oilfield Services Group Co. Ltd. Class A,CNY,9800.0,0.000861,China,125.9,Energy,Energy Equipment & Services,184229.22,002353,CH,Common Stock,YANTAI JEREH OILFIELD-A
LU0383812293,BF52QF2,Reinet Investments S.C.A.,ZAR,6986.0,0.000857,South Africa,428.01,Financials,Capital Markets,183384.1,RNI,SJ,Common Stock,REINET INVESTMENTS SCA
CNE0000019P0,BP3R4R7,Jiangxi Copper Company Limited Class A,CNY,27700.0,0.000851,China,44.03,Materials,Metals & Mining,182110.58,600362,CH,Common Stock,JIANGXI COPPER CO LTD-A
INE670K01029,BM9G370,Lodha Developers Ltd.,INR,15660.0,0.000851,India,1115.1,Real Estate,Real Estate Management & Development,182128.34,LODHA,IN,Common Stock,LODHA DEVELOPERS LTD
CNE000001303,BD5CCY9,Huagong Tech Co. Ltd. Class A,CNY,11300.0,0.00085,China,107.8,Information Technology,Electronic Equipment Instruments & Components,181887.97,000988,CH,Common Stock,HGTECH CO LTD-A
JP3499800005,6268976,Mitsubishi HC Capital Inc.,JPY,20600.0,0.000847,Japan,1384.5,Financials,Financial Services,181170.06,8593,JP,Common Stock,MITSUBISHI HC CAPITAL INC
CNE1000048G6,BMC6XV1,RemeGen Co. Ltd. Class H,HKD,19000.0,0.000845,China,74.7,Health Care,Biotechnology,180884.33,9995,HK,,
CNE100002PK8,BNHPR96,Advanced Fiber Resources Zhuhai Ltd. Class A,CNY,4000.0,0.00083,China,297.41,Information Technology,Communications Equipment,177632.44,300620,CH,Common Stock,ADVANCED FIBER RESOURCES Z-A
INE214T01019,BD6F8V6,LTM Limited,INR,3992.0,0.000828,India,4257.9,Information Technology,It Services,177279.27,LTM,IN,Common Stock,LTM LTD
CNE000001KK2,BD5CND5,Focus Media Information Technology Co Ltd Class A,CNY,250000.0,0.000813,China,4.66,Communication Services,Media,173953.3,002027,CH,Common Stock,FOCUS MEDIA INFORMATION TE-A
CNE100001WS9,BD5CPR3,Guosen Securities Co. Ltd. Class A,CNY,118000.0,0.000809,China,9.82,Financials,Capital Markets,173021.56,002736,CH,Common Stock,GUOSEN SECURITIES CO LTD-A
CNE100001YW7,BD5CP17,Lens Technology Co. Ltd. Class A,CNY,34500.0,0.000806,China,33.48,Information Technology,Electronic Equipment Instruments & Components,172469.1,300433,CH,Common Stock,LENS TECHNOLOGY CO LTD-A
CNE100000HP8,BD5CJ60,Guangdong Haid Group Co. Limited Class A,CNY,27400.0,0.000803,China,41.98,Consumer Staples,Food Products,171751.17,002311,CH,Common Stock,GUANGDONG HAID GROUP CO-A
CNE100005K77,BJLVDM7,Zhejiang Leapmotor Technology Co. Ltd. Class H,HKD,36100.0,0.000801,China,37.26,Consumer Discretionary,Automobiles,171426.06,9863,HK,,
INE070A01015,6100357,Shree Cement Limited,INR,720.0,0.000798,India,22749.6,Materials,Construction Materials,170835.53,SRCM,IN,Common Stock,SHREE CEMENT LTD
TW0002615002,6932334,Wan Hai Lines Ltd.,TWD,44965.0,0.000797,Taiwan,120.5,Industrials,Marine Transportation,170587.4,2615,TT,Common Stock,WAN HAI LINES LTD
INE220G01021,6743257,Jindal Stainless Limited,INR,21591.0,0.00079,India,750.9,Materials,Metals & Mining,169093.47,JDSL,IN,Common Stock,JINDAL STAINLESS LTD
FR0000064578,7745638,Covivio SA,EUR,3125.0,0.000787,France,47.04,Real Estate,Diversified Reits,168491.4,COV,FP,REIT,COVIVIO
INE674K01013,BYVKT10,Aditya Birla Capital Ltd.,INR,40219.0,0.000784,India,400.1,Financials,Financial Services,167830.84,ABCAP,IN,Common Stock,ADITYA BIRLA CAPITAL LTD
CNE100005GP9,BQWRVY1,Shenzhen Techwinsemi Technology Co. Ltd. Class A,CNY,2700.0,0.000778,China,413.09,Information Technology,Semiconductors & Semiconductor Equipment,166538.7,001309,CH,Common Stock,SHENZHEN TECHWINSEMI TECHN-A
INE003A01024,B15T569,Siemens Limited,INR,4168.0,0.000777,India,3822.8,Industrials,Industrial Conglomerates,166180.95,SIEM,IN,Common Stock,SIEMENS LTD
CNE000000YM1,BP3RDW5,China Jushi Co. Ltd. Class A,CNY,24700.0,0.000776,China,45.02,Materials,Construction Materials,166038.64,600176,CH,Common Stock,CHINA JUSHI CO LTD -A
PHY5764J1483,B247XZ6,Manila Electric Co.,PHP,21650.0,0.000774,Philippines,480.0,Utilities,Electric Utilities,165583.19,MER,PM,Common Stock,MANILA ELECTRIC COMPANY
INE498L01015,B5KYHQ1,L&T Finance Ltd,INR,50849.0,0.000771,India,311.0,Financials,Consumer Finance,164935.73,LTF,IN,Common Stock,L&T FINANCE LTD
BRRAILACNOR9,BYXZ2W5,Rumo SA,BRL,56858.0,0.000771,Brazil,14.97,Industrials,Ground Transportation,164900.0,RAIL3,BZ,Common Stock,RUMO SA
CNE100000825,BD5C9M6,Tianshui Huatian Technology Co. Ltd. Class A,CNY,61300.0,0.000771,China,18.03,Information Technology,Semiconductors & Semiconductor Equipment,165030.02,002185,CH,Common Stock,TIANSHUI HUATIAN TECHNOLOG-A
CNE1000018M7,BD5CGB4,Sungrow Power Supply Co. Ltd. Class A,CNY,12380.0,0.000759,China,87.89,Industrials,Electrical Equipment,162467.63,300274,CH,Common Stock,SUNGROW POWER SUPPLY CO LT-A
CNE100006M90,BSNVN62,Hua Hong Grace Semiconductor Limited Class A,CNY,4643.0,0.000758,China,234.0,Information Technology,Semiconductors & Semiconductor Equipment,162226.31,688347,CH,Common Stock,HUA HONG GRACE SEMICONDUCT-A
CNE1000002S8,6782045,COSCO SHIPPING Energy Transportation Co. Ltd. Class H,HKD,66000.0,0.000757,China,19.26,Energy,Oil Gas & Consumable Fuels,162004.48,1138,HK,,
CNE100004173,BRS7766,Sharetronic Data Technology Co. Ltd. Class A,CNY,4000.0,0.000748,China,267.89,Information Technology,Technology Hardware Storage & Peripherals,160001.2,300857,CH,Common Stock,SHARETRONIC DATA TECHNOLOG-A
CNE0000014W7,BP3R369,Jiangsu Hengrui Pharmaceuticals Co. Ltd. Class A,CNY,24168.0,0.000741,China,43.91,Health Care,Pharmaceuticals,158456.8,600276,CH,Common Stock,JIANGSU HENGRUI PHARMACEUT-A
KYG5496K1242,B01JCK9,Li Ning Company Limited,HKD,98000.0,0.000734,China,12.57,Consumer Discretionary,Textiles Apparel & Luxury Goods,156995.83,2331,HK,,
BRMBRFACNOR1,BV8H6L2,MBRF Global Foods Company S.A.,BRL,47802.0,0.000729,Brazil,16.85,Consumer Staples,Food Products,156046.22,MBRF3,BZ,Common Stock,MBRF GLOBAL FOODS COMPANY SA
CNE0000005Q7,BP3R5V8,Shenergy Co. Ltd. Class A,CNY,118600.0,0.000718,China,8.67,Utilities,Independent Power And Renewable Electricity Producers,153536.11,600642,CH,Common Stock,SHENERGY COMPANY LIMITED-A
CNE100002D38,BMQBTH0,EverProX Technologies Co. Ltd. Class A,CNY,4300.0,0.000717,China,238.8,Information Technology,Communications Equipment,153323.78,300548,CH,Common Stock,EVERPROX TECHNOLOGIES CO L-A
BRENGICDAM16,B56XQT8,Energisa SA Units Cons of 1 Sh + 4 Pfd Shs,BRL,15180.0,0.000716,Brazil,52.08,Utilities,Electric Utilities,153161.64,ENGI11,BZ,Unit,ENERGISA SA-UNITS
CNE000000D24,BD5LTX4,Inner Mongolia Xingye Silver and Tin Mining Co. Ltd. Class A,CNY,28900.0,0.000715,China,35.47,Materials,Metals & Mining,153061.42,000426,CH,Common Stock,INNER MONGOLIA XINGYE SILV-A
INE117A01022,B1Y9QS9,ABB India Limited,INR,2023.0,0.000713,India,7235.2,Industrials,Electrical Equipment,152657.58,ABB,IN,Common Stock,ABB INDIA LTD
CNE000000T83,BYV1QH8,Jiang Su Etern Co.Ltd Class A,CNY,22000.0,0.000713,China,46.47,Information Technology,Communications Equipment,152651.86,600105,CH,Common Stock,JIANGSU ETERN CO LTD-A
INE484J01027,BGQL729,Godrej Properties Limited,INR,8593.0,0.000712,India,1701.0,Real Estate,Real Estate Management & Development,152447.78,GPL,IN,Common Stock,GODREJ PROPERTIES LTD
CNE100004454,BMD9JF5,Henan Shijia Photons Technology Co. Ltd. Class A,CNY,5950.0,0.000707,China,170.38,Information Technology,Semiconductors & Semiconductor Equipment,151370.88,688313,CH,Common Stock,HENAN SHIJIA PHOTONS TECHN-A
CNE000001F05,BP3RCQ2,JCET Group Co. Ltd. Class A,CNY,13800.0,0.000703,China,73.0,Information Technology,Semiconductors & Semiconductor Equipment,150421.08,600584,CH,Common Stock,JCET GROUP CO LTD-A
CNE1000015R2,BD5CG58,Zhejiang Century Huatong Group Co. Ltd. Class A,CNY,67900.0,0.000696,China,14.69,Communication Services,Entertainment,148935.53,002602,CH,Common Stock,ZHEJIANG CENTURY HUATONG -A
SA0007879550,B132NM2,Saudi Energy Co.,SAR,34530.0,0.000693,Saudi Arabia,16.13,Utilities,Electric Utilities,148275.92,SECO,AB,Common Stock,SAUDI ENERGY CO
AEA007301012,BN12D39,ADNOC Drilling Company PJSC,AED,95392.0,0.000688,United Arab Emirates,5.67,Energy,Energy Equipment & Services,147264.39,ADNOCDRI,UH,Common Stock,ADNOC DRILLING CO PJSC
CNE000000CG9,BP3R3G9,Haier Smart Home Co. Ltd. Class A,CNY,47700.0,0.000688,China,20.68,Consumer Discretionary,Household Durables,147290.81,600690,CH,Common Stock,HAIER SMART HOME CO LTD-A
CNE100005QL7,BNTXRT8,Hwatsing Technology Co. Ltd. Class A,CNY,3739.0,0.000687,China,263.43,Information Technology,Semiconductors & Semiconductor Equipment,147071.13,688120,CH,Common Stock,HWATSING TECHNOLOGY CO LTD-A
INE129A01019,6133405,GAIL (India) Limited,INR,81779.0,0.000686,India,172.0,Utilities,Gas Utilities,146704.1,GAIL,IN,Common Stock,GAIL INDIA LTD
CNE100005VN3,BPH27X5,Biwin Storage Technology Co. Ltd. Class A,CNY,4529.0,0.000685,China,216.88,Information Technology,Semiconductors & Semiconductor Equipment,146665.7,688525,CH,Common Stock,BIWIN STORAGE TECHNOLOGY C-A
CNE000001BC8,BP3R789,Zhejiang China Commodities City Group Co. Ltd. Class A,CNY,82900.0,0.000684,China,11.82,Consumer Discretionary,Distributors,146311.6,600415,CH,Common Stock,ZHEJIANG CHINA COMMODITIES-A
CNE000000XM3,BD5CP84,Henan Shuanghui Investment & Development Co. Ltd. Class A,CNY,41900.0,0.000681,China,23.29,Consumer Staples,Food Products,145710.31,000895,CH,Common Stock,HENAN SHUANGHUI INVESTMENT-A
CNE100005ZH6,BNDKP46,Suzhou Everbright Photonics Co. Ltd. Class A,CNY,2845.0,0.000679,China,342.0,Information Technology,Semiconductors & Semiconductor Equipment,145283.1,688048,CH,Common Stock,SUZHOU EVERBRIGHT PHOTONIC-A
INE634S01028,BQ98SK2,Mankind Pharma Ltd.,INR,5983.0,0.000676,India,2318.0,Health Care,Pharmaceuticals,144645.31,MANKIND,IN,Common Stock,MANKIND PHARMA LTD
BRVIVTACNOR0,B6XFBX3,Telefonica Brasil S.A.,BRL,24000.0,0.000673,Brazil,30.95,Communication Services,Diversified Telecommunication Services,143906.1,VIVT3,BZ,Common Stock,TELEFONICA BRASIL S.A.
MXP001661018,2639349,Grupo Aeroportuario del Sureste SAB de CV Class B,MXN,5900.0,0.000671,Mexico,419.3,Industrials,Transportation Infrastructure,143495.92,ASURB,MM,Common Stock,GRUPO AEROPORT DEL SURESTE-B
CNE100001T80,BSBMM04,CGN Power Co. Ltd. Class H,HKD,377000.0,0.000668,China,2.975,Utilities,Independent Power And Renewable Electricity Producers,142940.44,1816,HK,,
CNE000000040,BD5CPS4,Ping An Bank Co. Ltd. Class A,CNY,81600.0,0.000666,China,11.7,Financials,Banks,142555.1,000001,CH,Common Stock,PING AN BANK CO LTD-A
CNE100000HK9,BP3R303,China Merchants Securities Co. Ltd. Class A,CNY,54000.0,0.000663,China,17.59,Financials,Capital Markets,141829.42,600999,CH,Common Stock,CHINA MERCHANTS SECURITIES-A
CZ0008040318,BD3CQ16,MONETA Money Bank AS,CZK,15673.0,0.000663,Czech Republic,192.5,Financials,Banks,141939.88,MONET,CP,Common Stock,MONETA MONEY BANK AS
CNE000000DG7,BYYFJJ0,ENN Natural Gas Co. Ltd. Class A,CNY,50800.0,0.000662,China,18.67,Utilities,Gas Utilities,141616.8,600803,CH,Common Stock,ENN NATURAL GAS CO LTD-A
JP3336560002,BBD7Q84,Suntory Beverage & Food Ltd.,JPY,4900.0,0.000656,Japan,4513.0,Consumer Staples,Beverages,140471.33,2587,JP,Common Stock,SUNTORY BEVERAGE & FOOD LTD
BMG0171K1018,BRXVS60,Alibaba Health Information Technology Ltd.,HKD,358000.0,0.000654,China,3.065,Consumer Staples,Consumer Staples Distribution & Retail,139842.86,241,HK,,
INE169A01031,B0VDZN5,Coromandel International Limited,INR,6716.0,0.000654,India,1998.0,Materials,Chemicals,139951.69,CRIN,IN,Common Stock,COROMANDEL INTERNATIONAL LTD
CNE0000006M4,BD5M023,China Tungsten & Hightech Materials Co. Ltd. Class A,CNY,15100.0,0.000651,China,61.76,Materials,Metals & Mining,139248.64,000657,CH,Common Stock,CHINA TUNGSTEN & HIGHTECH-A
TW0002618006,6186023,Eva Airways Corporation,TWD,106000.0,0.000651,Taiwan,41.75,Industrials,Passenger Airlines,139330.98,2618,TT,Common Stock,EVA AIRWAYS CORP
US52490G1022,BMX9K07,Legend Biotech Corp. Sponsored ADR,USD,7900.0,0.00065,China,17.61,Health Care,Biotechnology,139119.0,LEGN,US,,
CNE000001FR7,BP3R5D0,Shandong Gold Mining Co. Ltd. Class A,CNY,28280.0,0.000647,China,32.77,Materials,Metals & Mining,138376.58,600547,CH,Common Stock,SHANDONG GOLD MINING CO LT-A
QA000A0KD6K3,6673570,Industries of Qatar Co.,QAR,48500.0,0.000646,Qatar,10.37,Industrials,Industrial Conglomerates,138133.77,IQCD,QD,Common Stock,INDUSTRIES QATAR
CNE100003ML1,BK71F55,Anji Microelectronics Technology (Shanghai) Co.Ltd. Class A,CNY,3900.0,0.000639,China,234.8,Information Technology,Semiconductors & Semiconductor Equipment,136731.78,688019,CH,Common Stock,ANJI MICROELECTRONICS TECH-A
KYG3887G1091,BNNJRV4,Giant Biogene Holding Co. Ltd.,HKD,44000.0,0.000636,China,24.26,Consumer Staples,Personal Care Products,136041.16,2367,HK,,
MXCFFU000001,B671GT8,Fibra Uno Administracion SA de CV Series -11-,MXN,79752.0,0.000634,Mexico,29.35,Real Estate,Diversified Reits,135772.69,FUNO11,MM,REIT,TRUST FIBRA UNO
CNE1000020T8,BNHPR52,Shannon Semiconductor Technology Co. Ltd. Class A,CNY,5200.0,0.000633,China,174.32,Information Technology,Electronic Equipment Instruments & Components,135349.7,300475,CH,Common Stock,SHANNON SEMICONDUCTOR TECH-A
BRAXIAACNPC9,BVPBRT2,AXIA Energia SA Non-Cum Perp Pfd Registered Shs C,BRL,12956.0,0.000631,Brazil,53.8,Utilities,Electric Utilities,135039.39,AXIA7,BZ,Preference,AXIA ENERGIA-PR C
CNE100006HM2,BN0ZQH4,Delton Technology (Guangzhou) Inc.,CNY,5300.0,0.000625,China,169.03,Information Technology,Electronic Equipment Instruments & Components,133766.2,001389,CH,Common Stock,DELTON TECHNOLOGY GUANGZHO-A
TW0004938006,B4PLX17,Pegatron Corporation,TWD,47000.0,0.000624,Taiwan,90.3,Information Technology,Technology Hardware Storage & Peripherals,133619.84,4938,TT,Common Stock,PEGATRON CORP
KYG211461085,B4R39F7,Chow Tai Fook Jewellery Group Limited,HKD,94000.0,0.000619,China,11.05,Consumer Discretionary,Specialty Retail,132378.34,1929,HK,,
CNE1000031T5,BDZRFN4,CSC Financial Co. Ltd. Class A,CNY,37300.0,0.000615,China,23.62,Financials,Capital Markets,131551.39,601066,CH,Common Stock,CSC FINANCIAL CO LTD-A
CNE000000PC0,BP3R3J2,GD Power Development Co. Ltd Class A,CNY,165500.0,0.000607,China,5.26,Utilities,Independent Power And Renewable Electricity Producers,129984.18,600795,CH,Common Stock,GD POWER DEVELOPMENT CO -A
CNE0000018P2,BP3R886,Fiberhome Telecommunication Technologies Co. Ltd. Class A,CNY,19600.0,0.000602,China,43.99,Information Technology,Communications Equipment,128740.98,600498,CH,Common Stock,FIBERHOME TELECOM TECH CO-A
CNE100005GY1,BNHSQB0,Empyrean Technology Co. Ltd. Class A,CNY,9500.0,0.00059,China,88.95,Information Technology,Software,126175.87,301269,CH,Common Stock,EMPYREAN TECHNOLOGY CO LTD-A
BRCMIGACNPR3,B1YBRG0,Companhia Energetica de Minas Gerais SA Pfd,BRL,57896.0,0.000588,Brazil,11.21,Utilities,Electric Utilities,125736.52,CMIG4,BZ,Preference,CIA ENERGETICA MINAS GER-PRF
MYL4863OO006,6868398,Telekom Malaysia Bhd.,MYR,65878.0,0.000588,Malaysia,7.8,Communication Services,Diversified Telecommunication Services,125896.945,T,MK,Common Stock,TELEKOM MALAYSIA BHD
CNE100002FK9,BD4GT29,Guotai Haitong Securities Co. Ltd. Class H,HKD,63984.0,0.000585,China,15.34,Financials,Capital Markets,125090.28,2611,HK,,
CNE100000LV8,BD5CL86,BlueFocus Intelligent Communications Group Co. Ltd. Class A,CNY,62800.0,0.000576,China,13.15,Communication Services,Media,123308.24,300058,CH,Common Stock,BLUEFOCUS INTELLIGENT COMM-A
CNE100001Z58,BNHPCQ8,Range Intelligent Computing Technology Group Company Limited Class A,CNY,12900.0,0.00057,China,63.29,Information Technology,It Services,121907.81,300442,CH,Common Stock,RANGE INTELLIGENT COMPUTI-A
TRAKCHOL91Q8,B03MVJ8,Koc Holding A.S.,TRY,27539.0,0.000566,Turkey,214.7,Industrials,Industrial Conglomerates,121197.57,KCHOL,TI,Common Stock,KOC HOLDING AS
CNE100004413,BMGYHP3,VeriSilicon Microelectronics (Shanghai) Co. Ltd. Class A,CNY,3954.0,0.000566,China,205.18,Information Technology,Semiconductors & Semiconductor Equipment,121137.445,688521,CH,Common Stock,VERISILICON MICROELECTRONI-A
CNE000000BQ0,BP3R4Y4,Sichuan Chuantou Energy Co. Ltd. Class A,CNY,51000.0,0.000561,China,15.76,Utilities,Independent Power And Renewable Electricity Producers,120014.34,600674,CH,Common Stock,SICHUAN CHUANTOU ENERGY CO-A
BRKLBNCDAM18,BJ0K6Z9,Klabin SA Ctf de Deposito de Acoes Cons of 1 Sh + 4 Pfd Shs,BRL,32153.0,0.000557,Brazil,19.14,Materials,Containers & Packaging,119225.92,KLBN11,BZ,Unit,KLABIN SA - UNIT
CNE1000015L5,BD5LQY4,Lingyi iTech (Guangdong) Company Class A,CNY,63300.0,0.000556,China,12.58,Information Technology,Electronic Equipment Instruments & Components,118902.53,002600,CH,Common Stock,LINGYI ITECH GUANGDONG CO -A
ID1000096605,6727121,PT Bank Negara Indonesia (Persero) Tbk Class B,IDR,578400.0,0.000556,Indonesia,3650.0,Financials,Banks,119039.19,BBNI,IJ,Common Stock,BANK NEGARA INDONESIA PERSER
QA000A0KD6L1,B0MLBC9,Qatar Gas Transport Co.,QAR,105590.0,0.000556,Qatar,4.105,Energy,Oil Gas & Consumable Fuels,119046.13,QGTS,QD,Common Stock,QATAR GAS TRANSPORT(NAKILAT)
INE271C01023,B1YLCV0,DLF Limited,INR,17979.0,0.000553,India,631.05,Real Estate,Real Estate Management & Development,118331.75,DLFU,IN,Common Stock,DLF LTD
BRBBDCACNOR1,B00FM86,Banco Bradesco SA,BRL,38625.0,0.000552,Brazil,15.79,Financials,Banks,118156.58,BBDC3,BZ,Common Stock,BANCO BRADESCO S.A.
INE811K01011,B4T3LF9,Prestige Estates Projects Limited,INR,7663.0,0.000545,India,1458.0,Real Estate,Real Estate Management & Development,116527.47,PEPL,IN,Common Stock,PRESTIGE ESTATES PROJECTS
CNE000001P78,BD5LVM7,Sinoma Science & Technology Co. Ltd. Class A,CNY,12900.0,0.000542,China,60.22,Materials,Chemicals,115994.44,002080,CH,Common Stock,SINOMA SCIENCE&TECHNOLOGY -A
KYG5074S1012,BNMBPD9,JD Logistics Inc.,HKD,86700.0,0.000541,China,10.47,Industrials,Air Freight & Logistics,115689.13,2618,HK,,
CNE100000601,BP3R552,COSCO SHIPPING Holdings Co. Ltd. Class A,CNY,48100.0,0.00054,China,16.1,Industrials,Marine Transportation,115631.91,601919,CH,Common Stock,COSCO SHIPPING HOLDINGS CO-A
CNE000000BL1,BP3R819,Guangdong HEC Technology Holding Co. Ltd. Class A,CNY,24100.0,0.00054,China,32.12,Materials,Metals & Mining,115584.42,600673,CH,Common Stock,GUANGDONG HEC TECHNOLOGY H-A
CNE100002FZ7,BYW5QV3,Shenzhen Kinwong Electronic Co. Ltd. Class A,CNY,7400.0,0.000539,China,104.45,Information Technology,Electronic Equipment Instruments & Components,115410.914,603228,CH,Common Stock,SHENZHEN KINWONG ELECTRONI-A
CNE100005XJ7,BNHPNM1,Shanghai Allist Pharmaceuticals Co. Ltd. Class A,CNY,7665.0,0.000537,China,100.41,Health Care,Pharmaceuticals,114920.06,688578,CH,Common Stock,SHANGHAI ALLIST PHARMACEUT-A
CA4495861060,2469375,IGM Financial Inc.,CAD,1800.0,0.000536,Canada,89.22,Financials,Capital Markets,114645.92,IGM,CN,Common Stock,IGM FINANCIAL INC
CNE000000WS2,BFY8HG9,China Rare Earth Resources And Technology Co. Ltd. Class A,CNY,14200.0,0.000529,China,53.39,Materials,Metals & Mining,113202.23,000831,CH,Common Stock,CHINA RARE EARTH RESOURCES-A
US30609A1097,BWJJFW8,ONEOK Inc.,USD,1211.0,0.000529,United States,93.46,Energy,Oil Gas & Consumable Fuels,113180.06,OKE,US,Common Stock,ONEOK INC
CNE000001NT7,BP3R682,Shanxi Lu'An Environmental Energy Development Co. Ltd. Class A,CNY,49900.0,0.000529,China,15.19,Energy,Oil Gas & Consumable Fuels,113178.79,601699,CH,Common Stock,SHANXI LU'AN ENVIRONMENTAL-A
MXP370641013,2822398,Grupo Financiero Inbursa SAB de CV Class O,MXN,47200.0,0.000526,Mexico,41.13,Financials,Banks,112606.5,GFINBURO,MM,Common Stock,GRUPO FINANCIERO INBURSA-O
CNE1000014X3,BD5CFQ2,Himile Mechanical Science & Technology (Shandong) Co. Ltd. Class A,CNY,18995.0,0.000524,China,39.55,Industrials,Machinery,112174.07,002595,CH,Common Stock,SHANDONG HIMILE MECHANICAL-A
FR0013280286,BF0LBX7,bioMerieux SA,EUR,1367.0,0.000524,France,71.6,Health Care,Health Care Equipment & Supplies,112186.85,BIM,FP,Common Stock,BIOMERIEUX
INE628A01036,B0L0W35,UPL Limited,INR,19164.0,0.000523,India,559.9,Materials,Chemicals,111909.93,UPLL,IN,Common Stock,UPL LTD
GB00BVMN1558,BVMN155,Verisure Plc,EUR,11072.0,0.000523,Sweden,8.826,Industrials,Commercial Services & Supplies,112008.36,VSURE,SS,Common Stock,VERISURE PLC
CNE100003GF5,BKDQ800,Avary Holding (Shenzhen) Co. Ltd. Class A,CNY,8300.0,0.000521,China,89.88,Information Technology,Electronic Equipment Instruments & Components,111390.42,002938,CH,Common Stock,AVARY HOLDING SHENZHEN CO -A
QA000A0M8VM3,B0VR7W0,AlRayan Bank,QAR,204687.0,0.000515,Qatar,1.959,Financials,Banks,110129.586,MARK,QD,Common Stock,AL RAYAN BANK
JP3429800000,6014908,ANA Holdings Inc.,JPY,5800.0,0.000513,Japan,2981.5,Industrials,Passenger Airlines,109847.23,9202,JP,Common Stock,ANA HOLDINGS INC
KYG5635P1090,B56KLY9,Longfor Group Holdings Ltd.,HKD,150380.0,0.000509,China,5.68,Real Estate,Real Estate Management & Development,108859.22,960,HK,,
CNE100005P31,BRBTV89,CICT Mobile Communication Technology Co. Ltd.Class A,CNY,56819.0,0.000504,China,12.7,Information Technology,Communications Equipment,107746.72,688387,CH,Common Stock,CICT MOBILE COMMUNICATION -A
CNE000000C66,BP3RCN9,Shanghai Baosight Software Co. Ltd. Class A,CNY,40154.0,0.000504,China,17.97,Information Technology,Software,107741.65,600845,CH,Common Stock,SHANGHAI BAOSIGHT SOFTWARE-A
CNE100000SF6,BD5CB19,Ganfeng Lithium Group Co. Ltd. Class A,CNY,15420.0,0.000497,China,46.2,Materials,Chemicals,106373.414,002460,CH,Common Stock,GANFENG LITHIUM GROUP CO L-A
CNE000000SK7,6019011,Inner Mongolia Yitai Coal Company Limited Class B,USD,31300.0,0.000496,China,3.393,Energy,Oil Gas & Consumable Fuels,106200.91,900948,CH,Common Stock,INNER MONGOLIA YITAI COAL-B
CNE100000RK8,BD5CGD6,Wuhan Guide Infrared Co. Ltd. Class A,CNY,56743.0,0.000492,China,12.43,Information Technology,Electronic Equipment Instruments & Components,105314.984,002414,CH,Common Stock,WUHAN GUIDE INFRARED CO LT-A
CNE100002SN6,BFYQHF2,Bank of Chengdu Co. Ltd. Class A,CNY,36800.0,0.000491,China,19.14,Financials,Banks,105171.11,601838,CH,Common Stock,BANK OF CHENGDU CO LTD-A
CNE000001GD5,BP3R6B5,Hundsun Technologies Inc. Class A,CNY,34739.0,0.000488,China,20.15,Information Technology,Software,104519.92,600570,CH,Common Stock,HUNDSUN TECHNOLOGIES INC-A
INE974X01010,BD3R8D7,Tube Investments of India Limited,INR,3822.0,0.000485,India,2605.0,Consumer Discretionary,Automobile Components,103841.36,TIINDIA,IN,Common Stock,TUBE INVESTMENTS OF INDIA LT
CNE100005D92,BQ3RXP5,SUPCON Technology Co. Ltd. Class A,CNY,7862.0,0.000483,China,88.0,Information Technology,Electronic Equipment Instruments & Components,103305.266,688777,CH,Common Stock,SUPCON TECHNOLOGY CO LTD-A
INE01EA01019,BSSDKB7,Vishal Mega Mart Ltd.,INR,98185.0,0.000483,India,101.0,Consumer Discretionary,Broadline Retail,103428.08,VMM,IN,Common Stock,VISHAL MEGA MART LTD
HK0285041858,B29SHS5,BYD Electronic (International) Co. Ltd.,HKD,34000.0,0.000482,China,23.78,Information Technology,Electronic Equipment Instruments & Components,103042.79,285,HK,,
SA000A0DPSH3,B128FN6,Company for Cooperative Insurance,SAR,4177.0,0.000482,Saudi Arabia,92.8,Financials,Insurance,103193.46,TAWUNIYA,AB,Common Stock,CO FOR COOPERATIVE INSURANCE
CNE000001CW4,BP3R9T4,Jiangsu Zhongtian Technology Co. Ltd. Class A,CNY,19200.0,0.000482,China,35.98,Industrials,Electrical Equipment,103149.98,600522,CH,Common Stock,JIANGSU ZHONGTIAN TECHNOLO-A
CNE100003JW4,BK4XYC4,Pharmaron Beijing Co. Ltd. Class A,CNY,15900.0,0.00048,China,43.3,Health Care,Life Sciences Tools & Services,102799.67,300759,CH,Common Stock,PHARMARON BEIJING CO LTD-A
NZCENE0001S6,6152529,Contact Energy Limited,NZD,20693.0,0.000479,New Zealand,8.67,Utilities,Electric Utilities,102469.055,CEN,NZ,Common Stock,CONTACT ENERGY LTD
CNE100006JG0,BS854D3,Laopu Gold Co. Ltd. Class H,HKD,2100.0,0.000479,China,383.0,Consumer Discretionary,Textiles Apparel & Luxury Goods,102504.96,6181,HK,,
CNE100001SP3,BS7K3K9,Zhejiang Zheneng Electric Power Co. Ltd. Class A,CNY,133300.0,0.000473,China,5.08,Utilities,Independent Power And Renewable Electricity Producers,101111.516,600023,CH,Common Stock,ZHEJIANG ZHENENG ELECTRIC-A
INE016A01026,6297356,Dabur India Limited,INR,24808.0,0.000465,India,384.7,Consumer Staples,Personal Care Products,99537.31,DABUR,IN,Common Stock,DABUR INDIA LTD
CNE000000VB0,BD5CNF7,New Hope Liuhe Co. Ltd. Class A,CNY,92600.0,0.000463,China,7.16,Consumer Staples,Food Products,98998.984,000876,CH,Common Stock,NEW HOPE LIUHE CO LTD-A
CNE1000010R3,BD6QVW1,Giant Network Group Co. Ltd. Class A,CNY,26500.0,0.000462,China,24.97,Communication Services,Entertainment,98803.234,002558,CH,Common Stock,GIANT NETWORK GROUP CO LTD-A
JP3256000005,6499550,Kyowa Kirin Co. Ltd.,JPY,6900.0,0.000462,Japan,2256.0,Health Care,Pharmaceuticals,98881.37,4151,JP,Common Stock,KYOWA KIRIN CO LTD
SA0007879063,B12M7M1,Saudi Investment Bank,SAR,25145.0,0.00046,Saudi Arabia,14.71,Financials,Banks,98470.016,SIBC,AB,Common Stock,SAUDI INVESTMENT BANK/THE
CNE100001RG4,BD5LR63,Guangzhou Tinci Materials Technology Co. Ltd,CNY,19720.0,0.000459,China,33.36,Materials,Chemicals,98228.99,002709,CH,Common Stock,GUANGZHOU TINCI MATERIALS -A
BMG2109G1033,6460794,China Gas Holdings Limited,HKD,141672.0,0.000456,China,5.4,Utilities,Gas Utilities,97499.99,384,HK,,
CNE100002RZ2,BDF57C1,360 Security Technology Inc. Class A,CNY,73700.0,0.000451,China,8.77,Information Technology,Software,96510.34,601360,CH,Common Stock,360 SECURITY TECHNOLOGY IN-A
CNE100000L63,BD73M39,S.F. Holding Co. Ltd. Class A,CNY,20700.0,0.000445,China,30.78,Industrials,Air Freight & Logistics,95136.18,002352,CH,Common Stock,S F HOLDING CO LTD-A
CNE100000338,6718255,Great Wall Motor Co. Ltd. Class H,HKD,99500.0,0.000443,China,7.48,Consumer Discretionary,Automobiles,94853.09,2333,HK,,
CNE1000055X6,BNHNC51,Dosilicon Co. Ltd. Class A,CNY,5157.0,0.00044,China,122.36,Information Technology,Semiconductors & Semiconductor Equipment,94220.055,688110,CH,Common Stock,DOSILICON CO LTD-A
CNE000001H94,BZ0D1S8,Chifeng Jilong Gold Mining Group Limited Class A,CNY,14200.0,0.000439,China,44.26,Materials,Metals & Mining,93843.99,600988,CH,Common Stock,CHIFENG JILONG GOLD MINING-A
JP3360800001,6805317,Hulic Co. Ltd.,JPY,8400.0,0.000434,Japan,1740.0,Real Estate,Real Estate Management & Development,92844.21,3003,JP,Common Stock,HULIC CO LTD
CNE000001G53,BP3R9L6,Shanghai Electric Power Co. Ltd. Class A,CNY,46000.0,0.00043,China,13.39,Utilities,Independent Power And Renewable Electricity Producers,91969.78,600021,CH,Common Stock,SHANGHAI ELECTRIC POWER CO-A
CNE100004ZD8,BMF7PQ0,ACM Research (Shanghai) Inc. Class A,CNY,2092.0,0.000427,China,292.77,Information Technology,Semiconductors & Semiconductor Equipment,91452.37,688082,CH,Common Stock,ACM RESEARCH SHANGHAI I-A
EGS37091C013,6298177,Eastern Company,EGP,148318.0,0.000426,Egypt,32.02,Consumer Staples,Tobacco,91101.914,EAST,EY,Common Stock,EASTERN CO SAE
TRAISCTR91N2,B03MYS8,Turkiye Is Bankasi Anonim Sirketi Class C,TRY,333276.0,0.000423,Turkey,13.26,Financials,Banks,90586.04,ISCTR,TI,Common Stock,TURKIYE IS BANKASI-C
CNE1000008S5,BD5CQ58,Goldwind Science & Technology Co. Ltd. Class A,CNY,32800.0,0.000417,China,18.2,Industrials,Electrical Equipment,89135.76,002202,CH,Common Stock,GOLDWIND SCIENCE & TECHNOL-A
CNE1000001T8,6425395,Aluminum Corporation of China Limited Class H,HKD,86000.0,0.000416,China,8.12,Materials,Metals & Mining,88998.21,2600,HK,,
CNE0000012L4,BD5CF40,Shanjin International Gold Co. Ltd. Class A,CNY,23380.0,0.000416,China,25.51,Materials,Metals & Mining,89055.695,000975,CH,Common Stock,SHANJIN INTERNATIONAL GOLD-A
DE0007010803,5910609,Rational Aktiengesellschaft,EUR,138.0,0.000415,Germany,562.0,Industrials,Machinery,88894.69,RAA,GY,Common Stock,RATIONAL AG
KYG2121Q1055,BK0SBL1,China Feihe Limited,HKD,276000.0,0.000414,China,2.52,Consumer Staples,Food Products,88641.37,6186,HK,,
CNE100004231,BMF7P48,QuantumCTek Co. Ltd. Class A,CNY,1649.0,0.000413,China,359.0,Information Technology,Communications Equipment,88393.805,688027,CH,Common Stock,QUANTUMCTEK CO LTD-A
CNE000001QZ7,BP3R295,Industrial Bank Co. Ltd. Class A,CNY,33200.0,0.000412,China,17.78,Financials,Banks,88140.72,601166,CH,Common Stock,INDUSTRIAL BANK CO LTD -A
CNE100000FN7,B3ZVDV0,Sinopharm Group Co. Ltd. Class H,HKD,46000.0,0.000412,China,15.02,Health Care,Health Care Providers & Services,88055.12,1099,HK,,
CNE100003LZ3,BK71BW4,Amlogic (Shanghai) Co. Ltd. Class A,CNY,6649.0,0.000411,China,88.5,Information Technology,Semiconductors & Semiconductor Equipment,87863.06,688099,CH,Common Stock,AMLOGIC SHANGHAI INC-A
CNE1000018P0,BD5CBF3,Kuang-Chi Technologies Co. Ltd. Class A,CNY,21300.0,0.00041,China,27.6,Industrials,Aerospace & Defense,87779.96,002625,CH,Common Stock,KUANG-CHI TECHNOLOGIES CO-A
CNE000001DQ4,BP3RBG5,Sichuan Road & Bridge Co. Ltd. Class A,CNY,67000.0,0.000407,China,8.71,Industrials,Construction & Engineering,87136.414,600039,CH,Common Stock,SICHUAN ROAD&BRIDGE GROUP-A
CNE000001DN1,BP3RCV7,Hangzhou Silan Microelectronics Co. Ltd. Class A,CNY,17400.0,0.000398,China,32.77,Information Technology,Semiconductors & Semiconductor Equipment,85139.766,600460,CH,Common Stock,HANGZHOU SILAN MICROELECTR-A
PHY0486V1154,B09JBT3,Ayala Corp.,PHP,10360.0,0.000391,Philippines,507.0,Industrials,Industrial Conglomerates,83692.164,AC,PM,Common Stock,AYALA CORPORATION
HK0000077468,B63DLB5,Far East Horizon Limited,HKD,101000.0,0.000386,China,6.42,Financials,Financial Services,82638.65,3360,HK,,
CNE100001RQ3,BD5CJX7,Muyuan Foods Group Co Ltd Class A,CNY,13328.0,0.000385,China,41.35,Consumer Staples,Food Products,82290.03,002714,CH,Common Stock,MUYUAN FOODS GROUP CO LTD-A
CNE100000HD4,B4Q2TX3,China Longyuan Power Group Corporation Ltd Class H,HKD,122000.0,0.000384,China,5.285,Utilities,Independent Power And Renewable Electricity Producers,82173.47,916,HK,,
CNE100000W94,BD5CCF0,Shenzhen Sunway Communication Co. Ltd. Class A,CNY,9200.0,0.000382,China,59.51,Information Technology,Electronic Equipment Instruments & Components,81749.39,300136,CH,Common Stock,SHENZHEN SUNWAY COMMUNICAT-A
CNE100001YF2,BD5CN13,Kunlun Tech Co. Ltd. Class A,CNY,12200.0,0.000373,China,43.79,Communication Services,Interactive Media & Services,79770.35,300418,CH,Common Stock,KUNLUN TECH CO LTD-A
KYG6180F1081,BQKNM37,MINISO Group Holding Ltd.,HKD,36800.0,0.000372,China,16.96,Consumer Discretionary,Broadline Retail,79542.72,9896,HK,,
TW0002801008,6187855,Chang Hwa Commercial Bank Ltd.,TWD,86957.0,0.00037,Taiwan,28.95,Financials,Banks,79257.15,2801,TT,Common Stock,CHANG HWA COMMERCIAL BANK
CNE000000GJ4,BP3R6X7,Sichuan Changhong Electric Co. Ltd. Class A,CNY,78300.0,0.000366,China,6.7,Consumer Discretionary,Household Durables,78332.734,600839,CH,Common Stock,SICHUAN CHANGHONG ELECTRIC-A
CNE100000XB5,BD5CC27,Kingnet Network Co. Ltd. Class A,CNY,31500.0,0.000365,China,16.61,Communication Services,Entertainment,78124.445,002517,CH,Common Stock,KINGNET NETWORK CO LTD-A
CNE100002NT4,BHQPSR0,SG Micro Corp. Class A,CNY,4182.0,0.000365,China,125.13,Information Technology,Semiconductors & Semiconductor Equipment,78136.19,300661,CH,Common Stock,SG MICRO CORP-A
CNE100003S06,BP91NW1,China Resources Microelectronics Ltd. Class A,CNY,8518.0,0.000361,China,60.79,Information Technology,Semiconductors & Semiconductor Equipment,77317.27,688396,CH,Common Stock,CHINA RESOURCES MICROELECT-A
KYG9830F1063,BZ04KX9,Yadea Group Holdings Ltd.,HKD,69108.0,0.000356,China,8.645,Consumer Discretionary,Automobiles,76141.27,1585,HK,,
CNE100003FS0,BL61W96,Suzhou Maxwell Technologies Co. Ltd. Class A,CNY,2500.0,0.000355,China,203.33,Information Technology,Semiconductors & Semiconductor Equipment,75901.125,300751,CH,Common Stock,SUZHOU MAXWELL TECHNOLOGIE-A
CNE000001R84,BP3R284,Ping An Insurance (Group) Company of China Ltd. Class A,CNY,9500.0,0.000354,China,53.37,Financials,Insurance,75705.516,601318,CH,Common Stock,PING AN INSURANCE GROUP CO-A
CNE000001998,BP3R314,Huaneng Power International Inc. Class A,CNY,74000.0,0.000351,China,6.8,Utilities,Independent Power And Renewable Electricity Producers,75135.875,600011,CH,Common Stock,HUANENG POWER INTL INC-A
CNE000001ND1,BP3R336,Poly Developments & Holdings Group Co. Ltd. Class A,CNY,94600.0,0.000351,China,5.32,Real Estate,Real Estate Management & Development,75146.625,600048,CH,Common Stock,POLY DEVELOPMENTS AND HOLD-A
KYG8878S1030,6903556,Tingyi (Cayman Islands) Holding Corp.,HKD,50000.0,0.000349,China,11.72,Consumer Staples,Food Products,74683.46,322,HK,,
CNE100000BP1,BD5CNT1,GoerTek Inc. Class A,CNY,21400.0,0.000348,China,23.33,Information Technology,Electronic Equipment Instruments & Components,74547.87,002241,CH,Common Stock,GOERTEK INC -A
CNE100000098,BD5CG92,Inner Mongolia Dian Tou Energy Corporation Limited Class A,CNY,17900.0,0.000345,China,27.66,Energy,Oil Gas & Consumable Fuels,73928.5,002128,CH,Common Stock,INNER MONGOLIA DIAN TOU EN-A
CNE1000019Y0,BP3R3F8,New China Life Insurance Co. Ltd. Class A,CNY,8400.0,0.000341,China,58.18,Financials,Insurance,72972.586,601336,CH,Common Stock,NEW CHINA LIFE INSURANCE C-A
CNE100003LY6,BK71BV3,Shanghai BOCHU Electronic Technology Corporation Limited Class A,CNY,5104.0,0.00034,China,95.37,Information Technology,Electronic Equipment Instruments & Components,72682.39,688188,CH,Common Stock,SHANGHAI BOCHU ELECTRONIC-A
CNE100003F50,BK94875,Bank of Changsha Co. Ltd. Class A,CNY,49500.0,0.000338,China,9.79,Financials,Banks,72359.34,601577,CH,Common Stock,BANK OF CHANGSHA CO LTD-A
SE0000108847,4538002,L E Lundbergforetagen AB Class B,SEK,1225.0,0.000338,Sweden,583.0,Financials,Financial Services,72371.73,LUNDB,SS,Common Stock,LUNDBERGS AB-B SHS
CNE000000RL7,BD5CKJ0,China Greatwall Technology Group Co Ltd Class A,CNY,33600.0,0.000331,China,14.12,Information Technology,Technology Hardware Storage & Peripherals,70840.35,000066,CH,Common Stock,CHINA GREATWALL TECHNOLOGY-A
CNE100003LQ2,BK71760,Bank of Suzhou Co Ltd Class A,CNY,51900.0,0.000328,China,9.06,Financials,Banks,70210.54,002966,CH,Common Stock,BANK OF SUZHOU CO LTD-A
CNE100003G67,BHQK864,Shenzhen Mindray Bio-Medical Electronics Co. Ltd. Class A,CNY,3000.0,0.000328,China,156.87,Health Care,Health Care Equipment & Supplies,70269.664,300760,CH,Common Stock,SHENZHEN MINDRAY BIO-MEDIC-A
KW0EQ0400725,B00PQY0,Mabanee Company (SAKC),KWD,22641.0,0.000326,Kuwait,0.95,Real Estate,Real Estate Management & Development,69721.07,MABANEE,KK,Common Stock,MABANEE CO KPSC
MX01OM000018,B1KFX13,Grupo Aeroportuario del Centro Norte SAB de CV Class B,MXN,5700.0,0.000323,Mexico,208.76,Industrials,Transportation Infrastructure,69021.57,OMAB,MM,Common Stock,GRUPO AEROPORTUARIO DEL CENT
CNE000000C82,BP3R4Z5,Shanghai Pharmaceuticals Holding Co. Ltd. Class A,CNY,29000.0,0.000322,China,15.9,Health Care,Health Care Providers & Services,68849.664,601607,CH,Common Stock,SHANGHAI PHARMACEUTICALS-A
BE0003717312,4820301,Sofina SA,EUR,244.0,0.000322,Belgium,246.4,Financials,Financial Services,68911.375,SOF,BB,Common Stock,SOFINA
CNE100001617,BD5CN79,Beijing Enlight Media Co. Ltd. Class A,CNY,41300.0,0.000319,China,11.08,Communication Services,Entertainment,68327.664,300251,CH,Common Stock,BEIJING ENLIGHT MEDIA CO L-A
CNE100000FX6,BP3R4K0,Metallurgical Corporation of China Ltd. Class A,CNY,179800.0,0.000319,China,2.54,Industrials,Construction & Engineering,68191.484,601618,CH,Common Stock,METALLURGICAL CORP OF CHIN-A
CNE000001LJ2,BP3R637,Huadian Power International Corp. Ltd. Class A,CNY,94800.0,0.000318,China,4.81,Utilities,Independent Power And Renewable Electricity Producers,68086.37,600027,CH,Common Stock,HUADIAN POWER INTL CORP-A
CNE100005428,BQWRJD6,Shengyi Electronics Co. Ltd. Class A,CNY,3748.0,0.000317,China,121.2,Information Technology,Electronic Equipment Instruments & Components,67827.984,688183,CH,Common Stock,SHENGYI ELECTRONICS CO LTD-A
CNE1000002P4,6560995,China Oilfield Services Limited Class H,HKD,70000.0,0.000314,China,7.54,Energy,Energy Equipment & Services,67266.09,2883,HK,,
CNE1000004X4,B1L3XL6,Zhuzhou CRRC Times Electric Co. Ltd. Class H,HKD,18000.0,0.000308,China,28.76,Industrials,Machinery,65976.336,3898,HK,,
CNE000000T18,BP3R370,China Northern Rare Earth (Group) High-Tech Co. Ltd. Class A,CNY,11800.0,0.000304,China,36.86,Materials,Metals & Mining,64944.758,600111,CH,Common Stock,CHINA NORTHERN RARE EARTH -A
PHY6028G1361,6514442,Metropolitan Bank & Trust Co.,PHP,66850.0,0.000301,Philippines,60.55,Financials,Banks,64495.977,MBT,PM,Common Stock,METROPOLITAN BANK & TRUST
MXP4948K1056,2392545,Gruma SAB de CV Class B,MXN,4720.0,0.000299,Mexico,233.66,Consumer Staples,Food Products,63971.883,GRUMAB,MM,Common Stock,GRUMA S.A.B.-B
CNE0000018M9,BP3R1R6,Anhui Jianghuai Automobile Group Corp. Ltd. Class A,CNY,22200.0,0.000298,China,19.25,Consumer Discretionary,Automobiles,63810.25,600418,CH,Common Stock,ANHUI JIANGHUAI AUTO GROUP-A
CNE100001KV8,BD5CCK5,Hangzhou Tigermed Consulting Co. Ltd. Class A,CNY,7350.0,0.000294,China,57.39,Health Care,Life Sciences Tools & Services,62984.008,300347,CH,Common Stock,HANGZHOU TIGERMED CONSULTI-A
CNE1000010N2,BD5CMH2,37 Interactive Entertainment Network Technology Group Co. Ltd.,CNY,23900.0,0.000293,China,17.59,Communication Services,Entertainment,62772.652,002555,CH,Common Stock,37 INTERACTIVE ENTERTAINME-A
INE079A01024,B09QQ11,Ambuja Cements Limited,INR,15000.0,0.000287,India,392.55,Materials,Construction Materials,61412.7,ACEM,IN,Common Stock,AMBUJA CEMENTS LTD
BMG2113B1081,6535517,China Resources Gas Group Limited,HKD,28000.0,0.00027,China,16.19,Utilities,Gas Utilities,57773.9,1193,HK,,
CNE100002CC3,BMVB2B0,Shenzhen Envicool Technology Co. Ltd. Class A,CNY,6110.0,0.00027,China,63.28,Industrials,Machinery,57731.71,002837,CH,Common Stock,SHENZHEN ENVICOOL TECHNOLO-A
HK0392044647,6081690,Beijing Enterprises Holdings Limited,HKD,15000.0,0.000264,China,29.6,Utilities,Gas Utilities,56586.1,392,HK,,
HK0144000764,6416139,China Merchants Port Holdings Co. Ltd.,HKD,26605.0,0.000261,China,16.46,Industrials,Transportation Infrastructure,55811.01,144,HK,,
CNE000000KB3,BP3R3R0,Sanan Optoelectronics Co. Ltd. Class A,CNY,28700.0,0.00026,China,12.98,Information Technology,Semiconductors & Semiconductor Equipment,55624.14,600703,CH,Common Stock,SANAN OPTOELECTRONICS CO L-A
CNE0000012M2,BD5CLB9,IEIT SYSTEMS Co. Ltd.Class A,CNY,5000.0,0.000251,China,71.88,Information Technology,Technology Hardware Storage & Peripherals,53664.215,000977,CH,Common Stock,IEIT SYSTEMS CO LTD-A
KYG4290A1013,BGN9715,Haidilao International Holding Ltd.,HKD,44000.0,0.000249,China,9.505,Consumer Discretionary,Hotels Restaurants & Leisure,53300.543,6862,HK,,
PHY806761029,B068DB9,SM Investments Corporation,PHP,6650.0,0.000249,Philippines,503.0,Industrials,Industrial Conglomerates,53297.49,SM,PM,Common Stock,SM INVESTMENTS CORP
CNE100000B81,BD5CNN5,iflytek Co. Ltd. Class A,CNY,9200.0,0.000247,China,38.48,Information Technology,Software,52860.297,002230,CH,Common Stock,IFLYTEK CO LTD - A
CNE100001YQ9,BWVFT00,Huatai Securities Co. Ltd. Class H,HKD,24400.0,0.000245,China,16.86,Financials,Capital Markets,52429.32,6886,HK,,
CNE000001QQ6,BL58M54,Beijing Compass Technology Development Co. Ltd. Class A,CNY,4200.0,0.00024,China,82.0,Financials,Capital Markets,51424.477,300803,CH,Common Stock,BEIJING COMPASS TECHNOLOGY-A
CNE000001BB0,BP3R949,China National Software & Service Company Limited Class A,CNY,10800.0,0.000239,China,31.66,Information Technology,Software,51055.37,600536,CH,Common Stock,CHINA NATIONAL SOFTWARE -A
CNE000000DH5,BP3R820,Shanxi Xinghuacun Fen Wine Factory Co. Ltd. Class A,CNY,3040.0,0.000239,China,112.7,Consumer Staples,Beverages,51156.902,600809,CH,Common Stock,SHANXI XINGHUACUN FEN WINE-A
KYG9431R1039,B2Q14Z3,Want Want China Holdings Limited,HKD,139000.0,0.000233,China,2.815,Consumer Staples,Food Products,49867.777,151,HK,,
CNE100002PC5,BFCCR07,Yealink Network Technology Co. Ltd. Class A,CNY,7980.0,0.000231,China,41.46,Information Technology,Communications Equipment,49401.36,300628,CH,Common Stock,YEALINK NETWORK TECHNOLOGY-A
INE776C01039,B192HJ1,GMR Airports Ltd,INR,48544.0,0.000227,India,96.11,Industrials,Transportation Infrastructure,48660.45,GMRAIRPO,IN,Common Stock,GMR AIRPORTS LTD
MYL6947OO005,6086242,CelcomDigi Berhad,MYR,75100.0,0.000224,Malaysia,2.6,Communication Services,Wireless Telecommunication Services,47840.254,CDB,MK,Common Stock,CELCOMDIGI BHD
MYL6033OO004,6703972,Petronas Gas Bhd.,MYR,10900.0,0.000218,Malaysia,17.5,Utilities,Gas Utilities,46735.266,PTG,MK,Common Stock,PETRONAS GAS BHD
MYL1015OO006,6047023,AMMB Holdings Bhd.,MYR,27400.0,0.00021,Malaysia,6.7,Financials,Banks,44978.56,AMM,MK,Common Stock,AMMB HOLDINGS BHD
CNE0000013Y5,BD5CKB2,Shanxi Coking Coal Energy Group Co. Ltd Class A,CNY,46800.0,0.00021,China,6.44,Energy,Oil Gas & Consumable Fuels,45002.688,000983,CH,Common Stock,SHANXI COKING COAL ENERGY-A
CNE100002508,BD5CPT5,Wen's Foodstuff Group Co. Ltd. Class A,CNY,20380.0,0.00021,China,14.79,Consumer Staples,Food Products,45006.902,300498,CH,Common Stock,WENS FOODSTUFF GROUP CO L-A
CNE100000BJ4,BD5CNJ1,Zhejiang Dahua Technology Co. Ltd. Class A,CNY,19100.0,0.00021,China,15.74,Information Technology,Electronic Equipment Instruments & Components,44889.508,002236,CH,Common Stock,ZHEJIANG DAHUA TECHNOLOGY-A
CNE000000TK5,BD5CPY0,ZTE Corporation Class A,CNY,8800.0,0.000199,China,32.44,Information Technology,Communications Equipment,42625.574,000063,CH,Common Stock,ZTE CORP-A
CNE100004QK2,BMYR710,Zhuzhou CRRC Times Electric Co. Ltd. Class A,CNY,6000.0,0.000191,China,45.73,Industrials,Machinery,40969.36,688187,CH,Common Stock,ZHUZHOU CRRC TIMES ELECTRI-A
CNE100003K04,BL61WD0,CSPC Innovation Pharmaceutical Co. Ltd. Class A,CNY,5880.0,0.00018,China,43.88,Health Care,Pharmaceuticals,38525.715,300765,CH,Common Stock,CSPC INNOVATION PHARMACEUT-A
CNE100001SL2,BTFRHX0,Foshan Haitian Flavouring and Food Company Ltd. Class A,CNY,7618.0,0.00018,China,33.85,Consumer Staples,Food Products,38504.047,603288,CH,Common Stock,FOSHAN HAITIAN FLAVOURING -A
CNE100001T23,BKM3FP6,Ningbo Orient Wires & Cables Co Ltd Class A,CNY,7200.0,0.00018,China,35.88,Industrials,Electrical Equipment,38573.734,603606,CH,Common Stock,NINGBO ORIENT WIRES & CABL-A
CNE1000028B9,BYV1VC8,Seres Group Co. Ltd. Class A,CNY,5400.0,0.000178,China,47.19,Consumer Discretionary,Automobiles,38049.633,601127,CH,Common Stock,SERES GROUP CO L-A
CNE000000SH3,BD5CP40,Changjiang Securities Co. Ltd Class A,CNY,29800.0,0.000176,China,8.45,Financials,Capital Markets,37599.293,000783,CH,Common Stock,CHANGJIANG SECURITIES CO L-A
CNE100000T40,BD5CG47,Shenzhen Everwin Precision Technology Co. Ltd. Class A,CNY,10300.0,0.000176,China,24.48,Information Technology,Electronic Equipment Instruments & Components,37649.168,300115,CH,Common Stock,SHENZHEN EVERWIN PRECISION-A
CNE0000017Y6,BP3R6C6,Yonyou Network Technology Co. Ltd. Class A,CNY,26260.0,0.000173,China,9.46,Information Technology,Software,37093.055,600588,CH,Common Stock,YONYOU NETWORK TECHNOLOGY-A
CNE100003PM2,BNR4NQ2,Beijing Kingsoft Office Software. Inc. Class A,CNY,1091.0,0.00017,China,223.61,Information Technology,Software,36426.94,688111,CH,Common Stock,BEIJING KINGSOFT OFFICE SO-A
INE347G01014,B00KT68,Petronet Lng Limited,INR,12235.0,0.000169,India,284.1,Energy,Oil Gas & Consumable Fuels,36253.273,PLNG,IN,Common Stock,PETRONET LNG LTD
CNE100000CP9,BP3R358,CRRC Corporation Limited Class A,CNY,40100.0,0.000168,China,6.0,Industrials,Machinery,35925.46,601766,CH,Common Stock,CRRC CORP LTD-A
CNE1000000B8,BD5CMT4,TCL Zhonghuan Renewable Energy Technology Co. Ltd. Class A,CNY,27300.0,0.000167,China,8.77,Information Technology,Semiconductors & Semiconductor Equipment,35749.42,002129,CH,Common Stock,TCL ZHONGHUAN RENEWABLE EN-A
CNE000001CS2,BP3R2X9,China United Network Communications Limited Class A,CNY,54200.0,0.00016,China,4.22,Communication Services,Wireless Telecommunication Services,34152.18,600050,CH,Common Stock,CHINA UNITED NETWORK-A
CNE100001377,BD760S9,Ingenic Semiconductor Co. Ltd Class A,CNY,1600.0,0.00016,China,142.97,Information Technology,Semiconductors & Semiconductor Equipment,34156.363,300223,CH,Common Stock,INGENIC SEMICONDUCTOR CO -A
CNE100002177,BYQDMD7,Dongxing Securities Co. Ltd.,CNY,17400.0,0.000159,China,13.06,Financials,Capital Markets,33931.195,601198,CH,Common Stock,DONGXING SECURITIES CO LT-A
CNE100003P74,BNR4NP1,Shenzhen Transsion Holdings Co. Ltd. Class A,CNY,4239.0,0.000156,China,52.77,Information Technology,Technology Hardware Storage & Peripherals,33400.83,688036,CH,Common Stock,SHENZHEN TRANSSION HOLDING-A
CNE100000FW8,BD5CM05,Shenzhen Salubris Pharmaceuticals Co. Ltd. Class A,CNY,7200.0,0.000153,China,30.4,Health Care,Pharmaceuticals,32682.314,002294,CH,Common Stock,SHENZHEN SALUBRIS PHARM-A
CNE100000G29,BP3R466,China Tourism Group Duty Free Corporation Limited Class A,CNY,4100.0,0.000149,China,52.0,Consumer Discretionary,Specialty Retail,31834.2,601888,CH,Common Stock,CHINA TOURISM GROUP DUTY F-A
CNE100003NZ9,BJLWMG7,Chongqing Rural Commercial Bank Co. Ltd. Class A,CNY,32700.0,0.000149,China,6.53,Financials,Banks,31883.621,601077,CH,Common Stock,CHONGQING RURAL COMMERCIAL-A
CNE100005PN5,BN4P5F1,Shanghai United Imaging Healthcare Co. Ltd. Class A,CNY,1909.0,0.000135,China,101.0,Health Care,Health Care Equipment & Supplies,28789.496,688271,CH,Common Stock,SHANGHAI UNITED IMAGING HE-A
CNE1000002N9,B0Y91C1,China National Building Material Co. Ltd. Class H,HKD,68003.0,0.000131,China,3.24,Materials,Construction Materials,28080.18,3323,HK,,
CNE000001G38,BP3R444,NARI Technology Co. Ltd. Class A,CNY,8040.0,0.000124,China,22.05,Industrials,Electrical Equipment,26471.063,600406,CH,Common Stock,NARI TECHNOLOGY CO LTD-A
CNE1000007Z2,B297KM7,China Railway Group Limited Class H,HKD,62000.0,0.000122,China,3.31,Industrials,Construction & Engineering,26154.504,390,HK,,
CNE100003F43,BK94886,Tianfeng Securities Co. Ltd. Class A,CNY,46600.0,0.000118,China,3.63,Financials,Capital Markets,25258.02,601162,CH,Common Stock,TIANFENG SECURITIES CO LTD-A
CNE000000R36,BD5CP62,Chongqing Changan Automobile Company Limited Class A,CNY,23600.0,0.000117,China,7.12,Consumer Discretionary,Automobiles,25089.889,000625,CH,Common Stock,CHONGQING CHANGAN AUTOMOB-A
CNE1000040F5,BNR4NR3,National Silicon Industry Group Co. Ltd. Class A,CNY,6623.0,0.000113,China,24.41,Information Technology,Semiconductors & Semiconductor Equipment,24139.557,688126,CH,Common Stock,NATIONAL SILICON INDUSTRY -A
CNE000000X38,BP3R3M5,Shanghai Fosun Pharmaceutical (Group) Co. Ltd. Class A,CNY,7100.0,0.000109,China,22.03,Health Care,Pharmaceuticals,23354.984,600196,CH,Common Stock,SHANGHAI FOSUN PHARMACEUTI-A
INE092T01019,BYWZNK1,IDFC First Bank Ltd.,INR,25434.0,0.000107,India,86.35,Financials,Banks,22905.984,IDFCFB,IN,Common Stock,IDFC FIRST BANK LTD
CNE100003MF3,BK71F00,Western Superconducting Technologies Co Ltd Class A,CNY,2854.0,0.0001,China,50.04,Materials,Metals & Mining,21324.459,688122,CH,Common Stock,WESTERN SUPERCONDUCTING TE-A
CNE100004868,BNR4MY3,IMEIK Technology Development Co. Ltd. Class A,CNY,1540.0,9.6e-05,China,89.47,Health Care,Biotechnology,20573.346,300896,CH,Common Stock,IMEIK TECHNOLOGY DEVELOPME-A
CNE1000058S0,BLC7SL2,iSoftStone Information Technology (Group) Co. Ltd. Class A,CNY,3500.0,9e-05,China,36.99,Information Technology,It Services,19331.215,301236,CH,Common Stock,ISOFTSTONE INFORMATION TEC-A
CNE100001DJ8,BD5M1Y2,Zhejiang Jingsheng Mechanical & Electrical Co. Ltd. Class A,CNY,3000.0,8.9e-05,China,42.72,Information Technology,Semiconductors & Semiconductor Equipment,19136.355,300316,CH,Common Stock,ZHEJIANG JINGSHENG MECHANI-A
CH0130293662,B76D410,BKW AG,CHF,123.0,8.8e-05,Switzerland,125.9,Utilities,Electric Utilities,18792.186,BKW,SW,Common Stock,BKW AG
CNE000001FG0,BP3R6G0,China Southern Airlines Company Limited Class A,CNY,25300.0,8.7e-05,China,4.93,Industrials,Passenger Airlines,18624.05,600029,CH,Common Stock,CHINA SOUTHERN AIRLINES CO-A
CNE1000032B1,BFY8GC8,China Merchants Expressway Network & Technology Holdings Co. Ltd. Class A,CNY,12100.0,8.4e-05,China,9.92,Industrials,Transportation Infrastructure,17922.715,001965,CH,Common Stock,CHINA MERCHANTS EXPRESSWAY-A
CNE100000866,BP3R3D6,China Railway Group Limited Class A,CNY,28100.0,8.4e-05,China,4.3,Industrials,Construction & Engineering,18041.87,601390,CH,Common Stock,CHINA RAILWAY GROUP LTD-A
CNE100000GS4,BD5C7G6,EVE Energy Co. Ltd. Class A,CNY,2000.0,7.2e-05,China,51.56,Industrials,Electrical Equipment,15397.48,300014,CH,Common Stock,EVE ENERGY CO LTD-A
CNE000001NN0,BP3R4G6,Air China Limited Class A,CNY,17500.0,7.1e-05,China,5.83,Industrials,Passenger Airlines,15233.978,601111,CH,Common Stock,AIR CHINA LTD-A
CNE100003QK4,BK4XS11,Maxscend Microelectronics Company Limited Class A,CNY,1100.0,5.7e-05,China,73.74,Information Technology,Electronic Equipment Instruments & Components,12111.629,300782,CH,Common Stock,MAXSCEND MICROELECTRONICS -A
CNE100001VX1,BYYFJR8,HANGZHOU FIRST APPLIED MATERIAL CO.LTD. Class A,CNY,5488.0,5.5e-05,China,14.37,Information Technology,Semiconductors & Semiconductor Equipment,11775.452,603806,CH,Common Stock,HANGZHOU FIRST APPLIED MAT-A
CNE100000HB8,BD5CPF1,Jiangsu Yanghe Distillery Co. Ltd. Class A,CNY,2000.0,5.3e-05,China,38.06,Consumer Staples,Beverages,11365.944,002304,CH,Common Stock,JIANGSU YANGHE DISTILLERY-A
CNE000000MD5,BD5M1G4,Anhui Gujing Distillery Co. Ltd. Class A,CNY,700.0,4.6e-05,China,93.78,Consumer Staples,Beverages,9802.007,000596,CH,Common Stock,ANHUI GUJING DISTILLERY CO-A
CNE100000GR6,BD5CLQ4,Aier Eye Hospital Group Co. Ltd. Class A,CNY,7800.0,4.4e-05,China,8.04,Health Care,Health Care Providers & Services,9363.913,300015,CH,Common Stock,AIER EYE HOSPITAL GROUP CO-A
RU0007252813,B6QPBP2,ALROSA PJSC,RUB,110150.0,0.0,Russia,0.0,Materials,Metals & Mining,0.0,ALRS,RU,Common Stock,ALROSA PJSC
GRS294003009,B681D63,Folli Follie S.A.,EUR,3386.0,0.0,Greece,0.0,Unassigned,Unassigned,0.003386,,,,
BMG4288J1062,BRJ8XY8,Hanergy Thin Film Power Group Ltd.,HKD,300000.0,0.0,China,0.0,Unassigned,Unassigned,0.0,,,,
RU000A0JPNM1,B5B2VL7,Inter RAO UES PJSC,RUB,841000.0,0.0,Russia,0.0,Utilities,Electric Utilities,0.0,IRAO,RU,Common Stock,INTER RAO UES PJSC
RU0007288411,B5B1TX2,Mining and Metallurgical Company NORILSK NICKEL PJSC,RUB,376700.0,0.0,Russia,0.0,Materials,Metals & Mining,0.0,GMKN,RU,Common Stock,MMC NORILSK NICKEL PJSC
RU000A0JR4A1,B9GFHQ6,Moscow Exchange MICEX-RTS PJSC,RUB,15870.0,0.0,Russia,0.0,Financials,Capital Markets,0.0,MOEX,RU,Common Stock,MOSCOW EXCHANGE MICEX-RTS PJ
RU000A0DKVS5,B59HPK1,NOVATEK JSC,RUB,59260.0,0.0,Russian Federation,0.0,Energy,Oil Gas & Consumable Fuels,0.0,NVTK,RU,Common Stock,NOVATEK PJSC
NL0009805522,B5BSZB3,Nebius Group N.V. Class A,USD,39704.0,0.0,Netherlands,0.0,Information Technology,Software,0.0,NBIS,US,,
RU0009046452,B59FPC7,Novolipetsk Steel,RUB,52410.0,0.0,Russia,0.0,Unassigned,Unassigned,0.0,NLMK,RU,Common Stock,NOVOLIPETSK STEEL PJSC
RU0009024277,B59SNS8,Oil company LUKOIL PJSC,RUB,25800.0,0.0,Russia,0.0,Energy,Oil Gas & Consumable Fuels,0.0,LKOH,RU,Common Stock,LUKOIL PJSC
RU000A0JNAA8,B57R0L9,Public Joint Stock Company Polyus,RUB,11880.0,0.0,Russia,0.0,Materials,Metals & Mining,0.0,PLZL,RU,Common Stock,POLYUS PJSC
RU0007661625,B59L4L7,Public Joint-Stock Company Gazprom,RUB,627056.0,0.0,Russia,0.0,Energy,Oil Gas & Consumable Fuels,0.0,GAZP,RU,Common Stock,GAZPROM PJSC
RU000A0J2Q06,B59SS16,Rosneft Oil Co.,RUB,41603.0,0.0,Russia,0.0,Energy,Oil Gas & Consumable Fuels,0.0,ROSN,RU,Common Stock,ROSNEFT OIL CO PJSC
RU0009029540,4767981,Sberbank Russia PJSC,RUB,623763.0,0.0,Russia,0.0,Financials,Banks,0.0,SBER,RU,Common Stock,SBERBANK OF RUSSIA PJSC
RU0009046510,B5B9C59,Severstal PAO,RUB,3000.0,0.0,Russia,0.0,Materials,Metals & Mining,0.0,CHMF,RU,Common Stock,SEVERSTAL PJSC
RU0008926258,B5BHQP1,Surgutneftegas PJSC,RUB,106900.0,0.0,Russia,0.0,Energy,Oil Gas & Consumable Fuels,0.0,SNGS,RU,Common Stock,SURGUTNEFTEGAS PJSC
RU0009029524,B5BHR47,Surgutneftegas PJSC Pfd,RUB,218200.0,0.0,Russia,0.0,Energy,Oil Gas & Consumable Fuels,0.0,SNGSP,RU,Preference,SURGUTNEFTEGAS-PREFERENCE
RU0009033591,B59BXN2,TATNEFT PJSC,RUB,107125.0,0.0,Russia,0.0,Energy,Oil Gas & Consumable Fuels,0.0,TATN,RU,Common Stock,TATNEFT PJSC
RU000A0JP5V6,B5B1TP4,VTB Bank PJSC,RUB,25462.0,0.0,Russia,0.0,Financials,Banks,0.0,VTBR,RU,Common Stock,VTB BANK PJSC
