start,end,year,week,artist,album,units
2011-06-19,2011-06-25,2011,26,BIGBANG (빅뱅),BigBang 3 (Single),0.0
2011-06-26,2011-07-02,2011,27,세븐,Digital Bounce (EP),0.0
2011-08-14,2011-08-20,2011,34,세븐,Digital Bounce (EP),0.0
2012-01-22,2012-01-28,2012,4,세븐,Digital Bounce (EP),0.0
2012-01-29,2012-02-04,2012,5,세븐 (SE7EN),SE7EN NEW MINI ALBUM,0.0
2012-02-05,2012-02-11,2012,6,세븐 (SE7EN),SE7EN NEW MINI ALBUM,0.0
2012-02-12,2012-02-18,2012,7,세븐,Digital Bounce (EP),0.0
2012-02-12,2012-02-18,2012,7,세븐 (SE7EN),SE7EN NEW MINI ALBUM,0.0
2012-02-19,2012-02-25,2012,8,세븐 (SE7EN),SE7EN NEW MINI ALBUM,0.0
2012-02-26,2012-03-03,2012,9,세븐 (SE7EN),SE7EN NEW MINI ALBUM,0.0
2012-03-04,2012-03-10,2012,10,세븐 (SE7EN),SE7EN NEW MINI ALBUM,0.0
2014-08-24,2014-08-30,2014,35,Homme(창민 & 이현),Pour les femmes,0.0
2018-03-04,2018-03-10,2018,10,BIGBANG (빅뱅),MADE (FULL),0.0
2018-03-04,2018-03-10,2018,10,iKON,WELCOME BACK (Full),0.0
2018-03-18,2018-03-24,2018,12,BIGBANG (빅뱅),MADE (FULL),0.0
2018-03-18,2018-03-24,2018,12,G-Dragon,권지용 (USB),0.0
2018-03-18,2018-03-24,2018,12,iKON,Return,0.0
2018-03-18,2018-03-24,2018,12,iKON,WELCOME BACK (Full),0.0
2018-03-18,2018-03-24,2018,12,바비 (BOBBY),LOVE AND FALL,0.0
2018-03-18,2018-03-24,2018,12,방탄소년단,2 Cool 4 Skool,0.0
2018-03-18,2018-03-24,2018,12,방탄소년단,DARK&WILD,0.0
2018-03-18,2018-03-24,2018,12,방탄소년단,LOVE YOURSELF 承 `Her`,0.0
2018-03-18,2018-03-24,2018,12,방탄소년단,WINGS,0.0
2018-03-18,2018-03-24,2018,12,방탄소년단,YOU NEVER WALK ALONE,0.0
2018-03-18,2018-03-24,2018,12,방탄소년단,화양연화 Young Forever,0.0
2018-03-18,2018-03-24,2018,12,방탄소년단,화양연화 pt.1,0.0
2018-03-18,2018-03-24,2018,12,방탄소년단,화양연화 pt.2,0.0
2018-03-25,2018-03-31,2018,13,BIGBANG (빅뱅),MADE (FULL),0.0
2018-04-01,2018-04-07,2018,14,BIGBANG (빅뱅),MADE (FULL),0.0
2018-04-15,2018-04-21,2018,16,G-Dragon,One Of A Kind,0.0
2018-04-15,2018-04-21,2018,16,iKON,WELCOME BACK (Full),0.0
2018-04-29,2018-05-05,2018,18,2NE1,2NE1 2nd Mini Album,0.0
2018-04-29,2018-05-05,2018,18,BIGBANG (빅뱅),MADE (FULL),0.0
2018-05-13,2018-05-19,2018,20,G-Dragon,One Of A Kind,0.0
2018-05-20,2018-05-26,2018,21,BIGBANG (빅뱅),MADE (FULL),0.0
2018-05-20,2018-05-26,2018,21,iKON,WELCOME BACK (Full),0.0
2018-05-27,2018-06-02,2018,22,이하이,SEOULITE,0.0
2018-06-03,2018-06-09,2018,23,BIGBANG (빅뱅),MADE (FULL),0.0
2018-06-10,2018-06-16,2018,24,BIGBANG (빅뱅),MADE (FULL),0.0
2018-07-01,2018-07-07,2018,27,BIGBANG (빅뱅),MADE (FULL),0.0
2018-07-22,2018-07-28,2018,30,BIGBANG (빅뱅),MADE (FULL),0.0
2018-08-05,2018-08-11,2018,32,BIGBANG (빅뱅),MADE (FULL),0.0
2018-09-02,2018-09-08,2018,36,iKON,WELCOME BACK (Full),0.0
2018-11-04,2018-11-10,2018,45,BIGBANG (빅뱅),MADE (FULL),0.0
2018-12-02,2018-12-08,2018,49,BIGBANG (빅뱅),MADE (FULL),0.0
2018-12-09,2018-12-15,2018,50,BIGBANG (빅뱅),MADE (FULL),0.0
2018-12-16,2018-12-22,2018,51,검정치마 (The Black Skirts),TEAM BABY,0.0
2018-12-30,2019-01-05,2019,1,BIGBANG (빅뱅),MADE (FULL),0.0
2018-12-30,2019-01-05,2019,1,BLACKPINK,SQUARE UP,0.0
2018-12-30,2019-01-05,2019,1,G-Dragon,권지용 (USB),0.0
2018-12-30,2019-01-05,2019,1,MINO (송민호),XX,0.0
2018-12-30,2019-01-05,2019,1,iKON,NEW KIDS : THE FINAL,0.0
2018-12-30,2019-01-05,2019,1,iKON,Return,0.0
2018-12-30,2019-01-05,2019,1,iKON,WELCOME BACK (Full),0.0
2018-12-30,2019-01-05,2019,1,위너(WINNER),EVERYD4Y,0.0
2018-12-30,2019-01-05,2019,1,위너(WINNER),MILLIONS,0.0
2018-12-30,2019-01-05,2019,1,위너(WINNER),OUR TWENTY FOR,0.0
2018-12-30,2019-01-05,2019,1,제니 (JENNIE),SOLO,0.0
2019-01-06,2019-01-12,2019,2,BLACKPINK,SQUARE UP,0.0
2019-01-06,2019-01-12,2019,2,iKON,NEW KIDS : THE FINAL,0.0
2019-01-06,2019-01-12,2019,2,iKON,NEW KIDS REPACKAGE : THE NEW KIDS,0.0
2019-01-06,2019-01-12,2019,2,iKON,WELCOME BACK (Full),0.0
2019-01-06,2019-01-12,2019,2,위너(WINNER),MILLIONS,0.0
2019-01-06,2019-01-12,2019,2,제니 (JENNIE),SOLO,0.0
2019-01-13,2019-01-19,2019,3,BIGBANG (빅뱅),MADE (FULL),0.0
2019-01-13,2019-01-19,2019,3,BLACKPINK,SQUARE UP,0.0
2019-01-13,2019-01-19,2019,3,iKON,NEW KIDS REPACKAGE : THE NEW KIDS,0.0
2019-01-13,2019-01-19,2019,3,제니 (JENNIE),SOLO,0.0
2019-01-20,2019-01-26,2019,4,BLACKPINK,SQUARE UP,0.0
2019-01-20,2019-01-26,2019,4,iKON,NEW KIDS REPACKAGE : THE NEW KIDS,0.0
2019-01-20,2019-01-26,2019,4,제니 (JENNIE),SOLO,0.0
2019-01-27,2019-02-02,2019,5,iKON,NEW KIDS REPACKAGE : THE NEW KIDS,0.0
2019-01-27,2019-02-02,2019,5,검정치마 (The Black Skirts),TEAM BABY,0.0
2019-01-27,2019-02-02,2019,5,제니 (JENNIE),SOLO,0.0
2019-02-03,2019-02-09,2019,6,BIGBANG (빅뱅),MADE (FULL),0.0
2019-02-03,2019-02-09,2019,6,검정치마 (The Black Skirts),TEAM BABY,0.0
2019-02-03,2019-02-09,2019,6,제니 (JENNIE),SOLO,0.0
2019-02-10,2019-02-16,2019,7,MINO (송민호),XX,0.0
2019-02-10,2019-02-16,2019,7,iKON,NEW KIDS REPACKAGE : THE NEW KIDS,0.0
2019-02-10,2019-02-16,2019,7,검정치마 (The Black Skirts),THIRSTY,0.0
2019-02-10,2019-02-16,2019,7,제니 (JENNIE),SOLO,0.0
2019-02-17,2019-02-23,2019,8,BIGBANG (빅뱅),MADE (FULL),0.0
2019-02-17,2019-02-23,2019,8,BLACKPINK,SQUARE UP,0.0
2019-02-17,2019-02-23,2019,8,iKON,NEW KIDS REPACKAGE : THE NEW KIDS,0.0
2019-02-17,2019-02-23,2019,8,iKON,Return,0.0
2019-02-17,2019-02-23,2019,8,검정치마 (The Black Skirts),THIRSTY,0.0
2019-02-17,2019-02-23,2019,8,바비 (BOBBY),LOVE AND FALL,0.0
2019-02-17,2019-02-23,2019,8,제니 (JENNIE),SOLO,0.0
2019-02-24,2019-03-02,2019,9,BLACKPINK,SQUARE UP,0.0
2019-02-24,2019-03-02,2019,9,iKON,NEW KIDS REPACKAGE : THE NEW KIDS,0.0
2019-02-24,2019-03-02,2019,9,검정치마 (The Black Skirts),THIRSTY,0.0
2019-02-24,2019-03-02,2019,9,제니 (JENNIE),SOLO,0.0
2019-03-03,2019-03-09,2019,10,BLACKPINK,SQUARE UP,0.0
2019-03-03,2019-03-09,2019,10,iKON,NEW KIDS REPACKAGE : THE NEW KIDS,0.0
2019-03-03,2019-03-09,2019,10,바비 (BOBBY),LOVE AND FALL,0.0
2019-03-03,2019-03-09,2019,10,제니 (JENNIE),SOLO,0.0
2019-03-10,2019-03-16,2019,11,BLACKPINK,SQUARE UP,0.0
2019-03-10,2019-03-16,2019,11,iKON,NEW KIDS REPACKAGE : THE NEW KIDS,0.0
2019-03-17,2019-03-23,2019,12,BLACKPINK,SQUARE UP,0.0
2019-03-17,2019-03-23,2019,12,iKON,NEW KIDS REPACKAGE : THE NEW KIDS,0.0
2019-03-17,2019-03-23,2019,12,바비 (BOBBY),LOVE AND FALL,0.0
2019-03-17,2019-03-23,2019,12,위너(WINNER),MILLIONS,0.0
2019-03-24,2019-03-30,2019,13,BLACKPINK,SQUARE UP,0.0
2019-03-24,2019-03-30,2019,13,iKON,NEW KIDS REPACKAGE : THE NEW KIDS,0.0
2019-03-24,2019-03-30,2019,13,바비 (BOBBY),LOVE AND FALL,0.0
2019-03-24,2019-03-30,2019,13,제니 (JENNIE),SOLO,0.0
2019-03-31,2019-04-06,2019,14,BLACKPINK,SQUARE UP,0.0
2019-03-31,2019-04-06,2019,14,iKON,NEW KIDS REPACKAGE : THE NEW KIDS,0.0
2019-03-31,2019-04-06,2019,14,제니 (JENNIE),SOLO,0.0
2019-04-07,2019-04-13,2019,15,BLACKPINK,SQUARE UP,0.0
2019-04-14,2019-04-20,2019,16,BLACKPINK,SQUARE UP,0.0
2019-04-14,2019-04-20,2019,16,iKON,NEW KIDS REPACKAGE : THE NEW KIDS,0.0
2019-04-14,2019-04-20,2019,16,제니 (JENNIE),SOLO,0.0
2019-04-21,2019-04-27,2019,17,BLACKPINK,KILL THIS LOVE,0.0
2019-04-21,2019-04-27,2019,17,BLACKPINK,SQUARE UP,0.0
2019-04-21,2019-04-27,2019,17,제니 (JENNIE),SOLO,0.0
2019-04-28,2019-05-04,2019,18,BLACKPINK,KILL THIS LOVE,0.0
2019-04-28,2019-05-04,2019,18,BLACKPINK,SQUARE UP,0.0
2019-04-28,2019-05-04,2019,18,iKON,NEW KIDS REPACKAGE : THE NEW KIDS,0.0
2019-04-28,2019-05-04,2019,18,제니 (JENNIE),SOLO,0.0
2019-05-05,2019-05-11,2019,19,BLACKPINK,KILL THIS LOVE,0.0
2019-05-05,2019-05-11,2019,19,BLACKPINK,SQUARE UP,0.0
2019-05-05,2019-05-11,2019,19,제니 (JENNIE),SOLO,0.0
2019-05-12,2019-05-18,2019,20,BLACKPINK,KILL THIS LOVE,0.0
2019-05-12,2019-05-18,2019,20,BLACKPINK,SQUARE UP,0.0
2019-05-12,2019-05-18,2019,20,위너(WINNER),WE,0.0
2019-05-12,2019-05-18,2019,20,제니 (JENNIE),SOLO,0.0
2019-05-19,2019-05-25,2019,21,BIGBANG (빅뱅),MADE (FULL),0.0
2019-05-19,2019-05-25,2019,21,BLACKPINK,KILL THIS LOVE,0.0
2019-05-19,2019-05-25,2019,21,BLACKPINK,SQUARE UP,0.0
2019-05-19,2019-05-25,2019,21,iKON,NEW KIDS REPACKAGE : THE NEW KIDS,0.0
2019-05-19,2019-05-25,2019,21,위너(WINNER),WE,0.0
2019-05-19,2019-05-25,2019,21,제니 (JENNIE),SOLO,0.0
2019-05-26,2019-06-01,2019,22,BLACKPINK,KILL THIS LOVE,0.0
2019-05-26,2019-06-01,2019,22,BLACKPINK,SQUARE UP,0.0
2019-05-26,2019-06-01,2019,22,위너(WINNER),WE,0.0
2019-05-26,2019-06-01,2019,22,이하이,24℃,0.0
2019-06-02,2019-06-08,2019,23,BLACKPINK,KILL THIS LOVE,0.0
2019-06-02,2019-06-08,2019,23,BLACKPINK,SQUARE UP,0.0
2019-06-02,2019-06-08,2019,23,iKON,NEW KIDS REPACKAGE : THE NEW KIDS,0.0
2019-06-02,2019-06-08,2019,23,위너(WINNER),WE,0.0
2019-06-02,2019-06-08,2019,23,이하이,24℃,0.0
2019-06-02,2019-06-08,2019,23,제니 (JENNIE),SOLO,0.0
2019-06-09,2019-06-15,2019,24,BLACKPINK,KILL THIS LOVE,0.0
2019-06-09,2019-06-15,2019,24,iKON,Return,0.0
2019-06-09,2019-06-15,2019,24,위너(WINNER),WE,0.0
2019-06-09,2019-06-15,2019,24,이하이,24℃,0.0
2019-06-09,2019-06-15,2019,24,제니 (JENNIE),SOLO,0.0
2019-06-16,2019-06-22,2019,25,BLACKPINK,KILL THIS LOVE,0.0
2019-06-16,2019-06-22,2019,25,iKON,NEW KIDS REPACKAGE : THE NEW KIDS,0.0
2019-06-16,2019-06-22,2019,25,위너(WINNER),WE,0.0
2019-06-16,2019-06-22,2019,25,제니 (JENNIE),SOLO,0.0
2019-06-23,2019-06-29,2019,26,BLACKPINK,KILL THIS LOVE,0.0
2019-06-23,2019-06-29,2019,26,BLACKPINK,SQUARE UP,0.0
2019-06-23,2019-06-29,2019,26,G-Dragon,권지용 (USB),0.0
2019-06-23,2019-06-29,2019,26,iKON,NEW KIDS REPACKAGE : THE NEW KIDS,0.0
2019-06-23,2019-06-29,2019,26,위너(WINNER),WE,0.0
2019-06-30,2019-07-06,2019,27,BLACKPINK,KILL THIS LOVE,0.0
2019-06-30,2019-07-06,2019,27,BLACKPINK,SQUARE UP,0.0
2019-06-30,2019-07-06,2019,27,은지원,G1,0.0
2019-07-07,2019-07-13,2019,28,BLACKPINK,KILL THIS LOVE,0.0
2019-07-07,2019-07-13,2019,28,BLACKPINK,SQUARE UP,0.0
2019-07-07,2019-07-13,2019,28,iKON,NEW KIDS REPACKAGE : THE NEW KIDS,0.0
2019-07-07,2019-07-13,2019,28,은지원,G1,0.0
2019-07-07,2019-07-13,2019,28,제니 (JENNIE),SOLO,0.0
2019-07-14,2019-07-20,2019,29,BLACKPINK,KILL THIS LOVE,0.0
2019-07-14,2019-07-20,2019,29,BLACKPINK,SQUARE UP,0.0
2019-07-14,2019-07-20,2019,29,제니 (JENNIE),SOLO,0.0
2019-07-21,2019-07-27,2019,30,BLACKPINK,KILL THIS LOVE,0.0
2019-07-21,2019-07-27,2019,30,BLACKPINK,SQUARE UP,0.0
2019-07-21,2019-07-27,2019,30,은지원,G1,0.0
2019-07-28,2019-08-03,2019,31,BLACKPINK,KILL THIS LOVE,0.0
2019-07-28,2019-08-03,2019,31,BLACKPINK,SQUARE UP,0.0
2019-07-28,2019-08-03,2019,31,iKON,NEW KIDS REPACKAGE : THE NEW KIDS,0.0
2019-07-28,2019-08-03,2019,31,제니 (JENNIE),SOLO,0.0
2019-08-04,2019-08-10,2019,32,BLACKPINK,KILL THIS LOVE,0.0
2019-08-04,2019-08-10,2019,32,BLACKPINK,SQUARE UP,0.0
2019-08-11,2019-08-17,2019,33,BLACKPINK,KILL THIS LOVE,0.0
2019-08-11,2019-08-17,2019,33,BLACKPINK,SQUARE UP,0.0
2019-08-18,2019-08-24,2019,34,BLACKPINK,KILL THIS LOVE,0.0
2019-08-18,2019-08-24,2019,34,BLACKPINK,SQUARE UP,0.0
2019-08-18,2019-08-24,2019,34,JINU (김진우),JINU`s HEYDAY,0.0
2019-08-18,2019-08-24,2019,34,VIINI (권현빈),DIMENSION,0.0
2019-08-18,2019-08-24,2019,34,제니 (JENNIE),SOLO,0.0
2019-08-25,2019-08-31,2019,35,BLACKPINK,KILL THIS LOVE,0.0
2019-08-25,2019-08-31,2019,35,BLACKPINK,SQUARE UP,0.0
2019-08-25,2019-08-31,2019,35,JINU (김진우),JINU`s HEYDAY,0.0
2019-09-01,2019-09-07,2019,36,BLACKPINK,KILL THIS LOVE,0.0
2019-09-01,2019-09-07,2019,36,BLACKPINK,SQUARE UP,0.0
2019-09-01,2019-09-07,2019,36,VIINI (권현빈),DIMENSION,0.0
2019-09-01,2019-09-07,2019,36,제니 (JENNIE),SOLO,0.0
2019-09-08,2019-09-14,2019,37,BLACKPINK,SQUARE UP,0.0
2019-09-08,2019-09-14,2019,37,JINU (김진우),JINU`s HEYDAY,0.0
2019-09-08,2019-09-14,2019,37,제니 (JENNIE),SOLO,0.0
2019-09-15,2019-09-21,2019,38,BLACKPINK,KILL THIS LOVE,0.0
2019-09-15,2019-09-21,2019,38,BLACKPINK,SQUARE UP,0.0
2019-09-15,2019-09-21,2019,38,iKON,NEW KIDS REPACKAGE : THE NEW KIDS,0.0
2019-09-15,2019-09-21,2019,38,세러데이 (SATURDAY),The 3rd Single Album 'IKYK',0.0
2019-09-15,2019-09-21,2019,38,제니 (JENNIE),SOLO,0.0
2019-09-22,2019-09-28,2019,39,BLACKPINK,KILL THIS LOVE,0.0
2019-09-22,2019-09-28,2019,39,BLACKPINK,SQUARE UP,0.0
2019-09-22,2019-09-28,2019,39,악동뮤지션 (AKMU),항해,0.0
2019-09-22,2019-09-28,2019,39,제니 (JENNIE),SOLO,0.0
2019-09-29,2019-10-05,2019,40,AKMU (악뮤),사춘기 하 (思春記 下),0.0
2019-09-29,2019-10-05,2019,40,BLACKPINK,KILL THIS LOVE,0.0
2019-09-29,2019-10-05,2019,40,BLACKPINK,SQUARE UP,0.0
2019-09-29,2019-10-05,2019,40,세러데이 (SATURDAY),The 3rd Single Album 'IKYK',0.0
2019-09-29,2019-10-05,2019,40,악동뮤지션 (AKMU),항해,0.0
2019-10-06,2019-10-12,2019,41,BLACKPINK,KILL THIS LOVE,0.0
2019-10-06,2019-10-12,2019,41,BLACKPINK,SQUARE UP,0.0
2019-10-06,2019-10-12,2019,41,악동뮤지션 (AKMU),항해,0.0
2019-10-06,2019-10-12,2019,41,에픽하이 (EPIK HIGH),OK GOOD MAGAZINE PACKAGE,0.0
2019-10-13,2019-10-19,2019,42,BLACKPINK,KILL THIS LOVE,0.0
2019-10-13,2019-10-19,2019,42,BLACKPINK,SQUARE UP,0.0
2019-10-13,2019-10-19,2019,42,악동뮤지션 (AKMU),항해,0.0
2019-10-20,2019-10-26,2019,43,BLACKPINK,KILL THIS LOVE,0.0
2019-10-20,2019-10-26,2019,43,BLACKPINK,SQUARE UP,0.0
2019-10-20,2019-10-26,2019,43,악동뮤지션 (AKMU),항해,0.0
2019-10-20,2019-10-26,2019,43,위너(WINNER),WE,0.0
2019-10-20,2019-10-26,2019,43,제니 (JENNIE),SOLO,0.0
2019-10-27,2019-11-02,2019,44,BLACKPINK,KILL THIS LOVE,0.0
2019-10-27,2019-11-02,2019,44,BLACKPINK,SQUARE UP,0.0
2019-10-27,2019-11-02,2019,44,악동뮤지션 (AKMU),항해,0.0
2019-10-27,2019-11-02,2019,44,위너(WINNER),CROSS,0.0
2019-11-03,2019-11-09,2019,45,BLACKPINK,KILL THIS LOVE,0.0
2019-11-03,2019-11-09,2019,45,BLACKPINK,SQUARE UP,0.0
2019-11-03,2019-11-09,2019,45,악동뮤지션 (AKMU),항해,0.0
2019-11-03,2019-11-09,2019,45,위너(WINNER),CROSS,0.0
2019-11-10,2019-11-16,2019,46,BLACKPINK,KILL THIS LOVE,0.0
2019-11-10,2019-11-16,2019,46,BLACKPINK,SQUARE UP,0.0
2019-11-10,2019-11-16,2019,46,위너(WINNER),CROSS,0.0
2019-11-10,2019-11-16,2019,46,위너(WINNER),WE,0.0
2019-11-17,2019-11-23,2019,47,BLACKPINK,KILL THIS LOVE,0.0
2019-11-17,2019-11-23,2019,47,BLACKPINK,SQUARE UP,0.0
2019-11-17,2019-11-23,2019,47,위너(WINNER),CROSS,0.0
2019-11-24,2019-11-30,2019,48,BLACKPINK,KILL THIS LOVE,0.0
2019-11-24,2019-11-30,2019,48,BLACKPINK,SQUARE UP,0.0
2019-11-24,2019-11-30,2019,48,제니 (JENNIE),SOLO,0.0
2019-12-01,2019-12-07,2019,49,BLACKPINK,KILL THIS LOVE,0.0
2019-12-01,2019-12-07,2019,49,BLACKPINK,SQUARE UP,0.0
2019-12-08,2019-12-14,2019,50,BLACKPINK,KILL THIS LOVE,0.0
2019-12-08,2019-12-14,2019,50,BLACKPINK,SQUARE UP,0.0
2019-12-08,2019-12-14,2019,50,악동뮤지션 (AKMU),항해,0.0
2019-12-08,2019-12-14,2019,50,제니 (JENNIE),SOLO,0.0
2019-12-15,2019-12-21,2019,51,BLACKPINK,KILL THIS LOVE,0.0
2019-12-15,2019-12-21,2019,51,BLACKPINK,SQUARE UP,0.0
2019-12-15,2019-12-21,2019,51,제니 (JENNIE),SOLO,0.0
2019-12-22,2019-12-28,2019,52,BLACKPINK,KILL THIS LOVE,0.0
2019-12-22,2019-12-28,2019,52,BLACKPINK,SQUARE UP,0.0
2019-12-22,2019-12-28,2019,52,악동뮤지션 (AKMU),항해,0.0
2019-12-22,2019-12-28,2019,52,제니 (JENNIE),SOLO,0.0
2019-12-29,2020-01-04,2020,1,BLACKPINK,KILL THIS LOVE,0.0
2019-12-29,2020-01-04,2020,1,BLACKPINK,SQUARE UP,0.0
2019-12-29,2020-01-04,2020,1,제니 (JENNIE),SOLO,0.0
2020-01-05,2020-01-11,2020,2,BLACKPINK,KILL THIS LOVE,0.0
2020-01-05,2020-01-11,2020,2,BLACKPINK,SQUARE UP,0.0
2020-01-05,2020-01-11,2020,2,제니 (JENNIE),SOLO,0.0
2020-01-12,2020-01-18,2020,3,BLACKPINK,KILL THIS LOVE,0.0
2020-01-12,2020-01-18,2020,3,BLACKPINK,SQUARE UP,0.0
2020-01-19,2020-01-25,2020,4,BLACKPINK,KILL THIS LOVE,0.0
2020-01-19,2020-01-25,2020,4,BLACKPINK,SQUARE UP,0.0
2020-01-19,2020-01-25,2020,4,악동뮤지션 (AKMU),항해,0.0
2020-01-26,2020-02-01,2020,5,BLACKPINK,KILL THIS LOVE,0.0
2020-01-26,2020-02-01,2020,5,BLACKPINK,SQUARE UP,0.0
2020-01-26,2020-02-01,2020,5,제니 (JENNIE),SOLO,0.0
2020-01-26,2020-02-01,2020,5,젝스키스,ALL FOR YOU,0.0
2020-02-02,2020-02-08,2020,6,BLACKPINK,KILL THIS LOVE,0.0
2020-02-02,2020-02-08,2020,6,BLACKPINK,SQUARE UP,0.0
2020-02-02,2020-02-08,2020,6,iKON,i DECIDE,0.0
2020-02-02,2020-02-08,2020,6,제니 (JENNIE),SOLO,0.0
2020-02-02,2020-02-08,2020,6,젝스키스,ALL FOR YOU,0.0
2020-02-09,2020-02-15,2020,7,BLACKPINK,KILL THIS LOVE,0.0
2020-02-09,2020-02-15,2020,7,BLACKPINK,SQUARE UP,0.0
2020-02-09,2020-02-15,2020,7,iKON,i DECIDE,0.0
2020-02-09,2020-02-15,2020,7,제니 (JENNIE),SOLO,0.0
2020-02-09,2020-02-15,2020,7,젝스키스,ALL FOR YOU,0.0
2020-02-16,2020-02-22,2020,8,BLACKPINK,KILL THIS LOVE,0.0
2020-02-16,2020-02-22,2020,8,제니 (JENNIE),SOLO,0.0
2020-02-23,2020-02-29,2020,9,BLACKPINK,KILL THIS LOVE,0.0
2020-02-23,2020-02-29,2020,9,BLACKPINK,SQUARE UP,0.0
2020-02-23,2020-02-29,2020,9,iKON,i DECIDE,0.0
2020-02-23,2020-02-29,2020,9,젝스키스,ALL FOR YOU,0.0
2020-03-01,2020-03-07,2020,10,BLACKPINK,KILL THIS LOVE,0.0
2020-03-01,2020-03-07,2020,10,BLACKPINK,SQUARE UP,0.0
2020-03-01,2020-03-07,2020,10,iKON,i DECIDE,0.0
2020-03-08,2020-03-14,2020,11,BLACKPINK,KILL THIS LOVE,0.0
2020-03-08,2020-03-14,2020,11,BLACKPINK,SQUARE UP,0.0
2020-03-08,2020-03-14,2020,11,iKON,i DECIDE,0.0
2020-03-15,2020-03-21,2020,12,BLACKPINK,KILL THIS LOVE,0.0
2020-03-15,2020-03-21,2020,12,BLACKPINK,SQUARE UP,0.0
2020-03-15,2020-03-21,2020,12,제니 (JENNIE),SOLO,0.0
2020-03-22,2020-03-28,2020,13,BLACKPINK,KILL THIS LOVE,0.0
2020-03-22,2020-03-28,2020,13,BLACKPINK,SQUARE UP,0.0
2020-03-22,2020-03-28,2020,13,제니 (JENNIE),SOLO,0.0
2020-03-29,2020-04-04,2020,14,BLACKPINK,KILL THIS LOVE,0.0
2020-03-29,2020-04-04,2020,14,BLACKPINK,SQUARE UP,0.0
2020-03-29,2020-04-04,2020,14,iKON,i DECIDE,0.0
2020-03-29,2020-04-04,2020,14,제니 (JENNIE),SOLO,0.0
2020-04-05,2020-04-11,2020,15,BLACKPINK,KILL THIS LOVE,0.0
2020-04-05,2020-04-11,2020,15,BLACKPINK,SQUARE UP,0.0
2020-04-05,2020-04-11,2020,15,위너(WINNER),Remember,0.0
2020-04-05,2020-04-11,2020,15,제니 (JENNIE),SOLO,0.0
2020-04-05,2020-04-11,2020,15,제이씨 유카 (Jayci Yucca),The Last Boy In The Class,0.0
2020-04-12,2020-04-18,2020,16,BLACKPINK,KILL THIS LOVE,0.0
2020-04-12,2020-04-18,2020,16,BLACKPINK,SQUARE UP,0.0
2020-04-12,2020-04-18,2020,16,위너(WINNER),Remember,0.0
2020-04-12,2020-04-18,2020,16,제니 (JENNIE),SOLO,0.0
2020-04-19,2020-04-25,2020,17,BLACKPINK,KILL THIS LOVE,0.0
2020-04-19,2020-04-25,2020,17,BLACKPINK,SQUARE UP,0.0
2020-04-19,2020-04-25,2020,17,위너(WINNER),Remember,0.0
2020-04-19,2020-04-25,2020,17,제니 (JENNIE),SOLO,0.0
2020-04-26,2020-05-02,2020,18,BLACKPINK,KILL THIS LOVE,0.0
2020-04-26,2020-05-02,2020,18,BLACKPINK,SQUARE UP,0.0
2020-04-26,2020-05-02,2020,18,위너(WINNER),Remember,0.0
2020-04-26,2020-05-02,2020,18,제니 (JENNIE),SOLO,0.0
2020-05-03,2020-05-09,2020,19,BLACKPINK,KILL THIS LOVE,0.0
2020-05-03,2020-05-09,2020,19,BLACKPINK,SQUARE UP,0.0
2020-05-03,2020-05-09,2020,19,위너(WINNER),Remember,0.0
2020-05-03,2020-05-09,2020,19,제니 (JENNIE),SOLO,0.0
2020-05-10,2020-05-16,2020,20,BLACKPINK,KILL THIS LOVE,0.0
2020-05-10,2020-05-16,2020,20,BLACKPINK,SQUARE UP,0.0
2020-05-10,2020-05-16,2020,20,제니 (JENNIE),SOLO,0.0
2020-05-17,2020-05-23,2020,21,BLACKPINK,KILL THIS LOVE,0.0
2020-05-17,2020-05-23,2020,21,BLACKPINK,SQUARE UP,0.0
2020-05-17,2020-05-23,2020,21,레드스퀘어 (REDSQUARE),1ST Single Album [PREQUEL],0.0
2020-05-17,2020-05-23,2020,21,제니 (JENNIE),SOLO,0.0
2020-05-24,2020-05-30,2020,22,BLACKPINK,KILL THIS LOVE,0.0
2020-05-24,2020-05-30,2020,22,BLACKPINK,SQUARE UP,0.0
2020-05-24,2020-05-30,2020,22,제니 (JENNIE),SOLO,0.0
2020-05-31,2020-06-06,2020,23,BLACKPINK,KILL THIS LOVE,0.0
2020-05-31,2020-06-06,2020,23,BLACKPINK,SQUARE UP,0.0
2020-05-31,2020-06-06,2020,23,레드스퀘어 (REDSQUARE),1ST Single Album [PREQUEL],0.0
2020-05-31,2020-06-06,2020,23,제니 (JENNIE),SOLO,0.0
2020-06-07,2020-06-13,2020,24,BLACKPINK,KILL THIS LOVE,0.0
2020-06-07,2020-06-13,2020,24,BLACKPINK,SQUARE UP,0.0
2020-06-14,2020-06-20,2020,25,BLACKPINK,KILL THIS LOVE,0.0
2020-06-14,2020-06-20,2020,25,BLACKPINK,SQUARE UP,0.0
2020-06-14,2020-06-20,2020,25,제니 (JENNIE),SOLO,0.0
2020-06-21,2020-06-27,2020,26,BLACKPINK,KILL THIS LOVE,0.0
2020-06-21,2020-06-27,2020,26,BLACKPINK,SQUARE UP,0.0
2020-06-28,2020-07-04,2020,27,BLACKPINK,KILL THIS LOVE,0.0
2020-06-28,2020-07-04,2020,27,BLACKPINK,SQUARE UP,0.0
2020-07-05,2020-07-11,2020,28,BLACKPINK,KILL THIS LOVE,0.0
2020-07-05,2020-07-11,2020,28,BLACKPINK,SQUARE UP,0.0
2020-07-05,2020-07-11,2020,28,제니 (JENNIE),SOLO,0.0
2020-07-12,2020-07-18,2020,29,BLACKPINK,KILL THIS LOVE,0.0
2020-07-12,2020-07-18,2020,29,BLACKPINK,SPECIAL EDITION [How You Like That],0.0
2020-07-12,2020-07-18,2020,29,BLACKPINK,SQUARE UP,0.0
2020-07-12,2020-07-18,2020,29,제니 (JENNIE),SOLO,0.0
2020-07-19,2020-07-25,2020,30,BLACKPINK,KILL THIS LOVE,0.0
2020-07-19,2020-07-25,2020,30,BLACKPINK,SPECIAL EDITION [How You Like That],0.0
2020-07-19,2020-07-25,2020,30,BLACKPINK,SQUARE UP,0.0
2020-07-19,2020-07-25,2020,30,제니 (JENNIE),SOLO,0.0
2020-07-26,2020-08-01,2020,31,BLACKPINK,KILL THIS LOVE,0.0
2020-07-26,2020-08-01,2020,31,BLACKPINK,SPECIAL EDITION [How You Like That],0.0
2020-07-26,2020-08-01,2020,31,BLACKPINK,SQUARE UP,0.0
2020-07-26,2020-08-01,2020,31,제니 (JENNIE),SOLO,0.0
2020-08-02,2020-08-08,2020,32,BLACKPINK,KILL THIS LOVE,0.0
2020-08-02,2020-08-08,2020,32,BLACKPINK,SPECIAL EDITION [How You Like That],0.0
2020-08-02,2020-08-08,2020,32,BLACKPINK,SQUARE UP,0.0
2020-08-09,2020-08-15,2020,33,BLACKPINK,KILL THIS LOVE,0.0
2020-08-09,2020-08-15,2020,33,BLACKPINK,SPECIAL EDITION [How You Like That],0.0
2020-08-09,2020-08-15,2020,33,BLACKPINK,SQUARE UP,0.0
2020-08-09,2020-08-15,2020,33,TREASURE (트레저),THE FIRST STEP : CHAPTER ONE,0.0
2020-08-09,2020-08-15,2020,33,제니 (JENNIE),SOLO,0.0
2020-08-16,2020-08-22,2020,34,BLACKPINK,KILL THIS LOVE,0.0
2020-08-16,2020-08-22,2020,34,BLACKPINK,SQUARE UP,0.0
2020-08-16,2020-08-22,2020,34,TREASURE (트레저),THE FIRST STEP : CHAPTER ONE,0.0
2020-08-16,2020-08-22,2020,34,제니 (JENNIE),SOLO,0.0
2020-08-23,2020-08-29,2020,35,BLACKPINK,KILL THIS LOVE,0.0
2020-08-23,2020-08-29,2020,35,BLACKPINK,SPECIAL EDITION [How You Like That],0.0
2020-08-23,2020-08-29,2020,35,BLACKPINK,SQUARE UP,0.0
2020-08-23,2020-08-29,2020,35,TREASURE (트레저),THE FIRST STEP : CHAPTER ONE,0.0
2020-08-23,2020-08-29,2020,35,제니 (JENNIE),SOLO,0.0
2020-08-30,2020-09-05,2020,36,BLACKPINK,KILL THIS LOVE,0.0
2020-08-30,2020-09-05,2020,36,BLACKPINK,SPECIAL EDITION [How You Like That],0.0
2020-08-30,2020-09-05,2020,36,BLACKPINK,SQUARE UP,0.0
2020-08-30,2020-09-05,2020,36,TREASURE (트레저),THE FIRST STEP : CHAPTER ONE,0.0
2020-08-30,2020-09-05,2020,36,제니 (JENNIE),SOLO,0.0
2020-09-06,2020-09-12,2020,37,BLACKPINK,KILL THIS LOVE,0.0
2020-09-06,2020-09-12,2020,37,BLACKPINK,SQUARE UP,0.0
2020-09-06,2020-09-12,2020,37,TREASURE (트레저),THE FIRST STEP : CHAPTER ONE,0.0
2020-09-06,2020-09-12,2020,37,제니 (JENNIE),SOLO,0.0
2020-09-13,2020-09-19,2020,38,BLACKPINK,KILL THIS LOVE,0.0
2020-09-13,2020-09-19,2020,38,BLACKPINK,SQUARE UP,0.0
2020-09-13,2020-09-19,2020,38,TREASURE (트레저),THE FIRST STEP : CHAPTER ONE,0.0
2020-09-13,2020-09-19,2020,38,제니 (JENNIE),SOLO,0.0
2020-09-20,2020-09-26,2020,39,BLACKPINK,KILL THIS LOVE,0.0
2020-09-20,2020-09-26,2020,39,BLACKPINK,SQUARE UP,0.0
2020-09-20,2020-09-26,2020,39,TREASURE (트레저),THE FIRST STEP : CHAPTER ONE,0.0
2020-09-20,2020-09-26,2020,39,TREASURE (트레저),THE FIRST STEP : CHAPTER TWO,0.0
2020-10-04,2020-10-10,2020,41,BLACKPINK,KILL THIS LOVE,0.0
2020-10-04,2020-10-10,2020,41,BLACKPINK,SPECIAL EDITION [How You Like That],0.0
2020-10-04,2020-10-10,2020,41,BLACKPINK,SQUARE UP,0.0
2020-10-04,2020-10-10,2020,41,BLACKPINK,THE ALBUM,0.0
2020-10-04,2020-10-10,2020,41,BLACKPINK,THE ALBUM - LIMITED EDITION- (LP),0.0
2020-10-04,2020-10-10,2020,41,TREASURE (트레저),THE FIRST STEP : CHAPTER ONE,0.0
2020-10-04,2020-10-10,2020,41,TREASURE (트레저),THE FIRST STEP : CHAPTER TWO,0.0
2020-10-11,2020-10-17,2020,42,BLACKPINK,KILL THIS LOVE,0.0
2020-10-11,2020-10-17,2020,42,BLACKPINK,SPECIAL EDITION [How You Like That],0.0
2020-10-11,2020-10-17,2020,42,BLACKPINK,SQUARE UP,0.0
2020-10-11,2020-10-17,2020,42,BLACKPINK,THE ALBUM,0.0
2020-10-11,2020-10-17,2020,42,BLACKPINK,THE ALBUM - LIMITED EDITION- (LP),0.0
2020-10-11,2020-10-17,2020,42,TREASURE (트레저),THE FIRST STEP : CHAPTER ONE,0.0
2020-10-11,2020-10-17,2020,42,TREASURE (트레저),THE FIRST STEP : CHAPTER TWO,0.0
2020-10-18,2020-10-24,2020,43,BLACKPINK,KILL THIS LOVE,0.0
2020-10-18,2020-10-24,2020,43,BLACKPINK,SQUARE UP,0.0
2020-10-18,2020-10-24,2020,43,BLACKPINK,THE ALBUM,0.0
2020-10-18,2020-10-24,2020,43,TREASURE (트레저),THE FIRST STEP : CHAPTER ONE,0.0
2020-10-18,2020-10-24,2020,43,TREASURE (트레저),THE FIRST STEP : CHAPTER TWO,0.0
2020-10-18,2020-10-24,2020,43,제니 (JENNIE),SOLO,0.0
2020-10-25,2020-10-31,2020,44,BLACKPINK,KILL THIS LOVE,0.0
2020-10-25,2020-10-31,2020,44,BLACKPINK,SQUARE UP,0.0
2020-10-25,2020-10-31,2020,44,BLACKPINK,THE ALBUM,0.0
2020-10-25,2020-10-31,2020,44,TREASURE (트레저),THE FIRST STEP : CHAPTER ONE,0.0
2020-10-25,2020-10-31,2020,44,TREASURE (트레저),THE FIRST STEP : CHAPTER TWO,0.0
2020-10-25,2020-10-31,2020,44,제니 (JENNIE),SOLO,0.0
2020-11-01,2020-11-07,2020,45,BLACKPINK,KILL THIS LOVE,0.0
2020-11-01,2020-11-07,2020,45,BLACKPINK,SPECIAL EDITION [How You Like That],0.0
2020-11-01,2020-11-07,2020,45,BLACKPINK,SQUARE UP,0.0
2020-11-01,2020-11-07,2020,45,BLACKPINK,THE ALBUM,0.0
2020-11-01,2020-11-07,2020,45,MINO (송민호),TAKE,0.0
2020-11-01,2020-11-07,2020,45,MINO (송민호),TAKE (KiT),0.0
2020-11-01,2020-11-07,2020,45,TREASURE (트레저),THE FIRST STEP : CHAPTER TWO,0.0
2020-11-01,2020-11-07,2020,45,제니 (JENNIE),SOLO,0.0
2020-11-08,2020-11-14,2020,46,BLACKPINK,KILL THIS LOVE,0.0
2020-11-08,2020-11-14,2020,46,BLACKPINK,SQUARE UP,0.0
2020-11-08,2020-11-14,2020,46,BLACKPINK,THE ALBUM,0.0
2020-11-08,2020-11-14,2020,46,MINO (송민호),TAKE (KiT),0.0
2020-11-08,2020-11-14,2020,46,MINO (송민호),XX,0.0
2020-11-08,2020-11-14,2020,46,TREASURE (트레저),THE FIRST STEP : CHAPTER THREE,0.0
2020-11-08,2020-11-14,2020,46,TREASURE (트레저),THE FIRST STEP : CHAPTER TWO,0.0
2020-11-08,2020-11-14,2020,46,제니 (JENNIE),SOLO,0.0
2020-11-15,2020-11-21,2020,47,BLACKPINK,KILL THIS LOVE,0.0
2020-11-15,2020-11-21,2020,47,BLACKPINK,SQUARE UP,0.0
2020-11-15,2020-11-21,2020,47,BLACKPINK,THE ALBUM,0.0
2020-11-15,2020-11-21,2020,47,MINO (송민호),TAKE,0.0
2020-11-15,2020-11-21,2020,47,TREASURE (트레저),THE FIRST STEP : CHAPTER ONE,0.0
2020-11-15,2020-11-21,2020,47,TREASURE (트레저),THE FIRST STEP : CHAPTER THREE,0.0
2020-11-15,2020-11-21,2020,47,TREASURE (트레저),THE FIRST STEP : CHAPTER TWO,0.0
2020-11-15,2020-11-21,2020,47,제니 (JENNIE),SOLO,0.0
2020-11-22,2020-11-28,2020,48,BLACKPINK,KILL THIS LOVE,0.0
2020-11-22,2020-11-28,2020,48,BLACKPINK,SQUARE UP,0.0
2020-11-22,2020-11-28,2020,48,BLACKPINK,THE ALBUM,0.0
2020-11-22,2020-11-28,2020,48,TREASURE (트레저),THE FIRST STEP : CHAPTER THREE,0.0
2020-11-22,2020-11-28,2020,48,제니 (JENNIE),SOLO,0.0
2020-11-29,2020-12-05,2020,49,BLACKPINK,KILL THIS LOVE,0.0
2020-11-29,2020-12-05,2020,49,BLACKPINK,SQUARE UP,0.0
2020-11-29,2020-12-05,2020,49,BLACKPINK,THE ALBUM,0.0
2020-11-29,2020-12-05,2020,49,TREASURE (트레저),THE FIRST STEP : CHAPTER THREE,0.0
2020-11-29,2020-12-05,2020,49,제니 (JENNIE),SOLO,0.0
2020-12-06,2020-12-12,2020,50,BLACKPINK,KILL THIS LOVE,0.0
2020-12-06,2020-12-12,2020,50,BLACKPINK,SPECIAL EDITION [How You Like That],0.0
2020-12-06,2020-12-12,2020,50,BLACKPINK,SQUARE UP,0.0
2020-12-06,2020-12-12,2020,50,BLACKPINK,THE ALBUM,0.0
2020-12-06,2020-12-12,2020,50,TREASURE (트레저),THE FIRST STEP : CHAPTER ONE,0.0
2020-12-06,2020-12-12,2020,50,TREASURE (트레저),THE FIRST STEP : CHAPTER THREE,0.0
2020-12-06,2020-12-12,2020,50,제니 (JENNIE),SOLO,0.0
2020-12-13,2020-12-19,2020,51,BLACKPINK,SQUARE UP,0.0
2020-12-13,2020-12-19,2020,51,BLACKPINK,THE ALBUM,0.0
2020-12-13,2020-12-19,2020,51,TREASURE (트레저),THE FIRST STEP : CHAPTER ONE,0.0
2020-12-13,2020-12-19,2020,51,TREASURE (트레저),THE FIRST STEP : CHAPTER THREE,0.0
2020-12-13,2020-12-19,2020,51,제니 (JENNIE),SOLO,0.0
2020-12-20,2020-12-26,2020,52,BLACKPINK,KILL THIS LOVE,0.0
2020-12-20,2020-12-26,2020,52,BLACKPINK,SQUARE UP,0.0
2020-12-20,2020-12-26,2020,52,BLACKPINK,THE ALBUM,0.0
2020-12-20,2020-12-26,2020,52,TREASURE (트레저),THE FIRST STEP : CHAPTER ONE,0.0
2020-12-20,2020-12-26,2020,52,TREASURE (트레저),THE FIRST STEP : CHAPTER THREE,0.0
2020-12-20,2020-12-26,2020,52,제니 (JENNIE),SOLO,0.0
2020-12-27,2021-01-02,2021,1,BLACKPINK,KILL THIS LOVE,0.0
2020-12-27,2021-01-02,2021,1,BLACKPINK,SQUARE UP,0.0
2020-12-27,2021-01-02,2021,1,BLACKPINK,THE ALBUM,0.0
2020-12-27,2021-01-02,2021,1,TREASURE (트레저),THE FIRST STEP : CHAPTER ONE,0.0
2020-12-27,2021-01-02,2021,1,TREASURE (트레저),THE FIRST STEP : CHAPTER THREE,0.0
2020-12-27,2021-01-02,2021,1,TREASURE (트레저),THE FIRST STEP : CHAPTER TWO,0.0
2020-12-27,2021-01-02,2021,1,제니 (JENNIE),SOLO,0.0
2021-01-03,2021-01-09,2021,2,BLACKPINK,KILL THIS LOVE,0.0
2021-01-03,2021-01-09,2021,2,BLACKPINK,SQUARE UP,0.0
2021-01-03,2021-01-09,2021,2,BLACKPINK,THE ALBUM,0.0
2021-01-03,2021-01-09,2021,2,TREASURE (트레저),THE FIRST STEP : CHAPTER ONE,0.0
2021-01-03,2021-01-09,2021,2,TREASURE (트레저),THE FIRST STEP : CHAPTER THREE,0.0
2021-01-03,2021-01-09,2021,2,제니 (JENNIE),SOLO,0.0
2021-01-10,2021-01-16,2021,3,BLACKPINK,KILL THIS LOVE,0.0
2021-01-10,2021-01-16,2021,3,BLACKPINK,SPECIAL EDITION [How You Like That],0.0
2021-01-10,2021-01-16,2021,3,BLACKPINK,SQUARE UP,0.0
2021-01-10,2021-01-16,2021,3,BLACKPINK,THE ALBUM,0.0
2021-01-10,2021-01-16,2021,3,TREASURE (트레저),THE FIRST STEP : CHAPTER ONE,0.0
2021-01-10,2021-01-16,2021,3,TREASURE (트레저),THE FIRST STEP : CHAPTER THREE,0.0
2021-01-10,2021-01-16,2021,3,TREASURE (트레저),THE FIRST STEP : CHAPTER TWO,0.0
2021-01-10,2021-01-16,2021,3,TREASURE (트레저),THE FIRST STEP : TREASURE EFFECT,0.0
2021-01-10,2021-01-16,2021,3,TREASURE (트레저),THE FIRST STEP : TREASURE EFFECT (KiT),0.0
2021-01-10,2021-01-16,2021,3,제니 (JENNIE),SOLO,0.0
2021-01-17,2021-01-23,2021,4,BLACKPINK,KILL THIS LOVE,0.0
2021-01-17,2021-01-23,2021,4,BLACKPINK,SQUARE UP,0.0
2021-01-17,2021-01-23,2021,4,BLACKPINK,THE ALBUM,0.0
2021-01-17,2021-01-23,2021,4,TREASURE (트레저),THE FIRST STEP : TREASURE EFFECT,0.0
2021-01-17,2021-01-23,2021,4,TREASURE (트레저),THE FIRST STEP : TREASURE EFFECT (KiT),0.0
2021-01-24,2021-01-30,2021,5,BLACKPINK,KILL THIS LOVE,0.0
2021-01-24,2021-01-30,2021,5,BLACKPINK,SPECIAL EDITION [How You Like That],0.0
2021-01-24,2021-01-30,2021,5,BLACKPINK,SQUARE UP,0.0
2021-01-24,2021-01-30,2021,5,BLACKPINK,THE ALBUM,0.0
2021-01-24,2021-01-30,2021,5,TREASURE (트레저),THE FIRST STEP : TREASURE EFFECT,0.0
2021-01-24,2021-01-30,2021,5,TREASURE (트레저),THE FIRST STEP : TREASURE EFFECT (KiT),0.0
2021-01-24,2021-01-30,2021,5,바비 (BOBBY),LUCKY MAN,0.0
2021-01-24,2021-01-30,2021,5,바비 (BOBBY),LUCKY MAN (KiT),0.0
2021-01-24,2021-01-30,2021,5,제니 (JENNIE),SOLO,0.0
2021-01-31,2021-02-06,2021,6,BLACKPINK,KILL THIS LOVE,0.0
2021-01-31,2021-02-06,2021,6,BLACKPINK,SQUARE UP,0.0
2021-01-31,2021-02-06,2021,6,BLACKPINK,THE ALBUM,0.0
2021-01-31,2021-02-06,2021,6,TREASURE (트레저),THE FIRST STEP : CHAPTER ONE,0.0
2021-01-31,2021-02-06,2021,6,TREASURE (트레저),THE FIRST STEP : TREASURE EFFECT,0.0
2021-01-31,2021-02-06,2021,6,바비 (BOBBY),LUCKY MAN,0.0
2021-01-31,2021-02-06,2021,6,제니 (JENNIE),SOLO,0.0
2021-02-07,2021-02-13,2021,7,BLACKPINK,KILL THIS LOVE,0.0
2021-02-07,2021-02-13,2021,7,BLACKPINK,SPECIAL EDITION [How You Like That],0.0
2021-02-07,2021-02-13,2021,7,BLACKPINK,SQUARE UP,0.0
2021-02-07,2021-02-13,2021,7,BLACKPINK,THE ALBUM,0.0
2021-02-07,2021-02-13,2021,7,TREASURE (트레저),THE FIRST STEP : CHAPTER ONE,0.0
2021-02-07,2021-02-13,2021,7,TREASURE (트레저),THE FIRST STEP : CHAPTER THREE,0.0
2021-02-07,2021-02-13,2021,7,TREASURE (트레저),THE FIRST STEP : TREASURE EFFECT,0.0
2021-02-14,2021-02-20,2021,8,BLACKPINK,KILL THIS LOVE,0.0
2021-02-14,2021-02-20,2021,8,BLACKPINK,SQUARE UP,0.0
2021-02-14,2021-02-20,2021,8,BLACKPINK,THE ALBUM,0.0
2021-02-14,2021-02-20,2021,8,TREASURE (트레저),THE FIRST STEP : CHAPTER ONE,0.0
2021-02-14,2021-02-20,2021,8,TREASURE (트레저),THE FIRST STEP : TREASURE EFFECT,0.0
2021-02-14,2021-02-20,2021,8,제니 (JENNIE),SOLO,0.0
2021-02-21,2021-02-27,2021,9,BLACKPINK,KILL THIS LOVE,0.0
2021-02-21,2021-02-27,2021,9,BLACKPINK,SPECIAL EDITION [How You Like That],0.0
2021-02-21,2021-02-27,2021,9,BLACKPINK,SQUARE UP,0.0
2021-02-21,2021-02-27,2021,9,BLACKPINK,THE ALBUM,0.0
2021-02-21,2021-02-27,2021,9,TREASURE (트레저),THE FIRST STEP : CHAPTER ONE,0.0
2021-02-21,2021-02-27,2021,9,TREASURE (트레저),THE FIRST STEP : TREASURE EFFECT,0.0
2021-02-21,2021-02-27,2021,9,제니 (JENNIE),SOLO,0.0
2021-02-28,2021-03-06,2021,10,BLACKPINK,SPECIAL EDITION [How You Like That],0.0
2021-02-28,2021-03-06,2021,10,BLACKPINK,THE ALBUM,0.0
2021-02-28,2021-03-06,2021,10,TREASURE (트레저),THE FIRST STEP : CHAPTER ONE,0.0
2021-02-28,2021-03-06,2021,10,TREASURE (트레저),THE FIRST STEP : TREASURE EFFECT,0.0
2021-02-28,2021-03-06,2021,10,바비 (BOBBY),LUCKY MAN,0.0
2021-02-28,2021-03-06,2021,10,제니 (JENNIE),SOLO,0.0
2021-03-07,2021-03-13,2021,11,BLACKPINK,SQUARE UP,0.0
2021-03-07,2021-03-13,2021,11,BLACKPINK,THE ALBUM,0.0
2021-03-07,2021-03-13,2021,11,TREASURE (트레저),THE FIRST STEP : CHAPTER ONE,0.0
2021-03-07,2021-03-13,2021,11,TREASURE (트레저),THE FIRST STEP : CHAPTER THREE,0.0
2021-03-07,2021-03-13,2021,11,TREASURE (트레저),THE FIRST STEP : CHAPTER TWO,0.0
2021-03-07,2021-03-13,2021,11,TREASURE (트레저),THE FIRST STEP : TREASURE EFFECT,0.0
2021-03-07,2021-03-13,2021,11,제니 (JENNIE),SOLO,0.0
2021-03-14,2021-03-20,2021,12,BLACKPINK,KILL THIS LOVE,0.0
2021-03-14,2021-03-20,2021,12,BLACKPINK,SQUARE UP,0.0
2021-03-14,2021-03-20,2021,12,BLACKPINK,THE ALBUM,0.0
2021-03-14,2021-03-20,2021,12,TREASURE (트레저),THE FIRST STEP : CHAPTER ONE,0.0
2021-03-14,2021-03-20,2021,12,TREASURE (트레저),THE FIRST STEP : CHAPTER TWO,0.0
2021-03-14,2021-03-20,2021,12,TREASURE (트레저),THE FIRST STEP : TREASURE EFFECT,0.0
2021-03-14,2021-03-20,2021,12,로제 (ROSE),R,0.0
2021-03-14,2021-03-20,2021,12,로제 (ROSE),R (KiT),0.0
2021-03-14,2021-03-20,2021,12,제니 (JENNIE),SOLO,0.0
2021-03-21,2021-03-27,2021,13,BLACKPINK,KILL THIS LOVE,0.0
2021-03-21,2021-03-27,2021,13,BLACKPINK,SQUARE UP,0.0
2021-03-21,2021-03-27,2021,13,BLACKPINK,THE ALBUM,0.0
2021-03-21,2021-03-27,2021,13,TREASURE (트레저),THE FIRST STEP : CHAPTER ONE,0.0
2021-03-21,2021-03-27,2021,13,TREASURE (트레저),THE FIRST STEP : TREASURE EFFECT,0.0
2021-03-21,2021-03-27,2021,13,로제 (ROSE),R,0.0
2021-03-21,2021-03-27,2021,13,로제 (ROSE),R (KiT),0.0
2021-03-21,2021-03-27,2021,13,제니 (JENNIE),SOLO,0.0
2021-03-28,2021-04-03,2021,14,BLACKPINK,KILL THIS LOVE,0.0
2021-03-28,2021-04-03,2021,14,BLACKPINK,SQUARE UP,0.0
2021-03-28,2021-04-03,2021,14,BLACKPINK,THE ALBUM,0.0
2021-03-28,2021-04-03,2021,14,TREASURE (트레저),THE FIRST STEP : CHAPTER ONE,0.0
2021-03-28,2021-04-03,2021,14,TREASURE (트레저),THE FIRST STEP : CHAPTER THREE,0.0
2021-03-28,2021-04-03,2021,14,TREASURE (트레저),THE FIRST STEP : CHAPTER TWO,0.0
2021-03-28,2021-04-03,2021,14,TREASURE (트레저),THE FIRST STEP : TREASURE EFFECT,0.0
2021-03-28,2021-04-03,2021,14,로제 (ROSE),R,0.0
2021-03-28,2021-04-03,2021,14,로제 (ROSE),R (KiT),0.0
2021-03-28,2021-04-03,2021,14,방탄소년단,2 Cool 4 Skool,0.0
2021-03-28,2021-04-03,2021,14,방탄소년단,BE,0.0
2021-03-28,2021-04-03,2021,14,방탄소년단,DARK&WILD,0.0
2021-03-28,2021-04-03,2021,14,방탄소년단,LOVE YOURSELF 承 `Her`,0.0
2021-03-28,2021-04-03,2021,14,방탄소년단,LOVE YOURSELF 結 `Answer`,0.0
2021-03-28,2021-04-03,2021,14,방탄소년단,LOVE YOURSELF 轉 `Tear`,0.0
2021-03-28,2021-04-03,2021,14,방탄소년단,MAP OF THE SOUL : 7,0.0
2021-03-28,2021-04-03,2021,14,방탄소년단,MAP OF THE SOUL : PERSONA,0.0
2021-03-28,2021-04-03,2021,14,방탄소년단,"O!RUL8,2?",0.0
2021-03-28,2021-04-03,2021,14,방탄소년단,Skool Luv Affair,0.0
2021-03-28,2021-04-03,2021,14,방탄소년단,WINGS,0.0
2021-03-28,2021-04-03,2021,14,방탄소년단,YOU NEVER WALK ALONE,0.0
2021-03-28,2021-04-03,2021,14,방탄소년단,화양연화 Young Forever,0.0
2021-03-28,2021-04-03,2021,14,방탄소년단,화양연화 pt.1,0.0
2021-03-28,2021-04-03,2021,14,방탄소년단,화양연화 pt.2,0.0
2021-03-28,2021-04-03,2021,14,세븐틴,3RD ALBUM ‘An Ode’,0.0
2021-03-28,2021-04-03,2021,14,세븐틴,7th Mini Album `헹가래`,0.0
2021-03-28,2021-04-03,2021,14,투모로우바이투게더,minisode1 : Blue Hour,0.0
2021-03-28,2021-04-03,2021,14,투모로우바이투게더,꿈의 장: ETERNITY,0.0
2021-03-28,2021-04-03,2021,14,투모로우바이투게더,꿈의 장: MAGIC,0.0
2021-03-28,2021-04-03,2021,14,투모로우바이투게더,꿈의 장: STAR,0.0
2021-04-04,2021-04-10,2021,15,BLACKPINK,KILL THIS LOVE,0.0
2021-04-04,2021-04-10,2021,15,BLACKPINK,SQUARE UP,0.0
2021-04-04,2021-04-10,2021,15,BLACKPINK,THE ALBUM,0.0
2021-04-04,2021-04-10,2021,15,TREASURE (트레저),THE FIRST STEP : CHAPTER ONE,0.0
2021-04-04,2021-04-10,2021,15,TREASURE (트레저),THE FIRST STEP : CHAPTER THREE,0.0
2021-04-04,2021-04-10,2021,15,TREASURE (트레저),THE FIRST STEP : CHAPTER TWO,0.0
2021-04-04,2021-04-10,2021,15,TREASURE (트레저),THE FIRST STEP : TREASURE EFFECT,0.0
2021-04-04,2021-04-10,2021,15,강승윤,PAGE,0.0
2021-04-04,2021-04-10,2021,15,강승윤,PAGE (KiT),0.0
2021-04-04,2021-04-10,2021,15,로제 (ROSE),R,0.0
2021-04-04,2021-04-10,2021,15,로제 (ROSE),R (KiT),0.0
2021-04-04,2021-04-10,2021,15,방탄소년단,2 Cool 4 Skool,0.0
2021-04-04,2021-04-10,2021,15,방탄소년단,BE,0.0
2021-04-04,2021-04-10,2021,15,방탄소년단,DARK&WILD,0.0
2021-04-04,2021-04-10,2021,15,방탄소년단,LOVE YOURSELF 承 `Her`,0.0
2021-04-04,2021-04-10,2021,15,방탄소년단,LOVE YOURSELF 結 `Answer`,0.0
2021-04-04,2021-04-10,2021,15,방탄소년단,LOVE YOURSELF 轉 `Tear`,0.0
2021-04-04,2021-04-10,2021,15,방탄소년단,MAP OF THE SOUL : 7,0.0
2021-04-04,2021-04-10,2021,15,방탄소년단,MAP OF THE SOUL : PERSONA,0.0
2021-04-04,2021-04-10,2021,15,방탄소년단,"O!RUL8,2?",0.0
2021-04-04,2021-04-10,2021,15,방탄소년단,Skool Luv Affair,0.0
2021-04-04,2021-04-10,2021,15,방탄소년단,WINGS,0.0
2021-04-04,2021-04-10,2021,15,방탄소년단,YOU NEVER WALK ALONE,0.0
2021-04-04,2021-04-10,2021,15,방탄소년단,화양연화 Young Forever,0.0
2021-04-04,2021-04-10,2021,15,방탄소년단,화양연화 pt.1,0.0
2021-04-04,2021-04-10,2021,15,방탄소년단,화양연화 pt.2,0.0
2021-04-04,2021-04-10,2021,15,세븐틴,3RD ALBUM ‘An Ode’,0.0
2021-04-04,2021-04-10,2021,15,세븐틴,7th Mini Album `헹가래`,0.0
2021-04-04,2021-04-10,2021,15,세븐틴,Special Album `; [Semicolon]`,0.0
2021-04-04,2021-04-10,2021,15,유키카,"timeabout,",0.0
2021-04-04,2021-04-10,2021,15,투모로우바이투게더,minisode1 : Blue Hour,0.0
2021-04-04,2021-04-10,2021,15,투모로우바이투게더,꿈의 장: ETERNITY,0.0
2021-04-04,2021-04-10,2021,15,투모로우바이투게더,꿈의 장: MAGIC,0.0
2021-04-04,2021-04-10,2021,15,투모로우바이투게더,꿈의 장: STAR,0.0
2021-04-11,2021-04-17,2021,16,BLACKPINK,KILL THIS LOVE,0.0
2021-04-11,2021-04-17,2021,16,BLACKPINK,SQUARE UP,0.0
2021-04-11,2021-04-17,2021,16,BLACKPINK,THE ALBUM,0.0
2021-04-11,2021-04-17,2021,16,TREASURE (트레저),THE FIRST STEP : TREASURE EFFECT,0.0
2021-04-11,2021-04-17,2021,16,강승윤,PAGE,0.0
2021-04-11,2021-04-17,2021,16,로제 (ROSE),R,0.0
2021-04-11,2021-04-17,2021,16,방탄소년단,2 Cool 4 Skool,0.0
2021-04-11,2021-04-17,2021,16,방탄소년단,BE,0.0
2021-04-11,2021-04-17,2021,16,방탄소년단,DARK&WILD,0.0
2021-04-11,2021-04-17,2021,16,방탄소년단,LOVE YOURSELF 承 `Her`,0.0
2021-04-11,2021-04-17,2021,16,방탄소년단,LOVE YOURSELF 結 `Answer`,0.0
2021-04-11,2021-04-17,2021,16,방탄소년단,LOVE YOURSELF 轉 `Tear`,0.0
2021-04-11,2021-04-17,2021,16,방탄소년단,MAP OF THE SOUL : 7,0.0
2021-04-11,2021-04-17,2021,16,방탄소년단,MAP OF THE SOUL : PERSONA,0.0
2021-04-11,2021-04-17,2021,16,방탄소년단,"O!RUL8,2?",0.0
2021-04-11,2021-04-17,2021,16,방탄소년단,Skool Luv Affair,0.0
2021-04-11,2021-04-17,2021,16,방탄소년단,WINGS,0.0
2021-04-11,2021-04-17,2021,16,방탄소년단,YOU NEVER WALK ALONE,0.0
2021-04-11,2021-04-17,2021,16,방탄소년단,화양연화 Young Forever,0.0
2021-04-11,2021-04-17,2021,16,방탄소년단,화양연화 pt.1,0.0
2021-04-11,2021-04-17,2021,16,방탄소년단,화양연화 pt.2,0.0
2021-04-11,2021-04-17,2021,16,세븐틴,7th Mini Album `헹가래`,0.0
2021-04-11,2021-04-17,2021,16,세븐틴,Special Album `; [Semicolon]`,0.0
2021-04-11,2021-04-17,2021,16,유키카,"timeabout,",0.0
2021-04-11,2021-04-17,2021,16,제니 (JENNIE),SOLO,0.0
2021-04-11,2021-04-17,2021,16,투모로우바이투게더,minisode1 : Blue Hour,0.0
2021-04-11,2021-04-17,2021,16,투모로우바이투게더,꿈의 장: ETERNITY,0.0
2021-04-11,2021-04-17,2021,16,투모로우바이투게더,꿈의 장: MAGIC,0.0
2021-04-11,2021-04-17,2021,16,투모로우바이투게더,꿈의 장: STAR,0.0
2021-04-18,2021-04-24,2021,17,BLACKPINK,KILL THIS LOVE,0.0
2021-04-18,2021-04-24,2021,17,BLACKPINK,SQUARE UP,0.0
2021-04-18,2021-04-24,2021,17,BLACKPINK,THE ALBUM,0.0
2021-04-18,2021-04-24,2021,17,TREASURE (트레저),THE FIRST STEP : CHAPTER ONE,0.0
2021-04-18,2021-04-24,2021,17,TREASURE (트레저),THE FIRST STEP : TREASURE EFFECT,0.0
2021-04-18,2021-04-24,2021,17,강승윤,PAGE,0.0
2021-04-18,2021-04-24,2021,17,강승윤,PAGE (KiT),0.0
2021-04-18,2021-04-24,2021,17,뉴이스트 (NU`EST),Romanticize (KiT),0.0
2021-04-18,2021-04-24,2021,17,뉴이스트 (NU`EST),The 2nd Album 'Romanticize',0.0
2021-04-18,2021-04-24,2021,17,로제 (ROSE),R,0.0
2021-04-18,2021-04-24,2021,17,로제 (ROSE),R (LP),0.0
2021-04-18,2021-04-24,2021,17,방탄소년단,2 Cool 4 Skool,0.0
2021-04-18,2021-04-24,2021,17,방탄소년단,BE,0.0
2021-04-18,2021-04-24,2021,17,방탄소년단,DARK&WILD,0.0
2021-04-18,2021-04-24,2021,17,방탄소년단,LOVE YOURSELF 承 `Her`,0.0
2021-04-18,2021-04-24,2021,17,방탄소년단,LOVE YOURSELF 結 `Answer`,0.0
2021-04-18,2021-04-24,2021,17,방탄소년단,LOVE YOURSELF 轉 `Tear`,0.0
2021-04-18,2021-04-24,2021,17,방탄소년단,MAP OF THE SOUL : 7,0.0
2021-04-18,2021-04-24,2021,17,방탄소년단,MAP OF THE SOUL : PERSONA,0.0
2021-04-18,2021-04-24,2021,17,방탄소년단,"O!RUL8,2?",0.0
2021-04-18,2021-04-24,2021,17,방탄소년단,Skool Luv Affair,0.0
2021-04-18,2021-04-24,2021,17,방탄소년단,WINGS,0.0
2021-04-18,2021-04-24,2021,17,방탄소년단,YOU NEVER WALK ALONE,0.0
2021-04-18,2021-04-24,2021,17,방탄소년단,화양연화 Young Forever,0.0
2021-04-18,2021-04-24,2021,17,방탄소년단,화양연화 pt.1,0.0
2021-04-18,2021-04-24,2021,17,방탄소년단,화양연화 pt.2,0.0
2021-04-18,2021-04-24,2021,17,세븐틴,7th Mini Album `헹가래`,0.0
2021-04-18,2021-04-24,2021,17,세븐틴,Special Album `; [Semicolon]`,0.0
2021-04-18,2021-04-24,2021,17,제니 (JENNIE),SOLO,0.0
2021-04-18,2021-04-24,2021,17,투모로우바이투게더,minisode1 : Blue Hour,0.0
2021-04-18,2021-04-24,2021,17,투모로우바이투게더,꿈의 장: ETERNITY,0.0
2021-04-18,2021-04-24,2021,17,투모로우바이투게더,꿈의 장: MAGIC,0.0
2021-04-18,2021-04-24,2021,17,투모로우바이투게더,꿈의 장: STAR,0.0
2021-04-25,2021-05-01,2021,18,BLACKPINK,KILL THIS LOVE,0.0
2021-04-25,2021-05-01,2021,18,BLACKPINK,SQUARE UP,0.0
2021-04-25,2021-05-01,2021,18,BLACKPINK,THE ALBUM,0.0
2021-04-25,2021-05-01,2021,18,TREASURE (트레저),THE FIRST STEP : CHAPTER ONE,0.0
2021-04-25,2021-05-01,2021,18,TREASURE (트레저),THE FIRST STEP : CHAPTER TWO,0.0
2021-04-25,2021-05-01,2021,18,TREASURE (트레저),THE FIRST STEP : TREASURE EFFECT,0.0
2021-04-25,2021-05-01,2021,18,강승윤,PAGE,0.0
2021-04-25,2021-05-01,2021,18,검정치마 (The Black Skirts),"Good Luck To You, Girl Scout!",0.0
2021-04-25,2021-05-01,2021,18,뉴이스트 (NU`EST),The 2nd Album 'Romanticize',0.0
2021-04-25,2021-05-01,2021,18,로제 (ROSE),R,0.0
2021-04-25,2021-05-01,2021,18,로제 (ROSE),R (KiT),0.0
2021-04-25,2021-05-01,2021,18,로제 (ROSE),R (LP),0.0
2021-04-25,2021-05-01,2021,18,방탄소년단,2 Cool 4 Skool,0.0
2021-04-25,2021-05-01,2021,18,방탄소년단,BE,0.0
2021-04-25,2021-05-01,2021,18,방탄소년단,DARK&WILD,0.0
2021-04-25,2021-05-01,2021,18,방탄소년단,LOVE YOURSELF 承 `Her`,0.0
2021-04-25,2021-05-01,2021,18,방탄소년단,LOVE YOURSELF 結 `Answer`,0.0
2021-04-25,2021-05-01,2021,18,방탄소년단,LOVE YOURSELF 轉 `Tear`,0.0
2021-04-25,2021-05-01,2021,18,방탄소년단,MAP OF THE SOUL : 7,0.0
2021-04-25,2021-05-01,2021,18,방탄소년단,MAP OF THE SOUL : PERSONA,0.0
2021-04-25,2021-05-01,2021,18,방탄소년단,Skool Luv Affair,0.0
2021-04-25,2021-05-01,2021,18,방탄소년단,WINGS,0.0
2021-04-25,2021-05-01,2021,18,방탄소년단,YOU NEVER WALK ALONE,0.0
2021-04-25,2021-05-01,2021,18,방탄소년단,화양연화 Young Forever,0.0
2021-04-25,2021-05-01,2021,18,방탄소년단,화양연화 pt.1,0.0
2021-04-25,2021-05-01,2021,18,방탄소년단,화양연화 pt.2,0.0
2021-04-25,2021-05-01,2021,18,세븐틴,7th Mini Album `헹가래`,0.0
2021-04-25,2021-05-01,2021,18,세븐틴,Special Album `; [Semicolon]`,0.0
2021-04-25,2021-05-01,2021,18,제니 (JENNIE),SOLO,0.0
2021-04-25,2021-05-01,2021,18,투모로우바이투게더,minisode1 : Blue Hour,0.0
2021-04-25,2021-05-01,2021,18,투모로우바이투게더,꿈의 장: ETERNITY,0.0
2021-04-25,2021-05-01,2021,18,투모로우바이투게더,꿈의 장: MAGIC,0.0
2021-04-25,2021-05-01,2021,18,투모로우바이투게더,꿈의 장: STAR,0.0
2021-05-02,2021-05-08,2021,19,BLACKPINK,KILL THIS LOVE,0.0
2021-05-02,2021-05-08,2021,19,BLACKPINK,SQUARE UP,0.0
2021-05-02,2021-05-08,2021,19,BLACKPINK,THE ALBUM,0.0
2021-05-02,2021-05-08,2021,19,TREASURE (트레저),THE FIRST STEP : CHAPTER ONE,0.0
2021-05-02,2021-05-08,2021,19,TREASURE (트레저),THE FIRST STEP : TREASURE EFFECT,0.0
2021-05-02,2021-05-08,2021,19,뉴이스트 (NU`EST),The 2nd Album 'Romanticize',0.0
2021-05-02,2021-05-08,2021,19,로제 (ROSE),R,0.0
2021-05-02,2021-05-08,2021,19,로제 (ROSE),R (LP),0.0
2021-05-02,2021-05-08,2021,19,방탄소년단,2 Cool 4 Skool,0.0
2021-05-02,2021-05-08,2021,19,방탄소년단,BE,0.0
2021-05-02,2021-05-08,2021,19,방탄소년단,DARK&WILD,0.0
2021-05-02,2021-05-08,2021,19,방탄소년단,LOVE YOURSELF 承 `Her`,0.0
2021-05-02,2021-05-08,2021,19,방탄소년단,LOVE YOURSELF 結 `Answer`,0.0
2021-05-02,2021-05-08,2021,19,방탄소년단,LOVE YOURSELF 轉 `Tear`,0.0
2021-05-02,2021-05-08,2021,19,방탄소년단,MAP OF THE SOUL : 7,0.0
2021-05-02,2021-05-08,2021,19,방탄소년단,MAP OF THE SOUL : PERSONA,0.0
2021-05-02,2021-05-08,2021,19,방탄소년단,"O!RUL8,2?",0.0
2021-05-02,2021-05-08,2021,19,방탄소년단,Skool Luv Affair,0.0
2021-05-02,2021-05-08,2021,19,방탄소년단,WINGS,0.0
2021-05-02,2021-05-08,2021,19,방탄소년단,YOU NEVER WALK ALONE,0.0
2021-05-02,2021-05-08,2021,19,방탄소년단,화양연화 Young Forever,0.0
2021-05-02,2021-05-08,2021,19,방탄소년단,화양연화 pt.1,0.0
2021-05-02,2021-05-08,2021,19,방탄소년단,화양연화 pt.2,0.0
2021-05-02,2021-05-08,2021,19,세븐틴,7th Mini Album `헹가래`,0.0
2021-05-02,2021-05-08,2021,19,세븐틴,Special Album `; [Semicolon]`,0.0
2021-05-02,2021-05-08,2021,19,제니 (JENNIE),SOLO,0.0
2021-05-02,2021-05-08,2021,19,투모로우바이투게더,minisode1 : Blue Hour,0.0
2021-05-02,2021-05-08,2021,19,투모로우바이투게더,꿈의 장: ETERNITY,0.0
2021-05-02,2021-05-08,2021,19,투모로우바이투게더,꿈의 장: MAGIC,0.0
2021-05-02,2021-05-08,2021,19,투모로우바이투게더,꿈의 장: STAR,0.0
2021-05-09,2021-05-15,2021,20,BLACKPINK,KILL THIS LOVE,0.0
2021-05-09,2021-05-15,2021,20,BLACKPINK,SQUARE UP,0.0
2021-05-09,2021-05-15,2021,20,BLACKPINK,THE ALBUM,0.0
2021-05-09,2021-05-15,2021,20,TREASURE (트레저),THE FIRST STEP : CHAPTER ONE,0.0
2021-05-09,2021-05-15,2021,20,TREASURE (트레저),THE FIRST STEP : TREASURE EFFECT,0.0
2021-05-09,2021-05-15,2021,20,검정치마 (The Black Skirts),"Good Luck To You, Girl Scout!",0.0
2021-05-09,2021-05-15,2021,20,로제 (ROSE),R,0.0
2021-05-09,2021-05-15,2021,20,방탄소년단,2 Cool 4 Skool,0.0
2021-05-09,2021-05-15,2021,20,방탄소년단,BE,0.0
2021-05-09,2021-05-15,2021,20,방탄소년단,DARK&WILD,0.0
2021-05-09,2021-05-15,2021,20,방탄소년단,LOVE YOURSELF 承 `Her`,0.0
2021-05-09,2021-05-15,2021,20,방탄소년단,LOVE YOURSELF 結 `Answer`,0.0
2021-05-09,2021-05-15,2021,20,방탄소년단,LOVE YOURSELF 轉 `Tear`,0.0
2021-05-09,2021-05-15,2021,20,방탄소년단,MAP OF THE SOUL : 7,0.0
2021-05-09,2021-05-15,2021,20,방탄소년단,MAP OF THE SOUL : PERSONA,0.0
2021-05-09,2021-05-15,2021,20,방탄소년단,"O!RUL8,2?",0.0
2021-05-09,2021-05-15,2021,20,방탄소년단,Skool Luv Affair,0.0
2021-05-09,2021-05-15,2021,20,방탄소년단,WINGS,0.0
2021-05-09,2021-05-15,2021,20,방탄소년단,YOU NEVER WALK ALONE,0.0
2021-05-09,2021-05-15,2021,20,방탄소년단,화양연화 Young Forever,0.0
2021-05-09,2021-05-15,2021,20,방탄소년단,화양연화 pt.1,0.0
2021-05-09,2021-05-15,2021,20,방탄소년단,화양연화 pt.2,0.0
2021-05-09,2021-05-15,2021,20,세븐틴,7th Mini Album `헹가래`,0.0
2021-05-09,2021-05-15,2021,20,세븐틴,Special Album `; [Semicolon]`,0.0
2021-05-09,2021-05-15,2021,20,제니 (JENNIE),SOLO,0.0
2021-05-09,2021-05-15,2021,20,투모로우바이투게더,minisode1 : Blue Hour,0.0
2021-05-09,2021-05-15,2021,20,투모로우바이투게더,꿈의 장: ETERNITY,0.0
2021-05-09,2021-05-15,2021,20,투모로우바이투게더,꿈의 장: MAGIC,0.0
2021-05-09,2021-05-15,2021,20,투모로우바이투게더,꿈의 장: STAR,0.0
2021-05-16,2021-05-22,2021,21,BLACKPINK,KILL THIS LOVE,0.0
2021-05-16,2021-05-22,2021,21,BLACKPINK,SQUARE UP,0.0
2021-05-16,2021-05-22,2021,21,BLACKPINK,THE ALBUM,0.0
2021-05-16,2021-05-22,2021,21,TREASURE (트레저),THE FIRST STEP : CHAPTER ONE,0.0
2021-05-16,2021-05-22,2021,21,TREASURE (트레저),THE FIRST STEP : TREASURE EFFECT,0.0
2021-05-16,2021-05-22,2021,21,로제 (ROSE),R,0.0
2021-05-16,2021-05-22,2021,21,방탄소년단,2 Cool 4 Skool,0.0
2021-05-16,2021-05-22,2021,21,방탄소년단,BE,0.0
2021-05-16,2021-05-22,2021,21,방탄소년단,DARK&WILD,0.0
2021-05-16,2021-05-22,2021,21,방탄소년단,LOVE YOURSELF 承 `Her`,0.0
2021-05-16,2021-05-22,2021,21,방탄소년단,LOVE YOURSELF 結 `Answer`,0.0
2021-05-16,2021-05-22,2021,21,방탄소년단,LOVE YOURSELF 轉 `Tear`,0.0
2021-05-16,2021-05-22,2021,21,방탄소년단,MAP OF THE SOUL : 7,0.0
2021-05-16,2021-05-22,2021,21,방탄소년단,MAP OF THE SOUL : PERSONA,0.0
2021-05-16,2021-05-22,2021,21,방탄소년단,"O!RUL8,2?",0.0
2021-05-16,2021-05-22,2021,21,방탄소년단,Skool Luv Affair,0.0
2021-05-16,2021-05-22,2021,21,방탄소년단,WINGS,0.0
2021-05-16,2021-05-22,2021,21,방탄소년단,YOU NEVER WALK ALONE,0.0
2021-05-16,2021-05-22,2021,21,방탄소년단,화양연화 Young Forever,0.0
2021-05-16,2021-05-22,2021,21,방탄소년단,화양연화 pt.1,0.0
2021-05-16,2021-05-22,2021,21,방탄소년단,화양연화 pt.2,0.0
2021-05-16,2021-05-22,2021,21,세븐틴,3RD ALBUM ‘An Ode’,0.0
2021-05-16,2021-05-22,2021,21,세븐틴,7th Mini Album `헹가래`,0.0
2021-05-16,2021-05-22,2021,21,세븐틴,Special Album `; [Semicolon]`,0.0
2021-05-16,2021-05-22,2021,21,제니 (JENNIE),SOLO,0.0
2021-05-16,2021-05-22,2021,21,투모로우바이투게더,minisode1 : Blue Hour,0.0
2021-05-16,2021-05-22,2021,21,투모로우바이투게더,꿈의 장: ETERNITY,0.0
2021-05-16,2021-05-22,2021,21,투모로우바이투게더,꿈의 장: MAGIC,0.0
2021-05-16,2021-05-22,2021,21,투모로우바이투게더,꿈의 장: STAR,0.0
2021-05-23,2021-05-29,2021,22,BLACKPINK,SQUARE UP,0.0
2021-05-23,2021-05-29,2021,22,BLACKPINK,THE ALBUM,0.0
2021-05-23,2021-05-29,2021,22,TREASURE (트레저),THE FIRST STEP : TREASURE EFFECT,0.0
2021-05-23,2021-05-29,2021,22,로제 (ROSE),R,0.0
2021-05-23,2021-05-29,2021,22,방탄소년단,2 Cool 4 Skool,0.0
2021-05-23,2021-05-29,2021,22,방탄소년단,BE,0.0
2021-05-23,2021-05-29,2021,22,방탄소년단,DARK&WILD,0.0
2021-05-23,2021-05-29,2021,22,방탄소년단,LOVE YOURSELF 承 `Her`,0.0
2021-05-23,2021-05-29,2021,22,방탄소년단,LOVE YOURSELF 結 `Answer`,0.0
2021-05-23,2021-05-29,2021,22,방탄소년단,LOVE YOURSELF 轉 `Tear`,0.0
2021-05-23,2021-05-29,2021,22,방탄소년단,MAP OF THE SOUL : 7,0.0
2021-05-23,2021-05-29,2021,22,방탄소년단,MAP OF THE SOUL : PERSONA,0.0
2021-05-23,2021-05-29,2021,22,방탄소년단,"O!RUL8,2?",0.0
2021-05-23,2021-05-29,2021,22,방탄소년단,Skool Luv Affair,0.0
2021-05-23,2021-05-29,2021,22,방탄소년단,WINGS,0.0
2021-05-23,2021-05-29,2021,22,방탄소년단,YOU NEVER WALK ALONE,0.0
2021-05-23,2021-05-29,2021,22,방탄소년단,화양연화 Young Forever,0.0
2021-05-23,2021-05-29,2021,22,방탄소년단,화양연화 pt.1,0.0
2021-05-23,2021-05-29,2021,22,방탄소년단,화양연화 pt.2,0.0
2021-05-23,2021-05-29,2021,22,세븐틴,3RD ALBUM ‘An Ode’,0.0
2021-05-23,2021-05-29,2021,22,세븐틴,7th Mini Album `헹가래`,0.0
2021-05-23,2021-05-29,2021,22,투모로우바이투게더,minisode1 : Blue Hour,0.0
2021-05-23,2021-05-29,2021,22,투모로우바이투게더,꿈의 장: ETERNITY,0.0
2021-05-23,2021-05-29,2021,22,투모로우바이투게더,꿈의 장: MAGIC,0.0
2021-05-23,2021-05-29,2021,22,투모로우바이투게더,꿈의 장: STAR,0.0
2021-05-30,2021-06-05,2021,23,BLACKPINK,KILL THIS LOVE,0.0
2021-05-30,2021-06-05,2021,23,BLACKPINK,SPECIAL EDITION [How You Like That],0.0
2021-05-30,2021-06-05,2021,23,BLACKPINK,SQUARE UP,0.0
2021-05-30,2021-06-05,2021,23,BLACKPINK,THE ALBUM,0.0
2021-05-30,2021-06-05,2021,23,TREASURE (트레저),THE FIRST STEP : CHAPTER ONE,0.0
2021-05-30,2021-06-05,2021,23,TREASURE (트레저),THE FIRST STEP : TREASURE EFFECT,0.0
2021-05-30,2021-06-05,2021,23,로제 (ROSE),R,0.0
2021-05-30,2021-06-05,2021,23,방탄소년단,2 Cool 4 Skool,0.0
2021-05-30,2021-06-05,2021,23,방탄소년단,BE,0.0
2021-05-30,2021-06-05,2021,23,방탄소년단,DARK&WILD,0.0
2021-05-30,2021-06-05,2021,23,방탄소년단,LOVE YOURSELF 承 `Her`,0.0
2021-05-30,2021-06-05,2021,23,방탄소년단,LOVE YOURSELF 結 `Answer`,0.0
2021-05-30,2021-06-05,2021,23,방탄소년단,LOVE YOURSELF 轉 `Tear`,0.0
2021-05-30,2021-06-05,2021,23,방탄소년단,MAP OF THE SOUL : 7,0.0
2021-05-30,2021-06-05,2021,23,방탄소년단,MAP OF THE SOUL : PERSONA,0.0
2021-05-30,2021-06-05,2021,23,방탄소년단,"O!RUL8,2?",0.0
2021-05-30,2021-06-05,2021,23,방탄소년단,Skool Luv Affair,0.0
2021-05-30,2021-06-05,2021,23,방탄소년단,WINGS,0.0
2021-05-30,2021-06-05,2021,23,방탄소년단,YOU NEVER WALK ALONE,0.0
2021-05-30,2021-06-05,2021,23,방탄소년단,화양연화 Young Forever,0.0
2021-05-30,2021-06-05,2021,23,방탄소년단,화양연화 pt.1,0.0
2021-05-30,2021-06-05,2021,23,방탄소년단,화양연화 pt.2,0.0
2021-05-30,2021-06-05,2021,23,세븐틴,3RD ALBUM ‘An Ode’,0.0
2021-05-30,2021-06-05,2021,23,제니 (JENNIE),SOLO,0.0
2021-05-30,2021-06-05,2021,23,투모로우바이투게더,minisode1 : Blue Hour,0.0
2021-05-30,2021-06-05,2021,23,투모로우바이투게더,꿈의 장: ETERNITY,0.0
2021-05-30,2021-06-05,2021,23,투모로우바이투게더,꿈의 장: MAGIC,0.0
2021-05-30,2021-06-05,2021,23,투모로우바이투게더,꿈의 장: STAR,0.0
2021-05-30,2021-06-05,2021,23,투모로우바이투게더,혼돈의 장: FREEZE,0.0
2021-06-06,2021-06-12,2021,24,BLACKPINK,BLACKPINK 2021 `THE SHOW` LIVE,0.0
2021-06-06,2021-06-12,2021,24,BLACKPINK,KILL THIS LOVE,0.0
2021-06-06,2021-06-12,2021,24,BLACKPINK,SQUARE UP,0.0
2021-06-06,2021-06-12,2021,24,BLACKPINK,THE ALBUM,0.0
2021-06-06,2021-06-12,2021,24,TREASURE (트레저),THE FIRST STEP : CHAPTER ONE,0.0
2021-06-06,2021-06-12,2021,24,TREASURE (트레저),THE FIRST STEP : TREASURE EFFECT,0.0
2021-06-06,2021-06-12,2021,24,로제 (ROSE),R,0.0
2021-06-06,2021-06-12,2021,24,방탄소년단,2 Cool 4 Skool,0.0
2021-06-06,2021-06-12,2021,24,방탄소년단,BE,0.0
2021-06-06,2021-06-12,2021,24,방탄소년단,DARK&WILD,0.0
2021-06-06,2021-06-12,2021,24,방탄소년단,LOVE YOURSELF 承 `Her`,0.0
2021-06-06,2021-06-12,2021,24,방탄소년단,LOVE YOURSELF 結 `Answer`,0.0
2021-06-06,2021-06-12,2021,24,방탄소년단,LOVE YOURSELF 轉 `Tear`,0.0
2021-06-06,2021-06-12,2021,24,방탄소년단,MAP OF THE SOUL : 7,0.0
2021-06-06,2021-06-12,2021,24,방탄소년단,MAP OF THE SOUL : PERSONA,0.0
2021-06-06,2021-06-12,2021,24,방탄소년단,"O!RUL8,2?",0.0
2021-06-06,2021-06-12,2021,24,방탄소년단,Skool Luv Affair,0.0
2021-06-06,2021-06-12,2021,24,방탄소년단,WINGS,0.0
2021-06-06,2021-06-12,2021,24,방탄소년단,YOU NEVER WALK ALONE,0.0
2021-06-06,2021-06-12,2021,24,방탄소년단,화양연화 Young Forever,0.0
2021-06-06,2021-06-12,2021,24,방탄소년단,화양연화 pt.1,0.0
2021-06-06,2021-06-12,2021,24,방탄소년단,화양연화 pt.2,0.0
2021-06-06,2021-06-12,2021,24,세븐틴,3RD ALBUM ‘An Ode’,0.0
2021-06-06,2021-06-12,2021,24,제니 (JENNIE),SOLO,0.0
2021-06-06,2021-06-12,2021,24,투모로우바이투게더,minisode1 : Blue Hour,0.0
2021-06-06,2021-06-12,2021,24,투모로우바이투게더,꿈의 장: ETERNITY,0.0
2021-06-06,2021-06-12,2021,24,투모로우바이투게더,꿈의 장: MAGIC,0.0
2021-06-06,2021-06-12,2021,24,투모로우바이투게더,꿈의 장: STAR,0.0
2021-06-06,2021-06-12,2021,24,투모로우바이투게더,혼돈의 장: FREEZE,0.0
2021-06-13,2021-06-19,2021,25,BLACKPINK,KILL THIS LOVE,0.0
2021-06-13,2021-06-19,2021,25,BLACKPINK,SPECIAL EDITION [How You Like That],0.0
2021-06-13,2021-06-19,2021,25,BLACKPINK,SQUARE UP,0.0
2021-06-13,2021-06-19,2021,25,BLACKPINK,THE ALBUM,0.0
2021-06-13,2021-06-19,2021,25,TREASURE (트레저),THE FIRST STEP : CHAPTER ONE,0.0
2021-06-13,2021-06-19,2021,25,TREASURE (트레저),THE FIRST STEP : CHAPTER TWO,0.0
2021-06-13,2021-06-19,2021,25,TREASURE (트레저),THE FIRST STEP : TREASURE EFFECT,0.0
2021-06-13,2021-06-19,2021,25,방탄소년단,2 Cool 4 Skool,0.0
2021-06-13,2021-06-19,2021,25,방탄소년단,BE,0.0
2021-06-13,2021-06-19,2021,25,방탄소년단,DARK&WILD,0.0
2021-06-13,2021-06-19,2021,25,방탄소년단,LOVE YOURSELF 承 `Her`,0.0
2021-06-13,2021-06-19,2021,25,방탄소년단,LOVE YOURSELF 結 `Answer`,0.0
2021-06-13,2021-06-19,2021,25,방탄소년단,LOVE YOURSELF 轉 `Tear`,0.0
2021-06-13,2021-06-19,2021,25,방탄소년단,MAP OF THE SOUL : 7,0.0
2021-06-13,2021-06-19,2021,25,방탄소년단,MAP OF THE SOUL : PERSONA,0.0
2021-06-13,2021-06-19,2021,25,방탄소년단,"O!RUL8,2?",0.0
2021-06-13,2021-06-19,2021,25,방탄소년단,Skool Luv Affair,0.0
2021-06-13,2021-06-19,2021,25,방탄소년단,WINGS,0.0
2021-06-13,2021-06-19,2021,25,방탄소년단,YOU NEVER WALK ALONE,0.0
2021-06-13,2021-06-19,2021,25,방탄소년단,화양연화 Young Forever,0.0
2021-06-13,2021-06-19,2021,25,방탄소년단,화양연화 pt.1,0.0
2021-06-13,2021-06-19,2021,25,방탄소년단,화양연화 pt.2,0.0
2021-06-13,2021-06-19,2021,25,세븐틴,3RD ALBUM ‘An Ode’,0.0
2021-06-13,2021-06-19,2021,25,세븐틴,7th Mini Album `헹가래`,0.0
2021-06-13,2021-06-19,2021,25,세븐틴,8th Mini Album `Your Choice`,0.0
2021-06-13,2021-06-19,2021,25,제니 (JENNIE),SOLO,0.0
2021-06-13,2021-06-19,2021,25,투모로우바이투게더,minisode1 : Blue Hour,0.0
2021-06-13,2021-06-19,2021,25,투모로우바이투게더,꿈의 장: ETERNITY,0.0
2021-06-13,2021-06-19,2021,25,투모로우바이투게더,꿈의 장: MAGIC,0.0
2021-06-13,2021-06-19,2021,25,투모로우바이투게더,꿈의 장: STAR,0.0
2021-06-13,2021-06-19,2021,25,투모로우바이투게더,혼돈의 장: FREEZE,0.0
2021-06-20,2021-06-26,2021,26,BLACKPINK,KILL THIS LOVE,0.0
2021-06-20,2021-06-26,2021,26,BLACKPINK,SPECIAL EDITION [How You Like That],0.0
2021-06-20,2021-06-26,2021,26,BLACKPINK,SQUARE UP,0.0
2021-06-20,2021-06-26,2021,26,BLACKPINK,THE ALBUM,0.0
2021-06-20,2021-06-26,2021,26,TREASURE (트레저),THE FIRST STEP : CHAPTER ONE,0.0
2021-06-20,2021-06-26,2021,26,TREASURE (트레저),THE FIRST STEP : TREASURE EFFECT,0.0
2021-06-20,2021-06-26,2021,26,로제 (ROSE),R,0.0
2021-06-20,2021-06-26,2021,26,방탄소년단,2 Cool 4 Skool,0.0
2021-06-20,2021-06-26,2021,26,방탄소년단,BE,0.0
2021-06-20,2021-06-26,2021,26,방탄소년단,DARK&WILD,0.0
2021-06-20,2021-06-26,2021,26,방탄소년단,LOVE YOURSELF 承 `Her`,0.0
2021-06-20,2021-06-26,2021,26,방탄소년단,LOVE YOURSELF 結 `Answer`,0.0
2021-06-20,2021-06-26,2021,26,방탄소년단,LOVE YOURSELF 轉 `Tear`,0.0
2021-06-20,2021-06-26,2021,26,방탄소년단,MAP OF THE SOUL : 7,0.0
2021-06-20,2021-06-26,2021,26,방탄소년단,MAP OF THE SOUL : PERSONA,0.0
2021-06-20,2021-06-26,2021,26,방탄소년단,"O!RUL8,2?",0.0
2021-06-20,2021-06-26,2021,26,방탄소년단,Skool Luv Affair,0.0
2021-06-20,2021-06-26,2021,26,방탄소년단,WINGS,0.0
2021-06-20,2021-06-26,2021,26,방탄소년단,YOU NEVER WALK ALONE,0.0
2021-06-20,2021-06-26,2021,26,방탄소년단,화양연화 Young Forever,0.0
2021-06-20,2021-06-26,2021,26,방탄소년단,화양연화 pt.1,0.0
2021-06-20,2021-06-26,2021,26,방탄소년단,화양연화 pt.2,0.0
2021-06-20,2021-06-26,2021,26,세븐틴,3RD ALBUM ‘An Ode’,0.0
2021-06-20,2021-06-26,2021,26,세븐틴,8th Mini Album `Your Choice`,0.0
2021-06-20,2021-06-26,2021,26,세븐틴,Special Album `; [Semicolon]`,0.0
2021-06-20,2021-06-26,2021,26,제니 (JENNIE),SOLO,0.0
2021-06-20,2021-06-26,2021,26,투모로우바이투게더,minisode1 : Blue Hour,0.0
2021-06-20,2021-06-26,2021,26,투모로우바이투게더,꿈의 장: ETERNITY,0.0
2021-06-20,2021-06-26,2021,26,투모로우바이투게더,꿈의 장: MAGIC,0.0
2021-06-20,2021-06-26,2021,26,투모로우바이투게더,꿈의 장: STAR,0.0
2021-06-20,2021-06-26,2021,26,투모로우바이투게더,혼돈의 장: FREEZE,0.0
2021-06-27,2021-07-03,2021,27,BLACKPINK,KILL THIS LOVE,0.0
2021-06-27,2021-07-03,2021,27,BLACKPINK,THE ALBUM,0.0
2021-06-27,2021-07-03,2021,27,TREASURE (트레저),THE FIRST STEP : CHAPTER THREE,0.0
2021-06-27,2021-07-03,2021,27,TREASURE (트레저),THE FIRST STEP : CHAPTER TWO,0.0
2021-06-27,2021-07-03,2021,27,TREASURE (트레저),THE FIRST STEP : TREASURE EFFECT,0.0
2021-06-27,2021-07-03,2021,27,로제 (ROSE),R,0.0
2021-06-27,2021-07-03,2021,27,방탄소년단,2 Cool 4 Skool,0.0
2021-06-27,2021-07-03,2021,27,방탄소년단,BE,0.0
2021-06-27,2021-07-03,2021,27,방탄소년단,DARK&WILD,0.0
2021-06-27,2021-07-03,2021,27,방탄소년단,LOVE YOURSELF 承 `Her`,0.0
2021-06-27,2021-07-03,2021,27,방탄소년단,LOVE YOURSELF 結 `Answer`,0.0
2021-06-27,2021-07-03,2021,27,방탄소년단,LOVE YOURSELF 轉 `Tear`,0.0
2021-06-27,2021-07-03,2021,27,방탄소년단,MAP OF THE SOUL : 7,0.0
2021-06-27,2021-07-03,2021,27,방탄소년단,MAP OF THE SOUL : PERSONA,0.0
2021-06-27,2021-07-03,2021,27,방탄소년단,"O!RUL8,2?",0.0
2021-06-27,2021-07-03,2021,27,방탄소년단,Skool Luv Affair,0.0
2021-06-27,2021-07-03,2021,27,방탄소년단,WINGS,0.0
2021-06-27,2021-07-03,2021,27,방탄소년단,YOU NEVER WALK ALONE,0.0
2021-06-27,2021-07-03,2021,27,방탄소년단,화양연화 Young Forever,0.0
2021-06-27,2021-07-03,2021,27,방탄소년단,화양연화 pt.1,0.0
2021-06-27,2021-07-03,2021,27,방탄소년단,화양연화 pt.2,0.0
2021-06-27,2021-07-03,2021,27,세븐틴,3RD ALBUM ‘An Ode’,0.0
2021-06-27,2021-07-03,2021,27,세븐틴,8th Mini Album `Your Choice`,0.0
2021-06-27,2021-07-03,2021,27,제니 (JENNIE),SOLO,0.0
2021-06-27,2021-07-03,2021,27,투모로우바이투게더,minisode1 : Blue Hour,0.0
2021-06-27,2021-07-03,2021,27,투모로우바이투게더,꿈의 장: ETERNITY,0.0
2021-06-27,2021-07-03,2021,27,투모로우바이투게더,꿈의 장: MAGIC,0.0
2021-06-27,2021-07-03,2021,27,투모로우바이투게더,꿈의 장: STAR,0.0
2021-06-27,2021-07-03,2021,27,투모로우바이투게더,혼돈의 장: FREEZE,0.0
2021-07-04,2021-07-10,2021,28,BLACKPINK,KILL THIS LOVE,0.0
2021-07-04,2021-07-10,2021,28,BLACKPINK,SQUARE UP,0.0
2021-07-04,2021-07-10,2021,28,BLACKPINK,THE ALBUM,0.0
2021-07-04,2021-07-10,2021,28,TREASURE (트레저),THE FIRST STEP : TREASURE EFFECT,0.0
2021-07-04,2021-07-10,2021,28,방탄소년단,2 Cool 4 Skool,0.0
2021-07-04,2021-07-10,2021,28,방탄소년단,BE,0.0
2021-07-04,2021-07-10,2021,28,방탄소년단,Butter,0.0
2021-07-04,2021-07-10,2021,28,방탄소년단,DARK&WILD,0.0
2021-07-04,2021-07-10,2021,28,방탄소년단,LOVE YOURSELF 承 `Her`,0.0
2021-07-04,2021-07-10,2021,28,방탄소년단,LOVE YOURSELF 結 `Answer`,0.0
2021-07-04,2021-07-10,2021,28,방탄소년단,LOVE YOURSELF 轉 `Tear`,0.0
2021-07-04,2021-07-10,2021,28,방탄소년단,MAP OF THE SOUL : 7,0.0
2021-07-04,2021-07-10,2021,28,방탄소년단,MAP OF THE SOUL : PERSONA,0.0
2021-07-04,2021-07-10,2021,28,방탄소년단,"O!RUL8,2?",0.0
2021-07-04,2021-07-10,2021,28,방탄소년단,Skool Luv Affair,0.0
2021-07-04,2021-07-10,2021,28,방탄소년단,WINGS,0.0
2021-07-04,2021-07-10,2021,28,방탄소년단,YOU NEVER WALK ALONE,0.0
2021-07-04,2021-07-10,2021,28,방탄소년단,화양연화 Young Forever,0.0
2021-07-04,2021-07-10,2021,28,방탄소년단,화양연화 pt.1,0.0
2021-07-04,2021-07-10,2021,28,방탄소년단,화양연화 pt.2,0.0
2021-07-04,2021-07-10,2021,28,세븐틴,3RD ALBUM ‘An Ode’,0.0
2021-07-04,2021-07-10,2021,28,세븐틴,7th Mini Album `헹가래`,0.0
2021-07-04,2021-07-10,2021,28,세븐틴,8th Mini Album `Your Choice`,0.0
2021-07-04,2021-07-10,2021,28,제니 (JENNIE),SOLO,0.0
2021-07-04,2021-07-10,2021,28,투모로우바이투게더,minisode1 : Blue Hour,0.0
2021-07-04,2021-07-10,2021,28,투모로우바이투게더,꿈의 장: ETERNITY,0.0
2021-07-04,2021-07-10,2021,28,투모로우바이투게더,꿈의 장: MAGIC,0.0
2021-07-04,2021-07-10,2021,28,투모로우바이투게더,꿈의 장: STAR,0.0
2021-07-04,2021-07-10,2021,28,투모로우바이투게더,혼돈의 장: FREEZE,0.0
2021-07-11,2021-07-17,2021,29,BLACKPINK,KILL THIS LOVE,0.0
2021-07-11,2021-07-17,2021,29,BLACKPINK,SPECIAL EDITION [How You Like That],0.0
2021-07-11,2021-07-17,2021,29,BLACKPINK,SQUARE UP,0.0
2021-07-11,2021-07-17,2021,29,BLACKPINK,THE ALBUM,0.0
2021-07-11,2021-07-17,2021,29,TREASURE (트레저),THE FIRST STEP : CHAPTER ONE,0.0
2021-07-11,2021-07-17,2021,29,TREASURE (트레저),THE FIRST STEP : TREASURE EFFECT,0.0
2021-07-11,2021-07-17,2021,29,로제 (ROSE),R,0.0
2021-07-11,2021-07-17,2021,29,방탄소년단,2 Cool 4 Skool,0.0
2021-07-11,2021-07-17,2021,29,방탄소년단,BE,0.0
2021-07-11,2021-07-17,2021,29,방탄소년단,Butter,0.0
2021-07-11,2021-07-17,2021,29,방탄소년단,DARK&WILD,0.0
2021-07-11,2021-07-17,2021,29,방탄소년단,LOVE YOURSELF 承 `Her`,0.0
2021-07-11,2021-07-17,2021,29,방탄소년단,LOVE YOURSELF 結 `Answer`,0.0
2021-07-11,2021-07-17,2021,29,방탄소년단,LOVE YOURSELF 轉 `Tear`,0.0
2021-07-11,2021-07-17,2021,29,방탄소년단,MAP OF THE SOUL : 7,0.0
2021-07-11,2021-07-17,2021,29,방탄소년단,MAP OF THE SOUL : PERSONA,0.0
2021-07-11,2021-07-17,2021,29,방탄소년단,"O!RUL8,2?",0.0
2021-07-11,2021-07-17,2021,29,방탄소년단,Skool Luv Affair,0.0
2021-07-11,2021-07-17,2021,29,방탄소년단,WINGS,0.0
2021-07-11,2021-07-17,2021,29,방탄소년단,YOU NEVER WALK ALONE,0.0
2021-07-11,2021-07-17,2021,29,방탄소년단,화양연화 Young Forever,0.0
2021-07-11,2021-07-17,2021,29,방탄소년단,화양연화 pt.1,0.0
2021-07-11,2021-07-17,2021,29,방탄소년단,화양연화 pt.2,0.0
2021-07-11,2021-07-17,2021,29,세븐틴,3RD ALBUM ‘An Ode’,0.0
2021-07-11,2021-07-17,2021,29,세븐틴,7th Mini Album `헹가래`,0.0
2021-07-11,2021-07-17,2021,29,세븐틴,8th Mini Album `Your Choice`,0.0
2021-07-11,2021-07-17,2021,29,투모로우바이투게더,minisode1 : Blue Hour,0.0
2021-07-11,2021-07-17,2021,29,투모로우바이투게더,꿈의 장: ETERNITY,0.0
2021-07-11,2021-07-17,2021,29,투모로우바이투게더,꿈의 장: MAGIC,0.0
2021-07-11,2021-07-17,2021,29,투모로우바이투게더,꿈의 장: STAR,0.0
2021-07-11,2021-07-17,2021,29,투모로우바이투게더,혼돈의 장: FREEZE,0.0
2021-07-18,2021-07-24,2021,30,BLACKPINK,KILL THIS LOVE,0.0
2021-07-18,2021-07-24,2021,30,BLACKPINK,SQUARE UP,0.0
2021-07-18,2021-07-24,2021,30,BLACKPINK,THE ALBUM,0.0
2021-07-18,2021-07-24,2021,30,TREASURE (트레저),THE FIRST STEP : CHAPTER ONE,0.0
2021-07-18,2021-07-24,2021,30,TREASURE (트레저),THE FIRST STEP : TREASURE EFFECT,0.0
2021-07-18,2021-07-24,2021,30,로제 (ROSE),R,0.0
2021-07-18,2021-07-24,2021,30,방탄소년단,2 Cool 4 Skool,0.0
2021-07-18,2021-07-24,2021,30,방탄소년단,BE,0.0
2021-07-18,2021-07-24,2021,30,방탄소년단,Butter,0.0
2021-07-18,2021-07-24,2021,30,방탄소년단,DARK&WILD,0.0
2021-07-18,2021-07-24,2021,30,방탄소년단,LOVE YOURSELF 承 `Her`,0.0
2021-07-18,2021-07-24,2021,30,방탄소년단,LOVE YOURSELF 結 `Answer`,0.0
2021-07-18,2021-07-24,2021,30,방탄소년단,LOVE YOURSELF 轉 `Tear`,0.0
2021-07-18,2021-07-24,2021,30,방탄소년단,MAP OF THE SOUL : 7,0.0
2021-07-18,2021-07-24,2021,30,방탄소년단,MAP OF THE SOUL : PERSONA,0.0
2021-07-18,2021-07-24,2021,30,방탄소년단,"O!RUL8,2?",0.0
2021-07-18,2021-07-24,2021,30,방탄소년단,Skool Luv Affair,0.0
2021-07-18,2021-07-24,2021,30,방탄소년단,WINGS,0.0
2021-07-18,2021-07-24,2021,30,방탄소년단,YOU NEVER WALK ALONE,0.0
2021-07-18,2021-07-24,2021,30,방탄소년단,화양연화 Young Forever,0.0
2021-07-18,2021-07-24,2021,30,방탄소년단,화양연화 pt.1,0.0
2021-07-18,2021-07-24,2021,30,방탄소년단,화양연화 pt.2,0.0
2021-07-18,2021-07-24,2021,30,세븐틴,3RD ALBUM ‘An Ode’,0.0
2021-07-18,2021-07-24,2021,30,세븐틴,7th Mini Album `헹가래`,0.0
2021-07-18,2021-07-24,2021,30,세븐틴,8th Mini Album `Your Choice`,0.0
2021-07-18,2021-07-24,2021,30,세븐틴,Special Album `; [Semicolon]`,0.0
2021-07-18,2021-07-24,2021,30,제니 (JENNIE),SOLO,0.0
2021-07-18,2021-07-24,2021,30,투모로우바이투게더,minisode1 : Blue Hour,0.0
2021-07-18,2021-07-24,2021,30,투모로우바이투게더,꿈의 장: ETERNITY,0.0
2021-07-18,2021-07-24,2021,30,투모로우바이투게더,꿈의 장: MAGIC,0.0
2021-07-18,2021-07-24,2021,30,투모로우바이투게더,꿈의 장: STAR,0.0
2021-07-18,2021-07-24,2021,30,투모로우바이투게더,혼돈의 장: FREEZE,0.0
2021-07-25,2021-07-31,2021,31,AKMU (악뮤),NEXT EPISODE,0.0
2021-07-25,2021-07-31,2021,31,BLACKPINK,KILL THIS LOVE,0.0
2021-07-25,2021-07-31,2021,31,BLACKPINK,SQUARE UP,0.0
2021-07-25,2021-07-31,2021,31,BLACKPINK,THE ALBUM,0.0
2021-07-25,2021-07-31,2021,31,TREASURE (트레저),THE FIRST STEP : CHAPTER ONE,0.0
2021-07-25,2021-07-31,2021,31,TREASURE (트레저),THE FIRST STEP : CHAPTER THREE,0.0
2021-07-25,2021-07-31,2021,31,TREASURE (트레저),THE FIRST STEP : TREASURE EFFECT,0.0
2021-07-25,2021-07-31,2021,31,로제 (ROSE),R,0.0
2021-07-25,2021-07-31,2021,31,방탄소년단,2 Cool 4 Skool,0.0
2021-07-25,2021-07-31,2021,31,방탄소년단,BE,0.0
2021-07-25,2021-07-31,2021,31,방탄소년단,Butter,0.0
2021-07-25,2021-07-31,2021,31,방탄소년단,DARK&WILD,0.0
2021-07-25,2021-07-31,2021,31,방탄소년단,LOVE YOURSELF 承 `Her`,0.0
2021-07-25,2021-07-31,2021,31,방탄소년단,LOVE YOURSELF 結 `Answer`,0.0
2021-07-25,2021-07-31,2021,31,방탄소년단,LOVE YOURSELF 轉 `Tear`,0.0
2021-07-25,2021-07-31,2021,31,방탄소년단,MAP OF THE SOUL : 7,0.0
2021-07-25,2021-07-31,2021,31,방탄소년단,MAP OF THE SOUL : PERSONA,0.0
2021-07-25,2021-07-31,2021,31,방탄소년단,"O!RUL8,2?",0.0
2021-07-25,2021-07-31,2021,31,방탄소년단,Skool Luv Affair,0.0
2021-07-25,2021-07-31,2021,31,방탄소년단,WINGS,0.0
2021-07-25,2021-07-31,2021,31,방탄소년단,YOU NEVER WALK ALONE,0.0
2021-07-25,2021-07-31,2021,31,방탄소년단,화양연화 Young Forever,0.0
2021-07-25,2021-07-31,2021,31,방탄소년단,화양연화 pt.1,0.0
2021-07-25,2021-07-31,2021,31,방탄소년단,화양연화 pt.2,0.0
2021-07-25,2021-07-31,2021,31,세븐틴,3RD ALBUM ‘An Ode’,0.0
2021-07-25,2021-07-31,2021,31,세븐틴,7th Mini Album `헹가래`,0.0
2021-07-25,2021-07-31,2021,31,세븐틴,Special Album `; [Semicolon]`,0.0
2021-07-25,2021-07-31,2021,31,제니 (JENNIE),SOLO,0.0
2021-07-25,2021-07-31,2021,31,투모로우바이투게더,minisode1 : Blue Hour,0.0
2021-07-25,2021-07-31,2021,31,투모로우바이투게더,꿈의 장: ETERNITY,0.0
2021-07-25,2021-07-31,2021,31,투모로우바이투게더,꿈의 장: MAGIC,0.0
2021-07-25,2021-07-31,2021,31,투모로우바이투게더,꿈의 장: STAR,0.0
2021-07-25,2021-07-31,2021,31,투모로우바이투게더,혼돈의 장: FREEZE,0.0
2021-08-01,2021-08-07,2021,32,BLACKPINK,KILL THIS LOVE,0.0
2021-08-01,2021-08-07,2021,32,BLACKPINK,THE ALBUM,0.0
2021-08-01,2021-08-07,2021,32,TREASURE (트레저),THE FIRST STEP : CHAPTER THREE,0.0
2021-08-01,2021-08-07,2021,32,TREASURE (트레저),THE FIRST STEP : CHAPTER TWO,0.0
2021-08-01,2021-08-07,2021,32,TREASURE (트레저),THE FIRST STEP : TREASURE EFFECT,0.0
2021-08-01,2021-08-07,2021,32,방탄소년단,2 Cool 4 Skool,0.0
2021-08-01,2021-08-07,2021,32,방탄소년단,BE,0.0
2021-08-01,2021-08-07,2021,32,방탄소년단,Butter,0.0
2021-08-01,2021-08-07,2021,32,방탄소년단,DARK&WILD,0.0
2021-08-01,2021-08-07,2021,32,방탄소년단,LOVE YOURSELF 承 `Her`,0.0
2021-08-01,2021-08-07,2021,32,방탄소년단,LOVE YOURSELF 結 `Answer`,0.0
2021-08-01,2021-08-07,2021,32,방탄소년단,LOVE YOURSELF 轉 `Tear`,0.0
2021-08-01,2021-08-07,2021,32,방탄소년단,MAP OF THE SOUL : 7,0.0
2021-08-01,2021-08-07,2021,32,방탄소년단,MAP OF THE SOUL : PERSONA,0.0
2021-08-01,2021-08-07,2021,32,방탄소년단,"O!RUL8,2?",0.0
2021-08-01,2021-08-07,2021,32,방탄소년단,Skool Luv Affair,0.0
2021-08-01,2021-08-07,2021,32,방탄소년단,WINGS,0.0
2021-08-01,2021-08-07,2021,32,방탄소년단,YOU NEVER WALK ALONE,0.0
2021-08-01,2021-08-07,2021,32,방탄소년단,화양연화 Young Forever,0.0
2021-08-01,2021-08-07,2021,32,방탄소년단,화양연화 pt.1,0.0
2021-08-01,2021-08-07,2021,32,방탄소년단,화양연화 pt.2,0.0
2021-08-01,2021-08-07,2021,32,세븐틴,3RD ALBUM ‘An Ode’,0.0
2021-08-01,2021-08-07,2021,32,세븐틴,7th Mini Album `헹가래`,0.0
2021-08-01,2021-08-07,2021,32,제니 (JENNIE),SOLO,0.0
2021-08-01,2021-08-07,2021,32,투모로우바이투게더,minisode1 : Blue Hour,0.0
2021-08-01,2021-08-07,2021,32,투모로우바이투게더,꿈의 장: ETERNITY,0.0
2021-08-01,2021-08-07,2021,32,투모로우바이투게더,꿈의 장: MAGIC,0.0
2021-08-01,2021-08-07,2021,32,투모로우바이투게더,꿈의 장: STAR,0.0
2021-08-01,2021-08-07,2021,32,투모로우바이투게더,혼돈의 장: FREEZE,0.0
2021-08-08,2021-08-14,2021,33,BLACKPINK,KILL THIS LOVE,0.0
2021-08-08,2021-08-14,2021,33,BLACKPINK,SQUARE UP,0.0
2021-08-08,2021-08-14,2021,33,BLACKPINK,THE ALBUM,0.0
2021-08-08,2021-08-14,2021,33,TREASURE (트레저),THE FIRST STEP : CHAPTER ONE,0.0
2021-08-08,2021-08-14,2021,33,TREASURE (트레저),THE FIRST STEP : CHAPTER THREE,0.0
2021-08-08,2021-08-14,2021,33,TREASURE (트레저),THE FIRST STEP : CHAPTER TWO,0.0
2021-08-08,2021-08-14,2021,33,TREASURE (트레저),THE FIRST STEP : TREASURE EFFECT,0.0
2021-08-08,2021-08-14,2021,33,로제 (ROSE),R,0.0
2021-08-08,2021-08-14,2021,33,방탄소년단,2 Cool 4 Skool,0.0
2021-08-08,2021-08-14,2021,33,방탄소년단,BE,0.0
2021-08-08,2021-08-14,2021,33,방탄소년단,Butter,0.0
2021-08-08,2021-08-14,2021,33,방탄소년단,DARK&WILD,0.0
2021-08-08,2021-08-14,2021,33,방탄소년단,LOVE YOURSELF 承 `Her`,0.0
2021-08-08,2021-08-14,2021,33,방탄소년단,LOVE YOURSELF 結 `Answer`,0.0
2021-08-08,2021-08-14,2021,33,방탄소년단,LOVE YOURSELF 轉 `Tear`,0.0
2021-08-08,2021-08-14,2021,33,방탄소년단,MAP OF THE SOUL : 7,0.0
2021-08-08,2021-08-14,2021,33,방탄소년단,MAP OF THE SOUL : PERSONA,0.0
2021-08-08,2021-08-14,2021,33,방탄소년단,"O!RUL8,2?",0.0
2021-08-08,2021-08-14,2021,33,방탄소년단,Skool Luv Affair,0.0
2021-08-08,2021-08-14,2021,33,방탄소년단,WINGS,0.0
2021-08-08,2021-08-14,2021,33,방탄소년단,YOU NEVER WALK ALONE,0.0
2021-08-08,2021-08-14,2021,33,방탄소년단,화양연화 Young Forever,0.0
2021-08-08,2021-08-14,2021,33,방탄소년단,화양연화 pt.1,0.0
2021-08-08,2021-08-14,2021,33,방탄소년단,화양연화 pt.2,0.0
2021-08-08,2021-08-14,2021,33,세븐틴,3RD ALBUM ‘An Ode’,0.0
2021-08-08,2021-08-14,2021,33,세븐틴,7th Mini Album `헹가래`,0.0
2021-08-08,2021-08-14,2021,33,세븐틴,Special Album `; [Semicolon]`,0.0
2021-08-08,2021-08-14,2021,33,제니 (JENNIE),SOLO,0.0
2021-08-08,2021-08-14,2021,33,투모로우바이투게더,minisode1 : Blue Hour,0.0
2021-08-08,2021-08-14,2021,33,투모로우바이투게더,꿈의 장: ETERNITY,0.0
2021-08-08,2021-08-14,2021,33,투모로우바이투게더,꿈의 장: MAGIC,0.0
2021-08-08,2021-08-14,2021,33,투모로우바이투게더,꿈의 장: STAR,0.0
2021-08-08,2021-08-14,2021,33,투모로우바이투게더,혼돈의 장: FREEZE,0.0
2021-08-15,2021-08-21,2021,34,BLACKPINK,KILL THIS LOVE,0.0
2021-08-15,2021-08-21,2021,34,BLACKPINK,SQUARE UP,0.0
2021-08-15,2021-08-21,2021,34,BLACKPINK,THE ALBUM,0.0
2021-08-15,2021-08-21,2021,34,TREASURE (트레저),THE FIRST STEP : CHAPTER ONE,0.0
2021-08-15,2021-08-21,2021,34,TREASURE (트레저),THE FIRST STEP : TREASURE EFFECT,0.0
2021-08-15,2021-08-21,2021,34,방탄소년단,2 Cool 4 Skool,0.0
2021-08-15,2021-08-21,2021,34,방탄소년단,BE,0.0
2021-08-15,2021-08-21,2021,34,방탄소년단,Butter,0.0
2021-08-15,2021-08-21,2021,34,방탄소년단,DARK&WILD,0.0
2021-08-15,2021-08-21,2021,34,방탄소년단,LOVE YOURSELF 承 `Her`,0.0
2021-08-15,2021-08-21,2021,34,방탄소년단,LOVE YOURSELF 結 `Answer`,0.0
2021-08-15,2021-08-21,2021,34,방탄소년단,LOVE YOURSELF 轉 `Tear`,0.0
2021-08-15,2021-08-21,2021,34,방탄소년단,MAP OF THE SOUL : 7,0.0
2021-08-15,2021-08-21,2021,34,방탄소년단,MAP OF THE SOUL : PERSONA,0.0
2021-08-15,2021-08-21,2021,34,방탄소년단,"O!RUL8,2?",0.0
2021-08-15,2021-08-21,2021,34,방탄소년단,Skool Luv Affair,0.0
2021-08-15,2021-08-21,2021,34,방탄소년단,WINGS,0.0
2021-08-15,2021-08-21,2021,34,방탄소년단,YOU NEVER WALK ALONE,0.0
2021-08-15,2021-08-21,2021,34,방탄소년단,화양연화 Young Forever,0.0
2021-08-15,2021-08-21,2021,34,방탄소년단,화양연화 pt.1,0.0
2021-08-15,2021-08-21,2021,34,방탄소년단,화양연화 pt.2,0.0
2021-08-15,2021-08-21,2021,34,세븐틴,3RD ALBUM ‘An Ode’,0.0
2021-08-15,2021-08-21,2021,34,세븐틴,7th Mini Album `헹가래`,0.0
2021-08-15,2021-08-21,2021,34,세븐틴,Special Album `; [Semicolon]`,0.0
2021-08-15,2021-08-21,2021,34,제니 (JENNIE),SOLO,0.0
2021-08-15,2021-08-21,2021,34,투모로우바이투게더,minisode1 : Blue Hour,0.0
2021-08-15,2021-08-21,2021,34,투모로우바이투게더,꿈의 장: ETERNITY,0.0
2021-08-15,2021-08-21,2021,34,투모로우바이투게더,꿈의 장: MAGIC,0.0
2021-08-15,2021-08-21,2021,34,투모로우바이투게더,꿈의 장: STAR,0.0
2021-08-15,2021-08-21,2021,34,투모로우바이투게더,혼돈의 장: FIGHT OR ESCAPE,0.0
2021-08-15,2021-08-21,2021,34,투모로우바이투게더,혼돈의 장: FREEZE,0.0
2021-08-22,2021-08-28,2021,35,BLACKPINK,KILL THIS LOVE,0.0
2021-08-22,2021-08-28,2021,35,BLACKPINK,SQUARE UP,0.0
2021-08-22,2021-08-28,2021,35,BLACKPINK,THE ALBUM,0.0
2021-08-22,2021-08-28,2021,35,TREASURE (트레저),THE FIRST STEP : TREASURE EFFECT,0.0
2021-08-22,2021-08-28,2021,35,Various Artists,너는 나의 봄 OST,0.0
2021-08-22,2021-08-28,2021,35,로제 (ROSE),R,0.0
2021-08-22,2021-08-28,2021,35,방탄소년단,2 Cool 4 Skool,0.0
2021-08-22,2021-08-28,2021,35,방탄소년단,BE,0.0
2021-08-22,2021-08-28,2021,35,방탄소년단,Butter,0.0
2021-08-22,2021-08-28,2021,35,방탄소년단,DARK&WILD,0.0
2021-08-22,2021-08-28,2021,35,방탄소년단,LOVE YOURSELF 承 `Her`,0.0
2021-08-22,2021-08-28,2021,35,방탄소년단,LOVE YOURSELF 結 `Answer`,0.0
2021-08-22,2021-08-28,2021,35,방탄소년단,LOVE YOURSELF 轉 `Tear`,0.0
2021-08-22,2021-08-28,2021,35,방탄소년단,MAP OF THE SOUL : 7,0.0
2021-08-22,2021-08-28,2021,35,방탄소년단,MAP OF THE SOUL : PERSONA,0.0
2021-08-22,2021-08-28,2021,35,방탄소년단,"O!RUL8,2?",0.0
2021-08-22,2021-08-28,2021,35,방탄소년단,Skool Luv Affair,0.0
2021-08-22,2021-08-28,2021,35,방탄소년단,WINGS,0.0
2021-08-22,2021-08-28,2021,35,방탄소년단,YOU NEVER WALK ALONE,0.0
2021-08-22,2021-08-28,2021,35,방탄소년단,화양연화 Young Forever,0.0
2021-08-22,2021-08-28,2021,35,방탄소년단,화양연화 pt.1,0.0
2021-08-22,2021-08-28,2021,35,방탄소년단,화양연화 pt.2,0.0
2021-08-22,2021-08-28,2021,35,세븐틴,3RD ALBUM ‘An Ode’,0.0
2021-08-22,2021-08-28,2021,35,세븐틴,7th Mini Album `헹가래`,0.0
2021-08-22,2021-08-28,2021,35,세븐틴,8th Mini Album `Your Choice`,0.0
2021-08-22,2021-08-28,2021,35,세븐틴,Special Album `; [Semicolon]`,0.0
2021-08-22,2021-08-28,2021,35,제니 (JENNIE),SOLO,0.0
2021-08-22,2021-08-28,2021,35,투모로우바이투게더,minisode1 : Blue Hour,0.0
2021-08-22,2021-08-28,2021,35,투모로우바이투게더,꿈의 장: ETERNITY,0.0
2021-08-22,2021-08-28,2021,35,투모로우바이투게더,꿈의 장: MAGIC,0.0
2021-08-22,2021-08-28,2021,35,투모로우바이투게더,꿈의 장: STAR,0.0
2021-08-22,2021-08-28,2021,35,투모로우바이투게더,혼돈의 장: FIGHT OR ESCAPE,0.0
2021-08-22,2021-08-28,2021,35,투모로우바이투게더,혼돈의 장: FREEZE,0.0
2021-08-29,2021-09-04,2021,36,BLACKPINK,KILL THIS LOVE,0.0
2021-08-29,2021-09-04,2021,36,BLACKPINK,SPECIAL EDITION [How You Like That],0.0
2021-08-29,2021-09-04,2021,36,BLACKPINK,SQUARE UP,0.0
2021-08-29,2021-09-04,2021,36,BLACKPINK,THE ALBUM,0.0
2021-08-29,2021-09-04,2021,36,TREASURE (트레저),THE FIRST STEP : CHAPTER ONE,0.0
2021-08-29,2021-09-04,2021,36,TREASURE (트레저),THE FIRST STEP : CHAPTER THREE,0.0
2021-08-29,2021-09-04,2021,36,TREASURE (트레저),THE FIRST STEP : CHAPTER TWO,0.0
2021-08-29,2021-09-04,2021,36,TREASURE (트레저),THE FIRST STEP : TREASURE EFFECT,0.0
2021-08-29,2021-09-04,2021,36,Various Artists,너는 나의 봄 OST,0.0
2021-08-29,2021-09-04,2021,36,로제 (ROSE),R,0.0
2021-08-29,2021-09-04,2021,36,방탄소년단,2 Cool 4 Skool,0.0
2021-08-29,2021-09-04,2021,36,방탄소년단,BE,0.0
2021-08-29,2021-09-04,2021,36,방탄소년단,Butter,0.0
2021-08-29,2021-09-04,2021,36,방탄소년단,DARK&WILD,0.0
2021-08-29,2021-09-04,2021,36,방탄소년단,LOVE YOURSELF 承 `Her`,0.0
2021-08-29,2021-09-04,2021,36,방탄소년단,LOVE YOURSELF 結 `Answer`,0.0
2021-08-29,2021-09-04,2021,36,방탄소년단,LOVE YOURSELF 轉 `Tear`,0.0
2021-08-29,2021-09-04,2021,36,방탄소년단,MAP OF THE SOUL : 7,0.0
2021-08-29,2021-09-04,2021,36,방탄소년단,MAP OF THE SOUL : PERSONA,0.0
2021-08-29,2021-09-04,2021,36,방탄소년단,"O!RUL8,2?",0.0
2021-08-29,2021-09-04,2021,36,방탄소년단,Skool Luv Affair,0.0
2021-08-29,2021-09-04,2021,36,방탄소년단,WINGS,0.0
2021-08-29,2021-09-04,2021,36,방탄소년단,YOU NEVER WALK ALONE,0.0
2021-08-29,2021-09-04,2021,36,방탄소년단,화양연화 Young Forever,0.0
2021-08-29,2021-09-04,2021,36,방탄소년단,화양연화 pt.1,0.0
2021-08-29,2021-09-04,2021,36,방탄소년단,화양연화 pt.2,0.0
2021-08-29,2021-09-04,2021,36,세븐틴,3RD ALBUM ‘An Ode’,0.0
2021-08-29,2021-09-04,2021,36,세븐틴,7th Mini Album `헹가래`,0.0
2021-08-29,2021-09-04,2021,36,제니 (JENNIE),SOLO,0.0
2021-08-29,2021-09-04,2021,36,투모로우바이투게더,minisode1 : Blue Hour,0.0
2021-08-29,2021-09-04,2021,36,투모로우바이투게더,꿈의 장: ETERNITY,0.0
2021-08-29,2021-09-04,2021,36,투모로우바이투게더,꿈의 장: MAGIC,0.0
2021-08-29,2021-09-04,2021,36,투모로우바이투게더,꿈의 장: STAR,0.0
2021-08-29,2021-09-04,2021,36,투모로우바이투게더,혼돈의 장: FIGHT OR ESCAPE,0.0
2021-08-29,2021-09-04,2021,36,투모로우바이투게더,혼돈의 장: FREEZE,0.0
2021-08-29,2021-09-04,2021,36,프로미스나인 (fromis_9),Talk & Talk,0.0
2021-09-05,2021-09-11,2021,37,BLACKPINK,KILL THIS LOVE,0.0
2021-09-05,2021-09-11,2021,37,BLACKPINK,SPECIAL EDITION [How You Like That],0.0
2021-09-05,2021-09-11,2021,37,BLACKPINK,SQUARE UP,0.0
2021-09-05,2021-09-11,2021,37,BLACKPINK,THE ALBUM,0.0
2021-09-05,2021-09-11,2021,37,TREASURE (트레저),THE FIRST STEP : CHAPTER ONE,0.0
2021-09-05,2021-09-11,2021,37,TREASURE (트레저),THE FIRST STEP : CHAPTER THREE,0.0
2021-09-05,2021-09-11,2021,37,TREASURE (트레저),THE FIRST STEP : CHAPTER TWO,0.0
2021-09-05,2021-09-11,2021,37,TREASURE (트레저),THE FIRST STEP : TREASURE EFFECT,0.0
2021-09-05,2021-09-11,2021,37,로제 (ROSE),R,0.0
2021-09-05,2021-09-11,2021,37,리사 (LISA),LALISA,0.0
2021-09-05,2021-09-11,2021,37,리사 (LISA),LALISA (KiT),0.0
2021-09-05,2021-09-11,2021,37,방탄소년단,2 Cool 4 Skool,0.0
2021-09-05,2021-09-11,2021,37,방탄소년단,BE,0.0
2021-09-05,2021-09-11,2021,37,방탄소년단,Butter,0.0
2021-09-05,2021-09-11,2021,37,방탄소년단,DARK&WILD,0.0
2021-09-05,2021-09-11,2021,37,방탄소년단,LOVE YOURSELF 承 `Her`,0.0
2021-09-05,2021-09-11,2021,37,방탄소년단,LOVE YOURSELF 轉 `Tear`,0.0
2021-09-05,2021-09-11,2021,37,방탄소년단,MAP OF THE SOUL : 7,0.0
2021-09-05,2021-09-11,2021,37,방탄소년단,MAP OF THE SOUL : PERSONA,0.0
2021-09-05,2021-09-11,2021,37,방탄소년단,"O!RUL8,2?",0.0
2021-09-05,2021-09-11,2021,37,방탄소년단,Skool Luv Affair,0.0
2021-09-05,2021-09-11,2021,37,방탄소년단,WINGS,0.0
2021-09-05,2021-09-11,2021,37,방탄소년단,YOU NEVER WALK ALONE,0.0
2021-09-05,2021-09-11,2021,37,방탄소년단,화양연화 Young Forever,0.0
2021-09-05,2021-09-11,2021,37,방탄소년단,화양연화 pt.1,0.0
2021-09-05,2021-09-11,2021,37,방탄소년단,화양연화 pt.2,0.0
2021-09-05,2021-09-11,2021,37,세븐틴,3RD ALBUM ‘An Ode’,0.0
2021-09-05,2021-09-11,2021,37,세븐틴,7th Mini Album `헹가래`,0.0
2021-09-05,2021-09-11,2021,37,세븐틴,Special Album `; [Semicolon]`,0.0
2021-09-05,2021-09-11,2021,37,이랑,늑대가 나타났다,0.0
2021-09-05,2021-09-11,2021,37,제니 (JENNIE),SOLO,0.0
2021-09-05,2021-09-11,2021,37,투모로우바이투게더,minisode1 : Blue Hour,0.0
2021-09-05,2021-09-11,2021,37,투모로우바이투게더,꿈의 장: ETERNITY,0.0
2021-09-05,2021-09-11,2021,37,투모로우바이투게더,꿈의 장: MAGIC,0.0
2021-09-05,2021-09-11,2021,37,투모로우바이투게더,꿈의 장: STAR,0.0
2021-09-05,2021-09-11,2021,37,투모로우바이투게더,혼돈의 장: FIGHT OR ESCAPE,0.0
2021-09-05,2021-09-11,2021,37,투모로우바이투게더,혼돈의 장: FREEZE,0.0
2021-09-12,2021-09-18,2021,38,BLACKPINK,KILL THIS LOVE,0.0
2021-09-12,2021-09-18,2021,38,BLACKPINK,SQUARE UP,0.0
2021-09-12,2021-09-18,2021,38,BLACKPINK,THE ALBUM,0.0
2021-09-12,2021-09-18,2021,38,로제 (ROSE),R,0.0
2021-09-12,2021-09-18,2021,38,리사 (LISA),LALISA,0.0
2021-09-12,2021-09-18,2021,38,리사 (LISA),LALISA (KiT),0.0
2021-09-12,2021-09-18,2021,38,방탄소년단,2 Cool 4 Skool,0.0
2021-09-12,2021-09-18,2021,38,방탄소년단,BE,0.0
2021-09-12,2021-09-18,2021,38,방탄소년단,Butter,0.0
2021-09-12,2021-09-18,2021,38,방탄소년단,DARK&WILD,0.0
2021-09-12,2021-09-18,2021,38,방탄소년단,LOVE YOURSELF 承 `Her`,0.0
2021-09-12,2021-09-18,2021,38,방탄소년단,LOVE YOURSELF 結 `Answer`,0.0
2021-09-12,2021-09-18,2021,38,방탄소년단,LOVE YOURSELF 轉 `Tear`,0.0
2021-09-12,2021-09-18,2021,38,방탄소년단,MAP OF THE SOUL : 7,0.0
2021-09-12,2021-09-18,2021,38,방탄소년단,MAP OF THE SOUL : PERSONA,0.0
2021-09-12,2021-09-18,2021,38,방탄소년단,"O!RUL8,2?",0.0
2021-09-12,2021-09-18,2021,38,방탄소년단,Skool Luv Affair,0.0
2021-09-12,2021-09-18,2021,38,방탄소년단,WINGS,0.0
2021-09-12,2021-09-18,2021,38,방탄소년단,YOU NEVER WALK ALONE,0.0
2021-09-12,2021-09-18,2021,38,방탄소년단,화양연화 Young Forever,0.0
2021-09-12,2021-09-18,2021,38,방탄소년단,화양연화 pt.1,0.0
2021-09-12,2021-09-18,2021,38,방탄소년단,화양연화 pt.2,0.0
2021-09-12,2021-09-18,2021,38,세븐틴,3RD ALBUM ‘An Ode’,0.0
2021-09-12,2021-09-18,2021,38,세븐틴,7th Mini Album `헹가래`,0.0
2021-09-12,2021-09-18,2021,38,세븐틴,8th Mini Album `Your Choice`,0.0
2021-09-12,2021-09-18,2021,38,제니 (JENNIE),SOLO,0.0
2021-09-12,2021-09-18,2021,38,투모로우바이투게더,minisode1 : Blue Hour,0.0
2021-09-12,2021-09-18,2021,38,투모로우바이투게더,꿈의 장: ETERNITY,0.0
2021-09-12,2021-09-18,2021,38,투모로우바이투게더,꿈의 장: MAGIC,0.0
2021-09-12,2021-09-18,2021,38,투모로우바이투게더,꿈의 장: STAR,0.0
2021-09-12,2021-09-18,2021,38,투모로우바이투게더,혼돈의 장: FIGHT OR ESCAPE,0.0
2021-09-12,2021-09-18,2021,38,투모로우바이투게더,혼돈의 장: FREEZE,0.0
2021-09-12,2021-09-18,2021,38,프로미스나인 (fromis_9),Talk & Talk,0.0
2021-09-19,2021-09-25,2021,39,BLACKPINK,KILL THIS LOVE,0.0
2021-09-19,2021-09-25,2021,39,BLACKPINK,SQUARE UP,0.0
2021-09-19,2021-09-25,2021,39,BLACKPINK,THE ALBUM,0.0
2021-09-19,2021-09-25,2021,39,"PATEKO (파테코), Jayci Yucca(제이씨 유카), Kid Wine",어서와요 키카코 하우스,0.0
2021-09-19,2021-09-25,2021,39,TREASURE (트레저),THE FIRST STEP : CHAPTER THREE,0.0
2021-09-19,2021-09-25,2021,39,로제 (ROSE),R,0.0
2021-09-19,2021-09-25,2021,39,리사 (LISA),LALISA,0.0
2021-09-19,2021-09-25,2021,39,리사 (LISA),LALISA (KiT),0.0
2021-09-19,2021-09-25,2021,39,방탄소년단,2 Cool 4 Skool,0.0
2021-09-19,2021-09-25,2021,39,방탄소년단,BE,0.0
2021-09-19,2021-09-25,2021,39,방탄소년단,Butter,0.0
2021-09-19,2021-09-25,2021,39,방탄소년단,DARK&WILD,0.0
2021-09-19,2021-09-25,2021,39,방탄소년단,LOVE YOURSELF 承 `Her`,0.0
2021-09-19,2021-09-25,2021,39,방탄소년단,LOVE YOURSELF 結 `Answer`,0.0
2021-09-19,2021-09-25,2021,39,방탄소년단,LOVE YOURSELF 轉 `Tear`,0.0
2021-09-19,2021-09-25,2021,39,방탄소년단,MAP OF THE SOUL : 7,0.0
2021-09-19,2021-09-25,2021,39,방탄소년단,MAP OF THE SOUL : PERSONA,0.0
2021-09-19,2021-09-25,2021,39,방탄소년단,"O!RUL8,2?",0.0
2021-09-19,2021-09-25,2021,39,방탄소년단,Skool Luv Affair,0.0
2021-09-19,2021-09-25,2021,39,방탄소년단,WINGS,0.0
2021-09-19,2021-09-25,2021,39,방탄소년단,YOU NEVER WALK ALONE,0.0
2021-09-19,2021-09-25,2021,39,방탄소년단,화양연화 Young Forever,0.0
2021-09-19,2021-09-25,2021,39,방탄소년단,화양연화 pt.1,0.0
2021-09-19,2021-09-25,2021,39,방탄소년단,화양연화 pt.2,0.0
2021-09-19,2021-09-25,2021,39,세븐틴,3RD ALBUM ‘An Ode’,0.0
2021-09-19,2021-09-25,2021,39,세븐틴,7th Mini Album `헹가래`,0.0
2021-09-19,2021-09-25,2021,39,세븐틴,Special Album `; [Semicolon]`,0.0
2021-09-19,2021-09-25,2021,39,제니 (JENNIE),SOLO,0.0
2021-09-19,2021-09-25,2021,39,투모로우바이투게더,minisode1 : Blue Hour,0.0
2021-09-19,2021-09-25,2021,39,투모로우바이투게더,꿈의 장: ETERNITY,0.0
2021-09-19,2021-09-25,2021,39,투모로우바이투게더,꿈의 장: MAGIC,0.0
2021-09-19,2021-09-25,2021,39,투모로우바이투게더,꿈의 장: STAR,0.0
2021-09-19,2021-09-25,2021,39,투모로우바이투게더,혼돈의 장: FIGHT OR ESCAPE,0.0
2021-09-19,2021-09-25,2021,39,투모로우바이투게더,혼돈의 장: FREEZE,0.0
2021-09-26,2021-10-02,2021,40,BLACKPINK,KILL THIS LOVE,0.0
2021-09-26,2021-10-02,2021,40,BLACKPINK,SPECIAL EDITION [How You Like That],0.0
2021-09-26,2021-10-02,2021,40,BLACKPINK,SQUARE UP,0.0
2021-09-26,2021-10-02,2021,40,BLACKPINK,THE ALBUM,0.0
2021-09-26,2021-10-02,2021,40,TREASURE (트레저),THE FIRST STEP : CHAPTER TWO,0.0
2021-09-26,2021-10-02,2021,40,TREASURE (트레저),THE FIRST STEP : TREASURE EFFECT,0.0
2021-09-26,2021-10-02,2021,40,김필,처음 만난 그때처럼,0.0
2021-09-26,2021-10-02,2021,40,로제 (ROSE),R,0.0
2021-09-26,2021-10-02,2021,40,리사 (LISA),LALISA,0.0
2021-09-26,2021-10-02,2021,40,방탄소년단,2 Cool 4 Skool,0.0
2021-09-26,2021-10-02,2021,40,방탄소년단,BE,0.0
2021-09-26,2021-10-02,2021,40,방탄소년단,Butter,0.0
2021-09-26,2021-10-02,2021,40,방탄소년단,DARK&WILD,0.0
2021-09-26,2021-10-02,2021,40,방탄소년단,LOVE YOURSELF 承 `Her`,0.0
2021-09-26,2021-10-02,2021,40,방탄소년단,LOVE YOURSELF 結 `Answer`,0.0
2021-09-26,2021-10-02,2021,40,방탄소년단,LOVE YOURSELF 轉 `Tear`,0.0
2021-09-26,2021-10-02,2021,40,방탄소년단,MAP OF THE SOUL : 7,0.0
2021-09-26,2021-10-02,2021,40,방탄소년단,MAP OF THE SOUL : PERSONA,0.0
2021-09-26,2021-10-02,2021,40,방탄소년단,"O!RUL8,2?",0.0
2021-09-26,2021-10-02,2021,40,방탄소년단,Skool Luv Affair,0.0
2021-09-26,2021-10-02,2021,40,방탄소년단,WINGS,0.0
2021-09-26,2021-10-02,2021,40,방탄소년단,YOU NEVER WALK ALONE,0.0
2021-09-26,2021-10-02,2021,40,방탄소년단,화양연화 Young Forever,0.0
2021-09-26,2021-10-02,2021,40,방탄소년단,화양연화 pt.1,0.0
2021-09-26,2021-10-02,2021,40,방탄소년단,화양연화 pt.2,0.0
2021-09-26,2021-10-02,2021,40,세븐틴,3RD ALBUM ‘An Ode’,0.0
2021-09-26,2021-10-02,2021,40,세븐틴,7th Mini Album `헹가래`,0.0
2021-09-26,2021-10-02,2021,40,세븐틴,8th Mini Album `Your Choice`,0.0
2021-09-26,2021-10-02,2021,40,세븐틴,Special Album `; [Semicolon]`,0.0
2021-09-26,2021-10-02,2021,40,제니 (JENNIE),SOLO,0.0
2021-09-26,2021-10-02,2021,40,투모로우바이투게더,minisode1 : Blue Hour,0.0
2021-09-26,2021-10-02,2021,40,투모로우바이투게더,꿈의 장: ETERNITY,0.0
2021-09-26,2021-10-02,2021,40,투모로우바이투게더,꿈의 장: MAGIC,0.0
2021-09-26,2021-10-02,2021,40,투모로우바이투게더,꿈의 장: STAR,0.0
2021-09-26,2021-10-02,2021,40,투모로우바이투게더,혼돈의 장: FIGHT OR ESCAPE,0.0
2021-09-26,2021-10-02,2021,40,투모로우바이투게더,혼돈의 장: FREEZE,0.0
2021-10-03,2021-10-09,2021,41,AKMU (악뮤),항해 (LP),0.0
2021-10-03,2021-10-09,2021,41,BLACKPINK,KILL THIS LOVE,0.0
2021-10-03,2021-10-09,2021,41,BLACKPINK,SPECIAL EDITION [How You Like That],0.0
2021-10-03,2021-10-09,2021,41,BLACKPINK,SQUARE UP,0.0
2021-10-03,2021-10-09,2021,41,BLACKPINK,THE ALBUM,0.0
2021-10-03,2021-10-09,2021,41,TREASURE (트레저),THE FIRST STEP : TREASURE EFFECT,0.0
2021-10-03,2021-10-09,2021,41,로제 (ROSE),R,0.0
2021-10-03,2021-10-09,2021,41,방탄소년단,2 Cool 4 Skool,0.0
2021-10-03,2021-10-09,2021,41,방탄소년단,BE,0.0
2021-10-03,2021-10-09,2021,41,방탄소년단,Butter,0.0
2021-10-03,2021-10-09,2021,41,방탄소년단,DARK&WILD,0.0
2021-10-03,2021-10-09,2021,41,방탄소년단,LOVE YOURSELF 承 `Her`,0.0
2021-10-03,2021-10-09,2021,41,방탄소년단,LOVE YOURSELF 結 `Answer`,0.0
2021-10-03,2021-10-09,2021,41,방탄소년단,LOVE YOURSELF 轉 `Tear`,0.0
2021-10-03,2021-10-09,2021,41,방탄소년단,MAP OF THE SOUL : 7,0.0
2021-10-03,2021-10-09,2021,41,방탄소년단,MAP OF THE SOUL : PERSONA,0.0
2021-10-03,2021-10-09,2021,41,방탄소년단,"O!RUL8,2?",0.0
2021-10-03,2021-10-09,2021,41,방탄소년단,Skool Luv Affair,0.0
2021-10-03,2021-10-09,2021,41,방탄소년단,WINGS,0.0
2021-10-03,2021-10-09,2021,41,방탄소년단,YOU NEVER WALK ALONE,0.0
2021-10-03,2021-10-09,2021,41,방탄소년단,화양연화 Young Forever,0.0
2021-10-03,2021-10-09,2021,41,방탄소년단,화양연화 pt.1,0.0
2021-10-03,2021-10-09,2021,41,방탄소년단,화양연화 pt.2,0.0
2021-10-03,2021-10-09,2021,41,세븐틴,3RD ALBUM ‘An Ode’,0.0
2021-10-03,2021-10-09,2021,41,세븐틴,7th Mini Album `헹가래`,0.0
2021-10-03,2021-10-09,2021,41,세븐틴,Special Album `; [Semicolon]`,0.0
2021-10-03,2021-10-09,2021,41,제니 (JENNIE),SOLO,0.0
2021-10-03,2021-10-09,2021,41,투모로우바이투게더,minisode1 : Blue Hour,0.0
2021-10-03,2021-10-09,2021,41,투모로우바이투게더,꿈의 장: ETERNITY,0.0
2021-10-03,2021-10-09,2021,41,투모로우바이투게더,꿈의 장: MAGIC,0.0
2021-10-03,2021-10-09,2021,41,투모로우바이투게더,꿈의 장: STAR,0.0
2021-10-03,2021-10-09,2021,41,투모로우바이투게더,혼돈의 장: FIGHT OR ESCAPE,0.0
2021-10-03,2021-10-09,2021,41,투모로우바이투게더,혼돈의 장: FREEZE,0.0
2021-10-10,2021-10-16,2021,42,BLACKPINK,KILL THIS LOVE,0.0
2021-10-10,2021-10-16,2021,42,BLACKPINK,THE ALBUM,0.0
2021-10-10,2021-10-16,2021,42,Various Artists,HANG OUT : HIPHOPPLAYA COMPILATION ALBUM 2021,0.0
2021-10-10,2021-10-16,2021,42,로제 (ROSE),R,0.0
2021-10-10,2021-10-16,2021,42,리사 (LISA),LALISA,0.0
2021-10-10,2021-10-16,2021,42,방탄소년단,2 Cool 4 Skool,0.0
2021-10-10,2021-10-16,2021,42,방탄소년단,BE,0.0
2021-10-10,2021-10-16,2021,42,방탄소년단,Butter,0.0
2021-10-10,2021-10-16,2021,42,방탄소년단,DARK&WILD,0.0
2021-10-10,2021-10-16,2021,42,방탄소년단,LOVE YOURSELF 承 `Her`,0.0
2021-10-10,2021-10-16,2021,42,방탄소년단,LOVE YOURSELF 結 `Answer`,0.0
2021-10-10,2021-10-16,2021,42,방탄소년단,LOVE YOURSELF 轉 `Tear`,0.0
2021-10-10,2021-10-16,2021,42,방탄소년단,MAP OF THE SOUL : 7,0.0
2021-10-10,2021-10-16,2021,42,방탄소년단,MAP OF THE SOUL : PERSONA,0.0
2021-10-10,2021-10-16,2021,42,방탄소년단,"O!RUL8,2?",0.0
2021-10-10,2021-10-16,2021,42,방탄소년단,WINGS,0.0
2021-10-10,2021-10-16,2021,42,방탄소년단,YOU NEVER WALK ALONE,0.0
2021-10-10,2021-10-16,2021,42,방탄소년단,화양연화 Young Forever,0.0
2021-10-10,2021-10-16,2021,42,방탄소년단,화양연화 pt.1,0.0
2021-10-10,2021-10-16,2021,42,방탄소년단,화양연화 pt.2,0.0
2021-10-10,2021-10-16,2021,42,세븐틴,3RD ALBUM ‘An Ode’,0.0
2021-10-10,2021-10-16,2021,42,세븐틴,7th Mini Album `헹가래`,0.0
2021-10-10,2021-10-16,2021,42,세븐틴,8th Mini Album `Your Choice`,0.0
2021-10-10,2021-10-16,2021,42,세븐틴,Special Album `; [Semicolon]`,0.0
2021-10-10,2021-10-16,2021,42,제니 (JENNIE),SOLO,0.0
2021-10-10,2021-10-16,2021,42,투모로우바이투게더,minisode1 : Blue Hour,0.0
2021-10-10,2021-10-16,2021,42,투모로우바이투게더,꿈의 장: ETERNITY,0.0
2021-10-10,2021-10-16,2021,42,투모로우바이투게더,꿈의 장: MAGIC,0.0
2021-10-10,2021-10-16,2021,42,투모로우바이투게더,꿈의 장: STAR,0.0
2021-10-10,2021-10-16,2021,42,투모로우바이투게더,혼돈의 장: FIGHT OR ESCAPE,0.0
2021-10-10,2021-10-16,2021,42,투모로우바이투게더,혼돈의 장: FREEZE,0.0
2021-10-17,2021-10-23,2021,43,BLACKPINK,KILL THIS LOVE,0.0
2021-10-17,2021-10-23,2021,43,BLACKPINK,SQUARE UP,0.0
2021-10-17,2021-10-23,2021,43,BLACKPINK,THE ALBUM,0.0
2021-10-17,2021-10-23,2021,43,로제 (ROSE),R,0.0
2021-10-17,2021-10-23,2021,43,방탄소년단,2 Cool 4 Skool,0.0
2021-10-17,2021-10-23,2021,43,방탄소년단,BE,0.0
2021-10-17,2021-10-23,2021,43,방탄소년단,Butter,0.0
2021-10-17,2021-10-23,2021,43,방탄소년단,DARK&WILD,0.0
2021-10-17,2021-10-23,2021,43,방탄소년단,LOVE YOURSELF 承 `Her`,0.0
2021-10-17,2021-10-23,2021,43,방탄소년단,LOVE YOURSELF 結 `Answer`,0.0
2021-10-17,2021-10-23,2021,43,방탄소년단,LOVE YOURSELF 轉 `Tear`,0.0
2021-10-17,2021-10-23,2021,43,방탄소년단,MAP OF THE SOUL : 7,0.0
2021-10-17,2021-10-23,2021,43,방탄소년단,MAP OF THE SOUL : PERSONA,0.0
2021-10-17,2021-10-23,2021,43,방탄소년단,"O!RUL8,2?",0.0
2021-10-17,2021-10-23,2021,43,방탄소년단,WINGS,0.0
2021-10-17,2021-10-23,2021,43,방탄소년단,YOU NEVER WALK ALONE,0.0
2021-10-17,2021-10-23,2021,43,방탄소년단,화양연화 Young Forever,0.0
2021-10-17,2021-10-23,2021,43,방탄소년단,화양연화 pt.1,0.0
2021-10-17,2021-10-23,2021,43,방탄소년단,화양연화 pt.2,0.0
2021-10-17,2021-10-23,2021,43,세븐틴,3RD ALBUM ‘An Ode’,0.0
2021-10-17,2021-10-23,2021,43,세븐틴,7th Mini Album `헹가래`,0.0
2021-10-17,2021-10-23,2021,43,세븐틴,9th Mini Album `Attacca`,0.0
2021-10-17,2021-10-23,2021,43,세븐틴,9th Mini Album `Attacca` (KiT),0.0
2021-10-17,2021-10-23,2021,43,제니 (JENNIE),SOLO,0.0
2021-10-17,2021-10-23,2021,43,투모로우바이투게더,minisode1 : Blue Hour,0.0
2021-10-17,2021-10-23,2021,43,투모로우바이투게더,꿈의 장: ETERNITY,0.0
2021-10-17,2021-10-23,2021,43,투모로우바이투게더,꿈의 장: MAGIC,0.0
2021-10-17,2021-10-23,2021,43,투모로우바이투게더,꿈의 장: STAR,0.0
2021-10-17,2021-10-23,2021,43,투모로우바이투게더,혼돈의 장: FIGHT OR ESCAPE,0.0
2021-10-17,2021-10-23,2021,43,투모로우바이투게더,혼돈의 장: FREEZE,0.0
2021-10-24,2021-10-30,2021,44,BLACKPINK,KILL THIS LOVE,0.0
2021-10-24,2021-10-30,2021,44,BLACKPINK,SPECIAL EDITION [How You Like That],0.0
2021-10-24,2021-10-30,2021,44,BLACKPINK,SQUARE UP,0.0
2021-10-24,2021-10-30,2021,44,BLACKPINK,THE ALBUM,0.0
2021-10-24,2021-10-30,2021,44,방탄소년단,2 Cool 4 Skool,0.0
2021-10-24,2021-10-30,2021,44,방탄소년단,BE,0.0
2021-10-24,2021-10-30,2021,44,방탄소년단,Butter,0.0
2021-10-24,2021-10-30,2021,44,방탄소년단,DARK&WILD,0.0
2021-10-24,2021-10-30,2021,44,방탄소년단,LOVE YOURSELF 承 `Her`,0.0
2021-10-24,2021-10-30,2021,44,방탄소년단,LOVE YOURSELF 結 `Answer`,0.0
2021-10-24,2021-10-30,2021,44,방탄소년단,LOVE YOURSELF 轉 `Tear`,0.0
2021-10-24,2021-10-30,2021,44,방탄소년단,MAP OF THE SOUL : 7,0.0
2021-10-24,2021-10-30,2021,44,방탄소년단,MAP OF THE SOUL : PERSONA,0.0
2021-10-24,2021-10-30,2021,44,방탄소년단,"O!RUL8,2?",0.0
2021-10-24,2021-10-30,2021,44,방탄소년단,Skool Luv Affair,0.0
2021-10-24,2021-10-30,2021,44,방탄소년단,WINGS,0.0
2021-10-24,2021-10-30,2021,44,방탄소년단,YOU NEVER WALK ALONE,0.0
2021-10-24,2021-10-30,2021,44,방탄소년단,화양연화 Young Forever,0.0
2021-10-24,2021-10-30,2021,44,방탄소년단,화양연화 pt.1,0.0
2021-10-24,2021-10-30,2021,44,방탄소년단,화양연화 pt.2,0.0
2021-10-24,2021-10-30,2021,44,세븐틴,3RD ALBUM ‘An Ode’,0.0
2021-10-24,2021-10-30,2021,44,세븐틴,9th Mini Album `Attacca`,0.0
2021-10-24,2021-10-30,2021,44,세븐틴,9th Mini Album `Attacca` (KiT),0.0
2021-10-24,2021-10-30,2021,44,제니 (JENNIE),SOLO,0.0
2021-10-24,2021-10-30,2021,44,투모로우바이투게더,minisode1 : Blue Hour,0.0
2021-10-24,2021-10-30,2021,44,투모로우바이투게더,꿈의 장: ETERNITY,0.0
2021-10-24,2021-10-30,2021,44,투모로우바이투게더,꿈의 장: MAGIC,0.0
2021-10-24,2021-10-30,2021,44,투모로우바이투게더,꿈의 장: STAR,0.0
2021-10-24,2021-10-30,2021,44,투모로우바이투게더,혼돈의 장: FIGHT OR ESCAPE,0.0
2021-10-24,2021-10-30,2021,44,투모로우바이투게더,혼돈의 장: FREEZE,0.0
2021-10-31,2021-11-06,2021,45,BLACKPINK,KILL THIS LOVE,0.0
2021-10-31,2021-11-06,2021,45,BLACKPINK,SPECIAL EDITION [How You Like That],0.0
2021-10-31,2021-11-06,2021,45,BLACKPINK,SQUARE UP,0.0
2021-10-31,2021-11-06,2021,45,BLACKPINK,THE ALBUM,0.0
2021-10-31,2021-11-06,2021,45,로제 (ROSE),R,0.0
2021-10-31,2021-11-06,2021,45,방탄소년단,2 Cool 4 Skool,0.0
2021-10-31,2021-11-06,2021,45,방탄소년단,BE,0.0
2021-10-31,2021-11-06,2021,45,방탄소년단,Butter,0.0
2021-10-31,2021-11-06,2021,45,방탄소년단,DARK&WILD,0.0
2021-10-31,2021-11-06,2021,45,방탄소년단,LOVE YOURSELF 承 `Her`,0.0
2021-10-31,2021-11-06,2021,45,방탄소년단,LOVE YOURSELF 結 `Answer`,0.0
2021-10-31,2021-11-06,2021,45,방탄소년단,LOVE YOURSELF 轉 `Tear`,0.0
2021-10-31,2021-11-06,2021,45,방탄소년단,MAP OF THE SOUL : 7,0.0
2021-10-31,2021-11-06,2021,45,방탄소년단,MAP OF THE SOUL : PERSONA,0.0
2021-10-31,2021-11-06,2021,45,방탄소년단,"O!RUL8,2?",0.0
2021-10-31,2021-11-06,2021,45,방탄소년단,Skool Luv Affair,0.0
2021-10-31,2021-11-06,2021,45,방탄소년단,WINGS,0.0
2021-10-31,2021-11-06,2021,45,방탄소년단,YOU NEVER WALK ALONE,0.0
2021-10-31,2021-11-06,2021,45,방탄소년단,화양연화 Young Forever,0.0
2021-10-31,2021-11-06,2021,45,방탄소년단,화양연화 pt.1,0.0
2021-10-31,2021-11-06,2021,45,방탄소년단,화양연화 pt.2,0.0
2021-10-31,2021-11-06,2021,45,세븐틴,3RD ALBUM ‘An Ode’,0.0
2021-10-31,2021-11-06,2021,45,세븐틴,7th Mini Album `헹가래`,0.0
2021-10-31,2021-11-06,2021,45,세븐틴,9th Mini Album `Attacca`,0.0
2021-10-31,2021-11-06,2021,45,전소미,XOXO,0.0
2021-10-31,2021-11-06,2021,45,전소미,XOXO (KiT),0.0
2021-10-31,2021-11-06,2021,45,제니 (JENNIE),SOLO,0.0
2021-10-31,2021-11-06,2021,45,투모로우바이투게더,minisode1 : Blue Hour,0.0
2021-10-31,2021-11-06,2021,45,투모로우바이투게더,꿈의 장: ETERNITY,0.0
2021-10-31,2021-11-06,2021,45,투모로우바이투게더,꿈의 장: MAGIC,0.0
2021-10-31,2021-11-06,2021,45,투모로우바이투게더,꿈의 장: STAR,0.0
2021-10-31,2021-11-06,2021,45,투모로우바이투게더,혼돈의 장: FIGHT OR ESCAPE,0.0
2021-10-31,2021-11-06,2021,45,투모로우바이투게더,혼돈의 장: FREEZE,0.0
2021-11-07,2021-11-13,2021,46,BLACKPINK,KILL THIS LOVE,0.0
2021-11-07,2021-11-13,2021,46,BLACKPINK,SQUARE UP,0.0
2021-11-07,2021-11-13,2021,46,BLACKPINK,THE ALBUM,0.0
2021-11-07,2021-11-13,2021,46,TREASURE (트레저),THE FIRST STEP : TREASURE EFFECT,0.0
2021-11-07,2021-11-13,2021,46,로제 (ROSE),R,0.0
2021-11-07,2021-11-13,2021,46,리사 (LISA),LALISA,0.0
2021-11-07,2021-11-13,2021,46,방탄소년단,2 Cool 4 Skool,0.0
2021-11-07,2021-11-13,2021,46,방탄소년단,BE,0.0
2021-11-07,2021-11-13,2021,46,방탄소년단,Butter,0.0
2021-11-07,2021-11-13,2021,46,방탄소년단,DARK&WILD,0.0
2021-11-07,2021-11-13,2021,46,방탄소년단,LOVE YOURSELF 承 `Her`,0.0
2021-11-07,2021-11-13,2021,46,방탄소년단,LOVE YOURSELF 結 `Answer`,0.0
2021-11-07,2021-11-13,2021,46,방탄소년단,LOVE YOURSELF 轉 `Tear`,0.0
2021-11-07,2021-11-13,2021,46,방탄소년단,MAP OF THE SOUL : 7,0.0
2021-11-07,2021-11-13,2021,46,방탄소년단,MAP OF THE SOUL : PERSONA,0.0
2021-11-07,2021-11-13,2021,46,방탄소년단,"O!RUL8,2?",0.0
2021-11-07,2021-11-13,2021,46,방탄소년단,Skool Luv Affair,0.0
2021-11-07,2021-11-13,2021,46,방탄소년단,WINGS,0.0
2021-11-07,2021-11-13,2021,46,방탄소년단,YOU NEVER WALK ALONE,0.0
2021-11-07,2021-11-13,2021,46,방탄소년단,화양연화 Young Forever,0.0
2021-11-07,2021-11-13,2021,46,방탄소년단,화양연화 pt.1,0.0
2021-11-07,2021-11-13,2021,46,방탄소년단,화양연화 pt.2,0.0
2021-11-07,2021-11-13,2021,46,세븐틴,3RD ALBUM ‘An Ode’,0.0
2021-11-07,2021-11-13,2021,46,세븐틴,7th Mini Album `헹가래`,0.0
2021-11-07,2021-11-13,2021,46,세븐틴,9th Mini Album `Attacca`,0.0
2021-11-07,2021-11-13,2021,46,세븐틴,Special Album `; [Semicolon]`,0.0
2021-11-07,2021-11-13,2021,46,전소미,XOXO,0.0
2021-11-07,2021-11-13,2021,46,전소미,XOXO (KiT),0.0
2021-11-07,2021-11-13,2021,46,제니 (JENNIE),SOLO,0.0
2021-11-07,2021-11-13,2021,46,투모로우바이투게더,minisode1 : Blue Hour,0.0
2021-11-07,2021-11-13,2021,46,투모로우바이투게더,꿈의 장: ETERNITY,0.0
2021-11-07,2021-11-13,2021,46,투모로우바이투게더,꿈의 장: MAGIC,0.0
2021-11-07,2021-11-13,2021,46,투모로우바이투게더,혼돈의 장: FIGHT OR ESCAPE,0.0
2021-11-07,2021-11-13,2021,46,투모로우바이투게더,혼돈의 장: FREEZE,0.0
2021-11-14,2021-11-20,2021,47,BLACKPINK,KILL THIS LOVE,0.0
2021-11-14,2021-11-20,2021,47,BLACKPINK,SQUARE UP,0.0
2021-11-14,2021-11-20,2021,47,BLACKPINK,THE ALBUM,0.0
2021-11-14,2021-11-20,2021,47,TREASURE (트레저),THE FIRST STEP : TREASURE EFFECT,0.0
2021-11-14,2021-11-20,2021,47,로제 (ROSE),R,0.0
2021-11-14,2021-11-20,2021,47,리사 (LISA),LALISA,0.0
2021-11-14,2021-11-20,2021,47,방탄소년단,2 Cool 4 Skool,0.0
2021-11-14,2021-11-20,2021,47,방탄소년단,BE,0.0
2021-11-14,2021-11-20,2021,47,방탄소년단,Butter,0.0
2021-11-14,2021-11-20,2021,47,방탄소년단,DARK&WILD,0.0
2021-11-14,2021-11-20,2021,47,방탄소년단,LOVE YOURSELF 承 `Her`,0.0
2021-11-14,2021-11-20,2021,47,방탄소년단,LOVE YOURSELF 結 `Answer`,0.0
2021-11-14,2021-11-20,2021,47,방탄소년단,LOVE YOURSELF 轉 `Tear`,0.0
2021-11-14,2021-11-20,2021,47,방탄소년단,MAP OF THE SOUL : 7,0.0
2021-11-14,2021-11-20,2021,47,방탄소년단,MAP OF THE SOUL : PERSONA,0.0
2021-11-14,2021-11-20,2021,47,방탄소년단,"O!RUL8,2?",0.0
2021-11-14,2021-11-20,2021,47,방탄소년단,Skool Luv Affair,0.0
2021-11-14,2021-11-20,2021,47,방탄소년단,WINGS,0.0
2021-11-14,2021-11-20,2021,47,방탄소년단,YOU NEVER WALK ALONE,0.0
2021-11-14,2021-11-20,2021,47,방탄소년단,화양연화 Young Forever,0.0
2021-11-14,2021-11-20,2021,47,방탄소년단,화양연화 pt.1,0.0
2021-11-14,2021-11-20,2021,47,방탄소년단,화양연화 pt.2,0.0
2021-11-14,2021-11-20,2021,47,세븐틴,3RD ALBUM ‘An Ode’,0.0
2021-11-14,2021-11-20,2021,47,세븐틴,7th Mini Album `헹가래`,0.0
2021-11-14,2021-11-20,2021,47,세븐틴,9th Mini Album `Attacca`,0.0
2021-11-14,2021-11-20,2021,47,제니 (JENNIE),SOLO,0.0
2021-11-14,2021-11-20,2021,47,투모로우바이투게더,minisode1 : Blue Hour,0.0
2021-11-14,2021-11-20,2021,47,투모로우바이투게더,꿈의 장: MAGIC,0.0
2021-11-14,2021-11-20,2021,47,투모로우바이투게더,꿈의 장: STAR,0.0
2021-11-14,2021-11-20,2021,47,투모로우바이투게더,혼돈의 장: FIGHT OR ESCAPE,0.0
2021-11-14,2021-11-20,2021,47,투모로우바이투게더,혼돈의 장: FREEZE,0.0
2021-11-21,2021-11-27,2021,48,BLACKPINK,KILL THIS LOVE,0.0
2021-11-21,2021-11-27,2021,48,BLACKPINK,SQUARE UP,0.0
2021-11-21,2021-11-27,2021,48,BLACKPINK,THE ALBUM,0.0
2021-11-21,2021-11-27,2021,48,G-Dragon,권지용 (USB),0.0
2021-11-21,2021-11-27,2021,48,TREASURE (트레저),THE FIRST STEP : TREASURE EFFECT,0.0
2021-11-21,2021-11-27,2021,48,로제 (ROSE),R,0.0
2021-11-21,2021-11-27,2021,48,방탄소년단,2 Cool 4 Skool,0.0
2021-11-21,2021-11-27,2021,48,방탄소년단,BE,0.0
2021-11-21,2021-11-27,2021,48,방탄소년단,Butter,0.0
2021-11-21,2021-11-27,2021,48,방탄소년단,DARK&WILD,0.0
2021-11-21,2021-11-27,2021,48,방탄소년단,LOVE YOURSELF 承 `Her`,0.0
2021-11-21,2021-11-27,2021,48,방탄소년단,LOVE YOURSELF 結 `Answer`,0.0
2021-11-21,2021-11-27,2021,48,방탄소년단,LOVE YOURSELF 轉 `Tear`,0.0
2021-11-21,2021-11-27,2021,48,방탄소년단,MAP OF THE SOUL : 7,0.0
2021-11-21,2021-11-27,2021,48,방탄소년단,MAP OF THE SOUL : PERSONA,0.0
2021-11-21,2021-11-27,2021,48,방탄소년단,"O!RUL8,2?",0.0
2021-11-21,2021-11-27,2021,48,방탄소년단,Skool Luv Affair,0.0
2021-11-21,2021-11-27,2021,48,방탄소년단,WINGS,0.0
2021-11-21,2021-11-27,2021,48,방탄소년단,YOU NEVER WALK ALONE,0.0
2021-11-21,2021-11-27,2021,48,방탄소년단,화양연화 Young Forever,0.0
2021-11-21,2021-11-27,2021,48,방탄소년단,화양연화 pt.1,0.0
2021-11-21,2021-11-27,2021,48,방탄소년단,화양연화 pt.2,0.0
2021-11-21,2021-11-27,2021,48,세븐틴,3RD ALBUM ‘An Ode’,0.0
2021-11-21,2021-11-27,2021,48,세븐틴,7th Mini Album `헹가래`,0.0
2021-11-21,2021-11-27,2021,48,세븐틴,9th Mini Album `Attacca`,0.0
2021-11-21,2021-11-27,2021,48,전소미,XOXO,0.0
2021-11-21,2021-11-27,2021,48,제니 (JENNIE),SOLO,0.0
2021-11-21,2021-11-27,2021,48,투모로우바이투게더,minisode1 : Blue Hour,0.0
2021-11-21,2021-11-27,2021,48,투모로우바이투게더,꿈의 장: ETERNITY,0.0
2021-11-21,2021-11-27,2021,48,투모로우바이투게더,꿈의 장: MAGIC,0.0
2021-11-21,2021-11-27,2021,48,투모로우바이투게더,꿈의 장: STAR,0.0
2021-11-21,2021-11-27,2021,48,투모로우바이투게더,혼돈의 장: FIGHT OR ESCAPE,0.0
2021-11-21,2021-11-27,2021,48,투모로우바이투게더,혼돈의 장: FREEZE,0.0
2021-11-28,2021-12-04,2021,49,AKMU (악뮤),NEXT EPISODE (LP),0.0
2021-11-28,2021-12-04,2021,49,BLACKPINK,KILL THIS LOVE,0.0
2021-11-28,2021-12-04,2021,49,BLACKPINK,SQUARE UP,0.0
2021-11-28,2021-12-04,2021,49,BLACKPINK,THE ALBUM,0.0
2021-11-28,2021-12-04,2021,49,TREASURE (트레저),THE FIRST STEP : TREASURE EFFECT,0.0
2021-11-28,2021-12-04,2021,49,unofficialboyy,이수린ackermann,0.0
2021-11-28,2021-12-04,2021,49,로제 (ROSE),R,0.0
2021-11-28,2021-12-04,2021,49,방탄소년단,2 Cool 4 Skool,0.0
2021-11-28,2021-12-04,2021,49,방탄소년단,BE,0.0
2021-11-28,2021-12-04,2021,49,방탄소년단,Butter,0.0
2021-11-28,2021-12-04,2021,49,방탄소년단,DARK&WILD,0.0
2021-11-28,2021-12-04,2021,49,방탄소년단,LOVE YOURSELF 承 `Her`,0.0
2021-11-28,2021-12-04,2021,49,방탄소년단,LOVE YOURSELF 結 `Answer`,0.0
2021-11-28,2021-12-04,2021,49,방탄소년단,LOVE YOURSELF 轉 `Tear`,0.0
2021-11-28,2021-12-04,2021,49,방탄소년단,MAP OF THE SOUL : 7,0.0
2021-11-28,2021-12-04,2021,49,방탄소년단,MAP OF THE SOUL : PERSONA,0.0
2021-11-28,2021-12-04,2021,49,방탄소년단,"O!RUL8,2?",0.0
2021-11-28,2021-12-04,2021,49,방탄소년단,Skool Luv Affair,0.0
2021-11-28,2021-12-04,2021,49,방탄소년단,WINGS,0.0
2021-11-28,2021-12-04,2021,49,방탄소년단,YOU NEVER WALK ALONE,0.0
2021-11-28,2021-12-04,2021,49,방탄소년단,화양연화 pt.1,0.0
2021-11-28,2021-12-04,2021,49,방탄소년단,화양연화 pt.2,0.0
2021-11-28,2021-12-04,2021,49,세븐틴,3RD ALBUM ‘An Ode’,0.0
2021-11-28,2021-12-04,2021,49,세븐틴,9th Mini Album `Attacca`,0.0
2021-11-28,2021-12-04,2021,49,제니 (JENNIE),SOLO,0.0
2021-11-28,2021-12-04,2021,49,투모로우바이투게더,minisode1 : Blue Hour,0.0
2021-11-28,2021-12-04,2021,49,투모로우바이투게더,꿈의 장: ETERNITY,0.0
2021-11-28,2021-12-04,2021,49,투모로우바이투게더,꿈의 장: MAGIC,0.0
2021-11-28,2021-12-04,2021,49,투모로우바이투게더,꿈의 장: STAR,0.0
2021-11-28,2021-12-04,2021,49,투모로우바이투게더,혼돈의 장: FIGHT OR ESCAPE,0.0
2021-11-28,2021-12-04,2021,49,투모로우바이투게더,혼돈의 장: FREEZE,0.0
2021-12-05,2021-12-11,2021,50,BLACKPINK,KILL THIS LOVE,0.0
2021-12-05,2021-12-11,2021,50,BLACKPINK,SPECIAL EDITION [How You Like That],0.0
2021-12-05,2021-12-11,2021,50,BLACKPINK,SQUARE UP,0.0
2021-12-05,2021-12-11,2021,50,BLACKPINK,THE ALBUM,0.0
2021-12-05,2021-12-11,2021,50,TREASURE (트레저),THE FIRST STEP : CHAPTER ONE,0.0
2021-12-05,2021-12-11,2021,50,TREASURE (트레저),THE FIRST STEP : CHAPTER TWO,0.0
2021-12-05,2021-12-11,2021,50,TREASURE (트레저),THE FIRST STEP : TREASURE EFFECT,0.0
2021-12-05,2021-12-11,2021,50,로제 (ROSE),R,0.0
2021-12-05,2021-12-11,2021,50,리사 (LISA),LALISA,0.0
2021-12-05,2021-12-11,2021,50,방탄소년단,2 Cool 4 Skool,0.0
2021-12-05,2021-12-11,2021,50,방탄소년단,BE,0.0
2021-12-05,2021-12-11,2021,50,방탄소년단,Butter,0.0
2021-12-05,2021-12-11,2021,50,방탄소년단,DARK&WILD,0.0
2021-12-05,2021-12-11,2021,50,방탄소년단,LOVE YOURSELF 承 `Her`,0.0
2021-12-05,2021-12-11,2021,50,방탄소년단,LOVE YOURSELF 結 `Answer`,0.0
2021-12-05,2021-12-11,2021,50,방탄소년단,LOVE YOURSELF 轉 `Tear`,0.0
2021-12-05,2021-12-11,2021,50,방탄소년단,MAP OF THE SOUL : 7,0.0
2021-12-05,2021-12-11,2021,50,방탄소년단,MAP OF THE SOUL : PERSONA,0.0
2021-12-05,2021-12-11,2021,50,방탄소년단,"O!RUL8,2?",0.0
2021-12-05,2021-12-11,2021,50,방탄소년단,Skool Luv Affair,0.0
2021-12-05,2021-12-11,2021,50,방탄소년단,WINGS,0.0
2021-12-05,2021-12-11,2021,50,방탄소년단,YOU NEVER WALK ALONE,0.0
2021-12-05,2021-12-11,2021,50,방탄소년단,화양연화 Young Forever,0.0
2021-12-05,2021-12-11,2021,50,방탄소년단,화양연화 pt.1,0.0
2021-12-05,2021-12-11,2021,50,방탄소년단,화양연화 pt.2,0.0
2021-12-05,2021-12-11,2021,50,세븐틴,3RD ALBUM ‘An Ode’,0.0
2021-12-05,2021-12-11,2021,50,세븐틴,7th Mini Album `헹가래`,0.0
2021-12-05,2021-12-11,2021,50,세븐틴,9th Mini Album `Attacca`,0.0
2021-12-05,2021-12-11,2021,50,세븐틴,Special Album `; [Semicolon]`,0.0
2021-12-05,2021-12-11,2021,50,제니 (JENNIE),SOLO,0.0
2021-12-05,2021-12-11,2021,50,투모로우바이투게더,minisode1 : Blue Hour,0.0
2021-12-05,2021-12-11,2021,50,투모로우바이투게더,꿈의 장: ETERNITY,0.0
2021-12-05,2021-12-11,2021,50,투모로우바이투게더,꿈의 장: MAGIC,0.0
2021-12-05,2021-12-11,2021,50,투모로우바이투게더,꿈의 장: STAR,0.0
2021-12-05,2021-12-11,2021,50,투모로우바이투게더,혼돈의 장: FIGHT OR ESCAPE,0.0
2021-12-05,2021-12-11,2021,50,투모로우바이투게더,혼돈의 장: FREEZE,0.0
2021-12-12,2021-12-18,2021,51,BLACKPINK,KILL THIS LOVE,0.0
2021-12-12,2021-12-18,2021,51,BLACKPINK,SQUARE UP,0.0
2021-12-12,2021-12-18,2021,51,BLACKPINK,THE ALBUM,0.0
2021-12-12,2021-12-18,2021,51,G-Dragon,권지용 (USB),0.0
2021-12-12,2021-12-18,2021,51,MINO (송민호),"""TO INFINITY.""",0.0
2021-12-12,2021-12-18,2021,51,MINO (송민호),"""TO INFINITY."" (KiT)",0.0
2021-12-12,2021-12-18,2021,51,TREASURE (트레저),THE FIRST STEP : TREASURE EFFECT,0.0
2021-12-12,2021-12-18,2021,51,로제 (ROSE),R,0.0
2021-12-12,2021-12-18,2021,51,리사 (LISA),LALISA,0.0
2021-12-12,2021-12-18,2021,51,방탄소년단,2 Cool 4 Skool,0.0
2021-12-12,2021-12-18,2021,51,방탄소년단,BE,0.0
2021-12-12,2021-12-18,2021,51,방탄소년단,Butter,0.0
2021-12-12,2021-12-18,2021,51,방탄소년단,DARK&WILD,0.0
2021-12-12,2021-12-18,2021,51,방탄소년단,LOVE YOURSELF 承 `Her`,0.0
2021-12-12,2021-12-18,2021,51,방탄소년단,LOVE YOURSELF 結 `Answer`,0.0
2021-12-12,2021-12-18,2021,51,방탄소년단,LOVE YOURSELF 轉 `Tear`,0.0
2021-12-12,2021-12-18,2021,51,방탄소년단,MAP OF THE SOUL : 7,0.0
2021-12-12,2021-12-18,2021,51,방탄소년단,MAP OF THE SOUL : PERSONA,0.0
2021-12-12,2021-12-18,2021,51,방탄소년단,"O!RUL8,2?",0.0
2021-12-12,2021-12-18,2021,51,방탄소년단,Skool Luv Affair,0.0
2021-12-12,2021-12-18,2021,51,방탄소년단,WINGS,0.0
2021-12-12,2021-12-18,2021,51,방탄소년단,YOU NEVER WALK ALONE,0.0
2021-12-12,2021-12-18,2021,51,방탄소년단,화양연화 Young Forever,0.0
2021-12-12,2021-12-18,2021,51,방탄소년단,화양연화 pt.1,0.0
2021-12-12,2021-12-18,2021,51,방탄소년단,화양연화 pt.2,0.0
2021-12-12,2021-12-18,2021,51,세븐틴,3RD ALBUM ‘An Ode’,0.0
2021-12-12,2021-12-18,2021,51,세븐틴,7th Mini Album `헹가래`,0.0
2021-12-12,2021-12-18,2021,51,세븐틴,9th Mini Album `Attacca`,0.0
2021-12-12,2021-12-18,2021,51,세븐틴,Special Album `; [Semicolon]`,0.0
2021-12-12,2021-12-18,2021,51,전소미,XOXO,0.0
2021-12-12,2021-12-18,2021,51,제니 (JENNIE),SOLO,0.0
2021-12-12,2021-12-18,2021,51,투모로우바이투게더,minisode1 : Blue Hour,0.0
2021-12-12,2021-12-18,2021,51,투모로우바이투게더,꿈의 장: ETERNITY,0.0
2021-12-12,2021-12-18,2021,51,투모로우바이투게더,꿈의 장: MAGIC,0.0
2021-12-12,2021-12-18,2021,51,투모로우바이투게더,꿈의 장: STAR,0.0
2021-12-12,2021-12-18,2021,51,투모로우바이투게더,혼돈의 장: FIGHT OR ESCAPE,0.0
2021-12-12,2021-12-18,2021,51,투모로우바이투게더,혼돈의 장: FREEZE,0.0
2021-12-19,2021-12-25,2021,52,BLACKPINK,KILL THIS LOVE,0.0
2021-12-19,2021-12-25,2021,52,BLACKPINK,SQUARE UP,0.0
2021-12-19,2021-12-25,2021,52,BLACKPINK,THE ALBUM,0.0
2021-12-19,2021-12-25,2021,52,MINO (송민호),"""TO INFINITY.""",0.0
2021-12-19,2021-12-25,2021,52,TREASURE (트레저),THE FIRST STEP : CHAPTER ONE,0.0
2021-12-19,2021-12-25,2021,52,TREASURE (트레저),THE FIRST STEP : CHAPTER TWO,0.0
2021-12-19,2021-12-25,2021,52,TREASURE (트레저),THE FIRST STEP : TREASURE EFFECT,0.0
2021-12-19,2021-12-25,2021,52,로제 (ROSE),R,0.0
2021-12-19,2021-12-25,2021,52,리사 (LISA),LALISA,0.0
2021-12-19,2021-12-25,2021,52,방탄소년단,2 Cool 4 Skool,0.0
2021-12-19,2021-12-25,2021,52,방탄소년단,BE,0.0
2021-12-19,2021-12-25,2021,52,방탄소년단,Butter,0.0
2021-12-19,2021-12-25,2021,52,방탄소년단,DARK&WILD,0.0
2021-12-19,2021-12-25,2021,52,방탄소년단,LOVE YOURSELF 承 `Her`,0.0
2021-12-19,2021-12-25,2021,52,방탄소년단,LOVE YOURSELF 結 `Answer`,0.0
2021-12-19,2021-12-25,2021,52,방탄소년단,LOVE YOURSELF 轉 `Tear`,0.0
2021-12-19,2021-12-25,2021,52,방탄소년단,MAP OF THE SOUL : 7,0.0
2021-12-19,2021-12-25,2021,52,방탄소년단,MAP OF THE SOUL : PERSONA,0.0
2021-12-19,2021-12-25,2021,52,방탄소년단,"O!RUL8,2?",0.0
2021-12-19,2021-12-25,2021,52,방탄소년단,Skool Luv Affair,0.0
2021-12-19,2021-12-25,2021,52,방탄소년단,WINGS,0.0
2021-12-19,2021-12-25,2021,52,방탄소년단,YOU NEVER WALK ALONE,0.0
2021-12-19,2021-12-25,2021,52,방탄소년단,화양연화 Young Forever,0.0
2021-12-19,2021-12-25,2021,52,방탄소년단,화양연화 pt.1,0.0
2021-12-19,2021-12-25,2021,52,방탄소년단,화양연화 pt.2,0.0
2021-12-19,2021-12-25,2021,52,세븐틴,3RD ALBUM ‘An Ode’,0.0
2021-12-19,2021-12-25,2021,52,세븐틴,7th Mini Album `헹가래`,0.0
2021-12-19,2021-12-25,2021,52,세븐틴,9th Mini Album `Attacca`,0.0
2021-12-19,2021-12-25,2021,52,세븐틴,Special Album `; [Semicolon]`,0.0
2021-12-19,2021-12-25,2021,52,전소미,XOXO,0.0
2021-12-19,2021-12-25,2021,52,제니 (JENNIE),SOLO,0.0
2021-12-19,2021-12-25,2021,52,투모로우바이투게더,minisode1 : Blue Hour,0.0
2021-12-19,2021-12-25,2021,52,투모로우바이투게더,꿈의 장: ETERNITY,0.0
2021-12-19,2021-12-25,2021,52,투모로우바이투게더,꿈의 장: MAGIC,0.0
2021-12-19,2021-12-25,2021,52,투모로우바이투게더,꿈의 장: STAR,0.0
2021-12-19,2021-12-25,2021,52,투모로우바이투게더,혼돈의 장: FIGHT OR ESCAPE,0.0
2021-12-19,2021-12-25,2021,52,투모로우바이투게더,혼돈의 장: FREEZE,0.0
2021-12-26,2022-01-01,2022,1,리사 (LISA),LALISA (LP),15444.0
2021-12-26,2022-01-01,2022,1,방탄소년단,2 Cool 4 Skool,1079.0
2021-12-26,2022-01-01,2022,1,방탄소년단,BE,718.0
2021-12-26,2022-01-01,2022,1,방탄소년단,Butter,3974.0
2021-12-26,2022-01-01,2022,1,방탄소년단,DARK&WILD,1166.0
2021-12-26,2022-01-01,2022,1,방탄소년단,LOVE YOURSELF 承 `Her`,2133.0
2021-12-26,2022-01-01,2022,1,방탄소년단,LOVE YOURSELF 結 `Answer`,2137.0
2021-12-26,2022-01-01,2022,1,방탄소년단,LOVE YOURSELF 轉 `Tear`,2990.0
2021-12-26,2022-01-01,2022,1,방탄소년단,MAP OF THE SOUL : 7,3002.0
2021-12-26,2022-01-01,2022,1,방탄소년단,MAP OF THE SOUL : PERSONA,3250.0
2021-12-26,2022-01-01,2022,1,방탄소년단,"O!RUL8,2?",1048.0
2021-12-26,2022-01-01,2022,1,방탄소년단,Skool Luv Affair,1025.0
2021-12-26,2022-01-01,2022,1,방탄소년단,WINGS,596.0
2021-12-26,2022-01-01,2022,1,방탄소년단,YOU NEVER WALK ALONE,1177.0
2021-12-26,2022-01-01,2022,1,방탄소년단,화양연화 Young Forever,356.0
2021-12-26,2022-01-01,2022,1,방탄소년단,화양연화 pt.1,591.0
2021-12-26,2022-01-01,2022,1,방탄소년단,화양연화 pt.2,1182.0
2021-12-26,2022-01-01,2022,1,세븐틴,3RD ALBUM ‘An Ode’,2621.0
2021-12-26,2022-01-01,2022,1,세븐틴,7th Mini Album `헹가래`,1269.0
2021-12-26,2022-01-01,2022,1,세븐틴,8th Mini Album `Your Choice`,208.0
2021-12-26,2022-01-01,2022,1,세븐틴,9th Mini Album `Attacca`,2101.0
2021-12-26,2022-01-01,2022,1,세븐틴,Special Album `; [Semicolon]`,731.0
2021-12-26,2022-01-01,2022,1,투모로우바이투게더,minisode1 : Blue Hour,6712.0
2021-12-26,2022-01-01,2022,1,투모로우바이투게더,꿈의 장: ETERNITY,1464.0
2021-12-26,2022-01-01,2022,1,투모로우바이투게더,꿈의 장: MAGIC,1743.0
2021-12-26,2022-01-01,2022,1,투모로우바이투게더,꿈의 장: STAR,1628.0
2021-12-26,2022-01-01,2022,1,투모로우바이투게더,혼돈의 장: FIGHT OR ESCAPE,5350.0
2021-12-26,2022-01-01,2022,1,투모로우바이투게더,혼돈의 장: FREEZE,6898.0
2022-01-02,2022-01-08,2022,2,AKMU (악뮤),항해 (LP),5803.0
2022-01-02,2022-01-08,2022,2,BLACKPINK,KILL THIS LOVE,1980.0
2022-01-02,2022-01-08,2022,2,BLACKPINK,SPECIAL EDITION [How You Like That],1873.0
2022-01-02,2022-01-08,2022,2,BLACKPINK,SQUARE UP,3213.0
2022-01-02,2022-01-08,2022,2,BLACKPINK,THE ALBUM,3508.0
2022-01-02,2022-01-08,2022,2,TREASURE (트레저),THE FIRST STEP : CHAPTER ONE,727.0
2022-01-02,2022-01-08,2022,2,TREASURE (트레저),THE FIRST STEP : CHAPTER THREE,1121.0
2022-01-02,2022-01-08,2022,2,TREASURE (트레저),THE FIRST STEP : CHAPTER TWO,1151.0
2022-01-02,2022-01-08,2022,2,TREASURE (트레저),THE FIRST STEP : TREASURE EFFECT,1603.0
2022-01-02,2022-01-08,2022,2,로제 (ROSE),R,1139.0
2022-01-02,2022-01-08,2022,2,리사 (LISA),LALISA,1072.0
2022-01-02,2022-01-08,2022,2,리사 (LISA),LALISA (LP),14347.0
2022-01-02,2022-01-08,2022,2,방탄소년단,2 Cool 4 Skool,3732.0
2022-01-02,2022-01-08,2022,2,방탄소년단,BE,3151.0
2022-01-02,2022-01-08,2022,2,방탄소년단,Butter,11766.0
2022-01-02,2022-01-08,2022,2,방탄소년단,DARK&WILD,3226.0
2022-01-02,2022-01-08,2022,2,방탄소년단,LOVE YOURSELF 承 `Her`,10022.0
2022-01-02,2022-01-08,2022,2,방탄소년단,LOVE YOURSELF 結 `Answer`,13060.0
2022-01-02,2022-01-08,2022,2,방탄소년단,LOVE YOURSELF 轉 `Tear`,12300.0
2022-01-02,2022-01-08,2022,2,방탄소년단,MAP OF THE SOUL : 7,10598.0
2022-01-02,2022-01-08,2022,2,방탄소년단,MAP OF THE SOUL : PERSONA,12916.0
2022-01-02,2022-01-08,2022,2,방탄소년단,"O!RUL8,2?",2437.0
2022-01-02,2022-01-08,2022,2,방탄소년단,Skool Luv Affair,2036.0
2022-01-02,2022-01-08,2022,2,방탄소년단,WINGS,5116.0
2022-01-02,2022-01-08,2022,2,방탄소년단,YOU NEVER WALK ALONE,5973.0
2022-01-02,2022-01-08,2022,2,방탄소년단,화양연화 Young Forever,5146.0
2022-01-02,2022-01-08,2022,2,방탄소년단,화양연화 pt.1,3908.0
2022-01-02,2022-01-08,2022,2,방탄소년단,화양연화 pt.2,4046.0
2022-01-02,2022-01-08,2022,2,세븐틴,3RD ALBUM ‘An Ode’,3228.0
2022-01-02,2022-01-08,2022,2,세븐틴,7th Mini Album `헹가래`,2481.0
2022-01-02,2022-01-08,2022,2,세븐틴,9th Mini Album `Attacca`,5760.0
2022-01-02,2022-01-08,2022,2,세븐틴,Special Album `; [Semicolon]`,760.0
2022-01-02,2022-01-08,2022,2,전소미,XOXO,669.0
2022-01-02,2022-01-08,2022,2,제니 (JENNIE),SOLO,1338.0
2022-01-02,2022-01-08,2022,2,투모로우바이투게더,minisode1 : Blue Hour,6907.0
2022-01-02,2022-01-08,2022,2,투모로우바이투게더,꿈의 장: ETERNITY,2260.0
2022-01-02,2022-01-08,2022,2,투모로우바이투게더,꿈의 장: MAGIC,3257.0
2022-01-02,2022-01-08,2022,2,투모로우바이투게더,꿈의 장: STAR,2348.0
2022-01-02,2022-01-08,2022,2,투모로우바이투게더,혼돈의 장: FIGHT OR ESCAPE,9502.0
2022-01-02,2022-01-08,2022,2,투모로우바이투게더,혼돈의 장: FREEZE,3213.0
2022-01-09,2022-01-15,2022,3,BLACKPINK,KILL THIS LOVE,1162.0
2022-01-09,2022-01-15,2022,3,BLACKPINK,SPECIAL EDITION [How You Like That],529.0
2022-01-09,2022-01-15,2022,3,BLACKPINK,SQUARE UP,1263.0
2022-01-09,2022-01-15,2022,3,BLACKPINK,THE ALBUM,3764.0
2022-01-09,2022-01-15,2022,3,TREASURE (트레저),THE FIRST STEP : CHAPTER ONE,591.0
2022-01-09,2022-01-15,2022,3,TREASURE (트레저),THE FIRST STEP : TREASURE EFFECT,918.0
2022-01-09,2022-01-15,2022,3,로제 (ROSE),R,940.0
2022-01-09,2022-01-15,2022,3,리사 (LISA),LALISA,2388.0
2022-01-09,2022-01-15,2022,3,방탄소년단,2 Cool 4 Skool,1395.0
2022-01-09,2022-01-15,2022,3,방탄소년단,BE,4815.0
2022-01-09,2022-01-15,2022,3,방탄소년단,Butter,7244.0
2022-01-09,2022-01-15,2022,3,방탄소년단,DARK&WILD,2653.0
2022-01-09,2022-01-15,2022,3,방탄소년단,LOVE YOURSELF 承 `Her`,6042.0
2022-01-09,2022-01-15,2022,3,방탄소년단,LOVE YOURSELF 結 `Answer`,8581.0
2022-01-09,2022-01-15,2022,3,방탄소년단,LOVE YOURSELF 轉 `Tear`,10492.0
2022-01-09,2022-01-15,2022,3,방탄소년단,MAP OF THE SOUL : 7,4930.0
2022-01-09,2022-01-15,2022,3,방탄소년단,MAP OF THE SOUL : PERSONA,7934.0
2022-01-09,2022-01-15,2022,3,방탄소년단,"O!RUL8,2?",2045.0
2022-01-09,2022-01-15,2022,3,방탄소년단,Skool Luv Affair,2018.0
2022-01-09,2022-01-15,2022,3,방탄소년단,WINGS,2736.0
2022-01-09,2022-01-15,2022,3,방탄소년단,YOU NEVER WALK ALONE,3072.0
2022-01-09,2022-01-15,2022,3,방탄소년단,화양연화 Young Forever,5650.0
2022-01-09,2022-01-15,2022,3,방탄소년단,화양연화 pt.1,1095.0
2022-01-09,2022-01-15,2022,3,방탄소년단,화양연화 pt.2,2535.0
2022-01-09,2022-01-15,2022,3,세븐틴,3RD ALBUM ‘An Ode’,5237.0
2022-01-09,2022-01-15,2022,3,세븐틴,7th Mini Album `헹가래`,2374.0
2022-01-09,2022-01-15,2022,3,세븐틴,8th Mini Album `Your Choice`,420.0
2022-01-09,2022-01-15,2022,3,세븐틴,9th Mini Album `Attacca`,5180.0
2022-01-09,2022-01-15,2022,3,세븐틴,Special Album `; [Semicolon]`,1135.0
2022-01-09,2022-01-15,2022,3,제니 (JENNIE),SOLO,1067.0
2022-01-09,2022-01-15,2022,3,투모로우바이투게더,minisode1 : Blue Hour,6615.0
2022-01-09,2022-01-15,2022,3,투모로우바이투게더,꿈의 장: ETERNITY,1800.0
2022-01-09,2022-01-15,2022,3,투모로우바이투게더,꿈의 장: MAGIC,6128.0
2022-01-09,2022-01-15,2022,3,투모로우바이투게더,꿈의 장: STAR,2541.0
2022-01-09,2022-01-15,2022,3,투모로우바이투게더,혼돈의 장: FIGHT OR ESCAPE,9510.0
2022-01-09,2022-01-15,2022,3,투모로우바이투게더,혼돈의 장: FREEZE,6112.0
2022-01-16,2022-01-22,2022,4,AKMU (악뮤),NEXT EPISODE (LP),915.0
2022-01-16,2022-01-22,2022,4,BLACKPINK,KILL THIS LOVE,4261.0
2022-01-16,2022-01-22,2022,4,BLACKPINK,SPECIAL EDITION [How You Like That],824.0
2022-01-16,2022-01-22,2022,4,BLACKPINK,SQUARE UP,3004.0
2022-01-16,2022-01-22,2022,4,BLACKPINK,THE ALBUM,2792.0
2022-01-16,2022-01-22,2022,4,TREASURE (트레저),THE FIRST STEP : TREASURE EFFECT,1928.0
2022-01-16,2022-01-22,2022,4,로제 (ROSE),R,1373.0
2022-01-16,2022-01-22,2022,4,방탄소년단,2 Cool 4 Skool,2143.0
2022-01-16,2022-01-22,2022,4,방탄소년단,BE,2143.0
2022-01-16,2022-01-22,2022,4,방탄소년단,Butter,5630.0
2022-01-16,2022-01-22,2022,4,방탄소년단,DARK&WILD,1505.0
2022-01-16,2022-01-22,2022,4,방탄소년단,LOVE YOURSELF 承 `Her`,8334.0
2022-01-16,2022-01-22,2022,4,방탄소년단,LOVE YOURSELF 結 `Answer`,2669.0
2022-01-16,2022-01-22,2022,4,방탄소년단,LOVE YOURSELF 轉 `Tear`,6144.0
2022-01-16,2022-01-22,2022,4,방탄소년단,MAP OF THE SOUL : 7,3296.0
2022-01-16,2022-01-22,2022,4,방탄소년단,MAP OF THE SOUL : PERSONA,5998.0
2022-01-16,2022-01-22,2022,4,방탄소년단,"O!RUL8,2?",1175.0
2022-01-16,2022-01-22,2022,4,방탄소년단,Skool Luv Affair,2526.0
2022-01-16,2022-01-22,2022,4,방탄소년단,WINGS,1798.0
2022-01-16,2022-01-22,2022,4,방탄소년단,YOU NEVER WALK ALONE,1334.0
2022-01-16,2022-01-22,2022,4,방탄소년단,화양연화 Young Forever,988.0
2022-01-16,2022-01-22,2022,4,방탄소년단,화양연화 pt.1,1771.0
2022-01-16,2022-01-22,2022,4,방탄소년단,화양연화 pt.2,2380.0
2022-01-16,2022-01-22,2022,4,세븐틴,3RD ALBUM ‘An Ode’,4585.0
2022-01-16,2022-01-22,2022,4,세븐틴,7th Mini Album `헹가래`,2381.0
2022-01-16,2022-01-22,2022,4,세븐틴,8th Mini Album `Your Choice`,912.0
2022-01-16,2022-01-22,2022,4,세븐틴,9th Mini Album `Attacca`,4232.0
2022-01-16,2022-01-22,2022,4,세븐틴,Special Album `; [Semicolon]`,1278.0
2022-01-16,2022-01-22,2022,4,제니 (JENNIE),SOLO,1137.0
2022-01-16,2022-01-22,2022,4,투모로우바이투게더,minisode1 : Blue Hour,2825.0
2022-01-16,2022-01-22,2022,4,투모로우바이투게더,꿈의 장: ETERNITY,2294.0
2022-01-16,2022-01-22,2022,4,투모로우바이투게더,꿈의 장: MAGIC,1602.0
2022-01-16,2022-01-22,2022,4,투모로우바이투게더,꿈의 장: STAR,1835.0
2022-01-16,2022-01-22,2022,4,투모로우바이투게더,혼돈의 장: FIGHT OR ESCAPE,5056.0
2022-01-16,2022-01-22,2022,4,투모로우바이투게더,혼돈의 장: FREEZE,2168.0
2022-01-16,2022-01-22,2022,4,프로미스나인 (fromis_9),Midnight Guest,119557.0
2022-01-16,2022-01-22,2022,4,프로미스나인 (fromis_9),Midnight Guest (KiT),6000.0
2022-01-23,2022-01-29,2022,5,BLACKPINK,KILL THIS LOVE,2079.0
2022-01-23,2022-01-29,2022,5,BLACKPINK,SQUARE UP,1179.0
2022-01-23,2022-01-29,2022,5,BLACKPINK,THE ALBUM,2286.0
2022-01-23,2022-01-29,2022,5,TREASURE (트레저),THE FIRST STEP : CHAPTER TWO,608.0
2022-01-23,2022-01-29,2022,5,TREASURE (트레저),THE FIRST STEP : TREASURE EFFECT,657.0
2022-01-23,2022-01-29,2022,5,로제 (ROSE),R,833.0
2022-01-23,2022-01-29,2022,5,리사 (LISA),LALISA (LP),6075.0
2022-01-23,2022-01-29,2022,5,방탄소년단,2 Cool 4 Skool,2450.0
2022-01-23,2022-01-29,2022,5,방탄소년단,BE,2211.0
2022-01-23,2022-01-29,2022,5,방탄소년단,Butter,5326.0
2022-01-23,2022-01-29,2022,5,방탄소년단,DARK&WILD,2216.0
2022-01-23,2022-01-29,2022,5,방탄소년단,LOVE YOURSELF 承 `Her`,5777.0
2022-01-23,2022-01-29,2022,5,방탄소년단,LOVE YOURSELF 結 `Answer`,5421.0
2022-01-23,2022-01-29,2022,5,방탄소년단,LOVE YOURSELF 轉 `Tear`,7610.0
2022-01-23,2022-01-29,2022,5,방탄소년단,MAP OF THE SOUL : 7,4587.0
2022-01-23,2022-01-29,2022,5,방탄소년단,MAP OF THE SOUL : PERSONA,4839.0
2022-01-23,2022-01-29,2022,5,방탄소년단,"O!RUL8,2?",2639.0
2022-01-23,2022-01-29,2022,5,방탄소년단,Skool Luv Affair,1804.0
2022-01-23,2022-01-29,2022,5,방탄소년단,WINGS,3754.0
2022-01-23,2022-01-29,2022,5,방탄소년단,YOU NEVER WALK ALONE,3302.0
2022-01-23,2022-01-29,2022,5,방탄소년단,화양연화 Young Forever,823.0
2022-01-23,2022-01-29,2022,5,방탄소년단,화양연화 pt.1,1981.0
2022-01-23,2022-01-29,2022,5,방탄소년단,화양연화 pt.2,2789.0
2022-01-23,2022-01-29,2022,5,세븐틴,3RD ALBUM ‘An Ode’,7519.0
2022-01-23,2022-01-29,2022,5,세븐틴,7th Mini Album `헹가래`,3649.0
2022-01-23,2022-01-29,2022,5,세븐틴,9th Mini Album `Attacca`,3721.0
2022-01-23,2022-01-29,2022,5,세븐틴,Special Album `; [Semicolon]`,1615.0
2022-01-23,2022-01-29,2022,5,제니 (JENNIE),SOLO,546.0
2022-01-23,2022-01-29,2022,5,투모로우바이투게더,minisode1 : Blue Hour,4484.0
2022-01-23,2022-01-29,2022,5,투모로우바이투게더,꿈의 장: ETERNITY,1578.0
2022-01-23,2022-01-29,2022,5,투모로우바이투게더,꿈의 장: MAGIC,1557.0
2022-01-23,2022-01-29,2022,5,투모로우바이투게더,꿈의 장: STAR,1533.0
2022-01-23,2022-01-29,2022,5,투모로우바이투게더,혼돈의 장: FIGHT OR ESCAPE,5429.0
2022-01-23,2022-01-29,2022,5,투모로우바이투게더,혼돈의 장: FREEZE,3274.0
2022-01-23,2022-01-29,2022,5,프로미스나인 (fromis_9),Midnight Guest,14446.0
2022-01-30,2022-02-05,2022,6,BLACKPINK,KILL THIS LOVE,1508.0
2022-01-30,2022-02-05,2022,6,BLACKPINK,SPECIAL EDITION [How You Like That],549.0
2022-01-30,2022-02-05,2022,6,BLACKPINK,SQUARE UP,657.0
2022-01-30,2022-02-05,2022,6,BLACKPINK,THE ALBUM,1932.0
2022-01-30,2022-02-05,2022,6,TREASURE (트레저),THE FIRST STEP : CHAPTER THREE,325.0
2022-01-30,2022-02-05,2022,6,TREASURE (트레저),THE FIRST STEP : TREASURE EFFECT,569.0
2022-01-30,2022-02-05,2022,6,로제 (ROSE),R,2397.0
2022-01-30,2022-02-05,2022,6,방탄소년단,2 Cool 4 Skool,757.0
2022-01-30,2022-02-05,2022,6,방탄소년단,BE,1806.0
2022-01-30,2022-02-05,2022,6,방탄소년단,Butter,3568.0
2022-01-30,2022-02-05,2022,6,방탄소년단,DARK&WILD,1329.0
2022-01-30,2022-02-05,2022,6,방탄소년단,LOVE YOURSELF 承 `Her`,6575.0
2022-01-30,2022-02-05,2022,6,방탄소년단,LOVE YOURSELF 結 `Answer`,6423.0
2022-01-30,2022-02-05,2022,6,방탄소년단,LOVE YOURSELF 轉 `Tear`,4665.0
2022-01-30,2022-02-05,2022,6,방탄소년단,MAP OF THE SOUL : 7,2885.0
2022-01-30,2022-02-05,2022,6,방탄소년단,MAP OF THE SOUL : PERSONA,4301.0
2022-01-30,2022-02-05,2022,6,방탄소년단,"O!RUL8,2?",1353.0
2022-01-30,2022-02-05,2022,6,방탄소년단,Skool Luv Affair,595.0
2022-01-30,2022-02-05,2022,6,방탄소년단,WINGS,590.0
2022-01-30,2022-02-05,2022,6,방탄소년단,YOU NEVER WALK ALONE,1244.0
2022-01-30,2022-02-05,2022,6,방탄소년단,화양연화 Young Forever,1606.0
2022-01-30,2022-02-05,2022,6,방탄소년단,화양연화 pt.1,1025.0
2022-01-30,2022-02-05,2022,6,방탄소년단,화양연화 pt.2,1787.0
2022-01-30,2022-02-05,2022,6,세븐틴,3RD ALBUM ‘An Ode’,2242.0
2022-01-30,2022-02-05,2022,6,세븐틴,7th Mini Album `헹가래`,2157.0
2022-01-30,2022-02-05,2022,6,세븐틴,8th Mini Album `Your Choice`,282.0
2022-01-30,2022-02-05,2022,6,세븐틴,9th Mini Album `Attacca`,1970.0
2022-01-30,2022-02-05,2022,6,세븐틴,Special Album `; [Semicolon]`,568.0
2022-01-30,2022-02-05,2022,6,제니 (JENNIE),SOLO,1249.0
2022-01-30,2022-02-05,2022,6,투모로우바이투게더,minisode1 : Blue Hour,7746.0
2022-01-30,2022-02-05,2022,6,투모로우바이투게더,꿈의 장: ETERNITY,1098.0
2022-01-30,2022-02-05,2022,6,투모로우바이투게더,꿈의 장: MAGIC,1030.0
2022-01-30,2022-02-05,2022,6,투모로우바이투게더,꿈의 장: STAR,980.0
2022-01-30,2022-02-05,2022,6,투모로우바이투게더,혼돈의 장: FIGHT OR ESCAPE,3588.0
2022-01-30,2022-02-05,2022,6,투모로우바이투게더,혼돈의 장: FREEZE,2681.0
2022-01-30,2022-02-05,2022,6,프로미스나인 (fromis_9),Midnight Guest,4188.0
2022-02-06,2022-02-12,2022,7,AKMU (악뮤),NEXT EPISODE (LP),7355.0
2022-02-06,2022-02-12,2022,7,AKMU (악뮤),항해 (LP),3186.0
2022-02-06,2022-02-12,2022,7,BLACKPINK,KILL THIS LOVE,4599.0
2022-02-06,2022-02-12,2022,7,BLACKPINK,SPECIAL EDITION [How You Like That],1346.0
2022-02-06,2022-02-12,2022,7,BLACKPINK,SQUARE UP,895.0
2022-02-06,2022-02-12,2022,7,BLACKPINK,THE ALBUM,5538.0
2022-02-06,2022-02-12,2022,7,TREASURE (트레저),THE FIRST STEP : TREASURE EFFECT,776.0
2022-02-06,2022-02-12,2022,7,로제 (ROSE),R,4187.0
2022-02-06,2022-02-12,2022,7,리사 (LISA),LALISA,1045.0
2022-02-06,2022-02-12,2022,7,방탄소년단,2 Cool 4 Skool,4376.0
2022-02-06,2022-02-12,2022,7,방탄소년단,BE,3739.0
2022-02-06,2022-02-12,2022,7,방탄소년단,Butter,8263.0
2022-02-06,2022-02-12,2022,7,방탄소년단,DARK&WILD,3479.0
2022-02-06,2022-02-12,2022,7,방탄소년단,LOVE YOURSELF 承 `Her`,13024.0
2022-02-06,2022-02-12,2022,7,방탄소년단,LOVE YOURSELF 結 `Answer`,9483.0
2022-02-06,2022-02-12,2022,7,방탄소년단,LOVE YOURSELF 轉 `Tear`,17604.0
2022-02-06,2022-02-12,2022,7,방탄소년단,MAP OF THE SOUL : 7,6273.0
2022-02-06,2022-02-12,2022,7,방탄소년단,MAP OF THE SOUL : PERSONA,10187.0
2022-02-06,2022-02-12,2022,7,방탄소년단,"O!RUL8,2?",5132.0
2022-02-06,2022-02-12,2022,7,방탄소년단,Skool Luv Affair,4610.0
2022-02-06,2022-02-12,2022,7,방탄소년단,WINGS,5640.0
2022-02-06,2022-02-12,2022,7,방탄소년단,YOU NEVER WALK ALONE,6631.0
2022-02-06,2022-02-12,2022,7,방탄소년단,화양연화 Young Forever,6774.0
2022-02-06,2022-02-12,2022,7,방탄소년단,화양연화 pt.1,5485.0
2022-02-06,2022-02-12,2022,7,방탄소년단,화양연화 pt.2,6233.0
2022-02-06,2022-02-12,2022,7,세븐틴,3RD ALBUM ‘An Ode’,8767.0
2022-02-06,2022-02-12,2022,7,세븐틴,7th Mini Album `헹가래`,3980.0
2022-02-06,2022-02-12,2022,7,세븐틴,9th Mini Album `Attacca`,6473.0
2022-02-06,2022-02-12,2022,7,세븐틴,Special Album `; [Semicolon]`,1253.0
2022-02-06,2022-02-12,2022,7,전소미,XOXO,1158.0
2022-02-06,2022-02-12,2022,7,제니 (JENNIE),SOLO,1872.0
2022-02-06,2022-02-12,2022,7,투모로우바이투게더,minisode1 : Blue Hour,10596.0
2022-02-06,2022-02-12,2022,7,투모로우바이투게더,꿈의 장: ETERNITY,4205.0
2022-02-06,2022-02-12,2022,7,투모로우바이투게더,꿈의 장: MAGIC,5102.0
2022-02-06,2022-02-12,2022,7,투모로우바이투게더,꿈의 장: STAR,3580.0
2022-02-06,2022-02-12,2022,7,투모로우바이투게더,혼돈의 장: FIGHT OR ESCAPE,15522.0
2022-02-06,2022-02-12,2022,7,투모로우바이투게더,혼돈의 장: FREEZE,5615.0
2022-02-06,2022-02-12,2022,7,프로미스나인 (fromis_9),Midnight Guest,4878.0
2022-02-13,2022-02-19,2022,8,BLACKPINK,KILL THIS LOVE,2786.0
2022-02-13,2022-02-19,2022,8,BLACKPINK,SPECIAL EDITION [How You Like That],833.0
2022-02-13,2022-02-19,2022,8,BLACKPINK,THE ALBUM,4189.0
2022-02-13,2022-02-19,2022,8,SINCE,SINCE 16`,1952.0
2022-02-13,2022-02-19,2022,8,TREASURE (트레저),THE FIRST STEP : CHAPTER ONE,634.0
2022-02-13,2022-02-19,2022,8,TREASURE (트레저),THE FIRST STEP : CHAPTER TWO,854.0
2022-02-13,2022-02-19,2022,8,TREASURE (트레저),THE SECOND STEP : CHAPTER ONE,409950.0
2022-02-13,2022-02-19,2022,8,TREASURE (트레저),THE SECOND STEP : CHAPTER ONE (KiT),21858.0
2022-02-13,2022-02-19,2022,8,로제 (ROSE),R,1849.0
2022-02-13,2022-02-19,2022,8,리사 (LISA),LALISA,917.0
2022-02-13,2022-02-19,2022,8,방탄소년단,2 Cool 4 Skool,1172.0
2022-02-13,2022-02-19,2022,8,방탄소년단,BE,3036.0
2022-02-13,2022-02-19,2022,8,방탄소년단,Butter,7984.0
2022-02-13,2022-02-19,2022,8,방탄소년단,DARK&WILD,1875.0
2022-02-13,2022-02-19,2022,8,방탄소년단,LOVE YOURSELF 承 `Her`,7078.0
2022-02-13,2022-02-19,2022,8,방탄소년단,LOVE YOURSELF 結 `Answer`,7874.0
2022-02-13,2022-02-19,2022,8,방탄소년단,LOVE YOURSELF 轉 `Tear`,10191.0
2022-02-13,2022-02-19,2022,8,방탄소년단,MAP OF THE SOUL : 7,4304.0
2022-02-13,2022-02-19,2022,8,방탄소년단,MAP OF THE SOUL : PERSONA,6762.0
2022-02-13,2022-02-19,2022,8,방탄소년단,"O!RUL8,2?",1399.0
2022-02-13,2022-02-19,2022,8,방탄소년단,Skool Luv Affair,1421.0
2022-02-13,2022-02-19,2022,8,방탄소년단,WINGS,3893.0
2022-02-13,2022-02-19,2022,8,방탄소년단,YOU NEVER WALK ALONE,2502.0
2022-02-13,2022-02-19,2022,8,방탄소년단,화양연화 Young Forever,1632.0
2022-02-13,2022-02-19,2022,8,방탄소년단,화양연화 pt.1,2029.0
2022-02-13,2022-02-19,2022,8,방탄소년단,화양연화 pt.2,3200.0
2022-02-13,2022-02-19,2022,8,세븐틴,3RD ALBUM ‘An Ode’,3289.0
2022-02-13,2022-02-19,2022,8,세븐틴,7th Mini Album `헹가래`,1989.0
2022-02-13,2022-02-19,2022,8,세븐틴,8th Mini Album `Your Choice`,590.0
2022-02-13,2022-02-19,2022,8,세븐틴,9th Mini Album `Attacca`,4480.0
2022-02-13,2022-02-19,2022,8,세븐틴,Special Album `; [Semicolon]`,1046.0
2022-02-13,2022-02-19,2022,8,전소미,XOXO,685.0
2022-02-13,2022-02-19,2022,8,제니 (JENNIE),SOLO,2782.0
2022-02-13,2022-02-19,2022,8,투모로우바이투게더,minisode1 : Blue Hour,6713.0
2022-02-13,2022-02-19,2022,8,투모로우바이투게더,꿈의 장: ETERNITY,1669.0
2022-02-13,2022-02-19,2022,8,투모로우바이투게더,꿈의 장: MAGIC,1855.0
2022-02-13,2022-02-19,2022,8,투모로우바이투게더,꿈의 장: STAR,1550.0
2022-02-13,2022-02-19,2022,8,투모로우바이투게더,혼돈의 장: FIGHT OR ESCAPE,9673.0
2022-02-13,2022-02-19,2022,8,투모로우바이투게더,혼돈의 장: FREEZE,2966.0
2022-02-13,2022-02-19,2022,8,프로미스나인 (fromis_9),Midnight Guest,1833.0
2022-02-20,2022-02-26,2022,9,BLACKPINK,SPECIAL EDITION [How You Like That],1592.0
2022-02-20,2022-02-26,2022,9,BLACKPINK,SQUARE UP,7725.0
2022-02-20,2022-02-26,2022,9,BLACKPINK,THE ALBUM,3114.0
2022-02-20,2022-02-26,2022,9,TREASURE (트레저),THE FIRST STEP : TREASURE EFFECT,702.0
2022-02-20,2022-02-26,2022,9,TREASURE (트레저),THE SECOND STEP : CHAPTER ONE,207798.0
2022-02-20,2022-02-26,2022,9,로제 (ROSE),R,5043.0
2022-02-20,2022-02-26,2022,9,방탄소년단,2 Cool 4 Skool,2168.0
2022-02-20,2022-02-26,2022,9,방탄소년단,BE,3262.0
2022-02-20,2022-02-26,2022,9,방탄소년단,Butter,5977.0
2022-02-20,2022-02-26,2022,9,방탄소년단,DARK&WILD,2188.0
2022-02-20,2022-02-26,2022,9,방탄소년단,LOVE YOURSELF 承 `Her`,9249.0
2022-02-20,2022-02-26,2022,9,방탄소년단,LOVE YOURSELF 結 `Answer`,6459.0
2022-02-20,2022-02-26,2022,9,방탄소년단,LOVE YOURSELF 轉 `Tear`,12326.0
2022-02-20,2022-02-26,2022,9,방탄소년단,MAP OF THE SOUL : 7,8458.0
2022-02-20,2022-02-26,2022,9,방탄소년단,MAP OF THE SOUL : PERSONA,8486.0
2022-02-20,2022-02-26,2022,9,방탄소년단,"O!RUL8,2?",2757.0
2022-02-20,2022-02-26,2022,9,방탄소년단,Skool Luv Affair,2300.0
2022-02-20,2022-02-26,2022,9,방탄소년단,WINGS,3719.0
2022-02-20,2022-02-26,2022,9,방탄소년단,YOU NEVER WALK ALONE,5573.0
2022-02-20,2022-02-26,2022,9,방탄소년단,화양연화 Young Forever,2721.0
2022-02-20,2022-02-26,2022,9,방탄소년단,화양연화 pt.1,3422.0
2022-02-20,2022-02-26,2022,9,방탄소년단,화양연화 pt.2,4017.0
2022-02-20,2022-02-26,2022,9,세븐틴,3RD ALBUM ‘An Ode’,6065.0
2022-02-20,2022-02-26,2022,9,세븐틴,7th Mini Album `헹가래`,2822.0
2022-02-20,2022-02-26,2022,9,세븐틴,8th Mini Album `Your Choice`,545.0
2022-02-20,2022-02-26,2022,9,세븐틴,9th Mini Album `Attacca`,4421.0
2022-02-20,2022-02-26,2022,9,세븐틴,Special Album `; [Semicolon]`,1387.0
2022-02-20,2022-02-26,2022,9,전소미,XOXO,779.0
2022-02-20,2022-02-26,2022,9,제니 (JENNIE),SOLO,2105.0
2022-02-20,2022-02-26,2022,9,투모로우바이투게더,minisode1 : Blue Hour,4878.0
2022-02-20,2022-02-26,2022,9,투모로우바이투게더,꿈의 장: ETERNITY,1736.0
2022-02-20,2022-02-26,2022,9,투모로우바이투게더,꿈의 장: MAGIC,1891.0
2022-02-20,2022-02-26,2022,9,투모로우바이투게더,꿈의 장: STAR,1722.0
2022-02-20,2022-02-26,2022,9,투모로우바이투게더,혼돈의 장: FIGHT OR ESCAPE,8824.0
2022-02-20,2022-02-26,2022,9,투모로우바이투게더,혼돈의 장: FREEZE,4411.0
2022-02-20,2022-02-26,2022,9,프로미스나인 (fromis_9),Midnight Guest,1031.0
2022-02-27,2022-03-05,2022,10,BLACKPINK,SPECIAL EDITION [How You Like That],1095.0
2022-02-27,2022-03-05,2022,10,BLACKPINK,SQUARE UP,2332.0
2022-02-27,2022-03-05,2022,10,BLACKPINK,THE ALBUM,2319.0
2022-02-27,2022-03-05,2022,10,TREASURE (트레저),THE FIRST STEP : CHAPTER TWO,871.0
2022-02-27,2022-03-05,2022,10,TREASURE (트레저),THE FIRST STEP : TREASURE EFFECT,2723.0
2022-02-27,2022-03-05,2022,10,TREASURE (트레저),THE SECOND STEP : CHAPTER ONE,78746.0
2022-02-27,2022-03-05,2022,10,로제 (ROSE),R,3933.0
2022-02-27,2022-03-05,2022,10,방탄소년단,2 Cool 4 Skool,2783.0
2022-02-27,2022-03-05,2022,10,방탄소년단,BE,3265.0
2022-02-27,2022-03-05,2022,10,방탄소년단,Butter,5211.0
2022-02-27,2022-03-05,2022,10,방탄소년단,DARK&WILD,3425.0
2022-02-27,2022-03-05,2022,10,방탄소년단,LOVE YOURSELF 承 `Her`,7061.0
2022-02-27,2022-03-05,2022,10,방탄소년단,LOVE YOURSELF 結 `Answer`,5233.0
2022-02-27,2022-03-05,2022,10,방탄소년단,LOVE YOURSELF 轉 `Tear`,8520.0
2022-02-27,2022-03-05,2022,10,방탄소년단,MAP OF THE SOUL : 7,5774.0
2022-02-27,2022-03-05,2022,10,방탄소년단,MAP OF THE SOUL : PERSONA,5761.0
2022-02-27,2022-03-05,2022,10,방탄소년단,"O!RUL8,2?",3426.0
2022-02-27,2022-03-05,2022,10,방탄소년단,Skool Luv Affair,3133.0
2022-02-27,2022-03-05,2022,10,방탄소년단,WINGS,4476.0
2022-02-27,2022-03-05,2022,10,방탄소년단,YOU NEVER WALK ALONE,3099.0
2022-02-27,2022-03-05,2022,10,방탄소년단,화양연화 Young Forever,5768.0
2022-02-27,2022-03-05,2022,10,방탄소년단,화양연화 pt.1,4198.0
2022-02-27,2022-03-05,2022,10,방탄소년단,화양연화 pt.2,3394.0
2022-02-27,2022-03-05,2022,10,세븐틴,3RD ALBUM ‘An Ode’,6208.0
2022-02-27,2022-03-05,2022,10,세븐틴,7th Mini Album `헹가래`,3002.0
2022-02-27,2022-03-05,2022,10,세븐틴,9th Mini Album `Attacca`,2022.0
2022-02-27,2022-03-05,2022,10,세븐틴,Special Album `; [Semicolon]`,1237.0
2022-02-27,2022-03-05,2022,10,전소미,XOXO,1001.0
2022-02-27,2022-03-05,2022,10,제니 (JENNIE),SOLO,813.0
2022-02-27,2022-03-05,2022,10,투모로우바이투게더,minisode1 : Blue Hour,3949.0
2022-02-27,2022-03-05,2022,10,투모로우바이투게더,꿈의 장: ETERNITY,1855.0
2022-02-27,2022-03-05,2022,10,투모로우바이투게더,꿈의 장: MAGIC,1725.0
2022-02-27,2022-03-05,2022,10,투모로우바이투게더,꿈의 장: STAR,1939.0
2022-02-27,2022-03-05,2022,10,투모로우바이투게더,혼돈의 장: FIGHT OR ESCAPE,4972.0
2022-02-27,2022-03-05,2022,10,투모로우바이투게더,혼돈의 장: FREEZE,3494.0
2022-03-06,2022-03-12,2022,11,BLACKPINK,SQUARE UP,1611.0
2022-03-06,2022-03-12,2022,11,BLACKPINK,THE ALBUM,1322.0
2022-03-06,2022-03-12,2022,11,TREASURE (트레저),THE FIRST STEP : TREASURE EFFECT,583.0
2022-03-06,2022-03-12,2022,11,TREASURE (트레저),THE SECOND STEP : CHAPTER ONE,3609.0
2022-03-06,2022-03-12,2022,11,TREASURE (트레저),THE SECOND STEP : CHAPTER ONE (KiT),861.0
2022-03-06,2022-03-12,2022,11,방탄소년단,2 Cool 4 Skool,764.0
2022-03-06,2022-03-12,2022,11,방탄소년단,BE,2172.0
2022-03-06,2022-03-12,2022,11,방탄소년단,Butter,3119.0
2022-03-06,2022-03-12,2022,11,방탄소년단,DARK&WILD,2826.0
2022-03-06,2022-03-12,2022,11,방탄소년단,LOVE YOURSELF 承 `Her`,7026.0
2022-03-06,2022-03-12,2022,11,방탄소년단,LOVE YOURSELF 結 `Answer`,7852.0
2022-03-06,2022-03-12,2022,11,방탄소년단,LOVE YOURSELF 轉 `Tear`,9024.0
2022-03-06,2022-03-12,2022,11,방탄소년단,MAP OF THE SOUL : 7,4124.0
2022-03-06,2022-03-12,2022,11,방탄소년단,MAP OF THE SOUL : PERSONA,6183.0
2022-03-06,2022-03-12,2022,11,방탄소년단,"O!RUL8,2?",1739.0
2022-03-06,2022-03-12,2022,11,방탄소년단,Skool Luv Affair,1607.0
2022-03-06,2022-03-12,2022,11,방탄소년단,WINGS,1162.0
2022-03-06,2022-03-12,2022,11,방탄소년단,YOU NEVER WALK ALONE,3404.0
2022-03-06,2022-03-12,2022,11,방탄소년단,화양연화 Young Forever,3836.0
2022-03-06,2022-03-12,2022,11,방탄소년단,화양연화 pt.1,1650.0
2022-03-06,2022-03-12,2022,11,방탄소년단,화양연화 pt.2,3106.0
2022-03-06,2022-03-12,2022,11,세븐틴,3RD ALBUM ‘An Ode’,3563.0
2022-03-06,2022-03-12,2022,11,세븐틴,7th Mini Album `헹가래`,1879.0
2022-03-06,2022-03-12,2022,11,세븐틴,9th Mini Album `Attacca`,5818.0
2022-03-06,2022-03-12,2022,11,세븐틴,Special Album `; [Semicolon]`,792.0
2022-03-06,2022-03-12,2022,11,투모로우바이투게더,minisode1 : Blue Hour,3975.0
2022-03-06,2022-03-12,2022,11,투모로우바이투게더,꿈의 장: ETERNITY,3056.0
2022-03-06,2022-03-12,2022,11,투모로우바이투게더,꿈의 장: MAGIC,2919.0
2022-03-06,2022-03-12,2022,11,투모로우바이투게더,꿈의 장: STAR,1524.0
2022-03-06,2022-03-12,2022,11,투모로우바이투게더,혼돈의 장: FIGHT OR ESCAPE,6751.0
2022-03-06,2022-03-12,2022,11,투모로우바이투게더,혼돈의 장: FREEZE,3605.0
2022-03-13,2022-03-19,2022,12,BLACKPINK,SQUARE UP,1034.0
2022-03-13,2022-03-19,2022,12,BLACKPINK,THE ALBUM,796.0
2022-03-13,2022-03-19,2022,12,TREASURE (트레저),THE SECOND STEP : CHAPTER ONE,11975.0
2022-03-13,2022-03-19,2022,12,XIA(준수),DIMENSION,28836.0
2022-03-13,2022-03-19,2022,12,XIA(준수),DIMENSION (KiT),2808.0
2022-03-13,2022-03-19,2022,12,뉴이스트 (NU`EST),The Best Album `Needle & Bubble`,78971.0
2022-03-13,2022-03-19,2022,12,뉴이스트 (NU`EST),The Best Album `Needle & Bubble` (KiT),3000.0
2022-03-13,2022-03-19,2022,12,로제 (ROSE),R,1430.0
2022-03-13,2022-03-19,2022,12,방탄소년단,2 Cool 4 Skool,1257.0
2022-03-13,2022-03-19,2022,12,방탄소년단,BE,1335.0
2022-03-13,2022-03-19,2022,12,방탄소년단,Butter,4673.0
2022-03-13,2022-03-19,2022,12,방탄소년단,DARK&WILD,1387.0
2022-03-13,2022-03-19,2022,12,방탄소년단,LOVE YOURSELF 承 `Her`,5687.0
2022-03-13,2022-03-19,2022,12,방탄소년단,LOVE YOURSELF 結 `Answer`,4558.0
2022-03-13,2022-03-19,2022,12,방탄소년단,LOVE YOURSELF 轉 `Tear`,7456.0
2022-03-13,2022-03-19,2022,12,방탄소년단,MAP OF THE SOUL : 7,3980.0
2022-03-13,2022-03-19,2022,12,방탄소년단,MAP OF THE SOUL : PERSONA,5006.0
2022-03-13,2022-03-19,2022,12,방탄소년단,"O!RUL8,2?",2760.0
2022-03-13,2022-03-19,2022,12,방탄소년단,Skool Luv Affair,2197.0
2022-03-13,2022-03-19,2022,12,방탄소년단,WINGS,5652.0
2022-03-13,2022-03-19,2022,12,방탄소년단,YOU NEVER WALK ALONE,3618.0
2022-03-13,2022-03-19,2022,12,방탄소년단,화양연화 Young Forever,2072.0
2022-03-13,2022-03-19,2022,12,방탄소년단,화양연화 pt.1,1656.0
2022-03-13,2022-03-19,2022,12,방탄소년단,화양연화 pt.2,2168.0
2022-03-13,2022-03-19,2022,12,세븐틴,3RD ALBUM ‘An Ode’,2845.0
2022-03-13,2022-03-19,2022,12,세븐틴,7th Mini Album `헹가래`,1178.0
2022-03-13,2022-03-19,2022,12,세븐틴,9th Mini Album `Attacca`,1940.0
2022-03-13,2022-03-19,2022,12,전소미,XOXO,576.0
2022-03-13,2022-03-19,2022,12,투모로우바이투게더,minisode1 : Blue Hour,2243.0
2022-03-13,2022-03-19,2022,12,투모로우바이투게더,꿈의 장: ETERNITY,451.0
2022-03-13,2022-03-19,2022,12,투모로우바이투게더,꿈의 장: MAGIC,2956.0
2022-03-13,2022-03-19,2022,12,투모로우바이투게더,꿈의 장: STAR,3748.0
2022-03-13,2022-03-19,2022,12,투모로우바이투게더,혼돈의 장: FIGHT OR ESCAPE,6984.0
2022-03-13,2022-03-19,2022,12,투모로우바이투게더,혼돈의 장: FREEZE,1451.0
2022-03-20,2022-03-26,2022,13,BLACKPINK,KILL THIS LOVE,12780.0
2022-03-20,2022-03-26,2022,13,BLACKPINK,SQUARE UP,2710.0
2022-03-20,2022-03-26,2022,13,BLACKPINK,THE ALBUM,850.0
2022-03-20,2022-03-26,2022,13,TREASURE (트레저),THE FIRST STEP : CHAPTER THREE,625.0
2022-03-20,2022-03-26,2022,13,TREASURE (트레저),THE FIRST STEP : CHAPTER TWO,724.0
2022-03-20,2022-03-26,2022,13,TREASURE (트레저),THE FIRST STEP : TREASURE EFFECT,1430.0
2022-03-20,2022-03-26,2022,13,TREASURE (트레저),THE SECOND STEP : CHAPTER ONE,22897.0
2022-03-20,2022-03-26,2022,13,XIA(준수),DIMENSION,10564.0
2022-03-20,2022-03-26,2022,13,XIA(준수),DIMENSION (KiT),6387.0
2022-03-20,2022-03-26,2022,13,뉴이스트 (NU`EST),The Best Album `Needle & Bubble`,892.0
2022-03-20,2022-03-26,2022,13,방탄소년단,2 Cool 4 Skool,1659.0
2022-03-20,2022-03-26,2022,13,방탄소년단,BE,1301.0
2022-03-20,2022-03-26,2022,13,방탄소년단,Butter,2933.0
2022-03-20,2022-03-26,2022,13,방탄소년단,DARK&WILD,2526.0
2022-03-20,2022-03-26,2022,13,방탄소년단,LOVE YOURSELF 承 `Her`,4406.0
2022-03-20,2022-03-26,2022,13,방탄소년단,LOVE YOURSELF 結 `Answer`,7612.0
2022-03-20,2022-03-26,2022,13,방탄소년단,LOVE YOURSELF 轉 `Tear`,6588.0
2022-03-20,2022-03-26,2022,13,방탄소년단,MAP OF THE SOUL : 7,4248.0
2022-03-20,2022-03-26,2022,13,방탄소년단,MAP OF THE SOUL : PERSONA,7144.0
2022-03-20,2022-03-26,2022,13,방탄소년단,"O!RUL8,2?",1480.0
2022-03-20,2022-03-26,2022,13,방탄소년단,Skool Luv Affair,2229.0
2022-03-20,2022-03-26,2022,13,방탄소년단,WINGS,3239.0
2022-03-20,2022-03-26,2022,13,방탄소년단,YOU NEVER WALK ALONE,4332.0
2022-03-20,2022-03-26,2022,13,방탄소년단,화양연화 Young Forever,2552.0
2022-03-20,2022-03-26,2022,13,방탄소년단,화양연화 pt.1,2820.0
2022-03-20,2022-03-26,2022,13,방탄소년단,화양연화 pt.2,3222.0
2022-03-20,2022-03-26,2022,13,세븐틴,3RD ALBUM ‘An Ode’,2003.0
2022-03-20,2022-03-26,2022,13,세븐틴,7th Mini Album `헹가래`,934.0
2022-03-20,2022-03-26,2022,13,세븐틴,9th Mini Album `Attacca`,2260.0
2022-03-20,2022-03-26,2022,13,세븐틴,Special Album `; [Semicolon]`,690.0
2022-03-20,2022-03-26,2022,13,투모로우바이투게더,minisode1 : Blue Hour,2355.0
2022-03-20,2022-03-26,2022,13,투모로우바이투게더,꿈의 장: ETERNITY,914.0
2022-03-20,2022-03-26,2022,13,투모로우바이투게더,꿈의 장: MAGIC,1084.0
2022-03-20,2022-03-26,2022,13,투모로우바이투게더,꿈의 장: STAR,1655.0
2022-03-20,2022-03-26,2022,13,투모로우바이투게더,혼돈의 장: FIGHT OR ESCAPE,4398.0
2022-03-20,2022-03-26,2022,13,투모로우바이투게더,혼돈의 장: FREEZE,1446.0
2022-03-27,2022-04-02,2022,14,BLACKPINK,KILL THIS LOVE,1215.0
2022-03-27,2022-04-02,2022,14,BLACKPINK,THE ALBUM,628.0
2022-03-27,2022-04-02,2022,14,TREASURE (트레저),THE FIRST STEP : CHAPTER ONE,533.0
2022-03-27,2022-04-02,2022,14,TREASURE (트레저),THE FIRST STEP : CHAPTER TWO,666.0
2022-03-27,2022-04-02,2022,14,TREASURE (트레저),THE FIRST STEP : TREASURE EFFECT,1309.0
2022-03-27,2022-04-02,2022,14,TREASURE (트레저),THE SECOND STEP : CHAPTER ONE,32122.0
2022-03-27,2022-04-02,2022,14,리사 (LISA),LALISA,1587.0
2022-03-27,2022-04-02,2022,14,리사 (LISA),LALISA GOLD VINYL LP [SPECIAL LIMITED EDITION] (LP),3270.0
2022-03-27,2022-04-02,2022,14,방탄소년단,2 Cool 4 Skool,1709.0
2022-03-27,2022-04-02,2022,14,방탄소년단,BE,3123.0
2022-03-27,2022-04-02,2022,14,방탄소년단,Butter,3025.0
2022-03-27,2022-04-02,2022,14,방탄소년단,DARK&WILD,911.0
2022-03-27,2022-04-02,2022,14,방탄소년단,LOVE YOURSELF 承 `Her`,1890.0
2022-03-27,2022-04-02,2022,14,방탄소년단,LOVE YOURSELF 結 `Answer`,2818.0
2022-03-27,2022-04-02,2022,14,방탄소년단,LOVE YOURSELF 轉 `Tear`,4786.0
2022-03-27,2022-04-02,2022,14,방탄소년단,MAP OF THE SOUL : 7,3911.0
2022-03-27,2022-04-02,2022,14,방탄소년단,MAP OF THE SOUL : PERSONA,3878.0
2022-03-27,2022-04-02,2022,14,방탄소년단,"O!RUL8,2?",1748.0
2022-03-27,2022-04-02,2022,14,방탄소년단,Skool Luv Affair,1447.0
2022-03-27,2022-04-02,2022,14,방탄소년단,WINGS,3091.0
2022-03-27,2022-04-02,2022,14,방탄소년단,YOU NEVER WALK ALONE,1719.0
2022-03-27,2022-04-02,2022,14,방탄소년단,화양연화 Young Forever,2954.0
2022-03-27,2022-04-02,2022,14,방탄소년단,화양연화 pt.1,1073.0
2022-03-27,2022-04-02,2022,14,방탄소년단,화양연화 pt.2,2626.0
2022-03-27,2022-04-02,2022,14,세븐틴,3RD ALBUM ‘An Ode’,1346.0
2022-03-27,2022-04-02,2022,14,세븐틴,7th Mini Album `헹가래`,1042.0
2022-03-27,2022-04-02,2022,14,세븐틴,9th Mini Album `Attacca`,808.0
2022-03-27,2022-04-02,2022,14,세븐틴,Special Album `; [Semicolon]`,601.0
2022-03-27,2022-04-02,2022,14,투모로우바이투게더,minisode1 : Blue Hour,1778.0
2022-03-27,2022-04-02,2022,14,투모로우바이투게더,꿈의 장: ETERNITY,1448.0
2022-03-27,2022-04-02,2022,14,투모로우바이투게더,꿈의 장: MAGIC,2451.0
2022-03-27,2022-04-02,2022,14,투모로우바이투게더,꿈의 장: STAR,1010.0
2022-03-27,2022-04-02,2022,14,투모로우바이투게더,혼돈의 장: FIGHT OR ESCAPE,3690.0
2022-04-03,2022-04-09,2022,15,BIGBANG (빅뱅),M,885.0
2022-04-03,2022-04-09,2022,15,BIGBANG (빅뱅),MADE (FULL),2731.0
2022-04-03,2022-04-09,2022,15,BIGBANG (빅뱅),빅뱅 미니앨범 4집,902.0
2022-04-03,2022-04-09,2022,15,BLACKPINK,SPECIAL EDITION [How You Like That],992.0
2022-04-03,2022-04-09,2022,15,BLACKPINK,SQUARE UP,1414.0
2022-04-03,2022-04-09,2022,15,BLACKPINK,THE ALBUM,7065.0
2022-04-03,2022-04-09,2022,15,G-Dragon,권지용 (USB),1573.0
2022-04-03,2022-04-09,2022,15,TREASURE (트레저),THE FIRST STEP : CHAPTER THREE,782.0
2022-04-03,2022-04-09,2022,15,TREASURE (트레저),THE FIRST STEP : CHAPTER TWO,1099.0
2022-04-03,2022-04-09,2022,15,TREASURE (트레저),THE FIRST STEP : TREASURE EFFECT,939.0
2022-04-03,2022-04-09,2022,15,TREASURE (트레저),THE SECOND STEP : CHAPTER ONE,760.0
2022-04-03,2022-04-09,2022,15,XIA(준수),DIMENSION,9118.0
2022-04-03,2022-04-09,2022,15,방탄소년단,2 Cool 4 Skool,2331.0
2022-04-03,2022-04-09,2022,15,방탄소년단,BE,3905.0
2022-04-03,2022-04-09,2022,15,방탄소년단,Butter,11080.0
2022-04-03,2022-04-09,2022,15,방탄소년단,DARK&WILD,1058.0
2022-04-03,2022-04-09,2022,15,방탄소년단,LOVE YOURSELF 承 `Her`,9564.0
2022-04-03,2022-04-09,2022,15,방탄소년단,LOVE YOURSELF 結 `Answer`,6270.0
2022-04-03,2022-04-09,2022,15,방탄소년단,LOVE YOURSELF 轉 `Tear`,11770.0
2022-04-03,2022-04-09,2022,15,방탄소년단,MAP OF THE SOUL : 7,5684.0
2022-04-03,2022-04-09,2022,15,방탄소년단,MAP OF THE SOUL : PERSONA,9304.0
2022-04-03,2022-04-09,2022,15,방탄소년단,"O!RUL8,2?",1991.0
2022-04-03,2022-04-09,2022,15,방탄소년단,Skool Luv Affair,2477.0
2022-04-03,2022-04-09,2022,15,방탄소년단,WINGS,3233.0
2022-04-03,2022-04-09,2022,15,방탄소년단,YOU NEVER WALK ALONE,3120.0
2022-04-03,2022-04-09,2022,15,방탄소년단,화양연화 Young Forever,3425.0
2022-04-03,2022-04-09,2022,15,방탄소년단,화양연화 pt.1,2356.0
2022-04-03,2022-04-09,2022,15,방탄소년단,화양연화 pt.2,2919.0
2022-04-03,2022-04-09,2022,15,빅뱅,2016 Bigbang World Tour (MADE) Final In Seoul Live,770.0
2022-04-03,2022-04-09,2022,15,세븐틴,3RD ALBUM ‘An Ode’,3201.0
2022-04-03,2022-04-09,2022,15,세븐틴,7th Mini Album `헹가래`,2032.0
2022-04-03,2022-04-09,2022,15,세븐틴,9th Mini Album `Attacca`,1331.0
2022-04-03,2022-04-09,2022,15,세븐틴,Special Album `; [Semicolon]`,862.0
2022-04-03,2022-04-09,2022,15,제니 (JENNIE),SOLO,767.0
2022-04-03,2022-04-09,2022,15,투모로우바이투게더,minisode1 : Blue Hour,10276.0
2022-04-03,2022-04-09,2022,15,투모로우바이투게더,꿈의 장: ETERNITY,1666.0
2022-04-03,2022-04-09,2022,15,투모로우바이투게더,꿈의 장: MAGIC,1822.0
2022-04-03,2022-04-09,2022,15,투모로우바이투게더,꿈의 장: STAR,1191.0
2022-04-03,2022-04-09,2022,15,투모로우바이투게더,혼돈의 장: FIGHT OR ESCAPE,5689.0
2022-04-03,2022-04-09,2022,15,투모로우바이투게더,혼돈의 장: FREEZE,2668.0
2022-04-10,2022-04-16,2022,16,BLACKPINK,KILL THIS LOVE,1304.0
2022-04-10,2022-04-16,2022,16,BLACKPINK,SQUARE UP,1056.0
2022-04-10,2022-04-16,2022,16,BLACKPINK,THE ALBUM,8913.0
2022-04-10,2022-04-16,2022,16,TREASURE (트레저),THE FIRST STEP : CHAPTER ONE,824.0
2022-04-10,2022-04-16,2022,16,TREASURE (트레저),THE FIRST STEP : CHAPTER THREE,971.0
2022-04-10,2022-04-16,2022,16,TREASURE (트레저),THE FIRST STEP : CHAPTER TWO,1065.0
2022-04-10,2022-04-16,2022,16,TREASURE (트레저),THE FIRST STEP : TREASURE EFFECT,2955.0
2022-04-10,2022-04-16,2022,16,TREASURE (트레저),THE SECOND STEP : CHAPTER ONE,13187.0
2022-04-10,2022-04-16,2022,16,방탄소년단,2 Cool 4 Skool,2011.0
2022-04-10,2022-04-16,2022,16,방탄소년단,BE,1948.0
2022-04-10,2022-04-16,2022,16,방탄소년단,Butter,1536.0
2022-04-10,2022-04-16,2022,16,방탄소년단,DARK&WILD,2532.0
2022-04-10,2022-04-16,2022,16,방탄소년단,LOVE YOURSELF 承 `Her`,2956.0
2022-04-10,2022-04-16,2022,16,방탄소년단,LOVE YOURSELF 結 `Answer`,6220.0
2022-04-10,2022-04-16,2022,16,방탄소년단,LOVE YOURSELF 轉 `Tear`,5724.0
2022-04-10,2022-04-16,2022,16,방탄소년단,MAP OF THE SOUL : 7,1637.0
2022-04-10,2022-04-16,2022,16,방탄소년단,MAP OF THE SOUL : PERSONA,4347.0
2022-04-10,2022-04-16,2022,16,방탄소년단,"O!RUL8,2?",3013.0
2022-04-10,2022-04-16,2022,16,방탄소년단,Skool Luv Affair,3540.0
2022-04-10,2022-04-16,2022,16,방탄소년단,WINGS,3010.0
2022-04-10,2022-04-16,2022,16,방탄소년단,YOU NEVER WALK ALONE,2604.0
2022-04-10,2022-04-16,2022,16,방탄소년단,화양연화 Young Forever,3440.0
2022-04-10,2022-04-16,2022,16,방탄소년단,화양연화 pt.1,3198.0
2022-04-10,2022-04-16,2022,16,방탄소년단,화양연화 pt.2,3986.0
2022-04-10,2022-04-16,2022,16,세븐틴,3RD ALBUM ‘An Ode’,3587.0
2022-04-10,2022-04-16,2022,16,세븐틴,7th Mini Album `헹가래`,1460.0
2022-04-10,2022-04-16,2022,16,세븐틴,9th Mini Album `Attacca`,1960.0
2022-04-10,2022-04-16,2022,16,세븐틴,Special Album `; [Semicolon]`,792.0
2022-04-10,2022-04-16,2022,16,투모로우바이투게더,minisode1 : Blue Hour,2512.0
2022-04-10,2022-04-16,2022,16,투모로우바이투게더,꿈의 장: MAGIC,1284.0
2022-04-10,2022-04-16,2022,16,투모로우바이투게더,꿈의 장: STAR,1240.0
2022-04-10,2022-04-16,2022,16,투모로우바이투게더,혼돈의 장: FIGHT OR ESCAPE,4150.0
2022-04-10,2022-04-16,2022,16,투모로우바이투게더,혼돈의 장: FREEZE,2246.0
2022-04-17,2022-04-23,2022,17,BLACKPINK,KILL THIS LOVE,1548.0
2022-04-17,2022-04-23,2022,17,BLACKPINK,SPECIAL EDITION [How You Like That],1626.0
2022-04-17,2022-04-23,2022,17,BLACKPINK,SQUARE UP,1480.0
2022-04-17,2022-04-23,2022,17,BLACKPINK,THE ALBUM,705.0
2022-04-17,2022-04-23,2022,17,TREASURE (트레저),THE FIRST STEP : CHAPTER ONE,513.0
2022-04-17,2022-04-23,2022,17,TREASURE (트레저),THE FIRST STEP : CHAPTER TWO,728.0
2022-04-17,2022-04-23,2022,17,TREASURE (트레저),THE FIRST STEP : TREASURE EFFECT,1765.0
2022-04-17,2022-04-23,2022,17,TREASURE (트레저),THE SECOND STEP : CHAPTER ONE,519.0
2022-04-17,2022-04-23,2022,17,Various Artists,스물다섯 스물하나 OST,19965.0
2022-04-17,2022-04-23,2022,17,로제 (ROSE),R,2275.0
2022-04-17,2022-04-23,2022,17,리사 (LISA),LALISA,1137.0
2022-04-17,2022-04-23,2022,17,방탄소년단,2 Cool 4 Skool,2060.0
2022-04-17,2022-04-23,2022,17,방탄소년단,BE,1401.0
2022-04-17,2022-04-23,2022,17,방탄소년단,Butter,3640.0
2022-04-17,2022-04-23,2022,17,방탄소년단,DARK&WILD,1956.0
2022-04-17,2022-04-23,2022,17,방탄소년단,LOVE YOURSELF 承 `Her`,7348.0
2022-04-17,2022-04-23,2022,17,방탄소년단,LOVE YOURSELF 結 `Answer`,5765.0
2022-04-17,2022-04-23,2022,17,방탄소년단,LOVE YOURSELF 轉 `Tear`,6641.0
2022-04-17,2022-04-23,2022,17,방탄소년단,MAP OF THE SOUL : 7,6268.0
2022-04-17,2022-04-23,2022,17,방탄소년단,MAP OF THE SOUL : PERSONA,6556.0
2022-04-17,2022-04-23,2022,17,방탄소년단,"O!RUL8,2?",1503.0
2022-04-17,2022-04-23,2022,17,방탄소년단,Skool Luv Affair,1462.0
2022-04-17,2022-04-23,2022,17,방탄소년단,WINGS,3664.0
2022-04-17,2022-04-23,2022,17,방탄소년단,YOU NEVER WALK ALONE,3683.0
2022-04-17,2022-04-23,2022,17,방탄소년단,화양연화 Young Forever,1712.0
2022-04-17,2022-04-23,2022,17,방탄소년단,화양연화 pt.1,1696.0
2022-04-17,2022-04-23,2022,17,방탄소년단,화양연화 pt.2,2988.0
2022-04-17,2022-04-23,2022,17,세븐틴,3RD ALBUM ‘An Ode’,2357.0
2022-04-17,2022-04-23,2022,17,세븐틴,7th Mini Album `헹가래`,1338.0
2022-04-17,2022-04-23,2022,17,세븐틴,9th Mini Album `Attacca`,1136.0
2022-04-17,2022-04-23,2022,17,세븐틴,Special Album `; [Semicolon]`,824.0
2022-04-17,2022-04-23,2022,17,제니 (JENNIE),SOLO,1510.0
2022-04-17,2022-04-23,2022,17,투모로우바이투게더,minisode1 : Blue Hour,2655.0
2022-04-17,2022-04-23,2022,17,투모로우바이투게더,꿈의 장: ETERNITY,1357.0
2022-04-17,2022-04-23,2022,17,투모로우바이투게더,꿈의 장: MAGIC,1587.0
2022-04-17,2022-04-23,2022,17,투모로우바이투게더,꿈의 장: STAR,1457.0
2022-04-17,2022-04-23,2022,17,투모로우바이투게더,혼돈의 장: FIGHT OR ESCAPE,3936.0
2022-04-17,2022-04-23,2022,17,투모로우바이투게더,혼돈의 장: FREEZE,1061.0
2022-04-24,2022-04-30,2022,18,BLACKPINK,SQUARE UP,923.0
2022-04-24,2022-04-30,2022,18,BLACKPINK,THE ALBUM,1146.0
2022-04-24,2022-04-30,2022,18,TREASURE (트레저),THE FIRST STEP : TREASURE EFFECT,939.0
2022-04-24,2022-04-30,2022,18,Various Artists,스물다섯 스물하나 OST,15461.0
2022-04-24,2022-04-30,2022,18,로제 (ROSE),R,1572.0
2022-04-24,2022-04-30,2022,18,방탄소년단,2 Cool 4 Skool,1689.0
2022-04-24,2022-04-30,2022,18,방탄소년단,BE,1251.0
2022-04-24,2022-04-30,2022,18,방탄소년단,Butter,8259.0
2022-04-24,2022-04-30,2022,18,방탄소년단,DARK&WILD,3667.0
2022-04-24,2022-04-30,2022,18,방탄소년단,LOVE YOURSELF 承 `Her`,4376.0
2022-04-24,2022-04-30,2022,18,방탄소년단,LOVE YOURSELF 結 `Answer`,3599.0
2022-04-24,2022-04-30,2022,18,방탄소년단,LOVE YOURSELF 轉 `Tear`,6052.0
2022-04-24,2022-04-30,2022,18,방탄소년단,MAP OF THE SOUL : 7,4632.0
2022-04-24,2022-04-30,2022,18,방탄소년단,MAP OF THE SOUL : PERSONA,5627.0
2022-04-24,2022-04-30,2022,18,방탄소년단,"O!RUL8,2?",1143.0
2022-04-24,2022-04-30,2022,18,방탄소년단,Skool Luv Affair,1684.0
2022-04-24,2022-04-30,2022,18,방탄소년단,WINGS,2055.0
2022-04-24,2022-04-30,2022,18,방탄소년단,YOU NEVER WALK ALONE,1963.0
2022-04-24,2022-04-30,2022,18,방탄소년단,화양연화 Young Forever,2600.0
2022-04-24,2022-04-30,2022,18,방탄소년단,화양연화 pt.1,1785.0
2022-04-24,2022-04-30,2022,18,방탄소년단,화양연화 pt.2,3114.0
2022-04-24,2022-04-30,2022,18,세븐틴,3RD ALBUM ‘An Ode’,1970.0
2022-04-24,2022-04-30,2022,18,세븐틴,7th Mini Album `헹가래`,1687.0
2022-04-24,2022-04-30,2022,18,세븐틴,9th Mini Album `Attacca`,607.0
2022-04-24,2022-04-30,2022,18,투모로우바이투게더,minisode1 : Blue Hour,1518.0
2022-04-24,2022-04-30,2022,18,투모로우바이투게더,꿈의 장: ETERNITY,622.0
2022-04-24,2022-04-30,2022,18,투모로우바이투게더,꿈의 장: MAGIC,1287.0
2022-04-24,2022-04-30,2022,18,투모로우바이투게더,꿈의 장: STAR,1695.0
2022-04-24,2022-04-30,2022,18,투모로우바이투게더,혼돈의 장: FIGHT OR ESCAPE,6165.0
2022-04-24,2022-04-30,2022,18,투모로우바이투게더,혼돈의 장: FREEZE,1562.0
2022-05-01,2022-05-07,2022,19,BLACKPINK,KILL THIS LOVE,816.0
2022-05-01,2022-05-07,2022,19,BLACKPINK,SPECIAL EDITION [How You Like That],754.0
2022-05-01,2022-05-07,2022,19,BLACKPINK,THE ALBUM,555.0
2022-05-01,2022-05-07,2022,19,LE SSERAFIM (르세라핌),FEARLESS,363885.0
2022-05-01,2022-05-07,2022,19,TREASURE (트레저),THE FIRST STEP : CHAPTER ONE,648.0
2022-05-01,2022-05-07,2022,19,TREASURE (트레저),THE FIRST STEP : CHAPTER THREE,721.0
2022-05-01,2022-05-07,2022,19,TREASURE (트레저),THE FIRST STEP : CHAPTER TWO,1204.0
2022-05-01,2022-05-07,2022,19,TREASURE (트레저),THE FIRST STEP : TREASURE EFFECT,2652.0
2022-05-01,2022-05-07,2022,19,TREASURE (트레저),THE SECOND STEP : CHAPTER ONE,1617.0
2022-05-01,2022-05-07,2022,19,방탄소년단,2 Cool 4 Skool,1549.0
2022-05-01,2022-05-07,2022,19,방탄소년단,BE,3873.0
2022-05-01,2022-05-07,2022,19,방탄소년단,Butter,4889.0
2022-05-01,2022-05-07,2022,19,방탄소년단,DARK&WILD,1554.0
2022-05-01,2022-05-07,2022,19,방탄소년단,LOVE YOURSELF 承 `Her`,4139.0
2022-05-01,2022-05-07,2022,19,방탄소년단,LOVE YOURSELF 結 `Answer`,4990.0
2022-05-01,2022-05-07,2022,19,방탄소년단,LOVE YOURSELF 轉 `Tear`,4741.0
2022-05-01,2022-05-07,2022,19,방탄소년단,MAP OF THE SOUL : 7,3634.0
2022-05-01,2022-05-07,2022,19,방탄소년단,MAP OF THE SOUL : PERSONA,3481.0
2022-05-01,2022-05-07,2022,19,방탄소년단,"O!RUL8,2?",2267.0
2022-05-01,2022-05-07,2022,19,방탄소년단,Skool Luv Affair,2940.0
2022-05-01,2022-05-07,2022,19,방탄소년단,WINGS,2022.0
2022-05-01,2022-05-07,2022,19,방탄소년단,YOU NEVER WALK ALONE,2235.0
2022-05-01,2022-05-07,2022,19,방탄소년단,화양연화 Young Forever,1977.0
2022-05-01,2022-05-07,2022,19,방탄소년단,화양연화 pt.1,3450.0
2022-05-01,2022-05-07,2022,19,방탄소년단,화양연화 pt.2,2464.0
2022-05-01,2022-05-07,2022,19,세븐틴,3RD ALBUM ‘An Ode’,5204.0
2022-05-01,2022-05-07,2022,19,세븐틴,7th Mini Album `헹가래`,2461.0
2022-05-01,2022-05-07,2022,19,세븐틴,8th Mini Album `Your Choice`,977.0
2022-05-01,2022-05-07,2022,19,세븐틴,9th Mini Album `Attacca`,1805.0
2022-05-01,2022-05-07,2022,19,세븐틴,Special Album `; [Semicolon]`,613.0
2022-05-01,2022-05-07,2022,19,투모로우바이투게더,minisode1 : Blue Hour,3035.0
2022-05-01,2022-05-07,2022,19,투모로우바이투게더,꿈의 장: ETERNITY,1214.0
2022-05-01,2022-05-07,2022,19,투모로우바이투게더,꿈의 장: MAGIC,1087.0
2022-05-01,2022-05-07,2022,19,투모로우바이투게더,꿈의 장: STAR,971.0
2022-05-01,2022-05-07,2022,19,투모로우바이투게더,혼돈의 장: FIGHT OR ESCAPE,6078.0
2022-05-01,2022-05-07,2022,19,투모로우바이투게더,혼돈의 장: FREEZE,1888.0
2022-05-08,2022-05-14,2022,20,BLACKPINK,KILL THIS LOVE,969.0
2022-05-08,2022-05-14,2022,20,BLACKPINK,SPECIAL EDITION [How You Like That],560.0
2022-05-08,2022-05-14,2022,20,BLACKPINK,SQUARE UP,1158.0
2022-05-08,2022-05-14,2022,20,BLACKPINK,THE ALBUM,1061.0
2022-05-08,2022-05-14,2022,20,LE SSERAFIM (르세라핌),FEARLESS,6777.0
2022-05-08,2022-05-14,2022,20,TREASURE (트레저),THE FIRST STEP : CHAPTER ONE,602.0
2022-05-08,2022-05-14,2022,20,TREASURE (트레저),THE FIRST STEP : CHAPTER TWO,565.0
2022-05-08,2022-05-14,2022,20,TREASURE (트레저),THE FIRST STEP : TREASURE EFFECT,919.0
2022-05-08,2022-05-14,2022,20,TREASURE (트레저),THE SECOND STEP : CHAPTER ONE,827.0
2022-05-08,2022-05-14,2022,20,Various Artists,스물다섯 스물하나 OST,722.0
2022-05-08,2022-05-14,2022,20,XIA(준수),DIMENSION,7812.0
2022-05-08,2022-05-14,2022,20,로제 (ROSE),R,2345.0
2022-05-08,2022-05-14,2022,20,방탄소년단,2 Cool 4 Skool,2570.0
2022-05-08,2022-05-14,2022,20,방탄소년단,BE,2267.0
2022-05-08,2022-05-14,2022,20,방탄소년단,Butter,2611.0
2022-05-08,2022-05-14,2022,20,방탄소년단,DARK&WILD,1403.0
2022-05-08,2022-05-14,2022,20,방탄소년단,LOVE YOURSELF 承 `Her`,4030.0
2022-05-08,2022-05-14,2022,20,방탄소년단,LOVE YOURSELF 結 `Answer`,7417.0
2022-05-08,2022-05-14,2022,20,방탄소년단,LOVE YOURSELF 轉 `Tear`,4660.0
2022-05-08,2022-05-14,2022,20,방탄소년단,MAP OF THE SOUL : 7,7968.0
2022-05-08,2022-05-14,2022,20,방탄소년단,MAP OF THE SOUL : PERSONA,3942.0
2022-05-08,2022-05-14,2022,20,방탄소년단,"O!RUL8,2?",2480.0
2022-05-08,2022-05-14,2022,20,방탄소년단,Skool Luv Affair,768.0
2022-05-08,2022-05-14,2022,20,방탄소년단,WINGS,1802.0
2022-05-08,2022-05-14,2022,20,방탄소년단,YOU NEVER WALK ALONE,3784.0
2022-05-08,2022-05-14,2022,20,방탄소년단,화양연화 Young Forever,3464.0
2022-05-08,2022-05-14,2022,20,방탄소년단,화양연화 pt.1,1370.0
2022-05-08,2022-05-14,2022,20,방탄소년단,화양연화 pt.2,3114.0
2022-05-08,2022-05-14,2022,20,세븐틴,3RD ALBUM ‘An Ode’,4164.0
2022-05-08,2022-05-14,2022,20,세븐틴,7th Mini Album `헹가래`,2244.0
2022-05-08,2022-05-14,2022,20,세븐틴,9th Mini Album `Attacca`,2812.0
2022-05-08,2022-05-14,2022,20,세븐틴,Special Album `; [Semicolon]`,1308.0
2022-05-08,2022-05-14,2022,20,아이콘(iKON),FLASHBACK,88856.0
2022-05-08,2022-05-14,2022,20,아이콘(iKON),FLASHBACK (KiT),3853.0
2022-05-08,2022-05-14,2022,20,투모로우바이투게더,minisode 2: Thursday`s Child,1397938.0
2022-05-08,2022-05-14,2022,20,투모로우바이투게더,minisode1 : Blue Hour,2990.0
2022-05-08,2022-05-14,2022,20,투모로우바이투게더,꿈의 장: ETERNITY,2094.0
2022-05-08,2022-05-14,2022,20,투모로우바이투게더,꿈의 장: MAGIC,1633.0
2022-05-08,2022-05-14,2022,20,투모로우바이투게더,꿈의 장: STAR,1033.0
2022-05-08,2022-05-14,2022,20,투모로우바이투게더,혼돈의 장: FIGHT OR ESCAPE,3559.0
2022-05-08,2022-05-14,2022,20,투모로우바이투게더,혼돈의 장: FREEZE,1453.0
2022-05-15,2022-05-21,2022,21,BLACKPINK,KILL THIS LOVE,1922.0
2022-05-15,2022-05-21,2022,21,BLACKPINK,SQUARE UP,746.0
2022-05-15,2022-05-21,2022,21,BLACKPINK,THE ALBUM,3544.0
2022-05-15,2022-05-21,2022,21,LE SSERAFIM (르세라핌),FEARLESS,37298.0
2022-05-15,2022-05-21,2022,21,TREASURE (트레저),THE FIRST STEP : CHAPTER ONE,716.0
2022-05-15,2022-05-21,2022,21,TREASURE (트레저),THE FIRST STEP : TREASURE EFFECT,2136.0
2022-05-15,2022-05-21,2022,21,TREASURE (트레저),THE SECOND STEP : CHAPTER ONE,1295.0
2022-05-15,2022-05-21,2022,21,로제 (ROSE),R,1421.0
2022-05-15,2022-05-21,2022,21,방탄소년단,2 Cool 4 Skool,2359.0
2022-05-15,2022-05-21,2022,21,방탄소년단,BE,1395.0
2022-05-15,2022-05-21,2022,21,방탄소년단,Butter,6128.0
2022-05-15,2022-05-21,2022,21,방탄소년단,DARK&WILD,2527.0
2022-05-15,2022-05-21,2022,21,방탄소년단,LOVE YOURSELF 承 `Her`,4572.0
2022-05-15,2022-05-21,2022,21,방탄소년단,LOVE YOURSELF 結 `Answer`,5956.0
2022-05-15,2022-05-21,2022,21,방탄소년단,LOVE YOURSELF 轉 `Tear`,7290.0
2022-05-15,2022-05-21,2022,21,방탄소년단,MAP OF THE SOUL : 7,3213.0
2022-05-15,2022-05-21,2022,21,방탄소년단,MAP OF THE SOUL : PERSONA,6568.0
2022-05-15,2022-05-21,2022,21,방탄소년단,"O!RUL8,2?",2837.0
2022-05-15,2022-05-21,2022,21,방탄소년단,Skool Luv Affair,1363.0
2022-05-15,2022-05-21,2022,21,방탄소년단,WINGS,2762.0
2022-05-15,2022-05-21,2022,21,방탄소년단,YOU NEVER WALK ALONE,4122.0
2022-05-15,2022-05-21,2022,21,방탄소년단,화양연화 Young Forever,1710.0
2022-05-15,2022-05-21,2022,21,방탄소년단,화양연화 pt.1,1548.0
2022-05-15,2022-05-21,2022,21,방탄소년단,화양연화 pt.2,2002.0
2022-05-15,2022-05-21,2022,21,세븐틴,3RD ALBUM ‘An Ode’,4373.0
2022-05-15,2022-05-21,2022,21,세븐틴,7th Mini Album `헹가래`,1263.0
2022-05-15,2022-05-21,2022,21,세븐틴,9th Mini Album `Attacca`,1779.0
2022-05-15,2022-05-21,2022,21,아이콘(iKON),FLASHBACK,6090.0
2022-05-15,2022-05-21,2022,21,투모로우바이투게더,minisode 2: Thursday`s Child,155235.0
2022-05-15,2022-05-21,2022,21,투모로우바이투게더,minisode1 : Blue Hour,3906.0
2022-05-15,2022-05-21,2022,21,투모로우바이투게더,꿈의 장: MAGIC,873.0
2022-05-15,2022-05-21,2022,21,투모로우바이투게더,꿈의 장: STAR,856.0
2022-05-15,2022-05-21,2022,21,투모로우바이투게더,혼돈의 장: FIGHT OR ESCAPE,3544.0
2022-05-15,2022-05-21,2022,21,투모로우바이투게더,혼돈의 장: FREEZE,2754.0
2022-05-22,2022-05-28,2022,22,BLACKPINK,KILL THIS LOVE,1212.0
2022-05-22,2022-05-28,2022,22,BLACKPINK,SQUARE UP,853.0
2022-05-22,2022-05-28,2022,22,LE SSERAFIM (르세라핌),FEARLESS,1576.0
2022-05-22,2022-05-28,2022,22,TREASURE (트레저),THE FIRST STEP : CHAPTER THREE,993.0
2022-05-22,2022-05-28,2022,22,TREASURE (트레저),THE FIRST STEP : CHAPTER TWO,542.0
2022-05-22,2022-05-28,2022,22,TREASURE (트레저),THE SECOND STEP : CHAPTER ONE,664.0
2022-05-22,2022-05-28,2022,22,Various Artists,스물다섯 스물하나 OST,535.0
2022-05-22,2022-05-28,2022,22,로제 (ROSE),R,843.0
2022-05-22,2022-05-28,2022,22,방탄소년단,2 Cool 4 Skool,974.0
2022-05-22,2022-05-28,2022,22,방탄소년단,BE,1076.0
2022-05-22,2022-05-28,2022,22,방탄소년단,Butter,884.0
2022-05-22,2022-05-28,2022,22,방탄소년단,LOVE YOURSELF 承 `Her`,4325.0
2022-05-22,2022-05-28,2022,22,방탄소년단,LOVE YOURSELF 結 `Answer`,3136.0
2022-05-22,2022-05-28,2022,22,방탄소년단,LOVE YOURSELF 轉 `Tear`,4240.0
2022-05-22,2022-05-28,2022,22,방탄소년단,MAP OF THE SOUL : 7,1898.0
2022-05-22,2022-05-28,2022,22,방탄소년단,MAP OF THE SOUL : PERSONA,2300.0
2022-05-22,2022-05-28,2022,22,방탄소년단,"O!RUL8,2?",1009.0
2022-05-22,2022-05-28,2022,22,방탄소년단,Skool Luv Affair,897.0
2022-05-22,2022-05-28,2022,22,방탄소년단,WINGS,1714.0
2022-05-22,2022-05-28,2022,22,방탄소년단,YOU NEVER WALK ALONE,1406.0
2022-05-22,2022-05-28,2022,22,방탄소년단,화양연화 Young Forever,1944.0
2022-05-22,2022-05-28,2022,22,방탄소년단,화양연화 pt.1,1165.0
2022-05-22,2022-05-28,2022,22,방탄소년단,화양연화 pt.2,2391.0
2022-05-22,2022-05-28,2022,22,세븐틴,3RD ALBUM ‘An Ode’,1444.0
2022-05-22,2022-05-28,2022,22,세븐틴,4th Album `Face the Sun`,2133371.0
2022-05-22,2022-05-28,2022,22,세븐틴,4th Album `Face the Sun` (KiT),34222.0
2022-05-22,2022-05-28,2022,22,세븐틴,7th Mini Album `헹가래`,1275.0
2022-05-22,2022-05-28,2022,22,세븐틴,9th Mini Album `Attacca`,1248.0
2022-05-22,2022-05-28,2022,22,아이콘(iKON),FLASHBACK,1304.0
2022-05-22,2022-05-28,2022,22,투모로우바이투게더,minisode 2: Thursday`s Child,67101.0
2022-05-22,2022-05-28,2022,22,투모로우바이투게더,minisode1 : Blue Hour,1414.0
2022-05-22,2022-05-28,2022,22,투모로우바이투게더,꿈의 장: ETERNITY,633.0
2022-05-22,2022-05-28,2022,22,투모로우바이투게더,꿈의 장: STAR,858.0
2022-05-22,2022-05-28,2022,22,투모로우바이투게더,혼돈의 장: FIGHT OR ESCAPE,3082.0
2022-05-22,2022-05-28,2022,22,투모로우바이투게더,혼돈의 장: FREEZE,607.0
2022-05-29,2022-06-04,2022,23,BLACKPINK,KILL THIS LOVE,926.0
2022-05-29,2022-06-04,2022,23,BLACKPINK,SQUARE UP,626.0
2022-05-29,2022-06-04,2022,23,LE SSERAFIM (르세라핌),FEARLESS,3948.0
2022-05-29,2022-06-04,2022,23,TREASURE (트레저),THE FIRST STEP : CHAPTER ONE,701.0
2022-05-29,2022-06-04,2022,23,TREASURE (트레저),THE FIRST STEP : CHAPTER THREE,791.0
2022-05-29,2022-06-04,2022,23,TREASURE (트레저),THE FIRST STEP : CHAPTER TWO,1023.0
2022-05-29,2022-06-04,2022,23,TREASURE (트레저),THE FIRST STEP : TREASURE EFFECT,1660.0
2022-05-29,2022-06-04,2022,23,TREASURE (트레저),THE SECOND STEP : CHAPTER ONE,1282.0
2022-05-29,2022-06-04,2022,23,Various Artists,나의 해방일지 OST,2991.0
2022-05-29,2022-06-04,2022,23,로제 (ROSE),R,1521.0
2022-05-29,2022-06-04,2022,23,방탄소년단,2 Cool 4 Skool,804.0
2022-05-29,2022-06-04,2022,23,방탄소년단,BE,659.0
2022-05-29,2022-06-04,2022,23,방탄소년단,Butter,1959.0
2022-05-29,2022-06-04,2022,23,방탄소년단,DARK&WILD,1701.0
2022-05-29,2022-06-04,2022,23,방탄소년단,LOVE YOURSELF 承 `Her`,1389.0
2022-05-29,2022-06-04,2022,23,방탄소년단,LOVE YOURSELF 結 `Answer`,1178.0
2022-05-29,2022-06-04,2022,23,방탄소년단,LOVE YOURSELF 轉 `Tear`,1605.0
2022-05-29,2022-06-04,2022,23,방탄소년단,MAP OF THE SOUL : 7,12697.0
2022-05-29,2022-06-04,2022,23,방탄소년단,MAP OF THE SOUL : PERSONA,1765.0
2022-05-29,2022-06-04,2022,23,방탄소년단,"O!RUL8,2?",651.0
2022-05-29,2022-06-04,2022,23,방탄소년단,Skool Luv Affair,856.0
2022-05-29,2022-06-04,2022,23,방탄소년단,WINGS,1114.0
2022-05-29,2022-06-04,2022,23,방탄소년단,YOU NEVER WALK ALONE,935.0
2022-05-29,2022-06-04,2022,23,방탄소년단,화양연화 pt.1,762.0
2022-05-29,2022-06-04,2022,23,방탄소년단,화양연화 pt.2,1137.0
2022-05-29,2022-06-04,2022,23,세븐틴,3RD ALBUM ‘An Ode’,2255.0
2022-05-29,2022-06-04,2022,23,세븐틴,4th Album `Face the Sun`,148601.0
2022-05-29,2022-06-04,2022,23,세븐틴,4th Album `Face the Sun` (KiT),3033.0
2022-05-29,2022-06-04,2022,23,세븐틴,4th Album `Face the Sun` (Weverse),90721.0
2022-05-29,2022-06-04,2022,23,세븐틴,7th Mini Album `헹가래`,1200.0
2022-05-29,2022-06-04,2022,23,세븐틴,9th Mini Album `Attacca`,1233.0
2022-05-29,2022-06-04,2022,23,세븐틴,Special Album `; [Semicolon]`,746.0
2022-05-29,2022-06-04,2022,23,아이콘(iKON),FLASHBACK,2870.0
2022-05-29,2022-06-04,2022,23,투모로우바이투게더,minisode 2: Thursday`s Child,13496.0
2022-05-29,2022-06-04,2022,23,투모로우바이투게더,minisode1 : Blue Hour,1286.0
2022-05-29,2022-06-04,2022,23,투모로우바이투게더,꿈의 장: STAR,622.0
2022-05-29,2022-06-04,2022,23,투모로우바이투게더,혼돈의 장: FIGHT OR ESCAPE,3123.0
2022-06-05,2022-06-11,2022,24,BLACKPINK,KILL THIS LOVE,764.0
2022-06-05,2022-06-11,2022,24,BLACKPINK,THE ALBUM,559.0
2022-06-05,2022-06-11,2022,24,LE SSERAFIM (르세라핌),FEARLESS,3313.0
2022-06-05,2022-06-11,2022,24,TREASURE (트레저),THE SECOND STEP : CHAPTER ONE,763.0
2022-06-05,2022-06-11,2022,24,로제 (ROSE),R,1277.0
2022-06-05,2022-06-11,2022,24,방탄소년단,2 Cool 4 Skool,1383.0
2022-06-05,2022-06-11,2022,24,방탄소년단,BE,1450.0
2022-06-05,2022-06-11,2022,24,방탄소년단,Butter,908.0
2022-06-05,2022-06-11,2022,24,방탄소년단,LOVE YOURSELF 承 `Her`,2463.0
2022-06-05,2022-06-11,2022,24,방탄소년단,LOVE YOURSELF 結 `Answer`,2385.0
2022-06-05,2022-06-11,2022,24,방탄소년단,LOVE YOURSELF 轉 `Tear`,13904.0
2022-06-05,2022-06-11,2022,24,방탄소년단,MAP OF THE SOUL : 7,30953.0
2022-06-05,2022-06-11,2022,24,방탄소년단,MAP OF THE SOUL : PERSONA,2190.0
2022-06-05,2022-06-11,2022,24,방탄소년단,"O!RUL8,2?",819.0
2022-06-05,2022-06-11,2022,24,방탄소년단,Proof,2527718.0
2022-06-05,2022-06-11,2022,24,방탄소년단,Skool Luv Affair,1147.0
2022-06-05,2022-06-11,2022,24,방탄소년단,WINGS,952.0
2022-06-05,2022-06-11,2022,24,방탄소년단,YOU NEVER WALK ALONE,2037.0
2022-06-05,2022-06-11,2022,24,방탄소년단,화양연화 Young Forever,3336.0
2022-06-05,2022-06-11,2022,24,방탄소년단,화양연화 pt.1,1930.0
2022-06-05,2022-06-11,2022,24,방탄소년단,화양연화 pt.2,1238.0
2022-06-05,2022-06-11,2022,24,세븐틴,3RD ALBUM ‘An Ode’,1164.0
2022-06-05,2022-06-11,2022,24,세븐틴,4th Album `Face the Sun`,46752.0
2022-06-05,2022-06-11,2022,24,세븐틴,4th Album `Face the Sun` (KiT),3026.0
2022-06-05,2022-06-11,2022,24,세븐틴,4th Album `Face the Sun` (Weverse),9270.0
2022-06-05,2022-06-11,2022,24,세븐틴,7th Mini Album `헹가래`,618.0
2022-06-05,2022-06-11,2022,24,세븐틴,9th Mini Album `Attacca`,1516.0
2022-06-05,2022-06-11,2022,24,제니 (JENNIE),SOLO,769.0
2022-06-05,2022-06-11,2022,24,투모로우바이투게더,minisode 2: Thursday`s Child,7774.0
2022-06-05,2022-06-11,2022,24,투모로우바이투게더,minisode1 : Blue Hour,2863.0
2022-06-05,2022-06-11,2022,24,투모로우바이투게더,꿈의 장: MAGIC,721.0
2022-06-05,2022-06-11,2022,24,투모로우바이투게더,혼돈의 장: FIGHT OR ESCAPE,3618.0
2022-06-05,2022-06-11,2022,24,투모로우바이투게더,혼돈의 장: FREEZE,1401.0
2022-06-12,2022-06-18,2022,25,BLACKPINK,KILL THIS LOVE,2286.0
2022-06-12,2022-06-18,2022,25,BLACKPINK,SQUARE UP,820.0
2022-06-12,2022-06-18,2022,25,BLACKPINK,THE ALBUM,1362.0
2022-06-12,2022-06-18,2022,25,TREASURE (트레저),THE FIRST STEP : TREASURE EFFECT,1717.0
2022-06-12,2022-06-18,2022,25,TREASURE (트레저),THE SECOND STEP : CHAPTER ONE,937.0
2022-06-12,2022-06-18,2022,25,Various Artists,나의 해방일지 OST,4009.0
2022-06-12,2022-06-18,2022,25,로제 (ROSE),R,1054.0
2022-06-12,2022-06-18,2022,25,방탄소년단,2 Cool 4 Skool,1421.0
2022-06-12,2022-06-18,2022,25,방탄소년단,BE,1684.0
2022-06-12,2022-06-18,2022,25,방탄소년단,Butter,2298.0
2022-06-12,2022-06-18,2022,25,방탄소년단,DARK&WILD,894.0
2022-06-12,2022-06-18,2022,25,방탄소년단,LOVE YOURSELF 承 `Her`,3600.0
2022-06-12,2022-06-18,2022,25,방탄소년단,LOVE YOURSELF 結 `Answer`,3484.0
2022-06-12,2022-06-18,2022,25,방탄소년단,LOVE YOURSELF 轉 `Tear`,3285.0
2022-06-12,2022-06-18,2022,25,방탄소년단,MAP OF THE SOUL : 7,3586.0
2022-06-12,2022-06-18,2022,25,방탄소년단,MAP OF THE SOUL : PERSONA,43220.0
2022-06-12,2022-06-18,2022,25,방탄소년단,"O!RUL8,2?",1555.0
2022-06-12,2022-06-18,2022,25,방탄소년단,Proof,251149.0
2022-06-12,2022-06-18,2022,25,방탄소년단,Skool Luv Affair,1946.0
2022-06-12,2022-06-18,2022,25,방탄소년단,WINGS,3922.0
2022-06-12,2022-06-18,2022,25,방탄소년단,YOU NEVER WALK ALONE,1796.0
2022-06-12,2022-06-18,2022,25,방탄소년단,화양연화 Young Forever,1736.0
2022-06-12,2022-06-18,2022,25,방탄소년단,화양연화 pt.1,1620.0
2022-06-12,2022-06-18,2022,25,방탄소년단,화양연화 pt.2,2818.0
2022-06-12,2022-06-18,2022,25,세븐틴,3RD ALBUM ‘An Ode’,3546.0
2022-06-12,2022-06-18,2022,25,세븐틴,4th Album `Face the Sun`,29599.0
2022-06-12,2022-06-18,2022,25,세븐틴,7th Mini Album `헹가래`,1366.0
2022-06-12,2022-06-18,2022,25,세븐틴,9th Mini Album `Attacca`,1709.0
2022-06-12,2022-06-18,2022,25,투모로우바이투게더,minisode 2: Thursday`s Child,3757.0
2022-06-12,2022-06-18,2022,25,투모로우바이투게더,minisode1 : Blue Hour,5852.0
2022-06-12,2022-06-18,2022,25,투모로우바이투게더,꿈의 장: ETERNITY,1824.0
2022-06-12,2022-06-18,2022,25,투모로우바이투게더,꿈의 장: MAGIC,2917.0
2022-06-12,2022-06-18,2022,25,투모로우바이투게더,꿈의 장: STAR,2155.0
2022-06-12,2022-06-18,2022,25,투모로우바이투게더,혼돈의 장: FIGHT OR ESCAPE,8919.0
2022-06-12,2022-06-18,2022,25,투모로우바이투게더,혼돈의 장: FREEZE,4340.0
2022-06-19,2022-06-25,2022,26,BLACKPINK,KILL THIS LOVE,1610.0
2022-06-19,2022-06-25,2022,26,BLACKPINK,SQUARE UP,896.0
2022-06-19,2022-06-25,2022,26,BLACKPINK,THE ALBUM,1345.0
2022-06-19,2022-06-25,2022,26,TREASURE (트레저),THE FIRST STEP : TREASURE EFFECT,1132.0
2022-06-19,2022-06-25,2022,26,TREASURE (트레저),THE SECOND STEP : CHAPTER ONE,1119.0
2022-06-19,2022-06-25,2022,26,Various Artists,나의 해방일지 OST,1147.0
2022-06-19,2022-06-25,2022,26,로제 (ROSE),R,923.0
2022-06-19,2022-06-25,2022,26,방탄소년단,2 Cool 4 Skool,3050.0
2022-06-19,2022-06-25,2022,26,방탄소년단,Butter,3348.0
2022-06-19,2022-06-25,2022,26,방탄소년단,DARK&WILD,2402.0
2022-06-19,2022-06-25,2022,26,방탄소년단,LOVE YOURSELF 承 `Her`,17937.0
2022-06-19,2022-06-25,2022,26,방탄소년단,LOVE YOURSELF 結 `Answer`,7692.0
2022-06-19,2022-06-25,2022,26,방탄소년단,LOVE YOURSELF 轉 `Tear`,3984.0
2022-06-19,2022-06-25,2022,26,방탄소년단,MAP OF THE SOUL : 7,3296.0
2022-06-19,2022-06-25,2022,26,방탄소년단,MAP OF THE SOUL : PERSONA,3940.0
2022-06-19,2022-06-25,2022,26,방탄소년단,"O!RUL8,2?",1953.0
2022-06-19,2022-06-25,2022,26,방탄소년단,Proof,188929.0
2022-06-19,2022-06-25,2022,26,방탄소년단,Skool Luv Affair,1501.0
2022-06-19,2022-06-25,2022,26,방탄소년단,WINGS,1390.0
2022-06-19,2022-06-25,2022,26,방탄소년단,YOU NEVER WALK ALONE,1848.0
2022-06-19,2022-06-25,2022,26,방탄소년단,화양연화 Young Forever,1852.0
2022-06-19,2022-06-25,2022,26,방탄소년단,화양연화 pt.1,2396.0
2022-06-19,2022-06-25,2022,26,방탄소년단,화양연화 pt.2,2368.0
2022-06-19,2022-06-25,2022,26,세븐틴,3RD ALBUM ‘An Ode’,1942.0
2022-06-19,2022-06-25,2022,26,세븐틴,4th Album `Face the Sun`,9127.0
2022-06-19,2022-06-25,2022,26,세븐틴,4th Album `Face the Sun` (KiT),921.0
2022-06-19,2022-06-25,2022,26,세븐틴,4th Album `Face the Sun` (Weverse),12545.0
2022-06-19,2022-06-25,2022,26,투모로우바이투게더,minisode 2: Thursday`s Child,3724.0
2022-06-19,2022-06-25,2022,26,투모로우바이투게더,minisode1 : Blue Hour,4935.0
2022-06-19,2022-06-25,2022,26,투모로우바이투게더,꿈의 장: MAGIC,1324.0
2022-06-19,2022-06-25,2022,26,투모로우바이투게더,꿈의 장: STAR,1324.0
2022-06-19,2022-06-25,2022,26,투모로우바이투게더,혼돈의 장: FIGHT OR ESCAPE,6492.0
2022-06-19,2022-06-25,2022,26,투모로우바이투게더,혼돈의 장: FREEZE,2488.0
2022-06-26,2022-07-02,2022,27,BLACKPINK,THE ALBUM,675.0
2022-06-26,2022-07-02,2022,27,TREASURE (트레저),THE FIRST STEP : CHAPTER ONE,724.0
2022-06-26,2022-07-02,2022,27,TREASURE (트레저),THE FIRST STEP : TREASURE EFFECT,603.0
2022-06-26,2022-07-02,2022,27,방탄소년단,2 Cool 4 Skool,1189.0
2022-06-26,2022-07-02,2022,27,방탄소년단,BE,669.0
2022-06-26,2022-07-02,2022,27,방탄소년단,DARK&WILD,565.0
2022-06-26,2022-07-02,2022,27,방탄소년단,LOVE YOURSELF 承 `Her`,39405.0
2022-06-26,2022-07-02,2022,27,방탄소년단,LOVE YOURSELF 結 `Answer`,1208.0
2022-06-26,2022-07-02,2022,27,방탄소년단,LOVE YOURSELF 轉 `Tear`,31904.0
2022-06-26,2022-07-02,2022,27,방탄소년단,MAP OF THE SOUL : 7,881.0
2022-06-26,2022-07-02,2022,27,방탄소년단,MAP OF THE SOUL : PERSONA,91799.0
2022-06-26,2022-07-02,2022,27,방탄소년단,"O!RUL8,2?",734.0
2022-06-26,2022-07-02,2022,27,방탄소년단,Proof,18314.0
2022-06-26,2022-07-02,2022,27,방탄소년단,Skool Luv Affair,1007.0
2022-06-26,2022-07-02,2022,27,방탄소년단,WINGS,1438.0
2022-06-26,2022-07-02,2022,27,방탄소년단,YOU NEVER WALK ALONE,752.0
2022-06-26,2022-07-02,2022,27,방탄소년단,화양연화 Young Forever,834.0
2022-06-26,2022-07-02,2022,27,방탄소년단,화양연화 pt.1,678.0
2022-06-26,2022-07-02,2022,27,방탄소년단,화양연화 pt.2,1564.0
2022-06-26,2022-07-02,2022,27,세븐틴,3RD ALBUM ‘An Ode’,778.0
2022-06-26,2022-07-02,2022,27,세븐틴,4th Album `Face the Sun`,5602.0
2022-06-26,2022-07-02,2022,27,세븐틴,4th Album `Face the Sun` (Weverse),2813.0
2022-06-26,2022-07-02,2022,27,제이씨 유카 (Jayci Yucca),The Last Boy In The Class 2,1688.0
2022-06-26,2022-07-02,2022,27,투모로우바이투게더,minisode 2: Thursday`s Child,1302.0
2022-06-26,2022-07-02,2022,27,투모로우바이투게더,minisode1 : Blue Hour,975.0
2022-06-26,2022-07-02,2022,27,투모로우바이투게더,꿈의 장: MAGIC,681.0
2022-06-26,2022-07-02,2022,27,투모로우바이투게더,꿈의 장: STAR,800.0
2022-06-26,2022-07-02,2022,27,투모로우바이투게더,혼돈의 장: FIGHT OR ESCAPE,3235.0
2022-06-26,2022-07-02,2022,27,투모로우바이투게더,혼돈의 장: FREEZE,1560.0
2022-06-26,2022-07-02,2022,27,프로미스나인 (fromis_9),from our Memento Box,138182.0
2022-06-26,2022-07-02,2022,27,프로미스나인 (fromis_9),from our Memento Box (KiT),11251.0
2022-06-26,2022-07-02,2022,27,프로미스나인 (fromis_9),from our Memento Box (Weverse),17454.0
2022-07-03,2022-07-09,2022,28,BLACKPINK,KILL THIS LOVE,1964.0
2022-07-03,2022-07-09,2022,28,BLACKPINK,SPECIAL EDITION [How You Like That],900.0
2022-07-03,2022-07-09,2022,28,BLACKPINK,SQUARE UP,769.0
2022-07-03,2022-07-09,2022,28,BLACKPINK,THE ALBUM,2144.0
2022-07-03,2022-07-09,2022,28,LE SSERAFIM (르세라핌),FEARLESS,814.0
2022-07-03,2022-07-09,2022,28,TREASURE (트레저),THE SECOND STEP : CHAPTER ONE,661.0
2022-07-03,2022-07-09,2022,28,로제 (ROSE),R,2609.0
2022-07-03,2022-07-09,2022,28,방탄소년단,2 Cool 4 Skool,1179.0
2022-07-03,2022-07-09,2022,28,방탄소년단,BE,1225.0
2022-07-03,2022-07-09,2022,28,방탄소년단,Butter,994.0
2022-07-03,2022-07-09,2022,28,방탄소년단,DARK&WILD,948.0
2022-07-03,2022-07-09,2022,28,방탄소년단,LOVE YOURSELF 承 `Her`,2267.0
2022-07-03,2022-07-09,2022,28,방탄소년단,LOVE YOURSELF 結 `Answer`,2075.0
2022-07-03,2022-07-09,2022,28,방탄소년단,LOVE YOURSELF 轉 `Tear`,1890.0
2022-07-03,2022-07-09,2022,28,방탄소년단,MAP OF THE SOUL : 7,1121.0
2022-07-03,2022-07-09,2022,28,방탄소년단,MAP OF THE SOUL : PERSONA,2610.0
2022-07-03,2022-07-09,2022,28,방탄소년단,"O!RUL8,2?",860.0
2022-07-03,2022-07-09,2022,28,방탄소년단,Proof,96436.0
2022-07-03,2022-07-09,2022,28,방탄소년단,Skool Luv Affair,906.0
2022-07-03,2022-07-09,2022,28,방탄소년단,WINGS,788.0
2022-07-03,2022-07-09,2022,28,방탄소년단,YOU NEVER WALK ALONE,1668.0
2022-07-03,2022-07-09,2022,28,방탄소년단,화양연화 Young Forever,1266.0
2022-07-03,2022-07-09,2022,28,방탄소년단,화양연화 pt.1,974.0
2022-07-03,2022-07-09,2022,28,방탄소년단,화양연화 pt.2,1438.0
2022-07-03,2022-07-09,2022,28,세븐틴,3RD ALBUM ‘An Ode’,3176.0
2022-07-03,2022-07-09,2022,28,세븐틴,4th Album `Face the Sun`,11666.0
2022-07-03,2022-07-09,2022,28,세븐틴,4th Album `Face the Sun` (Weverse),2131.0
2022-07-03,2022-07-09,2022,28,세븐틴,7th Mini Album `헹가래`,2008.0
2022-07-03,2022-07-09,2022,28,세븐틴,9th Mini Album `Attacca`,1741.0
2022-07-03,2022-07-09,2022,28,세븐틴,Special Album `; [Semicolon]`,958.0
2022-07-03,2022-07-09,2022,28,위너(WINNER),HOLIDAY,129367.0
2022-07-03,2022-07-09,2022,28,위너(WINNER),HOLIDAY (KiT),4989.0
2022-07-03,2022-07-09,2022,28,투모로우바이투게더,minisode 2: Thursday`s Child,5078.0
2022-07-03,2022-07-09,2022,28,투모로우바이투게더,minisode1 : Blue Hour,2635.0
2022-07-03,2022-07-09,2022,28,투모로우바이투게더,꿈의 장: ETERNITY,948.0
2022-07-03,2022-07-09,2022,28,투모로우바이투게더,꿈의 장: MAGIC,1512.0
2022-07-03,2022-07-09,2022,28,투모로우바이투게더,꿈의 장: STAR,1376.0
2022-07-03,2022-07-09,2022,28,투모로우바이투게더,혼돈의 장: FIGHT OR ESCAPE,7395.0
2022-07-03,2022-07-09,2022,28,투모로우바이투게더,혼돈의 장: FREEZE,2663.0
2022-07-03,2022-07-09,2022,28,프로미스나인 (fromis_9),from our Memento Box,5389.0
2022-07-03,2022-07-09,2022,28,프로미스나인 (fromis_9),from our Memento Box (Weverse),5655.0
2022-07-10,2022-07-16,2022,29,BLACKPINK,KILL THIS LOVE,1586.0
2022-07-10,2022-07-16,2022,29,BLACKPINK,THE ALBUM,967.0
2022-07-10,2022-07-16,2022,29,LE SSERAFIM (르세라핌),FEARLESS,1974.0
2022-07-10,2022-07-16,2022,29,TREASURE (트레저),THE FIRST STEP : TREASURE EFFECT,1205.0
2022-07-10,2022-07-16,2022,29,로제 (ROSE),R,1199.0
2022-07-10,2022-07-16,2022,29,리사 (LISA),LALISA,1051.0
2022-07-10,2022-07-16,2022,29,방탄소년단,Butter,2052.0
2022-07-10,2022-07-16,2022,29,방탄소년단,DARK&WILD,2269.0
2022-07-10,2022-07-16,2022,29,방탄소년단,LOVE YOURSELF 承 `Her`,3576.0
2022-07-10,2022-07-16,2022,29,방탄소년단,LOVE YOURSELF 結 `Answer`,1726.0
2022-07-10,2022-07-16,2022,29,방탄소년단,LOVE YOURSELF 轉 `Tear`,5000.0
2022-07-10,2022-07-16,2022,29,방탄소년단,MAP OF THE SOUL : 7,2592.0
2022-07-10,2022-07-16,2022,29,방탄소년단,MAP OF THE SOUL : PERSONA,3386.0
2022-07-10,2022-07-16,2022,29,방탄소년단,Proof,136593.0
2022-07-10,2022-07-16,2022,29,방탄소년단,WINGS,1572.0
2022-07-10,2022-07-16,2022,29,방탄소년단,YOU NEVER WALK ALONE,1204.0
2022-07-10,2022-07-16,2022,29,방탄소년단,화양연화 Young Forever,2734.0
2022-07-10,2022-07-16,2022,29,방탄소년단,화양연화 pt.1,1664.0
2022-07-10,2022-07-16,2022,29,세븐틴,3RD ALBUM ‘An Ode’,1200.0
2022-07-10,2022-07-16,2022,29,세븐틴,4th Album `Face the Sun`,8537.0
2022-07-10,2022-07-16,2022,29,세븐틴,4th Album `Face the Sun` (Weverse),1126.0
2022-07-10,2022-07-16,2022,29,세븐틴,7th Mini Album `헹가래`,1502.0
2022-07-10,2022-07-16,2022,29,세븐틴,9th Mini Album `Attacca`,1474.0
2022-07-10,2022-07-16,2022,29,위너(WINNER),HOLIDAY,26274.0
2022-07-10,2022-07-16,2022,29,위너(WINNER),HOLIDAY (KiT),1710.0
2022-07-10,2022-07-16,2022,29,투모로우바이투게더,minisode 2: Thursday`s Child,5462.0
2022-07-10,2022-07-16,2022,29,투모로우바이투게더,minisode1 : Blue Hour,3586.0
2022-07-10,2022-07-16,2022,29,투모로우바이투게더,꿈의 장: ETERNITY,2156.0
2022-07-10,2022-07-16,2022,29,투모로우바이투게더,꿈의 장: MAGIC,850.0
2022-07-10,2022-07-16,2022,29,투모로우바이투게더,꿈의 장: STAR,1599.0
2022-07-10,2022-07-16,2022,29,투모로우바이투게더,혼돈의 장: FIGHT OR ESCAPE,6502.0
2022-07-10,2022-07-16,2022,29,투모로우바이투게더,혼돈의 장: FREEZE,2557.0
2022-07-10,2022-07-16,2022,29,프로미스나인 (fromis_9),from our Memento Box,8346.0
2022-07-17,2022-07-23,2022,30,TREASURE (트레저),THE SECOND STEP : CHAPTER ONE,1069.0
2022-07-17,2022-07-23,2022,30,방탄소년단,Butter,1890.0
2022-07-17,2022-07-23,2022,30,방탄소년단,DARK&WILD,1160.0
2022-07-17,2022-07-23,2022,30,방탄소년단,LOVE YOURSELF 承 `Her`,9918.0
2022-07-17,2022-07-23,2022,30,방탄소년단,LOVE YOURSELF 結 `Answer`,16488.0
2022-07-17,2022-07-23,2022,30,방탄소년단,LOVE YOURSELF 轉 `Tear`,3802.0
2022-07-17,2022-07-23,2022,30,방탄소년단,MAP OF THE SOUL : 7,38896.0
2022-07-17,2022-07-23,2022,30,방탄소년단,MAP OF THE SOUL : PERSONA,2866.0
2022-07-17,2022-07-23,2022,30,방탄소년단,"O!RUL8,2?",1716.0
2022-07-17,2022-07-23,2022,30,방탄소년단,Proof,20233.0
2022-07-17,2022-07-23,2022,30,방탄소년단,Skool Luv Affair,1500.0
2022-07-17,2022-07-23,2022,30,방탄소년단,WINGS,1980.0
2022-07-17,2022-07-23,2022,30,방탄소년단,YOU NEVER WALK ALONE,1490.0
2022-07-17,2022-07-23,2022,30,방탄소년단,화양연화 Young Forever,2242.0
2022-07-17,2022-07-23,2022,30,방탄소년단,화양연화 pt.1,1214.0
2022-07-17,2022-07-23,2022,30,방탄소년단,화양연화 pt.2,2390.0
2022-07-17,2022-07-23,2022,30,세븐틴,3RD ALBUM ‘An Ode’,4880.0
2022-07-17,2022-07-23,2022,30,세븐틴,4th Album Repackage `SECTOR 17`,1316712.0
2022-07-17,2022-07-23,2022,30,세븐틴,4th Album Repackage `SECTOR 17` (KiT),30000.0
2022-07-17,2022-07-23,2022,30,세븐틴,4th Album `Face the Sun`,5893.0
2022-07-17,2022-07-23,2022,30,세븐틴,4th Album `Face the Sun` (Weverse),1676.0
2022-07-17,2022-07-23,2022,30,세븐틴,7th Mini Album `헹가래`,1585.0
2022-07-17,2022-07-23,2022,30,세븐틴,9th Mini Album `Attacca`,1536.0
2022-07-17,2022-07-23,2022,30,위너(WINNER),HOLIDAY,7880.0
2022-07-17,2022-07-23,2022,30,투모로우바이투게더,minisode 2: Thursday`s Child,4812.0
2022-07-17,2022-07-23,2022,30,투모로우바이투게더,minisode1 : Blue Hour,3235.0
2022-07-17,2022-07-23,2022,30,투모로우바이투게더,꿈의 장: ETERNITY,1458.0
2022-07-17,2022-07-23,2022,30,투모로우바이투게더,꿈의 장: MAGIC,3053.0
2022-07-17,2022-07-23,2022,30,투모로우바이투게더,꿈의 장: STAR,1273.0
2022-07-17,2022-07-23,2022,30,투모로우바이투게더,혼돈의 장: FIGHT OR ESCAPE,5068.0
2022-07-17,2022-07-23,2022,30,투모로우바이투게더,혼돈의 장: FREEZE,3152.0
2022-07-17,2022-07-23,2022,30,프로미스나인 (fromis_9),from our Memento Box,5800.0
2022-07-24,2022-07-30,2022,31,BLACKPINK,KILL THIS LOVE,1730.0
2022-07-24,2022-07-30,2022,31,BLACKPINK,THE ALBUM,1145.0
2022-07-24,2022-07-30,2022,31,LE SSERAFIM (르세라핌),FEARLESS,1283.0
2022-07-24,2022-07-30,2022,31,j-hope,Jack In The Box (Weverse),472385.0
2022-07-24,2022-07-30,2022,31,방탄소년단,2 Cool 4 Skool,4080.0
2022-07-24,2022-07-30,2022,31,방탄소년단,DARK&WILD,4050.0
2022-07-24,2022-07-30,2022,31,방탄소년단,LOVE YOURSELF 承 `Her`,1775.0
2022-07-24,2022-07-30,2022,31,방탄소년단,LOVE YOURSELF 結 `Answer`,1851.0
2022-07-24,2022-07-30,2022,31,방탄소년단,LOVE YOURSELF 轉 `Tear`,2030.0
2022-07-24,2022-07-30,2022,31,방탄소년단,MAP OF THE SOUL : 7,54235.0
2022-07-24,2022-07-30,2022,31,방탄소년단,MAP OF THE SOUL : PERSONA,859.0
2022-07-24,2022-07-30,2022,31,방탄소년단,"O!RUL8,2?",3557.0
2022-07-24,2022-07-30,2022,31,방탄소년단,Skool Luv Affair,3692.0
2022-07-24,2022-07-30,2022,31,방탄소년단,WINGS,6499.0
2022-07-24,2022-07-30,2022,31,방탄소년단,YOU NEVER WALK ALONE,4592.0
2022-07-24,2022-07-30,2022,31,방탄소년단,화양연화 Young Forever,4123.0
2022-07-24,2022-07-30,2022,31,방탄소년단,화양연화 pt.1,2891.0
2022-07-24,2022-07-30,2022,31,방탄소년단,화양연화 pt.2,3477.0
2022-07-24,2022-07-30,2022,31,세븐틴,3RD ALBUM ‘An Ode’,3119.0
2022-07-24,2022-07-30,2022,31,세븐틴,4th Album Repackage `SECTOR 17`,22114.0
2022-07-24,2022-07-30,2022,31,세븐틴,4th Album Repackage `SECTOR 17` (Weverse),59970.0
2022-07-24,2022-07-30,2022,31,세븐틴,4th Album `Face the Sun`,6434.0
2022-07-24,2022-07-30,2022,31,세븐틴,4th Album `Face the Sun` (KiT),911.0
2022-07-24,2022-07-30,2022,31,세븐틴,4th Album `Face the Sun` (Weverse),1158.0
2022-07-24,2022-07-30,2022,31,세븐틴,7th Mini Album `헹가래`,1233.0
2022-07-24,2022-07-30,2022,31,세븐틴,9th Mini Album `Attacca`,1675.0
2022-07-24,2022-07-30,2022,31,위너(WINNER),HOLIDAY,29725.0
2022-07-24,2022-07-30,2022,31,투모로우바이투게더,minisode1 : Blue Hour,3427.0
2022-07-24,2022-07-30,2022,31,투모로우바이투게더,꿈의 장: ETERNITY,574.0
2022-07-24,2022-07-30,2022,31,투모로우바이투게더,꿈의 장: MAGIC,699.0
2022-07-24,2022-07-30,2022,31,투모로우바이투게더,꿈의 장: STAR,1065.0
2022-07-24,2022-07-30,2022,31,투모로우바이투게더,혼돈의 장: FIGHT OR ESCAPE,1661.0
2022-07-31,2022-08-06,2022,32,BLACKPINK,KILL THIS LOVE,660.0
2022-07-31,2022-08-06,2022,32,BLACKPINK,SQUARE UP,792.0
2022-07-31,2022-08-06,2022,32,BLACKPINK,THE ALBUM,1719.0
2022-07-31,2022-08-06,2022,32,LE SSERAFIM (르세라핌),FEARLESS,1785.0
2022-07-31,2022-08-06,2022,32,j-hope,Jack In The Box (Weverse),5390.0
2022-07-31,2022-08-06,2022,32,로제 (ROSE),R,672.0
2022-07-31,2022-08-06,2022,32,방탄소년단,2 Cool 4 Skool,761.0
2022-07-31,2022-08-06,2022,32,방탄소년단,BE,1212.0
2022-07-31,2022-08-06,2022,32,방탄소년단,Butter,2158.0
2022-07-31,2022-08-06,2022,32,방탄소년단,LOVE YOURSELF 承 `Her`,2720.0
2022-07-31,2022-08-06,2022,32,방탄소년단,LOVE YOURSELF 結 `Answer`,2084.0
2022-07-31,2022-08-06,2022,32,방탄소년단,LOVE YOURSELF 轉 `Tear`,4110.0
2022-07-31,2022-08-06,2022,32,방탄소년단,MAP OF THE SOUL : 7,1226.0
2022-07-31,2022-08-06,2022,32,방탄소년단,MAP OF THE SOUL : PERSONA,3428.0
2022-07-31,2022-08-06,2022,32,방탄소년단,"O!RUL8,2?",708.0
2022-07-31,2022-08-06,2022,32,방탄소년단,Proof,133144.0
2022-07-31,2022-08-06,2022,32,방탄소년단,WINGS,1488.0
2022-07-31,2022-08-06,2022,32,방탄소년단,YOU NEVER WALK ALONE,1854.0
2022-07-31,2022-08-06,2022,32,방탄소년단,화양연화 Young Forever,1472.0
2022-07-31,2022-08-06,2022,32,방탄소년단,화양연화 pt.1,1181.0
2022-07-31,2022-08-06,2022,32,방탄소년단,화양연화 pt.2,1816.0
2022-07-31,2022-08-06,2022,32,세븐틴,3RD ALBUM ‘An Ode’,2374.0
2022-07-31,2022-08-06,2022,32,세븐틴,4th Album Repackage `SECTOR 17`,30255.0
2022-07-31,2022-08-06,2022,32,세븐틴,4th Album Repackage `SECTOR 17` (KiT),10000.0
2022-07-31,2022-08-06,2022,32,세븐틴,4th Album Repackage `SECTOR 17` (Weverse),30000.0
2022-07-31,2022-08-06,2022,32,세븐틴,4th Album `Face the Sun`,10905.0
2022-07-31,2022-08-06,2022,32,세븐틴,4th Album `Face the Sun` (Weverse),1401.0
2022-07-31,2022-08-06,2022,32,세븐틴,7th Mini Album `헹가래`,1086.0
2022-07-31,2022-08-06,2022,32,세븐틴,8th Mini Album `Your Choice`,690.0
2022-07-31,2022-08-06,2022,32,세븐틴,9th Mini Album `Attacca`,2921.0
2022-07-31,2022-08-06,2022,32,세븐틴,Special Album `; [Semicolon]`,709.0
2022-07-31,2022-08-06,2022,32,신수현,COUNT ON ME,2103.0
2022-07-31,2022-08-06,2022,32,위너(WINNER),HOLIDAY,804.0
2022-07-31,2022-08-06,2022,32,지코 (ZICO),Grown Ass Kid,16085.0
2022-07-31,2022-08-06,2022,32,투모로우바이투게더,minisode 2: Thursday`s Child,27664.0
2022-07-31,2022-08-06,2022,32,투모로우바이투게더,minisode1 : Blue Hour,2843.0
2022-07-31,2022-08-06,2022,32,투모로우바이투게더,꿈의 장: ETERNITY,1064.0
2022-07-31,2022-08-06,2022,32,투모로우바이투게더,꿈의 장: MAGIC,1334.0
2022-07-31,2022-08-06,2022,32,투모로우바이투게더,꿈의 장: STAR,1175.0
2022-07-31,2022-08-06,2022,32,투모로우바이투게더,혼돈의 장: FIGHT OR ESCAPE,5673.0
2022-07-31,2022-08-06,2022,32,투모로우바이투게더,혼돈의 장: FREEZE,2910.0
2022-07-31,2022-08-06,2022,32,프로미스나인 (fromis_9),Midnight Guest,894.0
2022-08-07,2022-08-13,2022,33,BLACKPINK,KILL THIS LOVE,3915.0
2022-08-07,2022-08-13,2022,33,BLACKPINK,SPECIAL EDITION [How You Like That],979.0
2022-08-07,2022-08-13,2022,33,BLACKPINK,SQUARE UP,3229.0
2022-08-07,2022-08-13,2022,33,BLACKPINK,THE ALBUM,2832.0
2022-08-07,2022-08-13,2022,33,LE SSERAFIM (르세라핌),FEARLESS,2564.0
2022-08-07,2022-08-13,2022,33,NewJeans,1st EP `New Jeans`,335588.0
2022-08-07,2022-08-13,2022,33,NewJeans,1st EP `New Jeans` (Weverse),78866.0
2022-08-07,2022-08-13,2022,33,TREASURE (트레저),THE FIRST STEP : TREASURE EFFECT,1694.0
2022-08-07,2022-08-13,2022,33,TREASURE (트레저),THE SECOND STEP : CHAPTER ONE,1183.0
2022-08-07,2022-08-13,2022,33,j-hope,Jack In The Box (Weverse),1265.0
2022-08-07,2022-08-13,2022,33,로제 (ROSE),R,2733.0
2022-08-07,2022-08-13,2022,33,리사 (LISA),LALISA,1418.0
2022-08-07,2022-08-13,2022,33,방탄소년단,2 Cool 4 Skool,1246.0
2022-08-07,2022-08-13,2022,33,방탄소년단,Butter,3968.0
2022-08-07,2022-08-13,2022,33,방탄소년단,DARK&WILD,1193.0
2022-08-07,2022-08-13,2022,33,방탄소년단,LOVE YOURSELF 承 `Her`,1942.0
2022-08-07,2022-08-13,2022,33,방탄소년단,LOVE YOURSELF 結 `Answer`,2690.0
2022-08-07,2022-08-13,2022,33,방탄소년단,LOVE YOURSELF 轉 `Tear`,2926.0
2022-08-07,2022-08-13,2022,33,방탄소년단,MAP OF THE SOUL : 7,1742.0
2022-08-07,2022-08-13,2022,33,방탄소년단,MAP OF THE SOUL : PERSONA,2186.0
2022-08-07,2022-08-13,2022,33,방탄소년단,"O!RUL8,2?",1440.0
2022-08-07,2022-08-13,2022,33,방탄소년단,Skool Luv Affair,1359.0
2022-08-07,2022-08-13,2022,33,방탄소년단,WINGS,1784.0
2022-08-07,2022-08-13,2022,33,방탄소년단,YOU NEVER WALK ALONE,1424.0
2022-08-07,2022-08-13,2022,33,방탄소년단,화양연화 Young Forever,1422.0
2022-08-07,2022-08-13,2022,33,방탄소년단,화양연화 pt.1,1164.0
2022-08-07,2022-08-13,2022,33,방탄소년단,화양연화 pt.2,1238.0
2022-08-07,2022-08-13,2022,33,세븐틴,3RD ALBUM ‘An Ode’,4188.0
2022-08-07,2022-08-13,2022,33,세븐틴,4th Album Repackage `SECTOR 17`,12880.0
2022-08-07,2022-08-13,2022,33,세븐틴,4th Album Repackage `SECTOR 17` (Weverse),88779.0
2022-08-07,2022-08-13,2022,33,세븐틴,4th Album `Face the Sun`,16320.0
2022-08-07,2022-08-13,2022,33,세븐틴,4th Album `Face the Sun` (Weverse),3232.0
2022-08-07,2022-08-13,2022,33,세븐틴,7th Mini Album `헹가래`,3238.0
2022-08-07,2022-08-13,2022,33,세븐틴,9th Mini Album `Attacca`,4324.0
2022-08-07,2022-08-13,2022,33,세븐틴,Special Album `; [Semicolon]`,1015.0
2022-08-07,2022-08-13,2022,33,위너(WINNER),HOLIDAY,1069.0
2022-08-07,2022-08-13,2022,33,제니 (JENNIE),SOLO,1493.0
2022-08-07,2022-08-13,2022,33,투모로우바이투게더,minisode 2: Thursday`s Child,10188.0
2022-08-07,2022-08-13,2022,33,투모로우바이투게더,minisode1 : Blue Hour,6621.0
2022-08-07,2022-08-13,2022,33,투모로우바이투게더,꿈의 장: ETERNITY,3230.0
2022-08-07,2022-08-13,2022,33,투모로우바이투게더,꿈의 장: MAGIC,3516.0
2022-08-07,2022-08-13,2022,33,투모로우바이투게더,꿈의 장: STAR,3583.0
2022-08-07,2022-08-13,2022,33,투모로우바이투게더,혼돈의 장: FIGHT OR ESCAPE,9192.0
2022-08-07,2022-08-13,2022,33,투모로우바이투게더,혼돈의 장: FREEZE,4460.0
2022-08-14,2022-08-20,2022,34,BLACKPINK,KILL THIS LOVE,2094.0
2022-08-14,2022-08-20,2022,34,BLACKPINK,SQUARE UP,918.0
2022-08-14,2022-08-20,2022,34,BLACKPINK,THE ALBUM,1962.0
2022-08-14,2022-08-20,2022,34,LE SSERAFIM (르세라핌),FEARLESS,1401.0
2022-08-14,2022-08-20,2022,34,NewJeans,1st EP `New Jeans`,40078.0
2022-08-14,2022-08-20,2022,34,NewJeans,1st EP `New Jeans` (Weverse),48357.0
2022-08-14,2022-08-20,2022,34,TREASURE (트레저),THE FIRST STEP : TREASURE EFFECT,821.0
2022-08-14,2022-08-20,2022,34,TREASURE (트레저),THE SECOND STEP : CHAPTER ONE,1779.0
2022-08-14,2022-08-20,2022,34,j-hope,Jack In The Box (Weverse),1375.0
2022-08-14,2022-08-20,2022,34,로제 (ROSE),R,1073.0
2022-08-14,2022-08-20,2022,34,방탄소년단,2 Cool 4 Skool,812.0
2022-08-14,2022-08-20,2022,34,방탄소년단,BE,1565.0
2022-08-14,2022-08-20,2022,34,방탄소년단,Butter,1494.0
2022-08-14,2022-08-20,2022,34,방탄소년단,DARK&WILD,1396.0
2022-08-14,2022-08-20,2022,34,방탄소년단,LOVE YOURSELF 承 `Her`,4484.0
2022-08-14,2022-08-20,2022,34,방탄소년단,LOVE YOURSELF 結 `Answer`,2976.0
2022-08-14,2022-08-20,2022,34,방탄소년단,LOVE YOURSELF 轉 `Tear`,3924.0
2022-08-14,2022-08-20,2022,34,방탄소년단,MAP OF THE SOUL : 7,2668.0
2022-08-14,2022-08-20,2022,34,방탄소년단,MAP OF THE SOUL : PERSONA,2882.0
2022-08-14,2022-08-20,2022,34,방탄소년단,"O!RUL8,2?",2728.0
2022-08-14,2022-08-20,2022,34,방탄소년단,Proof,2766.0
2022-08-14,2022-08-20,2022,34,방탄소년단,Skool Luv Affair,1998.0
2022-08-14,2022-08-20,2022,34,방탄소년단,WINGS,1044.0
2022-08-14,2022-08-20,2022,34,방탄소년단,YOU NEVER WALK ALONE,1444.0
2022-08-14,2022-08-20,2022,34,방탄소년단,화양연화 Young Forever,2268.0
2022-08-14,2022-08-20,2022,34,방탄소년단,화양연화 pt.1,1910.0
2022-08-14,2022-08-20,2022,34,방탄소년단,화양연화 pt.2,1324.0
2022-08-14,2022-08-20,2022,34,세븐틴,3RD ALBUM ‘An Ode’,4597.0
2022-08-14,2022-08-20,2022,34,세븐틴,4th Album Repackage `SECTOR 17`,5614.0
2022-08-14,2022-08-20,2022,34,세븐틴,4th Album Repackage `SECTOR 17` (Weverse),1742.0
2022-08-14,2022-08-20,2022,34,세븐틴,4th Album `Face the Sun`,11297.0
2022-08-14,2022-08-20,2022,34,세븐틴,4th Album `Face the Sun` (Weverse),3136.0
2022-08-14,2022-08-20,2022,34,세븐틴,7th Mini Album `헹가래`,2446.0
2022-08-14,2022-08-20,2022,34,세븐틴,9th Mini Album `Attacca`,5207.0
2022-08-14,2022-08-20,2022,34,세븐틴,Special Album `; [Semicolon]`,2065.0
2022-08-14,2022-08-20,2022,34,투모로우바이투게더,minisode 2: Thursday`s Child,7981.0
2022-08-14,2022-08-20,2022,34,투모로우바이투게더,minisode1 : Blue Hour,7179.0
2022-08-14,2022-08-20,2022,34,투모로우바이투게더,꿈의 장: ETERNITY,1460.0
2022-08-14,2022-08-20,2022,34,투모로우바이투게더,꿈의 장: MAGIC,2230.0
2022-08-14,2022-08-20,2022,34,투모로우바이투게더,꿈의 장: STAR,3041.0
2022-08-14,2022-08-20,2022,34,투모로우바이투게더,혼돈의 장: FIGHT OR ESCAPE,6756.0
2022-08-14,2022-08-20,2022,34,투모로우바이투게더,혼돈의 장: FREEZE,4511.0
2022-08-14,2022-08-20,2022,34,프로미스나인 (fromis_9),from our Memento Box,754.0
2022-08-21,2022-08-27,2022,35,BLACKPINK,KILL THIS LOVE,3418.0
2022-08-21,2022-08-27,2022,35,BLACKPINK,SPECIAL EDITION [How You Like That],688.0
2022-08-21,2022-08-27,2022,35,BLACKPINK,SQUARE UP,2034.0
2022-08-21,2022-08-27,2022,35,BLACKPINK,THE ALBUM,1886.0
2022-08-21,2022-08-27,2022,35,LE SSERAFIM (르세라핌),FEARLESS,1456.0
2022-08-21,2022-08-27,2022,35,NewJeans,1st EP `New Jeans`,8680.0
2022-08-21,2022-08-27,2022,35,NewJeans,1st EP `New Jeans` (Weverse),2430.0
2022-08-21,2022-08-27,2022,35,TREASURE (트레저),THE SECOND STEP : CHAPTER ONE,1063.0
2022-08-21,2022-08-27,2022,35,j-hope,Jack In The Box (Weverse),670.0
2022-08-21,2022-08-27,2022,35,로제 (ROSE),R,3113.0
2022-08-21,2022-08-27,2022,35,방탄소년단,2 Cool 4 Skool,650.0
2022-08-21,2022-08-27,2022,35,방탄소년단,BE,710.0
2022-08-21,2022-08-27,2022,35,방탄소년단,Butter,2346.0
2022-08-21,2022-08-27,2022,35,방탄소년단,DARK&WILD,666.0
2022-08-21,2022-08-27,2022,35,방탄소년단,LOVE YOURSELF 承 `Her`,2798.0
2022-08-21,2022-08-27,2022,35,방탄소년단,LOVE YOURSELF 結 `Answer`,1958.0
2022-08-21,2022-08-27,2022,35,방탄소년단,LOVE YOURSELF 轉 `Tear`,2748.0
2022-08-21,2022-08-27,2022,35,방탄소년단,MAP OF THE SOUL : 7,1150.0
2022-08-21,2022-08-27,2022,35,방탄소년단,MAP OF THE SOUL : PERSONA,3092.0
2022-08-21,2022-08-27,2022,35,방탄소년단,Proof,9806.0
2022-08-21,2022-08-27,2022,35,방탄소년단,Skool Luv Affair,1120.0
2022-08-21,2022-08-27,2022,35,방탄소년단,WINGS,1642.0
2022-08-21,2022-08-27,2022,35,방탄소년단,YOU NEVER WALK ALONE,1894.0
2022-08-21,2022-08-27,2022,35,방탄소년단,화양연화 Young Forever,1306.0
2022-08-21,2022-08-27,2022,35,방탄소년단,화양연화 pt.1,1382.0
2022-08-21,2022-08-27,2022,35,방탄소년단,화양연화 pt.2,1758.0
2022-08-21,2022-08-27,2022,35,세븐틴,3RD ALBUM ‘An Ode’,7242.0
2022-08-21,2022-08-27,2022,35,세븐틴,4th Album Repackage `SECTOR 17`,9487.0
2022-08-21,2022-08-27,2022,35,세븐틴,4th Album Repackage `SECTOR 17` (KiT),3419.0
2022-08-21,2022-08-27,2022,35,세븐틴,4th Album Repackage `SECTOR 17` (Weverse),4869.0
2022-08-21,2022-08-27,2022,35,세븐틴,4th Album `Face the Sun`,20703.0
2022-08-21,2022-08-27,2022,35,세븐틴,4th Album `Face the Sun` (KiT),1112.0
2022-08-21,2022-08-27,2022,35,세븐틴,4th Album `Face the Sun` (Weverse),2785.0
2022-08-21,2022-08-27,2022,35,세븐틴,7th Mini Album `헹가래`,6081.0
2022-08-21,2022-08-27,2022,35,세븐틴,8th Mini Album `Your Choice`,3231.0
2022-08-21,2022-08-27,2022,35,세븐틴,9th Mini Album `Attacca`,8411.0
2022-08-21,2022-08-27,2022,35,세븐틴,Special Album `; [Semicolon]`,1948.0
2022-08-21,2022-08-27,2022,35,안병웅,HOOK UP,2398.0
2022-08-21,2022-08-27,2022,35,제니 (JENNIE),SOLO,934.0
2022-08-21,2022-08-27,2022,35,투모로우바이투게더,minisode 2: Thursday`s Child,5383.0
2022-08-21,2022-08-27,2022,35,투모로우바이투게더,minisode1 : Blue Hour,5362.0
2022-08-21,2022-08-27,2022,35,투모로우바이투게더,꿈의 장: ETERNITY,1264.0
2022-08-21,2022-08-27,2022,35,투모로우바이투게더,꿈의 장: MAGIC,2168.0
2022-08-21,2022-08-27,2022,35,투모로우바이투게더,꿈의 장: STAR,2860.0
2022-08-21,2022-08-27,2022,35,투모로우바이투게더,혼돈의 장: FIGHT OR ESCAPE,10860.0
2022-08-21,2022-08-27,2022,35,투모로우바이투게더,혼돈의 장: FREEZE,4373.0
2022-08-28,2022-09-03,2022,36,BLACKPINK,KILL THIS LOVE,1533.0
2022-08-28,2022-09-03,2022,36,BLACKPINK,THE ALBUM,2370.0
2022-08-28,2022-09-03,2022,36,NewJeans,1st EP `New Jeans`,8334.0
2022-08-28,2022-09-03,2022,36,NewJeans,1st EP `New Jeans` (Weverse),3916.0
2022-08-28,2022-09-03,2022,36,TREASURE (트레저),THE FIRST STEP : CHAPTER ONE,1214.0
2022-08-28,2022-09-03,2022,36,TREASURE (트레저),THE FIRST STEP : CHAPTER THREE,1036.0
2022-08-28,2022-09-03,2022,36,TREASURE (트레저),THE FIRST STEP : CHAPTER TWO,1368.0
2022-08-28,2022-09-03,2022,36,TREASURE (트레저),THE FIRST STEP : TREASURE EFFECT,2046.0
2022-08-28,2022-09-03,2022,36,TREASURE (트레저),THE SECOND STEP : CHAPTER ONE,1006.0
2022-08-28,2022-09-03,2022,36,j-hope,Jack In The Box (Weverse),914.0
2022-08-28,2022-09-03,2022,36,로제 (ROSE),R,4118.0
2022-08-28,2022-09-03,2022,36,방탄소년단,Butter,840.0
2022-08-28,2022-09-03,2022,36,방탄소년단,LOVE YOURSELF 承 `Her`,1784.0
2022-08-28,2022-09-03,2022,36,방탄소년단,LOVE YOURSELF 結 `Answer`,1551.0
2022-08-28,2022-09-03,2022,36,방탄소년단,LOVE YOURSELF 轉 `Tear`,1680.0
2022-08-28,2022-09-03,2022,36,방탄소년단,MAP OF THE SOUL : 7,714.0
2022-08-28,2022-09-03,2022,36,방탄소년단,MAP OF THE SOUL : PERSONA,957.0
2022-08-28,2022-09-03,2022,36,방탄소년단,Skool Luv Affair,999.0
2022-08-28,2022-09-03,2022,36,방탄소년단,WINGS,705.0
2022-08-28,2022-09-03,2022,36,방탄소년단,YOU NEVER WALK ALONE,940.0
2022-08-28,2022-09-03,2022,36,방탄소년단,화양연화 Young Forever,670.0
2022-08-28,2022-09-03,2022,36,방탄소년단,화양연화 pt.2,876.0
2022-08-28,2022-09-03,2022,36,세븐틴,3RD ALBUM ‘An Ode’,6180.0
2022-08-28,2022-09-03,2022,36,세븐틴,4th Album Repackage `SECTOR 17`,8856.0
2022-08-28,2022-09-03,2022,36,세븐틴,4th Album Repackage `SECTOR 17` (Weverse),2346.0
2022-08-28,2022-09-03,2022,36,세븐틴,4th Album `Face the Sun`,2544.0
2022-08-28,2022-09-03,2022,36,세븐틴,4th Album `Face the Sun` (KiT),897.0
2022-08-28,2022-09-03,2022,36,세븐틴,4th Album `Face the Sun` (Weverse),7977.0
2022-08-28,2022-09-03,2022,36,세븐틴,7th Mini Album `헹가래`,3302.0
2022-08-28,2022-09-03,2022,36,세븐틴,8th Mini Album `Your Choice`,3698.0
2022-08-28,2022-09-03,2022,36,세븐틴,9th Mini Album `Attacca`,8284.0
2022-08-28,2022-09-03,2022,36,세븐틴,Special Album `; [Semicolon]`,929.0
2022-08-28,2022-09-03,2022,36,투모로우바이투게더,minisode 2: Thursday`s Child,7237.0
2022-08-28,2022-09-03,2022,36,투모로우바이투게더,minisode1 : Blue Hour,7977.0
2022-08-28,2022-09-03,2022,36,투모로우바이투게더,꿈의 장: ETERNITY,1177.0
2022-08-28,2022-09-03,2022,36,투모로우바이투게더,꿈의 장: MAGIC,1963.0
2022-08-28,2022-09-03,2022,36,투모로우바이투게더,꿈의 장: STAR,2141.0
2022-08-28,2022-09-03,2022,36,투모로우바이투게더,혼돈의 장: FIGHT OR ESCAPE,14914.0
2022-08-28,2022-09-03,2022,36,투모로우바이투게더,혼돈의 장: FREEZE,8777.0
2022-09-04,2022-09-10,2022,37,BLACKPINK,KILL THIS LOVE,2125.0
2022-09-04,2022-09-10,2022,37,BLACKPINK,SQUARE UP,1396.0
2022-09-04,2022-09-10,2022,37,BLACKPINK,THE ALBUM,1985.0
2022-09-04,2022-09-10,2022,37,LE SSERAFIM (르세라핌),FEARLESS,861.0
2022-09-04,2022-09-10,2022,37,NewJeans,1st EP `New Jeans`,13530.0
2022-09-04,2022-09-10,2022,37,NewJeans,1st EP `New Jeans` (Weverse),4129.0
2022-09-04,2022-09-10,2022,37,TREASURE (트레저),THE FIRST STEP : CHAPTER ONE,644.0
2022-09-04,2022-09-10,2022,37,TREASURE (트레저),THE FIRST STEP : CHAPTER THREE,664.0
2022-09-04,2022-09-10,2022,37,TREASURE (트레저),THE FIRST STEP : CHAPTER TWO,824.0
2022-09-04,2022-09-10,2022,37,TREASURE (트레저),THE FIRST STEP : TREASURE EFFECT,1354.0
2022-09-04,2022-09-10,2022,37,j-hope,Jack In The Box (Weverse),852.0
2022-09-04,2022-09-10,2022,37,방탄소년단,2 Cool 4 Skool,1407.0
2022-09-04,2022-09-10,2022,37,방탄소년단,BE,1186.0
2022-09-04,2022-09-10,2022,37,방탄소년단,Butter,927.0
2022-09-04,2022-09-10,2022,37,방탄소년단,DARK&WILD,808.0
2022-09-04,2022-09-10,2022,37,방탄소년단,LOVE YOURSELF 承 `Her`,1224.0
2022-09-04,2022-09-10,2022,37,방탄소년단,LOVE YOURSELF 結 `Answer`,1400.0
2022-09-04,2022-09-10,2022,37,방탄소년단,LOVE YOURSELF 轉 `Tear`,740.0
2022-09-04,2022-09-10,2022,37,방탄소년단,MAP OF THE SOUL : 7,853.0
2022-09-04,2022-09-10,2022,37,방탄소년단,MAP OF THE SOUL : PERSONA,1542.0
2022-09-04,2022-09-10,2022,37,방탄소년단,"O!RUL8,2?",711.0
2022-09-04,2022-09-10,2022,37,방탄소년단,Proof,656.0
2022-09-04,2022-09-10,2022,37,방탄소년단,Skool Luv Affair,771.0
2022-09-04,2022-09-10,2022,37,방탄소년단,WINGS,702.0
2022-09-04,2022-09-10,2022,37,방탄소년단,화양연화 Young Forever,626.0
2022-09-04,2022-09-10,2022,37,방탄소년단,화양연화 pt.1,833.0
2022-09-04,2022-09-10,2022,37,방탄소년단,화양연화 pt.2,1696.0
2022-09-04,2022-09-10,2022,37,세븐틴,3RD ALBUM ‘An Ode’,4189.0
2022-09-04,2022-09-10,2022,37,세븐틴,4th Album Repackage `SECTOR 17`,4233.0
2022-09-04,2022-09-10,2022,37,세븐틴,4th Album Repackage `SECTOR 17` (Weverse),3361.0
2022-09-04,2022-09-10,2022,37,세븐틴,4th Album `Face the Sun`,2530.0
2022-09-04,2022-09-10,2022,37,세븐틴,4th Album `Face the Sun` (Weverse),5530.0
2022-09-04,2022-09-10,2022,37,세븐틴,7th Mini Album `헹가래`,2654.0
2022-09-04,2022-09-10,2022,37,세븐틴,8th Mini Album `Your Choice`,762.0
2022-09-04,2022-09-10,2022,37,세븐틴,9th Mini Album `Attacca`,5029.0
2022-09-04,2022-09-10,2022,37,세븐틴,Special Album `; [Semicolon]`,1484.0
2022-09-04,2022-09-10,2022,37,투모로우바이투게더,minisode 2: Thursday`s Child,6239.0
2022-09-04,2022-09-10,2022,37,투모로우바이투게더,minisode1 : Blue Hour,3903.0
2022-09-04,2022-09-10,2022,37,투모로우바이투게더,꿈의 장: ETERNITY,1528.0
2022-09-04,2022-09-10,2022,37,투모로우바이투게더,꿈의 장: MAGIC,1980.0
2022-09-04,2022-09-10,2022,37,투모로우바이투게더,꿈의 장: STAR,1084.0
2022-09-04,2022-09-10,2022,37,투모로우바이투게더,혼돈의 장: FIGHT OR ESCAPE,8511.0
2022-09-04,2022-09-10,2022,37,투모로우바이투게더,혼돈의 장: FREEZE,4306.0
2022-09-11,2022-09-17,2022,38,BLACKPINK,BORN PINK,2141281.0
2022-09-11,2022-09-17,2022,38,BLACKPINK,BORN PINK (KiT),59718.0
2022-09-11,2022-09-17,2022,38,BLACKPINK,KILL THIS LOVE,917.0
2022-09-11,2022-09-17,2022,38,BLACKPINK,SQUARE UP,663.0
2022-09-11,2022-09-17,2022,38,BLACKPINK,THE ALBUM,978.0
2022-09-11,2022-09-17,2022,38,LE SSERAFIM (르세라핌),FEARLESS,1120.0
2022-09-11,2022-09-17,2022,38,NewJeans,1st EP `New Jeans`,4854.0
2022-09-11,2022-09-17,2022,38,NewJeans,1st EP `New Jeans` (Weverse),5780.0
2022-09-11,2022-09-17,2022,38,로제 (ROSE),R,2038.0
2022-09-11,2022-09-17,2022,38,방탄소년단,BE,763.0
2022-09-11,2022-09-17,2022,38,방탄소년단,Butter,508.0
2022-09-11,2022-09-17,2022,38,방탄소년단,LOVE YOURSELF 承 `Her`,1008.0
2022-09-11,2022-09-17,2022,38,방탄소년단,LOVE YOURSELF 結 `Answer`,1524.0
2022-09-11,2022-09-17,2022,38,방탄소년단,LOVE YOURSELF 轉 `Tear`,2364.0
2022-09-11,2022-09-17,2022,38,방탄소년단,MAP OF THE SOUL : 7,1020.0
2022-09-11,2022-09-17,2022,38,방탄소년단,MAP OF THE SOUL : PERSONA,902.0
2022-09-11,2022-09-17,2022,38,방탄소년단,"O!RUL8,2?",756.0
2022-09-11,2022-09-17,2022,38,방탄소년단,Proof,6933.0
2022-09-11,2022-09-17,2022,38,방탄소년단,Skool Luv Affair,962.0
2022-09-11,2022-09-17,2022,38,방탄소년단,WINGS,904.0
2022-09-11,2022-09-17,2022,38,방탄소년단,YOU NEVER WALK ALONE,604.0
2022-09-11,2022-09-17,2022,38,방탄소년단,화양연화 Young Forever,508.0
2022-09-11,2022-09-17,2022,38,세븐틴,3RD ALBUM ‘An Ode’,4868.0
2022-09-11,2022-09-17,2022,38,세븐틴,4th Album Repackage `SECTOR 17`,7081.0
2022-09-11,2022-09-17,2022,38,세븐틴,4th Album Repackage `SECTOR 17` (KiT),1122.0
2022-09-11,2022-09-17,2022,38,세븐틴,4th Album Repackage `SECTOR 17` (Weverse),3465.0
2022-09-11,2022-09-17,2022,38,세븐틴,4th Album `Face the Sun`,42881.0
2022-09-11,2022-09-17,2022,38,세븐틴,4th Album `Face the Sun` (Weverse),13215.0
2022-09-11,2022-09-17,2022,38,세븐틴,7th Mini Album `헹가래`,6539.0
2022-09-11,2022-09-17,2022,38,세븐틴,8th Mini Album `Your Choice`,1565.0
2022-09-11,2022-09-17,2022,38,세븐틴,9th Mini Album `Attacca`,9169.0
2022-09-11,2022-09-17,2022,38,세븐틴,Special Album `; [Semicolon]`,974.0
2022-09-11,2022-09-17,2022,38,투모로우바이투게더,minisode 2: Thursday`s Child,11561.0
2022-09-11,2022-09-17,2022,38,투모로우바이투게더,minisode1 : Blue Hour,7185.0
2022-09-11,2022-09-17,2022,38,투모로우바이투게더,꿈의 장: ETERNITY,2090.0
2022-09-11,2022-09-17,2022,38,투모로우바이투게더,꿈의 장: MAGIC,2888.0
2022-09-11,2022-09-17,2022,38,투모로우바이투게더,꿈의 장: STAR,1989.0
2022-09-11,2022-09-17,2022,38,투모로우바이투게더,혼돈의 장: FIGHT OR ESCAPE,10585.0
2022-09-11,2022-09-17,2022,38,투모로우바이투게더,혼돈의 장: FREEZE,5240.0
2022-09-18,2022-09-24,2022,39,BLACKPINK,BORN PINK,242962.0
2022-09-18,2022-09-24,2022,39,BLACKPINK,KILL THIS LOVE,2640.0
2022-09-18,2022-09-24,2022,39,BLACKPINK,SQUARE UP,750.0
2022-09-18,2022-09-24,2022,39,BLACKPINK,THE ALBUM,2038.0
2022-09-18,2022-09-24,2022,39,LE SSERAFIM (르세라핌),FEARLESS,1138.0
2022-09-18,2022-09-24,2022,39,NewJeans,1st EP `New Jeans`,5360.0
2022-09-18,2022-09-24,2022,39,NewJeans,1st EP `New Jeans` (Weverse),3347.0
2022-09-18,2022-09-24,2022,39,TREASURE (트레저),THE SECOND STEP : CHAPTER ONE,925.0
2022-09-18,2022-09-24,2022,39,검정치마 (The Black Skirts),TEEN TROUBLES,7845.0
2022-09-18,2022-09-24,2022,39,방탄소년단,BE,671.0
2022-09-18,2022-09-24,2022,39,방탄소년단,LOVE YOURSELF 承 `Her`,1494.0
2022-09-18,2022-09-24,2022,39,방탄소년단,LOVE YOURSELF 結 `Answer`,1291.0
2022-09-18,2022-09-24,2022,39,방탄소년단,LOVE YOURSELF 轉 `Tear`,1874.0
2022-09-18,2022-09-24,2022,39,방탄소년단,MAP OF THE SOUL : 7,1165.0
2022-09-18,2022-09-24,2022,39,방탄소년단,MAP OF THE SOUL : PERSONA,1873.0
2022-09-18,2022-09-24,2022,39,방탄소년단,"O!RUL8,2?",648.0
2022-09-18,2022-09-24,2022,39,방탄소년단,Skool Luv Affair,710.0
2022-09-18,2022-09-24,2022,39,방탄소년단,WINGS,1421.0
2022-09-18,2022-09-24,2022,39,방탄소년단,YOU NEVER WALK ALONE,785.0
2022-09-18,2022-09-24,2022,39,방탄소년단,화양연화 Young Forever,1241.0
2022-09-18,2022-09-24,2022,39,방탄소년단,화양연화 pt.1,681.0
2022-09-18,2022-09-24,2022,39,방탄소년단,화양연화 pt.2,585.0
2022-09-18,2022-09-24,2022,39,세븐틴,3RD ALBUM ‘An Ode’,4798.0
2022-09-18,2022-09-24,2022,39,세븐틴,4th Album Repackage `SECTOR 17`,5052.0
2022-09-18,2022-09-24,2022,39,세븐틴,4th Album Repackage `SECTOR 17` (KiT),977.0
2022-09-18,2022-09-24,2022,39,세븐틴,4th Album Repackage `SECTOR 17` (Weverse),4997.0
2022-09-18,2022-09-24,2022,39,세븐틴,4th Album `Face the Sun`,5743.0
2022-09-18,2022-09-24,2022,39,세븐틴,4th Album `Face the Sun` (Weverse),5624.0
2022-09-18,2022-09-24,2022,39,세븐틴,7th Mini Album `헹가래`,4041.0
2022-09-18,2022-09-24,2022,39,세븐틴,8th Mini Album `Your Choice`,1871.0
2022-09-18,2022-09-24,2022,39,세븐틴,9th Mini Album `Attacca`,10644.0
2022-09-18,2022-09-24,2022,39,세븐틴,Special Album `; [Semicolon]`,1810.0
2022-09-18,2022-09-24,2022,39,제니 (JENNIE),SOLO,752.0
2022-09-18,2022-09-24,2022,39,투모로우바이투게더,minisode 2: Thursday`s Child,5630.0
2022-09-18,2022-09-24,2022,39,투모로우바이투게더,minisode1 : Blue Hour,3401.0
2022-09-18,2022-09-24,2022,39,투모로우바이투게더,꿈의 장: ETERNITY,1867.0
2022-09-18,2022-09-24,2022,39,투모로우바이투게더,꿈의 장: MAGIC,2190.0
2022-09-18,2022-09-24,2022,39,투모로우바이투게더,꿈의 장: STAR,1904.0
2022-09-18,2022-09-24,2022,39,투모로우바이투게더,혼돈의 장: FIGHT OR ESCAPE,7632.0
2022-09-18,2022-09-24,2022,39,투모로우바이투게더,혼돈의 장: FREEZE,2978.0
2022-09-25,2022-10-01,2022,40,BLACKPINK,BORN PINK,72963.0
2022-09-25,2022-10-01,2022,40,BLACKPINK,KILL THIS LOVE,912.0
2022-09-25,2022-10-01,2022,40,BLACKPINK,SQUARE UP,666.0
2022-09-25,2022-10-01,2022,40,BLACKPINK,THE ALBUM,2000.0
2022-09-25,2022-10-01,2022,40,LE SSERAFIM (르세라핌),FEARLESS,784.0
2022-09-25,2022-10-01,2022,40,NewJeans,1st EP `New Jeans`,2757.0
2022-09-25,2022-10-01,2022,40,NewJeans,1st EP `New Jeans` (Weverse),4296.0
2022-09-25,2022-10-01,2022,40,로제 (ROSE),R,1487.0
2022-09-25,2022-10-01,2022,40,리사 (LISA),LALISA,877.0
2022-09-25,2022-10-01,2022,40,방탄소년단,2 Cool 4 Skool,896.0
2022-09-25,2022-10-01,2022,40,방탄소년단,Butter,1354.0
2022-09-25,2022-10-01,2022,40,방탄소년단,LOVE YOURSELF 承 `Her`,2286.0
2022-09-25,2022-10-01,2022,40,방탄소년단,LOVE YOURSELF 結 `Answer`,1737.0
2022-09-25,2022-10-01,2022,40,방탄소년단,LOVE YOURSELF 轉 `Tear`,2013.0
2022-09-25,2022-10-01,2022,40,방탄소년단,MAP OF THE SOUL : 7,1955.0
2022-09-25,2022-10-01,2022,40,방탄소년단,MAP OF THE SOUL : PERSONA,2692.0
2022-09-25,2022-10-01,2022,40,방탄소년단,Proof,6712.0
2022-09-25,2022-10-01,2022,40,방탄소년단,Skool Luv Affair,742.0
2022-09-25,2022-10-01,2022,40,방탄소년단,WINGS,1393.0
2022-09-25,2022-10-01,2022,40,방탄소년단,YOU NEVER WALK ALONE,1768.0
2022-09-25,2022-10-01,2022,40,방탄소년단,화양연화 Young Forever,1848.0
2022-09-25,2022-10-01,2022,40,방탄소년단,화양연화 pt.1,1240.0
2022-09-25,2022-10-01,2022,40,방탄소년단,화양연화 pt.2,1760.0
2022-09-25,2022-10-01,2022,40,세븐틴,3RD ALBUM ‘An Ode’,2638.0
2022-09-25,2022-10-01,2022,40,세븐틴,4th Album Repackage `SECTOR 17`,4624.0
2022-09-25,2022-10-01,2022,40,세븐틴,4th Album Repackage `SECTOR 17` (Weverse),1972.0
2022-09-25,2022-10-01,2022,40,세븐틴,4th Album `Face the Sun`,3552.0
2022-09-25,2022-10-01,2022,40,세븐틴,4th Album `Face the Sun` (Weverse),4189.0
2022-09-25,2022-10-01,2022,40,세븐틴,7th Mini Album `헹가래`,3423.0
2022-09-25,2022-10-01,2022,40,세븐틴,8th Mini Album `Your Choice`,1205.0
2022-09-25,2022-10-01,2022,40,세븐틴,9th Mini Album `Attacca`,8179.0
2022-09-25,2022-10-01,2022,40,세븐틴,Special Album `; [Semicolon]`,2380.0
2022-09-25,2022-10-01,2022,40,투모로우바이투게더,minisode 2: Thursday`s Child,4042.0
2022-09-25,2022-10-01,2022,40,투모로우바이투게더,minisode1 : Blue Hour,4787.0
2022-09-25,2022-10-01,2022,40,투모로우바이투게더,꿈의 장: ETERNITY,1441.0
2022-09-25,2022-10-01,2022,40,투모로우바이투게더,꿈의 장: MAGIC,1827.0
2022-09-25,2022-10-01,2022,40,투모로우바이투게더,혼돈의 장: FIGHT OR ESCAPE,4384.0
2022-09-25,2022-10-01,2022,40,투모로우바이투게더,혼돈의 장: FREEZE,2983.0
2022-10-02,2022-10-08,2022,41,BLACKPINK,BORN PINK,3271.0
2022-10-02,2022-10-08,2022,41,BLACKPINK,KILL THIS LOVE,859.0
2022-10-02,2022-10-08,2022,41,LE SSERAFIM (르세라핌),FEARLESS,729.0
2022-10-02,2022-10-08,2022,41,NewJeans,1st EP `New Jeans`,3542.0
2022-10-02,2022-10-08,2022,41,NewJeans,1st EP `New Jeans` (Weverse),3338.0
2022-10-02,2022-10-08,2022,41,TREASURE (트레저),THE SECOND STEP : CHAPTER TWO,392823.0
2022-10-02,2022-10-08,2022,41,TREASURE (트레저),THE SECOND STEP : CHAPTER TWO (Nemo),59723.0
2022-10-02,2022-10-08,2022,41,로제 (ROSE),R,521.0
2022-10-02,2022-10-08,2022,41,방탄소년단,2 Cool 4 Skool,770.0
2022-10-02,2022-10-08,2022,41,방탄소년단,BE,527.0
2022-10-02,2022-10-08,2022,41,방탄소년단,Butter,9637.0
2022-10-02,2022-10-08,2022,41,방탄소년단,LOVE YOURSELF 承 `Her`,676.0
2022-10-02,2022-10-08,2022,41,방탄소년단,LOVE YOURSELF 結 `Answer`,544.0
2022-10-02,2022-10-08,2022,41,방탄소년단,LOVE YOURSELF 轉 `Tear`,748.0
2022-10-02,2022-10-08,2022,41,방탄소년단,MAP OF THE SOUL : 7,13056.0
2022-10-02,2022-10-08,2022,41,방탄소년단,MAP OF THE SOUL : PERSONA,768.0
2022-10-02,2022-10-08,2022,41,방탄소년단,Proof,13626.0
2022-10-02,2022-10-08,2022,41,방탄소년단,YOU NEVER WALK ALONE,863.0
2022-10-02,2022-10-08,2022,41,방탄소년단,화양연화 Young Forever,530.0
2022-10-02,2022-10-08,2022,41,방탄소년단,화양연화 pt.1,597.0
2022-10-02,2022-10-08,2022,41,방탄소년단,화양연화 pt.2,663.0
2022-10-02,2022-10-08,2022,41,세븐틴,3RD ALBUM ‘An Ode’,4907.0
2022-10-02,2022-10-08,2022,41,세븐틴,4th Album Repackage `SECTOR 17`,1867.0
2022-10-02,2022-10-08,2022,41,세븐틴,4th Album Repackage `SECTOR 17` (KiT),550.0
2022-10-02,2022-10-08,2022,41,세븐틴,4th Album Repackage `SECTOR 17` (Weverse),1998.0
2022-10-02,2022-10-08,2022,41,세븐틴,4th Album `Face the Sun`,16313.0
2022-10-02,2022-10-08,2022,41,세븐틴,4th Album `Face the Sun` (KiT),602.0
2022-10-02,2022-10-08,2022,41,세븐틴,4th Album `Face the Sun` (Weverse),5680.0
2022-10-02,2022-10-08,2022,41,세븐틴,7th Mini Album `헹가래`,1041.0
2022-10-02,2022-10-08,2022,41,세븐틴,8th Mini Album `Your Choice`,988.0
2022-10-02,2022-10-08,2022,41,세븐틴,9th Mini Album `Attacca`,6954.0
2022-10-02,2022-10-08,2022,41,세븐틴,Special Album `; [Semicolon]`,1348.0
2022-10-02,2022-10-08,2022,41,투모로우바이투게더,minisode 2: Thursday`s Child,4469.0
2022-10-02,2022-10-08,2022,41,투모로우바이투게더,minisode1 : Blue Hour,2523.0
2022-10-02,2022-10-08,2022,41,투모로우바이투게더,꿈의 장: MAGIC,1176.0
2022-10-02,2022-10-08,2022,41,투모로우바이투게더,꿈의 장: STAR,1153.0
2022-10-02,2022-10-08,2022,41,투모로우바이투게더,혼돈의 장: FIGHT OR ESCAPE,5108.0
2022-10-02,2022-10-08,2022,41,투모로우바이투게더,혼돈의 장: FREEZE,2212.0
2022-10-09,2022-10-15,2022,42,BLACKPINK,BORN PINK,7961.0
2022-10-09,2022-10-15,2022,42,BLACKPINK,KILL THIS LOVE,888.0
2022-10-09,2022-10-15,2022,42,BLACKPINK,THE ALBUM,1229.0
2022-10-09,2022-10-15,2022,42,LE SSERAFIM (르세라핌),FEARLESS,1281.0
2022-10-09,2022-10-15,2022,42,NewJeans,1st EP `New Jeans`,6284.0
2022-10-09,2022-10-15,2022,42,NewJeans,1st EP `New Jeans` (Weverse),7396.0
2022-10-09,2022-10-15,2022,42,TREASURE (트레저),THE SECOND STEP : CHAPTER TWO,8191.0
2022-10-09,2022-10-15,2022,42,로제 (ROSE),R,1168.0
2022-10-09,2022-10-15,2022,42,방탄소년단,Butter,1094.0
2022-10-09,2022-10-15,2022,42,방탄소년단,LOVE YOURSELF 承 `Her`,11504.0
2022-10-09,2022-10-15,2022,42,방탄소년단,LOVE YOURSELF 結 `Answer`,12262.0
2022-10-09,2022-10-15,2022,42,방탄소년단,LOVE YOURSELF 轉 `Tear`,11282.0
2022-10-09,2022-10-15,2022,42,방탄소년단,MAP OF THE SOUL : 7,2300.0
2022-10-09,2022-10-15,2022,42,방탄소년단,MAP OF THE SOUL : PERSONA,8284.0
2022-10-09,2022-10-15,2022,42,방탄소년단,Proof,1854.0
2022-10-09,2022-10-15,2022,42,방탄소년단,WINGS,1248.0
2022-10-09,2022-10-15,2022,42,방탄소년단,YOU NEVER WALK ALONE,1273.0
2022-10-09,2022-10-15,2022,42,방탄소년단,화양연화 pt.1,1141.0
2022-10-09,2022-10-15,2022,42,백호,Absolute Zero,43000.0
2022-10-09,2022-10-15,2022,42,백호,Absolute Zero (Weverse),10000.0
2022-10-09,2022-10-15,2022,42,세븐틴,3RD ALBUM ‘An Ode’,8004.0
2022-10-09,2022-10-15,2022,42,세븐틴,4th Album Repackage `SECTOR 17`,4418.0
2022-10-09,2022-10-15,2022,42,세븐틴,4th Album Repackage `SECTOR 17` (KiT),1103.0
2022-10-09,2022-10-15,2022,42,세븐틴,4th Album Repackage `SECTOR 17` (Weverse),4717.0
2022-10-09,2022-10-15,2022,42,세븐틴,4th Album `Face the Sun`,44710.0
2022-10-09,2022-10-15,2022,42,세븐틴,4th Album `Face the Sun` (Weverse),9165.0
2022-10-09,2022-10-15,2022,42,세븐틴,7th Mini Album `헹가래`,1502.0
2022-10-09,2022-10-15,2022,42,세븐틴,8th Mini Album `Your Choice`,2251.0
2022-10-09,2022-10-15,2022,42,세븐틴,9th Mini Album `Attacca`,13353.0
2022-10-09,2022-10-15,2022,42,세븐틴,Special Album `; [Semicolon]`,1810.0
2022-10-09,2022-10-15,2022,42,투모로우바이투게더,minisode 2: Thursday`s Child,9707.0
2022-10-09,2022-10-15,2022,42,투모로우바이투게더,minisode1 : Blue Hour,9905.0
2022-10-09,2022-10-15,2022,42,투모로우바이투게더,꿈의 장: ETERNITY,2680.0
2022-10-09,2022-10-15,2022,42,투모로우바이투게더,꿈의 장: MAGIC,1940.0
2022-10-09,2022-10-15,2022,42,투모로우바이투게더,꿈의 장: STAR,1375.0
2022-10-09,2022-10-15,2022,42,투모로우바이투게더,혼돈의 장: FIGHT OR ESCAPE,10316.0
2022-10-09,2022-10-15,2022,42,투모로우바이투게더,혼돈의 장: FREEZE,4888.0
2022-10-16,2022-10-22,2022,43,BLACKPINK,BORN PINK,9241.0
2022-10-16,2022-10-22,2022,43,BLACKPINK,THE ALBUM,903.0
2022-10-16,2022-10-22,2022,43,LE SSERAFIM (르세라핌),ANTIFRAGILE,580995.0
2022-10-16,2022-10-22,2022,43,LE SSERAFIM (르세라핌),ANTIFRAGILE (Weverse),49822.0
2022-10-16,2022-10-22,2022,43,LE SSERAFIM (르세라핌),FEARLESS,1188.0
2022-10-16,2022-10-22,2022,43,NewJeans,1st EP `New Jeans`,6156.0
2022-10-16,2022-10-22,2022,43,NewJeans,1st EP `New Jeans` (Weverse),4495.0
2022-10-16,2022-10-22,2022,43,TREASURE (트레저),THE SECOND STEP : CHAPTER TWO,69324.0
2022-10-16,2022-10-22,2022,43,j-hope,Jack In The Box (Weverse),716.0
2022-10-16,2022-10-22,2022,43,방탄소년단,Butter,1233.0
2022-10-16,2022-10-22,2022,43,방탄소년단,LOVE YOURSELF 承 `Her`,832.0
2022-10-16,2022-10-22,2022,43,방탄소년단,LOVE YOURSELF 結 `Answer`,1254.0
2022-10-16,2022-10-22,2022,43,방탄소년단,LOVE YOURSELF 轉 `Tear`,2176.0
2022-10-16,2022-10-22,2022,43,방탄소년단,MAP OF THE SOUL : 7,1210.0
2022-10-16,2022-10-22,2022,43,방탄소년단,MAP OF THE SOUL : PERSONA,850.0
2022-10-16,2022-10-22,2022,43,방탄소년단,Skool Luv Affair,795.0
2022-10-16,2022-10-22,2022,43,방탄소년단,WINGS,1688.0
2022-10-16,2022-10-22,2022,43,방탄소년단,YOU NEVER WALK ALONE,810.0
2022-10-16,2022-10-22,2022,43,방탄소년단,화양연화 pt.2,1063.0
2022-10-16,2022-10-22,2022,43,백호,Absolute Zero,11312.0
2022-10-16,2022-10-22,2022,43,세븐틴,3RD ALBUM ‘An Ode’,12344.0
2022-10-16,2022-10-22,2022,43,세븐틴,4th Album Repackage `SECTOR 17`,2893.0
2022-10-16,2022-10-22,2022,43,세븐틴,4th Album Repackage `SECTOR 17` (Weverse),3320.0
2022-10-16,2022-10-22,2022,43,세븐틴,4th Album `Face the Sun`,3751.0
2022-10-16,2022-10-22,2022,43,세븐틴,4th Album `Face the Sun` (Weverse),4668.0
2022-10-16,2022-10-22,2022,43,세븐틴,7th Mini Album `헹가래`,9992.0
2022-10-16,2022-10-22,2022,43,세븐틴,8th Mini Album `Your Choice`,1804.0
2022-10-16,2022-10-22,2022,43,세븐틴,9th Mini Album `Attacca`,5814.0
2022-10-16,2022-10-22,2022,43,세븐틴,Special Album `; [Semicolon]`,3719.0
2022-10-16,2022-10-22,2022,43,이찬혁,ERROR,3445.0
2022-10-16,2022-10-22,2022,43,투모로우바이투게더,minisode 2: Thursday`s Child,7618.0
2022-10-16,2022-10-22,2022,43,투모로우바이투게더,minisode1 : Blue Hour,16562.0
2022-10-16,2022-10-22,2022,43,투모로우바이투게더,꿈의 장: ETERNITY,21982.0
2022-10-16,2022-10-22,2022,43,투모로우바이투게더,꿈의 장: MAGIC,21762.0
2022-10-16,2022-10-22,2022,43,투모로우바이투게더,혼돈의 장: FIGHT OR ESCAPE,7690.0
2022-10-16,2022-10-22,2022,43,투모로우바이투게더,혼돈의 장: FREEZE,8751.0
2022-10-23,2022-10-29,2022,44,BLACKPINK,BORN PINK,3530.0
2022-10-23,2022-10-29,2022,44,BLACKPINK,KILL THIS LOVE,2259.0
2022-10-23,2022-10-29,2022,44,BLACKPINK,THE ALBUM,3315.0
2022-10-23,2022-10-29,2022,44,LE SSERAFIM (르세라핌),ANTIFRAGILE,24788.0
2022-10-23,2022-10-29,2022,44,LE SSERAFIM (르세라핌),ANTIFRAGILE (Weverse),30160.0
2022-10-23,2022-10-29,2022,44,LE SSERAFIM (르세라핌),FEARLESS,1518.0
2022-10-23,2022-10-29,2022,44,NewJeans,1st EP `New Jeans`,7422.0
2022-10-23,2022-10-29,2022,44,NewJeans,1st EP `New Jeans` (Weverse),3757.0
2022-10-23,2022-10-29,2022,44,TREASURE (트레저),THE SECOND STEP : CHAPTER TWO,3257.0
2022-10-23,2022-10-29,2022,44,TREASURE (트레저),THE SECOND STEP : CHAPTER TWO (Nemo),25706.0
2022-10-23,2022-10-29,2022,44,방탄소년단,Butter,1257.0
2022-10-23,2022-10-29,2022,44,방탄소년단,LOVE YOURSELF 承 `Her`,1412.0
2022-10-23,2022-10-29,2022,44,방탄소년단,LOVE YOURSELF 轉 `Tear`,1190.0
2022-10-23,2022-10-29,2022,44,방탄소년단,MAP OF THE SOUL : 7,1131.0
2022-10-23,2022-10-29,2022,44,방탄소년단,MAP OF THE SOUL : PERSONA,2387.0
2022-10-23,2022-10-29,2022,44,방탄소년단,Skool Luv Affair,1242.0
2022-10-23,2022-10-29,2022,44,방탄소년단,WINGS,1315.0
2022-10-23,2022-10-29,2022,44,방탄소년단,화양연화 pt.2,1838.0
2022-10-23,2022-10-29,2022,44,백호,Absolute Zero,2340.0
2022-10-23,2022-10-29,2022,44,세븐틴,3RD ALBUM ‘An Ode’,5614.0
2022-10-23,2022-10-29,2022,44,세븐틴,4th Album Repackage `SECTOR 17`,3616.0
2022-10-23,2022-10-29,2022,44,세븐틴,4th Album Repackage `SECTOR 17` (KiT),1175.0
2022-10-23,2022-10-29,2022,44,세븐틴,4th Album Repackage `SECTOR 17` (Weverse),2036.0
2022-10-23,2022-10-29,2022,44,세븐틴,4th Album `Face the Sun`,3501.0
2022-10-23,2022-10-29,2022,44,세븐틴,4th Album `Face the Sun` (Weverse),7671.0
2022-10-23,2022-10-29,2022,44,세븐틴,7th Mini Album `헹가래`,15484.0
2022-10-23,2022-10-29,2022,44,세븐틴,8th Mini Album `Your Choice`,2720.0
2022-10-23,2022-10-29,2022,44,세븐틴,9th Mini Album `Attacca`,5853.0
2022-10-23,2022-10-29,2022,44,세븐틴,Special Album `; [Semicolon]`,1722.0
2022-10-23,2022-10-29,2022,44,진 (JIN),The Astronaut,508662.0
2022-10-23,2022-10-29,2022,44,투모로우바이투게더,minisode 2: Thursday`s Child,2287.0
2022-10-23,2022-10-29,2022,44,투모로우바이투게더,minisode1 : Blue Hour,7294.0
2022-10-23,2022-10-29,2022,44,투모로우바이투게더,꿈의 장: MAGIC,1667.0
2022-10-23,2022-10-29,2022,44,투모로우바이투게더,꿈의 장: STAR,1864.0
2022-10-23,2022-10-29,2022,44,투모로우바이투게더,혼돈의 장: FIGHT OR ESCAPE,3586.0
2022-10-23,2022-10-29,2022,44,투모로우바이투게더,혼돈의 장: FREEZE,2449.0
2022-10-30,2022-11-05,2022,45,BLACKPINK,BORN PINK,4286.0
2022-10-30,2022-11-05,2022,45,BLACKPINK,SQUARE UP,590.0
2022-10-30,2022-11-05,2022,45,LE SSERAFIM (르세라핌),ANTIFRAGILE,26879.0
2022-10-30,2022-11-05,2022,45,LE SSERAFIM (르세라핌),ANTIFRAGILE (Weverse),3518.0
2022-10-30,2022-11-05,2022,45,LE SSERAFIM (르세라핌),FEARLESS,832.0
2022-10-30,2022-11-05,2022,45,NewJeans,1st EP `New Jeans`,7719.0
2022-10-30,2022-11-05,2022,45,NewJeans,1st EP `New Jeans` (Weverse),6160.0
2022-10-30,2022-11-05,2022,45,방탄소년단,2 Cool 4 Skool,1451.0
2022-10-30,2022-11-05,2022,45,방탄소년단,BE,1086.0
2022-10-30,2022-11-05,2022,45,방탄소년단,Butter,1368.0
2022-10-30,2022-11-05,2022,45,방탄소년단,DARK&WILD,629.0
2022-10-30,2022-11-05,2022,45,방탄소년단,LOVE YOURSELF 承 `Her`,1644.0
2022-10-30,2022-11-05,2022,45,방탄소년단,LOVE YOURSELF 結 `Answer`,1836.0
2022-10-30,2022-11-05,2022,45,방탄소년단,LOVE YOURSELF 轉 `Tear`,1892.0
2022-10-30,2022-11-05,2022,45,방탄소년단,MAP OF THE SOUL : 7,830.0
2022-10-30,2022-11-05,2022,45,방탄소년단,MAP OF THE SOUL : PERSONA,1765.0
2022-10-30,2022-11-05,2022,45,방탄소년단,"O!RUL8,2?",1196.0
2022-10-30,2022-11-05,2022,45,방탄소년단,Proof,3677.0
2022-10-30,2022-11-05,2022,45,방탄소년단,Skool Luv Affair,828.0
2022-10-30,2022-11-05,2022,45,방탄소년단,YOU NEVER WALK ALONE,848.0
2022-10-30,2022-11-05,2022,45,방탄소년단,화양연화 Young Forever,914.0
2022-10-30,2022-11-05,2022,45,방탄소년단,화양연화 pt.2,916.0
2022-10-30,2022-11-05,2022,45,백호,Absolute Zero (Weverse),14154.0
2022-10-30,2022-11-05,2022,45,세븐틴,3RD ALBUM ‘An Ode’,5354.0
2022-10-30,2022-11-05,2022,45,세븐틴,4th Album Repackage `SECTOR 17`,3625.0
2022-10-30,2022-11-05,2022,45,세븐틴,4th Album Repackage `SECTOR 17` (KiT),1600.0
2022-10-30,2022-11-05,2022,45,세븐틴,4th Album Repackage `SECTOR 17` (Weverse),3400.0
2022-10-30,2022-11-05,2022,45,세븐틴,4th Album `Face the Sun`,9245.0
2022-10-30,2022-11-05,2022,45,세븐틴,4th Album `Face the Sun` (KiT),646.0
2022-10-30,2022-11-05,2022,45,세븐틴,4th Album `Face the Sun` (Weverse),5254.0
2022-10-30,2022-11-05,2022,45,세븐틴,7th Mini Album `헹가래`,5024.0
2022-10-30,2022-11-05,2022,45,세븐틴,8th Mini Album `Your Choice`,4530.0
2022-10-30,2022-11-05,2022,45,세븐틴,9th Mini Album `Attacca`,8490.0
2022-10-30,2022-11-05,2022,45,세븐틴,Special Album `; [Semicolon]`,1382.0
2022-10-30,2022-11-05,2022,45,진 (JIN),The Astronaut,291330.0
2022-10-30,2022-11-05,2022,45,투모로우바이투게더,minisode 2: Thursday`s Child,3415.0
2022-10-30,2022-11-05,2022,45,투모로우바이투게더,minisode1 : Blue Hour,2204.0
2022-10-30,2022-11-05,2022,45,투모로우바이투게더,꿈의 장: ETERNITY,2830.0
2022-10-30,2022-11-05,2022,45,투모로우바이투게더,꿈의 장: MAGIC,3492.0
2022-10-30,2022-11-05,2022,45,투모로우바이투게더,꿈의 장: STAR,1347.0
2022-10-30,2022-11-05,2022,45,투모로우바이투게더,혼돈의 장: FIGHT OR ESCAPE,7974.0
2022-10-30,2022-11-05,2022,45,투모로우바이투게더,혼돈의 장: FREEZE,3957.0
2022-11-06,2022-11-12,2022,46,BLACKPINK,BORN PINK,4216.0
2022-11-06,2022-11-12,2022,46,LE SSERAFIM (르세라핌),ANTIFRAGILE,9411.0
2022-11-06,2022-11-12,2022,46,LE SSERAFIM (르세라핌),ANTIFRAGILE (Weverse),3117.0
2022-11-06,2022-11-12,2022,46,LE SSERAFIM (르세라핌),FEARLESS,1283.0
2022-11-06,2022-11-12,2022,46,NewJeans,1st EP `New Jeans`,7662.0
2022-11-06,2022-11-12,2022,46,NewJeans,1st EP `New Jeans` (Weverse),3580.0
2022-11-06,2022-11-12,2022,46,방탄소년단,Butter,1212.0
2022-11-06,2022-11-12,2022,46,방탄소년단,LOVE YOURSELF 承 `Her`,1342.0
2022-11-06,2022-11-12,2022,46,방탄소년단,LOVE YOURSELF 結 `Answer`,1595.0
2022-11-06,2022-11-12,2022,46,방탄소년단,MAP OF THE SOUL : 7,1394.0
2022-11-06,2022-11-12,2022,46,방탄소년단,MAP OF THE SOUL : PERSONA,1426.0
2022-11-06,2022-11-12,2022,46,방탄소년단,Proof,1540.0
2022-11-06,2022-11-12,2022,46,방탄소년단,YOU NEVER WALK ALONE,926.0
2022-11-06,2022-11-12,2022,46,방탄소년단,화양연화 Young Forever,1012.0
2022-11-06,2022-11-12,2022,46,방탄소년단,화양연화 pt.2,918.0
2022-11-06,2022-11-12,2022,46,세븐틴,3RD ALBUM ‘An Ode’,5460.0
2022-11-06,2022-11-12,2022,46,세븐틴,4th Album Repackage `SECTOR 17`,4785.0
2022-11-06,2022-11-12,2022,46,세븐틴,4th Album Repackage `SECTOR 17` (Weverse),1782.0
2022-11-06,2022-11-12,2022,46,세븐틴,4th Album `Face the Sun`,92026.0
2022-11-06,2022-11-12,2022,46,세븐틴,4th Album `Face the Sun` (Weverse),3596.0
2022-11-06,2022-11-12,2022,46,세븐틴,7th Mini Album `헹가래`,6759.0
2022-11-06,2022-11-12,2022,46,세븐틴,8th Mini Album `Your Choice`,2383.0
2022-11-06,2022-11-12,2022,46,세븐틴,9th Mini Album `Attacca`,7609.0
2022-11-06,2022-11-12,2022,46,세븐틴,Special Album `; [Semicolon]`,1392.0
2022-11-06,2022-11-12,2022,46,진 (JIN),The Astronaut,224390.0
2022-11-06,2022-11-12,2022,46,투모로우바이투게더,minisode 2: Thursday`s Child,3541.0
2022-11-06,2022-11-12,2022,46,투모로우바이투게더,minisode1 : Blue Hour,2637.0
2022-11-06,2022-11-12,2022,46,투모로우바이투게더,꿈의 장: MAGIC,865.0
2022-11-06,2022-11-12,2022,46,투모로우바이투게더,꿈의 장: STAR,1117.0
2022-11-06,2022-11-12,2022,46,투모로우바이투게더,혼돈의 장: FIGHT OR ESCAPE,3922.0
2022-11-06,2022-11-12,2022,46,투모로우바이투게더,혼돈의 장: FREEZE,2087.0
2022-11-13,2022-11-19,2022,47,BLACKPINK,BORN PINK,2839.0
2022-11-13,2022-11-19,2022,47,BLACKPINK,THE ALBUM,1366.0
2022-11-13,2022-11-19,2022,47,LE SSERAFIM (르세라핌),ANTIFRAGILE,40100.0
2022-11-13,2022-11-19,2022,47,LE SSERAFIM (르세라핌),ANTIFRAGILE (Weverse),2248.0
2022-11-13,2022-11-19,2022,47,LE SSERAFIM (르세라핌),FEARLESS,1906.0
2022-11-13,2022-11-19,2022,47,NewJeans,1st EP `New Jeans`,5694.0
2022-11-13,2022-11-19,2022,47,NewJeans,1st EP `New Jeans` (Weverse),4785.0
2022-11-13,2022-11-19,2022,47,TREASURE (트레저),THE SECOND STEP : CHAPTER TWO,8122.0
2022-11-13,2022-11-19,2022,47,TREASURE (트레저),THE SECOND STEP : CHAPTER TWO (Nemo),1606.0
2022-11-13,2022-11-19,2022,47,방탄소년단,Butter,1068.0
2022-11-13,2022-11-19,2022,47,방탄소년단,LOVE YOURSELF 承 `Her`,1632.0
2022-11-13,2022-11-19,2022,47,방탄소년단,LOVE YOURSELF 結 `Answer`,1241.0
2022-11-13,2022-11-19,2022,47,방탄소년단,LOVE YOURSELF 轉 `Tear`,2122.0
2022-11-13,2022-11-19,2022,47,방탄소년단,MAP OF THE SOUL : 7,1408.0
2022-11-13,2022-11-19,2022,47,방탄소년단,MAP OF THE SOUL : PERSONA,2488.0
2022-11-13,2022-11-19,2022,47,방탄소년단,"O!RUL8,2?",2289.0
2022-11-13,2022-11-19,2022,47,방탄소년단,YOU NEVER WALK ALONE,1156.0
2022-11-13,2022-11-19,2022,47,세븐틴,3RD ALBUM ‘An Ode’,2540.0
2022-11-13,2022-11-19,2022,47,세븐틴,4th Album Repackage `SECTOR 17`,1952.0
2022-11-13,2022-11-19,2022,47,세븐틴,4th Album Repackage `SECTOR 17` (Weverse),2945.0
2022-11-13,2022-11-19,2022,47,세븐틴,4th Album `Face the Sun`,31755.0
2022-11-13,2022-11-19,2022,47,세븐틴,4th Album `Face the Sun` (Weverse),3536.0
2022-11-13,2022-11-19,2022,47,세븐틴,7th Mini Album `헹가래`,2105.0
2022-11-13,2022-11-19,2022,47,세븐틴,8th Mini Album `Your Choice`,1902.0
2022-11-13,2022-11-19,2022,47,세븐틴,9th Mini Album `Attacca`,4969.0
2022-11-13,2022-11-19,2022,47,세븐틴,Special Album `; [Semicolon]`,2179.0
2022-11-13,2022-11-19,2022,47,진 (JIN),The Astronaut,6787.0
2022-11-13,2022-11-19,2022,47,투모로우바이투게더,minisode 2: Thursday`s Child,2658.0
2022-11-13,2022-11-19,2022,47,투모로우바이투게더,minisode1 : Blue Hour,2355.0
2022-11-13,2022-11-19,2022,47,투모로우바이투게더,혼돈의 장: FIGHT OR ESCAPE,3751.0
2022-11-13,2022-11-19,2022,47,투모로우바이투게더,혼돈의 장: FREEZE,1952.0
2022-11-20,2022-11-26,2022,48,BLACKPINK,BORN PINK,2528.0
2022-11-20,2022-11-26,2022,48,BLACKPINK,KILL THIS LOVE,914.0
2022-11-20,2022-11-26,2022,48,BLACKPINK,SQUARE UP,1057.0
2022-11-20,2022-11-26,2022,48,LE SSERAFIM (르세라핌),ANTIFRAGILE,31490.0
2022-11-20,2022-11-26,2022,48,LE SSERAFIM (르세라핌),ANTIFRAGILE (Weverse),891.0
2022-11-20,2022-11-26,2022,48,LE SSERAFIM (르세라핌),FEARLESS,1459.0
2022-11-20,2022-11-26,2022,48,NewJeans,1st EP `New Jeans`,7910.0
2022-11-20,2022-11-26,2022,48,NewJeans,1st EP `New Jeans` (Weverse),5251.0
2022-11-20,2022-11-26,2022,48,TREASURE (트레저),THE SECOND STEP : CHAPTER TWO,907.0
2022-11-20,2022-11-26,2022,48,j-hope,Jack In The Box (Weverse),1500.0
2022-11-20,2022-11-26,2022,48,방탄소년단,Butter,1087.0
2022-11-20,2022-11-26,2022,48,방탄소년단,LOVE YOURSELF 結 `Answer`,1136.0
2022-11-20,2022-11-26,2022,48,방탄소년단,LOVE YOURSELF 轉 `Tear`,1440.0
2022-11-20,2022-11-26,2022,48,방탄소년단,MAP OF THE SOUL : 7,1083.0
2022-11-20,2022-11-26,2022,48,방탄소년단,MAP OF THE SOUL : PERSONA,1970.0
2022-11-20,2022-11-26,2022,48,방탄소년단,WINGS,1166.0
2022-11-20,2022-11-26,2022,48,방탄소년단,YOU NEVER WALK ALONE,1359.0
2022-11-20,2022-11-26,2022,48,방탄소년단,화양연화 pt.2,1811.0
2022-11-20,2022-11-26,2022,48,세븐틴,3RD ALBUM ‘An Ode’,3741.0
2022-11-20,2022-11-26,2022,48,세븐틴,4th Album Repackage `SECTOR 17`,3832.0
2022-11-20,2022-11-26,2022,48,세븐틴,4th Album Repackage `SECTOR 17` (Weverse),1245.0
2022-11-20,2022-11-26,2022,48,세븐틴,4th Album `Face the Sun`,2980.0
2022-11-20,2022-11-26,2022,48,세븐틴,4th Album `Face the Sun` (Weverse),1722.0
2022-11-20,2022-11-26,2022,48,세븐틴,8th Mini Album `Your Choice`,2326.0
2022-11-20,2022-11-26,2022,48,세븐틴,9th Mini Album `Attacca`,6064.0
2022-11-20,2022-11-26,2022,48,세븐틴,Special Album `; [Semicolon]`,1498.0
2022-11-20,2022-11-26,2022,48,진 (JIN),The Astronaut,2363.0
2022-11-20,2022-11-26,2022,48,투모로우바이투게더,minisode 2: Thursday`s Child,3834.0
2022-11-20,2022-11-26,2022,48,투모로우바이투게더,minisode1 : Blue Hour,2268.0
2022-11-20,2022-11-26,2022,48,투모로우바이투게더,꿈의 장: ETERNITY,1110.0
2022-11-20,2022-11-26,2022,48,투모로우바이투게더,꿈의 장: MAGIC,1626.0
2022-11-20,2022-11-26,2022,48,투모로우바이투게더,꿈의 장: STAR,1277.0
2022-11-20,2022-11-26,2022,48,투모로우바이투게더,혼돈의 장: FIGHT OR ESCAPE,6470.0
2022-11-20,2022-11-26,2022,48,투모로우바이투게더,혼돈의 장: FREEZE,2319.0
2022-11-27,2022-12-03,2022,49,BLACKPINK,BORN PINK,6333.0
2022-11-27,2022-12-03,2022,49,BLACKPINK,KILL THIS LOVE,1654.0
2022-11-27,2022-12-03,2022,49,BLACKPINK,THE ALBUM,1664.0
2022-11-27,2022-12-03,2022,49,LE SSERAFIM (르세라핌),ANTIFRAGILE (Weverse),2695.0
2022-11-27,2022-12-03,2022,49,LE SSERAFIM (르세라핌),FEARLESS,1526.0
2022-11-27,2022-12-03,2022,49,NewJeans,1st EP `New Jeans`,9408.0
2022-11-27,2022-12-03,2022,49,NewJeans,1st EP `New Jeans` (Weverse),4888.0
2022-11-27,2022-12-03,2022,49,RM,Indigo,487861.0
2022-11-27,2022-12-03,2022,49,RM,Indigo (Weverse),176595.0
2022-11-27,2022-12-03,2022,49,검정치마 (The Black Skirts),TEAM BABY (LP),6000.0
2022-11-27,2022-12-03,2022,49,로제 (ROSE),R,3799.0
2022-11-27,2022-12-03,2022,49,방탄소년단,BE,1246.0
2022-11-27,2022-12-03,2022,49,방탄소년단,Butter,1947.0
2022-11-27,2022-12-03,2022,49,방탄소년단,DARK&WILD,1237.0
2022-11-27,2022-12-03,2022,49,방탄소년단,LOVE YOURSELF 承 `Her`,2401.0
2022-11-27,2022-12-03,2022,49,방탄소년단,LOVE YOURSELF 結 `Answer`,2156.0
2022-11-27,2022-12-03,2022,49,방탄소년단,LOVE YOURSELF 轉 `Tear`,2744.0
2022-11-27,2022-12-03,2022,49,방탄소년단,MAP OF THE SOUL : 7,1969.0
2022-11-27,2022-12-03,2022,49,방탄소년단,MAP OF THE SOUL : PERSONA,3265.0
2022-11-27,2022-12-03,2022,49,방탄소년단,Skool Luv Affair,973.0
2022-11-27,2022-12-03,2022,49,방탄소년단,WINGS,1399.0
2022-11-27,2022-12-03,2022,49,방탄소년단,YOU NEVER WALK ALONE,1078.0
2022-11-27,2022-12-03,2022,49,방탄소년단,화양연화 Young Forever,1575.0
2022-11-27,2022-12-03,2022,49,방탄소년단,화양연화 pt.1,1276.0
2022-11-27,2022-12-03,2022,49,방탄소년단,화양연화 pt.2,1825.0
2022-11-27,2022-12-03,2022,49,세븐틴,3RD ALBUM ‘An Ode’,4912.0
2022-11-27,2022-12-03,2022,49,세븐틴,4th Album Repackage `SECTOR 17`,2132.0
2022-11-27,2022-12-03,2022,49,세븐틴,4th Album `Face the Sun`,3551.0
2022-11-27,2022-12-03,2022,49,세븐틴,4th Album `Face the Sun` (Weverse),1834.0
2022-11-27,2022-12-03,2022,49,세븐틴,8th Mini Album `Your Choice`,3389.0
2022-11-27,2022-12-03,2022,49,세븐틴,9th Mini Album `Attacca`,6591.0
2022-11-27,2022-12-03,2022,49,세븐틴,Special Album `; [Semicolon]`,2401.0
2022-11-27,2022-12-03,2022,49,진 (JIN),The Astronaut,2263.0
2022-11-27,2022-12-03,2022,49,투모로우바이투게더,minisode 2: Thursday`s Child,3888.0
2022-11-27,2022-12-03,2022,49,투모로우바이투게더,minisode1 : Blue Hour,3296.0
2022-11-27,2022-12-03,2022,49,투모로우바이투게더,꿈의 장: ETERNITY,1539.0
2022-11-27,2022-12-03,2022,49,투모로우바이투게더,꿈의 장: MAGIC,1686.0
2022-11-27,2022-12-03,2022,49,투모로우바이투게더,꿈의 장: STAR,1376.0
2022-11-27,2022-12-03,2022,49,투모로우바이투게더,혼돈의 장: FIGHT OR ESCAPE,5921.0
2022-11-27,2022-12-03,2022,49,투모로우바이투게더,혼돈의 장: FREEZE,6181.0
2022-12-04,2022-12-10,2022,50,BLACKPINK,BORN PINK,6441.0
2022-12-04,2022-12-10,2022,50,BLACKPINK,KILL THIS LOVE,1894.0
2022-12-04,2022-12-10,2022,50,BLACKPINK,SQUARE UP,1462.0
2022-12-04,2022-12-10,2022,50,BLACKPINK,THE ALBUM,1680.0
2022-12-04,2022-12-10,2022,50,LE SSERAFIM (르세라핌),ANTIFRAGILE,6198.0
2022-12-04,2022-12-10,2022,50,LE SSERAFIM (르세라핌),ANTIFRAGILE (Weverse),2121.0
2022-12-04,2022-12-10,2022,50,LE SSERAFIM (르세라핌),FEARLESS,3663.0
2022-12-04,2022-12-10,2022,50,NewJeans,1st EP `New Jeans`,8808.0
2022-12-04,2022-12-10,2022,50,NewJeans,1st EP `New Jeans` (Weverse),7049.0
2022-12-04,2022-12-10,2022,50,RM,Indigo,14185.0
2022-12-04,2022-12-10,2022,50,RM,Indigo (Weverse),6775.0
2022-12-04,2022-12-10,2022,50,TREASURE (트레저),THE FIRST STEP : TREASURE EFFECT,1075.0
2022-12-04,2022-12-10,2022,50,j-hope,Jack In The Box (Weverse),1480.0
2022-12-04,2022-12-10,2022,50,로제 (ROSE),R,1029.0
2022-12-04,2022-12-10,2022,50,방탄소년단,2 Cool 4 Skool,956.0
2022-12-04,2022-12-10,2022,50,방탄소년단,Butter,984.0
2022-12-04,2022-12-10,2022,50,방탄소년단,LOVE YOURSELF 承 `Her`,1259.0
2022-12-04,2022-12-10,2022,50,방탄소년단,LOVE YOURSELF 承 `Her` (LP),100000.0
2022-12-04,2022-12-10,2022,50,방탄소년단,LOVE YOURSELF 結 `Answer`,2571.0
2022-12-04,2022-12-10,2022,50,방탄소년단,LOVE YOURSELF 轉 `Tear`,2131.0
2022-12-04,2022-12-10,2022,50,방탄소년단,MAP OF THE SOUL : 7,1292.0
2022-12-04,2022-12-10,2022,50,방탄소년단,MAP OF THE SOUL : PERSONA,1792.0
2022-12-04,2022-12-10,2022,50,방탄소년단,Proof,163723.0
2022-12-04,2022-12-10,2022,50,방탄소년단,WINGS,1060.0
2022-12-04,2022-12-10,2022,50,방탄소년단,화양연화 Young Forever,1206.0
2022-12-04,2022-12-10,2022,50,방탄소년단,화양연화 pt.1,1412.0
2022-12-04,2022-12-10,2022,50,방탄소년단,화양연화 pt.2,962.0
2022-12-04,2022-12-10,2022,50,세븐틴,3RD ALBUM ‘An Ode’,9205.0
2022-12-04,2022-12-10,2022,50,세븐틴,4th Album Repackage `SECTOR 17`,3812.0
2022-12-04,2022-12-10,2022,50,세븐틴,4th Album Repackage `SECTOR 17` (Weverse),1500.0
2022-12-04,2022-12-10,2022,50,세븐틴,4th Album `Face the Sun`,101347.0
2022-12-04,2022-12-10,2022,50,세븐틴,4th Album `Face the Sun` (Weverse),2891.0
2022-12-04,2022-12-10,2022,50,세븐틴,7th Mini Album `헹가래`,22697.0
2022-12-04,2022-12-10,2022,50,세븐틴,8th Mini Album `Your Choice`,3734.0
2022-12-04,2022-12-10,2022,50,세븐틴,9th Mini Album `Attacca`,9297.0
2022-12-04,2022-12-10,2022,50,신해경,최저낙원,1000.0
2022-12-04,2022-12-10,2022,50,진 (JIN),The Astronaut,2554.0
2022-12-04,2022-12-10,2022,50,투모로우바이투게더,minisode 2: Thursday`s Child,5888.0
2022-12-04,2022-12-10,2022,50,투모로우바이투게더,minisode1 : Blue Hour,8317.0
2022-12-04,2022-12-10,2022,50,투모로우바이투게더,꿈의 장: ETERNITY,1707.0
2022-12-04,2022-12-10,2022,50,투모로우바이투게더,꿈의 장: MAGIC,1838.0
2022-12-04,2022-12-10,2022,50,투모로우바이투게더,꿈의 장: STAR,1411.0
2022-12-04,2022-12-10,2022,50,투모로우바이투게더,혼돈의 장: FIGHT OR ESCAPE,6450.0
2022-12-04,2022-12-10,2022,50,투모로우바이투게더,혼돈의 장: FREEZE,2313.0
2022-12-11,2022-12-17,2022,51,BLACKPINK,BORN PINK,5996.0
2022-12-11,2022-12-17,2022,51,BLACKPINK,KILL THIS LOVE,2244.0
2022-12-11,2022-12-17,2022,51,BLACKPINK,SQUARE UP,1788.0
2022-12-11,2022-12-17,2022,51,BLACKPINK,THE ALBUM,2088.0
2022-12-11,2022-12-17,2022,51,LE SSERAFIM (르세라핌),ANTIFRAGILE,6696.0
2022-12-11,2022-12-17,2022,51,LE SSERAFIM (르세라핌),ANTIFRAGILE (Weverse),2503.0
2022-12-11,2022-12-17,2022,51,LE SSERAFIM (르세라핌),FEARLESS,1511.0
2022-12-11,2022-12-17,2022,51,NewJeans,1st EP `New Jeans`,11808.0
2022-12-11,2022-12-17,2022,51,NewJeans,1st EP `New Jeans` (Weverse),9150.0
2022-12-11,2022-12-17,2022,51,RM,Indigo,31431.0
2022-12-11,2022-12-17,2022,51,Various Artists,스물다섯 스물하나 OST (LP),2260.0
2022-12-11,2022-12-17,2022,51,j-hope,Jack In The Box (LP),59000.0
2022-12-11,2022-12-17,2022,51,j-hope,Jack In The Box (Weverse),1350.0
2022-12-11,2022-12-17,2022,51,로제 (ROSE),R,2278.0
2022-12-11,2022-12-17,2022,51,방탄소년단,BE,892.0
2022-12-11,2022-12-17,2022,51,방탄소년단,Butter,1050.0
2022-12-11,2022-12-17,2022,51,방탄소년단,DARK&WILD,1002.0
2022-12-11,2022-12-17,2022,51,방탄소년단,LOVE YOURSELF 承 `Her`,1560.0
2022-12-11,2022-12-17,2022,51,방탄소년단,LOVE YOURSELF 結 `Answer`,797.0
2022-12-11,2022-12-17,2022,51,방탄소년단,LOVE YOURSELF 轉 `Tear`,2554.0
2022-12-11,2022-12-17,2022,51,방탄소년단,MAP OF THE SOUL : 7,1199.0
2022-12-11,2022-12-17,2022,51,방탄소년단,MAP OF THE SOUL : PERSONA,1453.0
2022-12-11,2022-12-17,2022,51,방탄소년단,"O!RUL8,2?",861.0
2022-12-11,2022-12-17,2022,51,방탄소년단,Proof,2235.0
2022-12-11,2022-12-17,2022,51,방탄소년단,WINGS,897.0
2022-12-11,2022-12-17,2022,51,방탄소년단,YOU NEVER WALK ALONE,892.0
2022-12-11,2022-12-17,2022,51,방탄소년단,화양연화 Young Forever,1905.0
2022-12-11,2022-12-17,2022,51,방탄소년단,화양연화 pt.2,1691.0
2022-12-11,2022-12-17,2022,51,세븐틴,3RD ALBUM ‘An Ode’,5605.0
2022-12-11,2022-12-17,2022,51,세븐틴,4th Album Repackage `SECTOR 17`,3627.0
2022-12-11,2022-12-17,2022,51,세븐틴,4th Album Repackage `SECTOR 17` (Weverse),1705.0
2022-12-11,2022-12-17,2022,51,세븐틴,4th Album `Face the Sun`,26391.0
2022-12-11,2022-12-17,2022,51,세븐틴,4th Album `Face the Sun` (Weverse),2305.0
2022-12-11,2022-12-17,2022,51,세븐틴,7th Mini Album `헹가래`,6860.0
2022-12-11,2022-12-17,2022,51,세븐틴,8th Mini Album `Your Choice`,3822.0
2022-12-11,2022-12-17,2022,51,세븐틴,9th Mini Album `Attacca`,6383.0
2022-12-11,2022-12-17,2022,51,세븐틴,Special Album `; [Semicolon]`,2394.0
2022-12-11,2022-12-17,2022,51,진 (JIN),The Astronaut,3324.0
2022-12-11,2022-12-17,2022,51,투모로우바이투게더,minisode 2: Thursday`s Child,2756.0
2022-12-11,2022-12-17,2022,51,투모로우바이투게더,minisode1 : Blue Hour,2694.0
2022-12-11,2022-12-17,2022,51,투모로우바이투게더,꿈의 장: ETERNITY,834.0
2022-12-11,2022-12-17,2022,51,투모로우바이투게더,꿈의 장: MAGIC,1932.0
2022-12-11,2022-12-17,2022,51,투모로우바이투게더,꿈의 장: STAR,1504.0
2022-12-11,2022-12-17,2022,51,투모로우바이투게더,혼돈의 장: FIGHT OR ESCAPE,5303.0
2022-12-11,2022-12-17,2022,51,투모로우바이투게더,혼돈의 장: FREEZE,2819.0
2022-12-18,2022-12-24,2022,52,BLACKPINK,BORN PINK,5776.0
2022-12-18,2022-12-24,2022,52,BLACKPINK,KILL THIS LOVE,1030.0
2022-12-18,2022-12-24,2022,52,BLACKPINK,SQUARE UP,939.0
2022-12-18,2022-12-24,2022,52,BLACKPINK,THE ALBUM,1311.0
2022-12-18,2022-12-24,2022,52,LE SSERAFIM (르세라핌),ANTIFRAGILE,9685.0
2022-12-18,2022-12-24,2022,52,LE SSERAFIM (르세라핌),ANTIFRAGILE (Weverse),3306.0
2022-12-18,2022-12-24,2022,52,LE SSERAFIM (르세라핌),FEARLESS,2675.0
2022-12-18,2022-12-24,2022,52,NewJeans,1st EP `New Jeans`,19910.0
2022-12-18,2022-12-24,2022,52,NewJeans,1st EP `New Jeans` (Weverse),9522.0
2022-12-18,2022-12-24,2022,52,RM,Indigo,5325.0
2022-12-18,2022-12-24,2022,52,RM,Indigo (Weverse),6670.0
2022-12-18,2022-12-24,2022,52,TREASURE (트레저),THE FIRST STEP : TREASURE EFFECT,1089.0
2022-12-18,2022-12-24,2022,52,TREASURE (트레저),THE SECOND STEP : CHAPTER TWO,910.0
2022-12-18,2022-12-24,2022,52,j-hope,Jack In The Box (LP),1000.0
2022-12-18,2022-12-24,2022,52,로제 (ROSE),R,1129.0
2022-12-18,2022-12-24,2022,52,방탄소년단,2 Cool 4 Skool,817.0
2022-12-18,2022-12-24,2022,52,방탄소년단,BE,855.0
2022-12-18,2022-12-24,2022,52,방탄소년단,Butter,1536.0
2022-12-18,2022-12-24,2022,52,방탄소년단,LOVE YOURSELF 承 `Her`,1524.0
2022-12-18,2022-12-24,2022,52,방탄소년단,LOVE YOURSELF 結 `Answer`,2026.0
2022-12-18,2022-12-24,2022,52,방탄소년단,LOVE YOURSELF 轉 `Tear`,3090.0
2022-12-18,2022-12-24,2022,52,방탄소년단,MAP OF THE SOUL : 7,1696.0
2022-12-18,2022-12-24,2022,52,방탄소년단,MAP OF THE SOUL : PERSONA,2686.0
2022-12-18,2022-12-24,2022,52,방탄소년단,Proof,6612.0
2022-12-18,2022-12-24,2022,52,방탄소년단,WINGS,1818.0
2022-12-18,2022-12-24,2022,52,방탄소년단,YOU NEVER WALK ALONE,858.0
2022-12-18,2022-12-24,2022,52,방탄소년단,화양연화 Young Forever,864.0
2022-12-18,2022-12-24,2022,52,방탄소년단,화양연화 pt.1,804.0
2022-12-18,2022-12-24,2022,52,방탄소년단,화양연화 pt.2,1034.0
2022-12-18,2022-12-24,2022,52,백호,Absolute Zero,1920.0
2022-12-18,2022-12-24,2022,52,세븐틴,3RD ALBUM ‘An Ode’,8914.0
2022-12-18,2022-12-24,2022,52,세븐틴,4th Album Repackage `SECTOR 17`,3541.0
2022-12-18,2022-12-24,2022,52,세븐틴,4th Album Repackage `SECTOR 17` (KiT),906.0
2022-12-18,2022-12-24,2022,52,세븐틴,4th Album Repackage `SECTOR 17` (Weverse),2226.0
2022-12-18,2022-12-24,2022,52,세븐틴,4th Album `Face the Sun`,5315.0
2022-12-18,2022-12-24,2022,52,세븐틴,4th Album `Face the Sun` (Weverse),4016.0
2022-12-18,2022-12-24,2022,52,세븐틴,7th Mini Album `헹가래`,6469.0
2022-12-18,2022-12-24,2022,52,세븐틴,8th Mini Album `Your Choice`,2776.0
2022-12-18,2022-12-24,2022,52,세븐틴,9th Mini Album `Attacca`,8885.0
2022-12-18,2022-12-24,2022,52,세븐틴,Special Album `; [Semicolon]`,2083.0
2022-12-18,2022-12-24,2022,52,진 (JIN),The Astronaut,1520.0
2022-12-18,2022-12-24,2022,52,투모로우바이투게더,minisode 2: Thursday`s Child,5624.0
2022-12-18,2022-12-24,2022,52,투모로우바이투게더,minisode1 : Blue Hour,6918.0
2022-12-18,2022-12-24,2022,52,투모로우바이투게더,꿈의 장: ETERNITY,1704.0
2022-12-18,2022-12-24,2022,52,투모로우바이투게더,꿈의 장: MAGIC,1480.0
2022-12-18,2022-12-24,2022,52,투모로우바이투게더,꿈의 장: STAR,1724.0
2022-12-18,2022-12-24,2022,52,투모로우바이투게더,혼돈의 장: FIGHT OR ESCAPE,6092.0
2022-12-18,2022-12-24,2022,52,투모로우바이투게더,혼돈의 장: FREEZE,2521.0
2023-01-01,2023-01-07,2023,1,BLACKPINK,BORN PINK,4102.0
2023-01-01,2023-01-07,2023,1,BLACKPINK,KILL THIS LOVE,1609.0
2023-01-01,2023-01-07,2023,1,BLACKPINK,THE ALBUM,1338.0
2023-01-01,2023-01-07,2023,1,LE SSERAFIM (르세라핌),ANTIFRAGILE,10229.0
2023-01-01,2023-01-07,2023,1,LE SSERAFIM (르세라핌),ANTIFRAGILE (Weverse),2558.0
2023-01-01,2023-01-07,2023,1,LE SSERAFIM (르세라핌),FEARLESS,4617.0
2023-01-01,2023-01-07,2023,1,NewJeans,1st EP `New Jeans`,14654.0
2023-01-01,2023-01-07,2023,1,NewJeans,1st EP `New Jeans` (Weverse),12731.0
2023-01-01,2023-01-07,2023,1,NewJeans,`OMG`,596650.0
2023-01-01,2023-01-07,2023,1,NewJeans,`OMG` (Weverse),199998.0
2023-01-01,2023-01-07,2023,1,RM,Indigo,2461.0
2023-01-01,2023-01-07,2023,1,RM,Indigo (Weverse),2798.0
2023-01-01,2023-01-07,2023,1,TREASURE (트레저),THE SECOND STEP : CHAPTER ONE,1320.0
2023-01-01,2023-01-07,2023,1,로제 (ROSE),R,1994.0
2023-01-01,2023-01-07,2023,1,방탄소년단,Butter,2619.0
2023-01-01,2023-01-07,2023,1,방탄소년단,DARK&WILD,1082.0
2023-01-01,2023-01-07,2023,1,방탄소년단,LOVE YOURSELF 承 `Her`,1664.0
2023-01-01,2023-01-07,2023,1,방탄소년단,LOVE YOURSELF 結 `Answer`,2608.0
2023-01-01,2023-01-07,2023,1,방탄소년단,LOVE YOURSELF 轉 `Tear`,916.0
2023-01-01,2023-01-07,2023,1,방탄소년단,MAP OF THE SOUL : 7,1632.0
2023-01-01,2023-01-07,2023,1,방탄소년단,MAP OF THE SOUL : PERSONA,2616.0
2023-01-01,2023-01-07,2023,1,방탄소년단,"O!RUL8,2?",1529.0
2023-01-01,2023-01-07,2023,1,방탄소년단,Proof,1406.0
2023-01-01,2023-01-07,2023,1,방탄소년단,Skool Luv Affair,1953.0
2023-01-01,2023-01-07,2023,1,방탄소년단,WINGS,1027.0
2023-01-01,2023-01-07,2023,1,방탄소년단,YOU NEVER WALK ALONE,1333.0
2023-01-01,2023-01-07,2023,1,방탄소년단,화양연화 Young Forever,1344.0
2023-01-01,2023-01-07,2023,1,방탄소년단,화양연화 pt.1,1329.0
2023-01-01,2023-01-07,2023,1,방탄소년단,화양연화 pt.2,2446.0
2023-01-01,2023-01-07,2023,1,세븐틴,3RD ALBUM ‘An Ode’,3886.0
2023-01-01,2023-01-07,2023,1,세븐틴,4th Album Repackage `SECTOR 17`,4278.0
2023-01-01,2023-01-07,2023,1,세븐틴,4th Album Repackage `SECTOR 17` (Weverse),2258.0
2023-01-01,2023-01-07,2023,1,세븐틴,4th Album `Face the Sun`,6416.0
2023-01-01,2023-01-07,2023,1,세븐틴,4th Album `Face the Sun` (Weverse),2100.0
2023-01-01,2023-01-07,2023,1,세븐틴,8th Mini Album `Your Choice`,4609.0
2023-01-01,2023-01-07,2023,1,세븐틴,9th Mini Album `Attacca`,11607.0
2023-01-01,2023-01-07,2023,1,세븐틴,Special Album `; [Semicolon]`,3396.0
2023-01-01,2023-01-07,2023,1,진 (JIN),The Astronaut,2661.0
2023-01-01,2023-01-07,2023,1,투모로우바이투게더,minisode 2: Thursday`s Child,4461.0
2023-01-01,2023-01-07,2023,1,투모로우바이투게더,minisode1 : Blue Hour,3478.0
2023-01-01,2023-01-07,2023,1,투모로우바이투게더,꿈의 장: ETERNITY,1756.0
2023-01-01,2023-01-07,2023,1,투모로우바이투게더,꿈의 장: MAGIC,1844.0
2023-01-01,2023-01-07,2023,1,투모로우바이투게더,꿈의 장: STAR,1414.0
2023-01-01,2023-01-07,2023,1,투모로우바이투게더,혼돈의 장: FIGHT OR ESCAPE,6435.0
2023-01-01,2023-01-07,2023,1,투모로우바이투게더,혼돈의 장: FREEZE,4244.0
2023-01-08,2023-01-14,2023,2,BLACKPINK,BORN PINK,3399.0
2023-01-08,2023-01-14,2023,2,BLACKPINK,KILL THIS LOVE,2224.0
2023-01-08,2023-01-14,2023,2,BLACKPINK,SQUARE UP,1257.0
2023-01-08,2023-01-14,2023,2,BLACKPINK,THE ALBUM,1825.0
2023-01-08,2023-01-14,2023,2,LE SSERAFIM (르세라핌),ANTIFRAGILE,7028.0
2023-01-08,2023-01-14,2023,2,LE SSERAFIM (르세라핌),ANTIFRAGILE (Weverse),3284.0
2023-01-08,2023-01-14,2023,2,LE SSERAFIM (르세라핌),FEARLESS,3721.0
2023-01-08,2023-01-14,2023,2,NewJeans,1st EP `New Jeans`,20121.0
2023-01-08,2023-01-14,2023,2,NewJeans,1st EP `New Jeans` (Weverse),16118.0
2023-01-08,2023-01-14,2023,2,RM,Indigo,1146.0
2023-01-08,2023-01-14,2023,2,TREASURE (트레저),THE FIRST STEP : CHAPTER ONE,1141.0
2023-01-08,2023-01-14,2023,2,TREASURE (트레저),THE FIRST STEP : CHAPTER THREE,1048.0
2023-01-08,2023-01-14,2023,2,TREASURE (트레저),THE FIRST STEP : CHAPTER TWO,1204.0
2023-01-08,2023-01-14,2023,2,TREASURE (트레저),THE FIRST STEP : TREASURE EFFECT,2363.0
2023-01-08,2023-01-14,2023,2,TREASURE (트레저),THE SECOND STEP : CHAPTER ONE,1319.0
2023-01-08,2023-01-14,2023,2,TREASURE (트레저),THE SECOND STEP : CHAPTER TWO,1182.0
2023-01-08,2023-01-14,2023,2,로제 (ROSE),R,1634.0
2023-01-08,2023-01-14,2023,2,방탄소년단,BE,1485.0
2023-01-08,2023-01-14,2023,2,방탄소년단,Butter,1898.0
2023-01-08,2023-01-14,2023,2,방탄소년단,LOVE YOURSELF 承 `Her`,2970.0
2023-01-08,2023-01-14,2023,2,방탄소년단,LOVE YOURSELF 結 `Answer`,2238.0
2023-01-08,2023-01-14,2023,2,방탄소년단,LOVE YOURSELF 轉 `Tear`,3088.0
2023-01-08,2023-01-14,2023,2,방탄소년단,MAP OF THE SOUL : 7,2342.0
2023-01-08,2023-01-14,2023,2,방탄소년단,MAP OF THE SOUL : PERSONA,2928.0
2023-01-08,2023-01-14,2023,2,방탄소년단,Proof,15081.0
2023-01-08,2023-01-14,2023,2,방탄소년단,WINGS,1440.0
2023-01-08,2023-01-14,2023,2,방탄소년단,YOU NEVER WALK ALONE,964.0
2023-01-08,2023-01-14,2023,2,방탄소년단,화양연화 Young Forever,1488.0
2023-01-08,2023-01-14,2023,2,방탄소년단,화양연화 pt.2,1170.0
2023-01-08,2023-01-14,2023,2,세븐틴,3RD ALBUM ‘An Ode’,14522.0
2023-01-08,2023-01-14,2023,2,세븐틴,4th Album Repackage `SECTOR 17`,5268.0
2023-01-08,2023-01-14,2023,2,세븐틴,4th Album Repackage `SECTOR 17` (Weverse),2373.0
2023-01-08,2023-01-14,2023,2,세븐틴,4th Album `Face the Sun`,6954.0
2023-01-08,2023-01-14,2023,2,세븐틴,4th Album `Face the Sun` (Weverse),6379.0
2023-01-08,2023-01-14,2023,2,세븐틴,8th Mini Album `Your Choice`,5923.0
2023-01-08,2023-01-14,2023,2,세븐틴,9th Mini Album `Attacca`,18032.0
2023-01-08,2023-01-14,2023,2,세븐틴,Special Album `; [Semicolon]`,2499.0
2023-01-08,2023-01-14,2023,2,제니 (JENNIE),SOLO,1106.0
2023-01-08,2023-01-14,2023,2,진 (JIN),The Astronaut,1240.0
2023-01-08,2023-01-14,2023,2,투모로우바이투게더,minisode 2: Thursday`s Child,7061.0
2023-01-08,2023-01-14,2023,2,투모로우바이투게더,minisode1 : Blue Hour,4342.0
2023-01-08,2023-01-14,2023,2,투모로우바이투게더,꿈의 장: ETERNITY,2146.0
2023-01-08,2023-01-14,2023,2,투모로우바이투게더,꿈의 장: MAGIC,1366.0
2023-01-08,2023-01-14,2023,2,투모로우바이투게더,꿈의 장: STAR,1701.0
2023-01-08,2023-01-14,2023,2,투모로우바이투게더,혼돈의 장: FIGHT OR ESCAPE,9855.0
2023-01-08,2023-01-14,2023,2,투모로우바이투게더,혼돈의 장: FREEZE,4000.0
2023-01-15,2023-01-21,2023,3,BLACKPINK,BORN PINK,5472.0
2023-01-15,2023-01-21,2023,3,BLACKPINK,BORN PINK (LP),44458.0
2023-01-15,2023-01-21,2023,3,BLACKPINK,KILL THIS LOVE,1269.0
2023-01-15,2023-01-21,2023,3,BLACKPINK,SQUARE UP,1074.0
2023-01-15,2023-01-21,2023,3,BLACKPINK,THE ALBUM,2269.0
2023-01-15,2023-01-21,2023,3,LE SSERAFIM (르세라핌),ANTIFRAGILE,7563.0
2023-01-15,2023-01-21,2023,3,LE SSERAFIM (르세라핌),ANTIFRAGILE (Weverse),2058.0
2023-01-15,2023-01-21,2023,3,LE SSERAFIM (르세라핌),FEARLESS,4833.0
2023-01-15,2023-01-21,2023,3,NewJeans,1st EP `New Jeans`,7081.0
2023-01-15,2023-01-21,2023,3,NewJeans,1st EP `New Jeans` (Weverse),16845.0
2023-01-15,2023-01-21,2023,3,NewJeans,`OMG`,121342.0
2023-01-15,2023-01-21,2023,3,NewJeans,`OMG` (Weverse),95472.0
2023-01-15,2023-01-21,2023,3,RM,Indigo,877.0
2023-01-15,2023-01-21,2023,3,TREASURE (트레저),THE FIRST STEP : CHAPTER THREE,878.0
2023-01-15,2023-01-21,2023,3,TREASURE (트레저),THE FIRST STEP : CHAPTER TWO,852.0
2023-01-15,2023-01-21,2023,3,TREASURE (트레저),THE FIRST STEP : TREASURE EFFECT,1511.0
2023-01-15,2023-01-21,2023,3,TREASURE (트레저),THE SECOND STEP : CHAPTER TWO,3492.0
2023-01-15,2023-01-21,2023,3,로제 (ROSE),R,1589.0
2023-01-15,2023-01-21,2023,3,방탄소년단,Butter,952.0
2023-01-15,2023-01-21,2023,3,방탄소년단,DARK&WILD,1472.0
2023-01-15,2023-01-21,2023,3,방탄소년단,LOVE YOURSELF 承 `Her`,1815.0
2023-01-15,2023-01-21,2023,3,방탄소년단,LOVE YOURSELF 結 `Answer`,1264.0
2023-01-15,2023-01-21,2023,3,방탄소년단,LOVE YOURSELF 轉 `Tear`,1384.0
2023-01-15,2023-01-21,2023,3,방탄소년단,MAP OF THE SOUL : 7,1980.0
2023-01-15,2023-01-21,2023,3,방탄소년단,MAP OF THE SOUL : PERSONA,1600.0
2023-01-15,2023-01-21,2023,3,방탄소년단,Proof,5668.0
2023-01-15,2023-01-21,2023,3,방탄소년단,WINGS,1138.0
2023-01-15,2023-01-21,2023,3,방탄소년단,YOU NEVER WALK ALONE,1225.0
2023-01-15,2023-01-21,2023,3,방탄소년단,화양연화 Young Forever,1074.0
2023-01-15,2023-01-21,2023,3,방탄소년단,화양연화 pt.2,1581.0
2023-01-15,2023-01-21,2023,3,세븐틴,3RD ALBUM ‘An Ode’,8860.0
2023-01-15,2023-01-21,2023,3,세븐틴,4th Album Repackage `SECTOR 17`,4412.0
2023-01-15,2023-01-21,2023,3,세븐틴,4th Album Repackage `SECTOR 17` (Weverse),1752.0
2023-01-15,2023-01-21,2023,3,세븐틴,4th Album `Face the Sun`,110671.0
2023-01-15,2023-01-21,2023,3,세븐틴,4th Album `Face the Sun` (Weverse),3506.0
2023-01-15,2023-01-21,2023,3,세븐틴,8th Mini Album `Your Choice`,3883.0
2023-01-15,2023-01-21,2023,3,세븐틴,9th Mini Album `Attacca`,6459.0
2023-01-15,2023-01-21,2023,3,세븐틴,Special Album `; [Semicolon]`,4014.0
2023-01-15,2023-01-21,2023,3,투모로우바이투게더,minisode 2: Thursday`s Child,5653.0
2023-01-15,2023-01-21,2023,3,투모로우바이투게더,minisode1 : Blue Hour,3835.0
2023-01-15,2023-01-21,2023,3,투모로우바이투게더,꿈의 장: ETERNITY,883.0
2023-01-15,2023-01-21,2023,3,투모로우바이투게더,꿈의 장: MAGIC,1554.0
2023-01-15,2023-01-21,2023,3,투모로우바이투게더,꿈의 장: STAR,1290.0
2023-01-15,2023-01-21,2023,3,투모로우바이투게더,혼돈의 장: FIGHT OR ESCAPE,4652.0
2023-01-15,2023-01-21,2023,3,투모로우바이투게더,혼돈의 장: FREEZE,3555.0
2023-01-22,2023-01-28,2023,4,BLACKPINK,BORN PINK,4411.0
2023-01-22,2023-01-28,2023,4,BLACKPINK,KILL THIS LOVE,2027.0
2023-01-22,2023-01-28,2023,4,BLACKPINK,SQUARE UP,865.0
2023-01-22,2023-01-28,2023,4,BLACKPINK,THE ALBUM,1452.0
2023-01-22,2023-01-28,2023,4,LE SSERAFIM (르세라핌),ANTIFRAGILE,34828.0
2023-01-22,2023-01-28,2023,4,LE SSERAFIM (르세라핌),ANTIFRAGILE (Weverse),4869.0
2023-01-22,2023-01-28,2023,4,LE SSERAFIM (르세라핌),FEARLESS,2029.0
2023-01-22,2023-01-28,2023,4,NewJeans,1st EP `New Jeans`,5653.0
2023-01-22,2023-01-28,2023,4,NewJeans,1st EP `New Jeans` (Weverse),10399.0
2023-01-22,2023-01-28,2023,4,NewJeans,`OMG`,9120.0
2023-01-22,2023-01-28,2023,4,NewJeans,`OMG` (Weverse),4530.0
2023-01-22,2023-01-28,2023,4,RM,Indigo,1224.0
2023-01-22,2023-01-28,2023,4,RM,Indigo (Weverse),1385.0
2023-01-22,2023-01-28,2023,4,로제 (ROSE),R,9582.0
2023-01-22,2023-01-28,2023,4,로제 (ROSE),R (LP),514.0
2023-01-22,2023-01-28,2023,4,리사 (LISA),LALISA,1527.0
2023-01-22,2023-01-28,2023,4,방탄소년단,BE,612.0
2023-01-22,2023-01-28,2023,4,방탄소년단,Butter,524.0
2023-01-22,2023-01-28,2023,4,방탄소년단,LOVE YOURSELF 承 `Her`,2125.0
2023-01-22,2023-01-28,2023,4,방탄소년단,LOVE YOURSELF 結 `Answer`,2131.0
2023-01-22,2023-01-28,2023,4,방탄소년단,LOVE YOURSELF 轉 `Tear`,1518.0
2023-01-22,2023-01-28,2023,4,방탄소년단,MAP OF THE SOUL : 7,768.0
2023-01-22,2023-01-28,2023,4,방탄소년단,MAP OF THE SOUL : PERSONA,1548.0
2023-01-22,2023-01-28,2023,4,방탄소년단,YOU NEVER WALK ALONE,1288.0
2023-01-22,2023-01-28,2023,4,방탄소년단,화양연화 Young Forever,772.0
2023-01-22,2023-01-28,2023,4,방탄소년단,화양연화 pt.1,922.0
2023-01-22,2023-01-28,2023,4,방탄소년단,화양연화 pt.2,900.0
2023-01-22,2023-01-28,2023,4,세븐틴,3RD ALBUM ‘An Ode’,2620.0
2023-01-22,2023-01-28,2023,4,세븐틴,4th Album Repackage `SECTOR 17`,3454.0
2023-01-22,2023-01-28,2023,4,세븐틴,4th Album Repackage `SECTOR 17` (Weverse),1473.0
2023-01-22,2023-01-28,2023,4,세븐틴,4th Album `Face the Sun`,4548.0
2023-01-22,2023-01-28,2023,4,세븐틴,4th Album `Face the Sun` (Weverse),1811.0
2023-01-22,2023-01-28,2023,4,세븐틴,7th Mini Album `헹가래`,22668.0
2023-01-22,2023-01-28,2023,4,세븐틴,8th Mini Album `Your Choice`,4153.0
2023-01-22,2023-01-28,2023,4,세븐틴,9th Mini Album `Attacca`,10976.0
2023-01-22,2023-01-28,2023,4,세븐틴,Special Album `; [Semicolon]`,2271.0
2023-01-22,2023-01-28,2023,4,진 (JIN),The Astronaut,568.0
2023-01-22,2023-01-28,2023,4,투모로우바이투게더,minisode 2: Thursday`s Child,3683.0
2023-01-22,2023-01-28,2023,4,투모로우바이투게더,minisode1 : Blue Hour,4182.0
2023-01-22,2023-01-28,2023,4,투모로우바이투게더,꿈의 장: ETERNITY,1084.0
2023-01-22,2023-01-28,2023,4,투모로우바이투게더,꿈의 장: MAGIC,840.0
2023-01-22,2023-01-28,2023,4,투모로우바이투게더,꿈의 장: STAR,1419.0
2023-01-22,2023-01-28,2023,4,투모로우바이투게더,이름의 장: TEMPTATION,1729589.0
2023-01-22,2023-01-28,2023,4,투모로우바이투게더,이름의 장: TEMPTATION (Weverse),131520.0
2023-01-22,2023-01-28,2023,4,투모로우바이투게더,혼돈의 장: FIGHT OR ESCAPE,3574.0
2023-01-22,2023-01-28,2023,4,투모로우바이투게더,혼돈의 장: FREEZE,1994.0
2023-01-29,2023-02-04,2023,5,BLACKPINK,BORN PINK,11658.0
2023-01-29,2023-02-04,2023,5,BLACKPINK,KILL THIS LOVE,3189.0
2023-01-29,2023-02-04,2023,5,BLACKPINK,SPECIAL EDITION [How You Like That],997.0
2023-01-29,2023-02-04,2023,5,BLACKPINK,SQUARE UP,1534.0
2023-01-29,2023-02-04,2023,5,BLACKPINK,THE ALBUM,2481.0
2023-01-29,2023-02-04,2023,5,LE SSERAFIM (르세라핌),ANTIFRAGILE,14319.0
2023-01-29,2023-02-04,2023,5,LE SSERAFIM (르세라핌),ANTIFRAGILE (Weverse),5410.0
2023-01-29,2023-02-04,2023,5,LE SSERAFIM (르세라핌),FEARLESS,6445.0
2023-01-29,2023-02-04,2023,5,NewJeans,1st EP `New Jeans`,3050.0
2023-01-29,2023-02-04,2023,5,NewJeans,1st EP `New Jeans` (Weverse),12892.0
2023-01-29,2023-02-04,2023,5,TREASURE (트레저),THE FIRST STEP : TREASURE EFFECT,1040.0
2023-01-29,2023-02-04,2023,5,김승민,Double-sidedness,1000.0
2023-01-29,2023-02-04,2023,5,로제 (ROSE),R,5380.0
2023-01-29,2023-02-04,2023,5,방탄소년단,Butter,1889.0
2023-01-29,2023-02-04,2023,5,방탄소년단,DARK&WILD,1005.0
2023-01-29,2023-02-04,2023,5,방탄소년단,LOVE YOURSELF 承 `Her`,3101.0
2023-01-29,2023-02-04,2023,5,방탄소년단,LOVE YOURSELF 結 `Answer`,3813.0
2023-01-29,2023-02-04,2023,5,방탄소년단,LOVE YOURSELF 轉 `Tear`,3689.0
2023-01-29,2023-02-04,2023,5,방탄소년단,MAP OF THE SOUL : 7,2311.0
2023-01-29,2023-02-04,2023,5,방탄소년단,MAP OF THE SOUL : PERSONA,2715.0
2023-01-29,2023-02-04,2023,5,방탄소년단,Skool Luv Affair,902.0
2023-01-29,2023-02-04,2023,5,방탄소년단,WINGS,1915.0
2023-01-29,2023-02-04,2023,5,방탄소년단,YOU NEVER WALK ALONE,2197.0
2023-01-29,2023-02-04,2023,5,방탄소년단,화양연화 Young Forever,1535.0
2023-01-29,2023-02-04,2023,5,방탄소년단,화양연화 pt.1,1477.0
2023-01-29,2023-02-04,2023,5,방탄소년단,화양연화 pt.2,2344.0
2023-01-29,2023-02-04,2023,5,세븐틴,4th Album Repackage `SECTOR 17`,6213.0
2023-01-29,2023-02-04,2023,5,세븐틴,4th Album Repackage `SECTOR 17` (Weverse),1565.0
2023-01-29,2023-02-04,2023,5,세븐틴,4th Album `Face the Sun`,12061.0
2023-01-29,2023-02-04,2023,5,세븐틴,4th Album `Face the Sun` (Weverse),3893.0
2023-01-29,2023-02-04,2023,5,세븐틴,7th Mini Album `헹가래`,23535.0
2023-01-29,2023-02-04,2023,5,세븐틴,8th Mini Album `Your Choice`,6889.0
2023-01-29,2023-02-04,2023,5,세븐틴,9th Mini Album `Attacca`,14847.0
2023-01-29,2023-02-04,2023,5,세븐틴,Special Album `; [Semicolon]`,2784.0
2023-01-29,2023-02-04,2023,5,이찬혁,ERROR (LP),3246.0
2023-01-29,2023-02-04,2023,5,투모로우바이투게더,minisode 2: Thursday`s Child,4164.0
2023-01-29,2023-02-04,2023,5,투모로우바이투게더,minisode1 : Blue Hour,1866.0
2023-01-29,2023-02-04,2023,5,투모로우바이투게더,꿈의 장: ETERNITY,1016.0
2023-01-29,2023-02-04,2023,5,투모로우바이투게더,꿈의 장: MAGIC,1681.0
2023-01-29,2023-02-04,2023,5,투모로우바이투게더,꿈의 장: STAR,1377.0
2023-01-29,2023-02-04,2023,5,투모로우바이투게더,이름의 장: TEMPTATION,320355.0
2023-01-29,2023-02-04,2023,5,투모로우바이투게더,이름의 장: TEMPTATION (Weverse),18480.0
2023-01-29,2023-02-04,2023,5,투모로우바이투게더,혼돈의 장: FIGHT OR ESCAPE,7275.0
2023-01-29,2023-02-04,2023,5,투모로우바이투게더,혼돈의 장: FREEZE,1651.0
2023-02-05,2023-02-11,2023,6,BLACKPINK,BORN PINK,9598.0
2023-02-05,2023-02-11,2023,6,BLACKPINK,KILL THIS LOVE,2588.0
2023-02-05,2023-02-11,2023,6,BLACKPINK,SQUARE UP,2025.0
2023-02-05,2023-02-11,2023,6,BLACKPINK,THE ALBUM,1633.0
2023-02-05,2023-02-11,2023,6,LE SSERAFIM (르세라핌),ANTIFRAGILE,6146.0
2023-02-05,2023-02-11,2023,6,LE SSERAFIM (르세라핌),ANTIFRAGILE (Weverse),6180.0
2023-02-05,2023-02-11,2023,6,LE SSERAFIM (르세라핌),FEARLESS,4467.0
2023-02-05,2023-02-11,2023,6,NewJeans,1st EP `New Jeans`,159918.0
2023-02-05,2023-02-11,2023,6,NewJeans,`OMG`,70300.0
2023-02-05,2023-02-11,2023,6,"PATEKO (파테코), Jayci Yucca(제이씨 유카), Kid Wine",어서와요 키카코 하우스 2,1000.0
2023-02-05,2023-02-11,2023,6,RM,Indigo,1551.0
2023-02-05,2023-02-11,2023,6,TREASURE (트레저),THE FIRST STEP : CHAPTER ONE,999.0
2023-02-05,2023-02-11,2023,6,TREASURE (트레저),THE FIRST STEP : TREASURE EFFECT,1767.0
2023-02-05,2023-02-11,2023,6,TREASURE (트레저),THE SECOND STEP : CHAPTER TWO,1627.0
2023-02-05,2023-02-11,2023,6,방탄소년단,2 Cool 4 Skool,1105.0
2023-02-05,2023-02-11,2023,6,방탄소년단,Butter,1286.0
2023-02-05,2023-02-11,2023,6,방탄소년단,LOVE YOURSELF 承 `Her`,1855.0
2023-02-05,2023-02-11,2023,6,방탄소년단,LOVE YOURSELF 結 `Answer`,1455.0
2023-02-05,2023-02-11,2023,6,방탄소년단,LOVE YOURSELF 轉 `Tear`,1689.0
2023-02-05,2023-02-11,2023,6,방탄소년단,MAP OF THE SOUL : 7,1022.0
2023-02-05,2023-02-11,2023,6,방탄소년단,MAP OF THE SOUL : PERSONA,2763.0
2023-02-05,2023-02-11,2023,6,방탄소년단,WINGS,1544.0
2023-02-05,2023-02-11,2023,6,방탄소년단,화양연화 Young Forever,1158.0
2023-02-05,2023-02-11,2023,6,방탄소년단,화양연화 pt.2,1132.0
2023-02-05,2023-02-11,2023,6,부석순 (SEVENTEEN),1st Single Album `SECOND WIND`,418750.0
2023-02-05,2023-02-11,2023,6,부석순 (SEVENTEEN),1st Single Album `SECOND WIND` (KiT),29967.0
2023-02-05,2023-02-11,2023,6,부석순 (SEVENTEEN),1st Single Album `SECOND WIND` (Weverse),149226.0
2023-02-05,2023-02-11,2023,6,세븐틴,3RD ALBUM ‘An Ode’,36830.0
2023-02-05,2023-02-11,2023,6,세븐틴,4th Album Repackage `SECTOR 17`,3956.0
2023-02-05,2023-02-11,2023,6,세븐틴,4th Album Repackage `SECTOR 17` (Weverse),2496.0
2023-02-05,2023-02-11,2023,6,세븐틴,4th Album `Face the Sun`,4677.0
2023-02-05,2023-02-11,2023,6,세븐틴,4th Album `Face the Sun` (Weverse),4541.0
2023-02-05,2023-02-11,2023,6,세븐틴,7th Mini Album `헹가래`,16115.0
2023-02-05,2023-02-11,2023,6,세븐틴,8th Mini Album `Your Choice`,3233.0
2023-02-05,2023-02-11,2023,6,세븐틴,9th Mini Album `Attacca`,48394.0
2023-02-05,2023-02-11,2023,6,세븐틴,Special Album `; [Semicolon]`,1534.0
2023-02-05,2023-02-11,2023,6,투모로우바이투게더,minisode 2: Thursday`s Child,4793.0
2023-02-05,2023-02-11,2023,6,투모로우바이투게더,minisode1 : Blue Hour,1586.0
2023-02-05,2023-02-11,2023,6,투모로우바이투게더,꿈의 장: ETERNITY,1488.0
2023-02-05,2023-02-11,2023,6,투모로우바이투게더,꿈의 장: MAGIC,1867.0
2023-02-05,2023-02-11,2023,6,투모로우바이투게더,꿈의 장: STAR,1744.0
2023-02-05,2023-02-11,2023,6,투모로우바이투게더,이름의 장: TEMPTATION,47745.0
2023-02-05,2023-02-11,2023,6,투모로우바이투게더,이름의 장: TEMPTATION (Weverse),49610.0
2023-02-05,2023-02-11,2023,6,투모로우바이투게더,혼돈의 장: FIGHT OR ESCAPE,5497.0
2023-02-05,2023-02-11,2023,6,투모로우바이투게더,혼돈의 장: FREEZE,2345.0
2023-02-12,2023-02-18,2023,7,BLACKPINK,BORN PINK,7814.0
2023-02-12,2023-02-18,2023,7,BLACKPINK,KILL THIS LOVE,1811.0
2023-02-12,2023-02-18,2023,7,BLACKPINK,THE ALBUM,1907.0
2023-02-12,2023-02-18,2023,7,LE SSERAFIM (르세라핌),ANTIFRAGILE,5725.0
2023-02-12,2023-02-18,2023,7,LE SSERAFIM (르세라핌),ANTIFRAGILE (Weverse),2333.0
2023-02-12,2023-02-18,2023,7,LE SSERAFIM (르세라핌),FEARLESS,3857.0
2023-02-12,2023-02-18,2023,7,NewJeans,1st EP `New Jeans`,20408.0
2023-02-12,2023-02-18,2023,7,NewJeans,1st EP `New Jeans` (Weverse),55723.0
2023-02-12,2023-02-18,2023,7,TREASURE (트레저),THE FIRST STEP : TREASURE EFFECT,2439.0
2023-02-12,2023-02-18,2023,7,TREASURE (트레저),THE SECOND STEP : CHAPTER ONE,2721.0
2023-02-12,2023-02-18,2023,7,TREASURE (트레저),THE SECOND STEP : CHAPTER TWO,2824.0
2023-02-12,2023-02-18,2023,7,검정치마 (The Black Skirts),TEAM BABY (LP),2984.0
2023-02-12,2023-02-18,2023,7,방탄소년단,LOVE YOURSELF 轉 `Tear`,1678.0
2023-02-12,2023-02-18,2023,7,방탄소년단,MAP OF THE SOUL : 7,1562.0
2023-02-12,2023-02-18,2023,7,방탄소년단,MAP OF THE SOUL : PERSONA,2357.0
2023-02-12,2023-02-18,2023,7,방탄소년단,화양연화 pt.2,1414.0
2023-02-12,2023-02-18,2023,7,부석순 (SEVENTEEN),1st Single Album `SECOND WIND`,105661.0
2023-02-12,2023-02-18,2023,7,부석순 (SEVENTEEN),1st Single Album `SECOND WIND` (KiT),20033.0
2023-02-12,2023-02-18,2023,7,세븐틴,3RD ALBUM ‘An Ode’,5650.0
2023-02-12,2023-02-18,2023,7,세븐틴,4th Album Repackage `SECTOR 17`,33609.0
2023-02-12,2023-02-18,2023,7,세븐틴,4th Album Repackage `SECTOR 17` (Weverse),3272.0
2023-02-12,2023-02-18,2023,7,세븐틴,4th Album `Face the Sun`,139549.0
2023-02-12,2023-02-18,2023,7,세븐틴,4th Album `Face the Sun` (Weverse),4342.0
2023-02-12,2023-02-18,2023,7,세븐틴,7th Mini Album `헹가래`,17612.0
2023-02-12,2023-02-18,2023,7,세븐틴,8th Mini Album `Your Choice`,18284.0
2023-02-12,2023-02-18,2023,7,세븐틴,9th Mini Album `Attacca`,18689.0
2023-02-12,2023-02-18,2023,7,세븐틴,Special Album `; [Semicolon]`,3139.0
2023-02-12,2023-02-18,2023,7,투모로우바이투게더,minisode 2: Thursday`s Child,6935.0
2023-02-12,2023-02-18,2023,7,투모로우바이투게더,minisode1 : Blue Hour,10491.0
2023-02-12,2023-02-18,2023,7,투모로우바이투게더,꿈의 장: STAR,3736.0
2023-02-12,2023-02-18,2023,7,투모로우바이투게더,이름의 장: TEMPTATION,143588.0
2023-02-12,2023-02-18,2023,7,투모로우바이투게더,이름의 장: TEMPTATION (Weverse),60390.0
2023-02-12,2023-02-18,2023,7,투모로우바이투게더,혼돈의 장: FIGHT OR ESCAPE,8591.0
2023-02-12,2023-02-18,2023,7,투모로우바이투게더,혼돈의 장: FREEZE,3162.0
2023-02-19,2023-02-25,2023,8,BLACKPINK,BORN PINK,4530.0
2023-02-19,2023-02-25,2023,8,BLACKPINK,KILL THIS LOVE,2510.0
2023-02-19,2023-02-25,2023,8,BLACKPINK,THE ALBUM,2133.0
2023-02-19,2023-02-25,2023,8,LE SSERAFIM (르세라핌),ANTIFRAGILE,33169.0
2023-02-19,2023-02-25,2023,8,LE SSERAFIM (르세라핌),ANTIFRAGILE (Weverse),9715.0
2023-02-19,2023-02-25,2023,8,LE SSERAFIM (르세라핌),FEARLESS,3028.0
2023-02-19,2023-02-25,2023,8,NewJeans,1st EP `New Jeans` (Weverse),7244.0
2023-02-19,2023-02-25,2023,8,NewJeans,`OMG`,144552.0
2023-02-19,2023-02-25,2023,8,NewJeans,`OMG` (Weverse),65129.0
2023-02-19,2023-02-25,2023,8,RM,Indigo (Weverse),978.0
2023-02-19,2023-02-25,2023,8,TREASURE (트레저),THE FIRST STEP : TREASURE EFFECT,1009.0
2023-02-19,2023-02-25,2023,8,TREASURE (트레저),THE SECOND STEP : CHAPTER ONE,1552.0
2023-02-19,2023-02-25,2023,8,방탄소년단,BE,997.0
2023-02-19,2023-02-25,2023,8,방탄소년단,Butter,1578.0
2023-02-19,2023-02-25,2023,8,방탄소년단,LOVE YOURSELF 承 `Her`,1479.0
2023-02-19,2023-02-25,2023,8,방탄소년단,LOVE YOURSELF 結 `Answer`,2498.0
2023-02-19,2023-02-25,2023,8,방탄소년단,LOVE YOURSELF 轉 `Tear`,2264.0
2023-02-19,2023-02-25,2023,8,방탄소년단,MAP OF THE SOUL : PERSONA,2946.0
2023-02-19,2023-02-25,2023,8,방탄소년단,WINGS,1286.0
2023-02-19,2023-02-25,2023,8,방탄소년단,YOU NEVER WALK ALONE,1227.0
2023-02-19,2023-02-25,2023,8,방탄소년단,화양연화 Young Forever,1587.0
2023-02-19,2023-02-25,2023,8,방탄소년단,화양연화 pt.1,1190.0
2023-02-19,2023-02-25,2023,8,방탄소년단,화양연화 pt.2,2166.0
2023-02-19,2023-02-25,2023,8,부석순 (SEVENTEEN),1st Single Album `SECOND WIND`,45438.0
2023-02-19,2023-02-25,2023,8,부석순 (SEVENTEEN),1st Single Album `SECOND WIND` (Weverse),46483.0
2023-02-19,2023-02-25,2023,8,세븐틴,3RD ALBUM ‘An Ode’,5000.0
2023-02-19,2023-02-25,2023,8,세븐틴,4th Album Repackage `SECTOR 17`,5207.0
2023-02-19,2023-02-25,2023,8,세븐틴,4th Album Repackage `SECTOR 17` (Weverse),4117.0
2023-02-19,2023-02-25,2023,8,세븐틴,4th Album `Face the Sun`,22135.0
2023-02-19,2023-02-25,2023,8,세븐틴,8th Mini Album `Your Choice`,3731.0
2023-02-19,2023-02-25,2023,8,세븐틴,9th Mini Album `Attacca`,5245.0
2023-02-19,2023-02-25,2023,8,세븐틴,Special Album `; [Semicolon]`,4479.0
2023-02-19,2023-02-25,2023,8,투모로우바이투게더,minisode 2: Thursday`s Child,6256.0
2023-02-19,2023-02-25,2023,8,투모로우바이투게더,minisode1 : Blue Hour,6204.0
2023-02-19,2023-02-25,2023,8,투모로우바이투게더,꿈의 장: MAGIC,1033.0
2023-02-19,2023-02-25,2023,8,투모로우바이투게더,이름의 장: TEMPTATION,103656.0
2023-02-19,2023-02-25,2023,8,투모로우바이투게더,이름의 장: TEMPTATION (Weverse),25576.0
2023-02-19,2023-02-25,2023,8,투모로우바이투게더,혼돈의 장: FIGHT OR ESCAPE,5749.0
2023-02-19,2023-02-25,2023,8,투모로우바이투게더,혼돈의 장: FREEZE,3785.0
2023-02-26,2023-03-04,2023,9,BLACKPINK,BORN PINK,14846.0
2023-02-26,2023-03-04,2023,9,BLACKPINK,KILL THIS LOVE,3984.0
2023-02-26,2023-03-04,2023,9,BLACKPINK,SPECIAL EDITION [How You Like That],2660.0
2023-02-26,2023-03-04,2023,9,BLACKPINK,SQUARE UP,3187.0
2023-02-26,2023-03-04,2023,9,BLACKPINK,THE ALBUM,5620.0
2023-02-26,2023-03-04,2023,9,LE SSERAFIM (르세라핌),ANTIFRAGILE,14926.0
2023-02-26,2023-03-04,2023,9,LE SSERAFIM (르세라핌),ANTIFRAGILE (Weverse),2499.0
2023-02-26,2023-03-04,2023,9,LE SSERAFIM (르세라핌),FEARLESS,2321.0
2023-02-26,2023-03-04,2023,9,NewJeans,1st EP `New Jeans` (Weverse),12890.0
2023-02-26,2023-03-04,2023,9,NewJeans,`OMG`,3516.0
2023-02-26,2023-03-04,2023,9,NewJeans,`OMG` (Weverse),15729.0
2023-02-26,2023-03-04,2023,9,TREASURE (트레저),THE FIRST STEP : CHAPTER ONE,1843.0
2023-02-26,2023-03-04,2023,9,TREASURE (트레저),THE FIRST STEP : CHAPTER THREE,1424.0
2023-02-26,2023-03-04,2023,9,TREASURE (트레저),THE FIRST STEP : CHAPTER TWO,1755.0
2023-02-26,2023-03-04,2023,9,TREASURE (트레저),THE FIRST STEP : TREASURE EFFECT,3108.0
2023-02-26,2023-03-04,2023,9,TREASURE (트레저),THE SECOND STEP : CHAPTER ONE,1178.0
2023-02-26,2023-03-04,2023,9,TREASURE (트레저),THE SECOND STEP : CHAPTER TWO,2987.0
2023-02-26,2023-03-04,2023,9,로제 (ROSE),R,13808.0
2023-02-26,2023-03-04,2023,9,리사 (LISA),LALISA,2766.0
2023-02-26,2023-03-04,2023,9,방탄소년단,LOVE YOURSELF 承 `Her`,1605.0
2023-02-26,2023-03-04,2023,9,방탄소년단,LOVE YOURSELF 結 `Answer`,1883.0
2023-02-26,2023-03-04,2023,9,방탄소년단,LOVE YOURSELF 轉 `Tear`,1206.0
2023-02-26,2023-03-04,2023,9,방탄소년단,MAP OF THE SOUL : 7,1460.0
2023-02-26,2023-03-04,2023,9,방탄소년단,MAP OF THE SOUL : PERSONA,1999.0
2023-02-26,2023-03-04,2023,9,방탄소년단,Skool Luv Affair,1501.0
2023-02-26,2023-03-04,2023,9,방탄소년단,WINGS,1118.0
2023-02-26,2023-03-04,2023,9,부석순 (SEVENTEEN),1st Single Album `SECOND WIND`,2357.0
2023-02-26,2023-03-04,2023,9,부석순 (SEVENTEEN),1st Single Album `SECOND WIND` (Weverse),4313.0
2023-02-26,2023-03-04,2023,9,세븐틴,3RD ALBUM ‘An Ode’,2556.0
2023-02-26,2023-03-04,2023,9,세븐틴,4th Album Repackage `SECTOR 17`,3484.0
2023-02-26,2023-03-04,2023,9,세븐틴,4th Album Repackage `SECTOR 17` (Weverse),1198.0
2023-02-26,2023-03-04,2023,9,세븐틴,4th Album `Face the Sun`,19485.0
2023-02-26,2023-03-04,2023,9,세븐틴,4th Album `Face the Sun` (Weverse),4636.0
2023-02-26,2023-03-04,2023,9,세븐틴,8th Mini Album `Your Choice`,3686.0
2023-02-26,2023-03-04,2023,9,세븐틴,9th Mini Album `Attacca`,3774.0
2023-02-26,2023-03-04,2023,9,세븐틴,Special Album `; [Semicolon]`,2039.0
2023-02-26,2023-03-04,2023,9,제니 (JENNIE),SOLO,4151.0
2023-02-26,2023-03-04,2023,9,투모로우바이투게더,minisode 2: Thursday`s Child,5570.0
2023-02-26,2023-03-04,2023,9,투모로우바이투게더,minisode1 : Blue Hour,1580.0
2023-02-26,2023-03-04,2023,9,투모로우바이투게더,꿈의 장: ETERNITY,1545.0
2023-02-26,2023-03-04,2023,9,투모로우바이투게더,꿈의 장: MAGIC,1931.0
2023-02-26,2023-03-04,2023,9,투모로우바이투게더,꿈의 장: STAR,1727.0
2023-02-26,2023-03-04,2023,9,투모로우바이투게더,이름의 장: TEMPTATION,3246.0
2023-02-26,2023-03-04,2023,9,투모로우바이투게더,이름의 장: TEMPTATION (Weverse),12587.0
2023-02-26,2023-03-04,2023,9,투모로우바이투게더,혼돈의 장: FIGHT OR ESCAPE,8080.0
2023-02-26,2023-03-04,2023,9,투모로우바이투게더,혼돈의 장: FREEZE,2821.0
2023-02-26,2023-03-04,2023,9,황민현,`Truth or Lie` - 1st MINI ALBUM,63050.0
2023-02-26,2023-03-04,2023,9,황민현,`Truth or Lie` - 1st MINI ALBUM (Weverse),11463.0
2023-03-05,2023-03-11,2023,10,BLACKPINK,BORN PINK,3179.0
2023-03-05,2023-03-11,2023,10,BLACKPINK,KILL THIS LOVE,2240.0
2023-03-05,2023-03-11,2023,10,BLACKPINK,SQUARE UP,1364.0
2023-03-05,2023-03-11,2023,10,BLACKPINK,THE ALBUM,1168.0
2023-03-05,2023-03-11,2023,10,LE SSERAFIM (르세라핌),ANTIFRAGILE,41232.0
2023-03-05,2023-03-11,2023,10,LE SSERAFIM (르세라핌),ANTIFRAGILE (Weverse),1850.0
2023-03-05,2023-03-11,2023,10,LE SSERAFIM (르세라핌),FEARLESS,7460.0
2023-03-05,2023-03-11,2023,10,NewJeans,1st EP `New Jeans` (Weverse),6089.0
2023-03-05,2023-03-11,2023,10,NewJeans,`OMG`,15138.0
2023-03-05,2023-03-11,2023,10,NewJeans,`OMG` (Weverse),7067.0
2023-03-05,2023-03-11,2023,10,TREASURE (트레저),THE SECOND STEP : CHAPTER ONE,1594.0
2023-03-05,2023-03-11,2023,10,TREASURE (트레저),THE SECOND STEP : CHAPTER TWO,1534.0
2023-03-05,2023-03-11,2023,10,Various Artists,일타 스캔들 OST,1257.0
2023-03-05,2023-03-11,2023,10,로제 (ROSE),R,4192.0
2023-03-05,2023-03-11,2023,10,방탄소년단,Butter,1604.0
2023-03-05,2023-03-11,2023,10,방탄소년단,LOVE YOURSELF 承 `Her`,1872.0
2023-03-05,2023-03-11,2023,10,방탄소년단,LOVE YOURSELF 結 `Answer`,1272.0
2023-03-05,2023-03-11,2023,10,방탄소년단,LOVE YOURSELF 轉 `Tear`,2584.0
2023-03-05,2023-03-11,2023,10,방탄소년단,MAP OF THE SOUL : 7,2194.0
2023-03-05,2023-03-11,2023,10,방탄소년단,MAP OF THE SOUL : PERSONA,2264.0
2023-03-05,2023-03-11,2023,10,방탄소년단,YOU NEVER WALK ALONE,976.0
2023-03-05,2023-03-11,2023,10,방탄소년단,화양연화 pt.2,1038.0
2023-03-05,2023-03-11,2023,10,부석순 (SEVENTEEN),1st Single Album `SECOND WIND` (Weverse),3938.0
2023-03-05,2023-03-11,2023,10,세븐틴,3RD ALBUM ‘An Ode’,29128.0
2023-03-05,2023-03-11,2023,10,세븐틴,4th Album Repackage `SECTOR 17`,6686.0
2023-03-05,2023-03-11,2023,10,세븐틴,4th Album Repackage `SECTOR 17` (Weverse),3205.0
2023-03-05,2023-03-11,2023,10,세븐틴,4th Album `Face the Sun`,4880.0
2023-03-05,2023-03-11,2023,10,세븐틴,4th Album `Face the Sun` (Weverse),20035.0
2023-03-05,2023-03-11,2023,10,세븐틴,8th Mini Album `Your Choice`,6778.0
2023-03-05,2023-03-11,2023,10,세븐틴,9th Mini Album `Attacca`,39984.0
2023-03-05,2023-03-11,2023,10,세븐틴,Special Album `; [Semicolon]`,1920.0
2023-03-05,2023-03-11,2023,10,제니 (JENNIE),SOLO,1986.0
2023-03-05,2023-03-11,2023,10,투모로우바이투게더,minisode 2: Thursday`s Child,3117.0
2023-03-05,2023-03-11,2023,10,투모로우바이투게더,minisode1 : Blue Hour,9630.0
2023-03-05,2023-03-11,2023,10,투모로우바이투게더,꿈의 장: STAR,1030.0
2023-03-05,2023-03-11,2023,10,투모로우바이투게더,이름의 장: TEMPTATION,39640.0
2023-03-05,2023-03-11,2023,10,투모로우바이투게더,이름의 장: TEMPTATION (Weverse),4028.0
2023-03-05,2023-03-11,2023,10,투모로우바이투게더,혼돈의 장: FIGHT OR ESCAPE,4827.0
2023-03-05,2023-03-11,2023,10,투모로우바이투게더,혼돈의 장: FREEZE,1811.0
2023-03-05,2023-03-11,2023,10,황민현,`Truth or Lie` - 1st MINI ALBUM,9208.0
2023-03-05,2023-03-11,2023,10,황민현,`Truth or Lie` - 1st MINI ALBUM (Weverse),5472.0
2023-03-12,2023-03-18,2023,11,BLACKPINK,BORN PINK,6367.0
2023-03-12,2023-03-18,2023,11,BLACKPINK,KILL THIS LOVE,2296.0
2023-03-12,2023-03-18,2023,11,BLACKPINK,SPECIAL EDITION [How You Like That],984.0
2023-03-12,2023-03-18,2023,11,BLACKPINK,SQUARE UP,2439.0
2023-03-12,2023-03-18,2023,11,BLACKPINK,THE ALBUM,3460.0
2023-03-12,2023-03-18,2023,11,LE SSERAFIM (르세라핌),ANTIFRAGILE,13566.0
2023-03-12,2023-03-18,2023,11,LE SSERAFIM (르세라핌),ANTIFRAGILE (Weverse),5920.0
2023-03-12,2023-03-18,2023,11,LE SSERAFIM (르세라핌),FEARLESS,6699.0
2023-03-12,2023-03-18,2023,11,NewJeans,1st EP `New Jeans`,47026.0
2023-03-12,2023-03-18,2023,11,NewJeans,1st EP `New Jeans` (Weverse),2921.0
2023-03-12,2023-03-18,2023,11,NewJeans,`OMG`,8015.0
2023-03-12,2023-03-18,2023,11,NewJeans,`OMG` (Weverse),2454.0
2023-03-12,2023-03-18,2023,11,TREASURE (트레저),THE FIRST STEP : CHAPTER ONE,986.0
2023-03-12,2023-03-18,2023,11,TREASURE (트레저),THE FIRST STEP : CHAPTER TWO,1253.0
2023-03-12,2023-03-18,2023,11,TREASURE (트레저),THE FIRST STEP : TREASURE EFFECT,2590.0
2023-03-12,2023-03-18,2023,11,TREASURE (트레저),THE SECOND STEP : CHAPTER ONE,2179.0
2023-03-12,2023-03-18,2023,11,TREASURE (트레저),THE SECOND STEP : CHAPTER TWO,11268.0
2023-03-12,2023-03-18,2023,11,로제 (ROSE),R,21667.0
2023-03-12,2023-03-18,2023,11,리사 (LISA),LALISA,1373.0
2023-03-12,2023-03-18,2023,11,방탄소년단,Butter,5276.0
2023-03-12,2023-03-18,2023,11,방탄소년단,LOVE YOURSELF 承 `Her`,2950.0
2023-03-12,2023-03-18,2023,11,방탄소년단,LOVE YOURSELF 轉 `Tear`,2824.0
2023-03-12,2023-03-18,2023,11,방탄소년단,MAP OF THE SOUL : PERSONA,1748.0
2023-03-12,2023-03-18,2023,11,방탄소년단,"O!RUL8,2?",1097.0
2023-03-12,2023-03-18,2023,11,방탄소년단,Proof,5458.0
2023-03-12,2023-03-18,2023,11,방탄소년단,화양연화 Young Forever,1124.0
2023-03-12,2023-03-18,2023,11,방탄소년단,화양연화 pt.2,1104.0
2023-03-12,2023-03-18,2023,11,부석순 (SEVENTEEN),1st Single Album `SECOND WIND`,2352.0
2023-03-12,2023-03-18,2023,11,세븐틴,3RD ALBUM ‘An Ode’,3615.0
2023-03-12,2023-03-18,2023,11,세븐틴,4th Album Repackage `SECTOR 17`,3152.0
2023-03-12,2023-03-18,2023,11,세븐틴,4th Album Repackage `SECTOR 17` (Weverse),4068.0
2023-03-12,2023-03-18,2023,11,세븐틴,4th Album `Face the Sun`,5215.0
2023-03-12,2023-03-18,2023,11,세븐틴,4th Album `Face the Sun` (Weverse),2374.0
2023-03-12,2023-03-18,2023,11,세븐틴,7th Mini Album `헹가래`,46626.0
2023-03-12,2023-03-18,2023,11,세븐틴,8th Mini Album `Your Choice`,2996.0
2023-03-12,2023-03-18,2023,11,세븐틴,9th Mini Album `Attacca`,30649.0
2023-03-12,2023-03-18,2023,11,세븐틴,Special Album `; [Semicolon]`,2198.0
2023-03-12,2023-03-18,2023,11,제니 (JENNIE),SOLO,1119.0
2023-03-12,2023-03-18,2023,11,투모로우바이투게더,minisode 2: Thursday`s Child,3387.0
2023-03-12,2023-03-18,2023,11,투모로우바이투게더,minisode1 : Blue Hour,1975.0
2023-03-12,2023-03-18,2023,11,투모로우바이투게더,꿈의 장: ETERNITY,1012.0
2023-03-12,2023-03-18,2023,11,투모로우바이투게더,꿈의 장: MAGIC,1354.0
2023-03-12,2023-03-18,2023,11,투모로우바이투게더,꿈의 장: STAR,1028.0
2023-03-12,2023-03-18,2023,11,투모로우바이투게더,이름의 장: TEMPTATION,11084.0
2023-03-12,2023-03-18,2023,11,투모로우바이투게더,이름의 장: TEMPTATION (Weverse),13854.0
2023-03-12,2023-03-18,2023,11,투모로우바이투게더,혼돈의 장: FIGHT OR ESCAPE,6222.0
2023-03-12,2023-03-18,2023,11,투모로우바이투게더,혼돈의 장: FREEZE,3693.0
2023-03-12,2023-03-18,2023,11,황민현,`Truth or Lie` - 1st MINI ALBUM,1612.0
2023-03-19,2023-03-25,2023,12,BLACKPINK,BORN PINK,3976.0
2023-03-19,2023-03-25,2023,12,BLACKPINK,SPECIAL EDITION [How You Like That],655.0
2023-03-19,2023-03-25,2023,12,BLACKPINK,THE ALBUM,1459.0
2023-03-19,2023-03-25,2023,12,LE SSERAFIM (르세라핌),ANTIFRAGILE,4568.0
2023-03-19,2023-03-25,2023,12,LE SSERAFIM (르세라핌),ANTIFRAGILE (Weverse),1360.0
2023-03-19,2023-03-25,2023,12,LE SSERAFIM (르세라핌),FEARLESS,1888.0
2023-03-19,2023-03-25,2023,12,NewJeans,1st EP `New Jeans`,1729.0
2023-03-19,2023-03-25,2023,12,NewJeans,1st EP `New Jeans` (Weverse),5892.0
2023-03-19,2023-03-25,2023,12,NewJeans,`OMG`,1628.0
2023-03-19,2023-03-25,2023,12,NewJeans,`OMG` (Weverse),2960.0
2023-03-19,2023-03-25,2023,12,Various Artists,나의 해방일지 OST (LP),2277.0
2023-03-19,2023-03-25,2023,12,리사 (LISA),LALISA,999.0
2023-03-19,2023-03-25,2023,12,방탄소년단,2 Cool 4 Skool,1466.0
2023-03-19,2023-03-25,2023,12,방탄소년단,DARK&WILD,1729.0
2023-03-19,2023-03-25,2023,12,방탄소년단,LOVE YOURSELF 承 `Her`,908.0
2023-03-19,2023-03-25,2023,12,방탄소년단,LOVE YOURSELF 結 `Answer`,704.0
2023-03-19,2023-03-25,2023,12,방탄소년단,LOVE YOURSELF 轉 `Tear`,752.0
2023-03-19,2023-03-25,2023,12,방탄소년단,MAP OF THE SOUL : 7,1218.0
2023-03-19,2023-03-25,2023,12,방탄소년단,MAP OF THE SOUL : PERSONA,808.0
2023-03-19,2023-03-25,2023,12,방탄소년단,"O!RUL8,2?",1506.0
2023-03-19,2023-03-25,2023,12,방탄소년단,Proof,694.0
2023-03-19,2023-03-25,2023,12,방탄소년단,Skool Luv Affair,1862.0
2023-03-19,2023-03-25,2023,12,방탄소년단,WINGS,2560.0
2023-03-19,2023-03-25,2023,12,방탄소년단,화양연화 pt.1,821.0
2023-03-19,2023-03-25,2023,12,방탄소년단,화양연화 pt.2,1209.0
2023-03-19,2023-03-25,2023,12,부석순 (SEVENTEEN),1st Single Album `SECOND WIND` (Weverse),1160.0
2023-03-19,2023-03-25,2023,12,세븐틴,3RD ALBUM ‘An Ode’,3500.0
2023-03-19,2023-03-25,2023,12,세븐틴,4th Album Repackage `SECTOR 17`,5956.0
2023-03-19,2023-03-25,2023,12,세븐틴,4th Album Repackage `SECTOR 17` (Weverse),2883.0
2023-03-19,2023-03-25,2023,12,세븐틴,4th Album `Face the Sun`,101639.0
2023-03-19,2023-03-25,2023,12,세븐틴,4th Album `Face the Sun` (Weverse),4874.0
2023-03-19,2023-03-25,2023,12,세븐틴,7th Mini Album `헹가래`,3405.0
2023-03-19,2023-03-25,2023,12,세븐틴,8th Mini Album `Your Choice`,18114.0
2023-03-19,2023-03-25,2023,12,세븐틴,9th Mini Album `Attacca`,18546.0
2023-03-19,2023-03-25,2023,12,세븐틴,Special Album `; [Semicolon]`,792.0
2023-03-19,2023-03-25,2023,12,제니 (JENNIE),SOLO,1007.0
2023-03-19,2023-03-25,2023,12,지민,FACE,1099988.0
2023-03-19,2023-03-25,2023,12,지민,FACE (Weverse),249783.0
2023-03-19,2023-03-25,2023,12,투모로우바이투게더,minisode 2: Thursday`s Child,3231.0
2023-03-19,2023-03-25,2023,12,투모로우바이투게더,minisode1 : Blue Hour,1267.0
2023-03-19,2023-03-25,2023,12,투모로우바이투게더,꿈의 장: MAGIC,1074.0
2023-03-19,2023-03-25,2023,12,투모로우바이투게더,이름의 장: TEMPTATION,103656.0
2023-03-19,2023-03-25,2023,12,투모로우바이투게더,이름의 장: TEMPTATION (Weverse),3240.0
2023-03-19,2023-03-25,2023,12,투모로우바이투게더,혼돈의 장: FIGHT OR ESCAPE,3306.0
2023-03-19,2023-03-25,2023,12,투모로우바이투게더,혼돈의 장: FREEZE,1251.0
2023-03-26,2023-04-01,2023,13,BLACKPINK,BORN PINK,5390.0
2023-03-26,2023-04-01,2023,13,BLACKPINK,KILL THIS LOVE,1462.0
2023-03-26,2023-04-01,2023,13,BLACKPINK,SQUARE UP,816.0
2023-03-26,2023-04-01,2023,13,BLACKPINK,THE ALBUM,1782.0
2023-03-26,2023-04-01,2023,13,LE SSERAFIM (르세라핌),ANTIFRAGILE,3777.0
2023-03-26,2023-04-01,2023,13,LE SSERAFIM (르세라핌),ANTIFRAGILE (Weverse),2056.0
2023-03-26,2023-04-01,2023,13,LE SSERAFIM (르세라핌),FEARLESS,1589.0
2023-03-26,2023-04-01,2023,13,NewJeans,1st EP `New Jeans`,3145.0
2023-03-26,2023-04-01,2023,13,NewJeans,1st EP `New Jeans` (Weverse),4547.0
2023-03-26,2023-04-01,2023,13,NewJeans,`OMG`,9417.0
2023-03-26,2023-04-01,2023,13,NewJeans,`OMG` (Weverse),2797.0
2023-03-26,2023-04-01,2023,13,RM,Indigo,1308.0
2023-03-26,2023-04-01,2023,13,RM,Indigo (Weverse),768.0
2023-03-26,2023-04-01,2023,13,TREASURE (트레저),THE FIRST STEP : CHAPTER ONE,1297.0
2023-03-26,2023-04-01,2023,13,TREASURE (트레저),THE FIRST STEP : CHAPTER THREE,1220.0
2023-03-26,2023-04-01,2023,13,TREASURE (트레저),THE FIRST STEP : CHAPTER TWO,1111.0
2023-03-26,2023-04-01,2023,13,TREASURE (트레저),THE FIRST STEP : TREASURE EFFECT,2726.0
2023-03-26,2023-04-01,2023,13,TREASURE (트레저),THE SECOND STEP : CHAPTER ONE,2560.0
2023-03-26,2023-04-01,2023,13,TREASURE (트레저),THE SECOND STEP : CHAPTER TWO,1433.0
2023-03-26,2023-04-01,2023,13,lobonabeat!,Trapstar Lifestyle,1000.0
2023-03-26,2023-04-01,2023,13,리사 (LISA),LALISA,806.0
2023-03-26,2023-04-01,2023,13,방탄소년단,2 Cool 4 Skool,945.0
2023-03-26,2023-04-01,2023,13,방탄소년단,BE,1303.0
2023-03-26,2023-04-01,2023,13,방탄소년단,Butter,1365.0
2023-03-26,2023-04-01,2023,13,방탄소년단,DARK&WILD,1031.0
2023-03-26,2023-04-01,2023,13,방탄소년단,LOVE YOURSELF 承 `Her`,1478.0
2023-03-26,2023-04-01,2023,13,방탄소년단,LOVE YOURSELF 結 `Answer`,2008.0
2023-03-26,2023-04-01,2023,13,방탄소년단,LOVE YOURSELF 轉 `Tear`,1737.0
2023-03-26,2023-04-01,2023,13,방탄소년단,MAP OF THE SOUL : 7,1310.0
2023-03-26,2023-04-01,2023,13,방탄소년단,MAP OF THE SOUL : PERSONA,2538.0
2023-03-26,2023-04-01,2023,13,방탄소년단,"O!RUL8,2?",1179.0
2023-03-26,2023-04-01,2023,13,방탄소년단,Skool Luv Affair,1254.0
2023-03-26,2023-04-01,2023,13,방탄소년단,WINGS,1046.0
2023-03-26,2023-04-01,2023,13,방탄소년단,YOU NEVER WALK ALONE,1446.0
2023-03-26,2023-04-01,2023,13,방탄소년단,화양연화 Young Forever,1293.0
2023-03-26,2023-04-01,2023,13,방탄소년단,화양연화 pt.1,1343.0
2023-03-26,2023-04-01,2023,13,방탄소년단,화양연화 pt.2,1712.0
2023-03-26,2023-04-01,2023,13,세븐틴,3RD ALBUM ‘An Ode’,3024.0
2023-03-26,2023-04-01,2023,13,세븐틴,4th Album Repackage `SECTOR 17`,30180.0
2023-03-26,2023-04-01,2023,13,세븐틴,4th Album `Face the Sun`,21450.0
2023-03-26,2023-04-01,2023,13,세븐틴,4th Album `Face the Sun` (Weverse),1267.0
2023-03-26,2023-04-01,2023,13,세븐틴,7th Mini Album `헹가래`,4352.0
2023-03-26,2023-04-01,2023,13,세븐틴,8th Mini Album `Your Choice`,3325.0
2023-03-26,2023-04-01,2023,13,세븐틴,9th Mini Album `Attacca`,8582.0
2023-03-26,2023-04-01,2023,13,제니 (JENNIE),SOLO,864.0
2023-03-26,2023-04-01,2023,13,지민,FACE,156320.0
2023-03-26,2023-04-01,2023,13,지민,FACE (Weverse),67795.0
2023-03-26,2023-04-01,2023,13,지수 (JISOO),ME,875922.0
2023-03-26,2023-04-01,2023,13,지수 (JISOO),ME (KiT),69520.0
2023-03-26,2023-04-01,2023,13,지수 (JISOO),ME (Nemo),88632.0
2023-03-26,2023-04-01,2023,13,투모로우바이투게더,minisode 2: Thursday`s Child,3152.0
2023-03-26,2023-04-01,2023,13,투모로우바이투게더,minisode1 : Blue Hour,2734.0
2023-03-26,2023-04-01,2023,13,투모로우바이투게더,꿈의 장: ETERNITY,750.0
2023-03-26,2023-04-01,2023,13,투모로우바이투게더,꿈의 장: MAGIC,1074.0
2023-03-26,2023-04-01,2023,13,투모로우바이투게더,꿈의 장: STAR,760.0
2023-03-26,2023-04-01,2023,13,투모로우바이투게더,이름의 장: TEMPTATION,6018.0
2023-03-26,2023-04-01,2023,13,투모로우바이투게더,이름의 장: TEMPTATION (Weverse),4680.0
2023-03-26,2023-04-01,2023,13,투모로우바이투게더,혼돈의 장: FIGHT OR ESCAPE,3307.0
2023-03-26,2023-04-01,2023,13,투모로우바이투게더,혼돈의 장: FREEZE,860.0
2023-04-02,2023-04-08,2023,14,BLACKPINK,BORN PINK,4770.0
2023-04-02,2023-04-08,2023,14,BLACKPINK,KILL THIS LOVE,1390.0
2023-04-02,2023-04-08,2023,14,BLACKPINK,THE ALBUM,2470.0
2023-04-02,2023-04-08,2023,14,LE SSERAFIM (르세라핌),ANTIFRAGILE,6186.0
2023-04-02,2023-04-08,2023,14,LE SSERAFIM (르세라핌),ANTIFRAGILE (Weverse),2020.0
2023-04-02,2023-04-08,2023,14,LE SSERAFIM (르세라핌),FEARLESS,1868.0
2023-04-02,2023-04-08,2023,14,NewJeans,1st EP `New Jeans`,2486.0
2023-04-02,2023-04-08,2023,14,NewJeans,1st EP `New Jeans` (Weverse),6638.0
2023-04-02,2023-04-08,2023,14,NewJeans,`OMG`,4024.0
2023-04-02,2023-04-08,2023,14,NewJeans,`OMG` (Weverse),3280.0
2023-04-02,2023-04-08,2023,14,PLAVE,ASTERUM (POCA),5000.0
2023-04-02,2023-04-08,2023,14,RM,Indigo,1298.0
2023-04-02,2023-04-08,2023,14,리사 (LISA),LALISA,1367.0
2023-04-02,2023-04-08,2023,14,방탄소년단,2 Cool 4 Skool,1450.0
2023-04-02,2023-04-08,2023,14,방탄소년단,BE,1116.0
2023-04-02,2023-04-08,2023,14,방탄소년단,Butter,1862.0
2023-04-02,2023-04-08,2023,14,방탄소년단,LOVE YOURSELF 承 `Her`,2380.0
2023-04-02,2023-04-08,2023,14,방탄소년단,LOVE YOURSELF 結 `Answer`,1900.0
2023-04-02,2023-04-08,2023,14,방탄소년단,LOVE YOURSELF 轉 `Tear`,3144.0
2023-04-02,2023-04-08,2023,14,방탄소년단,MAP OF THE SOUL : 7,1628.0
2023-04-02,2023-04-08,2023,14,방탄소년단,MAP OF THE SOUL : PERSONA,1906.0
2023-04-02,2023-04-08,2023,14,방탄소년단,"O!RUL8,2?",1185.0
2023-04-02,2023-04-08,2023,14,방탄소년단,Proof,1808.0
2023-04-02,2023-04-08,2023,14,방탄소년단,Skool Luv Affair,1427.0
2023-04-02,2023-04-08,2023,14,방탄소년단,WINGS,2014.0
2023-04-02,2023-04-08,2023,14,방탄소년단,YOU NEVER WALK ALONE,2016.0
2023-04-02,2023-04-08,2023,14,방탄소년단,화양연화 Young Forever,2485.0
2023-04-02,2023-04-08,2023,14,방탄소년단,화양연화 pt.1,1350.0
2023-04-02,2023-04-08,2023,14,방탄소년단,화양연화 pt.2,1933.0
2023-04-02,2023-04-08,2023,14,부석순 (SEVENTEEN),1st Single Album `SECOND WIND` (Weverse),1270.0
2023-04-02,2023-04-08,2023,14,세븐틴,3RD ALBUM ‘An Ode’,2375.0
2023-04-02,2023-04-08,2023,14,세븐틴,4th Album Repackage `SECTOR 17`,8021.0
2023-04-02,2023-04-08,2023,14,세븐틴,4th Album Repackage `SECTOR 17` (Weverse),1126.0
2023-04-02,2023-04-08,2023,14,세븐틴,4th Album `Face the Sun`,8063.0
2023-04-02,2023-04-08,2023,14,세븐틴,4th Album `Face the Sun` (Weverse),1262.0
2023-04-02,2023-04-08,2023,14,세븐틴,7th Mini Album `헹가래`,1461.0
2023-04-02,2023-04-08,2023,14,세븐틴,8th Mini Album `Your Choice`,1520.0
2023-04-02,2023-04-08,2023,14,세븐틴,9th Mini Album `Attacca`,4344.0
2023-04-02,2023-04-08,2023,14,세븐틴,Special Album `; [Semicolon]`,1366.0
2023-04-02,2023-04-08,2023,14,지민,FACE,9765.0
2023-04-02,2023-04-08,2023,14,지민,FACE (Weverse),7945.0
2023-04-02,2023-04-08,2023,14,지수 (JISOO),ME,89970.0
2023-04-02,2023-04-08,2023,14,지수 (JISOO),ME (KiT),28078.0
2023-04-02,2023-04-08,2023,14,투모로우바이투게더,minisode 2: Thursday`s Child,2679.0
2023-04-02,2023-04-08,2023,14,투모로우바이투게더,minisode1 : Blue Hour,2704.0
2023-04-02,2023-04-08,2023,14,투모로우바이투게더,꿈의 장: ETERNITY,2050.0
2023-04-02,2023-04-08,2023,14,투모로우바이투게더,꿈의 장: MAGIC,1659.0
2023-04-02,2023-04-08,2023,14,투모로우바이투게더,꿈의 장: STAR,1806.0
2023-04-02,2023-04-08,2023,14,투모로우바이투게더,이름의 장: TEMPTATION,40435.0
2023-04-02,2023-04-08,2023,14,투모로우바이투게더,이름의 장: TEMPTATION (Weverse),4686.0
2023-04-02,2023-04-08,2023,14,투모로우바이투게더,혼돈의 장: FIGHT OR ESCAPE,4650.0
2023-04-02,2023-04-08,2023,14,투모로우바이투게더,혼돈의 장: FREEZE,1236.0
2023-04-09,2023-04-15,2023,15,BLACKPINK,BORN PINK,3776.0
2023-04-09,2023-04-15,2023,15,BLACKPINK,KILL THIS LOVE,1146.0
2023-04-09,2023-04-15,2023,15,BLACKPINK,SPECIAL EDITION [How You Like That],1086.0
2023-04-09,2023-04-15,2023,15,BLACKPINK,SQUARE UP,1423.0
2023-04-09,2023-04-15,2023,15,BLACKPINK,THE ALBUM,1144.0
2023-04-09,2023-04-15,2023,15,LE SSERAFIM (르세라핌),ANTIFRAGILE,2891.0
2023-04-09,2023-04-15,2023,15,LE SSERAFIM (르세라핌),ANTIFRAGILE (Weverse),1070.0
2023-04-09,2023-04-15,2023,15,LE SSERAFIM (르세라핌),FEARLESS,2120.0
2023-04-09,2023-04-15,2023,15,NewJeans,1st EP `New Jeans`,3600.0
2023-04-09,2023-04-15,2023,15,NewJeans,1st EP `New Jeans` (Weverse),3888.0
2023-04-09,2023-04-15,2023,15,NewJeans,`OMG`,1510.0
2023-04-09,2023-04-15,2023,15,NewJeans,`OMG` (Weverse),2500.0
2023-04-09,2023-04-15,2023,15,PLAVE,ASTERUM (POCA),10000.0
2023-04-09,2023-04-15,2023,15,TREASURE (트레저),THE FIRST STEP : CHAPTER THREE,934.0
2023-04-09,2023-04-15,2023,15,TREASURE (트레저),THE SECOND STEP : CHAPTER ONE,961.0
2023-04-09,2023-04-15,2023,15,방탄소년단,LOVE YOURSELF 轉 `Tear`,1216.0
2023-04-09,2023-04-15,2023,15,방탄소년단,"O!RUL8,2?",2270.0
2023-04-09,2023-04-15,2023,15,방탄소년단,Proof,2331.0
2023-04-09,2023-04-15,2023,15,방탄소년단,Skool Luv Affair,1946.0
2023-04-09,2023-04-15,2023,15,방탄소년단,WINGS,2444.0
2023-04-09,2023-04-15,2023,15,부석순 (SEVENTEEN),1st Single Album `SECOND WIND` (Weverse),1321.0
2023-04-09,2023-04-15,2023,15,세븐틴,3RD ALBUM ‘An Ode’,1930.0
2023-04-09,2023-04-15,2023,15,세븐틴,4th Album Repackage `SECTOR 17`,2048.0
2023-04-09,2023-04-15,2023,15,세븐틴,4th Album `Face the Sun`,4136.0
2023-04-09,2023-04-15,2023,15,세븐틴,4th Album `Face the Sun` (Weverse),1473.0
2023-04-09,2023-04-15,2023,15,세븐틴,7th Mini Album `헹가래`,2905.0
2023-04-09,2023-04-15,2023,15,세븐틴,8th Mini Album `Your Choice`,3473.0
2023-04-09,2023-04-15,2023,15,세븐틴,9th Mini Album `Attacca`,3345.0
2023-04-09,2023-04-15,2023,15,세븐틴,Special Album `; [Semicolon]`,1344.0
2023-04-09,2023-04-15,2023,15,제니 (JENNIE),SOLO,954.0
2023-04-09,2023-04-15,2023,15,지민,FACE,1909.0
2023-04-09,2023-04-15,2023,15,지수 (JISOO),ME,37540.0
2023-04-09,2023-04-15,2023,15,지수 (JISOO),ME (Nemo),46280.0
2023-04-09,2023-04-15,2023,15,투모로우바이투게더,minisode 2: Thursday`s Child,1986.0
2023-04-09,2023-04-15,2023,15,투모로우바이투게더,minisode1 : Blue Hour,3093.0
2023-04-09,2023-04-15,2023,15,투모로우바이투게더,꿈의 장: ETERNITY,1234.0
2023-04-09,2023-04-15,2023,15,투모로우바이투게더,꿈의 장: MAGIC,1320.0
2023-04-09,2023-04-15,2023,15,투모로우바이투게더,이름의 장: TEMPTATION,5129.0
2023-04-09,2023-04-15,2023,15,투모로우바이투게더,이름의 장: TEMPTATION (Weverse),1995.0
2023-04-09,2023-04-15,2023,15,투모로우바이투게더,혼돈의 장: FIGHT OR ESCAPE,4178.0
2023-04-09,2023-04-15,2023,15,투모로우바이투게더,혼돈의 장: FREEZE,3670.0
2023-04-16,2023-04-22,2023,16,Agust D,D-DAY,957568.0
2023-04-16,2023-04-22,2023,16,Agust D,D-DAY (Weverse),174767.0
2023-04-16,2023-04-22,2023,16,BLACKPINK,BORN PINK,3528.0
2023-04-16,2023-04-22,2023,16,BLACKPINK,THE ALBUM,1595.0
2023-04-16,2023-04-22,2023,16,LE SSERAFIM (르세라핌),ANTIFRAGILE,2905.0
2023-04-16,2023-04-22,2023,16,LE SSERAFIM (르세라핌),FEARLESS,25230.0
2023-04-16,2023-04-22,2023,16,NewJeans,1st EP `New Jeans`,3478.0
2023-04-16,2023-04-22,2023,16,NewJeans,1st EP `New Jeans` (Weverse),2430.0
2023-04-16,2023-04-22,2023,16,NewJeans,`OMG`,7174.0
2023-04-16,2023-04-22,2023,16,NewJeans,`OMG` (Weverse),6000.0
2023-04-16,2023-04-22,2023,16,PLAVE,ASTERUM (POCA),19678.0
2023-04-16,2023-04-22,2023,16,TREASURE (트레저),THE SECOND STEP : CHAPTER ONE,1630.0
2023-04-16,2023-04-22,2023,16,로제 (ROSE),R,21717.0
2023-04-16,2023-04-22,2023,16,방탄소년단,Butter,6410.0
2023-04-16,2023-04-22,2023,16,방탄소년단,LOVE YOURSELF 承 `Her`,2187.0
2023-04-16,2023-04-22,2023,16,방탄소년단,LOVE YOURSELF 結 `Answer`,1288.0
2023-04-16,2023-04-22,2023,16,방탄소년단,LOVE YOURSELF 轉 `Tear`,1502.0
2023-04-16,2023-04-22,2023,16,방탄소년단,MAP OF THE SOUL : PERSONA,4784.0
2023-04-16,2023-04-22,2023,16,방탄소년단,Proof,1244.0
2023-04-16,2023-04-22,2023,16,방탄소년단,YOU NEVER WALK ALONE,1108.0
2023-04-16,2023-04-22,2023,16,방탄소년단,화양연화 pt.2,1252.0
2023-04-16,2023-04-22,2023,16,세븐틴,3RD ALBUM ‘An Ode’,8065.0
2023-04-16,2023-04-22,2023,16,세븐틴,4th Album Repackage `SECTOR 17`,1346.0
2023-04-16,2023-04-22,2023,16,세븐틴,4th Album `Face the Sun`,10875.0
2023-04-16,2023-04-22,2023,16,세븐틴,4th Album `Face the Sun` (Weverse),1144.0
2023-04-16,2023-04-22,2023,16,세븐틴,7th Mini Album `헹가래`,4820.0
2023-04-16,2023-04-22,2023,16,세븐틴,8th Mini Album `Your Choice`,2825.0
2023-04-16,2023-04-22,2023,16,세븐틴,9th Mini Album `Attacca`,4698.0
2023-04-16,2023-04-22,2023,16,지민,FACE,33616.0
2023-04-16,2023-04-22,2023,16,지민,FACE (Weverse),1610.0
2023-04-16,2023-04-22,2023,16,지수 (JISOO),ME,31309.0
2023-04-16,2023-04-22,2023,16,지수 (JISOO),ME (KiT),2225.0
2023-04-16,2023-04-22,2023,16,지수 (JISOO),ME (Nemo),28548.0
2023-04-16,2023-04-22,2023,16,투모로우바이투게더,minisode 2: Thursday`s Child,3481.0
2023-04-16,2023-04-22,2023,16,투모로우바이투게더,minisode1 : Blue Hour,5451.0
2023-04-16,2023-04-22,2023,16,투모로우바이투게더,꿈의 장: MAGIC,1142.0
2023-04-16,2023-04-22,2023,16,투모로우바이투게더,꿈의 장: STAR,1594.0
2023-04-16,2023-04-22,2023,16,투모로우바이투게더,이름의 장: TEMPTATION,80201.0
2023-04-16,2023-04-22,2023,16,투모로우바이투게더,이름의 장: TEMPTATION (Weverse),5220.0
2023-04-16,2023-04-22,2023,16,투모로우바이투게더,혼돈의 장: FIGHT OR ESCAPE,8820.0
2023-04-16,2023-04-22,2023,16,투모로우바이투게더,혼돈의 장: FREEZE,1495.0
2023-04-23,2023-04-29,2023,17,Agust D,D-DAY,155124.0
2023-04-23,2023-04-29,2023,17,Agust D,D-DAY (Weverse),12500.0
2023-04-23,2023-04-29,2023,17,BLACKPINK,BORN PINK,2794.0
2023-04-23,2023-04-29,2023,17,BLACKPINK,KILL THIS LOVE,1176.0
2023-04-23,2023-04-29,2023,17,BLACKPINK,THE ALBUM,1168.0
2023-04-23,2023-04-29,2023,17,LE SSERAFIM (르세라핌),ANTIFRAGILE,1380.0
2023-04-23,2023-04-29,2023,17,LE SSERAFIM (르세라핌),ANTIFRAGILE (Weverse),1409.0
2023-04-23,2023-04-29,2023,17,LE SSERAFIM (르세라핌),FEARLESS,708.0
2023-04-23,2023-04-29,2023,17,NewJeans,1st EP `New Jeans`,4918.0
2023-04-23,2023-04-29,2023,17,NewJeans,1st EP `New Jeans` (Weverse),2670.0
2023-04-23,2023-04-29,2023,17,NewJeans,`OMG`,2018.0
2023-04-23,2023-04-29,2023,17,NewJeans,`OMG` (Weverse),1985.0
2023-04-23,2023-04-29,2023,17,PLAVE,ASTERUM (POCA),20300.0
2023-04-23,2023-04-29,2023,17,TREASURE (트레저),THE SECOND STEP : CHAPTER TWO,10469.0
2023-04-23,2023-04-29,2023,17,로제 (ROSE),R,1660.0
2023-04-23,2023-04-29,2023,17,리사 (LISA),LALISA,1585.0
2023-04-23,2023-04-29,2023,17,방탄소년단,DARK&WILD,985.0
2023-04-23,2023-04-29,2023,17,방탄소년단,LOVE YOURSELF 承 `Her`,1175.0
2023-04-23,2023-04-29,2023,17,방탄소년단,LOVE YOURSELF 轉 `Tear`,845.0
2023-04-23,2023-04-29,2023,17,방탄소년단,MAP OF THE SOUL : 7,733.0
2023-04-23,2023-04-29,2023,17,방탄소년단,MAP OF THE SOUL : PERSONA,859.0
2023-04-23,2023-04-29,2023,17,방탄소년단,"O!RUL8,2?",2209.0
2023-04-23,2023-04-29,2023,17,방탄소년단,Skool Luv Affair,2375.0
2023-04-23,2023-04-29,2023,17,방탄소년단,WINGS,2799.0
2023-04-23,2023-04-29,2023,17,방탄소년단,YOU NEVER WALK ALONE,2554.0
2023-04-23,2023-04-29,2023,17,방탄소년단,화양연화 Young Forever,1002.0
2023-04-23,2023-04-29,2023,17,방탄소년단,화양연화 pt.2,1743.0
2023-04-23,2023-04-29,2023,17,부석순 (SEVENTEEN),1st Single Album `SECOND WIND`,1329.0
2023-04-23,2023-04-29,2023,17,세븐틴,10th Mini Album `FML`,3360524.0
2023-04-23,2023-04-29,2023,17,세븐틴,10th Mini Album `FML` (KiT),144000.0
2023-04-23,2023-04-29,2023,17,세븐틴,10th Mini Album `FML` (Weverse),399908.0
2023-04-23,2023-04-29,2023,17,세븐틴,3RD ALBUM ‘An Ode’,1350.0
2023-04-23,2023-04-29,2023,17,세븐틴,4th Album Repackage `SECTOR 17`,2602.0
2023-04-23,2023-04-29,2023,17,세븐틴,4th Album Repackage `SECTOR 17` (Weverse),827.0
2023-04-23,2023-04-29,2023,17,세븐틴,4th Album `Face the Sun`,7444.0
2023-04-23,2023-04-29,2023,17,세븐틴,4th Album `Face the Sun` (Weverse),1104.0
2023-04-23,2023-04-29,2023,17,세븐틴,7th Mini Album `헹가래`,1885.0
2023-04-23,2023-04-29,2023,17,세븐틴,8th Mini Album `Your Choice`,6855.0
2023-04-23,2023-04-29,2023,17,세븐틴,9th Mini Album `Attacca`,5266.0
2023-04-23,2023-04-29,2023,17,지민,FACE (Weverse),2087.0
2023-04-23,2023-04-29,2023,17,지수 (JISOO),ME,34784.0
2023-04-23,2023-04-29,2023,17,지수 (JISOO),ME (Nemo),22680.0
2023-04-23,2023-04-29,2023,17,태양,Down to Earth,62500.0
2023-04-23,2023-04-29,2023,17,투모로우바이투게더,minisode 2: Thursday`s Child,2116.0
2023-04-23,2023-04-29,2023,17,투모로우바이투게더,minisode1 : Blue Hour,1327.0
2023-04-23,2023-04-29,2023,17,투모로우바이투게더,이름의 장: TEMPTATION,34538.0
2023-04-23,2023-04-29,2023,17,투모로우바이투게더,이름의 장: TEMPTATION (Weverse),1124.0
2023-04-23,2023-04-29,2023,17,투모로우바이투게더,혼돈의 장: FIGHT OR ESCAPE,1570.0
2023-04-23,2023-04-29,2023,17,투모로우바이투게더,혼돈의 장: FREEZE,780.0
2023-04-30,2023-05-06,2023,18,Agust D,D-DAY,11514.0
2023-04-30,2023-05-06,2023,18,Agust D,D-DAY (Weverse),2460.0
2023-04-30,2023-05-06,2023,18,BLACKPINK,BORN PINK,4159.0
2023-04-30,2023-05-06,2023,18,BLACKPINK,SQUARE UP,649.0
2023-04-30,2023-05-06,2023,18,BLACKPINK,THE ALBUM,2164.0
2023-04-30,2023-05-06,2023,18,LE SSERAFIM (르세라핌),ANTIFRAGILE,11051.0
2023-04-30,2023-05-06,2023,18,LE SSERAFIM (르세라핌),ANTIFRAGILE (Weverse),1710.0
2023-04-30,2023-05-06,2023,18,LE SSERAFIM (르세라핌),FEARLESS,1343.0
2023-04-30,2023-05-06,2023,18,LE SSERAFIM (르세라핌),UNFORGIVEN,1113581.0
2023-04-30,2023-05-06,2023,18,LE SSERAFIM (르세라핌),UNFORGIVEN (Weverse),116256.0
2023-04-30,2023-05-06,2023,18,NewJeans,1st EP `New Jeans`,3170.0
2023-04-30,2023-05-06,2023,18,NewJeans,1st EP `New Jeans` (Weverse),4109.0
2023-04-30,2023-05-06,2023,18,NewJeans,`OMG`,80520.0
2023-04-30,2023-05-06,2023,18,NewJeans,`OMG` (Weverse),1620.0
2023-04-30,2023-05-06,2023,18,TREASURE (트레저),THE SECOND STEP : CHAPTER TWO,25535.0
2023-04-30,2023-05-06,2023,18,로제 (ROSE),R,2813.0
2023-04-30,2023-05-06,2023,18,리사 (LISA),LALISA,618.0
2023-04-30,2023-05-06,2023,18,방탄소년단,Butter,724.0
2023-04-30,2023-05-06,2023,18,방탄소년단,LOVE YOURSELF 承 `Her`,770.0
2023-04-30,2023-05-06,2023,18,방탄소년단,LOVE YOURSELF 結 `Answer`,616.0
2023-04-30,2023-05-06,2023,18,방탄소년단,LOVE YOURSELF 轉 `Tear`,1224.0
2023-04-30,2023-05-06,2023,18,방탄소년단,MAP OF THE SOUL : PERSONA,624.0
2023-04-30,2023-05-06,2023,18,방탄소년단,화양연화 Young Forever,533.0
2023-04-30,2023-05-06,2023,18,방탄소년단,화양연화 pt.1,705.0
2023-04-30,2023-05-06,2023,18,방탄소년단,화양연화 pt.2,644.0
2023-04-30,2023-05-06,2023,18,세븐틴,3RD ALBUM ‘An Ode’,1250.0
2023-04-30,2023-05-06,2023,18,세븐틴,4th Album Repackage `SECTOR 17`,688.0
2023-04-30,2023-05-06,2023,18,세븐틴,4th Album Repackage `SECTOR 17` (Weverse),1213.0
2023-04-30,2023-05-06,2023,18,세븐틴,4th Album `Face the Sun`,6088.0
2023-04-30,2023-05-06,2023,18,세븐틴,4th Album `Face the Sun` (Weverse),1150.0
2023-04-30,2023-05-06,2023,18,세븐틴,7th Mini Album `헹가래`,1154.0
2023-04-30,2023-05-06,2023,18,세븐틴,8th Mini Album `Your Choice`,2001.0
2023-04-30,2023-05-06,2023,18,세븐틴,9th Mini Album `Attacca`,4682.0
2023-04-30,2023-05-06,2023,18,세븐틴,Special Album `; [Semicolon]`,764.0
2023-04-30,2023-05-06,2023,18,오왼(Owen),P.O.E.M. IV : Tyler Durden,1000.0
2023-04-30,2023-05-06,2023,18,지민,FACE,570.0
2023-04-30,2023-05-06,2023,18,지수 (JISOO),ME,17418.0
2023-04-30,2023-05-06,2023,18,지수 (JISOO),ME (Nemo),40682.0
2023-04-30,2023-05-06,2023,18,투모로우바이투게더,minisode 2: Thursday`s Child,2264.0
2023-04-30,2023-05-06,2023,18,투모로우바이투게더,minisode1 : Blue Hour,1794.0
2023-04-30,2023-05-06,2023,18,투모로우바이투게더,꿈의 장: ETERNITY,598.0
2023-04-30,2023-05-06,2023,18,투모로우바이투게더,꿈의 장: MAGIC,760.0
2023-04-30,2023-05-06,2023,18,투모로우바이투게더,꿈의 장: STAR,905.0
2023-04-30,2023-05-06,2023,18,투모로우바이투게더,이름의 장: TEMPTATION,3977.0
2023-04-30,2023-05-06,2023,18,투모로우바이투게더,이름의 장: TEMPTATION (Weverse),3022.0
2023-04-30,2023-05-06,2023,18,투모로우바이투게더,혼돈의 장: FIGHT OR ESCAPE,3764.0
2023-04-30,2023-05-06,2023,18,투모로우바이투게더,혼돈의 장: FREEZE,1570.0
2023-05-07,2023-05-13,2023,19,Agust D,D-DAY,3626.0
2023-05-07,2023-05-13,2023,19,BLACKPINK,BORN PINK,3918.0
2023-05-07,2023-05-13,2023,19,BLACKPINK,SQUARE UP,1814.0
2023-05-07,2023-05-13,2023,19,BLACKPINK,THE ALBUM,1536.0
2023-05-07,2023-05-13,2023,19,LE SSERAFIM (르세라핌),ANTIFRAGILE,3951.0
2023-05-07,2023-05-13,2023,19,LE SSERAFIM (르세라핌),ANTIFRAGILE (Weverse),1460.0
2023-05-07,2023-05-13,2023,19,LE SSERAFIM (르세라핌),FEARLESS,1636.0
2023-05-07,2023-05-13,2023,19,LE SSERAFIM (르세라핌),UNFORGIVEN,154720.0
2023-05-07,2023-05-13,2023,19,LE SSERAFIM (르세라핌),UNFORGIVEN (Weverse),99918.0
2023-05-07,2023-05-13,2023,19,NewJeans,1st EP `New Jeans`,53748.0
2023-05-07,2023-05-13,2023,19,NewJeans,1st EP `New Jeans` (Weverse),5087.0
2023-05-07,2023-05-13,2023,19,NewJeans,`OMG`,3230.0
2023-05-07,2023-05-13,2023,19,NewJeans,`OMG` (Weverse),2891.0
2023-05-07,2023-05-13,2023,19,TREASURE (트레저),THE FIRST STEP : TREASURE EFFECT,1254.0
2023-05-07,2023-05-13,2023,19,TREASURE (트레저),THE SECOND STEP : CHAPTER ONE,1193.0
2023-05-07,2023-05-13,2023,19,j-hope,Jack In The Box (Weverse),951.0
2023-05-07,2023-05-13,2023,19,로제 (ROSE),R,5847.0
2023-05-07,2023-05-13,2023,19,방탄소년단,Butter,1434.0
2023-05-07,2023-05-13,2023,19,방탄소년단,LOVE YOURSELF 結 `Answer`,1548.0
2023-05-07,2023-05-13,2023,19,방탄소년단,LOVE YOURSELF 轉 `Tear`,1286.0
2023-05-07,2023-05-13,2023,19,방탄소년단,MAP OF THE SOUL : 7,1452.0
2023-05-07,2023-05-13,2023,19,방탄소년단,MAP OF THE SOUL : PERSONA,2075.0
2023-05-07,2023-05-13,2023,19,방탄소년단,YOU NEVER WALK ALONE,905.0
2023-05-07,2023-05-13,2023,19,방탄소년단,화양연화 Young Forever,1188.0
2023-05-07,2023-05-13,2023,19,방탄소년단,화양연화 pt.1,1087.0
2023-05-07,2023-05-13,2023,19,방탄소년단,화양연화 pt.2,1262.0
2023-05-07,2023-05-13,2023,19,세븐틴,10th Mini Album `FML`,522314.0
2023-05-07,2023-05-13,2023,19,세븐틴,10th Mini Album `FML` (KiT),56000.0
2023-05-07,2023-05-13,2023,19,세븐틴,10th Mini Album `FML` (Weverse),97610.0
2023-05-07,2023-05-13,2023,19,세븐틴,3RD ALBUM ‘An Ode’,3270.0
2023-05-07,2023-05-13,2023,19,세븐틴,4th Album Repackage `SECTOR 17`,2296.0
2023-05-07,2023-05-13,2023,19,세븐틴,4th Album Repackage `SECTOR 17` (Weverse),1188.0
2023-05-07,2023-05-13,2023,19,세븐틴,4th Album `Face the Sun`,15290.0
2023-05-07,2023-05-13,2023,19,세븐틴,4th Album `Face the Sun` (Weverse),1255.0
2023-05-07,2023-05-13,2023,19,세븐틴,7th Mini Album `헹가래`,1819.0
2023-05-07,2023-05-13,2023,19,세븐틴,9th Mini Album `Attacca`,2192.0
2023-05-07,2023-05-13,2023,19,세븐틴,Special Album `; [Semicolon]`,1291.0
2023-05-07,2023-05-13,2023,19,제니 (JENNIE),SOLO,971.0
2023-05-07,2023-05-13,2023,19,지민,FACE,1064.0
2023-05-07,2023-05-13,2023,19,지수 (JISOO),ME,33568.0
2023-05-07,2023-05-13,2023,19,지수 (JISOO),ME (Nemo),1178.0
2023-05-07,2023-05-13,2023,19,태양,Down to Earth,9419.0
2023-05-07,2023-05-13,2023,19,투모로우바이투게더,minisode 2: Thursday`s Child,3903.0
2023-05-07,2023-05-13,2023,19,투모로우바이투게더,minisode1 : Blue Hour,5423.0
2023-05-07,2023-05-13,2023,19,투모로우바이투게더,꿈의 장: ETERNITY,1448.0
2023-05-07,2023-05-13,2023,19,투모로우바이투게더,꿈의 장: MAGIC,1653.0
2023-05-07,2023-05-13,2023,19,투모로우바이투게더,꿈의 장: STAR,1377.0
2023-05-07,2023-05-13,2023,19,투모로우바이투게더,이름의 장: TEMPTATION,7984.0
2023-05-07,2023-05-13,2023,19,투모로우바이투게더,이름의 장: TEMPTATION (Weverse),3480.0
2023-05-07,2023-05-13,2023,19,투모로우바이투게더,혼돈의 장: FIGHT OR ESCAPE,7384.0
2023-05-07,2023-05-13,2023,19,투모로우바이투게더,혼돈의 장: FREEZE,3352.0
2023-05-14,2023-05-20,2023,20,Agust D,D-DAY,1854.0
2023-05-14,2023-05-20,2023,20,BLACKPINK,BORN PINK,4554.0
2023-05-14,2023-05-20,2023,20,BLACKPINK,SQUARE UP,1213.0
2023-05-14,2023-05-20,2023,20,BLACKPINK,THE ALBUM,2965.0
2023-05-14,2023-05-20,2023,20,LE SSERAFIM (르세라핌),ANTIFRAGILE,2750.0
2023-05-14,2023-05-20,2023,20,LE SSERAFIM (르세라핌),ANTIFRAGILE (Weverse),1010.0
2023-05-14,2023-05-20,2023,20,LE SSERAFIM (르세라핌),FEARLESS,1416.0
2023-05-14,2023-05-20,2023,20,LE SSERAFIM (르세라핌),UNFORGIVEN,14370.0
2023-05-14,2023-05-20,2023,20,LE SSERAFIM (르세라핌),UNFORGIVEN (Weverse),1380.0
2023-05-14,2023-05-20,2023,20,NewJeans,1st EP `New Jeans`,5451.0
2023-05-14,2023-05-20,2023,20,NewJeans,1st EP `New Jeans` (Weverse),2115.0
2023-05-14,2023-05-20,2023,20,NewJeans,`OMG`,6150.0
2023-05-14,2023-05-20,2023,20,NewJeans,`OMG` (Weverse),2133.0
2023-05-14,2023-05-20,2023,20,PLAVE,ASTERUM (POCA),17130.0
2023-05-14,2023-05-20,2023,20,TREASURE (트레저),THE SECOND STEP : CHAPTER TWO,26678.0
2023-05-14,2023-05-20,2023,20,김필,LOVE YOU! (Nemo),875.0
2023-05-14,2023-05-20,2023,20,로제 (ROSE),R,3420.0
2023-05-14,2023-05-20,2023,20,리사 (LISA),LALISA,1083.0
2023-05-14,2023-05-20,2023,20,방탄소년단,Butter,836.0
2023-05-14,2023-05-20,2023,20,방탄소년단,LOVE YOURSELF 承 `Her`,1260.0
2023-05-14,2023-05-20,2023,20,방탄소년단,LOVE YOURSELF 轉 `Tear`,1540.0
2023-05-14,2023-05-20,2023,20,방탄소년단,MAP OF THE SOUL : 7,1054.0
2023-05-14,2023-05-20,2023,20,방탄소년단,MAP OF THE SOUL : PERSONA,1280.0
2023-05-14,2023-05-20,2023,20,방탄소년단,WINGS,1238.0
2023-05-14,2023-05-20,2023,20,방탄소년단,YOU NEVER WALK ALONE,826.0
2023-05-14,2023-05-20,2023,20,세븐틴,10th Mini Album `FML`,18900.0
2023-05-14,2023-05-20,2023,20,세븐틴,10th Mini Album `FML` (Weverse),2400.0
2023-05-14,2023-05-20,2023,20,세븐틴,3RD ALBUM ‘An Ode’,4420.0
2023-05-14,2023-05-20,2023,20,세븐틴,4th Album Repackage `SECTOR 17`,3038.0
2023-05-14,2023-05-20,2023,20,세븐틴,4th Album Repackage `SECTOR 17` (Weverse),804.0
2023-05-14,2023-05-20,2023,20,세븐틴,4th Album `Face the Sun`,12354.0
2023-05-14,2023-05-20,2023,20,세븐틴,4th Album `Face the Sun` (Weverse),1200.0
2023-05-14,2023-05-20,2023,20,세븐틴,7th Mini Album `헹가래`,1870.0
2023-05-14,2023-05-20,2023,20,세븐틴,8th Mini Album `Your Choice`,2136.0
2023-05-14,2023-05-20,2023,20,세븐틴,9th Mini Album `Attacca`,7338.0
2023-05-14,2023-05-20,2023,20,세븐틴,Special Album `; [Semicolon]`,1049.0
2023-05-14,2023-05-20,2023,20,제니 (JENNIE),SOLO,2191.0
2023-05-14,2023-05-20,2023,20,투모로우바이투게더,minisode 2: Thursday`s Child,10810.0
2023-05-14,2023-05-20,2023,20,투모로우바이투게더,minisode1 : Blue Hour,7387.0
2023-05-14,2023-05-20,2023,20,투모로우바이투게더,꿈의 장: ETERNITY,1066.0
2023-05-14,2023-05-20,2023,20,투모로우바이투게더,꿈의 장: MAGIC,2366.0
2023-05-14,2023-05-20,2023,20,투모로우바이투게더,꿈의 장: STAR,980.0
2023-05-14,2023-05-20,2023,20,투모로우바이투게더,이름의 장: TEMPTATION,12445.0
2023-05-14,2023-05-20,2023,20,투모로우바이투게더,이름의 장: TEMPTATION (Weverse),2529.0
2023-05-14,2023-05-20,2023,20,투모로우바이투게더,혼돈의 장: FIGHT OR ESCAPE,10601.0
2023-05-14,2023-05-20,2023,20,투모로우바이투게더,혼돈의 장: FREEZE,2510.0
2023-05-21,2023-05-27,2023,21,Agust D,D-DAY,611.0
2023-05-21,2023-05-27,2023,21,BLACKPINK,BORN PINK,3541.0
2023-05-21,2023-05-27,2023,21,BLACKPINK,KILL THIS LOVE,7178.0
2023-05-21,2023-05-27,2023,21,BLACKPINK,THE ALBUM,1290.0
2023-05-21,2023-05-27,2023,21,LE SSERAFIM (르세라핌),ANTIFRAGILE,1490.0
2023-05-21,2023-05-27,2023,21,LE SSERAFIM (르세라핌),ANTIFRAGILE (Weverse),847.0
2023-05-21,2023-05-27,2023,21,LE SSERAFIM (르세라핌),UNFORGIVEN,9490.0
2023-05-21,2023-05-27,2023,21,NewJeans,1st EP `New Jeans`,1493.0
2023-05-21,2023-05-27,2023,21,NewJeans,1st EP `New Jeans` (Weverse),2217.0
2023-05-21,2023-05-27,2023,21,NewJeans,`OMG`,1386.0
2023-05-21,2023-05-27,2023,21,NewJeans,`OMG` (Weverse),1261.0
2023-05-21,2023-05-27,2023,21,PLAVE,ASTERUM (POCA),1895.0
2023-05-21,2023-05-27,2023,21,lobonabeat!,Trapstar Lifestyle (Deluxe),770.0
2023-05-21,2023-05-27,2023,21,로제 (ROSE),R,3088.0
2023-05-21,2023-05-27,2023,21,방탄소년단,BE,615.0
2023-05-21,2023-05-27,2023,21,방탄소년단,LOVE YOURSELF 承 `Her`,752.0
2023-05-21,2023-05-27,2023,21,방탄소년단,LOVE YOURSELF 結 `Answer`,952.0
2023-05-21,2023-05-27,2023,21,방탄소년단,LOVE YOURSELF 轉 `Tear`,1356.0
2023-05-21,2023-05-27,2023,21,방탄소년단,MAP OF THE SOUL : 7,1321.0
2023-05-21,2023-05-27,2023,21,방탄소년단,Proof,595.0
2023-05-21,2023-05-27,2023,21,방탄소년단,Skool Luv Affair,580.0
2023-05-21,2023-05-27,2023,21,방탄소년단,YOU NEVER WALK ALONE,653.0
2023-05-21,2023-05-27,2023,21,방탄소년단,화양연화 pt.2,1008.0
2023-05-21,2023-05-27,2023,21,세븐틴,10th Mini Album `FML`,160384.0
2023-05-21,2023-05-27,2023,21,세븐틴,3RD ALBUM ‘An Ode’,2453.0
2023-05-21,2023-05-27,2023,21,세븐틴,4th Album Repackage `SECTOR 17` (Weverse),1187.0
2023-05-21,2023-05-27,2023,21,세븐틴,4th Album `Face the Sun`,21579.0
2023-05-21,2023-05-27,2023,21,세븐틴,4th Album `Face the Sun` (Weverse),994.0
2023-05-21,2023-05-27,2023,21,세븐틴,7th Mini Album `헹가래`,7685.0
2023-05-21,2023-05-27,2023,21,세븐틴,8th Mini Album `Your Choice`,1048.0
2023-05-21,2023-05-27,2023,21,세븐틴,9th Mini Album `Attacca`,3498.0
2023-05-21,2023-05-27,2023,21,지수 (JISOO),ME,2175.0
2023-05-21,2023-05-27,2023,21,투모로우바이투게더,minisode 2: Thursday`s Child,1532.0
2023-05-21,2023-05-27,2023,21,투모로우바이투게더,minisode1 : Blue Hour,1151.0
2023-05-21,2023-05-27,2023,21,투모로우바이투게더,꿈의 장: ETERNITY,827.0
2023-05-21,2023-05-27,2023,21,투모로우바이투게더,꿈의 장: STAR,790.0
2023-05-21,2023-05-27,2023,21,투모로우바이투게더,이름의 장: TEMPTATION,1702.0
2023-05-21,2023-05-27,2023,21,투모로우바이투게더,이름의 장: TEMPTATION (Weverse),2625.0
2023-05-21,2023-05-27,2023,21,투모로우바이투게더,혼돈의 장: FIGHT OR ESCAPE,2824.0
2023-05-21,2023-05-27,2023,21,투모로우바이투게더,혼돈의 장: FREEZE,1427.0
2023-05-28,2023-06-03,2023,22,BLACKPINK,BORN PINK,4479.0
2023-05-28,2023-06-03,2023,22,BLACKPINK,KILL THIS LOVE,1226.0
2023-05-28,2023-06-03,2023,22,BLACKPINK,SQUARE UP,1110.0
2023-05-28,2023-06-03,2023,22,BLACKPINK,THE ALBUM,898.0
2023-05-28,2023-06-03,2023,22,BOYNEXTDOOR,WHO!,91080.0
2023-05-28,2023-06-03,2023,22,BOYNEXTDOOR,WHO! (Weverse),7962.0
2023-05-28,2023-06-03,2023,22,LE SSERAFIM (르세라핌),ANTIFRAGILE,699.0
2023-05-28,2023-06-03,2023,22,LE SSERAFIM (르세라핌),ANTIFRAGILE (Weverse),1300.0
2023-05-28,2023-06-03,2023,22,LE SSERAFIM (르세라핌),UNFORGIVEN,9681.0
2023-05-28,2023-06-03,2023,22,NewJeans,1st EP `New Jeans`,908.0
2023-05-28,2023-06-03,2023,22,NewJeans,1st EP `New Jeans` (Weverse),1513.0
2023-05-28,2023-06-03,2023,22,NewJeans,`OMG` (Weverse),1831.0
2023-05-28,2023-06-03,2023,22,PLAVE,ASTERUM (POCA),997.0
2023-05-28,2023-06-03,2023,22,RM,Indigo (LP),47350.0
2023-05-28,2023-06-03,2023,22,로제 (ROSE),R,2766.0
2023-05-28,2023-06-03,2023,22,리사 (LISA),LALISA,717.0
2023-05-28,2023-06-03,2023,22,방탄소년단,DARK&WILD,1555.0
2023-05-28,2023-06-03,2023,22,방탄소년단,LOVE YOURSELF 承 `Her`,928.0
2023-05-28,2023-06-03,2023,22,방탄소년단,MAP OF THE SOUL : PERSONA,917.0
2023-05-28,2023-06-03,2023,22,방탄소년단,"O!RUL8,2?",664.0
2023-05-28,2023-06-03,2023,22,방탄소년단,Skool Luv Affair,1680.0
2023-05-28,2023-06-03,2023,22,방탄소년단,YOU NEVER WALK ALONE,13593.0
2023-05-28,2023-06-03,2023,22,방탄소년단,화양연화 Young Forever,889.0
2023-05-28,2023-06-03,2023,22,세븐틴,10th Mini Album `FML`,482719.0
2023-05-28,2023-06-03,2023,22,세븐틴,10th Mini Album `FML` (Weverse),5082.0
2023-05-28,2023-06-03,2023,22,세븐틴,3RD ALBUM ‘An Ode’,3155.0
2023-05-28,2023-06-03,2023,22,세븐틴,4th Album Repackage `SECTOR 17`,5085.0
2023-05-28,2023-06-03,2023,22,세븐틴,4th Album Repackage `SECTOR 17` (Weverse),1390.0
2023-05-28,2023-06-03,2023,22,세븐틴,4th Album `Face the Sun`,22465.0
2023-05-28,2023-06-03,2023,22,세븐틴,4th Album `Face the Sun` (Weverse),2142.0
2023-05-28,2023-06-03,2023,22,세븐틴,7th Mini Album `헹가래`,2304.0
2023-05-28,2023-06-03,2023,22,세븐틴,8th Mini Album `Your Choice`,8465.0
2023-05-28,2023-06-03,2023,22,세븐틴,9th Mini Album `Attacca`,25212.0
2023-05-28,2023-06-03,2023,22,세븐틴,Special Album `; [Semicolon]`,1804.0
2023-05-28,2023-06-03,2023,22,제니 (JENNIE),SOLO,1122.0
2023-05-28,2023-06-03,2023,22,투모로우바이투게더,minisode 2: Thursday`s Child,1835.0
2023-05-28,2023-06-03,2023,22,투모로우바이투게더,minisode1 : Blue Hour,1056.0
2023-05-28,2023-06-03,2023,22,투모로우바이투게더,꿈의 장: STAR,814.0
2023-05-28,2023-06-03,2023,22,투모로우바이투게더,이름의 장: TEMPTATION,21455.0
2023-05-28,2023-06-03,2023,22,투모로우바이투게더,이름의 장: TEMPTATION (Weverse),1449.0
2023-05-28,2023-06-03,2023,22,투모로우바이투게더,혼돈의 장: FIGHT OR ESCAPE,1761.0
2023-05-28,2023-06-03,2023,22,투모로우바이투게더,혼돈의 장: FREEZE,1152.0
2023-06-04,2023-06-10,2023,23,BLACKPINK,BORN PINK,4568.0
2023-06-04,2023-06-10,2023,23,BLACKPINK,KILL THIS LOVE,2178.0
2023-06-04,2023-06-10,2023,23,BLACKPINK,SQUARE UP,946.0
2023-06-04,2023-06-10,2023,23,BLACKPINK,THE ALBUM,852.0
2023-06-04,2023-06-10,2023,23,BOYNEXTDOOR,WHO!,29105.0
2023-06-04,2023-06-10,2023,23,BOYNEXTDOOR,WHO! (Weverse),950.0
2023-06-04,2023-06-10,2023,23,LE SSERAFIM (르세라핌),ANTIFRAGILE,1517.0
2023-06-04,2023-06-10,2023,23,LE SSERAFIM (르세라핌),FEARLESS,949.0
2023-06-04,2023-06-10,2023,23,LE SSERAFIM (르세라핌),UNFORGIVEN,14942.0
2023-06-04,2023-06-10,2023,23,NewJeans,1st EP `New Jeans`,3305.0
2023-06-04,2023-06-10,2023,23,NewJeans,1st EP `New Jeans` (Weverse),2135.0
2023-06-04,2023-06-10,2023,23,NewJeans,`OMG`,3036.0
2023-06-04,2023-06-10,2023,23,NewJeans,`OMG` (Weverse),1261.0
2023-06-04,2023-06-10,2023,23,RM,Indigo (LP),19551.0
2023-06-04,2023-06-10,2023,23,로제 (ROSE),R,1155.0
2023-06-04,2023-06-10,2023,23,방탄소년단,2 Cool 4 Skool,1162.0
2023-06-04,2023-06-10,2023,23,방탄소년단,Butter,827.0
2023-06-04,2023-06-10,2023,23,방탄소년단,LOVE YOURSELF 承 `Her`,1120.0
2023-06-04,2023-06-10,2023,23,방탄소년단,LOVE YOURSELF 結 `Answer`,1023.0
2023-06-04,2023-06-10,2023,23,방탄소년단,LOVE YOURSELF 轉 `Tear`,1931.0
2023-06-04,2023-06-10,2023,23,방탄소년단,MAP OF THE SOUL : 7,1194.0
2023-06-04,2023-06-10,2023,23,방탄소년단,MAP OF THE SOUL : PERSONA,1413.0
2023-06-04,2023-06-10,2023,23,방탄소년단,WINGS,1068.0
2023-06-04,2023-06-10,2023,23,방탄소년단,YOU NEVER WALK ALONE,7211.0
2023-06-04,2023-06-10,2023,23,방탄소년단,화양연화 Young Forever,1677.0
2023-06-04,2023-06-10,2023,23,방탄소년단,화양연화 pt.1,1784.0
2023-06-04,2023-06-10,2023,23,방탄소년단,화양연화 pt.2,1545.0
2023-06-04,2023-06-10,2023,23,세븐틴,10th Mini Album `FML`,147058.0
2023-06-04,2023-06-10,2023,23,세븐틴,3RD ALBUM ‘An Ode’,3922.0
2023-06-04,2023-06-10,2023,23,세븐틴,4th Album Repackage `SECTOR 17`,3709.0
2023-06-04,2023-06-10,2023,23,세븐틴,4th Album Repackage `SECTOR 17` (Weverse),1611.0
2023-06-04,2023-06-10,2023,23,세븐틴,4th Album `Face the Sun`,18803.0
2023-06-04,2023-06-10,2023,23,세븐틴,4th Album `Face the Sun` (Weverse),1636.0
2023-06-04,2023-06-10,2023,23,세븐틴,7th Mini Album `헹가래`,11234.0
2023-06-04,2023-06-10,2023,23,세븐틴,8th Mini Album `Your Choice`,2438.0
2023-06-04,2023-06-10,2023,23,세븐틴,9th Mini Album `Attacca`,4773.0
2023-06-04,2023-06-10,2023,23,세븐틴,Special Album `; [Semicolon]`,918.0
2023-06-04,2023-06-10,2023,23,제니 (JENNIE),SOLO,819.0
2023-06-04,2023-06-10,2023,23,투모로우바이투게더,minisode 2: Thursday`s Child,2209.0
2023-06-04,2023-06-10,2023,23,투모로우바이투게더,minisode1 : Blue Hour,2660.0
2023-06-04,2023-06-10,2023,23,투모로우바이투게더,꿈의 장: MAGIC,1143.0
2023-06-04,2023-06-10,2023,23,투모로우바이투게더,꿈의 장: STAR,1854.0
2023-06-04,2023-06-10,2023,23,투모로우바이투게더,이름의 장: TEMPTATION,1709.0
2023-06-04,2023-06-10,2023,23,투모로우바이투게더,이름의 장: TEMPTATION (Weverse),1625.0
2023-06-04,2023-06-10,2023,23,투모로우바이투게더,혼돈의 장: FIGHT OR ESCAPE,2063.0
2023-06-04,2023-06-10,2023,23,투모로우바이투게더,혼돈의 장: FREEZE,1434.0
2023-06-04,2023-06-10,2023,23,프로미스나인 (fromis_9),Unlock My World,119012.0
2023-06-04,2023-06-10,2023,23,프로미스나인 (fromis_9),Unlock My World (KiT),9417.0
2023-06-04,2023-06-10,2023,23,프로미스나인 (fromis_9),Unlock My World (Weverse),18756.0
2023-06-11,2023-06-17,2023,24,BLACKPINK,BORN PINK,5043.0
2023-06-11,2023-06-17,2023,24,BLACKPINK,KILL THIS LOVE,1920.0
2023-06-11,2023-06-17,2023,24,BLACKPINK,SQUARE UP,978.0
2023-06-11,2023-06-17,2023,24,BLACKPINK,THE ALBUM,3192.0
2023-06-11,2023-06-17,2023,24,BOYNEXTDOOR,WHO!,21630.0
2023-06-11,2023-06-17,2023,24,BOYNEXTDOOR,WHO! (Weverse),3771.0
2023-06-11,2023-06-17,2023,24,LE SSERAFIM (르세라핌),ANTIFRAGILE,1959.0
2023-06-11,2023-06-17,2023,24,LE SSERAFIM (르세라핌),UNFORGIVEN,1254.0
2023-06-11,2023-06-17,2023,24,NewJeans,1st EP `New Jeans`,996.0
2023-06-11,2023-06-17,2023,24,NewJeans,1st EP `New Jeans` (Weverse),1725.0
2023-06-11,2023-06-17,2023,24,NewJeans,`OMG`,1782.0
2023-06-11,2023-06-17,2023,24,로제 (ROSE),R,3569.0
2023-06-11,2023-06-17,2023,24,방탄소년단,BE,989.0
2023-06-11,2023-06-17,2023,24,방탄소년단,Butter,1056.0
2023-06-11,2023-06-17,2023,24,방탄소년단,MAP OF THE SOUL : 7,1241.0
2023-06-11,2023-06-17,2023,24,방탄소년단,MAP OF THE SOUL : PERSONA,1076.0
2023-06-11,2023-06-17,2023,24,방탄소년단,Proof,3846.0
2023-06-11,2023-06-17,2023,24,방탄소년단,화양연화 Young Forever,977.0
2023-06-11,2023-06-17,2023,24,방탄소년단,화양연화 pt.2,1010.0
2023-06-11,2023-06-17,2023,24,세븐틴,10th Mini Album `FML`,194303.0
2023-06-11,2023-06-17,2023,24,세븐틴,3RD ALBUM ‘An Ode’,3360.0
2023-06-11,2023-06-17,2023,24,세븐틴,4th Album Repackage `SECTOR 17`,1841.0
2023-06-11,2023-06-17,2023,24,세븐틴,4th Album Repackage `SECTOR 17` (Weverse),1813.0
2023-06-11,2023-06-17,2023,24,세븐틴,4th Album `Face the Sun`,8960.0
2023-06-11,2023-06-17,2023,24,세븐틴,4th Album `Face the Sun` (Weverse),2153.0
2023-06-11,2023-06-17,2023,24,세븐틴,7th Mini Album `헹가래`,3377.0
2023-06-11,2023-06-17,2023,24,세븐틴,8th Mini Album `Your Choice`,2137.0
2023-06-11,2023-06-17,2023,24,세븐틴,9th Mini Album `Attacca`,6501.0
2023-06-11,2023-06-17,2023,24,세븐틴,Special Album `; [Semicolon]`,1453.0
2023-06-11,2023-06-17,2023,24,투모로우바이투게더,minisode 2: Thursday`s Child,1906.0
2023-06-11,2023-06-17,2023,24,투모로우바이투게더,minisode1 : Blue Hour,1876.0
2023-06-11,2023-06-17,2023,24,투모로우바이투게더,이름의 장: TEMPTATION,2169.0
2023-06-11,2023-06-17,2023,24,투모로우바이투게더,이름의 장: TEMPTATION (Weverse),1502.0
2023-06-11,2023-06-17,2023,24,투모로우바이투게더,혼돈의 장: FIGHT OR ESCAPE,2954.0
2023-06-11,2023-06-17,2023,24,투모로우바이투게더,혼돈의 장: FREEZE,2139.0
2023-06-11,2023-06-17,2023,24,프로미스나인 (fromis_9),Unlock My World,8139.0
2023-06-18,2023-06-24,2023,25,Agust D,D-DAY,11989.0
2023-06-18,2023-06-24,2023,25,BLACKPINK,BORN PINK,5281.0
2023-06-18,2023-06-24,2023,25,BLACKPINK,KILL THIS LOVE,1449.0
2023-06-18,2023-06-24,2023,25,BLACKPINK,SPECIAL EDITION [How You Like That],1119.0
2023-06-18,2023-06-24,2023,25,BLACKPINK,THE ALBUM,2088.0
2023-06-18,2023-06-24,2023,25,BOYNEXTDOOR,WHO!,14318.0
2023-06-18,2023-06-24,2023,25,BOYNEXTDOOR,WHO! (Weverse),1613.0
2023-06-18,2023-06-24,2023,25,LE SSERAFIM (르세라핌),FEARLESS,943.0
2023-06-18,2023-06-24,2023,25,NewJeans,1st EP `New Jeans`,2071.0
2023-06-18,2023-06-24,2023,25,NewJeans,1st EP `New Jeans` (Weverse),3211.0
2023-06-18,2023-06-24,2023,25,NewJeans,`OMG`,1766.0
2023-06-18,2023-06-24,2023,25,NewJeans,`OMG` (Weverse),2058.0
2023-06-18,2023-06-24,2023,25,로제 (ROSE),R,3702.0
2023-06-18,2023-06-24,2023,25,리사 (LISA),LALISA,1001.0
2023-06-18,2023-06-24,2023,25,방탄소년단,Butter,1024.0
2023-06-18,2023-06-24,2023,25,방탄소년단,LOVE YOURSELF 承 `Her`,1237.0
2023-06-18,2023-06-24,2023,25,방탄소년단,LOVE YOURSELF 結 `Answer`,1472.0
2023-06-18,2023-06-24,2023,25,방탄소년단,LOVE YOURSELF 轉 `Tear`,1019.0
2023-06-18,2023-06-24,2023,25,방탄소년단,MAP OF THE SOUL : 7,1401.0
2023-06-18,2023-06-24,2023,25,방탄소년단,MAP OF THE SOUL : PERSONA,1451.0
2023-06-18,2023-06-24,2023,25,방탄소년단,"O!RUL8,2?",3361.0
2023-06-18,2023-06-24,2023,25,방탄소년단,Skool Luv Affair,3448.0
2023-06-18,2023-06-24,2023,25,방탄소년단,WINGS,2551.0
2023-06-18,2023-06-24,2023,25,방탄소년단,YOU NEVER WALK ALONE,2369.0
2023-06-18,2023-06-24,2023,25,방탄소년단,화양연화 pt.2,1806.0
2023-06-18,2023-06-24,2023,25,세븐틴,10th Mini Album `FML`,216759.0
2023-06-18,2023-06-24,2023,25,세븐틴,10th Mini Album `FML` (Weverse),32049.0
2023-06-18,2023-06-24,2023,25,세븐틴,3RD ALBUM ‘An Ode’,4837.0
2023-06-18,2023-06-24,2023,25,세븐틴,4th Album Repackage `SECTOR 17`,2687.0
2023-06-18,2023-06-24,2023,25,세븐틴,4th Album Repackage `SECTOR 17` (Weverse),2457.0
2023-06-18,2023-06-24,2023,25,세븐틴,4th Album `Face the Sun`,13217.0
2023-06-18,2023-06-24,2023,25,세븐틴,4th Album `Face the Sun` (Weverse),2157.0
2023-06-18,2023-06-24,2023,25,세븐틴,7th Mini Album `헹가래`,12018.0
2023-06-18,2023-06-24,2023,25,세븐틴,8th Mini Album `Your Choice`,3868.0
2023-06-18,2023-06-24,2023,25,세븐틴,9th Mini Album `Attacca`,13023.0
2023-06-18,2023-06-24,2023,25,세븐틴,Special Album `; [Semicolon]`,1542.0
2023-06-18,2023-06-24,2023,25,지수 (JISOO),ME,952.0
2023-06-18,2023-06-24,2023,25,투모로우바이투게더,minisode 2: Thursday`s Child,2641.0
2023-06-18,2023-06-24,2023,25,투모로우바이투게더,minisode1 : Blue Hour,1683.0
2023-06-18,2023-06-24,2023,25,투모로우바이투게더,꿈의 장: ETERNITY,916.0
2023-06-18,2023-06-24,2023,25,투모로우바이투게더,꿈의 장: STAR,1009.0
2023-06-18,2023-06-24,2023,25,투모로우바이투게더,이름의 장: TEMPTATION,2663.0
2023-06-18,2023-06-24,2023,25,투모로우바이투게더,이름의 장: TEMPTATION (Weverse),1927.0
2023-06-18,2023-06-24,2023,25,투모로우바이투게더,혼돈의 장: FIGHT OR ESCAPE,3653.0
2023-06-18,2023-06-24,2023,25,프로미스나인 (fromis_9),Unlock My World,9178.0
2023-06-25,2023-07-01,2023,26,Agust D,D-DAY,8998.0
2023-06-25,2023-07-01,2023,26,BLACKPINK,BORN PINK,5331.0
2023-06-25,2023-07-01,2023,26,BLACKPINK,KILL THIS LOVE,2015.0
2023-06-25,2023-07-01,2023,26,BLACKPINK,SPECIAL EDITION [How You Like That],1084.0
2023-06-25,2023-07-01,2023,26,BLACKPINK,SQUARE UP,2494.0
2023-06-25,2023-07-01,2023,26,BLACKPINK,THE ALBUM,3038.0
2023-06-25,2023-07-01,2023,26,BOYNEXTDOOR,WHO!,15707.0
2023-06-25,2023-07-01,2023,26,BOYNEXTDOOR,WHO! (Weverse),940.0
2023-06-25,2023-07-01,2023,26,LE SSERAFIM (르세라핌),ANTIFRAGILE,887.0
2023-06-25,2023-07-01,2023,26,NewJeans,1st EP `New Jeans`,69501.0
2023-06-25,2023-07-01,2023,26,NewJeans,1st EP `New Jeans` (Weverse),1426.0
2023-06-25,2023-07-01,2023,26,NewJeans,`OMG`,55819.0
2023-06-25,2023-07-01,2023,26,NewJeans,`OMG` (Weverse),1391.0
2023-06-25,2023-07-01,2023,26,방탄소년단,LOVE YOURSELF 轉 `Tear`,1608.0
2023-06-25,2023-07-01,2023,26,방탄소년단,MAP OF THE SOUL : PERSONA,1444.0
2023-06-25,2023-07-01,2023,26,방탄소년단,Skool Luv Affair,926.0
2023-06-25,2023-07-01,2023,26,방탄소년단,화양연화 pt.2,1009.0
2023-06-25,2023-07-01,2023,26,세븐틴,10th Mini Album `FML`,392998.0
2023-06-25,2023-07-01,2023,26,세븐틴,3RD ALBUM ‘An Ode’,4384.0
2023-06-25,2023-07-01,2023,26,세븐틴,4th Album Repackage `SECTOR 17`,4042.0
2023-06-25,2023-07-01,2023,26,세븐틴,4th Album Repackage `SECTOR 17` (Weverse),868.0
2023-06-25,2023-07-01,2023,26,세븐틴,4th Album `Face the Sun`,10810.0
2023-06-25,2023-07-01,2023,26,세븐틴,4th Album `Face the Sun` (Weverse),1995.0
2023-06-25,2023-07-01,2023,26,세븐틴,7th Mini Album `헹가래`,3699.0
2023-06-25,2023-07-01,2023,26,세븐틴,8th Mini Album `Your Choice`,2856.0
2023-06-25,2023-07-01,2023,26,세븐틴,9th Mini Album `Attacca`,5301.0
2023-06-25,2023-07-01,2023,26,유키스 (U-kiss),PLAY LIST,7158.0
2023-06-25,2023-07-01,2023,26,제니 (JENNIE),SOLO,907.0
2023-06-25,2023-07-01,2023,26,지수 (JISOO),ME,8814.0
2023-06-25,2023-07-01,2023,26,투모로우바이투게더,minisode1 : Blue Hour,1590.0
2023-06-25,2023-07-01,2023,26,투모로우바이투게더,꿈의 장: MAGIC,863.0
2023-06-25,2023-07-01,2023,26,투모로우바이투게더,이름의 장: TEMPTATION,1347.0
2023-06-25,2023-07-01,2023,26,투모로우바이투게더,이름의 장: TEMPTATION (Weverse),1515.0
2023-06-25,2023-07-01,2023,26,투모로우바이투게더,혼돈의 장: FIGHT OR ESCAPE,2837.0
2023-06-25,2023-07-01,2023,26,프로미스나인 (fromis_9),Unlock My World,1152.0
2023-07-02,2023-07-08,2023,27,Agust D,D-DAY,830.0
2023-07-02,2023-07-08,2023,27,BLACKPINK,BORN PINK,3011.0
2023-07-02,2023-07-08,2023,27,BLACKPINK,KILL THIS LOVE,1748.0
2023-07-02,2023-07-08,2023,27,BLACKPINK,SQUARE UP,1099.0
2023-07-02,2023-07-08,2023,27,BLACKPINK,THE ALBUM,2347.0
2023-07-02,2023-07-08,2023,27,BOYNEXTDOOR,WHO!,7895.0
2023-07-02,2023-07-08,2023,27,BOYNEXTDOOR,WHO! (Weverse),881.0
2023-07-02,2023-07-08,2023,27,LE SSERAFIM (르세라핌),ANTIFRAGILE,2442.0
2023-07-02,2023-07-08,2023,27,LE SSERAFIM (르세라핌),UNFORGIVEN,1310.0
2023-07-02,2023-07-08,2023,27,NewJeans,1st EP `New Jeans`,16924.0
2023-07-02,2023-07-08,2023,27,NewJeans,1st EP `New Jeans` (Weverse),2757.0
2023-07-02,2023-07-08,2023,27,NewJeans,`OMG`,4704.0
2023-07-02,2023-07-08,2023,27,NewJeans,`OMG` (Weverse),1496.0
2023-07-02,2023-07-08,2023,27,방탄소년단,Butter,876.0
2023-07-02,2023-07-08,2023,27,방탄소년단,LOVE YOURSELF 承 `Her`,810.0
2023-07-02,2023-07-08,2023,27,방탄소년단,LOVE YOURSELF 結 `Answer`,1748.0
2023-07-02,2023-07-08,2023,27,방탄소년단,LOVE YOURSELF 轉 `Tear`,1460.0
2023-07-02,2023-07-08,2023,27,방탄소년단,MAP OF THE SOUL : 7,968.0
2023-07-02,2023-07-08,2023,27,방탄소년단,MAP OF THE SOUL : PERSONA,1108.0
2023-07-02,2023-07-08,2023,27,세븐틴,10th Mini Album `FML`,10812.0
2023-07-02,2023-07-08,2023,27,세븐틴,10th Mini Album `FML` (Weverse),866.0
2023-07-02,2023-07-08,2023,27,세븐틴,3RD ALBUM ‘An Ode’,6343.0
2023-07-02,2023-07-08,2023,27,세븐틴,4th Album Repackage `SECTOR 17`,9132.0
2023-07-02,2023-07-08,2023,27,세븐틴,4th Album Repackage `SECTOR 17` (Weverse),921.0
2023-07-02,2023-07-08,2023,27,세븐틴,4th Album `Face the Sun`,19088.0
2023-07-02,2023-07-08,2023,27,세븐틴,4th Album `Face the Sun` (Weverse),2206.0
2023-07-02,2023-07-08,2023,27,세븐틴,7th Mini Album `헹가래`,7628.0
2023-07-02,2023-07-08,2023,27,세븐틴,8th Mini Album `Your Choice`,2903.0
2023-07-02,2023-07-08,2023,27,세븐틴,9th Mini Album `Attacca`,13689.0
2023-07-02,2023-07-08,2023,27,세븐틴,Special Album `; [Semicolon]`,4299.0
2023-07-02,2023-07-08,2023,27,제니 (JENNIE),SOLO,1116.0
2023-07-02,2023-07-08,2023,27,지민,FACE,30369.0
2023-07-02,2023-07-08,2023,27,지민,FACE (Weverse),2183.0
2023-07-02,2023-07-08,2023,27,지수 (JISOO),ME,906.0
2023-07-02,2023-07-08,2023,27,투모로우바이투게더,minisode 2: Thursday`s Child,2532.0
2023-07-02,2023-07-08,2023,27,투모로우바이투게더,minisode1 : Blue Hour,1782.0
2023-07-02,2023-07-08,2023,27,투모로우바이투게더,꿈의 장: MAGIC,834.0
2023-07-02,2023-07-08,2023,27,투모로우바이투게더,꿈의 장: STAR,917.0
2023-07-02,2023-07-08,2023,27,투모로우바이투게더,이름의 장: TEMPTATION,42503.0
2023-07-02,2023-07-08,2023,27,투모로우바이투게더,이름의 장: TEMPTATION (Weverse),2616.0
2023-07-02,2023-07-08,2023,27,투모로우바이투게더,혼돈의 장: FIGHT OR ESCAPE,2468.0
2023-07-02,2023-07-08,2023,27,투모로우바이투게더,혼돈의 장: FREEZE,1375.0
2023-07-02,2023-07-08,2023,27,프로미스나인 (fromis_9),Unlock My World,1328.0
2023-07-09,2023-07-15,2023,28,Agust D,D-DAY (Weverse),890.0
2023-07-09,2023-07-15,2023,28,BLACKPINK,BORN PINK,5892.0
2023-07-09,2023-07-15,2023,28,BLACKPINK,KILL THIS LOVE,2120.0
2023-07-09,2023-07-15,2023,28,BLACKPINK,SQUARE UP,972.0
2023-07-09,2023-07-15,2023,28,BLACKPINK,THE ALBUM,1288.0
2023-07-09,2023-07-15,2023,28,BOYNEXTDOOR,WHO!,28587.0
2023-07-09,2023-07-15,2023,28,BOYNEXTDOOR,WHO! (Weverse),1810.0
2023-07-09,2023-07-15,2023,28,LE SSERAFIM (르세라핌),ANTIFRAGILE,2829.0
2023-07-09,2023-07-15,2023,28,LE SSERAFIM (르세라핌),ANTIFRAGILE (Weverse),1270.0
2023-07-09,2023-07-15,2023,28,LE SSERAFIM (르세라핌),FEARLESS,1370.0
2023-07-09,2023-07-15,2023,28,LE SSERAFIM (르세라핌),UNFORGIVEN,1953.0
2023-07-09,2023-07-15,2023,28,NewJeans,1st EP `New Jeans`,3164.0
2023-07-09,2023-07-15,2023,28,NewJeans,1st EP `New Jeans` (Weverse),2353.0
2023-07-09,2023-07-15,2023,28,NewJeans,`OMG`,2556.0
2023-07-09,2023-07-15,2023,28,NewJeans,`OMG` (Weverse),2420.0
2023-07-09,2023-07-15,2023,28,리사 (LISA),LALISA,688.0
2023-07-09,2023-07-15,2023,28,방탄소년단,Butter,1110.0
2023-07-09,2023-07-15,2023,28,방탄소년단,DARK&WILD,683.0
2023-07-09,2023-07-15,2023,28,방탄소년단,LOVE YOURSELF 轉 `Tear`,756.0
2023-07-09,2023-07-15,2023,28,방탄소년단,MAP OF THE SOUL : 7,2174.0
2023-07-09,2023-07-15,2023,28,방탄소년단,MAP OF THE SOUL : PERSONA,856.0
2023-07-09,2023-07-15,2023,28,방탄소년단,YOU NEVER WALK ALONE,1116.0
2023-07-09,2023-07-15,2023,28,방탄소년단,화양연화 Young Forever,708.0
2023-07-09,2023-07-15,2023,28,방탄소년단,화양연화 pt.1,909.0
2023-07-09,2023-07-15,2023,28,방탄소년단,화양연화 pt.2,1104.0
2023-07-09,2023-07-15,2023,28,세븐틴,10th Mini Album `FML`,7160.0
2023-07-09,2023-07-15,2023,28,세븐틴,10th Mini Album `FML` (Weverse),979.0
2023-07-09,2023-07-15,2023,28,세븐틴,3RD ALBUM ‘An Ode’,2630.0
2023-07-09,2023-07-15,2023,28,세븐틴,4th Album Repackage `SECTOR 17`,30984.0
2023-07-09,2023-07-15,2023,28,세븐틴,4th Album Repackage `SECTOR 17` (Weverse),747.0
2023-07-09,2023-07-15,2023,28,세븐틴,4th Album `Face the Sun`,11769.0
2023-07-09,2023-07-15,2023,28,세븐틴,4th Album `Face the Sun` (Weverse),2562.0
2023-07-09,2023-07-15,2023,28,세븐틴,7th Mini Album `헹가래`,5097.0
2023-07-09,2023-07-15,2023,28,세븐틴,8th Mini Album `Your Choice`,5415.0
2023-07-09,2023-07-15,2023,28,세븐틴,9th Mini Album `Attacca`,8039.0
2023-07-09,2023-07-15,2023,28,세븐틴,Special Album `; [Semicolon]`,2058.0
2023-07-09,2023-07-15,2023,28,지민,FACE (Weverse),4000.0
2023-07-09,2023-07-15,2023,28,지수 (JISOO),ME,945.0
2023-07-09,2023-07-15,2023,28,투모로우바이투게더,minisode 2: Thursday`s Child,2036.0
2023-07-09,2023-07-15,2023,28,투모로우바이투게더,minisode1 : Blue Hour,2940.0
2023-07-09,2023-07-15,2023,28,투모로우바이투게더,꿈의 장: ETERNITY,996.0
2023-07-09,2023-07-15,2023,28,투모로우바이투게더,꿈의 장: MAGIC,1208.0
2023-07-09,2023-07-15,2023,28,투모로우바이투게더,꿈의 장: STAR,1070.0
2023-07-09,2023-07-15,2023,28,투모로우바이투게더,이름의 장: TEMPTATION,3631.0
2023-07-09,2023-07-15,2023,28,투모로우바이투게더,이름의 장: TEMPTATION (Weverse),2131.0
2023-07-09,2023-07-15,2023,28,투모로우바이투게더,혼돈의 장: FIGHT OR ESCAPE,2955.0
2023-07-09,2023-07-15,2023,28,투모로우바이투게더,혼돈의 장: FREEZE,1047.0
2023-07-09,2023-07-15,2023,28,프로미스나인 (fromis_9),Unlock My World,9446.0
2023-07-16,2023-07-22,2023,29,Agust D,D-DAY,653.0
2023-07-16,2023-07-22,2023,29,BLACKPINK,BORN PINK,4531.0
2023-07-16,2023-07-22,2023,29,BLACKPINK,KILL THIS LOVE,1357.0
2023-07-16,2023-07-22,2023,29,BLACKPINK,SQUARE UP,1027.0
2023-07-16,2023-07-22,2023,29,BLACKPINK,THE ALBUM,1551.0
2023-07-16,2023-07-22,2023,29,BOYNEXTDOOR,WHO!,2888.0
2023-07-16,2023-07-22,2023,29,BOYNEXTDOOR,WHO! (Weverse),837.0
2023-07-16,2023-07-22,2023,29,LE SSERAFIM (르세라핌),ANTIFRAGILE,2417.0
2023-07-16,2023-07-22,2023,29,LE SSERAFIM (르세라핌),ANTIFRAGILE (Weverse),1080.0
2023-07-16,2023-07-22,2023,29,LE SSERAFIM (르세라핌),FEARLESS,895.0
2023-07-16,2023-07-22,2023,29,LE SSERAFIM (르세라핌),UNFORGIVEN,2094.0
2023-07-16,2023-07-22,2023,29,LE SSERAFIM (르세라핌),UNFORGIVEN (Weverse),4235.0
2023-07-16,2023-07-22,2023,29,NewJeans,1st EP `New Jeans`,2090.0
2023-07-16,2023-07-22,2023,29,NewJeans,1st EP `New Jeans` (Weverse),2753.0
2023-07-16,2023-07-22,2023,29,NewJeans,2nd EP `Get Up`,1451905.0
2023-07-16,2023-07-22,2023,29,NewJeans,2nd EP `Get Up` (Weverse),271895.0
2023-07-16,2023-07-22,2023,29,NewJeans,`OMG`,2927.0
2023-07-16,2023-07-22,2023,29,NewJeans,`OMG` (Weverse),1577.0
2023-07-16,2023-07-22,2023,29,로제 (ROSE),R,10614.0
2023-07-16,2023-07-22,2023,29,리사 (LISA),LALISA,861.0
2023-07-16,2023-07-22,2023,29,방탄소년단,2 Cool 4 Skool,659.0
2023-07-16,2023-07-22,2023,29,방탄소년단,LOVE YOURSELF 承 `Her`,1643.0
2023-07-16,2023-07-22,2023,29,방탄소년단,LOVE YOURSELF 結 `Answer`,1094.0
2023-07-16,2023-07-22,2023,29,방탄소년단,LOVE YOURSELF 轉 `Tear`,1463.0
2023-07-16,2023-07-22,2023,29,방탄소년단,MAP OF THE SOUL : 7,1342.0
2023-07-16,2023-07-22,2023,29,방탄소년단,MAP OF THE SOUL : PERSONA,1317.0
2023-07-16,2023-07-22,2023,29,방탄소년단,화양연화 pt.1,716.0
2023-07-16,2023-07-22,2023,29,방탄소년단,화양연화 pt.2,769.0
2023-07-16,2023-07-22,2023,29,세븐틴,10th Mini Album `FML`,25377.0
2023-07-16,2023-07-22,2023,29,세븐틴,10th Mini Album `FML` (Weverse),1372.0
2023-07-16,2023-07-22,2023,29,세븐틴,3RD ALBUM ‘An Ode’,5988.0
2023-07-16,2023-07-22,2023,29,세븐틴,4th Album Repackage `SECTOR 17`,32550.0
2023-07-16,2023-07-22,2023,29,세븐틴,4th Album Repackage `SECTOR 17` (Weverse),2429.0
2023-07-16,2023-07-22,2023,29,세븐틴,4th Album `Face the Sun`,34348.0
2023-07-16,2023-07-22,2023,29,세븐틴,4th Album `Face the Sun` (Weverse),5059.0
2023-07-16,2023-07-22,2023,29,세븐틴,7th Mini Album `헹가래`,3117.0
2023-07-16,2023-07-22,2023,29,세븐틴,8th Mini Album `Your Choice`,2652.0
2023-07-16,2023-07-22,2023,29,세븐틴,9th Mini Album `Attacca`,8334.0
2023-07-16,2023-07-22,2023,29,세븐틴,Special Album `; [Semicolon]`,1364.0
2023-07-16,2023-07-22,2023,29,지수 (JISOO),ME,1306.0
2023-07-16,2023-07-22,2023,29,투모로우바이투게더,minisode 2: Thursday`s Child,917.0
2023-07-16,2023-07-22,2023,29,투모로우바이투게더,minisode1 : Blue Hour,1877.0
2023-07-16,2023-07-22,2023,29,투모로우바이투게더,꿈의 장: STAR,669.0
2023-07-16,2023-07-22,2023,29,투모로우바이투게더,이름의 장: TEMPTATION,2980.0
2023-07-16,2023-07-22,2023,29,투모로우바이투게더,이름의 장: TEMPTATION (Weverse),1844.0
2023-07-16,2023-07-22,2023,29,투모로우바이투게더,혼돈의 장: FIGHT OR ESCAPE,3225.0
2023-07-16,2023-07-22,2023,29,투모로우바이투게더,혼돈의 장: FREEZE,736.0
2023-07-23,2023-07-29,2023,30,BLACKPINK,BORN PINK,4288.0
2023-07-23,2023-07-29,2023,30,BLACKPINK,KILL THIS LOVE,1586.0
2023-07-23,2023-07-29,2023,30,BLACKPINK,SQUARE UP,1195.0
2023-07-23,2023-07-29,2023,30,BLACKPINK,THE ALBUM,1218.0
2023-07-23,2023-07-29,2023,30,BOYNEXTDOOR,WHO!,3898.0
2023-07-23,2023-07-29,2023,30,HORI7ON(호라이즌),Friend-SHIP,7158.0
2023-07-23,2023-07-29,2023,30,LE SSERAFIM (르세라핌),ANTIFRAGILE,2343.0
2023-07-23,2023-07-29,2023,30,LE SSERAFIM (르세라핌),ANTIFRAGILE (Weverse),1101.0
2023-07-23,2023-07-29,2023,30,LE SSERAFIM (르세라핌),UNFORGIVEN,1833.0
2023-07-23,2023-07-29,2023,30,NewJeans,1st EP `New Jeans`,2766.0
2023-07-23,2023-07-29,2023,30,NewJeans,1st EP `New Jeans` (Weverse),3282.0
2023-07-23,2023-07-29,2023,30,NewJeans,2nd EP `Get Up`,24806.0
2023-07-23,2023-07-29,2023,30,NewJeans,2nd EP `Get Up` (Weverse),17045.0
2023-07-23,2023-07-29,2023,30,NewJeans,`OMG`,972.0
2023-07-23,2023-07-29,2023,30,NewJeans,`OMG` (Weverse),1177.0
2023-07-23,2023-07-29,2023,30,TREASURE (트레저),2ND FULL ALBUM `REBOOT`,1533616.0
2023-07-23,2023-07-29,2023,30,TREASURE (트레저),2ND FULL ALBUM `REBOOT` (KiT),8849.0
2023-07-23,2023-07-29,2023,30,TREASURE (트레저),2ND FULL ALBUM `REBOOT` (Nemo),176052.0
2023-07-23,2023-07-29,2023,30,TREASURE (트레저),THE SECOND STEP : CHAPTER TWO,999.0
2023-07-23,2023-07-29,2023,30,로제 (ROSE),R,1909.0
2023-07-23,2023-07-29,2023,30,방탄소년단,LOVE YOURSELF 承 `Her`,1045.0
2023-07-23,2023-07-29,2023,30,방탄소년단,"O!RUL8,2?",1328.0
2023-07-23,2023-07-29,2023,30,방탄소년단,Skool Luv Affair,2385.0
2023-07-23,2023-07-29,2023,30,방탄소년단,WINGS,1851.0
2023-07-23,2023-07-29,2023,30,방탄소년단,YOU NEVER WALK ALONE,2582.0
2023-07-23,2023-07-29,2023,30,세븐틴,10th Mini Album `FML`,1133.0
2023-07-23,2023-07-29,2023,30,세븐틴,10th Mini Album `FML` (Weverse),1973.0
2023-07-23,2023-07-29,2023,30,세븐틴,3RD ALBUM ‘An Ode’,2741.0
2023-07-23,2023-07-29,2023,30,세븐틴,4th Album Repackage `SECTOR 17`,2952.0
2023-07-23,2023-07-29,2023,30,세븐틴,4th Album Repackage `SECTOR 17` (Weverse),2322.0
2023-07-23,2023-07-29,2023,30,세븐틴,4th Album `Face the Sun`,41411.0
2023-07-23,2023-07-29,2023,30,세븐틴,4th Album `Face the Sun` (Weverse),4258.0
2023-07-23,2023-07-29,2023,30,세븐틴,7th Mini Album `헹가래`,6602.0
2023-07-23,2023-07-29,2023,30,세븐틴,8th Mini Album `Your Choice`,3936.0
2023-07-23,2023-07-29,2023,30,세븐틴,9th Mini Album `Attacca`,10551.0
2023-07-23,2023-07-29,2023,30,세븐틴,Special Album `; [Semicolon]`,2679.0
2023-07-23,2023-07-29,2023,30,지수 (JISOO),ME,859.0
2023-07-23,2023-07-29,2023,30,투모로우바이투게더,minisode 2: Thursday`s Child,3033.0
2023-07-23,2023-07-29,2023,30,투모로우바이투게더,minisode1 : Blue Hour,2075.0
2023-07-23,2023-07-29,2023,30,투모로우바이투게더,꿈의 장: MAGIC,1206.0
2023-07-23,2023-07-29,2023,30,투모로우바이투게더,꿈의 장: STAR,1228.0
2023-07-23,2023-07-29,2023,30,투모로우바이투게더,이름의 장: TEMPTATION,3716.0
2023-07-23,2023-07-29,2023,30,투모로우바이투게더,이름의 장: TEMPTATION (Weverse),2555.0
2023-07-23,2023-07-29,2023,30,투모로우바이투게더,혼돈의 장: FIGHT OR ESCAPE,4233.0
2023-07-23,2023-07-29,2023,30,투모로우바이투게더,혼돈의 장: FREEZE,1345.0
2023-07-30,2023-08-05,2023,31,Agust D,D-DAY,13550.0
2023-07-30,2023-08-05,2023,31,BLACKPINK,BORN PINK,15435.0
2023-07-30,2023-08-05,2023,31,BLACKPINK,KILL THIS LOVE,4994.0
2023-07-30,2023-08-05,2023,31,BLACKPINK,SPECIAL EDITION [How You Like That],1619.0
2023-07-30,2023-08-05,2023,31,BLACKPINK,SQUARE UP,3929.0
2023-07-30,2023-08-05,2023,31,BLACKPINK,THE ALBUM,6697.0
2023-07-30,2023-08-05,2023,31,HORI7ON(호라이즌),Friend-SHIP,1134.0
2023-07-30,2023-08-05,2023,31,LE SSERAFIM (르세라핌),UNFORGIVEN,1717.0
2023-07-30,2023-08-05,2023,31,NewJeans,1st EP `New Jeans`,2726.0
2023-07-30,2023-08-05,2023,31,NewJeans,1st EP `New Jeans` (Weverse),3223.0
2023-07-30,2023-08-05,2023,31,NewJeans,2nd EP `Get Up`,96040.0
2023-07-30,2023-08-05,2023,31,NewJeans,2nd EP `Get Up` (Weverse),24928.0
2023-07-30,2023-08-05,2023,31,NewJeans,`OMG`,2460.0
2023-07-30,2023-08-05,2023,31,NewJeans,`OMG` (Weverse),3547.0
2023-07-30,2023-08-05,2023,31,TREASURE (트레저),2ND FULL ALBUM `REBOOT`,57742.0
2023-07-30,2023-08-05,2023,31,TREASURE (트레저),2ND FULL ALBUM `REBOOT` (KiT),2768.0
2023-07-30,2023-08-05,2023,31,TREASURE (트레저),2ND FULL ALBUM `REBOOT` (Nemo),15689.0
2023-07-30,2023-08-05,2023,31,로제 (ROSE),R,7456.0
2023-07-30,2023-08-05,2023,31,리사 (LISA),LALISA,4041.0
2023-07-30,2023-08-05,2023,31,방탄소년단,LOVE YOURSELF 轉 `Tear`,1020.0
2023-07-30,2023-08-05,2023,31,세븐틴,10th Mini Album `FML`,17693.0
2023-07-30,2023-08-05,2023,31,세븐틴,10th Mini Album `FML` (KiT),2000.0
2023-07-30,2023-08-05,2023,31,세븐틴,10th Mini Album `FML` (Weverse),1154.0
2023-07-30,2023-08-05,2023,31,세븐틴,3RD ALBUM ‘An Ode’,13215.0
2023-07-30,2023-08-05,2023,31,세븐틴,4th Album Repackage `SECTOR 17`,4247.0
2023-07-30,2023-08-05,2023,31,세븐틴,4th Album Repackage `SECTOR 17` (Weverse),2971.0
2023-07-30,2023-08-05,2023,31,세븐틴,4th Album `Face the Sun`,30393.0
2023-07-30,2023-08-05,2023,31,세븐틴,4th Album `Face the Sun` (Weverse),2682.0
2023-07-30,2023-08-05,2023,31,세븐틴,7th Mini Album `헹가래`,4000.0
2023-07-30,2023-08-05,2023,31,세븐틴,8th Mini Album `Your Choice`,13080.0
2023-07-30,2023-08-05,2023,31,세븐틴,9th Mini Album `Attacca`,14533.0
2023-07-30,2023-08-05,2023,31,세븐틴,Special Album `; [Semicolon]`,1432.0
2023-07-30,2023-08-05,2023,31,제니 (JENNIE),SOLO,3778.0
2023-07-30,2023-08-05,2023,31,지수 (JISOO),ME (LP),67000.0
2023-07-30,2023-08-05,2023,31,투모로우바이투게더,minisode 2: Thursday`s Child,2737.0
2023-07-30,2023-08-05,2023,31,투모로우바이투게더,minisode1 : Blue Hour,3627.0
2023-07-30,2023-08-05,2023,31,투모로우바이투게더,꿈의 장: ETERNITY,1142.0
2023-07-30,2023-08-05,2023,31,투모로우바이투게더,꿈의 장: MAGIC,1319.0
2023-07-30,2023-08-05,2023,31,투모로우바이투게더,꿈의 장: STAR,1765.0
2023-07-30,2023-08-05,2023,31,투모로우바이투게더,이름의 장: TEMPTATION,2976.0
2023-07-30,2023-08-05,2023,31,투모로우바이투게더,이름의 장: TEMPTATION (Weverse),1611.0
2023-07-30,2023-08-05,2023,31,투모로우바이투게더,혼돈의 장: FIGHT OR ESCAPE,2832.0
2023-07-30,2023-08-05,2023,31,투모로우바이투게더,혼돈의 장: FREEZE,2114.0
2023-07-30,2023-08-05,2023,31,프로미스나인 (fromis_9),Unlock My World,9169.0
2023-08-06,2023-08-12,2023,32,BLACKPINK,BORN PINK,4301.0
2023-08-06,2023-08-12,2023,32,BLACKPINK,KILL THIS LOVE,1856.0
2023-08-06,2023-08-12,2023,32,BLACKPINK,THE ALBUM,1838.0
2023-08-06,2023-08-12,2023,32,BOYNEXTDOOR,WHO!,3021.0
2023-08-06,2023-08-12,2023,32,LE SSERAFIM (르세라핌),ANTIFRAGILE,2131.0
2023-08-06,2023-08-12,2023,32,LE SSERAFIM (르세라핌),UNFORGIVEN,1292.0
2023-08-06,2023-08-12,2023,32,NewJeans,1st EP `New Jeans`,4096.0
2023-08-06,2023-08-12,2023,32,NewJeans,1st EP `New Jeans` (Weverse),2387.0
2023-08-06,2023-08-12,2023,32,NewJeans,2nd EP `Get Up`,8810.0
2023-08-06,2023-08-12,2023,32,NewJeans,2nd EP `Get Up` (Weverse),3988.0
2023-08-06,2023-08-12,2023,32,NewJeans,`OMG`,2202.0
2023-08-06,2023-08-12,2023,32,TREASURE (트레저),2ND FULL ALBUM `REBOOT`,1919.0
2023-08-06,2023-08-12,2023,32,로제 (ROSE),R,1571.0
2023-08-06,2023-08-12,2023,32,방탄소년단,Butter,1310.0
2023-08-06,2023-08-12,2023,32,방탄소년단,LOVE YOURSELF 承 `Her`,1432.0
2023-08-06,2023-08-12,2023,32,방탄소년단,LOVE YOURSELF 轉 `Tear`,1572.0
2023-08-06,2023-08-12,2023,32,방탄소년단,MAP OF THE SOUL : PERSONA,1558.0
2023-08-06,2023-08-12,2023,32,방탄소년단,Skool Luv Affair,1527.0
2023-08-06,2023-08-12,2023,32,세븐틴,10th Mini Album `FML`,5693.0
2023-08-06,2023-08-12,2023,32,세븐틴,3RD ALBUM ‘An Ode’,5310.0
2023-08-06,2023-08-12,2023,32,세븐틴,4th Album Repackage `SECTOR 17`,5744.0
2023-08-06,2023-08-12,2023,32,세븐틴,4th Album Repackage `SECTOR 17` (Weverse),4175.0
2023-08-06,2023-08-12,2023,32,세븐틴,4th Album `Face the Sun`,18903.0
2023-08-06,2023-08-12,2023,32,세븐틴,4th Album `Face the Sun` (Weverse),6195.0
2023-08-06,2023-08-12,2023,32,세븐틴,7th Mini Album `헹가래`,6339.0
2023-08-06,2023-08-12,2023,32,세븐틴,8th Mini Album `Your Choice`,3338.0
2023-08-06,2023-08-12,2023,32,세븐틴,9th Mini Album `Attacca`,18363.0
2023-08-06,2023-08-12,2023,32,세븐틴,Special Album `; [Semicolon]`,1729.0
2023-08-06,2023-08-12,2023,32,투모로우바이투게더,minisode 2: Thursday`s Child,3703.0
2023-08-06,2023-08-12,2023,32,투모로우바이투게더,minisode1 : Blue Hour,5732.0
2023-08-06,2023-08-12,2023,32,투모로우바이투게더,꿈의 장: MAGIC,1473.0
2023-08-06,2023-08-12,2023,32,투모로우바이투게더,꿈의 장: STAR,1644.0
2023-08-06,2023-08-12,2023,32,투모로우바이투게더,이름의 장: TEMPTATION,4943.0
2023-08-06,2023-08-12,2023,32,투모로우바이투게더,이름의 장: TEMPTATION (Weverse),3448.0
2023-08-06,2023-08-12,2023,32,투모로우바이투게더,혼돈의 장: FIGHT OR ESCAPE,10537.0
2023-08-06,2023-08-12,2023,32,투모로우바이투게더,혼돈의 장: FREEZE,1763.0
2023-08-13,2023-08-19,2023,33,BLACKPINK,BORN PINK,4309.0
2023-08-13,2023-08-19,2023,33,BLACKPINK,KILL THIS LOVE,1869.0
2023-08-13,2023-08-19,2023,33,BLACKPINK,THE ALBUM,1405.0
2023-08-13,2023-08-19,2023,33,BOYNEXTDOOR,WHO!,1456.0
2023-08-13,2023-08-19,2023,33,LE SSERAFIM (르세라핌),ANTIFRAGILE,3936.0
2023-08-13,2023-08-19,2023,33,LE SSERAFIM (르세라핌),UNFORGIVEN,1430.0
2023-08-13,2023-08-19,2023,33,NewJeans,1st EP `New Jeans`,2218.0
2023-08-13,2023-08-19,2023,33,NewJeans,1st EP `New Jeans` (Weverse),1817.0
2023-08-13,2023-08-19,2023,33,NewJeans,2nd EP `Get Up`,10932.0
2023-08-13,2023-08-19,2023,33,NewJeans,2nd EP `Get Up` (Weverse),6932.0
2023-08-13,2023-08-19,2023,33,NewJeans,`OMG`,2517.0
2023-08-13,2023-08-19,2023,33,TREASURE (트레저),2ND FULL ALBUM `REBOOT`,10704.0
2023-08-13,2023-08-19,2023,33,j-hope,Jack In The Box (HOPE Edition),580428.0
2023-08-13,2023-08-19,2023,33,로제 (ROSE),R,1597.0
2023-08-13,2023-08-19,2023,33,리사 (LISA),LALISA,1244.0
2023-08-13,2023-08-19,2023,33,방탄소년단,MAP OF THE SOUL : PERSONA,1608.0
2023-08-13,2023-08-19,2023,33,세븐틴,10th Mini Album `FML`,2201.0
2023-08-13,2023-08-19,2023,33,세븐틴,3RD ALBUM ‘An Ode’,3205.0
2023-08-13,2023-08-19,2023,33,세븐틴,4th Album Repackage `SECTOR 17`,4206.0
2023-08-13,2023-08-19,2023,33,세븐틴,4th Album Repackage `SECTOR 17` (Weverse),1456.0
2023-08-13,2023-08-19,2023,33,세븐틴,4th Album `Face the Sun`,6333.0
2023-08-13,2023-08-19,2023,33,세븐틴,7th Mini Album `헹가래`,2845.0
2023-08-13,2023-08-19,2023,33,세븐틴,8th Mini Album `Your Choice`,3339.0
2023-08-13,2023-08-19,2023,33,세븐틴,9th Mini Album `Attacca`,11375.0
2023-08-13,2023-08-19,2023,33,전소미,GAME PLAN,44623.0
2023-08-13,2023-08-19,2023,33,전소미,GAME PLAN (Nemo),7989.0
2023-08-13,2023-08-19,2023,33,제니 (JENNIE),SOLO,1717.0
2023-08-13,2023-08-19,2023,33,죠지,FRR (LP),3000.0
2023-08-13,2023-08-19,2023,33,지민,FACE (Weverse),4273.0
2023-08-13,2023-08-19,2023,33,투모로우바이투게더,minisode 2: Thursday`s Child,1449.0
2023-08-13,2023-08-19,2023,33,투모로우바이투게더,minisode1 : Blue Hour,1616.0
2023-08-13,2023-08-19,2023,33,투모로우바이투게더,이름의 장: TEMPTATION,2354.0
2023-08-13,2023-08-19,2023,33,투모로우바이투게더,혼돈의 장: FIGHT OR ESCAPE,3285.0
2023-08-13,2023-08-19,2023,33,투모로우바이투게더,혼돈의 장: FREEZE,1703.0
2023-08-20,2023-08-26,2023,34,Agust D,D-DAY,1248.0
2023-08-20,2023-08-26,2023,34,BLACKPINK,BORN PINK,5707.0
2023-08-20,2023-08-26,2023,34,BLACKPINK,KILL THIS LOVE,1077.0
2023-08-20,2023-08-26,2023,34,BLACKPINK,THE ALBUM,2424.0
2023-08-20,2023-08-26,2023,34,BOYNEXTDOOR,WHO!,1244.0
2023-08-20,2023-08-26,2023,34,LE SSERAFIM (르세라핌),ANTIFRAGILE,1683.0
2023-08-20,2023-08-26,2023,34,LE SSERAFIM (르세라핌),ANTIFRAGILE (Weverse),943.0
2023-08-20,2023-08-26,2023,34,LE SSERAFIM (르세라핌),FEARLESS,807.0
2023-08-20,2023-08-26,2023,34,LE SSERAFIM (르세라핌),UNFORGIVEN,25116.0
2023-08-20,2023-08-26,2023,34,NewJeans,1st EP `New Jeans`,1990.0
2023-08-20,2023-08-26,2023,34,NewJeans,1st EP `New Jeans` (Weverse),2616.0
2023-08-20,2023-08-26,2023,34,NewJeans,2nd EP `Get Up`,6911.0
2023-08-20,2023-08-26,2023,34,NewJeans,2nd EP `Get Up` (Weverse),2648.0
2023-08-20,2023-08-26,2023,34,NewJeans,`OMG`,3673.0
2023-08-20,2023-08-26,2023,34,NewJeans,`OMG` (Weverse),2131.0
2023-08-20,2023-08-26,2023,34,PLAVE,ASTERUM : The Shape of Things to Come,150000.0
2023-08-20,2023-08-26,2023,34,TREASURE (트레저),2ND FULL ALBUM `REBOOT`,9854.0
2023-08-20,2023-08-26,2023,34,j-hope,Jack In The Box (HOPE Edition),928.0
2023-08-20,2023-08-26,2023,34,로제 (ROSE),R,2924.0
2023-08-20,2023-08-26,2023,34,방탄소년단,LOVE YOURSELF 結 `Answer`,1032.0
2023-08-20,2023-08-26,2023,34,방탄소년단,MAP OF THE SOUL : PERSONA,1466.0
2023-08-20,2023-08-26,2023,34,방탄소년단,화양연화 Young Forever,802.0
2023-08-20,2023-08-26,2023,34,세븐틴,10th Mini Album `FML`,2341.0
2023-08-20,2023-08-26,2023,34,세븐틴,10th Mini Album `FML` (Weverse),1340.0
2023-08-20,2023-08-26,2023,34,세븐틴,3RD ALBUM ‘An Ode’,2488.0
2023-08-20,2023-08-26,2023,34,세븐틴,4th Album Repackage `SECTOR 17`,2670.0
2023-08-20,2023-08-26,2023,34,세븐틴,4th Album Repackage `SECTOR 17` (Weverse),2160.0
2023-08-20,2023-08-26,2023,34,세븐틴,4th Album `Face the Sun`,17002.0
2023-08-20,2023-08-26,2023,34,세븐틴,4th Album `Face the Sun` (Weverse),2788.0
2023-08-20,2023-08-26,2023,34,세븐틴,7th Mini Album `헹가래`,3780.0
2023-08-20,2023-08-26,2023,34,세븐틴,8th Mini Album `Your Choice`,3391.0
2023-08-20,2023-08-26,2023,34,세븐틴,9th Mini Album `Attacca`,11714.0
2023-08-20,2023-08-26,2023,34,세븐틴,Special Album `; [Semicolon]`,842.0
2023-08-20,2023-08-26,2023,34,지민,FACE (Weverse),3220.0
2023-08-20,2023-08-26,2023,34,투모로우바이투게더,minisode 2: Thursday`s Child,1874.0
2023-08-20,2023-08-26,2023,34,투모로우바이투게더,minisode1 : Blue Hour,1606.0
2023-08-20,2023-08-26,2023,34,투모로우바이투게더,꿈의 장: MAGIC,1134.0
2023-08-20,2023-08-26,2023,34,투모로우바이투게더,꿈의 장: STAR,1131.0
2023-08-20,2023-08-26,2023,34,투모로우바이투게더,이름의 장: TEMPTATION,2492.0
2023-08-20,2023-08-26,2023,34,투모로우바이투게더,이름의 장: TEMPTATION (Weverse),2255.0
2023-08-20,2023-08-26,2023,34,투모로우바이투게더,혼돈의 장: FIGHT OR ESCAPE,2872.0
2023-08-20,2023-08-26,2023,34,투모로우바이투게더,혼돈의 장: FREEZE,1538.0
2023-08-27,2023-09-02,2023,35,BLACKPINK,BORN PINK,2917.0
2023-08-27,2023-09-02,2023,35,BLACKPINK,KILL THIS LOVE,2353.0
2023-08-27,2023-09-02,2023,35,HORI7ON(호라이즌),Friend-SHIP,6765.0
2023-08-27,2023-09-02,2023,35,LE SSERAFIM (르세라핌),ANTIFRAGILE,1088.0
2023-08-27,2023-09-02,2023,35,LE SSERAFIM (르세라핌),FEARLESS,1045.0
2023-08-27,2023-09-02,2023,35,LE SSERAFIM (르세라핌),UNFORGIVEN,1140.0
2023-08-27,2023-09-02,2023,35,NewJeans,1st EP `New Jeans`,946.0
2023-08-27,2023-09-02,2023,35,NewJeans,1st EP `New Jeans` (Weverse),990.0
2023-08-27,2023-09-02,2023,35,NewJeans,2nd EP `Get Up` (Weverse),4305.0
2023-08-27,2023-09-02,2023,35,PLAVE,ASTERUM : The Shape of Things to Come,72285.0
2023-08-27,2023-09-02,2023,35,j-hope,Jack In The Box (HOPE Edition),1089.0
2023-08-27,2023-09-02,2023,35,로제 (ROSE),R,2248.0
2023-08-27,2023-09-02,2023,35,방탄소년단,Butter,1189.0
2023-08-27,2023-09-02,2023,35,방탄소년단,LOVE YOURSELF 承 `Her`,721.0
2023-08-27,2023-09-02,2023,35,방탄소년단,LOVE YOURSELF 轉 `Tear`,1117.0
2023-08-27,2023-09-02,2023,35,방탄소년단,MAP OF THE SOUL : 7,812.0
2023-08-27,2023-09-02,2023,35,방탄소년단,Proof,792.0
2023-08-27,2023-09-02,2023,35,방탄소년단,화양연화 pt.2,940.0
2023-08-27,2023-09-02,2023,35,세븐틴,10th Mini Album `FML`,2403.0
2023-08-27,2023-09-02,2023,35,세븐틴,3RD ALBUM ‘An Ode’,1296.0
2023-08-27,2023-09-02,2023,35,세븐틴,4th Album Repackage `SECTOR 17` (Weverse),1365.0
2023-08-27,2023-09-02,2023,35,세븐틴,4th Album `Face the Sun`,6920.0
2023-08-27,2023-09-02,2023,35,세븐틴,4th Album `Face the Sun` (Weverse),1454.0
2023-08-27,2023-09-02,2023,35,세븐틴,7th Mini Album `헹가래`,2175.0
2023-08-27,2023-09-02,2023,35,세븐틴,8th Mini Album `Your Choice`,1733.0
2023-08-27,2023-09-02,2023,35,세븐틴,9th Mini Album `Attacca`,7976.0
2023-08-27,2023-09-02,2023,35,전소미,GAME PLAN,9269.0
2023-08-27,2023-09-02,2023,35,투모로우바이투게더,minisode 2: Thursday`s Child,1085.0
2023-08-27,2023-09-02,2023,35,투모로우바이투게더,minisode1 : Blue Hour,3551.0
2023-08-27,2023-09-02,2023,35,투모로우바이투게더,꿈의 장: STAR,1078.0
2023-08-27,2023-09-02,2023,35,투모로우바이투게더,이름의 장: TEMPTATION,1240.0
2023-08-27,2023-09-02,2023,35,투모로우바이투게더,혼돈의 장: FIGHT OR ESCAPE,2010.0
2023-08-27,2023-09-02,2023,35,투모로우바이투게더,혼돈의 장: FREEZE,1370.0
2023-09-03,2023-09-09,2023,36,BLACKPINK,BORN PINK,8363.0
2023-09-03,2023-09-09,2023,36,BLACKPINK,KILL THIS LOVE,1694.0
2023-09-03,2023-09-09,2023,36,BOYNEXTDOOR,WHY..,366735.0
2023-09-03,2023-09-09,2023,36,BOYNEXTDOOR,WHY.. (Weverse),15348.0
2023-09-03,2023-09-09,2023,36,LE SSERAFIM (르세라핌),ANTIFRAGILE,1283.0
2023-09-03,2023-09-09,2023,36,NewJeans,1st EP `New Jeans`,2172.0
2023-09-03,2023-09-09,2023,36,NewJeans,1st EP `New Jeans` (Weverse),1785.0
2023-09-03,2023-09-09,2023,36,NewJeans,2nd EP `Get Up`,7059.0
2023-09-03,2023-09-09,2023,36,NewJeans,2nd EP `Get Up` (Weverse),7691.0
2023-09-03,2023-09-09,2023,36,NewJeans,`OMG`,786.0
2023-09-03,2023-09-09,2023,36,NewJeans,`OMG` (Weverse),975.0
2023-09-03,2023-09-09,2023,36,TREASURE (트레저),2ND FULL ALBUM `REBOOT`,3536.0
2023-09-03,2023-09-09,2023,36,TREASURE (트레저),2ND FULL ALBUM `REBOOT` (Nemo),1060.0
2023-09-03,2023-09-09,2023,36,V,Layover,1451622.0
2023-09-03,2023-09-09,2023,36,V,Layover (Weverse),328958.0
2023-09-03,2023-09-09,2023,36,로제 (ROSE),R,1571.0
2023-09-03,2023-09-09,2023,36,방탄소년단,LOVE YOURSELF 承 `Her`,1814.0
2023-09-03,2023-09-09,2023,36,방탄소년단,LOVE YOURSELF 結 `Answer`,1740.0
2023-09-03,2023-09-09,2023,36,방탄소년단,LOVE YOURSELF 轉 `Tear`,1496.0
2023-09-03,2023-09-09,2023,36,방탄소년단,MAP OF THE SOUL : 7,1000.0
2023-09-03,2023-09-09,2023,36,방탄소년단,WINGS,1304.0
2023-09-03,2023-09-09,2023,36,방탄소년단,YOU NEVER WALK ALONE,1288.0
2023-09-03,2023-09-09,2023,36,방탄소년단,화양연화 pt.2,948.0
2023-09-03,2023-09-09,2023,36,세븐틴,10th Mini Album `FML`,1988.0
2023-09-03,2023-09-09,2023,36,세븐틴,10th Mini Album `FML` (Weverse),974.0
2023-09-03,2023-09-09,2023,36,세븐틴,3RD ALBUM ‘An Ode’,2889.0
2023-09-03,2023-09-09,2023,36,세븐틴,4th Album Repackage `SECTOR 17`,1033.0
2023-09-03,2023-09-09,2023,36,세븐틴,4th Album Repackage `SECTOR 17` (Weverse),1634.0
2023-09-03,2023-09-09,2023,36,세븐틴,4th Album `Face the Sun`,10425.0
2023-09-03,2023-09-09,2023,36,세븐틴,4th Album `Face the Sun` (Weverse),5750.0
2023-09-03,2023-09-09,2023,36,세븐틴,7th Mini Album `헹가래`,3240.0
2023-09-03,2023-09-09,2023,36,세븐틴,8th Mini Album `Your Choice`,1734.0
2023-09-03,2023-09-09,2023,36,세븐틴,9th Mini Album `Attacca`,6271.0
2023-09-03,2023-09-09,2023,36,지민,FACE (Weverse),2227.0
2023-09-03,2023-09-09,2023,36,지수 (JISOO),ME,1262.0
2023-09-03,2023-09-09,2023,36,진 (JIN),The Astronaut,1342.0
2023-09-03,2023-09-09,2023,36,투모로우바이투게더,minisode 2: Thursday`s Child,1550.0
2023-09-03,2023-09-09,2023,36,투모로우바이투게더,minisode1 : Blue Hour,3946.0
2023-09-03,2023-09-09,2023,36,투모로우바이투게더,꿈의 장: ETERNITY,925.0
2023-09-03,2023-09-09,2023,36,투모로우바이투게더,꿈의 장: MAGIC,1238.0
2023-09-03,2023-09-09,2023,36,투모로우바이투게더,꿈의 장: STAR,1286.0
2023-09-03,2023-09-09,2023,36,투모로우바이투게더,이름의 장: TEMPTATION,2945.0
2023-09-03,2023-09-09,2023,36,투모로우바이투게더,이름의 장: TEMPTATION (Weverse),1662.0
2023-09-03,2023-09-09,2023,36,투모로우바이투게더,혼돈의 장: FIGHT OR ESCAPE,2767.0
2023-09-03,2023-09-09,2023,36,투모로우바이투게더,혼돈의 장: FREEZE,1770.0
2023-09-10,2023-09-16,2023,37,Agust D,D-DAY,5838.0
2023-09-10,2023-09-16,2023,37,BLACKPINK,BORN PINK,2124.0
2023-09-10,2023-09-16,2023,37,BLACKPINK,KILL THIS LOVE,1574.0
2023-09-10,2023-09-16,2023,37,BOYNEXTDOOR,WHY..,31016.0
2023-09-10,2023-09-16,2023,37,HORI7ON(호라이즌),Friend-SHIP,42280.0
2023-09-10,2023-09-16,2023,37,LE SSERAFIM (르세라핌),ANTIFRAGILE,921.0
2023-09-10,2023-09-16,2023,37,LE SSERAFIM (르세라핌),UNFORGIVEN,1309.0
2023-09-10,2023-09-16,2023,37,NewJeans,1st EP `New Jeans`,2099.0
2023-09-10,2023-09-16,2023,37,NewJeans,1st EP `New Jeans` (Weverse),2051.0
2023-09-10,2023-09-16,2023,37,NewJeans,2nd EP `Get Up`,5120.0
2023-09-10,2023-09-16,2023,37,NewJeans,2nd EP `Get Up` (Weverse),2982.0
2023-09-10,2023-09-16,2023,37,NewJeans,`OMG`,1110.0
2023-09-10,2023-09-16,2023,37,NewJeans,`OMG` (Weverse),1016.0
2023-09-10,2023-09-16,2023,37,PLAVE,ASTERUM : The Shape of Things to Come,35893.0
2023-09-10,2023-09-16,2023,37,V,Layover,165891.0
2023-09-10,2023-09-16,2023,37,V,Layover (Weverse),64207.0
2023-09-10,2023-09-16,2023,37,로제 (ROSE),R,2103.0
2023-09-10,2023-09-16,2023,37,방탄소년단,2 Cool 4 Skool,32769.0
2023-09-10,2023-09-16,2023,37,방탄소년단,DARK&WILD,33313.0
2023-09-10,2023-09-16,2023,37,방탄소년단,"O!RUL8,2?",39628.0
2023-09-10,2023-09-16,2023,37,방탄소년단,Skool Luv Affair,19784.0
2023-09-10,2023-09-16,2023,37,방탄소년단,WINGS,1424.0
2023-09-10,2023-09-16,2023,37,세븐틴,10th Mini Album `FML`,1965.0
2023-09-10,2023-09-16,2023,37,세븐틴,10th Mini Album `FML` (Weverse),882.0
2023-09-10,2023-09-16,2023,37,세븐틴,3RD ALBUM ‘An Ode’,3176.0
2023-09-10,2023-09-16,2023,37,세븐틴,4th Album Repackage `SECTOR 17`,3767.0
2023-09-10,2023-09-16,2023,37,세븐틴,4th Album Repackage `SECTOR 17` (Weverse),2116.0
2023-09-10,2023-09-16,2023,37,세븐틴,4th Album `Face the Sun`,8716.0
2023-09-10,2023-09-16,2023,37,세븐틴,4th Album `Face the Sun` (Weverse),1764.0
2023-09-10,2023-09-16,2023,37,세븐틴,7th Mini Album `헹가래`,2957.0
2023-09-10,2023-09-16,2023,37,세븐틴,8th Mini Album `Your Choice`,4275.0
2023-09-10,2023-09-16,2023,37,세븐틴,9th Mini Album `Attacca`,6019.0
2023-09-10,2023-09-16,2023,37,전소미,GAME PLAN,2032.0
2023-09-10,2023-09-16,2023,37,지민,FACE (Weverse),2042.0
2023-09-10,2023-09-16,2023,37,진 (JIN),The Astronaut,1492.0
2023-09-10,2023-09-16,2023,37,카더가든,Harmony,895.0
2023-09-10,2023-09-16,2023,37,투모로우바이투게더,minisode 2: Thursday`s Child,1725.0
2023-09-10,2023-09-16,2023,37,투모로우바이투게더,minisode1 : Blue Hour,897.0
2023-09-10,2023-09-16,2023,37,투모로우바이투게더,꿈의 장: STAR,925.0
2023-09-10,2023-09-16,2023,37,투모로우바이투게더,이름의 장: TEMPTATION,1666.0
2023-09-10,2023-09-16,2023,37,투모로우바이투게더,이름의 장: TEMPTATION (Weverse),1213.0
2023-09-10,2023-09-16,2023,37,투모로우바이투게더,혼돈의 장: FIGHT OR ESCAPE,2348.0
2023-09-10,2023-09-16,2023,37,투모로우바이투게더,혼돈의 장: FREEZE,1117.0
2023-09-10,2023-09-16,2023,37,프로미스나인 (fromis_9),Unlock My World,4129.0
2023-09-17,2023-09-23,2023,38,BLACKPINK,BORN PINK,5304.0
2023-09-17,2023-09-23,2023,38,BLACKPINK,SQUARE UP,4371.0
2023-09-17,2023-09-23,2023,38,BOYNEXTDOOR,WHY..,23327.0
2023-09-17,2023-09-23,2023,38,BOYNEXTDOOR,WHY.. (Weverse),1020.0
2023-09-17,2023-09-23,2023,38,LE SSERAFIM (르세라핌),ANTIFRAGILE,1420.0
2023-09-17,2023-09-23,2023,38,NewJeans,1st EP `New Jeans`,2830.0
2023-09-17,2023-09-23,2023,38,NewJeans,1st EP `New Jeans` (Weverse),1193.0
2023-09-17,2023-09-23,2023,38,NewJeans,2nd EP `Get Up`,4143.0
2023-09-17,2023-09-23,2023,38,NewJeans,2nd EP `Get Up` (Weverse),3294.0
2023-09-17,2023-09-23,2023,38,NewJeans,`OMG`,2033.0
2023-09-17,2023-09-23,2023,38,PLAVE,ASTERUM : The Shape of Things to Come,2189.0
2023-09-17,2023-09-23,2023,38,RM,Indigo,980.0
2023-09-17,2023-09-23,2023,38,TREASURE (트레저),2ND FULL ALBUM `REBOOT`,4783.0
2023-09-17,2023-09-23,2023,38,V,Layover,6746.0
2023-09-17,2023-09-23,2023,38,로제 (ROSE),R,1031.0
2023-09-17,2023-09-23,2023,38,방탄소년단,Butter,1569.0
2023-09-17,2023-09-23,2023,38,방탄소년단,LOVE YOURSELF 承 `Her`,1363.0
2023-09-17,2023-09-23,2023,38,방탄소년단,LOVE YOURSELF 結 `Answer`,1249.0
2023-09-17,2023-09-23,2023,38,방탄소년단,LOVE YOURSELF 轉 `Tear`,1301.0
2023-09-17,2023-09-23,2023,38,방탄소년단,MAP OF THE SOUL : 7,1187.0
2023-09-17,2023-09-23,2023,38,방탄소년단,MAP OF THE SOUL : PERSONA,1957.0
2023-09-17,2023-09-23,2023,38,방탄소년단,화양연화 Young Forever,1012.0
2023-09-17,2023-09-23,2023,38,세븐틴,10th Mini Album `FML`,1755.0
2023-09-17,2023-09-23,2023,38,세븐틴,3RD ALBUM ‘An Ode’,4683.0
2023-09-17,2023-09-23,2023,38,세븐틴,4th Album Repackage `SECTOR 17`,34156.0
2023-09-17,2023-09-23,2023,38,세븐틴,4th Album Repackage `SECTOR 17` (Weverse),1149.0
2023-09-17,2023-09-23,2023,38,세븐틴,4th Album `Face the Sun`,13598.0
2023-09-17,2023-09-23,2023,38,세븐틴,4th Album `Face the Sun` (Weverse),1533.0
2023-09-17,2023-09-23,2023,38,세븐틴,7th Mini Album `헹가래`,2244.0
2023-09-17,2023-09-23,2023,38,세븐틴,8th Mini Album `Your Choice`,1953.0
2023-09-17,2023-09-23,2023,38,세븐틴,9th Mini Album `Attacca`,8295.0
2023-09-17,2023-09-23,2023,38,전소미,GAME PLAN,1855.0
2023-09-17,2023-09-23,2023,38,지민,FACE (Weverse),2078.0
2023-09-17,2023-09-23,2023,38,투모로우바이투게더,minisode 2: Thursday`s Child,1543.0
2023-09-17,2023-09-23,2023,38,투모로우바이투게더,minisode1 : Blue Hour,2595.0
2023-09-17,2023-09-23,2023,38,투모로우바이투게더,꿈의 장: ETERNITY,1042.0
2023-09-17,2023-09-23,2023,38,투모로우바이투게더,꿈의 장: MAGIC,1332.0
2023-09-17,2023-09-23,2023,38,투모로우바이투게더,꿈의 장: STAR,1552.0
2023-09-17,2023-09-23,2023,38,투모로우바이투게더,이름의 장: TEMPTATION,1723.0
2023-09-17,2023-09-23,2023,38,투모로우바이투게더,이름의 장: TEMPTATION (Weverse),1397.0
2023-09-17,2023-09-23,2023,38,투모로우바이투게더,혼돈의 장: FIGHT OR ESCAPE,2918.0
2023-09-17,2023-09-23,2023,38,투모로우바이투게더,혼돈의 장: FREEZE,1162.0
2023-09-24,2023-09-30,2023,39,BLACKPINK,BORN PINK,12662.0
2023-09-24,2023-09-30,2023,39,BLACKPINK,SPECIAL EDITION [How You Like That],388.0
2023-09-24,2023-09-30,2023,39,BLACKPINK,SQUARE UP,1756.0
2023-09-24,2023-09-30,2023,39,BOYNEXTDOOR,WHY..,40341.0
2023-09-24,2023-09-30,2023,39,LE SSERAFIM (르세라핌),ANTIFRAGILE,992.0
2023-09-24,2023-09-30,2023,39,LE SSERAFIM (르세라핌),ANTIFRAGILE (Weverse),857.0
2023-09-24,2023-09-30,2023,39,LE SSERAFIM (르세라핌),UNFORGIVEN,915.0
2023-09-24,2023-09-30,2023,39,NewJeans,1st EP `New Jeans`,990.0
2023-09-24,2023-09-30,2023,39,NewJeans,1st EP `New Jeans` (Weverse),858.0
2023-09-24,2023-09-30,2023,39,NewJeans,2nd EP `Get Up`,1234.0
2023-09-24,2023-09-30,2023,39,NewJeans,2nd EP `Get Up` (Weverse),2848.0
2023-09-24,2023-09-30,2023,39,NewJeans,`OMG`,913.0
2023-09-24,2023-09-30,2023,39,NewJeans,`OMG` (Weverse),735.0
2023-09-24,2023-09-30,2023,39,PLAVE,ASTERUM (POCA),31483.0
2023-09-24,2023-09-30,2023,39,PLAVE,ASTERUM : The Shape of Things to Come,1159.0
2023-09-24,2023-09-30,2023,39,RM,Indigo,521.0
2023-09-24,2023-09-30,2023,39,TREASURE (트레저),2ND FULL ALBUM `REBOOT`,11725.0
2023-09-24,2023-09-30,2023,39,TREASURE (트레저),2ND FULL ALBUM `REBOOT` (KiT),3400.0
2023-09-24,2023-09-30,2023,39,TREASURE (트레저),2ND FULL ALBUM `REBOOT` (Nemo),5672.0
2023-09-24,2023-09-30,2023,39,로제 (ROSE),R,1026.0
2023-09-24,2023-09-30,2023,39,리사 (LISA),LALISA,3051.0
2023-09-24,2023-09-30,2023,39,방탄소년단,Butter,462.0
2023-09-24,2023-09-30,2023,39,방탄소년단,LOVE YOURSELF 結 `Answer`,542.0
2023-09-24,2023-09-30,2023,39,방탄소년단,LOVE YOURSELF 轉 `Tear`,965.0
2023-09-24,2023-09-30,2023,39,방탄소년단,MAP OF THE SOUL : 7,496.0
2023-09-24,2023-09-30,2023,39,방탄소년단,"O!RUL8,2?",383.0
2023-09-24,2023-09-30,2023,39,방탄소년단,WINGS,568.0
2023-09-24,2023-09-30,2023,39,방탄소년단,화양연화 pt.2,402.0
2023-09-24,2023-09-30,2023,39,세븐틴,10th Mini Album `FML`,1368.0
2023-09-24,2023-09-30,2023,39,세븐틴,3RD ALBUM ‘An Ode’,703.0
2023-09-24,2023-09-30,2023,39,세븐틴,4th Album Repackage `SECTOR 17`,558.0
2023-09-24,2023-09-30,2023,39,세븐틴,4th Album `Face the Sun`,5797.0
2023-09-24,2023-09-30,2023,39,세븐틴,4th Album `Face the Sun` (Weverse),876.0
2023-09-24,2023-09-30,2023,39,세븐틴,7th Mini Album `헹가래`,996.0
2023-09-24,2023-09-30,2023,39,세븐틴,8th Mini Album `Your Choice`,620.0
2023-09-24,2023-09-30,2023,39,세븐틴,9th Mini Album `Attacca`,1621.0
2023-09-24,2023-09-30,2023,39,제니 (JENNIE),SOLO,4984.0
2023-09-24,2023-09-30,2023,39,지민,FACE (Weverse),1331.0
2023-09-24,2023-09-30,2023,39,투모로우바이투게더,minisode 2: Thursday`s Child,1019.0
2023-09-24,2023-09-30,2023,39,투모로우바이투게더,이름의 장: TEMPTATION,1684.0
2023-09-24,2023-09-30,2023,39,투모로우바이투게더,이름의 장: TEMPTATION (Weverse),1221.0
2023-09-24,2023-09-30,2023,39,투모로우바이투게더,혼돈의 장: FIGHT OR ESCAPE,1241.0
2023-10-01,2023-10-07,2023,40,Agust D,D-DAY,791.0
2023-10-01,2023-10-07,2023,40,BLACKPINK,BORN PINK,2573.0
2023-10-01,2023-10-07,2023,40,BLACKPINK,SQUARE UP,1490.0
2023-10-01,2023-10-07,2023,40,BOYNEXTDOOR,WHO!,1229.0
2023-10-01,2023-10-07,2023,40,BOYNEXTDOOR,WHY..,2564.0
2023-10-01,2023-10-07,2023,40,LE SSERAFIM (르세라핌),ANTIFRAGILE,2150.0
2023-10-01,2023-10-07,2023,40,LE SSERAFIM (르세라핌),ANTIFRAGILE (Weverse),1741.0
2023-10-01,2023-10-07,2023,40,LE SSERAFIM (르세라핌),FEARLESS,811.0
2023-10-01,2023-10-07,2023,40,LE SSERAFIM (르세라핌),UNFORGIVEN,1471.0
2023-10-01,2023-10-07,2023,40,NewJeans,1st EP `New Jeans`,1483.0
2023-10-01,2023-10-07,2023,40,NewJeans,1st EP `New Jeans` (Weverse),1528.0
2023-10-01,2023-10-07,2023,40,NewJeans,2nd EP `Get Up`,4570.0
2023-10-01,2023-10-07,2023,40,NewJeans,2nd EP `Get Up` (Weverse),3692.0
2023-10-01,2023-10-07,2023,40,NewJeans,`OMG`,786.0
2023-10-01,2023-10-07,2023,40,NewJeans,`OMG` (Weverse),988.0
2023-10-01,2023-10-07,2023,40,PLAVE,ASTERUM (POCA),8517.0
2023-10-01,2023-10-07,2023,40,PLAVE,ASTERUM : The Shape of Things to Come,3305.0
2023-10-01,2023-10-07,2023,40,TREASURE (트레저),2ND FULL ALBUM `REBOOT`,6687.0
2023-10-01,2023-10-07,2023,40,TREASURE (트레저),2ND FULL ALBUM `REBOOT` (Nemo),2746.0
2023-10-01,2023-10-07,2023,40,V,Layover,3037.0
2023-10-01,2023-10-07,2023,40,V,Layover (Weverse),50360.0
2023-10-01,2023-10-07,2023,40,검정치마 (The Black Skirts),THIRSTY (LP),9900.0
2023-10-01,2023-10-07,2023,40,로제 (ROSE),R,2215.0
2023-10-01,2023-10-07,2023,40,방탄소년단,LOVE YOURSELF 承 `Her`,876.0
2023-10-01,2023-10-07,2023,40,방탄소년단,MAP OF THE SOUL : 7,824.0
2023-10-01,2023-10-07,2023,40,방탄소년단,WINGS,846.0
2023-10-01,2023-10-07,2023,40,방탄소년단,화양연화 pt.2,924.0
2023-10-01,2023-10-07,2023,40,세븐틴,10th Mini Album `FML`,2073.0
2023-10-01,2023-10-07,2023,40,세븐틴,3RD ALBUM ‘An Ode’,2042.0
2023-10-01,2023-10-07,2023,40,세븐틴,4th Album Repackage `SECTOR 17`,1522.0
2023-10-01,2023-10-07,2023,40,세븐틴,4th Album `Face the Sun`,4349.0
2023-10-01,2023-10-07,2023,40,세븐틴,4th Album `Face the Sun` (Weverse),828.0
2023-10-01,2023-10-07,2023,40,세븐틴,7th Mini Album `헹가래`,2036.0
2023-10-01,2023-10-07,2023,40,세븐틴,9th Mini Album `Attacca`,2419.0
2023-10-01,2023-10-07,2023,40,세븐틴,Special Album `; [Semicolon]`,786.0
2023-10-01,2023-10-07,2023,40,제니 (JENNIE),SOLO,1169.0
2023-10-01,2023-10-07,2023,40,지민,FACE (Weverse),1450.0
2023-10-01,2023-10-07,2023,40,투모로우바이투게더,minisode 2: Thursday`s Child,1380.0
2023-10-01,2023-10-07,2023,40,투모로우바이투게더,minisode1 : Blue Hour,1431.0
2023-10-01,2023-10-07,2023,40,투모로우바이투게더,꿈의 장: MAGIC,784.0
2023-10-01,2023-10-07,2023,40,투모로우바이투게더,이름의 장: TEMPTATION,1370.0
2023-10-01,2023-10-07,2023,40,투모로우바이투게더,이름의 장: TEMPTATION (Weverse),1180.0
2023-10-01,2023-10-07,2023,40,투모로우바이투게더,혼돈의 장: FIGHT OR ESCAPE,2418.0
2023-10-01,2023-10-07,2023,40,투모로우바이투게더,혼돈의 장: FREEZE,1018.0
2023-10-08,2023-10-14,2023,41,Agust D,D-DAY,1078.0
2023-10-08,2023-10-14,2023,41,BLACKPINK,BORN PINK,3167.0
2023-10-08,2023-10-14,2023,41,BOYNEXTDOOR,WHY..,1520.0
2023-10-08,2023-10-14,2023,41,LE SSERAFIM (르세라핌),FEARLESS,914.0
2023-10-08,2023-10-14,2023,41,NO:EL,TRIPONOEL,2652.0
2023-10-08,2023-10-14,2023,41,NewJeans,1st EP `New Jeans`,2748.0
2023-10-08,2023-10-14,2023,41,NewJeans,1st EP `New Jeans` (Weverse),2402.0
2023-10-08,2023-10-14,2023,41,NewJeans,2nd EP `Get Up`,4875.0
2023-10-08,2023-10-14,2023,41,NewJeans,2nd EP `Get Up` (Weverse),2362.0
2023-10-08,2023-10-14,2023,41,NewJeans,`OMG`,1112.0
2023-10-08,2023-10-14,2023,41,NewJeans,`OMG` (Weverse),1531.0
2023-10-08,2023-10-14,2023,41,PLAVE,ASTERUM : The Shape of Things to Come,2147.0
2023-10-08,2023-10-14,2023,41,V,Layover,6806.0
2023-10-08,2023-10-14,2023,41,V,Layover (Weverse),980.0
2023-10-08,2023-10-14,2023,41,로제 (ROSE),R,4172.0
2023-10-08,2023-10-14,2023,41,방탄소년단,LOVE YOURSELF 結 `Answer`,920.0
2023-10-08,2023-10-14,2023,41,방탄소년단,MAP OF THE SOUL : PERSONA,932.0
2023-10-08,2023-10-14,2023,41,세븐틴,10th Mini Album `FML`,2325.0
2023-10-08,2023-10-14,2023,41,세븐틴,10th Mini Album `FML` (Weverse),890.0
2023-10-08,2023-10-14,2023,41,세븐틴,3RD ALBUM ‘An Ode’,2407.0
2023-10-08,2023-10-14,2023,41,세븐틴,4th Album Repackage `SECTOR 17`,1813.0
2023-10-08,2023-10-14,2023,41,세븐틴,4th Album Repackage `SECTOR 17` (Weverse),1758.0
2023-10-08,2023-10-14,2023,41,세븐틴,4th Album `Face the Sun`,8304.0
2023-10-08,2023-10-14,2023,41,세븐틴,4th Album `Face the Sun` (Weverse),916.0
2023-10-08,2023-10-14,2023,41,세븐틴,7th Mini Album `헹가래`,2325.0
2023-10-08,2023-10-14,2023,41,세븐틴,8th Mini Album `Your Choice`,1215.0
2023-10-08,2023-10-14,2023,41,세븐틴,9th Mini Album `Attacca`,4741.0
2023-10-08,2023-10-14,2023,41,세븐틴,Special Album `; [Semicolon]`,1558.0
2023-10-08,2023-10-14,2023,41,제니 (JENNIE),SOLO,1978.0
2023-10-08,2023-10-14,2023,41,지민,FACE (Weverse),8917.0
2023-10-08,2023-10-14,2023,41,투모로우바이투게더,minisode 2: Thursday`s Child,1460.0
2023-10-08,2023-10-14,2023,41,투모로우바이투게더,minisode1 : Blue Hour,1179.0
2023-10-08,2023-10-14,2023,41,투모로우바이투게더,이름의 장: FREEFALL,2457606.0
2023-10-08,2023-10-14,2023,41,투모로우바이투게더,이름의 장: FREEFALL (Weverse),214991.0
2023-10-08,2023-10-14,2023,41,투모로우바이투게더,이름의 장: TEMPTATION,1208.0
2023-10-08,2023-10-14,2023,41,투모로우바이투게더,이름의 장: TEMPTATION (Weverse),1151.0
2023-10-08,2023-10-14,2023,41,투모로우바이투게더,혼돈의 장: FIGHT OR ESCAPE,1821.0
2023-10-15,2023-10-21,2023,42,BLACKPINK,BORN PINK,2045.0
2023-10-15,2023-10-21,2023,42,BLACKPINK,THE ALBUM,11925.0
2023-10-15,2023-10-21,2023,42,BOYNEXTDOOR,WHY..,2243.0
2023-10-15,2023-10-21,2023,42,BOYNEXTDOOR,WHY.. (Weverse),1713.0
2023-10-15,2023-10-21,2023,42,NewJeans,1st EP `New Jeans`,2360.0
2023-10-15,2023-10-21,2023,42,NewJeans,1st EP `New Jeans` (Weverse),2472.0
2023-10-15,2023-10-21,2023,42,NewJeans,2nd EP `Get Up`,4321.0
2023-10-15,2023-10-21,2023,42,NewJeans,2nd EP `Get Up` (Weverse),1898.0
2023-10-15,2023-10-21,2023,42,NewJeans,`OMG`,1575.0
2023-10-15,2023-10-21,2023,42,PLAVE,ASTERUM : The Shape of Things to Come,1222.0
2023-10-15,2023-10-21,2023,42,RM,Indigo (Weverse),1142.0
2023-10-15,2023-10-21,2023,42,TREASURE (트레저),2ND FULL ALBUM `REBOOT`,1661.0
2023-10-15,2023-10-21,2023,42,TREASURE (트레저),2ND FULL ALBUM `REBOOT` (Nemo),1199.0
2023-10-15,2023-10-21,2023,42,V,Layover,15482.0
2023-10-15,2023-10-21,2023,42,로제 (ROSE),R,2952.0
2023-10-15,2023-10-21,2023,42,세븐틴,10th Mini Album `FML`,1936.0
2023-10-15,2023-10-21,2023,42,세븐틴,3RD ALBUM ‘An Ode’,1998.0
2023-10-15,2023-10-21,2023,42,세븐틴,4th Album `Face the Sun`,5765.0
2023-10-15,2023-10-21,2023,42,세븐틴,4th Album `Face the Sun` (Weverse),1616.0
2023-10-15,2023-10-21,2023,42,세븐틴,7th Mini Album `헹가래`,1256.0
2023-10-15,2023-10-21,2023,42,세븐틴,8th Mini Album `Your Choice`,1989.0
2023-10-15,2023-10-21,2023,42,세븐틴,9th Mini Album `Attacca`,3601.0
2023-10-15,2023-10-21,2023,42,지민,FACE (Weverse),11810.0
2023-10-15,2023-10-21,2023,42,투모로우바이투게더,minisode 2: Thursday`s Child,1372.0
2023-10-15,2023-10-21,2023,42,투모로우바이투게더,minisode1 : Blue Hour,1266.0
2023-10-15,2023-10-21,2023,42,투모로우바이투게더,이름의 장: FREEFALL,27827.0
2023-10-15,2023-10-21,2023,42,투모로우바이투게더,이름의 장: FREEFALL (Weverse),6913.0
2023-10-15,2023-10-21,2023,42,투모로우바이투게더,이름의 장: TEMPTATION,1992.0
2023-10-15,2023-10-21,2023,42,투모로우바이투게더,이름의 장: TEMPTATION (Weverse),1194.0
2023-10-15,2023-10-21,2023,42,투모로우바이투게더,혼돈의 장: FIGHT OR ESCAPE,1687.0
2023-10-22,2023-10-28,2023,43,BLACKPINK,BORN PINK,1624.0
2023-10-22,2023-10-28,2023,43,BLACKPINK,THE ALBUM,781.0
2023-10-22,2023-10-28,2023,43,BOYNEXTDOOR,WHO!,623.0
2023-10-22,2023-10-28,2023,43,BOYNEXTDOOR,WHY..,16814.0
2023-10-22,2023-10-28,2023,43,NewJeans,1st EP `New Jeans`,946.0
2023-10-22,2023-10-28,2023,43,NewJeans,1st EP `New Jeans` (Weverse),1279.0
2023-10-22,2023-10-28,2023,43,NewJeans,2nd EP `Get Up`,2577.0
2023-10-22,2023-10-28,2023,43,NewJeans,2nd EP `Get Up` (Weverse),4024.0
2023-10-22,2023-10-28,2023,43,NewJeans,`OMG` (Weverse),681.0
2023-10-22,2023-10-28,2023,43,PLAVE,ASTERUM (POCA),11965.0
2023-10-22,2023-10-28,2023,43,TREASURE (트레저),2ND FULL ALBUM `REBOOT`,1667.0
2023-10-22,2023-10-28,2023,43,V,Layover,1547.0
2023-10-22,2023-10-28,2023,43,V,Layover (Weverse),139980.0
2023-10-22,2023-10-28,2023,43,로제 (ROSE),R,955.0
2023-10-22,2023-10-28,2023,43,방탄소년단,Butter,1006.0
2023-10-22,2023-10-28,2023,43,방탄소년단,LOVE YOURSELF 承 `Her`,867.0
2023-10-22,2023-10-28,2023,43,방탄소년단,LOVE YOURSELF 結 `Answer`,735.0
2023-10-22,2023-10-28,2023,43,방탄소년단,LOVE YOURSELF 轉 `Tear`,1057.0
2023-10-22,2023-10-28,2023,43,방탄소년단,"O!RUL8,2?",777.0
2023-10-22,2023-10-28,2023,43,방탄소년단,Skool Luv Affair,3511.0
2023-10-22,2023-10-28,2023,43,방탄소년단,WINGS,700.0
2023-10-22,2023-10-28,2023,43,방탄소년단,YOU NEVER WALK ALONE,842.0
2023-10-22,2023-10-28,2023,43,방탄소년단,화양연화 Young Forever,673.0
2023-10-22,2023-10-28,2023,43,방탄소년단,화양연화 pt.2,1407.0
2023-10-22,2023-10-28,2023,43,세븐틴,10th Mini Album `FML` (Weverse),650.0
2023-10-22,2023-10-28,2023,43,세븐틴,11th Mini Album `SEVENTEENTH HEAVEN`,4689565.0
2023-10-22,2023-10-28,2023,43,세븐틴,11th Mini Album `SEVENTEENTH HEAVEN` (KiT),232624.0
2023-10-22,2023-10-28,2023,43,세븐틴,11th Mini Album `SEVENTEENTH HEAVEN` (Weverse),419767.0
2023-10-22,2023-10-28,2023,43,세븐틴,3RD ALBUM ‘An Ode’,763.0
2023-10-22,2023-10-28,2023,43,세븐틴,4th Album Repackage `SECTOR 17`,859.0
2023-10-22,2023-10-28,2023,43,세븐틴,4th Album `Face the Sun`,2859.0
2023-10-22,2023-10-28,2023,43,세븐틴,7th Mini Album `헹가래`,810.0
2023-10-22,2023-10-28,2023,43,세븐틴,9th Mini Album `Attacca`,1569.0
2023-10-22,2023-10-28,2023,43,투모로우바이투게더,minisode1 : Blue Hour,752.0
2023-10-22,2023-10-28,2023,43,투모로우바이투게더,이름의 장: FREEFALL,28423.0
2023-10-22,2023-10-28,2023,43,투모로우바이투게더,이름의 장: FREEFALL (Weverse),3503.0
2023-10-22,2023-10-28,2023,43,투모로우바이투게더,혼돈의 장: FIGHT OR ESCAPE,962.0
2023-10-29,2023-11-04,2023,44,BLACKPINK,BORN PINK,933.0
2023-10-29,2023-11-04,2023,44,BLACKPINK,KILL THIS LOVE,5846.0
2023-10-29,2023-11-04,2023,44,BLACKPINK,THE ALBUM,537.0
2023-10-29,2023-11-04,2023,44,BOYNEXTDOOR,WHY..,582.0
2023-10-29,2023-11-04,2023,44,LE SSERAFIM (르세라핌),ANTIFRAGILE,547.0
2023-10-29,2023-11-04,2023,44,LE SSERAFIM (르세라핌),UNFORGIVEN,457.0
2023-10-29,2023-11-04,2023,44,NewJeans,1st EP `New Jeans`,1186.0
2023-10-29,2023-11-04,2023,44,NewJeans,1st EP `New Jeans` (Weverse),1206.0
2023-10-29,2023-11-04,2023,44,NewJeans,2nd EP `Get Up`,1571.0
2023-10-29,2023-11-04,2023,44,NewJeans,2nd EP `Get Up` (Weverse),947.0
2023-10-29,2023-11-04,2023,44,NewJeans,`OMG`,1906.0
2023-10-29,2023-11-04,2023,44,PLAVE,ASTERUM (POCA),1050.0
2023-10-29,2023-11-04,2023,44,PLAVE,ASTERUM : The Shape of Things to Come,803.0
2023-10-29,2023-11-04,2023,44,RM,Indigo,460.0
2023-10-29,2023-11-04,2023,44,V,Layover,976.0
2023-10-29,2023-11-04,2023,44,V,Layover (Weverse),1812.0
2023-10-29,2023-11-04,2023,44,로제 (ROSE),R,781.0
2023-10-29,2023-11-04,2023,44,방탄소년단,LOVE YOURSELF 轉 `Tear`,446.0
2023-10-29,2023-11-04,2023,44,세븐틴,10th Mini Album `FML`,688.0
2023-10-29,2023-11-04,2023,44,세븐틴,11th Mini Album `SEVENTEENTH HEAVEN`,82679.0
2023-10-29,2023-11-04,2023,44,세븐틴,11th Mini Album `SEVENTEENTH HEAVEN` (KiT),13897.0
2023-10-29,2023-11-04,2023,44,세븐틴,11th Mini Album `SEVENTEENTH HEAVEN` (Weverse),5515.0
2023-10-29,2023-11-04,2023,44,세븐틴,3RD ALBUM ‘An Ode’,470.0
2023-10-29,2023-11-04,2023,44,세븐틴,4th Album `Face the Sun`,1287.0
2023-10-29,2023-11-04,2023,44,세븐틴,4th Album `Face the Sun` (Weverse),447.0
2023-10-29,2023-11-04,2023,44,세븐틴,7th Mini Album `헹가래`,704.0
2023-10-29,2023-11-04,2023,44,세븐틴,8th Mini Album `Your Choice`,597.0
2023-10-29,2023-11-04,2023,44,세븐틴,9th Mini Album `Attacca`,592.0
2023-10-29,2023-11-04,2023,44,스윗소로우(Sweet Sorrow),5 (LP),457.0
2023-10-29,2023-11-04,2023,44,정국,GOLDEN,1724933.0
2023-10-29,2023-11-04,2023,44,정국,GOLDEN (Weverse),238319.0
2023-10-29,2023-11-04,2023,44,투모로우바이투게더,minisode1 : Blue Hour,735.0
2023-10-29,2023-11-04,2023,44,투모로우바이투게더,이름의 장: FREEFALL,5787.0
2023-10-29,2023-11-04,2023,44,투모로우바이투게더,이름의 장: FREEFALL (Weverse),5467.0
2023-10-29,2023-11-04,2023,44,투모로우바이투게더,혼돈의 장: FREEZE,453.0
2023-11-05,2023-11-11,2023,45,Agust D,D-DAY,1122.0
2023-11-05,2023-11-11,2023,45,BLACKPINK,BORN PINK,1120.0
2023-11-05,2023-11-11,2023,45,BLACKPINK,THE ALBUM,1206.0
2023-11-05,2023-11-11,2023,45,LE SSERAFIM (르세라핌),ANTIFRAGILE,958.0
2023-11-05,2023-11-11,2023,45,LE SSERAFIM (르세라핌),UNFORGIVEN,831.0
2023-11-05,2023-11-11,2023,45,NewJeans,1st EP `New Jeans`,2554.0
2023-11-05,2023-11-11,2023,45,NewJeans,2nd EP `Get Up`,6593.0
2023-11-05,2023-11-11,2023,45,NewJeans,2nd EP `Get Up` (Weverse),1656.0
2023-11-05,2023-11-11,2023,45,NewJeans,`OMG`,2166.0
2023-11-05,2023-11-11,2023,45,PLAVE,ASTERUM (POCA),762.0
2023-11-05,2023-11-11,2023,45,PLAVE,ASTERUM : The Shape of Things to Come,1466.0
2023-11-05,2023-11-11,2023,45,RM,Indigo,641.0
2023-11-05,2023-11-11,2023,45,V,Layover,1525.0
2023-11-05,2023-11-11,2023,45,로제 (ROSE),R,2990.0
2023-11-05,2023-11-11,2023,45,방탄소년단,LOVE YOURSELF 承 `Her`,1012.0
2023-11-05,2023-11-11,2023,45,방탄소년단,화양연화 Young Forever,1048.0
2023-11-05,2023-11-11,2023,45,세븐틴,10th Mini Album `FML`,2818.0
2023-11-05,2023-11-11,2023,45,세븐틴,11th Mini Album `SEVENTEENTH HEAVEN`,24367.0
2023-11-05,2023-11-11,2023,45,세븐틴,11th Mini Album `SEVENTEENTH HEAVEN` (KiT),3479.0
2023-11-05,2023-11-11,2023,45,세븐틴,11th Mini Album `SEVENTEENTH HEAVEN` (Weverse),12405.0
2023-11-05,2023-11-11,2023,45,세븐틴,4th Album `Face the Sun`,4920.0
2023-11-05,2023-11-11,2023,45,세븐틴,9th Mini Album `Attacca`,1239.0
2023-11-05,2023-11-11,2023,45,정국,GOLDEN,246906.0
2023-11-05,2023-11-11,2023,45,정국,GOLDEN (Weverse),155022.0
2023-11-05,2023-11-11,2023,45,지민,FACE (Weverse),608.0
2023-11-05,2023-11-11,2023,45,지수 (JISOO),ME,949.0
2023-11-05,2023-11-11,2023,45,투모로우바이투게더,이름의 장: FREEFALL,4018.0
2023-11-05,2023-11-11,2023,45,투모로우바이투게더,이름의 장: FREEFALL (Weverse),913.0
2023-11-05,2023-11-11,2023,45,투모로우바이투게더,이름의 장: TEMPTATION,943.0
2023-11-05,2023-11-11,2023,45,투모로우바이투게더,혼돈의 장: FREEZE,816.0
2023-11-05,2023-11-11,2023,45,포레스텔라(Forestella),Unfinished,8617.0
2023-11-12,2023-11-18,2023,46,Agust D,D-DAY,783.0
2023-11-12,2023-11-18,2023,46,BLACKPINK,BORN PINK,1903.0
2023-11-12,2023-11-18,2023,46,BLACKPINK,KILL THIS LOVE,606.0
2023-11-12,2023-11-18,2023,46,BLACKPINK,SQUARE UP,1124.0
2023-11-12,2023-11-18,2023,46,BLACKPINK,THE ALBUM,594.0
2023-11-12,2023-11-18,2023,46,NewJeans,1st EP `New Jeans`,1079.0
2023-11-12,2023-11-18,2023,46,NewJeans,1st EP `New Jeans` (Weverse),1554.0
2023-11-12,2023-11-18,2023,46,NewJeans,2nd EP `Get Up`,2729.0
2023-11-12,2023-11-18,2023,46,NewJeans,2nd EP `Get Up` (Weverse),1661.0
2023-11-12,2023-11-18,2023,46,NewJeans,`OMG` (Weverse),976.0
2023-11-12,2023-11-18,2023,46,PLAVE,ASTERUM : The Shape of Things to Come,1079.0
2023-11-12,2023-11-18,2023,46,RM,Indigo,640.0
2023-11-12,2023-11-18,2023,46,V,Layover,1579.0
2023-11-12,2023-11-18,2023,46,로제 (ROSE),R,2381.0
2023-11-12,2023-11-18,2023,46,방탄소년단,LOVE YOURSELF 承 `Her`,636.0
2023-11-12,2023-11-18,2023,46,방탄소년단,LOVE YOURSELF 轉 `Tear`,764.0
2023-11-12,2023-11-18,2023,46,방탄소년단,YOU NEVER WALK ALONE,754.0
2023-11-12,2023-11-18,2023,46,방탄소년단,화양연화 pt.2,662.0
2023-11-12,2023-11-18,2023,46,세븐틴,10th Mini Album `FML`,823.0
2023-11-12,2023-11-18,2023,46,세븐틴,11th Mini Album `SEVENTEENTH HEAVEN`,5706.0
2023-11-12,2023-11-18,2023,46,세븐틴,11th Mini Album `SEVENTEENTH HEAVEN` (Weverse),7220.0
2023-11-12,2023-11-18,2023,46,세븐틴,4th Album Repackage `SECTOR 17`,962.0
2023-11-12,2023-11-18,2023,46,세븐틴,4th Album `Face the Sun`,1201.0
2023-11-12,2023-11-18,2023,46,세븐틴,4th Album `Face the Sun` (Weverse),1166.0
2023-11-12,2023-11-18,2023,46,세븐틴,9th Mini Album `Attacca`,1134.0
2023-11-12,2023-11-18,2023,46,정국,GOLDEN,104117.0
2023-11-12,2023-11-18,2023,46,정국,GOLDEN (Weverse),94262.0
2023-11-12,2023-11-18,2023,46,투모로우바이투게더,minisode1 : Blue Hour,837.0
2023-11-12,2023-11-18,2023,46,투모로우바이투게더,이름의 장: FREEFALL,2053.0
2023-11-12,2023-11-18,2023,46,투모로우바이투게더,이름의 장: FREEFALL (Weverse),1456.0
2023-11-12,2023-11-18,2023,46,투모로우바이투게더,이름의 장: TEMPTATION (Weverse),698.0
2023-11-12,2023-11-18,2023,46,투모로우바이투게더,혼돈의 장: FIGHT OR ESCAPE,1486.0
2023-11-12,2023-11-18,2023,46,투모로우바이투게더,혼돈의 장: FREEZE,635.0
2023-11-12,2023-11-18,2023,46,포레스텔라(Forestella),Unfinished,3883.0
2023-11-19,2023-11-25,2023,47,BLACKPINK,BORN PINK,941.0
2023-11-19,2023-11-25,2023,47,BLACKPINK,KILL THIS LOVE,673.0
2023-11-19,2023-11-25,2023,47,BOYNEXTDOOR,WHO!,534.0
2023-11-19,2023-11-25,2023,47,BOYNEXTDOOR,WHY..,553.0
2023-11-19,2023-11-25,2023,47,LE SSERAFIM (르세라핌),ANTIFRAGILE,842.0
2023-11-19,2023-11-25,2023,47,LE SSERAFIM (르세라핌),FEARLESS,622.0
2023-11-19,2023-11-25,2023,47,NewJeans,1st EP `New Jeans`,876.0
2023-11-19,2023-11-25,2023,47,NewJeans,1st EP `New Jeans` (Weverse),1092.0
2023-11-19,2023-11-25,2023,47,NewJeans,2nd EP `Get Up`,2160.0
2023-11-19,2023-11-25,2023,47,NewJeans,2nd EP `Get Up` (Weverse),1565.0
2023-11-19,2023-11-25,2023,47,PLAVE,ASTERUM (POCA),1344.0
2023-11-19,2023-11-25,2023,47,PLAVE,ASTERUM : The Shape of Things to Come,854.0
2023-11-19,2023-11-25,2023,47,RM,Indigo,828.0
2023-11-19,2023-11-25,2023,47,RM,Indigo (Weverse),844.0
2023-11-19,2023-11-25,2023,47,V,Layover,2121.0
2023-11-19,2023-11-25,2023,47,V,Layover (Weverse),667.0
2023-11-19,2023-11-25,2023,47,로제 (ROSE),R,2112.0
2023-11-19,2023-11-25,2023,47,방탄소년단,MAP OF THE SOUL : 7,1142.0
2023-11-19,2023-11-25,2023,47,세븐틴,3RD ALBUM ‘An Ode’,1950.0
2023-11-19,2023-11-25,2023,47,세븐틴,4th Album Repackage `SECTOR 17` (Weverse),622.0
2023-11-19,2023-11-25,2023,47,세븐틴,4th Album `Face the Sun`,2821.0
2023-11-19,2023-11-25,2023,47,세븐틴,4th Album `Face the Sun` (Weverse),656.0
2023-11-19,2023-11-25,2023,47,세븐틴,7th Mini Album `헹가래`,1407.0
2023-11-19,2023-11-25,2023,47,세븐틴,8th Mini Album `Your Choice`,595.0
2023-11-19,2023-11-25,2023,47,세븐틴,9th Mini Album `Attacca`,1752.0
2023-11-19,2023-11-25,2023,47,세븐틴,Special Album `; [Semicolon]`,666.0
2023-11-19,2023-11-25,2023,47,정국,GOLDEN,11476.0
2023-11-19,2023-11-25,2023,47,정국,GOLDEN (Weverse),1274.0
2023-11-19,2023-11-25,2023,47,제니 (JENNIE),SOLO,1591.0
2023-11-19,2023-11-25,2023,47,지민,FACE (Weverse),493.0
2023-11-19,2023-11-25,2023,47,투모로우바이투게더,minisode 2: Thursday`s Child,615.0
2023-11-19,2023-11-25,2023,47,투모로우바이투게더,이름의 장: TEMPTATION,698.0
2023-11-26,2023-12-02,2023,48,BLACKPINK,BORN PINK,1769.0
2023-11-26,2023-12-02,2023,48,BLACKPINK,THE ALBUM,647.0
2023-11-26,2023-12-02,2023,48,LE SSERAFIM (르세라핌),ANTIFRAGILE,1008.0
2023-11-26,2023-12-02,2023,48,NewJeans,1st EP `New Jeans`,1626.0
2023-11-26,2023-12-02,2023,48,NewJeans,1st EP `New Jeans` (Weverse),867.0
2023-11-26,2023-12-02,2023,48,NewJeans,2nd EP `Get Up`,2187.0
2023-11-26,2023-12-02,2023,48,NewJeans,2nd EP `Get Up` (Weverse),2636.0
2023-11-26,2023-12-02,2023,48,PLAVE,ASTERUM : The Shape of Things to Come,785.0
2023-11-26,2023-12-02,2023,48,RM,Indigo,667.0
2023-11-26,2023-12-02,2023,48,V,Layover,679.0
2023-11-26,2023-12-02,2023,48,로제 (ROSE),R,1588.0
2023-11-26,2023-12-02,2023,48,리사 (LISA),LALISA,764.0
2023-11-26,2023-12-02,2023,48,방탄소년단,Butter,763.0
2023-11-26,2023-12-02,2023,48,방탄소년단,LOVE YOURSELF 結 `Answer`,649.0
2023-11-26,2023-12-02,2023,48,방탄소년단,MAP OF THE SOUL : PERSONA,1240.0
2023-11-26,2023-12-02,2023,48,방탄소년단,화양연화 pt.2,777.0
2023-11-26,2023-12-02,2023,48,세븐틴,11th Mini Album `SEVENTEENTH HEAVEN`,2721.0
2023-11-26,2023-12-02,2023,48,세븐틴,11th Mini Album `SEVENTEENTH HEAVEN` (Weverse),20819.0
2023-11-26,2023-12-02,2023,48,세븐틴,3RD ALBUM ‘An Ode’,1173.0
2023-11-26,2023-12-02,2023,48,세븐틴,4th Album Repackage `SECTOR 17`,779.0
2023-11-26,2023-12-02,2023,48,세븐틴,4th Album `Face the Sun`,1653.0
2023-11-26,2023-12-02,2023,48,세븐틴,8th Mini Album `Your Choice`,838.0
2023-11-26,2023-12-02,2023,48,세븐틴,9th Mini Album `Attacca`,708.0
2023-11-26,2023-12-02,2023,48,정국,GOLDEN,58008.0
2023-11-26,2023-12-02,2023,48,정국,GOLDEN (Weverse),5129.0
2023-11-26,2023-12-02,2023,48,태양,Down to Earth (LP),778.0
2023-11-26,2023-12-02,2023,48,투모로우바이투게더,혼돈의 장: FIGHT OR ESCAPE,921.0
2023-11-26,2023-12-02,2023,48,투모로우바이투게더,혼돈의 장: FREEZE,900.0
2023-11-26,2023-12-02,2023,48,포레스텔라(Forestella),Unfinished,4602.0
2023-12-03,2023-12-09,2023,49,Agust D,D-DAY,836.0
2023-12-03,2023-12-09,2023,49,BLACKPINK,BORN PINK,2010.0
2023-12-03,2023-12-09,2023,49,BLACKPINK,KILL THIS LOVE,2013.0
2023-12-03,2023-12-09,2023,49,BLACKPINK,SQUARE UP,1099.0
2023-12-03,2023-12-09,2023,49,BLACKPINK,THE ALBUM,1256.0
2023-12-03,2023-12-09,2023,49,LE SSERAFIM (르세라핌),ANTIFRAGILE,1100.0
2023-12-03,2023-12-09,2023,49,LE SSERAFIM (르세라핌),FEARLESS,988.0
2023-12-03,2023-12-09,2023,49,NewJeans,1st EP `New Jeans`,1915.0
2023-12-03,2023-12-09,2023,49,NewJeans,1st EP `New Jeans` (Weverse),1791.0
2023-12-03,2023-12-09,2023,49,NewJeans,2nd EP `Get Up`,3581.0
2023-12-03,2023-12-09,2023,49,NewJeans,2nd EP `Get Up` (Weverse),1779.0
2023-12-03,2023-12-09,2023,49,NewJeans,`OMG`,1728.0
2023-12-03,2023-12-09,2023,49,NewJeans,`OMG` (Weverse),804.0
2023-12-03,2023-12-09,2023,49,PLAVE,ASTERUM : The Shape of Things to Come,1239.0
2023-12-03,2023-12-09,2023,49,V,Layover,1200.0
2023-12-03,2023-12-09,2023,49,로제 (ROSE),R,2224.0
2023-12-03,2023-12-09,2023,49,방탄소년단,LOVE YOURSELF 承 `Her`,1120.0
2023-12-03,2023-12-09,2023,49,방탄소년단,LOVE YOURSELF 轉 `Tear`,888.0
2023-12-03,2023-12-09,2023,49,방탄소년단,MAP OF THE SOUL : 7,962.0
2023-12-03,2023-12-09,2023,49,방탄소년단,MAP OF THE SOUL : PERSONA,936.0
2023-12-03,2023-12-09,2023,49,세븐틴,10th Mini Album `FML`,1851.0
2023-12-03,2023-12-09,2023,49,세븐틴,11th Mini Album `SEVENTEENTH HEAVEN`,4765.0
2023-12-03,2023-12-09,2023,49,세븐틴,3RD ALBUM ‘An Ode’,1115.0
2023-12-03,2023-12-09,2023,49,세븐틴,4th Album `Face the Sun`,5007.0
2023-12-03,2023-12-09,2023,49,세븐틴,7th Mini Album `헹가래`,2255.0
2023-12-03,2023-12-09,2023,49,세븐틴,9th Mini Album `Attacca`,2569.0
2023-12-03,2023-12-09,2023,49,정국,GOLDEN,51245.0
2023-12-03,2023-12-09,2023,49,정국,GOLDEN (Weverse),1047.0
2023-12-03,2023-12-09,2023,49,제니 (JENNIE),SOLO,2184.0
2023-12-03,2023-12-09,2023,49,지민,FACE (LP),56217.0
2023-12-03,2023-12-09,2023,49,투모로우바이투게더,이름의 장: FREEFALL,1070.0
2023-12-03,2023-12-09,2023,49,투모로우바이투게더,이름의 장: FREEFALL (Weverse),1122.0
2023-12-03,2023-12-09,2023,49,투모로우바이투게더,이름의 장: TEMPTATION,1171.0
2023-12-03,2023-12-09,2023,49,투모로우바이투게더,혼돈의 장: FIGHT OR ESCAPE,806.0
2023-12-10,2023-12-16,2023,50,Agust D,D-DAY,1368.0
2023-12-10,2023-12-16,2023,50,BLACKPINK,BORN PINK,2654.0
2023-12-10,2023-12-16,2023,50,BLACKPINK,KILL THIS LOVE,2181.0
2023-12-10,2023-12-16,2023,50,BLACKPINK,SQUARE UP,803.0
2023-12-10,2023-12-16,2023,50,BLACKPINK,THE ALBUM,1786.0
2023-12-10,2023-12-16,2023,50,BOYNEXTDOOR,WHO!,748.0
2023-12-10,2023-12-16,2023,50,BOYNEXTDOOR,WHY..,677.0
2023-12-10,2023-12-16,2023,50,LE SSERAFIM (르세라핌),ANTIFRAGILE,2532.0
2023-12-10,2023-12-16,2023,50,LE SSERAFIM (르세라핌),ANTIFRAGILE (Weverse),997.0
2023-12-10,2023-12-16,2023,50,LE SSERAFIM (르세라핌),FEARLESS,902.0
2023-12-10,2023-12-16,2023,50,LE SSERAFIM (르세라핌),UNFORGIVEN,996.0
2023-12-10,2023-12-16,2023,50,NewJeans,1st EP `New Jeans`,1883.0
2023-12-10,2023-12-16,2023,50,NewJeans,1st EP `New Jeans` (Weverse),2013.0
2023-12-10,2023-12-16,2023,50,NewJeans,2nd EP `Get Up`,4096.0
2023-12-10,2023-12-16,2023,50,NewJeans,2nd EP `Get Up` (Weverse),2490.0
2023-12-10,2023-12-16,2023,50,NewJeans,`OMG`,1482.0
2023-12-10,2023-12-16,2023,50,NewJeans,`OMG` (Weverse),745.0
2023-12-10,2023-12-16,2023,50,PLAVE,ASTERUM (POCA),1589.0
2023-12-10,2023-12-16,2023,50,V,Layover,2485.0
2023-12-10,2023-12-16,2023,50,로제 (ROSE),R,2700.0
2023-12-10,2023-12-16,2023,50,방탄소년단,Butter,654.0
2023-12-10,2023-12-16,2023,50,방탄소년단,LOVE YOURSELF 承 `Her`,680.0
2023-12-10,2023-12-16,2023,50,방탄소년단,LOVE YOURSELF 轉 `Tear`,778.0
2023-12-10,2023-12-16,2023,50,방탄소년단,MAP OF THE SOUL : 7,886.0
2023-12-10,2023-12-16,2023,50,방탄소년단,화양연화 Young Forever,811.0
2023-12-10,2023-12-16,2023,50,방탄소년단,화양연화 pt.2,856.0
2023-12-10,2023-12-16,2023,50,세븐틴,10th Mini Album `FML`,1007.0
2023-12-10,2023-12-16,2023,50,세븐틴,11th Mini Album `SEVENTEENTH HEAVEN`,2884.0
2023-12-10,2023-12-16,2023,50,세븐틴,3RD ALBUM ‘An Ode’,1907.0
2023-12-10,2023-12-16,2023,50,세븐틴,4th Album `Face the Sun`,3280.0
2023-12-10,2023-12-16,2023,50,세븐틴,4th Album `Face the Sun` (Weverse),974.0
2023-12-10,2023-12-16,2023,50,세븐틴,7th Mini Album `헹가래`,654.0
2023-12-10,2023-12-16,2023,50,세븐틴,8th Mini Album `Your Choice`,793.0
2023-12-10,2023-12-16,2023,50,세븐틴,9th Mini Album `Attacca`,2230.0
2023-12-10,2023-12-16,2023,50,유키카,Time-Lapse,950.0
2023-12-10,2023-12-16,2023,50,정국,GOLDEN,10034.0
2023-12-10,2023-12-16,2023,50,정국,GOLDEN (Weverse),681.0
2023-12-10,2023-12-16,2023,50,제니 (JENNIE),SOLO,1181.0
2023-12-10,2023-12-16,2023,50,투모로우바이투게더,minisode 2: Thursday`s Child,1109.0
2023-12-10,2023-12-16,2023,50,투모로우바이투게더,minisode1 : Blue Hour,755.0
2023-12-10,2023-12-16,2023,50,투모로우바이투게더,이름의 장: FREEFALL,1237.0
2023-12-10,2023-12-16,2023,50,투모로우바이투게더,이름의 장: FREEFALL (Weverse),896.0
2023-12-10,2023-12-16,2023,50,투모로우바이투게더,이름의 장: TEMPTATION,907.0
2023-12-10,2023-12-16,2023,50,투모로우바이투게더,혼돈의 장: FIGHT OR ESCAPE,1690.0
2023-12-17,2023-12-23,2023,51,Agust D,D-DAY,1606.0
2023-12-17,2023-12-23,2023,51,Agust D,D-DAY (Weverse),1087.0
2023-12-17,2023-12-23,2023,51,BLACKPINK,BORN PINK,3455.0
2023-12-17,2023-12-23,2023,51,BLACKPINK,THE ALBUM,1368.0
2023-12-17,2023-12-23,2023,51,LE SSERAFIM (르세라핌),ANTIFRAGILE,1649.0
2023-12-17,2023-12-23,2023,51,LE SSERAFIM (르세라핌),FEARLESS,1122.0
2023-12-17,2023-12-23,2023,51,LE SSERAFIM (르세라핌),UNFORGIVEN,913.0
2023-12-17,2023-12-23,2023,51,NewJeans,1st EP `New Jeans`,2158.0
2023-12-17,2023-12-23,2023,51,NewJeans,1st EP `New Jeans` (Weverse),3087.0
2023-12-17,2023-12-23,2023,51,NewJeans,2nd EP `Get Up`,6336.0
2023-12-17,2023-12-23,2023,51,NewJeans,2nd EP `Get Up` (Weverse),4502.0
2023-12-17,2023-12-23,2023,51,NewJeans,`OMG`,1240.0
2023-12-17,2023-12-23,2023,51,NewJeans,`OMG` (Weverse),2194.0
2023-12-17,2023-12-23,2023,51,PLAVE,ASTERUM (POCA),996.0
2023-12-17,2023-12-23,2023,51,PLAVE,ASTERUM : The Shape of Things to Come,1123.0
2023-12-17,2023-12-23,2023,51,RM,Indigo,1750.0
2023-12-17,2023-12-23,2023,51,RM,Indigo (Weverse),941.0
2023-12-17,2023-12-23,2023,51,TREASURE (트레저),2ND FULL ALBUM `REBOOT`,6909.0
2023-12-17,2023-12-23,2023,51,TREASURE (트레저),2ND FULL ALBUM `REBOOT` (Nemo),6103.0
2023-12-17,2023-12-23,2023,51,V,Layover,1331.0
2023-12-17,2023-12-23,2023,51,로제 (ROSE),R,5095.0
2023-12-17,2023-12-23,2023,51,방탄소년단,Butter,886.0
2023-12-17,2023-12-23,2023,51,방탄소년단,LOVE YOURSELF 結 `Answer`,1796.0
2023-12-17,2023-12-23,2023,51,방탄소년단,LOVE YOURSELF 轉 `Tear`,1248.0
2023-12-17,2023-12-23,2023,51,방탄소년단,MAP OF THE SOUL : 7,1476.0
2023-12-17,2023-12-23,2023,51,방탄소년단,MAP OF THE SOUL : PERSONA,968.0
2023-12-17,2023-12-23,2023,51,방탄소년단,YOU NEVER WALK ALONE,977.0
2023-12-17,2023-12-23,2023,51,방탄소년단,화양연화 pt.1,1055.0
2023-12-17,2023-12-23,2023,51,방탄소년단,화양연화 pt.2,1032.0
2023-12-17,2023-12-23,2023,51,세븐틴,10th Mini Album `FML`,1567.0
2023-12-17,2023-12-23,2023,51,세븐틴,11th Mini Album `SEVENTEENTH HEAVEN`,4085.0
2023-12-17,2023-12-23,2023,51,세븐틴,11th Mini Album `SEVENTEENTH HEAVEN` (Weverse),1020.0
2023-12-17,2023-12-23,2023,51,세븐틴,3RD ALBUM ‘An Ode’,1135.0
2023-12-17,2023-12-23,2023,51,세븐틴,4th Album Repackage `SECTOR 17`,1402.0
2023-12-17,2023-12-23,2023,51,세븐틴,4th Album Repackage `SECTOR 17` (Weverse),1206.0
2023-12-17,2023-12-23,2023,51,세븐틴,4th Album `Face the Sun`,7400.0
2023-12-17,2023-12-23,2023,51,세븐틴,4th Album `Face the Sun` (Weverse),1547.0
2023-12-17,2023-12-23,2023,51,세븐틴,7th Mini Album `헹가래`,2122.0
2023-12-17,2023-12-23,2023,51,세븐틴,8th Mini Album `Your Choice`,1711.0
2023-12-17,2023-12-23,2023,51,세븐틴,9th Mini Album `Attacca`,5091.0
2023-12-17,2023-12-23,2023,51,유키카,Time-Lapse,1981.0
2023-12-17,2023-12-23,2023,51,정국,GOLDEN,4293.0
2023-12-17,2023-12-23,2023,51,정국,GOLDEN (Weverse),1353.0
2023-12-17,2023-12-23,2023,51,지수 (JISOO),ME,821.0
2023-12-17,2023-12-23,2023,51,투모로우바이투게더,minisode1 : Blue Hour,1421.0
2023-12-17,2023-12-23,2023,51,투모로우바이투게더,이름의 장: FREEFALL,1544.0
2023-12-17,2023-12-23,2023,51,투모로우바이투게더,이름의 장: FREEFALL (Weverse),1340.0
2023-12-17,2023-12-23,2023,51,투모로우바이투게더,이름의 장: TEMPTATION,2143.0
2023-12-17,2023-12-23,2023,51,투모로우바이투게더,혼돈의 장: FIGHT OR ESCAPE,1493.0
2023-12-24,2023-12-30,2023,52,BLACKPINK,BORN PINK,2434.0
2023-12-24,2023-12-30,2023,52,BLACKPINK,KILL THIS LOVE,1994.0
2023-12-24,2023-12-30,2023,52,BLACKPINK,SQUARE UP,963.0
2023-12-24,2023-12-30,2023,52,BLACKPINK,THE ALBUM,696.0
2023-12-24,2023-12-30,2023,52,BOYNEXTDOOR,WHO!,644.0
2023-12-24,2023-12-30,2023,52,BOYNEXTDOOR,WHO! (Weverse),464.0
2023-12-24,2023-12-30,2023,52,BOYNEXTDOOR,WHY..,350.0
2023-12-24,2023-12-30,2023,52,BOYNEXTDOOR,WHY.. (Weverse),359.0
2023-12-24,2023-12-30,2023,52,LE SSERAFIM (르세라핌),ANTIFRAGILE,1587.0
2023-12-24,2023-12-30,2023,52,LE SSERAFIM (르세라핌),ANTIFRAGILE (Weverse),845.0
2023-12-24,2023-12-30,2023,52,LE SSERAFIM (르세라핌),FEARLESS,679.0
2023-12-24,2023-12-30,2023,52,LE SSERAFIM (르세라핌),UNFORGIVEN,916.0
2023-12-24,2023-12-30,2023,52,NewJeans,1st EP `New Jeans`,1918.0
2023-12-24,2023-12-30,2023,52,NewJeans,1st EP `New Jeans` (Weverse),1697.0
2023-12-24,2023-12-30,2023,52,NewJeans,2nd EP `Get Up`,3070.0
2023-12-24,2023-12-30,2023,52,NewJeans,2nd EP `Get Up` (Weverse),2862.0
2023-12-24,2023-12-30,2023,52,NewJeans,`OMG`,594.0
2023-12-24,2023-12-30,2023,52,NewJeans,`OMG` (Weverse),1181.0
2023-12-24,2023-12-30,2023,52,PLAVE,ASTERUM (POCA),1352.0
2023-12-24,2023-12-30,2023,52,PLAVE,ASTERUM : The Shape of Things to Come,376.0
2023-12-24,2023-12-30,2023,52,TREASURE (트레저),2ND FULL ALBUM `REBOOT`,2377.0
2023-12-24,2023-12-30,2023,52,TREASURE (트레저),2ND FULL ALBUM `REBOOT` (Nemo),371.0
2023-12-24,2023-12-30,2023,52,로제 (ROSE),R,1639.0
2023-12-24,2023-12-30,2023,52,방탄소년단,2 Cool 4 Skool,297.0
2023-12-24,2023-12-30,2023,52,방탄소년단,LOVE YOURSELF 結 `Answer`,596.0
2023-12-24,2023-12-30,2023,52,방탄소년단,MAP OF THE SOUL : 7,317.0
2023-12-24,2023-12-30,2023,52,방탄소년단,Skool Luv Affair,333.0
2023-12-24,2023-12-30,2023,52,방탄소년단,화양연화 Young Forever,318.0
2023-12-24,2023-12-30,2023,52,세븐틴,10th Mini Album `FML` (Weverse),500.0
2023-12-24,2023-12-30,2023,52,세븐틴,11th Mini Album `SEVENTEENTH HEAVEN`,2725.0
2023-12-24,2023-12-30,2023,52,세븐틴,11th Mini Album `SEVENTEENTH HEAVEN` (Weverse),394.0
2023-12-24,2023-12-30,2023,52,세븐틴,3RD ALBUM ‘An Ode’,763.0
2023-12-24,2023-12-30,2023,52,세븐틴,4th Album Repackage `SECTOR 17`,337.0
2023-12-24,2023-12-30,2023,52,세븐틴,4th Album Repackage `SECTOR 17` (Weverse),674.0
2023-12-24,2023-12-30,2023,52,세븐틴,4th Album `Face the Sun`,3393.0
2023-12-24,2023-12-30,2023,52,세븐틴,4th Album `Face the Sun` (Weverse),807.0
2023-12-24,2023-12-30,2023,52,세븐틴,8th Mini Album `Your Choice`,784.0
2023-12-24,2023-12-30,2023,52,세븐틴,9th Mini Album `Attacca`,1991.0
2023-12-24,2023-12-30,2023,52,세븐틴,Special Album `; [Semicolon]`,416.0
2023-12-24,2023-12-30,2023,52,정국,GOLDEN (Weverse),639.0
2023-12-24,2023-12-30,2023,52,투모로우바이투게더,minisode 2: Thursday`s Child,823.0
2023-12-24,2023-12-30,2023,52,투모로우바이투게더,minisode1 : Blue Hour,586.0
2023-12-24,2023-12-30,2023,52,투모로우바이투게더,꿈의 장: ETERNITY,310.0
2023-12-24,2023-12-30,2023,52,투모로우바이투게더,꿈의 장: MAGIC,730.0
2023-12-24,2023-12-30,2023,52,투모로우바이투게더,꿈의 장: STAR,303.0
2023-12-24,2023-12-30,2023,52,투모로우바이투게더,이름의 장: TEMPTATION,513.0
2023-12-24,2023-12-30,2023,52,투모로우바이투게더,혼돈의 장: FIGHT OR ESCAPE,929.0
2023-12-31,2024-01-06,2024,1,BLACKPINK,BORN PINK,2553.0
2023-12-31,2024-01-06,2024,1,BLACKPINK,KILL THIS LOVE,2336.0
2023-12-31,2024-01-06,2024,1,BLACKPINK,SPECIAL EDITION [How You Like That],1168.0
2023-12-31,2024-01-06,2024,1,BLACKPINK,SQUARE UP,1781.0
2023-12-31,2024-01-06,2024,1,BLACKPINK,THE ALBUM,1107.0
2023-12-31,2024-01-06,2024,1,BOYNEXTDOOR,WHY..,1273.0
2023-12-31,2024-01-06,2024,1,LE SSERAFIM (르세라핌),ANTIFRAGILE,2618.0
2023-12-31,2024-01-06,2024,1,LE SSERAFIM (르세라핌),ANTIFRAGILE (Weverse),1541.0
2023-12-31,2024-01-06,2024,1,LE SSERAFIM (르세라핌),FEARLESS,1486.0
2023-12-31,2024-01-06,2024,1,LE SSERAFIM (르세라핌),UNFORGIVEN,2094.0
2023-12-31,2024-01-06,2024,1,NewJeans,1st EP `New Jeans`,4127.0
2023-12-31,2024-01-06,2024,1,NewJeans,1st EP `New Jeans` (Weverse),3394.0
2023-12-31,2024-01-06,2024,1,NewJeans,2nd EP `Get Up`,6077.0
2023-12-31,2024-01-06,2024,1,NewJeans,2nd EP `Get Up` (Weverse),4555.0
2023-12-31,2024-01-06,2024,1,NewJeans,`OMG`,2303.0
2023-12-31,2024-01-06,2024,1,NewJeans,`OMG` (Weverse),3526.0
2023-12-31,2024-01-06,2024,1,PLAVE,ASTERUM (POCA),1420.0
2023-12-31,2024-01-06,2024,1,PLAVE,ASTERUM : The Shape of Things to Come,1014.0
2023-12-31,2024-01-06,2024,1,V,Layover,1678.0
2023-12-31,2024-01-06,2024,1,로제 (ROSE),R,5306.0
2023-12-31,2024-01-06,2024,1,방탄소년단,LOVE YOURSELF 轉 `Tear`,1592.0
2023-12-31,2024-01-06,2024,1,방탄소년단,MAP OF THE SOUL : PERSONA,1748.0
2023-12-31,2024-01-06,2024,1,방탄소년단,"O!RUL8,2?",1001.0
2023-12-31,2024-01-06,2024,1,방탄소년단,Proof,945.0
2023-12-31,2024-01-06,2024,1,세븐틴,10th Mini Album `FML`,2269.0
2023-12-31,2024-01-06,2024,1,세븐틴,11th Mini Album `SEVENTEENTH HEAVEN`,8216.0
2023-12-31,2024-01-06,2024,1,세븐틴,11th Mini Album `SEVENTEENTH HEAVEN` (Weverse),1555.0
2023-12-31,2024-01-06,2024,1,세븐틴,3RD ALBUM ‘An Ode’,2500.0
2023-12-31,2024-01-06,2024,1,세븐틴,4th Album Repackage `SECTOR 17`,1263.0
2023-12-31,2024-01-06,2024,1,세븐틴,4th Album Repackage `SECTOR 17` (Weverse),1065.0
2023-12-31,2024-01-06,2024,1,세븐틴,4th Album `Face the Sun`,8948.0
2023-12-31,2024-01-06,2024,1,세븐틴,4th Album `Face the Sun` (Weverse),1908.0
2023-12-31,2024-01-06,2024,1,세븐틴,7th Mini Album `헹가래`,3587.0
2023-12-31,2024-01-06,2024,1,세븐틴,9th Mini Album `Attacca`,4274.0
2023-12-31,2024-01-06,2024,1,정국,GOLDEN,4521.0
2023-12-31,2024-01-06,2024,1,정국,GOLDEN (Weverse),965.0
2023-12-31,2024-01-06,2024,1,제니 (JENNIE),SOLO,3027.0
2023-12-31,2024-01-06,2024,1,투모로우바이투게더,minisode 2: Thursday`s Child,1657.0
2023-12-31,2024-01-06,2024,1,투모로우바이투게더,minisode1 : Blue Hour,1633.0
2023-12-31,2024-01-06,2024,1,투모로우바이투게더,꿈의 장: MAGIC,1082.0
2023-12-31,2024-01-06,2024,1,투모로우바이투게더,꿈의 장: STAR,1206.0
2023-12-31,2024-01-06,2024,1,투모로우바이투게더,이름의 장: FREEFALL,2252.0
2023-12-31,2024-01-06,2024,1,투모로우바이투게더,이름의 장: FREEFALL (Weverse),1912.0
2023-12-31,2024-01-06,2024,1,투모로우바이투게더,이름의 장: TEMPTATION,2380.0
2023-12-31,2024-01-06,2024,1,투모로우바이투게더,이름의 장: TEMPTATION (Weverse),1190.0
2023-12-31,2024-01-06,2024,1,투모로우바이투게더,혼돈의 장: FIGHT OR ESCAPE,3224.0
2024-01-07,2024-01-13,2024,2,Agust D,D-DAY,1914.0
2024-01-07,2024-01-13,2024,2,BLACKPINK,BORN PINK,5262.0
2024-01-07,2024-01-13,2024,2,BLACKPINK,KILL THIS LOVE,2283.0
2024-01-07,2024-01-13,2024,2,BLACKPINK,THE ALBUM,2589.0
2024-01-07,2024-01-13,2024,2,BOYNEXTDOOR,WHY..,6391.0
2024-01-07,2024-01-13,2024,2,LE SSERAFIM (르세라핌),ANTIFRAGILE,1831.0
2024-01-07,2024-01-13,2024,2,LE SSERAFIM (르세라핌),FEARLESS,1490.0
2024-01-07,2024-01-13,2024,2,NewJeans,1st EP `New Jeans`,2582.0
2024-01-07,2024-01-13,2024,2,NewJeans,1st EP `New Jeans` (Weverse),4256.0
2024-01-07,2024-01-13,2024,2,NewJeans,2nd EP `Get Up`,3905.0
2024-01-07,2024-01-13,2024,2,NewJeans,`OMG`,2589.0
2024-01-07,2024-01-13,2024,2,NewJeans,`OMG` (Weverse),1945.0
2024-01-07,2024-01-13,2024,2,TREASURE (트레저),THE FIRST STEP : CHAPTER ONE,1268.0
2024-01-07,2024-01-13,2024,2,TREASURE (트레저),THE FIRST STEP : CHAPTER THREE,1273.0
2024-01-07,2024-01-13,2024,2,TREASURE (트레저),THE FIRST STEP : TREASURE EFFECT,1666.0
2024-01-07,2024-01-13,2024,2,TREASURE (트레저),THE SECOND STEP : CHAPTER ONE,1634.0
2024-01-07,2024-01-13,2024,2,V,Layover,2803.0
2024-01-07,2024-01-13,2024,2,V,Layover (Weverse),1933.0
2024-01-07,2024-01-13,2024,2,로제 (ROSE),R,3961.0
2024-01-07,2024-01-13,2024,2,방탄소년단,LOVE YOURSELF 承 `Her`,2710.0
2024-01-07,2024-01-13,2024,2,방탄소년단,LOVE YOURSELF 結 `Answer`,2804.0
2024-01-07,2024-01-13,2024,2,방탄소년단,LOVE YOURSELF 轉 `Tear`,3661.0
2024-01-07,2024-01-13,2024,2,방탄소년단,MAP OF THE SOUL : PERSONA,2068.0
2024-01-07,2024-01-13,2024,2,방탄소년단,WINGS,2628.0
2024-01-07,2024-01-13,2024,2,방탄소년단,YOU NEVER WALK ALONE,2278.0
2024-01-07,2024-01-13,2024,2,방탄소년단,화양연화 Young Forever,3260.0
2024-01-07,2024-01-13,2024,2,방탄소년단,화양연화 pt.2,2686.0
2024-01-07,2024-01-13,2024,2,세븐틴,10th Mini Album `FML`,1619.0
2024-01-07,2024-01-13,2024,2,세븐틴,11th Mini Album `SEVENTEENTH HEAVEN`,3020.0
2024-01-07,2024-01-13,2024,2,세븐틴,3RD ALBUM ‘An Ode’,3075.0
2024-01-07,2024-01-13,2024,2,세븐틴,4th Album Repackage `SECTOR 17`,1938.0
2024-01-07,2024-01-13,2024,2,세븐틴,4th Album Repackage `SECTOR 17` (Weverse),1661.0
2024-01-07,2024-01-13,2024,2,세븐틴,4th Album `Face the Sun`,18135.0
2024-01-07,2024-01-13,2024,2,세븐틴,4th Album `Face the Sun` (Weverse),2906.0
2024-01-07,2024-01-13,2024,2,세븐틴,7th Mini Album `헹가래`,6136.0
2024-01-07,2024-01-13,2024,2,세븐틴,8th Mini Album `Your Choice`,2423.0
2024-01-07,2024-01-13,2024,2,세븐틴,9th Mini Album `Attacca`,8683.0
2024-01-07,2024-01-13,2024,2,세븐틴,Special Album `; [Semicolon]`,4967.0
2024-01-07,2024-01-13,2024,2,자이언티(Zion.T),Zip,3542.0
2024-01-07,2024-01-13,2024,2,정국,GOLDEN,18168.0
2024-01-07,2024-01-13,2024,2,지수 (JISOO),ME,1532.0
2024-01-07,2024-01-13,2024,2,투모로우바이투게더,minisode 2: Thursday`s Child,4374.0
2024-01-07,2024-01-13,2024,2,투모로우바이투게더,minisode1 : Blue Hour,3380.0
2024-01-07,2024-01-13,2024,2,투모로우바이투게더,이름의 장: FREEFALL,1507.0
2024-01-07,2024-01-13,2024,2,투모로우바이투게더,이름의 장: FREEFALL (Weverse),2338.0
2024-01-07,2024-01-13,2024,2,투모로우바이투게더,이름의 장: TEMPTATION,1781.0
2024-01-07,2024-01-13,2024,2,투모로우바이투게더,이름의 장: TEMPTATION (Weverse),1502.0
2024-01-07,2024-01-13,2024,2,투모로우바이투게더,혼돈의 장: FIGHT OR ESCAPE,4082.0
2024-01-07,2024-01-13,2024,2,투모로우바이투게더,혼돈의 장: FREEZE,2955.0
2024-01-14,2024-01-20,2024,3,BLACKPINK,BORN PINK,2077.0
2024-01-14,2024-01-20,2024,3,BLACKPINK,KILL THIS LOVE,1796.0
2024-01-14,2024-01-20,2024,3,BLACKPINK,THE ALBUM,2745.0
2024-01-14,2024-01-20,2024,3,BOYNEXTDOOR,WHY..,1531.0
2024-01-14,2024-01-20,2024,3,LE SSERAFIM (르세라핌),ANTIFRAGILE,1599.0
2024-01-14,2024-01-20,2024,3,LE SSERAFIM (르세라핌),ANTIFRAGILE (Weverse),895.0
2024-01-14,2024-01-20,2024,3,LE SSERAFIM (르세라핌),UNFORGIVEN,1200.0
2024-01-14,2024-01-20,2024,3,NewJeans,1st EP `New Jeans`,2748.0
2024-01-14,2024-01-20,2024,3,NewJeans,1st EP `New Jeans` (Weverse),1396.0
2024-01-14,2024-01-20,2024,3,NewJeans,2nd EP `Get Up`,6252.0
2024-01-14,2024-01-20,2024,3,NewJeans,2nd EP `Get Up` (Weverse),2319.0
2024-01-14,2024-01-20,2024,3,NewJeans,`OMG`,2215.0
2024-01-14,2024-01-20,2024,3,PLAVE,ASTERUM (POCA),1384.0
2024-01-14,2024-01-20,2024,3,V,Layover,1271.0
2024-01-14,2024-01-20,2024,3,로제 (ROSE),R,2071.0
2024-01-14,2024-01-20,2024,3,방탄소년단,LOVE YOURSELF 承 `Her`,1206.0
2024-01-14,2024-01-20,2024,3,방탄소년단,LOVE YOURSELF 結 `Answer`,960.0
2024-01-14,2024-01-20,2024,3,방탄소년단,LOVE YOURSELF 轉 `Tear`,1137.0
2024-01-14,2024-01-20,2024,3,방탄소년단,MAP OF THE SOUL : PERSONA,1874.0
2024-01-14,2024-01-20,2024,3,방탄소년단,YOU NEVER WALK ALONE,7320.0
2024-01-14,2024-01-20,2024,3,방탄소년단,화양연화 Young Forever,1044.0
2024-01-14,2024-01-20,2024,3,방탄소년단,화양연화 pt.1,1075.0
2024-01-14,2024-01-20,2024,3,방탄소년단,화양연화 pt.2,1236.0
2024-01-14,2024-01-20,2024,3,세븐틴,10th Mini Album `FML`,2147.0
2024-01-14,2024-01-20,2024,3,세븐틴,11th Mini Album `SEVENTEENTH HEAVEN`,5768.0
2024-01-14,2024-01-20,2024,3,세븐틴,3RD ALBUM ‘An Ode’,2144.0
2024-01-14,2024-01-20,2024,3,세븐틴,4th Album `Face the Sun`,10010.0
2024-01-14,2024-01-20,2024,3,세븐틴,4th Album `Face the Sun` (Weverse),1619.0
2024-01-14,2024-01-20,2024,3,세븐틴,7th Mini Album `헹가래`,3558.0
2024-01-14,2024-01-20,2024,3,세븐틴,8th Mini Album `Your Choice`,1833.0
2024-01-14,2024-01-20,2024,3,세븐틴,9th Mini Album `Attacca`,4739.0
2024-01-14,2024-01-20,2024,3,세븐틴,Special Album `; [Semicolon]`,852.0
2024-01-14,2024-01-20,2024,3,정국,GOLDEN,1623.0
2024-01-14,2024-01-20,2024,3,제니 (JENNIE),SOLO,1543.0
2024-01-14,2024-01-20,2024,3,지수 (JISOO),ME,810.0
2024-01-14,2024-01-20,2024,3,투모로우바이투게더,minisode 2: Thursday`s Child,1273.0
2024-01-14,2024-01-20,2024,3,투모로우바이투게더,minisode1 : Blue Hour,1651.0
2024-01-14,2024-01-20,2024,3,투모로우바이투게더,꿈의 장: MAGIC,1158.0
2024-01-14,2024-01-20,2024,3,투모로우바이투게더,이름의 장: TEMPTATION,3562.0
2024-01-14,2024-01-20,2024,3,투모로우바이투게더,혼돈의 장: FIGHT OR ESCAPE,1275.0
2024-01-14,2024-01-20,2024,3,투모로우바이투게더,혼돈의 장: FREEZE,1339.0
2024-01-21,2024-01-27,2024,4,BLACKPINK,BORN PINK,2673.0
2024-01-21,2024-01-27,2024,4,BLACKPINK,KILL THIS LOVE,1920.0
2024-01-21,2024-01-27,2024,4,BLACKPINK,SQUARE UP,1139.0
2024-01-21,2024-01-27,2024,4,BLACKPINK,THE ALBUM,1485.0
2024-01-21,2024-01-27,2024,4,BOYNEXTDOOR,WHY..,1010.0
2024-01-21,2024-01-27,2024,4,LE SSERAFIM (르세라핌),ANTIFRAGILE,2209.0
2024-01-21,2024-01-27,2024,4,LE SSERAFIM (르세라핌),ANTIFRAGILE (Weverse),1191.0
2024-01-21,2024-01-27,2024,4,LE SSERAFIM (르세라핌),UNFORGIVEN,1428.0
2024-01-21,2024-01-27,2024,4,NewJeans,1st EP `New Jeans`,2582.0
2024-01-21,2024-01-27,2024,4,NewJeans,1st EP `New Jeans` (Weverse),1558.0
2024-01-21,2024-01-27,2024,4,NewJeans,2nd EP `Get Up`,3433.0
2024-01-21,2024-01-27,2024,4,NewJeans,2nd EP `Get Up` (Weverse),1239.0
2024-01-21,2024-01-27,2024,4,NewJeans,`OMG`,1973.0
2024-01-21,2024-01-27,2024,4,PLAVE,ASTERUM (POCA),1732.0
2024-01-21,2024-01-27,2024,4,TWS (투어스),1st Mini Album `Sparkling Blue`,237606.0
2024-01-21,2024-01-27,2024,4,TWS (투어스),1st Mini Album `Sparkling Blue` (Weverse),22401.0
2024-01-21,2024-01-27,2024,4,V,Layover,1265.0
2024-01-21,2024-01-27,2024,4,로제 (ROSE),R,3350.0
2024-01-21,2024-01-27,2024,4,방탄소년단,LOVE YOURSELF 結 `Answer`,1025.0
2024-01-21,2024-01-27,2024,4,방탄소년단,LOVE YOURSELF 轉 `Tear`,1071.0
2024-01-21,2024-01-27,2024,4,방탄소년단,LOVE YOURSELF 轉 `Tear` (LP),55242.0
2024-01-21,2024-01-27,2024,4,방탄소년단,MAP OF THE SOUL : PERSONA,1814.0
2024-01-21,2024-01-27,2024,4,세븐틴,10th Mini Album `FML`,2617.0
2024-01-21,2024-01-27,2024,4,세븐틴,11th Mini Album `SEVENTEENTH HEAVEN`,5346.0
2024-01-21,2024-01-27,2024,4,세븐틴,3RD ALBUM ‘An Ode’,4068.0
2024-01-21,2024-01-27,2024,4,세븐틴,4th Album Repackage `SECTOR 17`,1059.0
2024-01-21,2024-01-27,2024,4,세븐틴,4th Album Repackage `SECTOR 17` (Weverse),1284.0
2024-01-21,2024-01-27,2024,4,세븐틴,4th Album `Face the Sun`,8810.0
2024-01-21,2024-01-27,2024,4,세븐틴,4th Album `Face the Sun` (Weverse),2037.0
2024-01-21,2024-01-27,2024,4,세븐틴,7th Mini Album `헹가래`,3564.0
2024-01-21,2024-01-27,2024,4,세븐틴,8th Mini Album `Your Choice`,1705.0
2024-01-21,2024-01-27,2024,4,세븐틴,9th Mini Album `Attacca`,5085.0
2024-01-21,2024-01-27,2024,4,세븐틴,Special Album `; [Semicolon]`,1112.0
2024-01-21,2024-01-27,2024,4,정국,GOLDEN,5731.0
2024-01-21,2024-01-27,2024,4,제니 (JENNIE),SOLO,1488.0
2024-01-21,2024-01-27,2024,4,투모로우바이투게더,minisode 2: Thursday`s Child,1928.0
2024-01-21,2024-01-27,2024,4,투모로우바이투게더,꿈의 장: ETERNITY,1004.0
2024-01-21,2024-01-27,2024,4,투모로우바이투게더,이름의 장: FREEFALL,1012.0
2024-01-21,2024-01-27,2024,4,투모로우바이투게더,이름의 장: FREEFALL (Weverse),2173.0
2024-01-21,2024-01-27,2024,4,투모로우바이투게더,이름의 장: TEMPTATION,1770.0
2024-01-21,2024-01-27,2024,4,투모로우바이투게더,이름의 장: TEMPTATION (Weverse),1188.0
2024-01-21,2024-01-27,2024,4,투모로우바이투게더,혼돈의 장: FIGHT OR ESCAPE,2867.0
2024-01-21,2024-01-27,2024,4,투모로우바이투게더,혼돈의 장: FREEZE,1319.0
2024-01-28,2024-02-03,2024,5,BLACKPINK,BORN PINK,2741.0
2024-01-28,2024-02-03,2024,5,BLACKPINK,SQUARE UP,1486.0
2024-01-28,2024-02-03,2024,5,BLACKPINK,THE ALBUM,2594.0
2024-01-28,2024-02-03,2024,5,BOYNEXTDOOR,WHO!,1333.0
2024-01-28,2024-02-03,2024,5,BOYNEXTDOOR,WHY..,1178.0
2024-01-28,2024-02-03,2024,5,LE SSERAFIM (르세라핌),ANTIFRAGILE,3280.0
2024-01-28,2024-02-03,2024,5,LE SSERAFIM (르세라핌),ANTIFRAGILE (Weverse),925.0
2024-01-28,2024-02-03,2024,5,LE SSERAFIM (르세라핌),FEARLESS,2103.0
2024-01-28,2024-02-03,2024,5,LE SSERAFIM (르세라핌),UNFORGIVEN,2200.0
2024-01-28,2024-02-03,2024,5,NewJeans,1st EP `New Jeans`,2746.0
2024-01-28,2024-02-03,2024,5,NewJeans,1st EP `New Jeans` (Weverse),2252.0
2024-01-28,2024-02-03,2024,5,NewJeans,2nd EP `Get Up`,3116.0
2024-01-28,2024-02-03,2024,5,NewJeans,2nd EP `Get Up` (Weverse),2348.0
2024-01-28,2024-02-03,2024,5,NewJeans,`OMG`,1249.0
2024-01-28,2024-02-03,2024,5,NewJeans,`OMG` (Weverse),1288.0
2024-01-28,2024-02-03,2024,5,PLAVE,ASTERUM (POCA),950.0
2024-01-28,2024-02-03,2024,5,TWS (투어스),1st Mini Album `Sparkling Blue`,22109.0
2024-01-28,2024-02-03,2024,5,TWS (투어스),1st Mini Album `Sparkling Blue` (Weverse),5980.0
2024-01-28,2024-02-03,2024,5,V,Layover,1305.0
2024-01-28,2024-02-03,2024,5,로제 (ROSE),R,3254.0
2024-01-28,2024-02-03,2024,5,리사 (LISA),LALISA,1569.0
2024-01-28,2024-02-03,2024,5,방탄소년단,Butter,1174.0
2024-01-28,2024-02-03,2024,5,세븐틴,10th Mini Album `FML`,3243.0
2024-01-28,2024-02-03,2024,5,세븐틴,11th Mini Album `SEVENTEENTH HEAVEN`,6738.0
2024-01-28,2024-02-03,2024,5,세븐틴,11th Mini Album `SEVENTEENTH HEAVEN` (Weverse),1679.0
2024-01-28,2024-02-03,2024,5,세븐틴,3RD ALBUM ‘An Ode’,2065.0
2024-01-28,2024-02-03,2024,5,세븐틴,4th Album Repackage `SECTOR 17`,1238.0
2024-01-28,2024-02-03,2024,5,세븐틴,4th Album Repackage `SECTOR 17` (Weverse),1499.0
2024-01-28,2024-02-03,2024,5,세븐틴,4th Album `Face the Sun`,8001.0
2024-01-28,2024-02-03,2024,5,세븐틴,4th Album `Face the Sun` (Weverse),2164.0
2024-01-28,2024-02-03,2024,5,세븐틴,7th Mini Album `헹가래`,1580.0
2024-01-28,2024-02-03,2024,5,세븐틴,8th Mini Album `Your Choice`,2121.0
2024-01-28,2024-02-03,2024,5,세븐틴,9th Mini Album `Attacca`,6057.0
2024-01-28,2024-02-03,2024,5,세븐틴,Special Album `; [Semicolon]`,911.0
2024-01-28,2024-02-03,2024,5,정국,GOLDEN,2025.0
2024-01-28,2024-02-03,2024,5,투모로우바이투게더,minisode 2: Thursday`s Child,938.0
2024-01-28,2024-02-03,2024,5,투모로우바이투게더,minisode1 : Blue Hour,1788.0
2024-01-28,2024-02-03,2024,5,투모로우바이투게더,이름의 장: FREEFALL,1064.0
2024-01-28,2024-02-03,2024,5,투모로우바이투게더,이름의 장: TEMPTATION (Weverse),1399.0
2024-01-28,2024-02-03,2024,5,투모로우바이투게더,혼돈의 장: FIGHT OR ESCAPE,2152.0
2024-02-04,2024-02-10,2024,6,Agust D,D-DAY,728.0
2024-02-04,2024-02-10,2024,6,BLACKPINK,BORN PINK,1790.0
2024-02-04,2024-02-10,2024,6,BLACKPINK,THE ALBUM,862.0
2024-02-04,2024-02-10,2024,6,BOYNEXTDOOR,WHO!,758.0
2024-02-04,2024-02-10,2024,6,LE SSERAFIM (르세라핌),ANTIFRAGILE,978.0
2024-02-04,2024-02-10,2024,6,LE SSERAFIM (르세라핌),FEARLESS,873.0
2024-02-04,2024-02-10,2024,6,LE SSERAFIM (르세라핌),UNFORGIVEN,853.0
2024-02-04,2024-02-10,2024,6,NewJeans,1st EP `New Jeans`,7309.0
2024-02-04,2024-02-10,2024,6,NewJeans,1st EP `New Jeans` (Weverse),757.0
2024-02-04,2024-02-10,2024,6,NewJeans,2nd EP `Get Up`,15916.0
2024-02-04,2024-02-10,2024,6,NewJeans,2nd EP `Get Up` (Weverse),2526.0
2024-02-04,2024-02-10,2024,6,NewJeans,`OMG`,6138.0
2024-02-04,2024-02-10,2024,6,NewJeans,`OMG` (Weverse),785.0
2024-02-04,2024-02-10,2024,6,PLAVE,ASTERUM (POCA),1046.0
2024-02-04,2024-02-10,2024,6,TWS (투어스),1st Mini Album `Sparkling Blue`,24608.0
2024-02-04,2024-02-10,2024,6,TWS (투어스),1st Mini Album `Sparkling Blue` (Weverse),11201.0
2024-02-04,2024-02-10,2024,6,V,Layover,1774.0
2024-02-04,2024-02-10,2024,6,로제 (ROSE),R,1636.0
2024-02-04,2024-02-10,2024,6,방탄소년단,2 Cool 4 Skool,687.0
2024-02-04,2024-02-10,2024,6,방탄소년단,LOVE YOURSELF 承 `Her`,900.0
2024-02-04,2024-02-10,2024,6,방탄소년단,LOVE YOURSELF 結 `Answer`,1544.0
2024-02-04,2024-02-10,2024,6,방탄소년단,MAP OF THE SOUL : 7,720.0
2024-02-04,2024-02-10,2024,6,방탄소년단,MAP OF THE SOUL : PERSONA,952.0
2024-02-04,2024-02-10,2024,6,방탄소년단,화양연화 Young Forever,788.0
2024-02-04,2024-02-10,2024,6,방탄소년단,화양연화 pt.1,651.0
2024-02-04,2024-02-10,2024,6,방탄소년단,화양연화 pt.2,822.0
2024-02-04,2024-02-10,2024,6,세븐틴,10th Mini Album `FML`,3538.0
2024-02-04,2024-02-10,2024,6,세븐틴,10th Mini Album `FML` (Weverse),825.0
2024-02-04,2024-02-10,2024,6,세븐틴,11th Mini Album `SEVENTEENTH HEAVEN`,6684.0
2024-02-04,2024-02-10,2024,6,세븐틴,11th Mini Album `SEVENTEENTH HEAVEN` (Weverse),1347.0
2024-02-04,2024-02-10,2024,6,세븐틴,3RD ALBUM ‘An Ode’,2405.0
2024-02-04,2024-02-10,2024,6,세븐틴,4th Album Repackage `SECTOR 17`,1198.0
2024-02-04,2024-02-10,2024,6,세븐틴,4th Album Repackage `SECTOR 17` (Weverse),1049.0
2024-02-04,2024-02-10,2024,6,세븐틴,4th Album `Face the Sun`,4974.0
2024-02-04,2024-02-10,2024,6,세븐틴,4th Album `Face the Sun` (Weverse),1925.0
2024-02-04,2024-02-10,2024,6,세븐틴,7th Mini Album `헹가래`,1586.0
2024-02-04,2024-02-10,2024,6,세븐틴,8th Mini Album `Your Choice`,748.0
2024-02-04,2024-02-10,2024,6,세븐틴,9th Mini Album `Attacca`,3932.0
2024-02-04,2024-02-10,2024,6,세븐틴,Special Album `; [Semicolon]`,991.0
2024-02-04,2024-02-10,2024,6,정국,GOLDEN,1683.0
2024-02-04,2024-02-10,2024,6,투모로우바이투게더,minisode 2: Thursday`s Child,687.0
2024-02-04,2024-02-10,2024,6,투모로우바이투게더,minisode1 : Blue Hour,2056.0
2024-02-04,2024-02-10,2024,6,투모로우바이투게더,꿈의 장: MAGIC,802.0
2024-02-04,2024-02-10,2024,6,투모로우바이투게더,이름의 장: FREEFALL,1022.0
2024-02-04,2024-02-10,2024,6,투모로우바이투게더,이름의 장: FREEFALL (Weverse),1324.0
2024-02-04,2024-02-10,2024,6,투모로우바이투게더,이름의 장: TEMPTATION,1136.0
2024-02-04,2024-02-10,2024,6,투모로우바이투게더,이름의 장: TEMPTATION (Weverse),653.0
2024-02-04,2024-02-10,2024,6,투모로우바이투게더,혼돈의 장: FIGHT OR ESCAPE,1242.0
2024-02-04,2024-02-10,2024,6,투모로우바이투게더,혼돈의 장: FREEZE,999.0
2024-02-11,2024-02-17,2024,7,BLACKPINK,BORN PINK,1453.0
2024-02-11,2024-02-17,2024,7,BLACKPINK,KILL THIS LOVE,1963.0
2024-02-11,2024-02-17,2024,7,BLACKPINK,SQUARE UP,891.0
2024-02-11,2024-02-17,2024,7,BLACKPINK,THE ALBUM,992.0
2024-02-11,2024-02-17,2024,7,BOYNEXTDOOR,WHO!,950.0
2024-02-11,2024-02-17,2024,7,LE SSERAFIM (르세라핌),ANTIFRAGILE,2072.0
2024-02-11,2024-02-17,2024,7,LE SSERAFIM (르세라핌),ANTIFRAGILE (Weverse),1044.0
2024-02-11,2024-02-17,2024,7,LE SSERAFIM (르세라핌),FEARLESS,1166.0
2024-02-11,2024-02-17,2024,7,LE SSERAFIM (르세라핌),UNFORGIVEN,996.0
2024-02-11,2024-02-17,2024,7,NewJeans,1st EP `New Jeans`,1834.0
2024-02-11,2024-02-17,2024,7,NewJeans,1st EP `New Jeans` (Weverse),1796.0
2024-02-11,2024-02-17,2024,7,NewJeans,2nd EP `Get Up`,2959.0
2024-02-11,2024-02-17,2024,7,NewJeans,2nd EP `Get Up` (Weverse),1816.0
2024-02-11,2024-02-17,2024,7,NewJeans,`OMG` (Weverse),863.0
2024-02-11,2024-02-17,2024,7,PLAVE,ASTERUM (POCA),923.0
2024-02-11,2024-02-17,2024,7,TWS (투어스),1st Mini Album `Sparkling Blue`,38172.0
2024-02-11,2024-02-17,2024,7,TWS (투어스),1st Mini Album `Sparkling Blue` (Weverse),10279.0
2024-02-11,2024-02-17,2024,7,V,Layover,1017.0
2024-02-11,2024-02-17,2024,7,로제 (ROSE),R,3067.0
2024-02-11,2024-02-17,2024,7,방탄소년단,LOVE YOURSELF 承 `Her`,1450.0
2024-02-11,2024-02-17,2024,7,방탄소년단,LOVE YOURSELF 轉 `Tear` (LP),1006.0
2024-02-11,2024-02-17,2024,7,방탄소년단,"O!RUL8,2?",1089.0
2024-02-11,2024-02-17,2024,7,세븐틴,10th Mini Album `FML`,4990.0
2024-02-11,2024-02-17,2024,7,세븐틴,11th Mini Album `SEVENTEENTH HEAVEN`,13117.0
2024-02-11,2024-02-17,2024,7,세븐틴,11th Mini Album `SEVENTEENTH HEAVEN` (Weverse),1690.0
2024-02-11,2024-02-17,2024,7,세븐틴,3RD ALBUM ‘An Ode’,2964.0
2024-02-11,2024-02-17,2024,7,세븐틴,4th Album Repackage `SECTOR 17`,1176.0
2024-02-11,2024-02-17,2024,7,세븐틴,4th Album `Face the Sun`,8807.0
2024-02-11,2024-02-17,2024,7,세븐틴,4th Album `Face the Sun` (Weverse),969.0
2024-02-11,2024-02-17,2024,7,세븐틴,7th Mini Album `헹가래`,1896.0
2024-02-11,2024-02-17,2024,7,세븐틴,8th Mini Album `Your Choice`,3631.0
2024-02-11,2024-02-17,2024,7,세븐틴,9th Mini Album `Attacca`,4196.0
2024-02-11,2024-02-17,2024,7,정국,GOLDEN,2051.0
2024-02-11,2024-02-17,2024,7,투모로우바이투게더,minisode 2: Thursday`s Child,1772.0
2024-02-11,2024-02-17,2024,7,투모로우바이투게더,minisode1 : Blue Hour,1284.0
2024-02-11,2024-02-17,2024,7,투모로우바이투게더,꿈의 장: MAGIC,1214.0
2024-02-11,2024-02-17,2024,7,투모로우바이투게더,이름의 장: FREEFALL,979.0
2024-02-11,2024-02-17,2024,7,투모로우바이투게더,이름의 장: FREEFALL (Weverse),1196.0
2024-02-11,2024-02-17,2024,7,투모로우바이투게더,이름의 장: TEMPTATION,2621.0
2024-02-11,2024-02-17,2024,7,투모로우바이투게더,혼돈의 장: FIGHT OR ESCAPE,2438.0
2024-02-18,2024-02-24,2024,8,BLACKPINK,BORN PINK,3117.0
2024-02-18,2024-02-24,2024,8,LE SSERAFIM (르세라핌),ANTIFRAGILE (Weverse),1329.0
2024-02-18,2024-02-24,2024,8,LE SSERAFIM (르세라핌),EASY,977946.0
2024-02-18,2024-02-24,2024,8,LE SSERAFIM (르세라핌),EASY (Weverse),89070.0
2024-02-18,2024-02-24,2024,8,NewJeans,1st EP `New Jeans`,1682.0
2024-02-18,2024-02-24,2024,8,NewJeans,1st EP `New Jeans` (Weverse),1778.0
2024-02-18,2024-02-24,2024,8,NewJeans,2nd EP `Get Up`,3334.0
2024-02-18,2024-02-24,2024,8,NewJeans,2nd EP `Get Up` (Weverse),2620.0
2024-02-18,2024-02-24,2024,8,TWS (투어스),1st Mini Album `Sparkling Blue`,27336.0
2024-02-18,2024-02-24,2024,8,로제 (ROSE),R,3707.0
2024-02-18,2024-02-24,2024,8,방탄소년단,LOVE YOURSELF 承 `Her`,2248.0
2024-02-18,2024-02-24,2024,8,방탄소년단,LOVE YOURSELF 結 `Answer`,1552.0
2024-02-18,2024-02-24,2024,8,방탄소년단,LOVE YOURSELF 轉 `Tear`,1536.0
2024-02-18,2024-02-24,2024,8,방탄소년단,MAP OF THE SOUL : PERSONA,1536.0
2024-02-18,2024-02-24,2024,8,방탄소년단,Proof,1337.0
2024-02-18,2024-02-24,2024,8,방탄소년단,화양연화 Young Forever,1632.0
2024-02-18,2024-02-24,2024,8,방탄소년단,화양연화 pt.2,1758.0
2024-02-18,2024-02-24,2024,8,세븐틴,10th Mini Album `FML`,2358.0
2024-02-18,2024-02-24,2024,8,세븐틴,11th Mini Album `SEVENTEENTH HEAVEN`,10302.0
2024-02-18,2024-02-24,2024,8,세븐틴,3RD ALBUM ‘An Ode’,2749.0
2024-02-18,2024-02-24,2024,8,세븐틴,4th Album Repackage `SECTOR 17`,1848.0
2024-02-18,2024-02-24,2024,8,세븐틴,4th Album Repackage `SECTOR 17` (Weverse),2018.0
2024-02-18,2024-02-24,2024,8,세븐틴,4th Album `Face the Sun`,22404.0
2024-02-18,2024-02-24,2024,8,세븐틴,4th Album `Face the Sun` (Weverse),2593.0
2024-02-18,2024-02-24,2024,8,세븐틴,7th Mini Album `헹가래`,5289.0
2024-02-18,2024-02-24,2024,8,세븐틴,8th Mini Album `Your Choice`,2575.0
2024-02-18,2024-02-24,2024,8,세븐틴,9th Mini Album `Attacca`,11655.0
2024-02-18,2024-02-24,2024,8,정국,GOLDEN,1992.0
2024-02-18,2024-02-24,2024,8,제니 (JENNIE),SOLO,1576.0
2024-02-18,2024-02-24,2024,8,투모로우바이투게더,minisode 2: Thursday`s Child,2174.0
2024-02-18,2024-02-24,2024,8,투모로우바이투게더,minisode1 : Blue Hour,2174.0
2024-02-18,2024-02-24,2024,8,투모로우바이투게더,꿈의 장: MAGIC,1424.0
2024-02-18,2024-02-24,2024,8,투모로우바이투게더,이름의 장: FREEFALL,1543.0
2024-02-18,2024-02-24,2024,8,투모로우바이투게더,이름의 장: FREEFALL (Weverse),2592.0
2024-02-18,2024-02-24,2024,8,투모로우바이투게더,이름의 장: TEMPTATION,1710.0
2024-02-18,2024-02-24,2024,8,투모로우바이투게더,이름의 장: TEMPTATION (Weverse),1405.0
2024-02-18,2024-02-24,2024,8,투모로우바이투게더,혼돈의 장: FIGHT OR ESCAPE,3336.0
2024-02-25,2024-03-02,2024,9,BLACKPINK,BORN PINK,2470.0
2024-02-25,2024-03-02,2024,9,BLACKPINK,KILL THIS LOVE,1048.0
2024-02-25,2024-03-02,2024,9,BLACKPINK,SQUARE UP,884.0
2024-02-25,2024-03-02,2024,9,LE SSERAFIM (르세라핌),ANTIFRAGILE,1400.0
2024-02-25,2024-03-02,2024,9,LE SSERAFIM (르세라핌),EASY,37659.0
2024-02-25,2024-03-02,2024,9,LE SSERAFIM (르세라핌),EASY (Weverse),5494.0
2024-02-25,2024-03-02,2024,9,LE SSERAFIM (르세라핌),UNFORGIVEN,939.0
2024-02-25,2024-03-02,2024,9,NewJeans,1st EP `New Jeans`,843.0
2024-02-25,2024-03-02,2024,9,NewJeans,1st EP `New Jeans` (Weverse),977.0
2024-02-25,2024-03-02,2024,9,NewJeans,2nd EP `Get Up`,3263.0
2024-02-25,2024-03-02,2024,9,NewJeans,2nd EP `Get Up` (Weverse),2010.0
2024-02-25,2024-03-02,2024,9,PLAVE,ASTERUM (POCA),974.0
2024-02-25,2024-03-02,2024,9,PLAVE,ASTERUM : 134-1,394220.0
2024-02-25,2024-03-02,2024,9,PLAVE,ASTERUM : 134-1 (POCA),139950.0
2024-02-25,2024-03-02,2024,9,PLAVE,ASTERUM : The Shape of Things to Come,991.0
2024-02-25,2024-03-02,2024,9,TWS (투어스),1st Mini Album `Sparkling Blue` (Weverse),19998.0
2024-02-25,2024-03-02,2024,9,V,Layover,916.0
2024-02-25,2024-03-02,2024,9,로제 (ROSE),R,2420.0
2024-02-25,2024-03-02,2024,9,방탄소년단,2 Cool 4 Skool,7271.0
2024-02-25,2024-03-02,2024,9,방탄소년단,LOVE YOURSELF 承 `Her`,10574.0
2024-02-25,2024-03-02,2024,9,방탄소년단,LOVE YOURSELF 結 `Answer`,1559.0
2024-02-25,2024-03-02,2024,9,방탄소년단,LOVE YOURSELF 轉 `Tear`,836.0
2024-02-25,2024-03-02,2024,9,방탄소년단,MAP OF THE SOUL : PERSONA,978.0
2024-02-25,2024-03-02,2024,9,부석순 (SEVENTEEN),1st Single Album `SECOND WIND` (Weverse),919.0
2024-02-25,2024-03-02,2024,9,세븐틴,10th Mini Album `FML`,2337.0
2024-02-25,2024-03-02,2024,9,세븐틴,11th Mini Album `SEVENTEENTH HEAVEN`,6862.0
2024-02-25,2024-03-02,2024,9,세븐틴,11th Mini Album `SEVENTEENTH HEAVEN` (Weverse),1739.0
2024-02-25,2024-03-02,2024,9,세븐틴,3RD ALBUM ‘An Ode’,2237.0
2024-02-25,2024-03-02,2024,9,세븐틴,4th Album Repackage `SECTOR 17`,1503.0
2024-02-25,2024-03-02,2024,9,세븐틴,4th Album Repackage `SECTOR 17` (Weverse),1908.0
2024-02-25,2024-03-02,2024,9,세븐틴,4th Album `Face the Sun`,9585.0
2024-02-25,2024-03-02,2024,9,세븐틴,4th Album `Face the Sun` (Weverse),2306.0
2024-02-25,2024-03-02,2024,9,세븐틴,7th Mini Album `헹가래`,2985.0
2024-02-25,2024-03-02,2024,9,세븐틴,8th Mini Album `Your Choice`,2111.0
2024-02-25,2024-03-02,2024,9,세븐틴,9th Mini Album `Attacca`,5884.0
2024-02-25,2024-03-02,2024,9,세븐틴,Special Album `; [Semicolon]`,980.0
2024-02-25,2024-03-02,2024,9,투모로우바이투게더,minisode 2: Thursday`s Child,995.0
2024-02-25,2024-03-02,2024,9,투모로우바이투게더,이름의 장: FREEFALL (Weverse),1534.0
2024-02-25,2024-03-02,2024,9,투모로우바이투게더,혼돈의 장: FIGHT OR ESCAPE,1103.0
2024-03-03,2024-03-09,2024,10,BLACKPINK,BORN PINK,3497.0
2024-03-03,2024-03-09,2024,10,BLACKPINK,KILL THIS LOVE,1284.0
2024-03-03,2024-03-09,2024,10,BLACKPINK,THE ALBUM,1719.0
2024-03-03,2024-03-09,2024,10,BOYNEXTDOOR,WHO!,1280.0
2024-03-03,2024-03-09,2024,10,LE SSERAFIM (르세라핌),ANTIFRAGILE,2144.0
2024-03-03,2024-03-09,2024,10,LE SSERAFIM (르세라핌),EASY,18608.0
2024-03-03,2024-03-09,2024,10,LE SSERAFIM (르세라핌),EASY (Weverse),1920.0
2024-03-03,2024-03-09,2024,10,NewJeans,1st EP `New Jeans`,2921.0
2024-03-03,2024-03-09,2024,10,NewJeans,1st EP `New Jeans` (Weverse),1940.0
2024-03-03,2024-03-09,2024,10,NewJeans,2nd EP `Get Up`,3802.0
2024-03-03,2024-03-09,2024,10,NewJeans,2nd EP `Get Up` (Weverse),1550.0
2024-03-03,2024-03-09,2024,10,NewJeans,`OMG`,1828.0
2024-03-03,2024-03-09,2024,10,PLAVE,ASTERUM (POCA),1611.0
2024-03-03,2024-03-09,2024,10,PLAVE,ASTERUM : 134-1,5480.0
2024-03-03,2024-03-09,2024,10,PLAVE,ASTERUM : 134-1 (POCA),70883.0
2024-03-03,2024-03-09,2024,10,V,Layover,1345.0
2024-03-03,2024-03-09,2024,10,로제 (ROSE),R,1737.0
2024-03-03,2024-03-09,2024,10,방탄소년단,LOVE YOURSELF 轉 `Tear`,1756.0
2024-03-03,2024-03-09,2024,10,방탄소년단,LOVE YOURSELF 轉 `Tear` (LP),1976.0
2024-03-03,2024-03-09,2024,10,방탄소년단,화양연화 pt.2,1366.0
2024-03-03,2024-03-09,2024,10,세븐틴,10th Mini Album `FML`,3923.0
2024-03-03,2024-03-09,2024,10,세븐틴,11th Mini Album `SEVENTEENTH HEAVEN`,5946.0
2024-03-03,2024-03-09,2024,10,세븐틴,11th Mini Album `SEVENTEENTH HEAVEN` (Weverse),1485.0
2024-03-03,2024-03-09,2024,10,세븐틴,3RD ALBUM ‘An Ode’,4156.0
2024-03-03,2024-03-09,2024,10,세븐틴,4th Album Repackage `SECTOR 17`,2025.0
2024-03-03,2024-03-09,2024,10,세븐틴,4th Album Repackage `SECTOR 17` (Weverse),1500.0
2024-03-03,2024-03-09,2024,10,세븐틴,4th Album `Face the Sun`,16137.0
2024-03-03,2024-03-09,2024,10,세븐틴,4th Album `Face the Sun` (Weverse),3087.0
2024-03-03,2024-03-09,2024,10,세븐틴,7th Mini Album `헹가래`,2640.0
2024-03-03,2024-03-09,2024,10,세븐틴,8th Mini Album `Your Choice`,1589.0
2024-03-03,2024-03-09,2024,10,세븐틴,9th Mini Album `Attacca`,10165.0
2024-03-03,2024-03-09,2024,10,정국,GOLDEN,5574.0
2024-03-03,2024-03-09,2024,10,제니 (JENNIE),SOLO,1681.0
2024-03-03,2024-03-09,2024,10,투모로우바이투게더,이름의 장: FREEFALL,1424.0
2024-03-03,2024-03-09,2024,10,투모로우바이투게더,이름의 장: FREEFALL (Weverse),1414.0
2024-03-03,2024-03-09,2024,10,투모로우바이투게더,이름의 장: TEMPTATION,1757.0
2024-03-03,2024-03-09,2024,10,투모로우바이투게더,이름의 장: TEMPTATION (Weverse),1320.0
2024-03-03,2024-03-09,2024,10,투모로우바이투게더,혼돈의 장: FIGHT OR ESCAPE,2368.0
2024-03-03,2024-03-09,2024,10,투모로우바이투게더,혼돈의 장: FREEZE,1516.0
2024-03-10,2024-03-16,2024,11,BLACKPINK,BORN PINK,1321.0
2024-03-10,2024-03-16,2024,11,BLACKPINK,KILL THIS LOVE,1561.0
2024-03-10,2024-03-16,2024,11,BLACKPINK,SQUARE UP,1228.0
2024-03-10,2024-03-16,2024,11,LE SSERAFIM (르세라핌),ANTIFRAGILE,1344.0
2024-03-10,2024-03-16,2024,11,LE SSERAFIM (르세라핌),EASY,13168.0
2024-03-10,2024-03-16,2024,11,LE SSERAFIM (르세라핌),EASY (Weverse),2554.0
2024-03-10,2024-03-16,2024,11,NewJeans,1st EP `New Jeans`,1677.0
2024-03-10,2024-03-16,2024,11,NewJeans,1st EP `New Jeans` (Weverse),1217.0
2024-03-10,2024-03-16,2024,11,NewJeans,2nd EP `Get Up`,2786.0
2024-03-10,2024-03-16,2024,11,NewJeans,`OMG`,1338.0
2024-03-10,2024-03-16,2024,11,PLAVE,ASTERUM (POCA),2737.0
2024-03-10,2024-03-16,2024,11,PLAVE,ASTERUM : 134-1,49179.0
2024-03-10,2024-03-16,2024,11,PLAVE,ASTERUM : 134-1 (POCA),1863.0
2024-03-10,2024-03-16,2024,11,PLAVE,ASTERUM : The Shape of Things to Come,2330.0
2024-03-10,2024-03-16,2024,11,TWS (투어스),1st Mini Album `Sparkling Blue`,40463.0
2024-03-10,2024-03-16,2024,11,TWS (투어스),1st Mini Album `Sparkling Blue` (Weverse),20000.0
2024-03-10,2024-03-16,2024,11,V,Layover,1353.0
2024-03-10,2024-03-16,2024,11,로제 (ROSE),R,5324.0
2024-03-10,2024-03-16,2024,11,방탄소년단,LOVE YOURSELF 結 `Answer`,1242.0
2024-03-10,2024-03-16,2024,11,방탄소년단,화양연화 pt.1,1190.0
2024-03-10,2024-03-16,2024,11,방탄소년단,화양연화 pt.2,1312.0
2024-03-10,2024-03-16,2024,11,세븐틴,10th Mini Album `FML`,1714.0
2024-03-10,2024-03-16,2024,11,세븐틴,11th Mini Album `SEVENTEENTH HEAVEN`,3114.0
2024-03-10,2024-03-16,2024,11,세븐틴,11th Mini Album `SEVENTEENTH HEAVEN` (Weverse),1295.0
2024-03-10,2024-03-16,2024,11,세븐틴,3RD ALBUM ‘An Ode’,1833.0
2024-03-10,2024-03-16,2024,11,세븐틴,4th Album Repackage `SECTOR 17` (Weverse),1354.0
2024-03-10,2024-03-16,2024,11,세븐틴,4th Album `Face the Sun`,8042.0
2024-03-10,2024-03-16,2024,11,세븐틴,4th Album `Face the Sun` (Weverse),1395.0
2024-03-10,2024-03-16,2024,11,세븐틴,7th Mini Album `헹가래`,2920.0
2024-03-10,2024-03-16,2024,11,세븐틴,9th Mini Album `Attacca`,6571.0
2024-03-10,2024-03-16,2024,11,세븐틴,Special Album `; [Semicolon]`,1268.0
2024-03-10,2024-03-16,2024,11,정국,GOLDEN,2568.0
2024-03-10,2024-03-16,2024,11,투모로우바이투게더,minisode 2: Thursday`s Child,1406.0
2024-03-10,2024-03-16,2024,11,투모로우바이투게더,이름의 장: FREEFALL,1200.0
2024-03-10,2024-03-16,2024,11,투모로우바이투게더,이름의 장: TEMPTATION,1240.0
2024-03-10,2024-03-16,2024,11,투모로우바이투게더,혼돈의 장: FIGHT OR ESCAPE,2743.0
2024-03-17,2024-03-23,2024,12,Agust D,D-DAY,1214.0
2024-03-17,2024-03-23,2024,12,BLACKPINK,BORN PINK,2571.0
2024-03-17,2024-03-23,2024,12,BLACKPINK,THE ALBUM,2194.0
2024-03-17,2024-03-23,2024,12,BOYNEXTDOOR,WHO!,1021.0
2024-03-17,2024-03-23,2024,12,LE SSERAFIM (르세라핌),ANTIFRAGILE,1080.0
2024-03-17,2024-03-23,2024,12,LE SSERAFIM (르세라핌),EASY,11879.0
2024-03-17,2024-03-23,2024,12,LE SSERAFIM (르세라핌),EASY (Weverse),3370.0
2024-03-17,2024-03-23,2024,12,LE SSERAFIM (르세라핌),FEARLESS,1016.0
2024-03-17,2024-03-23,2024,12,NewJeans,`OMG`,1224.0
2024-03-17,2024-03-23,2024,12,PLAVE,ASTERUM (POCA),2737.0
2024-03-17,2024-03-23,2024,12,PLAVE,ASTERUM : The Shape of Things to Come,1719.0
2024-03-17,2024-03-23,2024,12,TWS (투어스),1st Mini Album `Sparkling Blue`,1696.0
2024-03-17,2024-03-23,2024,12,TWS (투어스),1st Mini Album `Sparkling Blue` (Weverse),20000.0
2024-03-17,2024-03-23,2024,12,V,Layover,1287.0
2024-03-17,2024-03-23,2024,12,로제 (ROSE),R,2285.0
2024-03-17,2024-03-23,2024,12,방탄소년단,Butter,935.0
2024-03-17,2024-03-23,2024,12,방탄소년단,LOVE YOURSELF 結 `Answer`,1170.0
2024-03-17,2024-03-23,2024,12,방탄소년단,LOVE YOURSELF 轉 `Tear`,1203.0
2024-03-17,2024-03-23,2024,12,방탄소년단,MAP OF THE SOUL : 7,1536.0
2024-03-17,2024-03-23,2024,12,방탄소년단,MAP OF THE SOUL : PERSONA,1319.0
2024-03-17,2024-03-23,2024,12,방탄소년단,Proof,879.0
2024-03-17,2024-03-23,2024,12,방탄소년단,화양연화 pt.1,892.0
2024-03-17,2024-03-23,2024,12,방탄소년단,화양연화 pt.2,1241.0
2024-03-17,2024-03-23,2024,12,세븐틴,10th Mini Album `FML`,1868.0
2024-03-17,2024-03-23,2024,12,세븐틴,11th Mini Album `SEVENTEENTH HEAVEN`,1761.0
2024-03-17,2024-03-23,2024,12,세븐틴,4th Album Repackage `SECTOR 17`,2015.0
2024-03-17,2024-03-23,2024,12,세븐틴,4th Album `Face the Sun`,6346.0
2024-03-17,2024-03-23,2024,12,세븐틴,4th Album `Face the Sun` (Weverse),1137.0
2024-03-17,2024-03-23,2024,12,세븐틴,7th Mini Album `헹가래`,1942.0
2024-03-17,2024-03-23,2024,12,세븐틴,8th Mini Album `Your Choice`,1450.0
2024-03-17,2024-03-23,2024,12,세븐틴,9th Mini Album `Attacca`,3799.0
2024-03-17,2024-03-23,2024,12,정국,GOLDEN,1346.0
2024-03-17,2024-03-23,2024,12,진 (JIN),The Astronaut,1007.0
2024-03-17,2024-03-23,2024,12,투모로우바이투게더,minisode1 : Blue Hour,2320.0
2024-03-17,2024-03-23,2024,12,투모로우바이투게더,이름의 장: FREEFALL,1790.0
2024-03-17,2024-03-23,2024,12,투모로우바이투게더,이름의 장: TEMPTATION,1205.0
2024-03-17,2024-03-23,2024,12,투모로우바이투게더,혼돈의 장: FIGHT OR ESCAPE,1007.0
2024-03-24,2024-03-30,2024,13,Agust D,D-DAY,1061.0
2024-03-24,2024-03-30,2024,13,BLACKPINK,BORN PINK,1112.0
2024-03-24,2024-03-30,2024,13,BLACKPINK,KILL THIS LOVE,929.0
2024-03-24,2024-03-30,2024,13,BLACKPINK,THE ALBUM,596.0
2024-03-24,2024-03-30,2024,13,LE SSERAFIM (르세라핌),ANTIFRAGILE,1163.0
2024-03-24,2024-03-30,2024,13,LE SSERAFIM (르세라핌),EASY,916.0
2024-03-24,2024-03-30,2024,13,LE SSERAFIM (르세라핌),EASY (Weverse),1243.0
2024-03-24,2024-03-30,2024,13,NewJeans,1st EP `New Jeans`,929.0
2024-03-24,2024-03-30,2024,13,NewJeans,1st EP `New Jeans` (Weverse),660.0
2024-03-24,2024-03-30,2024,13,NewJeans,2nd EP `Get Up`,1618.0
2024-03-24,2024-03-30,2024,13,NewJeans,2nd EP `Get Up` (Weverse),1216.0
2024-03-24,2024-03-30,2024,13,NewJeans,`OMG`,1377.0
2024-03-24,2024-03-30,2024,13,PLAVE,ASTERUM (POCA),3124.0
2024-03-24,2024-03-30,2024,13,PLAVE,ASTERUM : 134-1,772.0
2024-03-24,2024-03-30,2024,13,PLAVE,ASTERUM : 134-1 (POCA),28013.0
2024-03-24,2024-03-30,2024,13,PLAVE,ASTERUM : The Shape of Things to Come,1800.0
2024-03-24,2024-03-30,2024,13,V,Layover,918.0
2024-03-24,2024-03-30,2024,13,j-hope,HOPE ON THE STREET VOL.1,421060.0
2024-03-24,2024-03-30,2024,13,j-hope,HOPE ON THE STREET VOL.1 (Weverse),84532.0
2024-03-24,2024-03-30,2024,13,로제 (ROSE),R,1408.0
2024-03-24,2024-03-30,2024,13,방탄소년단,LOVE YOURSELF 轉 `Tear`,889.0
2024-03-24,2024-03-30,2024,13,방탄소년단,MAP OF THE SOUL : PERSONA,1020.0
2024-03-24,2024-03-30,2024,13,방탄소년단,화양연화 Young Forever,724.0
2024-03-24,2024-03-30,2024,13,세븐틴,10th Mini Album `FML`,13721.0
2024-03-24,2024-03-30,2024,13,세븐틴,11th Mini Album `SEVENTEENTH HEAVEN`,16786.0
2024-03-24,2024-03-30,2024,13,세븐틴,11th Mini Album `SEVENTEENTH HEAVEN` (Weverse),830.0
2024-03-24,2024-03-30,2024,13,세븐틴,4th Album Repackage `SECTOR 17`,1004.0
2024-03-24,2024-03-30,2024,13,세븐틴,4th Album Repackage `SECTOR 17` (Weverse),1487.0
2024-03-24,2024-03-30,2024,13,세븐틴,4th Album `Face the Sun`,4381.0
2024-03-24,2024-03-30,2024,13,세븐틴,4th Album `Face the Sun` (Weverse),2177.0
2024-03-24,2024-03-30,2024,13,세븐틴,7th Mini Album `헹가래`,1271.0
2024-03-24,2024-03-30,2024,13,세븐틴,8th Mini Album `Your Choice`,616.0
2024-03-24,2024-03-30,2024,13,세븐틴,9th Mini Album `Attacca`,2158.0
2024-03-24,2024-03-30,2024,13,정국,GOLDEN,2295.0
2024-03-24,2024-03-30,2024,13,제니 (JENNIE),SOLO,1022.0
2024-03-24,2024-03-30,2024,13,투모로우바이투게더,minisode 2: Thursday`s Child,789.0
2024-03-24,2024-03-30,2024,13,투모로우바이투게더,혼돈의 장: FIGHT OR ESCAPE,1244.0
2024-03-31,2024-04-06,2024,14,BABYMONSTER,BABYMONS7ER,150156.0
2024-03-31,2024-04-06,2024,14,BABYMONSTER,BABYMONS7ER (Nemo),250628.0
2024-03-31,2024-04-06,2024,14,BLACKPINK,BORN PINK,1471.0
2024-03-31,2024-04-06,2024,14,BLACKPINK,KILL THIS LOVE,1647.0
2024-03-31,2024-04-06,2024,14,LE SSERAFIM (르세라핌),ANTIFRAGILE (Weverse),1044.0
2024-03-31,2024-04-06,2024,14,LE SSERAFIM (르세라핌),EASY,5756.0
2024-03-31,2024-04-06,2024,14,LE SSERAFIM (르세라핌),EASY (Weverse),1237.0
2024-03-31,2024-04-06,2024,14,NewJeans,1st EP `New Jeans`,2253.0
2024-03-31,2024-04-06,2024,14,NewJeans,1st EP `New Jeans` (Weverse),1139.0
2024-03-31,2024-04-06,2024,14,NewJeans,2nd EP `Get Up`,2092.0
2024-03-31,2024-04-06,2024,14,NewJeans,2nd EP `Get Up` (Weverse),1740.0
2024-03-31,2024-04-06,2024,14,PLAVE,ASTERUM (POCA),2167.0
2024-03-31,2024-04-06,2024,14,PLAVE,ASTERUM : The Shape of Things to Come,3048.0
2024-03-31,2024-04-06,2024,14,TWS (투어스),1st Mini Album `Sparkling Blue`,1440.0
2024-03-31,2024-04-06,2024,14,TWS (투어스),1st Mini Album `Sparkling Blue` (Weverse),15706.0
2024-03-31,2024-04-06,2024,14,Various Artists,내 남편과 결혼해줘 OST,1625.0
2024-03-31,2024-04-06,2024,14,j-hope,HOPE ON THE STREET VOL.1,20877.0
2024-03-31,2024-04-06,2024,14,방탄소년단,MAP OF THE SOUL : PERSONA,1035.0
2024-03-31,2024-04-06,2024,14,방탄소년단,화양연화 pt.2,1404.0
2024-03-31,2024-04-06,2024,14,세븐틴,10th Mini Album `FML`,1827.0
2024-03-31,2024-04-06,2024,14,세븐틴,11th Mini Album `SEVENTEENTH HEAVEN`,2747.0
2024-03-31,2024-04-06,2024,14,세븐틴,11th Mini Album `SEVENTEENTH HEAVEN` (Weverse),1340.0
2024-03-31,2024-04-06,2024,14,세븐틴,3RD ALBUM ‘An Ode’,2051.0
2024-03-31,2024-04-06,2024,14,세븐틴,4th Album Repackage `SECTOR 17`,1191.0
2024-03-31,2024-04-06,2024,14,세븐틴,4th Album `Face the Sun`,5197.0
2024-03-31,2024-04-06,2024,14,세븐틴,4th Album `Face the Sun` (Weverse),1519.0
2024-03-31,2024-04-06,2024,14,세븐틴,7th Mini Album `헹가래`,1200.0
2024-03-31,2024-04-06,2024,14,세븐틴,9th Mini Album `Attacca`,4441.0
2024-03-31,2024-04-06,2024,14,정국,GOLDEN,1548.0
2024-03-31,2024-04-06,2024,14,투모로우바이투게더,minisode 3: TOMORROW,1542718.0
2024-03-31,2024-04-06,2024,14,투모로우바이투게더,minisode 3: TOMORROW (KiT),34428.0
2024-03-31,2024-04-06,2024,14,투모로우바이투게더,minisode 3: TOMORROW (Weverse),164144.0
2024-03-31,2024-04-06,2024,14,투모로우바이투게더,이름의 장: FREEFALL (Weverse),1094.0
2024-03-31,2024-04-06,2024,14,투모로우바이투게더,이름의 장: TEMPTATION,1252.0
2024-04-07,2024-04-13,2024,15,BABYMONSTER,BABYMONS7ER,7065.0
2024-04-07,2024-04-13,2024,15,BABYMONSTER,BABYMONS7ER (Nemo),14663.0
2024-04-07,2024-04-13,2024,15,BLACKPINK,BORN PINK,2144.0
2024-04-07,2024-04-13,2024,15,BLACKPINK,KILL THIS LOVE,1836.0
2024-04-07,2024-04-13,2024,15,BLACKPINK,SPECIAL EDITION [How You Like That],738.0
2024-04-07,2024-04-13,2024,15,BLACKPINK,SQUARE UP,982.0
2024-04-07,2024-04-13,2024,15,BLACKPINK,THE ALBUM,1582.0
2024-04-07,2024-04-13,2024,15,LE SSERAFIM (르세라핌),ANTIFRAGILE,800.0
2024-04-07,2024-04-13,2024,15,LE SSERAFIM (르세라핌),EASY,3048.0
2024-04-07,2024-04-13,2024,15,LE SSERAFIM (르세라핌),EASY (Weverse),1234.0
2024-04-07,2024-04-13,2024,15,NewJeans,1st EP `New Jeans`,2194.0
2024-04-07,2024-04-13,2024,15,NewJeans,2nd EP `Get Up`,2116.0
2024-04-07,2024-04-13,2024,15,NewJeans,2nd EP `Get Up` (Weverse),1957.0
2024-04-07,2024-04-13,2024,15,NewJeans,`OMG`,1252.0
2024-04-07,2024-04-13,2024,15,NewJeans,`OMG` (Weverse),1208.0
2024-04-07,2024-04-13,2024,15,PLAVE,ASTERUM (POCA),1270.0
2024-04-07,2024-04-13,2024,15,TWS (투어스),1st Mini Album `Sparkling Blue`,1107.0
2024-04-07,2024-04-13,2024,15,TWS (투어스),1st Mini Album `Sparkling Blue` (Weverse),1001.0
2024-04-07,2024-04-13,2024,15,V,Layover,1072.0
2024-04-07,2024-04-13,2024,15,로제 (ROSE),R,792.0
2024-04-07,2024-04-13,2024,15,방탄소년단,YOU NEVER WALK ALONE,732.0
2024-04-07,2024-04-13,2024,15,방탄소년단,화양연화 pt.2,976.0
2024-04-07,2024-04-13,2024,15,세븐틴,10th Mini Album `FML`,1939.0
2024-04-07,2024-04-13,2024,15,세븐틴,11th Mini Album `SEVENTEENTH HEAVEN`,3146.0
2024-04-07,2024-04-13,2024,15,세븐틴,11th Mini Album `SEVENTEENTH HEAVEN` (Weverse),752.0
2024-04-07,2024-04-13,2024,15,세븐틴,3RD ALBUM ‘An Ode’,1633.0
2024-04-07,2024-04-13,2024,15,세븐틴,4th Album Repackage `SECTOR 17` (Weverse),794.0
2024-04-07,2024-04-13,2024,15,세븐틴,4th Album `Face the Sun`,7219.0
2024-04-07,2024-04-13,2024,15,세븐틴,7th Mini Album `헹가래`,1892.0
2024-04-07,2024-04-13,2024,15,세븐틴,8th Mini Album `Your Choice`,820.0
2024-04-07,2024-04-13,2024,15,세븐틴,9th Mini Album `Attacca`,2549.0
2024-04-07,2024-04-13,2024,15,정국,GOLDEN,3772.0
2024-04-07,2024-04-13,2024,15,투모로우바이투게더,minisode 3: TOMORROW,49488.0
2024-04-07,2024-04-13,2024,15,투모로우바이투게더,minisode 3: TOMORROW (KiT),1239.0
2024-04-07,2024-04-13,2024,15,투모로우바이투게더,minisode 3: TOMORROW (Weverse),12930.0
2024-04-07,2024-04-13,2024,15,투모로우바이투게더,minisode1 : Blue Hour,1140.0
2024-04-07,2024-04-13,2024,15,투모로우바이투게더,이름의 장: TEMPTATION,1413.0
2024-04-14,2024-04-20,2024,16,BABYMONSTER,BABYMONS7ER,890.0
2024-04-14,2024-04-20,2024,16,BABYMONSTER,BABYMONS7ER (Nemo),24374.0
2024-04-14,2024-04-20,2024,16,BLACKPINK,BORN PINK,1640.0
2024-04-14,2024-04-20,2024,16,BLACKPINK,KILL THIS LOVE,702.0
2024-04-14,2024-04-20,2024,16,BLACKPINK,SQUARE UP,948.0
2024-04-14,2024-04-20,2024,16,BLACKPINK,THE ALBUM,1208.0
2024-04-14,2024-04-20,2024,16,BOYNEXTDOOR,HOW?,566083.0
2024-04-14,2024-04-20,2024,16,BOYNEXTDOOR,HOW? (KiT),12427.0
2024-04-14,2024-04-20,2024,16,BOYNEXTDOOR,HOW? (Weverse),70851.0
2024-04-14,2024-04-20,2024,16,BOYNEXTDOOR,WHO!,705.0
2024-04-14,2024-04-20,2024,16,LE SSERAFIM (르세라핌),ANTIFRAGILE,724.0
2024-04-14,2024-04-20,2024,16,LE SSERAFIM (르세라핌),EASY,1403.0
2024-04-14,2024-04-20,2024,16,NewJeans,1st EP `New Jeans`,1961.0
2024-04-14,2024-04-20,2024,16,NewJeans,1st EP `New Jeans` (Weverse),1167.0
2024-04-14,2024-04-20,2024,16,NewJeans,2nd EP `Get Up`,1504.0
2024-04-14,2024-04-20,2024,16,NewJeans,2nd EP `Get Up` (Weverse),962.0
2024-04-14,2024-04-20,2024,16,NewJeans,`OMG`,1068.0
2024-04-14,2024-04-20,2024,16,PLAVE,ASTERUM (POCA),1745.0
2024-04-14,2024-04-20,2024,16,PLAVE,ASTERUM : 134-1,10177.0
2024-04-14,2024-04-20,2024,16,PLAVE,ASTERUM : 134-1 (POCA),750.0
2024-04-14,2024-04-20,2024,16,PLAVE,ASTERUM : The Shape of Things to Come,1745.0
2024-04-14,2024-04-20,2024,16,TWS (투어스),1st Mini Album `Sparkling Blue`,806.0
2024-04-14,2024-04-20,2024,16,TWS (투어스),1st Mini Album `Sparkling Blue` (Weverse),819.0
2024-04-14,2024-04-20,2024,16,V,Layover,1283.0
2024-04-14,2024-04-20,2024,16,로제 (ROSE),R,1537.0
2024-04-14,2024-04-20,2024,16,방탄소년단,Butter,845.0
2024-04-14,2024-04-20,2024,16,방탄소년단,LOVE YOURSELF 承 `Her`,808.0
2024-04-14,2024-04-20,2024,16,방탄소년단,Proof,735.0
2024-04-14,2024-04-20,2024,16,방탄소년단,화양연화 Young Forever,730.0
2024-04-14,2024-04-20,2024,16,세븐틴,10th Mini Album `FML`,1081.0
2024-04-14,2024-04-20,2024,16,세븐틴,11th Mini Album `SEVENTEENTH HEAVEN`,1412.0
2024-04-14,2024-04-20,2024,16,세븐틴,3RD ALBUM ‘An Ode’,2045.0
2024-04-14,2024-04-20,2024,16,세븐틴,4th Album Repackage `SECTOR 17`,875.0
2024-04-14,2024-04-20,2024,16,세븐틴,4th Album Repackage `SECTOR 17` (Weverse),994.0
2024-04-14,2024-04-20,2024,16,세븐틴,4th Album `Face the Sun`,5205.0
2024-04-14,2024-04-20,2024,16,세븐틴,4th Album `Face the Sun` (Weverse),1218.0
2024-04-14,2024-04-20,2024,16,세븐틴,7th Mini Album `헹가래`,1134.0
2024-04-14,2024-04-20,2024,16,세븐틴,8th Mini Album `Your Choice`,1207.0
2024-04-14,2024-04-20,2024,16,세븐틴,9th Mini Album `Attacca`,3197.0
2024-04-14,2024-04-20,2024,16,정국,GOLDEN,1232.0
2024-04-14,2024-04-20,2024,16,제니 (JENNIE),SOLO,880.0
2024-04-14,2024-04-20,2024,16,투모로우바이투게더,minisode 2: Thursday`s Child,675.0
2024-04-14,2024-04-20,2024,16,투모로우바이투게더,minisode 3: TOMORROW,31203.0
2024-04-14,2024-04-20,2024,16,투모로우바이투게더,minisode 3: TOMORROW (Weverse),8719.0
2024-04-14,2024-04-20,2024,16,투모로우바이투게더,혼돈의 장: FIGHT OR ESCAPE,895.0
2024-04-21,2024-04-27,2024,17,Agust D,D-DAY,1887.0
2024-04-21,2024-04-27,2024,17,BABYMONSTER,BABYMONS7ER,2805.0
2024-04-21,2024-04-27,2024,17,BABYMONSTER,BABYMONS7ER (Nemo),14274.0
2024-04-21,2024-04-27,2024,17,BLACKPINK,BORN PINK,1993.0
2024-04-21,2024-04-27,2024,17,BLACKPINK,KILL THIS LOVE,946.0
2024-04-21,2024-04-27,2024,17,BLACKPINK,SQUARE UP,1319.0
2024-04-21,2024-04-27,2024,17,BLACKPINK,THE ALBUM,1994.0
2024-04-21,2024-04-27,2024,17,BOYNEXTDOOR,HOW?,29020.0
2024-04-21,2024-04-27,2024,17,BOYNEXTDOOR,HOW? (Weverse),2291.0
2024-04-21,2024-04-27,2024,17,BOYNEXTDOOR,WHY..,1034.0
2024-04-21,2024-04-27,2024,17,LE SSERAFIM (르세라핌),ANTIFRAGILE,5617.0
2024-04-21,2024-04-27,2024,17,NewJeans,1st EP `New Jeans`,1237.0
2024-04-21,2024-04-27,2024,17,NewJeans,1st EP `New Jeans` (Weverse),1348.0
2024-04-21,2024-04-27,2024,17,NewJeans,2nd EP `Get Up`,2320.0
2024-04-21,2024-04-27,2024,17,PLAVE,ASTERUM (POCA),1780.0
2024-04-21,2024-04-27,2024,17,PLAVE,ASTERUM : 134-1,1570.0
2024-04-21,2024-04-27,2024,17,PLAVE,ASTERUM : 134-1 (POCA),1882.0
2024-04-21,2024-04-27,2024,17,PLAVE,ASTERUM : The Shape of Things to Come,1119.0
2024-04-21,2024-04-27,2024,17,Various Artists,"이재, 곧 죽습니다 OST",1115.0
2024-04-21,2024-04-27,2024,17,로제 (ROSE),R,1366.0
2024-04-21,2024-04-27,2024,17,방탄소년단,LOVE YOURSELF 承 `Her`,2109.0
2024-04-21,2024-04-27,2024,17,방탄소년단,LOVE YOURSELF 結 `Answer`,1191.0
2024-04-21,2024-04-27,2024,17,방탄소년단,LOVE YOURSELF 轉 `Tear`,2456.0
2024-04-21,2024-04-27,2024,17,방탄소년단,MAP OF THE SOUL : PERSONA,1225.0
2024-04-21,2024-04-27,2024,17,방탄소년단,화양연화 Young Forever,1754.0
2024-04-21,2024-04-27,2024,17,방탄소년단,화양연화 pt.2,1289.0
2024-04-21,2024-04-27,2024,17,세븐틴,11th Mini Album `SEVENTEENTH HEAVEN`,2842.0
2024-04-21,2024-04-27,2024,17,세븐틴,11th Mini Album `SEVENTEENTH HEAVEN` (Weverse),1538.0
2024-04-21,2024-04-27,2024,17,세븐틴,3RD ALBUM ‘An Ode’,1554.0
2024-04-21,2024-04-27,2024,17,세븐틴,4th Album `Face the Sun`,7347.0
2024-04-21,2024-04-27,2024,17,세븐틴,7th Mini Album `헹가래`,1355.0
2024-04-21,2024-04-27,2024,17,세븐틴,8th Mini Album `Your Choice`,1270.0
2024-04-21,2024-04-27,2024,17,세븐틴,9th Mini Album `Attacca`,5569.0
2024-04-21,2024-04-27,2024,17,정국,GOLDEN,1040.0
2024-04-21,2024-04-27,2024,17,투모로우바이투게더,minisode 3: TOMORROW,3038.0
2024-04-21,2024-04-27,2024,17,투모로우바이투게더,minisode 3: TOMORROW (KiT),1012.0
2024-04-21,2024-04-27,2024,17,투모로우바이투게더,혼돈의 장: FIGHT OR ESCAPE,1021.0
2024-04-28,2024-05-04,2024,18,BABYMONSTER,BABYMONS7ER,1789.0
2024-04-28,2024-05-04,2024,18,BABYMONSTER,BABYMONS7ER (Nemo),7931.0
2024-04-28,2024-05-04,2024,18,BLACKPINK,BORN PINK,1034.0
2024-04-28,2024-05-04,2024,18,BLACKPINK,THE ALBUM,665.0
2024-04-28,2024-05-04,2024,18,BOYNEXTDOOR,HOW?,2156.0
2024-04-28,2024-05-04,2024,18,BOYNEXTDOOR,HOW? (KiT),1436.0
2024-04-28,2024-05-04,2024,18,BOYNEXTDOOR,HOW? (Weverse),1113.0
2024-04-28,2024-05-04,2024,18,BOYNEXTDOOR,WHO!,966.0
2024-04-28,2024-05-04,2024,18,NewJeans,1st EP `New Jeans`,2414.0
2024-04-28,2024-05-04,2024,18,NewJeans,1st EP `New Jeans` (Weverse),762.0
2024-04-28,2024-05-04,2024,18,NewJeans,2nd EP `Get Up`,1323.0
2024-04-28,2024-05-04,2024,18,NewJeans,2nd EP `Get Up` (Weverse),767.0
2024-04-28,2024-05-04,2024,18,NewJeans,`OMG`,1178.0
2024-04-28,2024-05-04,2024,18,PLAVE,ASTERUM (POCA),1384.0
2024-04-28,2024-05-04,2024,18,PLAVE,ASTERUM : 134-1,2376.0
2024-04-28,2024-05-04,2024,18,PLAVE,ASTERUM : 134-1 (POCA),867.0
2024-04-28,2024-05-04,2024,18,PLAVE,ASTERUM : The Shape of Things to Come,2328.0
2024-04-28,2024-05-04,2024,18,방탄소년단,DARK&WILD,709.0
2024-04-28,2024-05-04,2024,18,방탄소년단,LOVE YOURSELF 轉 `Tear`,808.0
2024-04-28,2024-05-04,2024,18,방탄소년단,MAP OF THE SOUL : 7,640.0
2024-04-28,2024-05-04,2024,18,방탄소년단,화양연화 Young Forever,820.0
2024-04-28,2024-05-04,2024,18,방탄소년단,화양연화 pt.2,796.0
2024-04-28,2024-05-04,2024,18,세븐틴,10th Mini Album `FML`,1494.0
2024-04-28,2024-05-04,2024,18,세븐틴,11th Mini Album `SEVENTEENTH HEAVEN`,2442.0
2024-04-28,2024-05-04,2024,18,세븐틴,3RD ALBUM ‘An Ode’,2300.0
2024-04-28,2024-05-04,2024,18,세븐틴,4th Album Repackage `SECTOR 17` (Weverse),647.0
2024-04-28,2024-05-04,2024,18,세븐틴,4th Album `Face the Sun`,4038.0
2024-04-28,2024-05-04,2024,18,세븐틴,4th Album `Face the Sun` (Weverse),1299.0
2024-04-28,2024-05-04,2024,18,세븐틴,7th Mini Album `헹가래`,720.0
2024-04-28,2024-05-04,2024,18,세븐틴,8th Mini Album `Your Choice`,744.0
2024-04-28,2024-05-04,2024,18,세븐틴,9th Mini Album `Attacca`,2058.0
2024-04-28,2024-05-04,2024,18,세븐틴,BEST ALBUM `17 IS RIGHT HERE`,2792406.0
2024-04-28,2024-05-04,2024,18,세븐틴,BEST ALBUM `17 IS RIGHT HERE` (KiT),197816.0
2024-04-28,2024-05-04,2024,18,세븐틴,BEST ALBUM `17 IS RIGHT HERE` (Weverse),243997.0
2024-04-28,2024-05-04,2024,18,정국,GOLDEN,803.0
2024-04-28,2024-05-04,2024,18,투모로우바이투게더,minisode 3: TOMORROW,46958.0
2024-04-28,2024-05-04,2024,18,투모로우바이투게더,minisode 3: TOMORROW (Weverse),2326.0
2024-04-28,2024-05-04,2024,18,투모로우바이투게더,minisode1 : Blue Hour,666.0
2024-04-28,2024-05-04,2024,18,투모로우바이투게더,이름의 장: FREEFALL,9692.0
2024-04-28,2024-05-04,2024,18,투모로우바이투게더,이름의 장: FREEFALL (Weverse),614.0
2024-04-28,2024-05-04,2024,18,투모로우바이투게더,이름의 장: TEMPTATION,1159.0
2024-04-28,2024-05-04,2024,18,투모로우바이투게더,혼돈의 장: FIGHT OR ESCAPE,622.0
2024-05-05,2024-05-11,2024,19,Agust D,D-DAY,1226.0
2024-05-05,2024-05-11,2024,19,BABYMONSTER,BABYMONS7ER,2744.0
2024-05-05,2024-05-11,2024,19,BABYMONSTER,BABYMONS7ER (Nemo),7349.0
2024-05-05,2024-05-11,2024,19,BLACKPINK,BORN PINK,1327.0
2024-05-05,2024-05-11,2024,19,BOYNEXTDOOR,HOW?,31110.0
2024-05-05,2024-05-11,2024,19,BOYNEXTDOOR,WHO!,1073.0
2024-05-05,2024-05-11,2024,19,LE SSERAFIM (르세라핌),EASY (Weverse),6130.0
2024-05-05,2024-05-11,2024,19,NewJeans,1st EP `New Jeans`,3457.0
2024-05-05,2024-05-11,2024,19,NewJeans,1st EP `New Jeans` (Weverse),1125.0
2024-05-05,2024-05-11,2024,19,NewJeans,2nd EP `Get Up`,2739.0
2024-05-05,2024-05-11,2024,19,NewJeans,2nd EP `Get Up` (Weverse),1806.0
2024-05-05,2024-05-11,2024,19,NewJeans,`OMG`,1185.0
2024-05-05,2024-05-11,2024,19,NewJeans,`OMG` (Weverse),903.0
2024-05-05,2024-05-11,2024,19,PLAVE,ASTERUM : 134-1,2005.0
2024-05-05,2024-05-11,2024,19,PLAVE,ASTERUM : 134-1 (POCA),954.0
2024-05-05,2024-05-11,2024,19,PLAVE,ASTERUM : The Shape of Things to Come,1703.0
2024-05-05,2024-05-11,2024,19,로제 (ROSE),R,5028.0
2024-05-05,2024-05-11,2024,19,방탄소년단,LOVE YOURSELF 承 `Her`,960.0
2024-05-05,2024-05-11,2024,19,방탄소년단,MAP OF THE SOUL : PERSONA,1048.0
2024-05-05,2024-05-11,2024,19,세븐틴,10th Mini Album `FML`,1123.0
2024-05-05,2024-05-11,2024,19,세븐틴,11th Mini Album `SEVENTEENTH HEAVEN`,1511.0
2024-05-05,2024-05-11,2024,19,세븐틴,4th Album Repackage `SECTOR 17`,951.0
2024-05-05,2024-05-11,2024,19,세븐틴,4th Album `Face the Sun`,4810.0
2024-05-05,2024-05-11,2024,19,세븐틴,4th Album `Face the Sun` (Weverse),1471.0
2024-05-05,2024-05-11,2024,19,세븐틴,9th Mini Album `Attacca`,2585.0
2024-05-05,2024-05-11,2024,19,세븐틴,BEST ALBUM `17 IS RIGHT HERE`,206947.0
2024-05-05,2024-05-11,2024,19,세븐틴,BEST ALBUM `17 IS RIGHT HERE` (KiT),9745.0
2024-05-05,2024-05-11,2024,19,세븐틴,BEST ALBUM `17 IS RIGHT HERE` (Weverse),15397.0
2024-05-05,2024-05-11,2024,19,정국,GOLDEN,1233.0
2024-05-05,2024-05-11,2024,19,제니 (JENNIE),SOLO,1292.0
2024-05-05,2024-05-11,2024,19,지수 (JISOO),ME,2062.0
2024-05-05,2024-05-11,2024,19,투모로우바이투게더,minisode 2: Thursday`s Child,984.0
2024-05-05,2024-05-11,2024,19,투모로우바이투게더,minisode 3: TOMORROW (KiT),1629.0
2024-05-05,2024-05-11,2024,19,투모로우바이투게더,minisode 3: TOMORROW (Weverse),2960.0
2024-05-05,2024-05-11,2024,19,투모로우바이투게더,minisode1 : Blue Hour,934.0
2024-05-05,2024-05-11,2024,19,투모로우바이투게더,이름의 장: TEMPTATION,1275.0
2024-05-05,2024-05-11,2024,19,투모로우바이투게더,혼돈의 장: FIGHT OR ESCAPE,931.0
2024-05-12,2024-05-18,2024,20,BABYMONSTER,BABYMONS7ER,1000.0
2024-05-12,2024-05-18,2024,20,BABYMONSTER,BABYMONS7ER (Nemo),11672.0
2024-05-12,2024-05-18,2024,20,BLACKPINK,BORN PINK,1388.0
2024-05-12,2024-05-18,2024,20,BOYNEXTDOOR,HOW?,10011.0
2024-05-12,2024-05-18,2024,20,LE SSERAFIM (르세라핌),EASY,836.0
2024-05-12,2024-05-18,2024,20,NewJeans,1st EP `New Jeans`,2394.0
2024-05-12,2024-05-18,2024,20,NewJeans,1st EP `New Jeans` (Weverse),2013.0
2024-05-12,2024-05-18,2024,20,NewJeans,2nd EP `Get Up`,1580.0
2024-05-12,2024-05-18,2024,20,NewJeans,2nd EP `Get Up` (Weverse),859.0
2024-05-12,2024-05-18,2024,20,NewJeans,`OMG`,840.0
2024-05-12,2024-05-18,2024,20,PLAVE,ASTERUM : 134-1,2641.0
2024-05-12,2024-05-18,2024,20,PLAVE,ASTERUM : 134-1 (POCA),1318.0
2024-05-12,2024-05-18,2024,20,PLAVE,ASTERUM : The Shape of Things to Come,1781.0
2024-05-12,2024-05-18,2024,20,세븐틴,10th Mini Album `FML`,1048.0
2024-05-12,2024-05-18,2024,20,세븐틴,11th Mini Album `SEVENTEENTH HEAVEN`,1757.0
2024-05-12,2024-05-18,2024,20,세븐틴,4th Album `Face the Sun`,3827.0
2024-05-12,2024-05-18,2024,20,세븐틴,7th Mini Album `헹가래`,1244.0
2024-05-12,2024-05-18,2024,20,세븐틴,9th Mini Album `Attacca`,1552.0
2024-05-12,2024-05-18,2024,20,세븐틴,BEST ALBUM `17 IS RIGHT HERE`,7851.0
2024-05-12,2024-05-18,2024,20,세븐틴,BEST ALBUM `17 IS RIGHT HERE` (KiT),950.0
2024-05-12,2024-05-18,2024,20,세븐틴,BEST ALBUM `17 IS RIGHT HERE` (Weverse),4185.0
2024-05-12,2024-05-18,2024,20,투모로우바이투게더,minisode 3: TOMORROW,3209.0
2024-05-12,2024-05-18,2024,20,투모로우바이투게더,minisode 3: TOMORROW (KiT),845.0
2024-05-12,2024-05-18,2024,20,투모로우바이투게더,minisode 3: TOMORROW (Weverse),1353.0
2024-05-19,2024-05-25,2024,21,BABYMONSTER,BABYMONS7ER,7038.0
2024-05-19,2024-05-25,2024,21,BABYMONSTER,BABYMONS7ER (Nemo),23700.0
2024-05-19,2024-05-25,2024,21,BLACKPINK,BORN PINK,1397.0
2024-05-19,2024-05-25,2024,21,BLACKPINK,KILL THIS LOVE,1934.0
2024-05-19,2024-05-25,2024,21,BLACKPINK,THE ALBUM,1642.0
2024-05-19,2024-05-25,2024,21,BOYNEXTDOOR,HOW?,13143.0
2024-05-19,2024-05-25,2024,21,BOYNEXTDOOR,HOW? (Weverse),1056.0
2024-05-19,2024-05-25,2024,21,BOYNEXTDOOR,WHO!,2231.0
2024-05-19,2024-05-25,2024,21,BOYNEXTDOOR,WHY..,1406.0
2024-05-19,2024-05-25,2024,21,Balming Tiger,January Never Dies,1765.0
2024-05-19,2024-05-25,2024,21,NewJeans,1st EP `New Jeans`,4691.0
2024-05-19,2024-05-25,2024,21,NewJeans,1st EP `New Jeans` (Weverse),1222.0
2024-05-19,2024-05-25,2024,21,NewJeans,2nd EP `Get Up`,2814.0
2024-05-19,2024-05-25,2024,21,NewJeans,2nd EP `Get Up` (Weverse),3049.0
2024-05-19,2024-05-25,2024,21,NewJeans,How Sweet,826802.0
2024-05-19,2024-05-25,2024,21,NewJeans,How Sweet (Weverse),203690.0
2024-05-19,2024-05-25,2024,21,NewJeans,`OMG`,2873.0
2024-05-19,2024-05-25,2024,21,PLAVE,ASTERUM : 134-1,4008.0
2024-05-19,2024-05-25,2024,21,PLAVE,ASTERUM : The Shape of Things to Come,1880.0
2024-05-19,2024-05-25,2024,21,RM,"Right Place, Wrong Person",511355.0
2024-05-19,2024-05-25,2024,21,RM,"Right Place, Wrong Person (Weverse)",74026.0
2024-05-19,2024-05-25,2024,21,TWS (투어스),1st Mini Album `Sparkling Blue`,1122.0
2024-05-19,2024-05-25,2024,21,로제 (ROSE),R,1833.0
2024-05-19,2024-05-25,2024,21,방탄소년단,MAP OF THE SOUL : PERSONA,1365.0
2024-05-19,2024-05-25,2024,21,세븐틴,10th Mini Album `FML`,2470.0
2024-05-19,2024-05-25,2024,21,세븐틴,11th Mini Album `SEVENTEENTH HEAVEN`,1282.0
2024-05-19,2024-05-25,2024,21,세븐틴,3RD ALBUM ‘An Ode’,2655.0
2024-05-19,2024-05-25,2024,21,세븐틴,4th Album Repackage `SECTOR 17`,2964.0
2024-05-19,2024-05-25,2024,21,세븐틴,4th Album `Face the Sun`,5584.0
2024-05-19,2024-05-25,2024,21,세븐틴,4th Album `Face the Sun` (Weverse),1178.0
2024-05-19,2024-05-25,2024,21,세븐틴,7th Mini Album `헹가래`,2232.0
2024-05-19,2024-05-25,2024,21,세븐틴,8th Mini Album `Your Choice`,1200.0
2024-05-19,2024-05-25,2024,21,세븐틴,9th Mini Album `Attacca`,3686.0
2024-05-19,2024-05-25,2024,21,세븐틴,BEST ALBUM `17 IS RIGHT HERE`,80143.0
2024-05-19,2024-05-25,2024,21,세븐틴,BEST ALBUM `17 IS RIGHT HERE` (Weverse),2082.0
2024-05-19,2024-05-25,2024,21,정국,GOLDEN,1454.0
2024-05-19,2024-05-25,2024,21,투모로우바이투게더,minisode 2: Thursday`s Child,1417.0
2024-05-19,2024-05-25,2024,21,투모로우바이투게더,minisode 3: TOMORROW,1108.0
2024-05-19,2024-05-25,2024,21,투모로우바이투게더,minisode 3: TOMORROW (Weverse),1430.0
2024-05-19,2024-05-25,2024,21,투모로우바이투게더,minisode1 : Blue Hour,1509.0
2024-05-19,2024-05-25,2024,21,투모로우바이투게더,꿈의 장: ETERNITY,1069.0
2024-05-19,2024-05-25,2024,21,투모로우바이투게더,꿈의 장: STAR,1057.0
2024-05-19,2024-05-25,2024,21,투모로우바이투게더,이름의 장: TEMPTATION,1624.0
2024-05-19,2024-05-25,2024,21,투모로우바이투게더,이름의 장: TEMPTATION (Weverse),1062.0
2024-05-19,2024-05-25,2024,21,투모로우바이투게더,혼돈의 장: FIGHT OR ESCAPE,3328.0
2024-05-19,2024-05-25,2024,21,투모로우바이투게더,혼돈의 장: FREEZE,1698.0
2024-05-26,2024-06-01,2024,22,Agust D,D-DAY (LP),44297.0
2024-05-26,2024-06-01,2024,22,BABYMONSTER,BABYMONS7ER,8640.0
2024-05-26,2024-06-01,2024,22,BABYMONSTER,BABYMONS7ER (Nemo),51966.0
2024-05-26,2024-06-01,2024,22,BLACKPINK,KILL THIS LOVE,839.0
2024-05-26,2024-06-01,2024,22,BLACKPINK,THE ALBUM,920.0
2024-05-26,2024-06-01,2024,22,BOYNEXTDOOR,WHO!,888.0
2024-05-26,2024-06-01,2024,22,NewJeans,1st EP `New Jeans`,2162.0
2024-05-26,2024-06-01,2024,22,NewJeans,2nd EP `Get Up`,2091.0
2024-05-26,2024-06-01,2024,22,NewJeans,2nd EP `Get Up` (Weverse),852.0
2024-05-26,2024-06-01,2024,22,NewJeans,How Sweet,44426.0
2024-05-26,2024-06-01,2024,22,NewJeans,How Sweet (Weverse),10437.0
2024-05-26,2024-06-01,2024,22,NewJeans,`OMG` (Weverse),708.0
2024-05-26,2024-06-01,2024,22,PLAVE,ASTERUM (POCA),9810.0
2024-05-26,2024-06-01,2024,22,PLAVE,ASTERUM : 134-1,824.0
2024-05-26,2024-06-01,2024,22,RM,"Right Place, Wrong Person",8933.0
2024-05-26,2024-06-01,2024,22,RM,"Right Place, Wrong Person (Weverse)",757.0
2024-05-26,2024-06-01,2024,22,방탄소년단,LOVE YOURSELF 承 `Her`,853.0
2024-05-26,2024-06-01,2024,22,방탄소년단,LOVE YOURSELF 結 `Answer`,979.0
2024-05-26,2024-06-01,2024,22,방탄소년단,LOVE YOURSELF 轉 `Tear`,1541.0
2024-05-26,2024-06-01,2024,22,방탄소년단,LOVE YOURSELF 轉 `Tear` (LP),5045.0
2024-05-26,2024-06-01,2024,22,방탄소년단,MAP OF THE SOUL : 7,616.0
2024-05-26,2024-06-01,2024,22,방탄소년단,MAP OF THE SOUL : PERSONA,1055.0
2024-05-26,2024-06-01,2024,22,방탄소년단,WINGS,622.0
2024-05-26,2024-06-01,2024,22,방탄소년단,화양연화 Young Forever,996.0
2024-05-26,2024-06-01,2024,22,방탄소년단,화양연화 pt.1,960.0
2024-05-26,2024-06-01,2024,22,방탄소년단,화양연화 pt.2,1048.0
2024-05-26,2024-06-01,2024,22,세븐틴,10th Mini Album `FML` (Weverse),976.0
2024-05-26,2024-06-01,2024,22,세븐틴,11th Mini Album `SEVENTEENTH HEAVEN`,1102.0
2024-05-26,2024-06-01,2024,22,세븐틴,4th Album Repackage `SECTOR 17` (Weverse),1916.0
2024-05-26,2024-06-01,2024,22,세븐틴,4th Album `Face the Sun`,6792.0
2024-05-26,2024-06-01,2024,22,세븐틴,4th Album `Face the Sun` (Weverse),1806.0
2024-05-26,2024-06-01,2024,22,세븐틴,7th Mini Album `헹가래`,895.0
2024-05-26,2024-06-01,2024,22,세븐틴,8th Mini Album `Your Choice`,680.0
2024-05-26,2024-06-01,2024,22,세븐틴,9th Mini Album `Attacca`,2603.0
2024-05-26,2024-06-01,2024,22,세븐틴,BEST ALBUM `17 IS RIGHT HERE` (KiT),674.0
2024-05-26,2024-06-01,2024,22,세븐틴,BEST ALBUM `17 IS RIGHT HERE` (Weverse),4210.0
2024-05-26,2024-06-01,2024,22,정국,GOLDEN,1021.0
2024-05-26,2024-06-01,2024,22,제니 (JENNIE),SOLO,1235.0
2024-05-26,2024-06-01,2024,22,지민,FACE (LP),1511.0
2024-05-26,2024-06-01,2024,22,투모로우바이투게더,minisode 2: Thursday`s Child,1182.0
2024-05-26,2024-06-01,2024,22,투모로우바이투게더,minisode 3: TOMORROW (Weverse),2650.0
2024-05-26,2024-06-01,2024,22,투모로우바이투게더,혼돈의 장: FIGHT OR ESCAPE,1028.0
2024-06-02,2024-06-08,2024,23,AKMU (악뮤),LOVE EPISODE,5789.0
2024-06-02,2024-06-08,2024,23,Agust D,D-DAY,6289.0
2024-06-02,2024-06-08,2024,23,BABYMONSTER,BABYMONS7ER,4960.0
2024-06-02,2024-06-08,2024,23,BABYMONSTER,BABYMONS7ER (Nemo),1763.0
2024-06-02,2024-06-08,2024,23,BLACKPINK,BORN PINK,1543.0
2024-06-02,2024-06-08,2024,23,BOYNEXTDOOR,WHO!,1100.0
2024-06-02,2024-06-08,2024,23,BOYNEXTDOOR,WHY..,903.0
2024-06-02,2024-06-08,2024,23,NewJeans,1st EP `New Jeans`,1983.0
2024-06-02,2024-06-08,2024,23,NewJeans,1st EP `New Jeans` (Weverse),1078.0
2024-06-02,2024-06-08,2024,23,NewJeans,2nd EP `Get Up`,2130.0
2024-06-02,2024-06-08,2024,23,NewJeans,2nd EP `Get Up` (Weverse),1515.0
2024-06-02,2024-06-08,2024,23,NewJeans,How Sweet,953.0
2024-06-02,2024-06-08,2024,23,NewJeans,How Sweet (Weverse),3385.0
2024-06-02,2024-06-08,2024,23,NewJeans,`OMG`,837.0
2024-06-02,2024-06-08,2024,23,PLAVE,ASTERUM (POCA),8146.0
2024-06-02,2024-06-08,2024,23,PLAVE,ASTERUM : 134-1,815.0
2024-06-02,2024-06-08,2024,23,PLAVE,ASTERUM : 134-1 (POCA),1026.0
2024-06-02,2024-06-08,2024,23,PLAVE,ASTERUM : The Shape of Things to Come,1354.0
2024-06-02,2024-06-08,2024,23,RM,Indigo,4084.0
2024-06-02,2024-06-08,2024,23,RM,"Right Place, Wrong Person",19520.0
2024-06-02,2024-06-08,2024,23,V,Layover,7559.0
2024-06-02,2024-06-08,2024,23,j-hope,HOPE ON THE STREET VOL.1,6515.0
2024-06-02,2024-06-08,2024,23,j-hope,Jack In The Box (HOPE Edition),2979.0
2024-06-02,2024-06-08,2024,23,방탄소년단,LOVE YOURSELF 承 `Her`,1016.0
2024-06-02,2024-06-08,2024,23,방탄소년단,LOVE YOURSELF 結 `Answer`,1164.0
2024-06-02,2024-06-08,2024,23,방탄소년단,LOVE YOURSELF 轉 `Tear`,1421.0
2024-06-02,2024-06-08,2024,23,방탄소년단,MAP OF THE SOUL : 7,1804.0
2024-06-02,2024-06-08,2024,23,방탄소년단,MAP OF THE SOUL : PERSONA,1176.0
2024-06-02,2024-06-08,2024,23,방탄소년단,Proof,6052.0
2024-06-02,2024-06-08,2024,23,방탄소년단,화양연화 Young Forever,975.0
2024-06-02,2024-06-08,2024,23,방탄소년단,화양연화 pt.2,858.0
2024-06-02,2024-06-08,2024,23,세븐틴,10th Mini Album `FML`,1488.0
2024-06-02,2024-06-08,2024,23,세븐틴,11th Mini Album `SEVENTEENTH HEAVEN`,784.0
2024-06-02,2024-06-08,2024,23,세븐틴,4th Album Repackage `SECTOR 17`,830.0
2024-06-02,2024-06-08,2024,23,세븐틴,4th Album `Face the Sun`,3913.0
2024-06-02,2024-06-08,2024,23,세븐틴,4th Album `Face the Sun` (Weverse),1354.0
2024-06-02,2024-06-08,2024,23,세븐틴,7th Mini Album `헹가래`,956.0
2024-06-02,2024-06-08,2024,23,세븐틴,9th Mini Album `Attacca`,3881.0
2024-06-02,2024-06-08,2024,23,세븐틴,BEST ALBUM `17 IS RIGHT HERE` (Weverse),1499.0
2024-06-02,2024-06-08,2024,23,정국,GOLDEN,9452.0
2024-06-02,2024-06-08,2024,23,정국,GOLDEN (Weverse),933.0
2024-06-02,2024-06-08,2024,23,지민,FACE,5329.0
2024-06-02,2024-06-08,2024,23,진 (JIN),The Astronaut,27726.0
2024-06-02,2024-06-08,2024,23,투모로우바이투게더,minisode 3: TOMORROW,1359.0
2024-06-02,2024-06-08,2024,23,투모로우바이투게더,minisode 3: TOMORROW (Weverse),1637.0
2024-06-02,2024-06-08,2024,23,투모로우바이투게더,혼돈의 장: FIGHT OR ESCAPE,1384.0
2024-06-09,2024-06-15,2024,24,Agust D,D-DAY,1271.0
2024-06-09,2024-06-15,2024,24,BABYMONSTER,BABYMONS7ER,10021.0
2024-06-09,2024-06-15,2024,24,BABYMONSTER,BABYMONS7ER (Nemo),5823.0
2024-06-09,2024-06-15,2024,24,BLACKPINK,BORN PINK,7633.0
2024-06-09,2024-06-15,2024,24,BLACKPINK,KILL THIS LOVE,5222.0
2024-06-09,2024-06-15,2024,24,BLACKPINK,SQUARE UP,2368.0
2024-06-09,2024-06-15,2024,24,BLACKPINK,THE ALBUM,5472.0
2024-06-09,2024-06-15,2024,24,BOYNEXTDOOR,HOW?,2553.0
2024-06-09,2024-06-15,2024,24,BOYNEXTDOOR,WHO!,1848.0
2024-06-09,2024-06-15,2024,24,NewJeans,1st EP `New Jeans`,2922.0
2024-06-09,2024-06-15,2024,24,NewJeans,2nd EP `Get Up`,1616.0
2024-06-09,2024-06-15,2024,24,NewJeans,2nd EP `Get Up` (Weverse),1349.0
2024-06-09,2024-06-15,2024,24,NewJeans,How Sweet,17233.0
2024-06-09,2024-06-15,2024,24,NewJeans,How Sweet (Weverse),3841.0
2024-06-09,2024-06-15,2024,24,NewJeans,`OMG`,1450.0
2024-06-09,2024-06-15,2024,24,PLAVE,ASTERUM (POCA),3075.0
2024-06-09,2024-06-15,2024,24,PLAVE,ASTERUM : 134-1,3379.0
2024-06-09,2024-06-15,2024,24,PLAVE,ASTERUM : 134-1 (POCA),1625.0
2024-06-09,2024-06-15,2024,24,PLAVE,ASTERUM : The Shape of Things to Come,1551.0
2024-06-09,2024-06-15,2024,24,V,Layover,1533.0
2024-06-09,2024-06-15,2024,24,로제 (ROSE),R,6234.0
2024-06-09,2024-06-15,2024,24,방탄소년단,LOVE YOURSELF 承 `Her`,1952.0
2024-06-09,2024-06-15,2024,24,방탄소년단,LOVE YOURSELF 轉 `Tear`,1593.0
2024-06-09,2024-06-15,2024,24,방탄소년단,MAP OF THE SOUL : 7,1342.0
2024-06-09,2024-06-15,2024,24,방탄소년단,MAP OF THE SOUL : PERSONA,1432.0
2024-06-09,2024-06-15,2024,24,방탄소년단,화양연화 Young Forever,1432.0
2024-06-09,2024-06-15,2024,24,세븐틴,10th Mini Album `FML`,1390.0
2024-06-09,2024-06-15,2024,24,세븐틴,10th Mini Album `FML` (Weverse),1889.0
2024-06-09,2024-06-15,2024,24,세븐틴,11th Mini Album `SEVENTEENTH HEAVEN`,8573.0
2024-06-09,2024-06-15,2024,24,세븐틴,3RD ALBUM ‘An Ode’,4135.0
2024-06-09,2024-06-15,2024,24,세븐틴,4th Album `Face the Sun`,13020.0
2024-06-09,2024-06-15,2024,24,세븐틴,4th Album `Face the Sun` (Weverse),3430.0
2024-06-09,2024-06-15,2024,24,세븐틴,7th Mini Album `헹가래`,7967.0
2024-06-09,2024-06-15,2024,24,세븐틴,8th Mini Album `Your Choice`,4632.0
2024-06-09,2024-06-15,2024,24,세븐틴,9th Mini Album `Attacca`,14628.0
2024-06-09,2024-06-15,2024,24,세븐틴,BEST ALBUM `17 IS RIGHT HERE`,19495.0
2024-06-09,2024-06-15,2024,24,세븐틴,BEST ALBUM `17 IS RIGHT HERE` (Weverse),1394.0
2024-06-09,2024-06-15,2024,24,정국,GOLDEN,1402.0
2024-06-09,2024-06-15,2024,24,제니 (JENNIE),SOLO,2347.0
2024-06-09,2024-06-15,2024,24,지수 (JISOO),ME,2906.0
2024-06-09,2024-06-15,2024,24,투모로우바이투게더,minisode 2: Thursday`s Child,1616.0
2024-06-09,2024-06-15,2024,24,투모로우바이투게더,minisode 3: TOMORROW,2239.0
2024-06-09,2024-06-15,2024,24,투모로우바이투게더,minisode 3: TOMORROW (Weverse),2185.0
2024-06-09,2024-06-15,2024,24,투모로우바이투게더,minisode1 : Blue Hour,1473.0
2024-06-09,2024-06-15,2024,24,투모로우바이투게더,혼돈의 장: FIGHT OR ESCAPE,1271.0
2024-06-16,2024-06-22,2024,25,Agust D,D-DAY,1425.0
2024-06-16,2024-06-22,2024,25,BABYMONSTER,BABYMONS7ER,6700.0
2024-06-16,2024-06-22,2024,25,BABYMONSTER,BABYMONS7ER (Nemo),3511.0
2024-06-16,2024-06-22,2024,25,BLACKPINK,BORN PINK,1374.0
2024-06-16,2024-06-22,2024,25,BOYNEXTDOOR,HOW?,12263.0
2024-06-16,2024-06-22,2024,25,BOYNEXTDOOR,WHO!,1294.0
2024-06-16,2024-06-22,2024,25,NewJeans,1st EP `New Jeans`,1365.0
2024-06-16,2024-06-22,2024,25,NewJeans,1st EP `New Jeans` (Weverse),1700.0
2024-06-16,2024-06-22,2024,25,NewJeans,2nd EP `Get Up`,2048.0
2024-06-16,2024-06-22,2024,25,NewJeans,How Sweet,3706.0
2024-06-16,2024-06-22,2024,25,NewJeans,How Sweet (Weverse),3300.0
2024-06-16,2024-06-22,2024,25,NewJeans,Supernatural,832656.0
2024-06-16,2024-06-22,2024,25,NewJeans,Supernatural (Weverse),146964.0
2024-06-16,2024-06-22,2024,25,PLAVE,ASTERUM (POCA),1226.0
2024-06-16,2024-06-22,2024,25,PLAVE,ASTERUM : 134-1,1409.0
2024-06-16,2024-06-22,2024,25,PLAVE,ASTERUM : 134-1 (POCA),1265.0
2024-06-16,2024-06-22,2024,25,TREASURE (트레저),2ND FULL ALBUM `REBOOT` (Nemo),2190.0
2024-06-16,2024-06-22,2024,25,V,Layover,1861.0
2024-06-16,2024-06-22,2024,25,j-hope,HOPE ON THE STREET VOL.1,1330.0
2024-06-16,2024-06-22,2024,25,로제 (ROSE),R,907.0
2024-06-16,2024-06-22,2024,25,방탄소년단,LOVE YOURSELF 承 `Her`,1082.0
2024-06-16,2024-06-22,2024,25,방탄소년단,LOVE YOURSELF 轉 `Tear`,1150.0
2024-06-16,2024-06-22,2024,25,방탄소년단,MAP OF THE SOUL : PERSONA,1508.0
2024-06-16,2024-06-22,2024,25,방탄소년단,Proof,1103.0
2024-06-16,2024-06-22,2024,25,세븐틴,10th Mini Album `FML`,1567.0
2024-06-16,2024-06-22,2024,25,세븐틴,11th Mini Album `SEVENTEENTH HEAVEN`,2058.0
2024-06-16,2024-06-22,2024,25,세븐틴,4th Album `Face the Sun`,4582.0
2024-06-16,2024-06-22,2024,25,세븐틴,4th Album `Face the Sun` (Weverse),1216.0
2024-06-16,2024-06-22,2024,25,세븐틴,7th Mini Album `헹가래`,1402.0
2024-06-16,2024-06-22,2024,25,세븐틴,8th Mini Album `Your Choice`,1306.0
2024-06-16,2024-06-22,2024,25,세븐틴,9th Mini Album `Attacca`,3630.0
2024-06-16,2024-06-22,2024,25,세븐틴,BEST ALBUM `17 IS RIGHT HERE`,3715.0
2024-06-16,2024-06-22,2024,25,세븐틴,BEST ALBUM `17 IS RIGHT HERE` (Weverse),2410.0
2024-06-16,2024-06-22,2024,25,정국,GOLDEN,3091.0
2024-06-16,2024-06-22,2024,25,정한X원우 (SEVENTEEN),1st Single Album `THIS MAN`,529865.0
2024-06-16,2024-06-22,2024,25,정한X원우 (SEVENTEEN),1st Single Album `THIS MAN` (KiT),49950.0
2024-06-16,2024-06-22,2024,25,정한X원우 (SEVENTEEN),1st Single Album `THIS MAN` (Weverse),199820.0
2024-06-16,2024-06-22,2024,25,제니 (JENNIE),SOLO,983.0
2024-06-16,2024-06-22,2024,25,지민,FACE,1020.0
2024-06-16,2024-06-22,2024,25,투모로우바이투게더,minisode 3: TOMORROW,1782.0
2024-06-16,2024-06-22,2024,25,투모로우바이투게더,minisode 3: TOMORROW (Weverse),1247.0
2024-06-16,2024-06-22,2024,25,투모로우바이투게더,이름의 장: TEMPTATION,1046.0
2024-06-16,2024-06-22,2024,25,투모로우바이투게더,혼돈의 장: FIGHT OR ESCAPE,1011.0
2024-06-23,2024-06-29,2024,26,Agust D,D-DAY (Weverse),1035.0
2024-06-23,2024-06-29,2024,26,BABYMONSTER,BABYMONS7ER,2584.0
2024-06-23,2024-06-29,2024,26,BABYMONSTER,BABYMONS7ER (Nemo),2244.0
2024-06-23,2024-06-29,2024,26,BLACKPINK,BORN PINK,1652.0
2024-06-23,2024-06-29,2024,26,BOYNEXTDOOR,HOW?,5297.0
2024-06-23,2024-06-29,2024,26,BOYNEXTDOOR,WHO!,1354.0
2024-06-23,2024-06-29,2024,26,NewJeans,How Sweet,1502.0
2024-06-23,2024-06-29,2024,26,NewJeans,How Sweet (Weverse),2012.0
2024-06-23,2024-06-29,2024,26,NewJeans,Supernatural,30360.0
2024-06-23,2024-06-29,2024,26,NewJeans,Supernatural (Weverse),11750.0
2024-06-23,2024-06-29,2024,26,PLAVE,ASTERUM (POCA),3429.0
2024-06-23,2024-06-29,2024,26,PLAVE,ASTERUM : 134-1,2931.0
2024-06-23,2024-06-29,2024,26,PLAVE,ASTERUM : 134-1 (POCA),2355.0
2024-06-23,2024-06-29,2024,26,PLAVE,ASTERUM : The Shape of Things to Come,3128.0
2024-06-23,2024-06-29,2024,26,RM,"Right Place, Wrong Person",1582.0
2024-06-23,2024-06-29,2024,26,TWS (투어스),2nd Mini Album `SUMMER BEAT!`,489200.0
2024-06-23,2024-06-29,2024,26,TWS (투어스),2nd Mini Album `SUMMER BEAT!` (Weverse),65165.0
2024-06-23,2024-06-29,2024,26,로제 (ROSE),R,2009.0
2024-06-23,2024-06-29,2024,26,방탄소년단,DARK&WILD,1006.0
2024-06-23,2024-06-29,2024,26,방탄소년단,LOVE YOURSELF 結 `Answer`,1655.0
2024-06-23,2024-06-29,2024,26,방탄소년단,LOVE YOURSELF 轉 `Tear`,1526.0
2024-06-23,2024-06-29,2024,26,방탄소년단,MAP OF THE SOUL : 7,1513.0
2024-06-23,2024-06-29,2024,26,방탄소년단,MAP OF THE SOUL : PERSONA,1639.0
2024-06-23,2024-06-29,2024,26,방탄소년단,"O!RUL8,2?",1295.0
2024-06-23,2024-06-29,2024,26,방탄소년단,Skool Luv Affair,1317.0
2024-06-23,2024-06-29,2024,26,방탄소년단,WINGS,1397.0
2024-06-23,2024-06-29,2024,26,방탄소년단,YOU NEVER WALK ALONE,2346.0
2024-06-23,2024-06-29,2024,26,방탄소년단,화양연화 pt.2,2966.0
2024-06-23,2024-06-29,2024,26,세븐틴,10th Mini Album `FML` (Weverse),1065.0
2024-06-23,2024-06-29,2024,26,세븐틴,11th Mini Album `SEVENTEENTH HEAVEN`,1593.0
2024-06-23,2024-06-29,2024,26,세븐틴,3RD ALBUM ‘An Ode’,1505.0
2024-06-23,2024-06-29,2024,26,세븐틴,4th Album Repackage `SECTOR 17` (Weverse),1003.0
2024-06-23,2024-06-29,2024,26,세븐틴,4th Album `Face the Sun`,9357.0
2024-06-23,2024-06-29,2024,26,세븐틴,7th Mini Album `헹가래`,1162.0
2024-06-23,2024-06-29,2024,26,세븐틴,9th Mini Album `Attacca`,4745.0
2024-06-23,2024-06-29,2024,26,세븐틴,BEST ALBUM `17 IS RIGHT HERE`,1034.0
2024-06-23,2024-06-29,2024,26,세븐틴,BEST ALBUM `17 IS RIGHT HERE` (Weverse),2059.0
2024-06-23,2024-06-29,2024,26,유키카,Time-Lapse (LP),1020.0
2024-06-23,2024-06-29,2024,26,정국,GOLDEN (Weverse),1903.0
2024-06-23,2024-06-29,2024,26,정한X원우 (SEVENTEEN),1st Single Album `THIS MAN`,30095.0
2024-06-23,2024-06-29,2024,26,정한X원우 (SEVENTEEN),1st Single Album `THIS MAN` (KiT),10050.0
2024-06-23,2024-06-29,2024,26,정한X원우 (SEVENTEEN),1st Single Album `THIS MAN` (Weverse),30180.0
2024-06-23,2024-06-29,2024,26,제니 (JENNIE),SOLO,1357.0
2024-06-30,2024-07-06,2024,27,BABYMONSTER,BABYMONS7ER,2199.0
2024-06-30,2024-07-06,2024,27,BABYMONSTER,BABYMONS7ER (Nemo),5579.0
2024-06-30,2024-07-06,2024,27,BOYNEXTDOOR,HOW?,1963.0
2024-06-30,2024-07-06,2024,27,BOYNEXTDOOR,WHO!,2029.0
2024-06-30,2024-07-06,2024,27,BOYNEXTDOOR,WHY..,1423.0
2024-06-30,2024-07-06,2024,27,NewJeans,1st EP `New Jeans`,3537.0
2024-06-30,2024-07-06,2024,27,NewJeans,2nd EP `Get Up`,2665.0
2024-06-30,2024-07-06,2024,27,NewJeans,2nd EP `Get Up` (Weverse),1369.0
2024-06-30,2024-07-06,2024,27,NewJeans,How Sweet,7151.0
2024-06-30,2024-07-06,2024,27,NewJeans,How Sweet (Weverse),1400.0
2024-06-30,2024-07-06,2024,27,NewJeans,Supernatural,17593.0
2024-06-30,2024-07-06,2024,27,NewJeans,Supernatural (Weverse),6836.0
2024-06-30,2024-07-06,2024,27,NewJeans,`OMG`,1401.0
2024-06-30,2024-07-06,2024,27,PLAVE,ASTERUM : 134-1,3403.0
2024-06-30,2024-07-06,2024,27,TWS (투어스),2nd Mini Album `SUMMER BEAT!`,10800.0
2024-06-30,2024-07-06,2024,27,TWS (투어스),2nd Mini Album `SUMMER BEAT!` (Weverse),3470.0
2024-06-30,2024-07-06,2024,27,방탄소년단,LOVE YOURSELF 承 `Her`,1260.0
2024-06-30,2024-07-06,2024,27,방탄소년단,LOVE YOURSELF 轉 `Tear`,1992.0
2024-06-30,2024-07-06,2024,27,세븐틴,10th Mini Album `FML`,1522.0
2024-06-30,2024-07-06,2024,27,세븐틴,10th Mini Album `FML` (KiT),10875.0
2024-06-30,2024-07-06,2024,27,세븐틴,11th Mini Album `SEVENTEENTH HEAVEN`,2264.0
2024-06-30,2024-07-06,2024,27,세븐틴,11th Mini Album `SEVENTEENTH HEAVEN` (KiT),8986.0
2024-06-30,2024-07-06,2024,27,세븐틴,11th Mini Album `SEVENTEENTH HEAVEN` (Weverse),1278.0
2024-06-30,2024-07-06,2024,27,세븐틴,3RD ALBUM `An Ode` (KiT),15218.0
2024-06-30,2024-07-06,2024,27,세븐틴,3RD ALBUM ‘An Ode’,2395.0
2024-06-30,2024-07-06,2024,27,세븐틴,4th Album Repackage `SECTOR 17` (KiT),20000.0
2024-06-30,2024-07-06,2024,27,세븐틴,4th Album Repackage `SECTOR 17` (Weverse),1517.0
2024-06-30,2024-07-06,2024,27,세븐틴,4th Album `Face the Sun`,6909.0
2024-06-30,2024-07-06,2024,27,세븐틴,4th Album `Face the Sun` (KiT),20000.0
2024-06-30,2024-07-06,2024,27,세븐틴,4th Album `Face the Sun` (Weverse),2875.0
2024-06-30,2024-07-06,2024,27,세븐틴,5TH MINI ALBUM `YOU MAKE MY DAY` (KiT),13799.0
2024-06-30,2024-07-06,2024,27,세븐틴,6TH MINI ALBUM `YOU MADE MY DAWN` (KiT),19431.0
2024-06-30,2024-07-06,2024,27,세븐틴,7th Mini Album `헹가래`,2524.0
2024-06-30,2024-07-06,2024,27,세븐틴,7th Mini Album `헹가래` (KiT),15088.0
2024-06-30,2024-07-06,2024,27,세븐틴,8th Mini Album `Your Choice`,1530.0
2024-06-30,2024-07-06,2024,27,세븐틴,9th Mini Album `Attacca`,6047.0
2024-06-30,2024-07-06,2024,27,세븐틴,9th Mini Album `Attacca` (KiT),18693.0
2024-06-30,2024-07-06,2024,27,세븐틴,BEST ALBUM `17 IS RIGHT HERE`,2820.0
2024-06-30,2024-07-06,2024,27,정국,GOLDEN,2440.0
2024-06-30,2024-07-06,2024,27,정한X원우 (SEVENTEEN),1st Single Album `THIS MAN` (KiT),35000.0
2024-06-30,2024-07-06,2024,27,진 (JIN),The Astronaut,42272.0
2024-06-30,2024-07-06,2024,27,투모로우바이투게더,minisode 2: Thursday`s Child,1352.0
2024-06-30,2024-07-06,2024,27,투모로우바이투게더,minisode 3: TOMORROW,1810.0
2024-06-30,2024-07-06,2024,27,투모로우바이투게더,minisode 3: TOMORROW (Weverse),2233.0
2024-06-30,2024-07-06,2024,27,투모로우바이투게더,이름의 장: TEMPTATION,1783.0
2024-07-07,2024-07-13,2024,28,BABYMONSTER,BABYMONS7ER,1560.0
2024-07-07,2024-07-13,2024,28,BABYMONSTER,BABYMONS7ER (Nemo),5021.0
2024-07-07,2024-07-13,2024,28,BLACKPINK,BORN PINK,1736.0
2024-07-07,2024-07-13,2024,28,BLACKPINK,THE ALBUM,1076.0
2024-07-07,2024-07-13,2024,28,BOYNEXTDOOR,HOW?,1828.0
2024-07-07,2024-07-13,2024,28,BOYNEXTDOOR,WHO!,1155.0
2024-07-07,2024-07-13,2024,28,BOYNEXTDOOR,WHY..,1426.0
2024-07-07,2024-07-13,2024,28,NewJeans,1st EP `New Jeans`,5598.0
2024-07-07,2024-07-13,2024,28,NewJeans,1st EP `New Jeans` (Weverse),1019.0
2024-07-07,2024-07-13,2024,28,NewJeans,2nd EP `Get Up`,4279.0
2024-07-07,2024-07-13,2024,28,NewJeans,2nd EP `Get Up` (Weverse),910.0
2024-07-07,2024-07-13,2024,28,NewJeans,How Sweet,6925.0
2024-07-07,2024-07-13,2024,28,NewJeans,How Sweet (Weverse),2231.0
2024-07-07,2024-07-13,2024,28,NewJeans,Supernatural,37068.0
2024-07-07,2024-07-13,2024,28,NewJeans,Supernatural (Weverse),4046.0
2024-07-07,2024-07-13,2024,28,NewJeans,`OMG`,2447.0
2024-07-07,2024-07-13,2024,28,NewJeans,`OMG` (Weverse),1116.0
2024-07-07,2024-07-13,2024,28,로제 (ROSE),R,2672.0
2024-07-07,2024-07-13,2024,28,방탄소년단,LOVE YOURSELF 承 `Her`,884.0
2024-07-07,2024-07-13,2024,28,방탄소년단,MAP OF THE SOUL : 7,973.0
2024-07-07,2024-07-13,2024,28,세븐틴,10th Mini Album `FML`,2003.0
2024-07-07,2024-07-13,2024,28,세븐틴,11th Mini Album `SEVENTEENTH HEAVEN`,1504.0
2024-07-07,2024-07-13,2024,28,세븐틴,3RD ALBUM ‘An Ode’,1565.0
2024-07-07,2024-07-13,2024,28,세븐틴,4th Album Repackage `SECTOR 17`,1100.0
2024-07-07,2024-07-13,2024,28,세븐틴,4th Album Repackage `SECTOR 17` (Weverse),1713.0
2024-07-07,2024-07-13,2024,28,세븐틴,4th Album `Face the Sun`,6651.0
2024-07-07,2024-07-13,2024,28,세븐틴,4th Album `Face the Sun` (Weverse),1070.0
2024-07-07,2024-07-13,2024,28,세븐틴,6TH MINI ALBUM `YOU MADE MY DAWN` (KiT),1268.0
2024-07-07,2024-07-13,2024,28,세븐틴,7th Mini Album `헹가래`,1683.0
2024-07-07,2024-07-13,2024,28,세븐틴,7th Mini Album `헹가래` (KiT),1094.0
2024-07-07,2024-07-13,2024,28,세븐틴,8th Mini Album `Your Choice`,2020.0
2024-07-07,2024-07-13,2024,28,세븐틴,9th Mini Album `Attacca`,6558.0
2024-07-07,2024-07-13,2024,28,세븐틴,9th Mini Album `Attacca` (KiT),1233.0
2024-07-07,2024-07-13,2024,28,세븐틴,BEST ALBUM `17 IS RIGHT HERE`,1276.0
2024-07-07,2024-07-13,2024,28,정국,GOLDEN,1237.0
2024-07-07,2024-07-13,2024,28,정한X원우 (SEVENTEEN),1st Single Album `THIS MAN`,46283.0
2024-07-07,2024-07-13,2024,28,정한X원우 (SEVENTEEN),1st Single Album `THIS MAN` (Weverse),30000.0
2024-07-07,2024-07-13,2024,28,투모로우바이투게더,minisode 3: TOMORROW,2359.0
2024-07-07,2024-07-13,2024,28,투모로우바이투게더,minisode1 : Blue Hour,1641.0
2024-07-07,2024-07-13,2024,28,투모로우바이투게더,혼돈의 장: FIGHT OR ESCAPE,2483.0
2024-07-14,2024-07-20,2024,29,BABYMONSTER,BABYMONS7ER,1527.0
2024-07-14,2024-07-20,2024,29,BABYMONSTER,BABYMONS7ER (Nemo),8686.0
2024-07-14,2024-07-20,2024,29,BLACKPINK,BORN PINK,1532.0
2024-07-14,2024-07-20,2024,29,BLACKPINK,KILL THIS LOVE,1106.0
2024-07-14,2024-07-20,2024,29,BLACKPINK,SQUARE UP,842.0
2024-07-14,2024-07-20,2024,29,BLACKPINK,THE ALBUM,982.0
2024-07-14,2024-07-20,2024,29,BOYNEXTDOOR,HOW?,9512.0
2024-07-14,2024-07-20,2024,29,BOYNEXTDOOR,WHO!,1665.0
2024-07-14,2024-07-20,2024,29,BOYNEXTDOOR,WHY..,5909.0
2024-07-14,2024-07-20,2024,29,NewJeans,1st EP `New Jeans`,2665.0
2024-07-14,2024-07-20,2024,29,NewJeans,2nd EP `Get Up`,1066.0
2024-07-14,2024-07-20,2024,29,NewJeans,2nd EP `Get Up` (Weverse),1337.0
2024-07-14,2024-07-20,2024,29,NewJeans,How Sweet,2112.0
2024-07-14,2024-07-20,2024,29,NewJeans,How Sweet (Weverse),1840.0
2024-07-14,2024-07-20,2024,29,NewJeans,Supernatural,8261.0
2024-07-14,2024-07-20,2024,29,NewJeans,Supernatural (Weverse),2850.0
2024-07-14,2024-07-20,2024,29,NewJeans,`OMG`,1064.0
2024-07-14,2024-07-20,2024,29,PLAVE,ASTERUM (POCA),855.0
2024-07-14,2024-07-20,2024,29,TWS (투어스),2nd Mini Album `SUMMER BEAT!`,49059.0
2024-07-14,2024-07-20,2024,29,로제 (ROSE),R,1185.0
2024-07-14,2024-07-20,2024,29,방탄소년단,LOVE YOURSELF 轉 `Tear`,1198.0
2024-07-14,2024-07-20,2024,29,세븐틴,10th Mini Album `FML`,983.0
2024-07-14,2024-07-20,2024,29,세븐틴,10th Mini Album `FML` (Weverse),869.0
2024-07-14,2024-07-20,2024,29,세븐틴,11th Mini Album `SEVENTEENTH HEAVEN`,31362.0
2024-07-14,2024-07-20,2024,29,세븐틴,3RD ALBUM ‘An Ode’,1565.0
2024-07-14,2024-07-20,2024,29,세븐틴,4th Album Repackage `SECTOR 17`,1690.0
2024-07-14,2024-07-20,2024,29,세븐틴,4th Album Repackage `SECTOR 17` (Weverse),864.0
2024-07-14,2024-07-20,2024,29,세븐틴,4th Album `Face the Sun`,8991.0
2024-07-14,2024-07-20,2024,29,세븐틴,4th Album `Face the Sun` (Weverse),2443.0
2024-07-14,2024-07-20,2024,29,세븐틴,7th Mini Album `헹가래`,896.0
2024-07-14,2024-07-20,2024,29,세븐틴,8th Mini Album `Your Choice`,1178.0
2024-07-14,2024-07-20,2024,29,세븐틴,9th Mini Album `Attacca`,4671.0
2024-07-14,2024-07-20,2024,29,세븐틴,BEST ALBUM `17 IS RIGHT HERE`,1362.0
2024-07-14,2024-07-20,2024,29,이승훈,MY TYPE,14980.0
2024-07-14,2024-07-20,2024,29,정국,GOLDEN,1005.0
2024-07-14,2024-07-20,2024,29,정한X원우 (SEVENTEEN),1st Single Album `THIS MAN`,1008.0
2024-07-14,2024-07-20,2024,29,정한X원우 (SEVENTEEN),1st Single Album `THIS MAN` (Weverse),4122.0
2024-07-14,2024-07-20,2024,29,제니 (JENNIE),SOLO,963.0
2024-07-14,2024-07-20,2024,29,지민,MUSE,650339.0
2024-07-14,2024-07-20,2024,29,지민,MUSE (Weverse),120790.0
2024-07-14,2024-07-20,2024,29,투모로우바이투게더,minisode 2: Thursday`s Child,1046.0
2024-07-14,2024-07-20,2024,29,투모로우바이투게더,minisode 3: TOMORROW,4445.0
2024-07-14,2024-07-20,2024,29,투모로우바이투게더,minisode 3: TOMORROW (Weverse),1276.0
2024-07-14,2024-07-20,2024,29,투모로우바이투게더,혼돈의 장: FIGHT OR ESCAPE,1070.0
2024-07-21,2024-07-27,2024,30,BABYMONSTER,BABYMONS7ER,16255.0
2024-07-21,2024-07-27,2024,30,BABYMONSTER,BABYMONS7ER (Nemo),13171.0
2024-07-21,2024-07-27,2024,30,BLACKPINK,BORN PINK,2142.0
2024-07-21,2024-07-27,2024,30,BLACKPINK,KILL THIS LOVE,1440.0
2024-07-21,2024-07-27,2024,30,BLACKPINK,THE ALBUM,1671.0
2024-07-21,2024-07-27,2024,30,BOYNEXTDOOR,HOW?,1624.0
2024-07-21,2024-07-27,2024,30,BOYNEXTDOOR,WHO!,1502.0
2024-07-21,2024-07-27,2024,30,NewJeans,1st EP `New Jeans`,2883.0
2024-07-21,2024-07-27,2024,30,NewJeans,1st EP `New Jeans` (Weverse),1029.0
2024-07-21,2024-07-27,2024,30,NewJeans,2nd EP `Get Up`,3034.0
2024-07-21,2024-07-27,2024,30,NewJeans,How Sweet,4494.0
2024-07-21,2024-07-27,2024,30,NewJeans,How Sweet (Weverse),3492.0
2024-07-21,2024-07-27,2024,30,NewJeans,Supernatural,11176.0
2024-07-21,2024-07-27,2024,30,NewJeans,Supernatural (Weverse),3852.0
2024-07-21,2024-07-27,2024,30,NewJeans,`OMG`,1567.0
2024-07-21,2024-07-27,2024,30,TWS (투어스),2nd Mini Album `SUMMER BEAT!`,20273.0
2024-07-21,2024-07-27,2024,30,로제 (ROSE),R,1051.0
2024-07-21,2024-07-27,2024,30,방탄소년단,LOVE YOURSELF 轉 `Tear`,1012.0
2024-07-21,2024-07-27,2024,30,방탄소년단,MAP OF THE SOUL : PERSONA,1452.0
2024-07-21,2024-07-27,2024,30,방탄소년단,화양연화 pt.2,1440.0
2024-07-21,2024-07-27,2024,30,세븐틴,10th Mini Album `FML`,1699.0
2024-07-21,2024-07-27,2024,30,세븐틴,10th Mini Album `FML` (Weverse),1028.0
2024-07-21,2024-07-27,2024,30,세븐틴,11th Mini Album `SEVENTEENTH HEAVEN`,5897.0
2024-07-21,2024-07-27,2024,30,세븐틴,11th Mini Album `SEVENTEENTH HEAVEN` (Weverse),1169.0
2024-07-21,2024-07-27,2024,30,세븐틴,3RD ALBUM ‘An Ode’,1776.0
2024-07-21,2024-07-27,2024,30,세븐틴,4th Album Repackage `SECTOR 17`,2620.0
2024-07-21,2024-07-27,2024,30,세븐틴,4th Album Repackage `SECTOR 17` (KiT),5000.0
2024-07-21,2024-07-27,2024,30,세븐틴,4th Album Repackage `SECTOR 17` (Weverse),1950.0
2024-07-21,2024-07-27,2024,30,세븐틴,4th Album `Face the Sun`,7625.0
2024-07-21,2024-07-27,2024,30,세븐틴,4th Album `Face the Sun` (KiT),5000.0
2024-07-21,2024-07-27,2024,30,세븐틴,4th Album `Face the Sun` (Weverse),2133.0
2024-07-21,2024-07-27,2024,30,세븐틴,5TH MINI ALBUM `YOU MAKE MY DAY`,1226.0
2024-07-21,2024-07-27,2024,30,세븐틴,7th Mini Album `헹가래`,2308.0
2024-07-21,2024-07-27,2024,30,세븐틴,8th Mini Album `Your Choice`,2155.0
2024-07-21,2024-07-27,2024,30,세븐틴,9th Mini Album `Attacca`,4149.0
2024-07-21,2024-07-27,2024,30,세븐틴,BEST ALBUM `17 IS RIGHT HERE`,2429.0
2024-07-21,2024-07-27,2024,30,세븐틴,BEST ALBUM `17 IS RIGHT HERE` (Weverse),1955.0
2024-07-21,2024-07-27,2024,30,정국,GOLDEN,1853.0
2024-07-21,2024-07-27,2024,30,정한X원우 (SEVENTEEN),1st Single Album `THIS MAN` (Weverse),1026.0
2024-07-21,2024-07-27,2024,30,지민,MUSE,46566.0
2024-07-21,2024-07-27,2024,30,지민,MUSE (Weverse),50890.0
2024-07-21,2024-07-27,2024,30,투모로우바이투게더,minisode 3: TOMORROW,2237.0
2024-07-21,2024-07-27,2024,30,투모로우바이투게더,minisode 3: TOMORROW (Weverse),1785.0
2024-07-21,2024-07-27,2024,30,투모로우바이투게더,이름의 장: TEMPTATION,1308.0
2024-07-21,2024-07-27,2024,30,투모로우바이투게더,혼돈의 장: FIGHT OR ESCAPE,1254.0
2024-07-21,2024-07-27,2024,30,"혁오 (hyukoh), Sunset Rollercoaster 落日飛車",AAA,6609.0
2024-07-28,2024-08-03,2024,31,BABYMONSTER,BABYMONS7ER,4715.0
2024-07-28,2024-08-03,2024,31,BABYMONSTER,BABYMONS7ER (Nemo),11231.0
2024-07-28,2024-08-03,2024,31,BLACKPINK,BORN PINK,1107.0
2024-07-28,2024-08-03,2024,31,BLACKPINK,KILL THIS LOVE,861.0
2024-07-28,2024-08-03,2024,31,BLACKPINK,SQUARE UP,614.0
2024-07-28,2024-08-03,2024,31,BLACKPINK,THE ALBUM,1054.0
2024-07-28,2024-08-03,2024,31,BOYNEXTDOOR,WHO!,1179.0
2024-07-28,2024-08-03,2024,31,NewJeans,1st EP `New Jeans`,1100.0
2024-07-28,2024-08-03,2024,31,NewJeans,1st EP `New Jeans` (Weverse),630.0
2024-07-28,2024-08-03,2024,31,NewJeans,2nd EP `Get Up` (Weverse),1603.0
2024-07-28,2024-08-03,2024,31,NewJeans,How Sweet,2472.0
2024-07-28,2024-08-03,2024,31,NewJeans,Supernatural,16798.0
2024-07-28,2024-08-03,2024,31,NewJeans,Supernatural (Weverse),2857.0
2024-07-28,2024-08-03,2024,31,PLAVE,ASTERUM : 134-1,656.0
2024-07-28,2024-08-03,2024,31,PLAVE,ASTERUM : The Shape of Things to Come,696.0
2024-07-28,2024-08-03,2024,31,V,Layover,732.0
2024-07-28,2024-08-03,2024,31,로제 (ROSE),R,1728.0
2024-07-28,2024-08-03,2024,31,방탄소년단,Butter,693.0
2024-07-28,2024-08-03,2024,31,방탄소년단,LOVE YOURSELF 承 `Her`,1010.0
2024-07-28,2024-08-03,2024,31,방탄소년단,LOVE YOURSELF 結 `Answer`,617.0
2024-07-28,2024-08-03,2024,31,방탄소년단,LOVE YOURSELF 轉 `Tear`,825.0
2024-07-28,2024-08-03,2024,31,방탄소년단,MAP OF THE SOUL : PERSONA,1268.0
2024-07-28,2024-08-03,2024,31,방탄소년단,Proof,802.0
2024-07-28,2024-08-03,2024,31,방탄소년단,YOU NEVER WALK ALONE,700.0
2024-07-28,2024-08-03,2024,31,방탄소년단,화양연화 pt.1,730.0
2024-07-28,2024-08-03,2024,31,세븐틴,11th Mini Album `SEVENTEENTH HEAVEN`,713.0
2024-07-28,2024-08-03,2024,31,세븐틴,4th Album Repackage `SECTOR 17`,929.0
2024-07-28,2024-08-03,2024,31,세븐틴,4th Album `Face the Sun`,5246.0
2024-07-28,2024-08-03,2024,31,세븐틴,4th Album `Face the Sun` (Weverse),1473.0
2024-07-28,2024-08-03,2024,31,세븐틴,7th Mini Album `헹가래`,942.0
2024-07-28,2024-08-03,2024,31,세븐틴,8th Mini Album `Your Choice`,839.0
2024-07-28,2024-08-03,2024,31,세븐틴,9th Mini Album `Attacca`,5457.0
2024-07-28,2024-08-03,2024,31,세븐틴,BEST ALBUM `17 IS RIGHT HERE` (Weverse),627.0
2024-07-28,2024-08-03,2024,31,이승훈,MY TYPE,5250.0
2024-07-28,2024-08-03,2024,31,정국,GOLDEN,1470.0
2024-07-28,2024-08-03,2024,31,지민,MUSE,9450.0
2024-07-28,2024-08-03,2024,31,지민,MUSE (Weverse),9970.0
2024-07-28,2024-08-03,2024,31,투모로우바이투게더,minisode 2: Thursday`s Child,955.0
2024-07-28,2024-08-03,2024,31,투모로우바이투게더,minisode 3: TOMORROW,1875.0
2024-07-28,2024-08-03,2024,31,투모로우바이투게더,minisode 3: TOMORROW (Weverse),760.0
2024-07-28,2024-08-03,2024,31,투모로우바이투게더,혼돈의 장: FREEZE,607.0
2024-08-04,2024-08-10,2024,32,Agust D,D-DAY,1176.0
2024-08-04,2024-08-10,2024,32,BABYMONSTER,BABYMONS7ER,2066.0
2024-08-04,2024-08-10,2024,32,BABYMONSTER,BABYMONS7ER (Nemo),2036.0
2024-08-04,2024-08-10,2024,32,BLACKPINK,BORN PINK,1816.0
2024-08-04,2024-08-10,2024,32,BLACKPINK,KILL THIS LOVE,1832.0
2024-08-04,2024-08-10,2024,32,BLACKPINK,THE ALBUM,2120.0
2024-08-04,2024-08-10,2024,32,BOYNEXTDOOR,HOW?,1190.0
2024-08-04,2024-08-10,2024,32,BOYNEXTDOOR,WHO!,1455.0
2024-08-04,2024-08-10,2024,32,BOYNEXTDOOR,WHY..,1451.0
2024-08-04,2024-08-10,2024,32,NewJeans,1st EP `New Jeans`,2572.0
2024-08-04,2024-08-10,2024,32,NewJeans,1st EP `New Jeans` (Weverse),1611.0
2024-08-04,2024-08-10,2024,32,NewJeans,2nd EP `Get Up`,3158.0
2024-08-04,2024-08-10,2024,32,NewJeans,2nd EP `Get Up` (Weverse),1347.0
2024-08-04,2024-08-10,2024,32,NewJeans,How Sweet,7120.0
2024-08-04,2024-08-10,2024,32,NewJeans,How Sweet (Weverse),1813.0
2024-08-04,2024-08-10,2024,32,NewJeans,Supernatural,18141.0
2024-08-04,2024-08-10,2024,32,NewJeans,Supernatural (Weverse),1856.0
2024-08-04,2024-08-10,2024,32,NewJeans,`OMG`,1382.0
2024-08-04,2024-08-10,2024,32,NewJeans,`OMG` (Weverse),901.0
2024-08-04,2024-08-10,2024,32,PLAVE,ASTERUM : 134-1,1016.0
2024-08-04,2024-08-10,2024,32,로제 (ROSE),R,1198.0
2024-08-04,2024-08-10,2024,32,방탄소년단,화양연화 Young Forever,882.0
2024-08-04,2024-08-10,2024,32,세븐틴,10th Mini Album `FML`,956.0
2024-08-04,2024-08-10,2024,32,세븐틴,10th Mini Album `FML` (Weverse),877.0
2024-08-04,2024-08-10,2024,32,세븐틴,11th Mini Album `SEVENTEENTH HEAVEN`,2196.0
2024-08-04,2024-08-10,2024,32,세븐틴,11th Mini Album `SEVENTEENTH HEAVEN` (Weverse),941.0
2024-08-04,2024-08-10,2024,32,세븐틴,3RD ALBUM ‘An Ode’,1670.0
2024-08-04,2024-08-10,2024,32,세븐틴,4th Album Repackage `SECTOR 17`,1495.0
2024-08-04,2024-08-10,2024,32,세븐틴,4th Album Repackage `SECTOR 17` (KiT),7791.0
2024-08-04,2024-08-10,2024,32,세븐틴,4th Album Repackage `SECTOR 17` (Weverse),933.0
2024-08-04,2024-08-10,2024,32,세븐틴,4th Album `Face the Sun`,7529.0
2024-08-04,2024-08-10,2024,32,세븐틴,4th Album `Face the Sun` (KiT),19435.0
2024-08-04,2024-08-10,2024,32,세븐틴,4th Album `Face the Sun` (Weverse),1235.0
2024-08-04,2024-08-10,2024,32,세븐틴,7th Mini Album `헹가래`,1252.0
2024-08-04,2024-08-10,2024,32,세븐틴,8th Mini Album `Your Choice`,1112.0
2024-08-04,2024-08-10,2024,32,세븐틴,9th Mini Album `Attacca`,3747.0
2024-08-04,2024-08-10,2024,32,세븐틴,BEST ALBUM `17 IS RIGHT HERE`,1704.0
2024-08-04,2024-08-10,2024,32,세븐틴,BEST ALBUM `17 IS RIGHT HERE` (Weverse),879.0
2024-08-04,2024-08-10,2024,32,이승훈,MY TYPE,5000.0
2024-08-04,2024-08-10,2024,32,정국,GOLDEN,1329.0
2024-08-04,2024-08-10,2024,32,지민,MUSE,1203.0
2024-08-04,2024-08-10,2024,32,투모로우바이투게더,minisode 3: TOMORROW,2073.0
2024-08-04,2024-08-10,2024,32,투모로우바이투게더,minisode 3: TOMORROW (Weverse),1269.0
2024-08-04,2024-08-10,2024,32,투모로우바이투게더,minisode1 : Blue Hour,953.0
2024-08-04,2024-08-10,2024,32,투모로우바이투게더,꿈의 장: STAR,1041.0
2024-08-04,2024-08-10,2024,32,투모로우바이투게더,이름의 장: TEMPTATION,1150.0
2024-08-04,2024-08-10,2024,32,투모로우바이투게더,혼돈의 장: FIGHT OR ESCAPE,1279.0
2024-08-11,2024-08-17,2024,33,BABYMONSTER,BABYMONS7ER,8524.0
2024-08-11,2024-08-17,2024,33,BABYMONSTER,BABYMONS7ER (Nemo),13410.0
2024-08-11,2024-08-17,2024,33,BLACKPINK,BORN PINK,1854.0
2024-08-11,2024-08-17,2024,33,BLACKPINK,KILL THIS LOVE,991.0
2024-08-11,2024-08-17,2024,33,BLACKPINK,SQUARE UP,1012.0
2024-08-11,2024-08-17,2024,33,BLACKPINK,THE ALBUM,2332.0
2024-08-11,2024-08-17,2024,33,BOYNEXTDOOR,HOW?,3579.0
2024-08-11,2024-08-17,2024,33,BOYNEXTDOOR,HOW? (Weverse),848.0
2024-08-11,2024-08-17,2024,33,BOYNEXTDOOR,WHO!,2177.0
2024-08-11,2024-08-17,2024,33,BOYNEXTDOOR,WHY..,1773.0
2024-08-11,2024-08-17,2024,33,KATSEYE,SIS (Soft Is Strong),3246.0
2024-08-11,2024-08-17,2024,33,NewJeans,1st EP `New Jeans`,1377.0
2024-08-11,2024-08-17,2024,33,NewJeans,1st EP `New Jeans` (Weverse),1442.0
2024-08-11,2024-08-17,2024,33,NewJeans,2nd EP `Get Up`,2162.0
2024-08-11,2024-08-17,2024,33,NewJeans,2nd EP `Get Up` (Weverse),1501.0
2024-08-11,2024-08-17,2024,33,NewJeans,How Sweet,3806.0
2024-08-11,2024-08-17,2024,33,NewJeans,How Sweet (Weverse),2471.0
2024-08-11,2024-08-17,2024,33,NewJeans,Supernatural,7327.0
2024-08-11,2024-08-17,2024,33,NewJeans,Supernatural (Weverse),4130.0
2024-08-11,2024-08-17,2024,33,NewJeans,`OMG`,2614.0
2024-08-11,2024-08-17,2024,33,TREASURE (트레저),2ND FULL ALBUM `REBOOT`,9362.0
2024-08-11,2024-08-17,2024,33,TREASURE (트레저),2ND FULL ALBUM `REBOOT` (Nemo),5320.0
2024-08-11,2024-08-17,2024,33,TWS (투어스),1st Mini Album `Sparkling Blue` (Weverse),731.0
2024-08-11,2024-08-17,2024,33,V,Layover,833.0
2024-08-11,2024-08-17,2024,33,로제 (ROSE),R,959.0
2024-08-11,2024-08-17,2024,33,방탄소년단,LOVE YOURSELF 承 `Her`,1064.0
2024-08-11,2024-08-17,2024,33,방탄소년단,LOVE YOURSELF 結 `Answer`,914.0
2024-08-11,2024-08-17,2024,33,부석순 (SEVENTEEN),1st Single Album `SECOND WIND` (Weverse),790.0
2024-08-11,2024-08-17,2024,33,세븐틴,10th Mini Album `FML`,1816.0
2024-08-11,2024-08-17,2024,33,세븐틴,11th Mini Album `SEVENTEENTH HEAVEN`,2389.0
2024-08-11,2024-08-17,2024,33,세븐틴,3RD ALBUM ‘An Ode’,723.0
2024-08-11,2024-08-17,2024,33,세븐틴,4th Album Repackage `SECTOR 17`,1432.0
2024-08-11,2024-08-17,2024,33,세븐틴,4th Album Repackage `SECTOR 17` (Weverse),1198.0
2024-08-11,2024-08-17,2024,33,세븐틴,4th Album `Face the Sun`,8438.0
2024-08-11,2024-08-17,2024,33,세븐틴,4th Album `Face the Sun` (Weverse),2388.0
2024-08-11,2024-08-17,2024,33,세븐틴,7th Mini Album `헹가래`,2676.0
2024-08-11,2024-08-17,2024,33,세븐틴,8th Mini Album `Your Choice`,1112.0
2024-08-11,2024-08-17,2024,33,세븐틴,9th Mini Album `Attacca`,4539.0
2024-08-11,2024-08-17,2024,33,세븐틴,BEST ALBUM `17 IS RIGHT HERE`,2667.0
2024-08-11,2024-08-17,2024,33,세븐틴,BEST ALBUM `17 IS RIGHT HERE` (KiT),716.0
2024-08-11,2024-08-17,2024,33,세븐틴,BEST ALBUM `17 IS RIGHT HERE` (Weverse),983.0
2024-08-11,2024-08-17,2024,33,정국,GOLDEN,1659.0
2024-08-11,2024-08-17,2024,33,제니 (JENNIE),SOLO,863.0
2024-08-11,2024-08-17,2024,33,지민,MUSE,1506.0
2024-08-11,2024-08-17,2024,33,투모로우바이투게더,minisode 2: Thursday`s Child,1555.0
2024-08-11,2024-08-17,2024,33,투모로우바이투게더,minisode 3: TOMORROW,6760.0
2024-08-11,2024-08-17,2024,33,투모로우바이투게더,minisode1 : Blue Hour,2447.0
2024-08-11,2024-08-17,2024,33,투모로우바이투게더,꿈의 장: MAGIC,708.0
2024-08-11,2024-08-17,2024,33,투모로우바이투게더,이름의 장: TEMPTATION,1476.0
2024-08-11,2024-08-17,2024,33,투모로우바이투게더,혼돈의 장: FIGHT OR ESCAPE,1254.0
2024-08-11,2024-08-17,2024,33,투모로우바이투게더,혼돈의 장: FREEZE,897.0
2024-08-11,2024-08-17,2024,33,프로미스나인 (fromis_9),Supersonic,92522.0
2024-08-11,2024-08-17,2024,33,프로미스나인 (fromis_9),Supersonic (KiT),5393.0
2024-08-11,2024-08-17,2024,33,프로미스나인 (fromis_9),Supersonic (Weverse),15859.0
2024-08-18,2024-08-24,2024,34,BABYMONSTER,BABYMONS7ER,984.0
2024-08-18,2024-08-24,2024,34,BABYMONSTER,BABYMONS7ER (Nemo),897.0
2024-08-18,2024-08-24,2024,34,BLACKPINK,BORN PINK,3677.0
2024-08-18,2024-08-24,2024,34,BLACKPINK,KILL THIS LOVE,1916.0
2024-08-18,2024-08-24,2024,34,BLACKPINK,SQUARE UP,1368.0
2024-08-18,2024-08-24,2024,34,BLACKPINK,THE ALBUM,1285.0
2024-08-18,2024-08-24,2024,34,BOYNEXTDOOR,HOW?,1602.0
2024-08-18,2024-08-24,2024,34,BOYNEXTDOOR,WHO!,1669.0
2024-08-18,2024-08-24,2024,34,BOYNEXTDOOR,WHY..,1202.0
2024-08-18,2024-08-24,2024,34,NewJeans,1st EP `New Jeans`,2276.0
2024-08-18,2024-08-24,2024,34,NewJeans,1st EP `New Jeans` (Weverse),1337.0
2024-08-18,2024-08-24,2024,34,NewJeans,2nd EP `Get Up`,2821.0
2024-08-18,2024-08-24,2024,34,NewJeans,2nd EP `Get Up` (Weverse),1673.0
2024-08-18,2024-08-24,2024,34,NewJeans,How Sweet,4192.0
2024-08-18,2024-08-24,2024,34,NewJeans,How Sweet (Weverse),3324.0
2024-08-18,2024-08-24,2024,34,NewJeans,Supernatural,32745.0
2024-08-18,2024-08-24,2024,34,NewJeans,Supernatural (Weverse),4185.0
2024-08-18,2024-08-24,2024,34,NewJeans,`OMG`,890.0
2024-08-18,2024-08-24,2024,34,TWS (투어스),1st Mini Album `Sparkling Blue` (Weverse),1158.0
2024-08-18,2024-08-24,2024,34,V,Layover,1177.0
2024-08-18,2024-08-24,2024,34,로제 (ROSE),R,1122.0
2024-08-18,2024-08-24,2024,34,방탄소년단,LOVE YOURSELF 轉 `Tear`,1293.0
2024-08-18,2024-08-24,2024,34,방탄소년단,MAP OF THE SOUL : 7,1096.0
2024-08-18,2024-08-24,2024,34,방탄소년단,MAP OF THE SOUL : PERSONA,1024.0
2024-08-18,2024-08-24,2024,34,방탄소년단,YOU NEVER WALK ALONE,946.0
2024-08-18,2024-08-24,2024,34,세븐틴,10th Mini Album `FML`,1442.0
2024-08-18,2024-08-24,2024,34,세븐틴,11th Mini Album `SEVENTEENTH HEAVEN`,2223.0
2024-08-18,2024-08-24,2024,34,세븐틴,11th Mini Album `SEVENTEENTH HEAVEN` (Weverse),1023.0
2024-08-18,2024-08-24,2024,34,세븐틴,3RD ALBUM ‘An Ode’,1756.0
2024-08-18,2024-08-24,2024,34,세븐틴,4th Album Repackage `SECTOR 17`,1810.0
2024-08-18,2024-08-24,2024,34,세븐틴,4th Album `Face the Sun`,7390.0
2024-08-18,2024-08-24,2024,34,세븐틴,4th Album `Face the Sun` (Weverse),1550.0
2024-08-18,2024-08-24,2024,34,세븐틴,7th Mini Album `헹가래`,2191.0
2024-08-18,2024-08-24,2024,34,세븐틴,8th Mini Album `Your Choice`,1762.0
2024-08-18,2024-08-24,2024,34,세븐틴,9th Mini Album `Attacca`,4522.0
2024-08-18,2024-08-24,2024,34,세븐틴,BEST ALBUM `17 IS RIGHT HERE`,1854.0
2024-08-18,2024-08-24,2024,34,세븐틴,BEST ALBUM `17 IS RIGHT HERE` (Weverse),1206.0
2024-08-18,2024-08-24,2024,34,세븐틴,Special Album `; [Semicolon]`,1126.0
2024-08-18,2024-08-24,2024,34,정국,GOLDEN,2522.0
2024-08-18,2024-08-24,2024,34,제니 (JENNIE),SOLO,951.0
2024-08-18,2024-08-24,2024,34,지민,MUSE,1140.0
2024-08-18,2024-08-24,2024,34,투모로우바이투게더,minisode 3: TOMORROW,2379.0
2024-08-18,2024-08-24,2024,34,투모로우바이투게더,minisode 3: TOMORROW (Weverse),1639.0
2024-08-18,2024-08-24,2024,34,투모로우바이투게더,이름의 장: TEMPTATION (Weverse),920.0
2024-08-18,2024-08-24,2024,34,투모로우바이투게더,혼돈의 장: FIGHT OR ESCAPE,1695.0
2024-08-18,2024-08-24,2024,34,프로미스나인 (fromis_9),Supersonic,8332.0
2024-08-25,2024-08-31,2024,35,Agust D,D-DAY,716.0
2024-08-25,2024-08-31,2024,35,BABYMONSTER,BABYMONS7ER,817.0
2024-08-25,2024-08-31,2024,35,BABYMONSTER,BABYMONS7ER (Nemo),1408.0
2024-08-25,2024-08-31,2024,35,BLACKPINK,BORN PINK,1519.0
2024-08-25,2024-08-31,2024,35,BLACKPINK,KILL THIS LOVE,1390.0
2024-08-25,2024-08-31,2024,35,BLACKPINK,SQUARE UP,918.0
2024-08-25,2024-08-31,2024,35,BLACKPINK,THE ALBUM,2026.0
2024-08-25,2024-08-31,2024,35,BOYNEXTDOOR,HOW?,1108.0
2024-08-25,2024-08-31,2024,35,BOYNEXTDOOR,WHO!,1108.0
2024-08-25,2024-08-31,2024,35,LE SSERAFIM (르세라핌),CRAZY,710054.0
2024-08-25,2024-08-31,2024,35,LE SSERAFIM (르세라핌),CRAZY (Weverse),48137.0
2024-08-25,2024-08-31,2024,35,NewJeans,1st EP `New Jeans`,4405.0
2024-08-25,2024-08-31,2024,35,NewJeans,2nd EP `Get Up`,1846.0
2024-08-25,2024-08-31,2024,35,NewJeans,2nd EP `Get Up` (Weverse),1126.0
2024-08-25,2024-08-31,2024,35,NewJeans,How Sweet,1792.0
2024-08-25,2024-08-31,2024,35,NewJeans,Supernatural,4603.0
2024-08-25,2024-08-31,2024,35,NewJeans,Supernatural (Weverse),2257.0
2024-08-25,2024-08-31,2024,35,NewJeans,`OMG`,959.0
2024-08-25,2024-08-31,2024,35,TREASURE (트레저),2ND FULL ALBUM `REBOOT`,3612.0
2024-08-25,2024-08-31,2024,35,TREASURE (트레저),2ND FULL ALBUM `REBOOT` (KiT),756.0
2024-08-25,2024-08-31,2024,35,TREASURE (트레저),2ND FULL ALBUM `REBOOT` (Nemo),2641.0
2024-08-25,2024-08-31,2024,35,로제 (ROSE),R,2220.0
2024-08-25,2024-08-31,2024,35,방탄소년단,LOVE YOURSELF 承 `Her`,1016.0
2024-08-25,2024-08-31,2024,35,방탄소년단,LOVE YOURSELF 轉 `Tear`,870.0
2024-08-25,2024-08-31,2024,35,방탄소년단,화양연화 pt.2,1323.0
2024-08-25,2024-08-31,2024,35,세븐틴,3RD ALBUM ‘An Ode’,1899.0
2024-08-25,2024-08-31,2024,35,세븐틴,4th Album Repackage `SECTOR 17`,745.0
2024-08-25,2024-08-31,2024,35,세븐틴,4th Album Repackage `SECTOR 17` (Weverse),827.0
2024-08-25,2024-08-31,2024,35,세븐틴,4th Album `Face the Sun`,3520.0
2024-08-25,2024-08-31,2024,35,세븐틴,5TH MINI ALBUM `YOU MAKE MY DAY`,941.0
2024-08-25,2024-08-31,2024,35,세븐틴,6TH MINI ALBUM `YOU MADE MY DAWN`,958.0
2024-08-25,2024-08-31,2024,35,세븐틴,7th Mini Album `헹가래`,1320.0
2024-08-25,2024-08-31,2024,35,세븐틴,8th Mini Album `Your Choice`,1241.0
2024-08-25,2024-08-31,2024,35,세븐틴,9th Mini Album `Attacca`,2500.0
2024-08-25,2024-08-31,2024,35,정국,GOLDEN,2052.0
2024-08-25,2024-08-31,2024,35,제니 (JENNIE),SOLO,1046.0
2024-08-25,2024-08-31,2024,35,지민,MUSE,11440.0
2024-08-25,2024-08-31,2024,35,투모로우바이투게더,minisode 2: Thursday`s Child,1250.0
2024-08-25,2024-08-31,2024,35,투모로우바이투게더,이름의 장: TEMPTATION,778.0
2024-08-25,2024-08-31,2024,35,프로미스나인 (fromis_9),Supersonic,3250.0
2024-09-01,2024-09-07,2024,36,BABYMONSTER,BABYMONS7ER,4338.0
2024-09-01,2024-09-07,2024,36,BABYMONSTER,BABYMONS7ER (Nemo),17438.0
2024-09-01,2024-09-07,2024,36,BLACKPINK,BORN PINK,1730.0
2024-09-01,2024-09-07,2024,36,BLACKPINK,KILL THIS LOVE,1451.0
2024-09-01,2024-09-07,2024,36,BLACKPINK,THE ALBUM,1895.0
2024-09-01,2024-09-07,2024,36,BOYNEXTDOOR,HOW?,1862.0
2024-09-01,2024-09-07,2024,36,BOYNEXTDOOR,WHO!,1815.0
2024-09-01,2024-09-07,2024,36,BOYNEXTDOOR,WHY..,1070.0
2024-09-01,2024-09-07,2024,36,LE SSERAFIM (르세라핌),CRAZY,39979.0
2024-09-01,2024-09-07,2024,36,LE SSERAFIM (르세라핌),CRAZY (Weverse),4029.0
2024-09-01,2024-09-07,2024,36,NewJeans,1st EP `New Jeans`,1363.0
2024-09-01,2024-09-07,2024,36,NewJeans,2nd EP `Get Up`,1816.0
2024-09-01,2024-09-07,2024,36,NewJeans,How Sweet,4678.0
2024-09-01,2024-09-07,2024,36,NewJeans,How Sweet (Weverse),2308.0
2024-09-01,2024-09-07,2024,36,NewJeans,Supernatural,5253.0
2024-09-01,2024-09-07,2024,36,NewJeans,Supernatural (Weverse),4378.0
2024-09-01,2024-09-07,2024,36,NewJeans,`OMG`,1685.0
2024-09-01,2024-09-07,2024,36,로제 (ROSE),R,1724.0
2024-09-01,2024-09-07,2024,36,방탄소년단,LOVE YOURSELF 結 `Answer`,1486.0
2024-09-01,2024-09-07,2024,36,방탄소년단,LOVE YOURSELF 轉 `Tear`,1062.0
2024-09-01,2024-09-07,2024,36,세븐틴,10th Mini Album `FML`,1603.0
2024-09-01,2024-09-07,2024,36,세븐틴,11th Mini Album `SEVENTEENTH HEAVEN`,37301.0
2024-09-01,2024-09-07,2024,36,세븐틴,11th Mini Album `SEVENTEENTH HEAVEN` (Weverse),1018.0
2024-09-01,2024-09-07,2024,36,세븐틴,3RD ALBUM ‘An Ode’,2528.0
2024-09-01,2024-09-07,2024,36,세븐틴,4th Album Repackage `SECTOR 17` (Weverse),1014.0
2024-09-01,2024-09-07,2024,36,세븐틴,4th Album `Face the Sun`,7249.0
2024-09-01,2024-09-07,2024,36,세븐틴,4th Album `Face the Sun` (Weverse),1613.0
2024-09-01,2024-09-07,2024,36,세븐틴,7th Mini Album `헹가래`,1494.0
2024-09-01,2024-09-07,2024,36,세븐틴,8th Mini Album `Your Choice`,1149.0
2024-09-01,2024-09-07,2024,36,세븐틴,9th Mini Album `Attacca`,4642.0
2024-09-01,2024-09-07,2024,36,세븐틴,BEST ALBUM `17 IS RIGHT HERE`,2131.0
2024-09-01,2024-09-07,2024,36,세븐틴,BEST ALBUM `17 IS RIGHT HERE` (Weverse),1084.0
2024-09-01,2024-09-07,2024,36,이승훈,MY TYPE,1417.0
2024-09-01,2024-09-07,2024,36,정국,GOLDEN,1623.0
2024-09-01,2024-09-07,2024,36,투모로우바이투게더,minisode 3: TOMORROW,2474.0
2024-09-01,2024-09-07,2024,36,투모로우바이투게더,이름의 장: TEMPTATION,1207.0
2024-09-01,2024-09-07,2024,36,투모로우바이투게더,혼돈의 장: FIGHT OR ESCAPE,2110.0
2024-09-01,2024-09-07,2024,36,투모로우바이투게더,혼돈의 장: FREEZE,1050.0
2024-09-01,2024-09-07,2024,36,프로미스나인 (fromis_9),Supersonic,7076.0
2024-09-08,2024-09-14,2024,37,BABYMONSTER,BABYMONS7ER (Nemo),2821.0
2024-09-08,2024-09-14,2024,37,BLACKPINK,BORN PINK,1827.0
2024-09-08,2024-09-14,2024,37,BLACKPINK,KILL THIS LOVE,929.0
2024-09-08,2024-09-14,2024,37,BLACKPINK,SQUARE UP,924.0
2024-09-08,2024-09-14,2024,37,BOYNEXTDOOR,19.99,752084.0
2024-09-08,2024-09-14,2024,37,BOYNEXTDOOR,19.99 (Weverse),93969.0
2024-09-08,2024-09-14,2024,37,BOYNEXTDOOR,HOW?,1712.0
2024-09-08,2024-09-14,2024,37,BOYNEXTDOOR,WHO!,1223.0
2024-09-08,2024-09-14,2024,37,BOYNEXTDOOR,WHY..,1080.0
2024-09-08,2024-09-14,2024,37,KATSEYE,SIS (Soft Is Strong),2820.0
2024-09-08,2024-09-14,2024,37,LE SSERAFIM (르세라핌),CRAZY,9292.0
2024-09-08,2024-09-14,2024,37,LE SSERAFIM (르세라핌),CRAZY (Weverse),1446.0
2024-09-08,2024-09-14,2024,37,NewJeans,1st EP `New Jeans`,3758.0
2024-09-08,2024-09-14,2024,37,NewJeans,1st EP `New Jeans` (Weverse),1321.0
2024-09-08,2024-09-14,2024,37,NewJeans,2nd EP `Get Up`,1778.0
2024-09-08,2024-09-14,2024,37,NewJeans,How Sweet,3554.0
2024-09-08,2024-09-14,2024,37,NewJeans,How Sweet (Weverse),2308.0
2024-09-08,2024-09-14,2024,37,NewJeans,Supernatural,5606.0
2024-09-08,2024-09-14,2024,37,NewJeans,Supernatural (Weverse),3890.0
2024-09-08,2024-09-14,2024,37,NewJeans,`OMG`,1342.0
2024-09-08,2024-09-14,2024,37,NewJeans,`OMG` (Weverse),1039.0
2024-09-08,2024-09-14,2024,37,PLAVE,ASTERUM : 134-1,1129.0
2024-09-08,2024-09-14,2024,37,V,Layover,1181.0
2024-09-08,2024-09-14,2024,37,세븐틴,10th Mini Album `FML`,1492.0
2024-09-08,2024-09-14,2024,37,세븐틴,11th Mini Album `SEVENTEENTH HEAVEN`,3333.0
2024-09-08,2024-09-14,2024,37,세븐틴,11th Mini Album `SEVENTEENTH HEAVEN` (Weverse),1303.0
2024-09-08,2024-09-14,2024,37,세븐틴,3RD ALBUM ‘An Ode’,2870.0
2024-09-08,2024-09-14,2024,37,세븐틴,4th Album Repackage `SECTOR 17`,2191.0
2024-09-08,2024-09-14,2024,37,세븐틴,4th Album Repackage `SECTOR 17` (Weverse),903.0
2024-09-08,2024-09-14,2024,37,세븐틴,4th Album `Face the Sun`,8523.0
2024-09-08,2024-09-14,2024,37,세븐틴,4th Album `Face the Sun` (Weverse),1428.0
2024-09-08,2024-09-14,2024,37,세븐틴,7th Mini Album `헹가래`,3177.0
2024-09-08,2024-09-14,2024,37,세븐틴,8th Mini Album `Your Choice`,1541.0
2024-09-08,2024-09-14,2024,37,세븐틴,9th Mini Album `Attacca`,6010.0
2024-09-08,2024-09-14,2024,37,세븐틴,BEST ALBUM `17 IS RIGHT HERE`,59242.0
2024-09-08,2024-09-14,2024,37,세븐틴,BEST ALBUM `17 IS RIGHT HERE` (Weverse),1303.0
2024-09-08,2024-09-14,2024,37,정국,GOLDEN,1745.0
2024-09-08,2024-09-14,2024,37,제니 (JENNIE),SOLO,1049.0
2024-09-08,2024-09-14,2024,37,투모로우바이투게더,minisode 2: Thursday`s Child,1595.0
2024-09-08,2024-09-14,2024,37,투모로우바이투게더,minisode 3: TOMORROW,2691.0
2024-09-08,2024-09-14,2024,37,투모로우바이투게더,minisode 3: TOMORROW (Weverse),1976.0
2024-09-08,2024-09-14,2024,37,투모로우바이투게더,이름의 장: TEMPTATION,1434.0
2024-09-08,2024-09-14,2024,37,투모로우바이투게더,이름의 장: TEMPTATION (Weverse),976.0
2024-09-08,2024-09-14,2024,37,프로미스나인 (fromis_9),Supersonic,6270.0
2024-09-15,2024-09-21,2024,38,BABYMONSTER,BABYMONS7ER (Nemo),972.0
2024-09-15,2024-09-21,2024,38,BLACKPINK,BORN PINK,1420.0
2024-09-15,2024-09-21,2024,38,BLACKPINK,KILL THIS LOVE,791.0
2024-09-15,2024-09-21,2024,38,BLACKPINK,THE ALBUM,524.0
2024-09-15,2024-09-21,2024,38,BOYNEXTDOOR,19.99,35344.0
2024-09-15,2024-09-21,2024,38,BOYNEXTDOOR,19.99 (Weverse),5860.0
2024-09-15,2024-09-21,2024,38,BOYNEXTDOOR,HOW?,1238.0
2024-09-15,2024-09-21,2024,38,BOYNEXTDOOR,WHO!,734.0
2024-09-15,2024-09-21,2024,38,BOYNEXTDOOR,WHY..,709.0
2024-09-15,2024-09-21,2024,38,KATSEYE,SIS (Soft Is Strong),830.0
2024-09-15,2024-09-21,2024,38,LE SSERAFIM (르세라핌),CRAZY,2145.0
2024-09-15,2024-09-21,2024,38,NewJeans,1st EP `New Jeans`,8932.0
2024-09-15,2024-09-21,2024,38,NewJeans,1st EP `New Jeans` (Weverse),936.0
2024-09-15,2024-09-21,2024,38,NewJeans,2nd EP `Get Up`,1628.0
2024-09-15,2024-09-21,2024,38,NewJeans,2nd EP `Get Up` (Weverse),1140.0
2024-09-15,2024-09-21,2024,38,NewJeans,How Sweet,1705.0
2024-09-15,2024-09-21,2024,38,NewJeans,How Sweet (Weverse),831.0
2024-09-15,2024-09-21,2024,38,NewJeans,Supernatural,6500.0
2024-09-15,2024-09-21,2024,38,NewJeans,Supernatural (Weverse),1290.0
2024-09-15,2024-09-21,2024,38,NewJeans,`OMG`,2757.0
2024-09-15,2024-09-21,2024,38,NewJeans,`OMG` (Weverse),1230.0
2024-09-15,2024-09-21,2024,38,PLAVE,ASTERUM (POCA),428.0
2024-09-15,2024-09-21,2024,38,TWS (투어스),1st Mini Album `Sparkling Blue`,528.0
2024-09-15,2024-09-21,2024,38,V,Layover,560.0
2024-09-15,2024-09-21,2024,38,V,Layover (LP),52915.0
2024-09-15,2024-09-21,2024,38,로제 (ROSE),R,3329.0
2024-09-15,2024-09-21,2024,38,방탄소년단,MAP OF THE SOUL : 7,440.0
2024-09-15,2024-09-21,2024,38,세븐틴,10th Mini Album `FML`,507.0
2024-09-15,2024-09-21,2024,38,세븐틴,11th Mini Album `SEVENTEENTH HEAVEN`,1492.0
2024-09-15,2024-09-21,2024,38,세븐틴,3RD ALBUM ‘An Ode’,548.0
2024-09-15,2024-09-21,2024,38,세븐틴,4th Album Repackage `SECTOR 17` (Weverse),544.0
2024-09-15,2024-09-21,2024,38,세븐틴,4th Album `Face the Sun`,3976.0
2024-09-15,2024-09-21,2024,38,세븐틴,8th Mini Album `Your Choice`,784.0
2024-09-15,2024-09-21,2024,38,세븐틴,9th Mini Album `Attacca`,1668.0
2024-09-15,2024-09-21,2024,38,세븐틴,BEST ALBUM `17 IS RIGHT HERE`,768.0
2024-09-15,2024-09-21,2024,38,정국,GOLDEN,486.0
2024-09-15,2024-09-21,2024,38,지수 (JISOO),ME,543.0
2024-09-15,2024-09-21,2024,38,투모로우바이투게더,minisode 3: TOMORROW,1497.0
2024-09-15,2024-09-21,2024,38,투모로우바이투게더,minisode 3: TOMORROW (Weverse),1013.0
2024-09-15,2024-09-21,2024,38,투모로우바이투게더,minisode1 : Blue Hour,962.0
2024-09-15,2024-09-21,2024,38,투모로우바이투게더,꿈의 장: STAR,1068.0
2024-09-15,2024-09-21,2024,38,투모로우바이투게더,이름의 장: TEMPTATION,444.0
2024-09-15,2024-09-21,2024,38,투모로우바이투게더,혼돈의 장: FIGHT OR ESCAPE,840.0
2024-09-22,2024-09-28,2024,39,Agust D,D-DAY,1415.0
2024-09-22,2024-09-28,2024,39,BABYMONSTER,BABYMONS7ER (Nemo),1140.0
2024-09-22,2024-09-28,2024,39,BLACKPINK,BORN PINK,1199.0
2024-09-22,2024-09-28,2024,39,BLACKPINK,KILL THIS LOVE,983.0
2024-09-22,2024-09-28,2024,39,BOYNEXTDOOR,19.99,28184.0
2024-09-22,2024-09-28,2024,39,BOYNEXTDOOR,19.99 (Weverse),17323.0
2024-09-22,2024-09-28,2024,39,BOYNEXTDOOR,WHO!,1450.0
2024-09-22,2024-09-28,2024,39,BOYNEXTDOOR,WHY..,904.0
2024-09-22,2024-09-28,2024,39,KATSEYE,SIS (Soft Is Strong),1292.0
2024-09-22,2024-09-28,2024,39,NewJeans,1st EP `New Jeans`,1322.0
2024-09-22,2024-09-28,2024,39,NewJeans,2nd EP `Get Up`,1899.0
2024-09-22,2024-09-28,2024,39,NewJeans,2nd EP `Get Up` (Weverse),1112.0
2024-09-22,2024-09-28,2024,39,NewJeans,Supernatural,9334.0
2024-09-22,2024-09-28,2024,39,NewJeans,Supernatural (Weverse),1537.0
2024-09-22,2024-09-28,2024,39,NewJeans,`OMG`,3061.0
2024-09-22,2024-09-28,2024,39,PLAVE,ASTERUM : 134-1,4257.0
2024-09-22,2024-09-28,2024,39,PLAVE,ASTERUM : The Shape of Things to Come,937.0
2024-09-22,2024-09-28,2024,39,TWS (투어스),1st Mini Album `Sparkling Blue` (Weverse),910.0
2024-09-22,2024-09-28,2024,39,V,Layover,1268.0
2024-09-22,2024-09-28,2024,39,로제 (ROSE),R,1867.0
2024-09-22,2024-09-28,2024,39,방탄소년단,LOVE YOURSELF 轉 `Tear`,953.0
2024-09-22,2024-09-28,2024,39,세븐틴,10th Mini Album `FML`,3405.0
2024-09-22,2024-09-28,2024,39,세븐틴,11th Mini Album `SEVENTEENTH HEAVEN`,3135.0
2024-09-22,2024-09-28,2024,39,세븐틴,3RD ALBUM ‘An Ode’,1411.0
2024-09-22,2024-09-28,2024,39,세븐틴,4th Album Repackage `SECTOR 17`,1334.0
2024-09-22,2024-09-28,2024,39,세븐틴,4th Album `Face the Sun`,6794.0
2024-09-22,2024-09-28,2024,39,세븐틴,4th Album `Face the Sun` (Weverse),2276.0
2024-09-22,2024-09-28,2024,39,세븐틴,7th Mini Album `헹가래`,2160.0
2024-09-22,2024-09-28,2024,39,세븐틴,8th Mini Album `Your Choice`,1167.0
2024-09-22,2024-09-28,2024,39,세븐틴,9th Mini Album `Attacca`,4850.0
2024-09-22,2024-09-28,2024,39,세븐틴,BEST ALBUM `17 IS RIGHT HERE`,1098.0
2024-09-22,2024-09-28,2024,39,정국,GOLDEN,19304.0
2024-09-22,2024-09-28,2024,39,정국,GOLDEN (Weverse),1951.0
2024-09-22,2024-09-28,2024,39,투모로우바이투게더,minisode 2: Thursday`s Child,992.0
2024-09-22,2024-09-28,2024,39,투모로우바이투게더,minisode 3: TOMORROW,1398.0
2024-09-22,2024-09-28,2024,39,투모로우바이투게더,혼돈의 장: FIGHT OR ESCAPE,1319.0
2024-09-22,2024-09-28,2024,39,"혁오 (hyukoh), Sunset Rollercoaster 落日飛車",AAA (LP),1670.0
2024-09-29,2024-10-05,2024,40,BLACKPINK,BORN PINK,818.0
2024-09-29,2024-10-05,2024,40,BLACKPINK,SPECIAL EDITION [How You Like That],666.0
2024-09-29,2024-10-05,2024,40,BLACKPINK,SQUARE UP,645.0
2024-09-29,2024-10-05,2024,40,BOYNEXTDOOR,19.99,27638.0
2024-09-29,2024-10-05,2024,40,BOYNEXTDOOR,19.99 (Weverse),10064.0
2024-09-29,2024-10-05,2024,40,BOYNEXTDOOR,HOW?,1393.0
2024-09-29,2024-10-05,2024,40,BOYNEXTDOOR,WHO!,910.0
2024-09-29,2024-10-05,2024,40,BOYNEXTDOOR,WHY..,888.0
2024-09-29,2024-10-05,2024,40,LE SSERAFIM (르세라핌),CRAZY,903.0
2024-09-29,2024-10-05,2024,40,NewJeans,1st EP `New Jeans`,2736.0
2024-09-29,2024-10-05,2024,40,NewJeans,1st EP `New Jeans` (Weverse),969.0
2024-09-29,2024-10-05,2024,40,NewJeans,2nd EP `Get Up`,1652.0
2024-09-29,2024-10-05,2024,40,NewJeans,How Sweet,1081.0
2024-09-29,2024-10-05,2024,40,NewJeans,How Sweet (Weverse),1798.0
2024-09-29,2024-10-05,2024,40,NewJeans,Supernatural,1900.0
2024-09-29,2024-10-05,2024,40,NewJeans,Supernatural (Weverse),1289.0
2024-09-29,2024-10-05,2024,40,NewJeans,`OMG`,2303.0
2024-09-29,2024-10-05,2024,40,PLAVE,ASTERUM : 134-1,1419.0
2024-09-29,2024-10-05,2024,40,Sphaze(스페이즈),Starlight (POCA),1397.0
2024-09-29,2024-10-05,2024,40,V,Layover,909.0
2024-09-29,2024-10-05,2024,40,세븐틴,10th Mini Album `FML`,1573.0
2024-09-29,2024-10-05,2024,40,세븐틴,11th Mini Album `SEVENTEENTH HEAVEN`,1211.0
2024-09-29,2024-10-05,2024,40,세븐틴,3RD ALBUM ‘An Ode’,877.0
2024-09-29,2024-10-05,2024,40,세븐틴,4th Album Repackage `SECTOR 17` (Weverse),665.0
2024-09-29,2024-10-05,2024,40,세븐틴,4th Album `Face the Sun`,2444.0
2024-09-29,2024-10-05,2024,40,세븐틴,7th Mini Album `헹가래`,1260.0
2024-09-29,2024-10-05,2024,40,세븐틴,9th Mini Album `Attacca`,734.0
2024-09-29,2024-10-05,2024,40,세븐틴,BEST ALBUM `17 IS RIGHT HERE`,996.0
2024-09-29,2024-10-05,2024,40,정국,GOLDEN,1876.0
2024-09-29,2024-10-05,2024,40,카더가든,Harmony (LP),1457.0
2024-09-29,2024-10-05,2024,40,투모로우바이투게더,minisode 2: Thursday`s Child,1028.0
2024-09-29,2024-10-05,2024,40,투모로우바이투게더,minisode 3: TOMORROW,1728.0
2024-09-29,2024-10-05,2024,40,투모로우바이투게더,minisode 3: TOMORROW (Weverse),830.0
2024-09-29,2024-10-05,2024,40,투모로우바이투게더,꿈의 장: MAGIC,770.0
2024-10-06,2024-10-12,2024,41,AKMU (악뮤),LOVE EPISODE (LP),4000.0
2024-10-06,2024-10-12,2024,41,BLACKPINK,BORN PINK,1062.0
2024-10-06,2024-10-12,2024,41,BLACKPINK,KILL THIS LOVE,1414.0
2024-10-06,2024-10-12,2024,41,BLACKPINK,THE ALBUM,1090.0
2024-10-06,2024-10-12,2024,41,BOYNEXTDOOR,19.99,7209.0
2024-10-06,2024-10-12,2024,41,BOYNEXTDOOR,19.99 (Weverse),20313.0
2024-10-06,2024-10-12,2024,41,BOYNEXTDOOR,HOW?,2122.0
2024-10-06,2024-10-12,2024,41,BOYNEXTDOOR,WHO!,1695.0
2024-10-06,2024-10-12,2024,41,BOYNEXTDOOR,WHY..,1329.0
2024-10-06,2024-10-12,2024,41,KATSEYE,SIS (Soft Is Strong),898.0
2024-10-06,2024-10-12,2024,41,NewJeans,1st EP `New Jeans`,2383.0
2024-10-06,2024-10-12,2024,41,NewJeans,2nd EP `Get Up`,1984.0
2024-10-06,2024-10-12,2024,41,NewJeans,2nd EP `Get Up` (Weverse),2160.0
2024-10-06,2024-10-12,2024,41,NewJeans,How Sweet,2427.0
2024-10-06,2024-10-12,2024,41,NewJeans,How Sweet (Weverse),1348.0
2024-10-06,2024-10-12,2024,41,NewJeans,Supernatural,8564.0
2024-10-06,2024-10-12,2024,41,NewJeans,Supernatural (Weverse),1948.0
2024-10-06,2024-10-12,2024,41,NewJeans,`OMG`,1881.0
2024-10-06,2024-10-12,2024,41,로제 (ROSE),R,3551.0
2024-10-06,2024-10-12,2024,41,방탄소년단,Skool Luv Affair,929.0
2024-10-06,2024-10-12,2024,41,세븐틴,10th Mini Album `FML`,1194.0
2024-10-06,2024-10-12,2024,41,세븐틴,11th Mini Album `SEVENTEENTH HEAVEN`,1194.0
2024-10-06,2024-10-12,2024,41,세븐틴,11th Mini Album `SEVENTEENTH HEAVEN` (Weverse),987.0
2024-10-06,2024-10-12,2024,41,세븐틴,3RD ALBUM ‘An Ode’,1585.0
2024-10-06,2024-10-12,2024,41,세븐틴,4th Album Repackage `SECTOR 17`,1044.0
2024-10-06,2024-10-12,2024,41,세븐틴,4th Album `Face the Sun`,4031.0
2024-10-06,2024-10-12,2024,41,세븐틴,4th Album `Face the Sun` (Weverse),1380.0
2024-10-06,2024-10-12,2024,41,세븐틴,7th Mini Album `헹가래`,1324.0
2024-10-06,2024-10-12,2024,41,세븐틴,9th Mini Album `Attacca`,4476.0
2024-10-06,2024-10-12,2024,41,세븐틴,BEST ALBUM `17 IS RIGHT HERE`,1710.0
2024-10-06,2024-10-12,2024,41,정국,GOLDEN,1566.0
2024-10-06,2024-10-12,2024,41,제니 (JENNIE),SOLO,1346.0
2024-10-06,2024-10-12,2024,41,투모로우바이투게더,minisode 2: Thursday`s Child,2509.0
2024-10-06,2024-10-12,2024,41,투모로우바이투게더,minisode 3: TOMORROW,2114.0
2024-10-06,2024-10-12,2024,41,투모로우바이투게더,minisode 3: TOMORROW (Weverse),1527.0
2024-10-06,2024-10-12,2024,41,투모로우바이투게더,이름의 장: FREEFALL (Weverse),1104.0
2024-10-06,2024-10-12,2024,41,투모로우바이투게더,이름의 장: TEMPTATION,1418.0
2024-10-06,2024-10-12,2024,41,투모로우바이투게더,혼돈의 장: FIGHT OR ESCAPE,1726.0
2024-10-13,2024-10-19,2024,42,BABYMONSTER,BABYMONS7ER (Nemo),1262.0
2024-10-13,2024-10-19,2024,42,BLACKPINK,BORN PINK,1060.0
2024-10-13,2024-10-19,2024,42,BLACKPINK,THE ALBUM,729.0
2024-10-13,2024-10-19,2024,42,BOYNEXTDOOR,19.99,1040.0
2024-10-13,2024-10-19,2024,42,BOYNEXTDOOR,19.99 (Weverse),1800.0
2024-10-13,2024-10-19,2024,42,BOYNEXTDOOR,HOW?,730.0
2024-10-13,2024-10-19,2024,42,BOYNEXTDOOR,WHO!,988.0
2024-10-13,2024-10-19,2024,42,BOYNEXTDOOR,WHY..,750.0
2024-10-13,2024-10-19,2024,42,LE SSERAFIM (르세라핌),CRAZY,592.0
2024-10-13,2024-10-19,2024,42,NewJeans,1st EP `New Jeans`,854.0
2024-10-13,2024-10-19,2024,42,NewJeans,1st EP `New Jeans` (Weverse),671.0
2024-10-13,2024-10-19,2024,42,NewJeans,2nd EP `Get Up`,1574.0
2024-10-13,2024-10-19,2024,42,NewJeans,2nd EP `Get Up` (Weverse),680.0
2024-10-13,2024-10-19,2024,42,NewJeans,How Sweet,980.0
2024-10-13,2024-10-19,2024,42,NewJeans,Supernatural,1374.0
2024-10-13,2024-10-19,2024,42,NewJeans,Supernatural (Weverse),963.0
2024-10-13,2024-10-19,2024,42,NewJeans,`OMG`,1078.0
2024-10-13,2024-10-19,2024,42,PLAVE,ASTERUM : 134-1,621.0
2024-10-13,2024-10-19,2024,42,방탄소년단,LOVE YOURSELF 承 `Her`,708.0
2024-10-13,2024-10-19,2024,42,방탄소년단,Proof,789.0
2024-10-13,2024-10-19,2024,42,세븐틴,10th Mini Album `FML`,909.0
2024-10-13,2024-10-19,2024,42,세븐틴,11th Mini Album `SEVENTEENTH HEAVEN`,977.0
2024-10-13,2024-10-19,2024,42,세븐틴,12th Mini Album `SPILL THE FEELS`,2674583.0
2024-10-13,2024-10-19,2024,42,세븐틴,12th Mini Album `SPILL THE FEELS` (KiT),282652.0
2024-10-13,2024-10-19,2024,42,세븐틴,12th Mini Album `SPILL THE FEELS` (Weverse),249890.0
2024-10-13,2024-10-19,2024,42,세븐틴,3RD ALBUM ‘An Ode’,905.0
2024-10-13,2024-10-19,2024,42,세븐틴,4th Album `Face the Sun`,2154.0
2024-10-13,2024-10-19,2024,42,세븐틴,7th Mini Album `헹가래`,656.0
2024-10-13,2024-10-19,2024,42,세븐틴,8th Mini Album `Your Choice`,1204.0
2024-10-13,2024-10-19,2024,42,세븐틴,9th Mini Album `Attacca`,1049.0
2024-10-13,2024-10-19,2024,42,세븐틴,BEST ALBUM `17 IS RIGHT HERE`,1056.0
2024-10-13,2024-10-19,2024,42,세븐틴,BEST ALBUM `17 IS RIGHT HERE` (Weverse),591.0
2024-10-13,2024-10-19,2024,42,정국,GOLDEN,1118.0
2024-10-13,2024-10-19,2024,42,투모로우바이투게더,minisode 3: TOMORROW,1476.0
2024-10-13,2024-10-19,2024,42,투모로우바이투게더,minisode1 : Blue Hour,560.0
2024-10-13,2024-10-19,2024,42,투모로우바이투게더,이름의 장: TEMPTATION,603.0
2024-10-20,2024-10-26,2024,43,Agust D,D-DAY,885.0
2024-10-20,2024-10-26,2024,43,BABYMONSTER,BABYMONS7ER (Nemo),1126.0
2024-10-20,2024-10-26,2024,43,BLACKPINK,BORN PINK,1089.0
2024-10-20,2024-10-26,2024,43,BOYNEXTDOOR,19.99 (Weverse),13815.0
2024-10-20,2024-10-26,2024,43,BOYNEXTDOOR,WHO!,1051.0
2024-10-20,2024-10-26,2024,43,BOYNEXTDOOR,WHY..,846.0
2024-10-20,2024-10-26,2024,43,NewJeans,1st EP `New Jeans`,1751.0
2024-10-20,2024-10-26,2024,43,NewJeans,1st EP `New Jeans` (Weverse),745.0
2024-10-20,2024-10-26,2024,43,NewJeans,2nd EP `Get Up`,946.0
2024-10-20,2024-10-26,2024,43,NewJeans,How Sweet,1817.0
2024-10-20,2024-10-26,2024,43,NewJeans,How Sweet (Weverse),890.0
2024-10-20,2024-10-26,2024,43,NewJeans,Supernatural,4365.0
2024-10-20,2024-10-26,2024,43,NewJeans,Supernatural (Weverse),2090.0
2024-10-20,2024-10-26,2024,43,NewJeans,`OMG`,1327.0
2024-10-20,2024-10-26,2024,43,방탄소년단,Butter,860.0
2024-10-20,2024-10-26,2024,43,방탄소년단,LOVE YOURSELF 承 `Her`,1020.0
2024-10-20,2024-10-26,2024,43,방탄소년단,LOVE YOURSELF 結 `Answer`,1078.0
2024-10-20,2024-10-26,2024,43,방탄소년단,LOVE YOURSELF 轉 `Tear`,1140.0
2024-10-20,2024-10-26,2024,43,방탄소년단,MAP OF THE SOUL : PERSONA,808.0
2024-10-20,2024-10-26,2024,43,방탄소년단,WINGS,760.0
2024-10-20,2024-10-26,2024,43,방탄소년단,화양연화 Young Forever,894.0
2024-10-20,2024-10-26,2024,43,방탄소년단,화양연화 pt.2,864.0
2024-10-20,2024-10-26,2024,43,세븐틴,10th Mini Album `FML`,953.0
2024-10-20,2024-10-26,2024,43,세븐틴,12th Mini Album `SPILL THE FEELS`,76572.0
2024-10-20,2024-10-26,2024,43,세븐틴,12th Mini Album `SPILL THE FEELS` (KiT),28970.0
2024-10-20,2024-10-26,2024,43,세븐틴,12th Mini Album `SPILL THE FEELS` (Weverse),19220.0
2024-10-20,2024-10-26,2024,43,세븐틴,3RD ALBUM ‘An Ode’,860.0
2024-10-20,2024-10-26,2024,43,세븐틴,4th Album `Face the Sun`,2339.0
2024-10-20,2024-10-26,2024,43,여자친구 (GFRIEND),回:Song of the Sirens,873.0
2024-10-20,2024-10-26,2024,43,여자친구 (GFRIEND),回:Walpurgis Night,895.0
2024-10-20,2024-10-26,2024,43,정국,GOLDEN,1925.0
2024-10-20,2024-10-26,2024,43,지민,FACE,4580.0
2024-10-20,2024-10-26,2024,43,투모로우바이투게더,minisode 3: TOMORROW,1630.0
2024-10-20,2024-10-26,2024,43,투모로우바이투게더,minisode1 : Blue Hour,824.0
2024-10-20,2024-10-26,2024,43,투모로우바이투게더,혼돈의 장: FIGHT OR ESCAPE,774.0
2024-10-27,2024-11-02,2024,44,BABYMONSTER,DRIP,247080.0
2024-10-27,2024-11-02,2024,44,BABYMONSTER,DRIP (Nemo),444674.0
2024-10-27,2024-11-02,2024,44,BLACKPINK,BORN PINK,703.0
2024-10-27,2024-11-02,2024,44,BLACKPINK,KILL THIS LOVE,601.0
2024-10-27,2024-11-02,2024,44,BLACKPINK,THE ALBUM,643.0
2024-10-27,2024-11-02,2024,44,BOYNEXTDOOR,HOW? (Weverse),513.0
2024-10-27,2024-11-02,2024,44,BOYNEXTDOOR,WHO!,854.0
2024-10-27,2024-11-02,2024,44,G-Dragon,권지용 (USB),979.0
2024-10-27,2024-11-02,2024,44,LE SSERAFIM (르세라핌),CRAZY,5859.0
2024-10-27,2024-11-02,2024,44,NewJeans,1st EP `New Jeans`,522.0
2024-10-27,2024-11-02,2024,44,NewJeans,2nd EP `Get Up`,633.0
2024-10-27,2024-11-02,2024,44,NewJeans,Supernatural,1175.0
2024-10-27,2024-11-02,2024,44,NewJeans,`OMG`,547.0
2024-10-27,2024-11-02,2024,44,PLAVE,ASTERUM (POCA),10534.0
2024-10-27,2024-11-02,2024,44,PLAVE,ASTERUM : 134-1,6267.0
2024-10-27,2024-11-02,2024,44,PLAVE,ASTERUM : 134-1 (POCA),9070.0
2024-10-27,2024-11-02,2024,44,PLAVE,ASTERUM : The Shape of Things to Come,4662.0
2024-10-27,2024-11-02,2024,44,검정치마 (The Black Skirts),TEEN TROUBLES (LP),10000.0
2024-10-27,2024-11-02,2024,44,로제 (ROSE),R,1446.0
2024-10-27,2024-11-02,2024,44,방탄소년단,MAP OF THE SOUL : 7,909.0
2024-10-27,2024-11-02,2024,44,방탄소년단,MAP OF THE SOUL : PERSONA,870.0
2024-10-27,2024-11-02,2024,44,세븐틴,12th Mini Album `SPILL THE FEELS`,328948.0
2024-10-27,2024-11-02,2024,44,세븐틴,12th Mini Album `SPILL THE FEELS` (KiT),8678.0
2024-10-27,2024-11-02,2024,44,세븐틴,12th Mini Album `SPILL THE FEELS` (Weverse),38274.0
2024-10-27,2024-11-02,2024,44,세븐틴,4th Album `Face the Sun`,898.0
2024-10-27,2024-11-02,2024,44,세븐틴,4th Album `Face the Sun` (Weverse),508.0
2024-10-27,2024-11-02,2024,44,연준,GGUM,139500.0
2024-10-27,2024-11-02,2024,44,정국,GOLDEN,782.0
2024-10-27,2024-11-02,2024,44,투모로우바이투게더,minisode 3: TOMORROW (Weverse),579.0
2024-10-27,2024-11-02,2024,44,"혁오 (hyukoh), Sunset Rollercoaster 落日飛車",AAA (LP),1461.0
2024-11-03,2024-11-09,2024,45,BABYMONSTER,BABYMONS7ER (Nemo),724.0
2024-11-03,2024-11-09,2024,45,BABYMONSTER,DRIP,53431.0
2024-11-03,2024-11-09,2024,45,BABYMONSTER,DRIP (Nemo),30039.0
2024-11-03,2024-11-09,2024,45,BLACKPINK,BORN PINK,691.0
2024-11-03,2024-11-09,2024,45,BLACKPINK,KILL THIS LOVE,957.0
2024-11-03,2024-11-09,2024,45,BLACKPINK,THE ALBUM,1285.0
2024-11-03,2024-11-09,2024,45,BOYNEXTDOOR,19.99,5627.0
2024-11-03,2024-11-09,2024,45,BOYNEXTDOOR,HOW?,656.0
2024-11-03,2024-11-09,2024,45,BOYNEXTDOOR,WHO!,865.0
2024-11-03,2024-11-09,2024,45,G-Dragon,권지용 (USB),642.0
2024-11-03,2024-11-09,2024,45,LE SSERAFIM (르세라핌),CRAZY,1518.0
2024-11-03,2024-11-09,2024,45,NewJeans,2nd EP `Get Up`,654.0
2024-11-03,2024-11-09,2024,45,NewJeans,Supernatural (Weverse),1412.0
2024-11-03,2024-11-09,2024,45,PLAVE,ASTERUM (POCA),20058.0
2024-11-03,2024-11-09,2024,45,PLAVE,ASTERUM : 134-1 (POCA),873.0
2024-11-03,2024-11-09,2024,45,PLAVE,ASTERUM : The Shape of Things to Come,2009.0
2024-11-03,2024-11-09,2024,45,TWS (투어스),1st Mini Album `Sparkling Blue`,4374.0
2024-11-03,2024-11-09,2024,45,방탄소년단,Butter,606.0
2024-11-03,2024-11-09,2024,45,방탄소년단,화양연화 Young Forever,814.0
2024-11-03,2024-11-09,2024,45,방탄소년단,화양연화 pt.2,882.0
2024-11-03,2024-11-09,2024,45,세븐틴,11th Mini Album `SEVENTEENTH HEAVEN`,35227.0
2024-11-03,2024-11-09,2024,45,세븐틴,12th Mini Album `SPILL THE FEELS`,1572.0
2024-11-03,2024-11-09,2024,45,세븐틴,12th Mini Album `SPILL THE FEELS` (KiT),2945.0
2024-11-03,2024-11-09,2024,45,세븐틴,12th Mini Album `SPILL THE FEELS` (Weverse),2541.0
2024-11-03,2024-11-09,2024,45,세븐틴,4th Album `Face the Sun`,2712.0
2024-11-03,2024-11-09,2024,45,세븐틴,4th Album `Face the Sun` (Weverse),900.0
2024-11-03,2024-11-09,2024,45,세븐틴,9th Mini Album `Attacca`,2646.0
2024-11-03,2024-11-09,2024,45,정국,GOLDEN,1251.0
2024-11-03,2024-11-09,2024,45,정국,GOLDEN (LP),94067.0
2024-11-03,2024-11-09,2024,45,정국,GOLDEN (Weverse),661.0
2024-11-03,2024-11-09,2024,45,투모로우바이투게더,minisode 2: Thursday`s Child,2745.0
2024-11-03,2024-11-09,2024,45,투모로우바이투게더,minisode 3: TOMORROW,829.0
2024-11-03,2024-11-09,2024,45,투모로우바이투게더,minisode1 : Blue Hour,2295.0
2024-11-03,2024-11-09,2024,45,투모로우바이투게더,꿈의 장: ETERNITY,1161.0
2024-11-03,2024-11-09,2024,45,투모로우바이투게더,꿈의 장: MAGIC,1990.0
2024-11-03,2024-11-09,2024,45,투모로우바이투게더,별의 장: SANCTUARY,1522379.0
2024-11-03,2024-11-09,2024,45,투모로우바이투게더,별의 장: SANCTUARY (Weverse),130442.0
2024-11-03,2024-11-09,2024,45,투모로우바이투게더,이름의 장: TEMPTATION,1645.0
2024-11-03,2024-11-09,2024,45,투모로우바이투게더,혼돈의 장: FIGHT OR ESCAPE,2722.0
2024-11-03,2024-11-09,2024,45,투모로우바이투게더,혼돈의 장: FREEZE,2563.0
2024-11-10,2024-11-16,2024,46,Agust D,D-DAY,691.0
2024-11-10,2024-11-16,2024,46,BABYMONSTER,BABYMONS7ER (Nemo),856.0
2024-11-10,2024-11-16,2024,46,BABYMONSTER,DRIP,6244.0
2024-11-10,2024-11-16,2024,46,BABYMONSTER,DRIP (Nemo),5809.0
2024-11-10,2024-11-16,2024,46,BIGBANG (빅뱅),MADE (FULL),632.0
2024-11-10,2024-11-16,2024,46,BLACKPINK,BORN PINK,956.0
2024-11-10,2024-11-16,2024,46,BLACKPINK,KILL THIS LOVE,774.0
2024-11-10,2024-11-16,2024,46,BOYNEXTDOOR,19.99,6434.0
2024-11-10,2024-11-16,2024,46,BOYNEXTDOOR,HOW?,635.0
2024-11-10,2024-11-16,2024,46,BOYNEXTDOOR,WHO!,969.0
2024-11-10,2024-11-16,2024,46,BOYNEXTDOOR,WHY..,971.0
2024-11-10,2024-11-16,2024,46,LE SSERAFIM (르세라핌),CRAZY,1548.0
2024-11-10,2024-11-16,2024,46,NewJeans,2nd EP `Get Up`,1308.0
2024-11-10,2024-11-16,2024,46,NewJeans,2nd EP `Get Up` (Weverse),864.0
2024-11-10,2024-11-16,2024,46,NewJeans,How Sweet (Weverse),814.0
2024-11-10,2024-11-16,2024,46,NewJeans,Supernatural,1147.0
2024-11-10,2024-11-16,2024,46,NewJeans,`OMG`,1258.0
2024-11-10,2024-11-16,2024,46,로제 (ROSE),R,705.0
2024-11-10,2024-11-16,2024,46,방탄소년단,LOVE YOURSELF 轉 `Tear`,1018.0
2024-11-10,2024-11-16,2024,46,방탄소년단,MAP OF THE SOUL : PERSONA,764.0
2024-11-10,2024-11-16,2024,46,방탄소년단,WINGS,845.0
2024-11-10,2024-11-16,2024,46,방탄소년단,YOU NEVER WALK ALONE,738.0
2024-11-10,2024-11-16,2024,46,방탄소년단,화양연화 Young Forever,764.0
2024-11-10,2024-11-16,2024,46,방탄소년단,화양연화 pt.2,761.0
2024-11-10,2024-11-16,2024,46,세븐틴,11th Mini Album `SEVENTEENTH HEAVEN`,41201.0
2024-11-10,2024-11-16,2024,46,세븐틴,12th Mini Album `SPILL THE FEELS`,122012.0
2024-11-10,2024-11-16,2024,46,세븐틴,12th Mini Album `SPILL THE FEELS` (KiT),1308.0
2024-11-10,2024-11-16,2024,46,세븐틴,4th Album `Face the Sun`,2056.0
2024-11-10,2024-11-16,2024,46,세븐틴,7th Mini Album `헹가래`,676.0
2024-11-10,2024-11-16,2024,46,세븐틴,9th Mini Album `Attacca`,1403.0
2024-11-10,2024-11-16,2024,46,정국,GOLDEN,1155.0
2024-11-10,2024-11-16,2024,46,진 (JIN),Happy,891431.0
2024-11-10,2024-11-16,2024,46,진 (JIN),Happy (Weverse),111563.0
2024-11-10,2024-11-16,2024,46,투모로우바이투게더,minisode 3: TOMORROW,685.0
2024-11-10,2024-11-16,2024,46,투모로우바이투게더,별의 장: SANCTUARY,84719.0
2024-11-10,2024-11-16,2024,46,투모로우바이투게더,별의 장: SANCTUARY (Weverse),13480.0
2024-11-10,2024-11-16,2024,46,투모로우바이투게더,혼돈의 장: FIGHT OR ESCAPE,634.0
2024-11-17,2024-11-23,2024,47,A.C.E (에이스),PINATA,16437.0
2024-11-17,2024-11-23,2024,47,A.C.E (에이스),PINATA (POCA),10000.0
2024-11-17,2024-11-23,2024,47,BABYMONSTER,BABYMONS7ER (Nemo),784.0
2024-11-17,2024-11-23,2024,47,BABYMONSTER,DRIP,2766.0
2024-11-17,2024-11-23,2024,47,BABYMONSTER,DRIP (Nemo),3395.0
2024-11-17,2024-11-23,2024,47,BLACKPINK,BORN PINK,902.0
2024-11-17,2024-11-23,2024,47,BLACKPINK,KILL THIS LOVE,767.0
2024-11-17,2024-11-23,2024,47,BLACKPINK,THE ALBUM,846.0
2024-11-17,2024-11-23,2024,47,BOYNEXTDOOR,HOW?,685.0
2024-11-17,2024-11-23,2024,47,BOYNEXTDOOR,WHO!,749.0
2024-11-17,2024-11-23,2024,47,BOYNEXTDOOR,WHY..,810.0
2024-11-17,2024-11-23,2024,47,NewJeans,1st EP `New Jeans`,6821.0
2024-11-17,2024-11-23,2024,47,NewJeans,1st EP `New Jeans` (Weverse),1287.0
2024-11-17,2024-11-23,2024,47,NewJeans,2nd EP `Get Up`,2268.0
2024-11-17,2024-11-23,2024,47,NewJeans,2nd EP `Get Up` (Weverse),1326.0
2024-11-17,2024-11-23,2024,47,NewJeans,How Sweet,5106.0
2024-11-17,2024-11-23,2024,47,NewJeans,Supernatural,2367.0
2024-11-17,2024-11-23,2024,47,NewJeans,`OMG`,3755.0
2024-11-17,2024-11-23,2024,47,NewJeans,`OMG` (Weverse),866.0
2024-11-17,2024-11-23,2024,47,V,Layover,3634.0
2024-11-17,2024-11-23,2024,47,방탄소년단,MAP OF THE SOUL : PERSONA,676.0
2024-11-17,2024-11-23,2024,47,세븐틴,11th Mini Album `SEVENTEENTH HEAVEN`,766.0
2024-11-17,2024-11-23,2024,47,세븐틴,12th Mini Album `SPILL THE FEELS` (Weverse),1572.0
2024-11-17,2024-11-23,2024,47,세븐틴,4th Album Repackage `SECTOR 17` (Weverse),787.0
2024-11-17,2024-11-23,2024,47,세븐틴,9th Mini Album `Attacca`,848.0
2024-11-17,2024-11-23,2024,47,정국,GOLDEN,991.0
2024-11-17,2024-11-23,2024,47,진 (JIN),Happy,36236.0
2024-11-17,2024-11-23,2024,47,진 (JIN),Happy (Weverse),13547.0
2024-11-17,2024-11-23,2024,47,투모로우바이투게더,minisode1 : Blue Hour,747.0
2024-11-17,2024-11-23,2024,47,투모로우바이투게더,별의 장: SANCTUARY,53703.0
2024-11-17,2024-11-23,2024,47,투모로우바이투게더,별의 장: SANCTUARY (Weverse),17008.0
2024-11-24,2024-11-30,2024,48,A.C.E (에이스),PINATA,2396.0
2024-11-24,2024-11-30,2024,48,Agust D,D-DAY,611.0
2024-11-24,2024-11-30,2024,48,BABYMONSTER,DRIP,3013.0
2024-11-24,2024-11-30,2024,48,BABYMONSTER,DRIP (Nemo),2924.0
2024-11-24,2024-11-30,2024,48,BIGBANG (빅뱅),MADE (FULL),986.0
2024-11-24,2024-11-30,2024,48,BLACKPINK,BORN PINK,1562.0
2024-11-24,2024-11-30,2024,48,BLACKPINK,THE ALBUM,782.0
2024-11-24,2024-11-30,2024,48,BOYNEXTDOOR,HOW?,622.0
2024-11-24,2024-11-30,2024,48,BOYNEXTDOOR,WHO!,1011.0
2024-11-24,2024-11-30,2024,48,G-Dragon,권지용 (USB),624.0
2024-11-24,2024-11-30,2024,48,G-Dragon,쿠데타 (COUP D'ETAT),1316.0
2024-11-24,2024-11-30,2024,48,NewJeans,1st EP `New Jeans`,9278.0
2024-11-24,2024-11-30,2024,48,NewJeans,1st EP `New Jeans` (Weverse),1437.0
2024-11-24,2024-11-30,2024,48,NewJeans,2nd EP `Get Up`,4144.0
2024-11-24,2024-11-30,2024,48,NewJeans,2nd EP `Get Up` (Weverse),1099.0
2024-11-24,2024-11-30,2024,48,NewJeans,How Sweet,8011.0
2024-11-24,2024-11-30,2024,48,NewJeans,Supernatural,3654.0
2024-11-24,2024-11-30,2024,48,NewJeans,Supernatural (Weverse),2968.0
2024-11-24,2024-11-30,2024,48,NewJeans,`OMG`,5200.0
2024-11-24,2024-11-30,2024,48,NewJeans,`OMG` (Weverse),863.0
2024-11-24,2024-11-30,2024,48,TWS (투어스),1st Single `Last Bell`,430099.0
2024-11-24,2024-11-30,2024,48,TWS (투어스),1st Single `Last Bell` (Weverse),57195.0
2024-11-24,2024-11-30,2024,48,로제 (ROSE),R,1389.0
2024-11-24,2024-11-30,2024,48,세븐틴,4th Album `Face the Sun`,1911.0
2024-11-24,2024-11-30,2024,48,세븐틴,7th Mini Album `헹가래`,538.0
2024-11-24,2024-11-30,2024,48,세븐틴,9th Mini Album `Attacca`,808.0
2024-11-24,2024-11-30,2024,48,정국,GOLDEN,1011.0
2024-11-24,2024-11-30,2024,48,투모로우바이투게더,별의 장: SANCTUARY,2358.0
2024-11-24,2024-11-30,2024,48,투모로우바이투게더,별의 장: SANCTUARY (TF),28383.0
2024-11-24,2024-11-30,2024,48,투모로우바이투게더,별의 장: SANCTUARY (Weverse),675.0
2024-12-01,2024-12-07,2024,49,A.C.E (에이스),PINATA,1325.0
2024-12-01,2024-12-07,2024,49,Agust D,D-DAY,1096.0
2024-12-01,2024-12-07,2024,49,BABYMONSTER,DRIP,2190.0
2024-12-01,2024-12-07,2024,49,BLACKPINK,BORN PINK,1178.0
2024-12-01,2024-12-07,2024,49,BLACKPINK,KILL THIS LOVE,1292.0
2024-12-01,2024-12-07,2024,49,BOYNEXTDOOR,WHO!,997.0
2024-12-01,2024-12-07,2024,49,BOYNEXTDOOR,WHY..,973.0
2024-12-01,2024-12-07,2024,49,G-Dragon,권지용 (USB),1304.0
2024-12-01,2024-12-07,2024,49,KATSEYE,SIS (Soft Is Strong),899.0
2024-12-01,2024-12-07,2024,49,NewJeans,1st EP `New Jeans`,14085.0
2024-12-01,2024-12-07,2024,49,NewJeans,1st EP `New Jeans` (Weverse),2018.0
2024-12-01,2024-12-07,2024,49,NewJeans,2nd EP `Get Up`,4095.0
2024-12-01,2024-12-07,2024,49,NewJeans,2nd EP `Get Up` (Weverse),2045.0
2024-12-01,2024-12-07,2024,49,NewJeans,How Sweet,8355.0
2024-12-01,2024-12-07,2024,49,NewJeans,How Sweet (Weverse),3137.0
2024-12-01,2024-12-07,2024,49,NewJeans,Supernatural,5765.0
2024-12-01,2024-12-07,2024,49,NewJeans,Supernatural (Weverse),3847.0
2024-12-01,2024-12-07,2024,49,NewJeans,`OMG`,7524.0
2024-12-01,2024-12-07,2024,49,NewJeans,`OMG` (Weverse),1645.0
2024-12-01,2024-12-07,2024,49,PLAVE,ASTERUM (POCA),1388.0
2024-12-01,2024-12-07,2024,49,PLAVE,ASTERUM : 134-1,5382.0
2024-12-01,2024-12-07,2024,49,PLAVE,ASTERUM : The Shape of Things to Come,5942.0
2024-12-01,2024-12-07,2024,49,TWS (투어스),1st Single `Last Bell`,22822.0
2024-12-01,2024-12-07,2024,49,V,Layover,1582.0
2024-12-01,2024-12-07,2024,49,로제 (ROSE),R,1415.0
2024-12-01,2024-12-07,2024,49,로제 (ROSE),rosie,253086.0
2024-12-01,2024-12-07,2024,49,방탄소년단,Butter,895.0
2024-12-01,2024-12-07,2024,49,방탄소년단,LOVE YOURSELF 轉 `Tear`,1028.0
2024-12-01,2024-12-07,2024,49,방탄소년단,MAP OF THE SOUL : 7,924.0
2024-12-01,2024-12-07,2024,49,방탄소년단,WINGS,944.0
2024-12-01,2024-12-07,2024,49,방탄소년단,화양연화 pt.2,1054.0
2024-12-01,2024-12-07,2024,49,세븐틴,4th Album `Face the Sun`,1925.0
2024-12-01,2024-12-07,2024,49,정국,GOLDEN,1773.0
2024-12-01,2024-12-07,2024,49,진 (JIN),Happy,4400.0
2024-12-01,2024-12-07,2024,49,투모로우바이투게더,minisode 3: TOMORROW,18219.0
2024-12-01,2024-12-07,2024,49,투모로우바이투게더,별의 장: SANCTUARY,1329.0
2024-12-01,2024-12-07,2024,49,투모로우바이투게더,별의 장: SANCTUARY (TF),1200.0
2024-12-01,2024-12-07,2024,49,투모로우바이투게더,별의 장: SANCTUARY (Weverse),1444.0
2024-12-01,2024-12-07,2024,49,프로미스나인 (fromis_9),Midnight Guest,2327.0
2024-12-01,2024-12-07,2024,49,프로미스나인 (fromis_9),Supersonic,2522.0
2024-12-01,2024-12-07,2024,49,프로미스나인 (fromis_9),Supersonic (Weverse),1234.0
2024-12-01,2024-12-07,2024,49,프로미스나인 (fromis_9),Unlock My World,1694.0
2024-12-01,2024-12-07,2024,49,프로미스나인 (fromis_9),Unlock My World (Weverse),2247.0
2024-12-01,2024-12-07,2024,49,프로미스나인 (fromis_9),from our Memento Box,1545.0
2024-12-01,2024-12-07,2024,49,"혁오 (hyukoh), Sunset Rollercoaster 落日飛車",AAA (LP),3574.0
2024-12-08,2024-12-14,2024,50,A.C.E (에이스),PINATA,2370.0
2024-12-08,2024-12-14,2024,50,Agust D,D-DAY,610.0
2024-12-08,2024-12-14,2024,50,BABYMONSTER,DRIP,1960.0
2024-12-08,2024-12-14,2024,50,BABYMONSTER,DRIP (Nemo),1192.0
2024-12-08,2024-12-14,2024,50,BLACKPINK,BORN PINK,1638.0
2024-12-08,2024-12-14,2024,50,BLACKPINK,KILL THIS LOVE,833.0
2024-12-08,2024-12-14,2024,50,BLACKPINK,THE ALBUM,744.0
2024-12-08,2024-12-14,2024,50,BOYNEXTDOOR,19.99,756.0
2024-12-08,2024-12-14,2024,50,BOYNEXTDOOR,HOW?,1549.0
2024-12-08,2024-12-14,2024,50,BOYNEXTDOOR,WHO!,1551.0
2024-12-08,2024-12-14,2024,50,BOYNEXTDOOR,WHY..,951.0
2024-12-08,2024-12-14,2024,50,G-Dragon,권지용 (USB),1194.0
2024-12-08,2024-12-14,2024,50,G-Dragon,쿠데타 (COUP D'ETAT),1118.0
2024-12-08,2024-12-14,2024,50,NewJeans,1st EP `New Jeans`,2475.0
2024-12-08,2024-12-14,2024,50,NewJeans,1st EP `New Jeans` (Weverse),759.0
2024-12-08,2024-12-14,2024,50,NewJeans,2nd EP `Get Up`,2927.0
2024-12-08,2024-12-14,2024,50,NewJeans,2nd EP `Get Up` (Weverse),724.0
2024-12-08,2024-12-14,2024,50,NewJeans,How Sweet,1644.0
2024-12-08,2024-12-14,2024,50,NewJeans,How Sweet (Weverse),725.0
2024-12-08,2024-12-14,2024,50,NewJeans,Supernatural,1338.0
2024-12-08,2024-12-14,2024,50,NewJeans,Supernatural (Weverse),667.0
2024-12-08,2024-12-14,2024,50,NewJeans,`OMG`,3267.0
2024-12-08,2024-12-14,2024,50,NewJeans,`OMG` (Weverse),641.0
2024-12-08,2024-12-14,2024,50,PLAVE,ASTERUM : 134-1,645.0
2024-12-08,2024-12-14,2024,50,TWS (투어스),1st Single `Last Bell`,10182.0
2024-12-08,2024-12-14,2024,50,V,Layover,1524.0
2024-12-08,2024-12-14,2024,50,로제 (ROSE),R,1352.0
2024-12-08,2024-12-14,2024,50,로제 (ROSE),rosie,137213.0
2024-12-08,2024-12-14,2024,50,방탄소년단,LOVE YOURSELF 轉 `Tear`,710.0
2024-12-08,2024-12-14,2024,50,방탄소년단,WINGS,720.0
2024-12-08,2024-12-14,2024,50,세븐틴,10th Mini Album `FML`,648.0
2024-12-08,2024-12-14,2024,50,세븐틴,4th Album `Face the Sun`,2278.0
2024-12-08,2024-12-14,2024,50,세븐틴,9th Mini Album `Attacca`,1837.0
2024-12-08,2024-12-14,2024,50,정국,GOLDEN,1096.0
2024-12-08,2024-12-14,2024,50,진 (JIN),Happy,723.0
2024-12-08,2024-12-14,2024,50,투모로우바이투게더,minisode 3: TOMORROW,756.0
2024-12-08,2024-12-14,2024,50,투모로우바이투게더,이름의 장: TEMPTATION,685.0
2024-12-15,2024-12-21,2024,51,A.C.E (에이스),PINATA,1271.0
2024-12-15,2024-12-21,2024,51,BABYMONSTER,DRIP,10695.0
2024-12-15,2024-12-21,2024,51,BABYMONSTER,DRIP (Nemo),15154.0
2024-12-15,2024-12-21,2024,51,BLACKPINK,BORN PINK,1496.0
2024-12-15,2024-12-21,2024,51,BLACKPINK,THE ALBUM,1327.0
2024-12-15,2024-12-21,2024,51,BOYNEXTDOOR,19.99,2144.0
2024-12-15,2024-12-21,2024,51,BOYNEXTDOOR,HOW?,2771.0
2024-12-15,2024-12-21,2024,51,BOYNEXTDOOR,WHO!,1703.0
2024-12-15,2024-12-21,2024,51,BOYNEXTDOOR,WHY..,2820.0
2024-12-15,2024-12-21,2024,51,G-Dragon,쿠데타 (COUP D'ETAT),1079.0
2024-12-15,2024-12-21,2024,51,NewJeans,1st EP `New Jeans`,3996.0
2024-12-15,2024-12-21,2024,51,NewJeans,1st EP `New Jeans` (Weverse),1107.0
2024-12-15,2024-12-21,2024,51,NewJeans,2nd EP `Get Up`,1982.0
2024-12-15,2024-12-21,2024,51,NewJeans,2nd EP `Get Up` (Weverse),1188.0
2024-12-15,2024-12-21,2024,51,NewJeans,How Sweet,4121.0
2024-12-15,2024-12-21,2024,51,NewJeans,Supernatural,2722.0
2024-12-15,2024-12-21,2024,51,NewJeans,Supernatural (Weverse),2668.0
2024-12-15,2024-12-21,2024,51,NewJeans,`OMG`,5276.0
2024-12-15,2024-12-21,2024,51,TWS (투어스),1st Single `Last Bell`,8813.0
2024-12-15,2024-12-21,2024,51,V,Layover,1674.0
2024-12-15,2024-12-21,2024,51,로제 (ROSE),rosie,58743.0
2024-12-15,2024-12-21,2024,51,방탄소년단,LOVE YOURSELF 轉 `Tear`,938.0
2024-12-15,2024-12-21,2024,51,방탄소년단,MAP OF THE SOUL : 7,1497.0
2024-12-15,2024-12-21,2024,51,방탄소년단,화양연화 Young Forever,1036.0
2024-12-15,2024-12-21,2024,51,방탄소년단,화양연화 pt.2,902.0
2024-12-15,2024-12-21,2024,51,세븐틴,11th Mini Album `SEVENTEENTH HEAVEN`,979.0
2024-12-15,2024-12-21,2024,51,세븐틴,12th Mini Album `SPILL THE FEELS`,838.0
2024-12-15,2024-12-21,2024,51,세븐틴,12th Mini Album `SPILL THE FEELS` (KiT),1283.0
2024-12-15,2024-12-21,2024,51,세븐틴,3RD ALBUM ‘An Ode’,1273.0
2024-12-15,2024-12-21,2024,51,세븐틴,4th Album `Face the Sun`,1639.0
2024-12-15,2024-12-21,2024,51,세븐틴,7th Mini Album `헹가래`,1120.0
2024-12-15,2024-12-21,2024,51,세븐틴,9th Mini Album `Attacca`,1685.0
2024-12-15,2024-12-21,2024,51,세븐틴,BEST ALBUM `17 IS RIGHT HERE`,934.0
2024-12-15,2024-12-21,2024,51,정국,GOLDEN,2578.0
2024-12-15,2024-12-21,2024,51,정국,GOLDEN (LP),1019.0
2024-12-15,2024-12-21,2024,51,투모로우바이투게더,minisode 2: Thursday`s Child,1021.0
2024-12-15,2024-12-21,2024,51,투모로우바이투게더,minisode 3: TOMORROW,1337.0
2024-12-15,2024-12-21,2024,51,투모로우바이투게더,minisode1 : Blue Hour,1163.0
2024-12-15,2024-12-21,2024,51,투모로우바이투게더,꿈의 장: STAR,863.0
2024-12-15,2024-12-21,2024,51,투모로우바이투게더,별의 장: SANCTUARY,1276.0
2024-12-15,2024-12-21,2024,51,투모로우바이투게더,별의 장: SANCTUARY (Weverse),2154.0
2024-12-15,2024-12-21,2024,51,투모로우바이투게더,이름의 장: TEMPTATION,849.0
2024-12-15,2024-12-21,2024,51,투모로우바이투게더,혼돈의 장: FIGHT OR ESCAPE,897.0
2024-12-15,2024-12-21,2024,51,투모로우바이투게더,혼돈의 장: FREEZE,1150.0
2024-12-22,2024-12-28,2024,52,A.C.E (에이스),PINATA,601.0
2024-12-22,2024-12-28,2024,52,BABYMONSTER,DRIP,2691.0
2024-12-22,2024-12-28,2024,52,BABYMONSTER,DRIP (Nemo),1298.0
2024-12-22,2024-12-28,2024,52,BLACKPINK,BORN PINK,2161.0
2024-12-22,2024-12-28,2024,52,BLACKPINK,KILL THIS LOVE,2540.0
2024-12-22,2024-12-28,2024,52,BLACKPINK,SQUARE UP,764.0
2024-12-22,2024-12-28,2024,52,BLACKPINK,THE ALBUM,2531.0
2024-12-22,2024-12-28,2024,52,BOYNEXTDOOR,19.99,1840.0
2024-12-22,2024-12-28,2024,52,BOYNEXTDOOR,HOW?,2029.0
2024-12-22,2024-12-28,2024,52,BOYNEXTDOOR,HOW? (Weverse),752.0
2024-12-22,2024-12-28,2024,52,BOYNEXTDOOR,WHO!,2504.0
2024-12-22,2024-12-28,2024,52,BOYNEXTDOOR,WHY..,1678.0
2024-12-22,2024-12-28,2024,52,G-Dragon,권지용 (USB),864.0
2024-12-22,2024-12-28,2024,52,NewJeans,1st EP `New Jeans`,1087.0
2024-12-22,2024-12-28,2024,52,NewJeans,1st EP `New Jeans` (Weverse),709.0
2024-12-22,2024-12-28,2024,52,NewJeans,2nd EP `Get Up`,2012.0
2024-12-22,2024-12-28,2024,52,NewJeans,2nd EP `Get Up` (Weverse),850.0
2024-12-22,2024-12-28,2024,52,NewJeans,How Sweet,823.0
2024-12-22,2024-12-28,2024,52,NewJeans,How Sweet (Weverse),1537.0
2024-12-22,2024-12-28,2024,52,NewJeans,Supernatural,1181.0
2024-12-22,2024-12-28,2024,52,NewJeans,Supernatural (Weverse),1746.0
2024-12-22,2024-12-28,2024,52,NewJeans,`OMG`,737.0
2024-12-22,2024-12-28,2024,52,PLAVE,ASTERUM : 134-1,569.0
2024-12-22,2024-12-28,2024,52,V,Layover,797.0
2024-12-22,2024-12-28,2024,52,로제 (ROSE),R,2071.0
2024-12-22,2024-12-28,2024,52,로제 (ROSE),rosie,32826.0
2024-12-22,2024-12-28,2024,52,방탄소년단,LOVE YOURSELF 轉 `Tear`,964.0
2024-12-22,2024-12-28,2024,52,방탄소년단,MAP OF THE SOUL : 7,652.0
2024-12-22,2024-12-28,2024,52,방탄소년단,MAP OF THE SOUL : PERSONA,997.0
2024-12-22,2024-12-28,2024,52,방탄소년단,Proof,592.0
2024-12-22,2024-12-28,2024,52,세븐틴,11th Mini Album `SEVENTEENTH HEAVEN`,743.0
2024-12-22,2024-12-28,2024,52,세븐틴,3RD ALBUM ‘An Ode’,641.0
2024-12-22,2024-12-28,2024,52,세븐틴,4th Album `Face the Sun`,1687.0
2024-12-22,2024-12-28,2024,52,세븐틴,7th Mini Album `헹가래`,670.0
2024-12-22,2024-12-28,2024,52,세븐틴,9th Mini Album `Attacca`,1367.0
2024-12-22,2024-12-28,2024,52,정국,GOLDEN,1472.0
2024-12-22,2024-12-28,2024,52,정국,GOLDEN (Weverse),568.0
2024-12-22,2024-12-28,2024,52,제니 (JENNIE),SOLO,554.0
2024-12-22,2024-12-28,2024,52,투모로우바이투게더,minisode 3: TOMORROW,1105.0
2024-12-22,2024-12-28,2024,52,투모로우바이투게더,별의 장: SANCTUARY,10915.0
2024-12-22,2024-12-28,2024,52,투모로우바이투게더,별의 장: SANCTUARY (Weverse),1833.0
2024-12-22,2024-12-28,2024,52,투모로우바이투게더,이름의 장: FREEFALL,575.0
2024-12-22,2024-12-28,2024,52,투모로우바이투게더,이름의 장: TEMPTATION,559.0
2024-12-22,2024-12-28,2024,52,투모로우바이투게더,혼돈의 장: FIGHT OR ESCAPE,877.0
2024-12-29,2025-01-04,2025,1,A.C.E (에이스),PINATA,2078.0
2024-12-29,2025-01-04,2025,1,BABYMONSTER,DRIP,1538.0
2024-12-29,2025-01-04,2025,1,BLACKPINK,THE ALBUM,1453.0
2024-12-29,2025-01-04,2025,1,BOYNEXTDOOR,19.99,1364.0
2024-12-29,2025-01-04,2025,1,BOYNEXTDOOR,HOW?,2406.0
2024-12-29,2025-01-04,2025,1,BOYNEXTDOOR,HOW? (Weverse),563.0
2024-12-29,2025-01-04,2025,1,BOYNEXTDOOR,WHO!,1347.0
2024-12-29,2025-01-04,2025,1,BOYNEXTDOOR,WHO! (Weverse),563.0
2024-12-29,2025-01-04,2025,1,BOYNEXTDOOR,WHY..,1938.0
2024-12-29,2025-01-04,2025,1,BOYNEXTDOOR,WHY.. (Weverse),743.0
2024-12-29,2025-01-04,2025,1,KATSEYE,SIS (Soft Is Strong),494.0
2024-12-29,2025-01-04,2025,1,NewJeans,1st EP `New Jeans`,2157.0
2024-12-29,2025-01-04,2025,1,NewJeans,1st EP `New Jeans` (Weverse),604.0
2024-12-29,2025-01-04,2025,1,NewJeans,2nd EP `Get Up`,2291.0
2024-12-29,2025-01-04,2025,1,NewJeans,2nd EP `Get Up` (Weverse),1288.0
2024-12-29,2025-01-04,2025,1,NewJeans,How Sweet,1561.0
2024-12-29,2025-01-04,2025,1,NewJeans,Supernatural,3481.0
2024-12-29,2025-01-04,2025,1,NewJeans,Supernatural (Weverse),1421.0
2024-12-29,2025-01-04,2025,1,NewJeans,`OMG`,3125.0
2024-12-29,2025-01-04,2025,1,V,Layover,584.0
2024-12-29,2025-01-04,2025,1,로제 (ROSE),R,1882.0
2024-12-29,2025-01-04,2025,1,로제 (ROSE),rosie,15665.0
2024-12-29,2025-01-04,2025,1,방탄소년단,LOVE YOURSELF 承 `Her`,1021.0
2024-12-29,2025-01-04,2025,1,방탄소년단,WINGS,558.0
2024-12-29,2025-01-04,2025,1,방탄소년단,화양연화 pt.2,828.0
2024-12-29,2025-01-04,2025,1,세븐틴,10th Mini Album `FML`,581.0
2024-12-29,2025-01-04,2025,1,세븐틴,10th Mini Album `FML` (Weverse),556.0
2024-12-29,2025-01-04,2025,1,세븐틴,11th Mini Album `SEVENTEENTH HEAVEN`,1264.0
2024-12-29,2025-01-04,2025,1,세븐틴,11th Mini Album `SEVENTEENTH HEAVEN` (Weverse),837.0
2024-12-29,2025-01-04,2025,1,세븐틴,12th Mini Album `SPILL THE FEELS` (Weverse),543.0
2024-12-29,2025-01-04,2025,1,세븐틴,4th Album Repackage `SECTOR 17` (Weverse),576.0
2024-12-29,2025-01-04,2025,1,세븐틴,4th Album `Face the Sun`,2191.0
2024-12-29,2025-01-04,2025,1,세븐틴,4th Album `Face the Sun` (Weverse),782.0
2024-12-29,2025-01-04,2025,1,세븐틴,9th Mini Album `Attacca`,2084.0
2024-12-29,2025-01-04,2025,1,여자친구 (GFRIEND),The 4th Mini Album `THE AWAKENING`,504.0
2024-12-29,2025-01-04,2025,1,여자친구 (GFRIEND),回:Walpurgis Night,611.0
2024-12-29,2025-01-04,2025,1,정국,GOLDEN,1211.0
2024-12-29,2025-01-04,2025,1,제니 (JENNIE),SOLO,610.0
2024-12-29,2025-01-04,2025,1,투모로우바이투게더,minisode 2: Thursday`s Child,653.0
2024-12-29,2025-01-04,2025,1,투모로우바이투게더,minisode 3: TOMORROW,692.0
2024-12-29,2025-01-04,2025,1,투모로우바이투게더,별의 장: SANCTUARY (Weverse),2407.0
2024-12-29,2025-01-04,2025,1,투모로우바이투게더,이름의 장: TEMPTATION (Weverse),493.0
2025-01-05,2025-01-11,2025,2,A.C.E (에이스),PINATA,2785.0
2025-01-05,2025-01-11,2025,2,BABYMONSTER,DRIP,6919.0
2025-01-05,2025-01-11,2025,2,BABYMONSTER,DRIP (Nemo),15031.0
2025-01-05,2025-01-11,2025,2,BLACKPINK,KILL THIS LOVE,2231.0
2025-01-05,2025-01-11,2025,2,BLACKPINK,SQUARE UP,1296.0
2025-01-05,2025-01-11,2025,2,BLACKPINK,THE ALBUM,1966.0
2025-01-05,2025-01-11,2025,2,BOYNEXTDOOR,19.99,4536.0
2025-01-05,2025-01-11,2025,2,BOYNEXTDOOR,HOW?,3828.0
2025-01-05,2025-01-11,2025,2,BOYNEXTDOOR,WHY..,2136.0
2025-01-05,2025-01-11,2025,2,NewJeans,1st EP `New Jeans`,3433.0
2025-01-05,2025-01-11,2025,2,NewJeans,2nd EP `Get Up`,2945.0
2025-01-05,2025-01-11,2025,2,NewJeans,2nd EP `Get Up` (Weverse),1363.0
2025-01-05,2025-01-11,2025,2,NewJeans,How Sweet,3009.0
2025-01-05,2025-01-11,2025,2,NewJeans,How Sweet (Weverse),1571.0
2025-01-05,2025-01-11,2025,2,NewJeans,Supernatural,4344.0
2025-01-05,2025-01-11,2025,2,NewJeans,Supernatural (Weverse),1568.0
2025-01-05,2025-01-11,2025,2,NewJeans,`OMG`,2929.0
2025-01-05,2025-01-11,2025,2,로제 (ROSE),R,2765.0
2025-01-05,2025-01-11,2025,2,로제 (ROSE),rosie,12294.0
2025-01-05,2025-01-11,2025,2,방탄소년단,LOVE YOURSELF 承 `Her`,1316.0
2025-01-05,2025-01-11,2025,2,방탄소년단,화양연화 Young Forever,1310.0
2025-01-05,2025-01-11,2025,2,부석순 (SEVENTEEN),2nd Single Album `TELEPARTY`,500000.0
2025-01-05,2025-01-11,2025,2,부석순 (SEVENTEEN),2nd Single Album `TELEPARTY` (KiT),50000.0
2025-01-05,2025-01-11,2025,2,부석순 (SEVENTEEN),2nd Single Album `TELEPARTY` (Weverse),100000.0
2025-01-05,2025-01-11,2025,2,세븐틴,10th Mini Album `FML`,1662.0
2025-01-05,2025-01-11,2025,2,세븐틴,11th Mini Album `SEVENTEENTH HEAVEN`,2220.0
2025-01-05,2025-01-11,2025,2,세븐틴,11th Mini Album `SEVENTEENTH HEAVEN` (Weverse),1388.0
2025-01-05,2025-01-11,2025,2,세븐틴,12th Mini Album `SPILL THE FEELS`,1721.0
2025-01-05,2025-01-11,2025,2,세븐틴,12th Mini Album `SPILL THE FEELS` (Weverse),1487.0
2025-01-05,2025-01-11,2025,2,세븐틴,3RD ALBUM ‘An Ode’,1885.0
2025-01-05,2025-01-11,2025,2,세븐틴,4th Album Repackage `SECTOR 17`,1270.0
2025-01-05,2025-01-11,2025,2,세븐틴,4th Album Repackage `SECTOR 17` (Weverse),1412.0
2025-01-05,2025-01-11,2025,2,세븐틴,4th Album `Face the Sun`,7607.0
2025-01-05,2025-01-11,2025,2,세븐틴,4th Album `Face the Sun` (Weverse),1369.0
2025-01-05,2025-01-11,2025,2,세븐틴,7th Mini Album `헹가래`,2885.0
2025-01-05,2025-01-11,2025,2,세븐틴,9th Mini Album `Attacca`,2880.0
2025-01-05,2025-01-11,2025,2,정국,GOLDEN,1526.0
2025-01-05,2025-01-11,2025,2,제니 (JENNIE),SOLO,1644.0
2025-01-05,2025-01-11,2025,2,투모로우바이투게더,minisode 3: TOMORROW,1307.0
2025-01-05,2025-01-11,2025,2,투모로우바이투게더,별의 장: SANCTUARY,7211.0
2025-01-05,2025-01-11,2025,2,투모로우바이투게더,별의 장: SANCTUARY (Weverse),1807.0
2025-01-05,2025-01-11,2025,2,투모로우바이투게더,혼돈의 장: FIGHT OR ESCAPE,1308.0
2025-01-12,2025-01-18,2025,3,BABYMONSTER,BABYMONS7ER (Nemo),1610.0
2025-01-12,2025-01-18,2025,3,BABYMONSTER,DRIP,3465.0
2025-01-12,2025-01-18,2025,3,BABYMONSTER,DRIP (Nemo),1623.0
2025-01-12,2025-01-18,2025,3,BLACKPINK,BORN PINK,2824.0
2025-01-12,2025-01-18,2025,3,BLACKPINK,KILL THIS LOVE,2226.0
2025-01-12,2025-01-18,2025,3,BLACKPINK,THE ALBUM,1695.0
2025-01-12,2025-01-18,2025,3,BOYNEXTDOOR,19.99,2524.0
2025-01-12,2025-01-18,2025,3,BOYNEXTDOOR,19.99 (Weverse),899.0
2025-01-12,2025-01-18,2025,3,BOYNEXTDOOR,HOW?,3234.0
2025-01-12,2025-01-18,2025,3,BOYNEXTDOOR,HOW? (Weverse),1181.0
2025-01-12,2025-01-18,2025,3,BOYNEXTDOOR,WHY..,2883.0
2025-01-12,2025-01-18,2025,3,NewJeans,1st EP `New Jeans`,3655.0
2025-01-12,2025-01-18,2025,3,NewJeans,2nd EP `Get Up`,2213.0
2025-01-12,2025-01-18,2025,3,NewJeans,How Sweet,2904.0
2025-01-12,2025-01-18,2025,3,NewJeans,How Sweet (Weverse),1217.0
2025-01-12,2025-01-18,2025,3,NewJeans,Supernatural,2773.0
2025-01-12,2025-01-18,2025,3,NewJeans,Supernatural (Weverse),1678.0
2025-01-12,2025-01-18,2025,3,NewJeans,`OMG`,1977.0
2025-01-12,2025-01-18,2025,3,V,Layover,1213.0
2025-01-12,2025-01-18,2025,3,로제 (ROSE),R,2556.0
2025-01-12,2025-01-18,2025,3,로제 (ROSE),rosie,17821.0
2025-01-12,2025-01-18,2025,3,방탄소년단,LOVE YOURSELF 承 `Her`,1140.0
2025-01-12,2025-01-18,2025,3,방탄소년단,LOVE YOURSELF 結 `Answer`,2880.0
2025-01-12,2025-01-18,2025,3,방탄소년단,화양연화 Young Forever,950.0
2025-01-12,2025-01-18,2025,3,방탄소년단,화양연화 pt.2,1120.0
2025-01-12,2025-01-18,2025,3,부석순 (SEVENTEEN),2nd Single Album `TELEPARTY` (KiT),30795.0
2025-01-12,2025-01-18,2025,3,부석순 (SEVENTEEN),2nd Single Album `TELEPARTY` (Weverse),24594.0
2025-01-12,2025-01-18,2025,3,세븐틴,10th Mini Album `FML`,1253.0
2025-01-12,2025-01-18,2025,3,세븐틴,11th Mini Album `SEVENTEENTH HEAVEN`,1764.0
2025-01-12,2025-01-18,2025,3,세븐틴,3RD ALBUM ‘An Ode’,1332.0
2025-01-12,2025-01-18,2025,3,세븐틴,4th Album Repackage `SECTOR 17`,1615.0
2025-01-12,2025-01-18,2025,3,세븐틴,4th Album `Face the Sun`,5820.0
2025-01-12,2025-01-18,2025,3,세븐틴,7th Mini Album `헹가래`,1374.0
2025-01-12,2025-01-18,2025,3,세븐틴,8th Mini Album `Your Choice`,1568.0
2025-01-12,2025-01-18,2025,3,세븐틴,9th Mini Album `Attacca`,4976.0
2025-01-12,2025-01-18,2025,3,여자친구 (GFRIEND),Season of Memories,64972.0
2025-01-12,2025-01-18,2025,3,정국,GOLDEN,1152.0
2025-01-12,2025-01-18,2025,3,투모로우바이투게더,minisode 3: TOMORROW,2220.0
2025-01-12,2025-01-18,2025,3,투모로우바이투게더,별의 장: SANCTUARY,2130.0
2025-01-12,2025-01-18,2025,3,투모로우바이투게더,별의 장: SANCTUARY (Weverse),1748.0
2025-01-12,2025-01-18,2025,3,투모로우바이투게더,이름의 장: TEMPTATION,1256.0
2025-01-19,2025-01-25,2025,4,A.C.E (에이스),PINATA,3345.0
2025-01-19,2025-01-25,2025,4,BABYMONSTER,BABYMONS7ER (Nemo),1869.0
2025-01-19,2025-01-25,2025,4,BABYMONSTER,DRIP,2652.0
2025-01-19,2025-01-25,2025,4,BABYMONSTER,DRIP (Nemo),2649.0
2025-01-19,2025-01-25,2025,4,BLACKPINK,BORN PINK,2861.0
2025-01-19,2025-01-25,2025,4,BLACKPINK,THE ALBUM,1485.0
2025-01-19,2025-01-25,2025,4,BOYNEXTDOOR,19.99,4703.0
2025-01-19,2025-01-25,2025,4,BOYNEXTDOOR,19.99 (Weverse),1338.0
2025-01-19,2025-01-25,2025,4,BOYNEXTDOOR,HOW?,6480.0
2025-01-19,2025-01-25,2025,4,BOYNEXTDOOR,HOW? (Weverse),2056.0
2025-01-19,2025-01-25,2025,4,BOYNEXTDOOR,WHO! (Weverse),1222.0
2025-01-19,2025-01-25,2025,4,BOYNEXTDOOR,WHY..,4502.0
2025-01-19,2025-01-25,2025,4,BOYNEXTDOOR,WHY.. (Weverse),1377.0
2025-01-19,2025-01-25,2025,4,NewJeans,1st EP `New Jeans`,2019.0
2025-01-19,2025-01-25,2025,4,NewJeans,1st EP `New Jeans` (Weverse),1031.0
2025-01-19,2025-01-25,2025,4,NewJeans,2nd EP `Get Up`,2374.0
2025-01-19,2025-01-25,2025,4,NewJeans,How Sweet,2723.0
2025-01-19,2025-01-25,2025,4,NewJeans,Supernatural,2723.0
2025-01-19,2025-01-25,2025,4,NewJeans,Supernatural (Weverse),2088.0
2025-01-19,2025-01-25,2025,4,NewJeans,`OMG`,2469.0
2025-01-19,2025-01-25,2025,4,V,Layover,1081.0
2025-01-19,2025-01-25,2025,4,로제 (ROSE),rosie,3372.0
2025-01-19,2025-01-25,2025,4,방탄소년단,LOVE YOURSELF 承 `Her`,1040.0
2025-01-19,2025-01-25,2025,4,방탄소년단,LOVE YOURSELF 結 `Answer`,1268.0
2025-01-19,2025-01-25,2025,4,방탄소년단,MAP OF THE SOUL : 7,1328.0
2025-01-19,2025-01-25,2025,4,방탄소년단,화양연화 pt.1,1171.0
2025-01-19,2025-01-25,2025,4,방탄소년단,화양연화 pt.2,1253.0
2025-01-19,2025-01-25,2025,4,세븐틴,11th Mini Album `SEVENTEENTH HEAVEN`,1756.0
2025-01-19,2025-01-25,2025,4,세븐틴,12th Mini Album `SPILL THE FEELS`,53634.0
2025-01-19,2025-01-25,2025,4,세븐틴,12th Mini Album `SPILL THE FEELS` (Weverse),1135.0
2025-01-19,2025-01-25,2025,4,세븐틴,3RD ALBUM ‘An Ode’,1355.0
2025-01-19,2025-01-25,2025,4,세븐틴,4th Album `Face the Sun`,5102.0
2025-01-19,2025-01-25,2025,4,세븐틴,4th Album `Face the Sun` (Weverse),1543.0
2025-01-19,2025-01-25,2025,4,세븐틴,9th Mini Album `Attacca`,3208.0
2025-01-19,2025-01-25,2025,4,세븐틴,BEST ALBUM `17 IS RIGHT HERE`,1040.0
2025-01-19,2025-01-25,2025,4,여자친구 (GFRIEND),Season of Memories,5122.0
2025-01-19,2025-01-25,2025,4,정국,GOLDEN,1861.0
2025-01-19,2025-01-25,2025,4,카더가든,Harmony (LP),1315.0
2025-01-19,2025-01-25,2025,4,투모로우바이투게더,minisode 2: Thursday`s Child,1335.0
2025-01-19,2025-01-25,2025,4,투모로우바이투게더,minisode 3: TOMORROW,2137.0
2025-01-19,2025-01-25,2025,4,투모로우바이투게더,별의 장: SANCTUARY,2729.0
2025-01-19,2025-01-25,2025,4,투모로우바이투게더,별의 장: SANCTUARY (Weverse),3200.0
2025-01-19,2025-01-25,2025,4,투모로우바이투게더,이름의 장: TEMPTATION,1104.0
2025-01-19,2025-01-25,2025,4,투모로우바이투게더,혼돈의 장: FIGHT OR ESCAPE,1532.0
2025-01-26,2025-02-01,2025,5,Agust D,D-DAY (Weverse),107.0
2025-01-26,2025-02-01,2025,5,BABYMONSTER,BABYMONS7ER,304.0
2025-01-26,2025-02-01,2025,5,BABYMONSTER,DRIP,1007.0
2025-01-26,2025-02-01,2025,5,BABYMONSTER,DRIP (Nemo),3961.0
2025-01-26,2025-02-01,2025,5,BIGBANG (빅뱅),M,288.0
2025-01-26,2025-02-01,2025,5,BLACKPINK,BORN PINK,98.0
2025-01-26,2025-02-01,2025,5,BLACKPINK,KILL THIS LOVE,123.0
2025-01-26,2025-02-01,2025,5,BOYNEXTDOOR,19.99,1449.0
2025-01-26,2025-02-01,2025,5,BOYNEXTDOOR,HOW?,1534.0
2025-01-26,2025-02-01,2025,5,BOYNEXTDOOR,HOW? (KiT),108.0
2025-01-26,2025-02-01,2025,5,BOYNEXTDOOR,HOW? (Weverse),454.0
2025-01-26,2025-02-01,2025,5,BOYNEXTDOOR,WHO! (Weverse),294.0
2025-01-26,2025-02-01,2025,5,BOYNEXTDOOR,WHY..,1531.0
2025-01-26,2025-02-01,2025,5,BOYNEXTDOOR,WHY.. (Weverse),135.0
2025-01-26,2025-02-01,2025,5,G-Dragon,권지용 (USB),100.0
2025-01-26,2025-02-01,2025,5,NewJeans,How Sweet (Weverse),780.0
2025-01-26,2025-02-01,2025,5,NewJeans,Supernatural,150.0
2025-01-26,2025-02-01,2025,5,NewJeans,`OMG`,154.0
2025-01-26,2025-02-01,2025,5,PLAVE,ASTERUM (POCA),130.0
2025-01-26,2025-02-01,2025,5,V,Layover,217.0
2025-01-26,2025-02-01,2025,5,로제 (ROSE),rosie,742.0
2025-01-26,2025-02-01,2025,5,방탄소년단,MAP OF THE SOUL : 7,202.0
2025-01-26,2025-02-01,2025,5,방탄소년단,WINGS,292.0
2025-01-26,2025-02-01,2025,5,방탄소년단,YOU NEVER WALK ALONE,179.0
2025-01-26,2025-02-01,2025,5,방탄소년단,화양연화 Young Forever,333.0
2025-01-26,2025-02-01,2025,5,세븐틴,10th Mini Album `FML` (Weverse),244.0
2025-01-26,2025-02-01,2025,5,세븐틴,7th Mini Album `헹가래`,225.0
2025-01-26,2025-02-01,2025,5,세븐틴,9th Mini Album `Attacca`,253.0
2025-01-26,2025-02-01,2025,5,정국,GOLDEN,426.0
2025-01-26,2025-02-01,2025,5,투모로우바이투게더,별의 장: SANCTUARY (Weverse),374.0
2025-01-26,2025-02-01,2025,5,투모로우바이투게더,이름의 장: TEMPTATION,275.0
2025-01-26,2025-02-01,2025,5,투모로우바이투게더,혼돈의 장: FIGHT OR ESCAPE,298.0
2025-01-26,2025-02-01,2025,5,투모로우바이투게더,혼돈의 장: FREEZE,202.0
2025-02-02,2025-02-08,2025,6,A.C.E (에이스),PINATA,1216.0
2025-02-02,2025-02-08,2025,6,Agust D,D-DAY,1686.0
2025-02-02,2025-02-08,2025,6,BABYMONSTER,BABYMONS7ER,1251.0
2025-02-02,2025-02-08,2025,6,BABYMONSTER,BABYMONS7ER (Nemo),1719.0
2025-02-02,2025-02-08,2025,6,BABYMONSTER,DRIP,3869.0
2025-02-02,2025-02-08,2025,6,BABYMONSTER,DRIP (Nemo),4993.0
2025-02-02,2025-02-08,2025,6,BLACKPINK,BORN PINK,3004.0
2025-02-02,2025-02-08,2025,6,BLACKPINK,KILL THIS LOVE,1868.0
2025-02-02,2025-02-08,2025,6,BLACKPINK,THE ALBUM,1439.0
2025-02-02,2025-02-08,2025,6,BOYNEXTDOOR,19.99,8697.0
2025-02-02,2025-02-08,2025,6,BOYNEXTDOOR,HOW?,9141.0
2025-02-02,2025-02-08,2025,6,BOYNEXTDOOR,HOW? (KiT),1028.0
2025-02-02,2025-02-08,2025,6,BOYNEXTDOOR,HOW? (Weverse),2213.0
2025-02-02,2025-02-08,2025,6,BOYNEXTDOOR,WHO!,10613.0
2025-02-02,2025-02-08,2025,6,BOYNEXTDOOR,WHO! (Weverse),1921.0
2025-02-02,2025-02-08,2025,6,BOYNEXTDOOR,WHY..,4030.0
2025-02-02,2025-02-08,2025,6,BOYNEXTDOOR,WHY.. (Weverse),1316.0
2025-02-02,2025-02-08,2025,6,G-Dragon,권지용 (USB),1028.0
2025-02-02,2025-02-08,2025,6,NewJeans,1st EP `New Jeans`,2798.0
2025-02-02,2025-02-08,2025,6,NewJeans,2nd EP `Get Up`,1922.0
2025-02-02,2025-02-08,2025,6,NewJeans,How Sweet,2401.0
2025-02-02,2025-02-08,2025,6,NewJeans,How Sweet (Weverse),1099.0
2025-02-02,2025-02-08,2025,6,NewJeans,Supernatural,3993.0
2025-02-02,2025-02-08,2025,6,NewJeans,`OMG`,1858.0
2025-02-02,2025-02-08,2025,6,PLAVE,`Caligo Pt.1`,769320.0
2025-02-02,2025-02-08,2025,6,PLAVE,`Caligo Pt.1` (POCA),332422.0
2025-02-02,2025-02-08,2025,6,TWS (투어스),1st Single `Last Bell`,9074.0
2025-02-02,2025-02-08,2025,6,V,Layover,3097.0
2025-02-02,2025-02-08,2025,6,로제 (ROSE),R,2091.0
2025-02-02,2025-02-08,2025,6,로제 (ROSE),rosie,3085.0
2025-02-02,2025-02-08,2025,6,방탄소년단,LOVE YOURSELF 結 `Answer`,1108.0
2025-02-02,2025-02-08,2025,6,방탄소년단,Skool Luv Affair,998.0
2025-02-02,2025-02-08,2025,6,방탄소년단,화양연화 Young Forever,966.0
2025-02-02,2025-02-08,2025,6,방탄소년단,화양연화 pt.2,1304.0
2025-02-02,2025-02-08,2025,6,부석순 (SEVENTEEN),2nd Single Album `TELEPARTY`,7866.0
2025-02-02,2025-02-08,2025,6,세븐틴,10th Mini Album `FML`,1359.0
2025-02-02,2025-02-08,2025,6,세븐틴,11th Mini Album `SEVENTEENTH HEAVEN`,1489.0
2025-02-02,2025-02-08,2025,6,세븐틴,12th Mini Album `SPILL THE FEELS`,1587.0
2025-02-02,2025-02-08,2025,6,세븐틴,3RD ALBUM ‘An Ode’,1515.0
2025-02-02,2025-02-08,2025,6,세븐틴,4th Album Repackage `SECTOR 17`,2521.0
2025-02-02,2025-02-08,2025,6,세븐틴,4th Album Repackage `SECTOR 17` (Weverse),1178.0
2025-02-02,2025-02-08,2025,6,세븐틴,4th Album `Face the Sun`,7072.0
2025-02-02,2025-02-08,2025,6,세븐틴,4th Album `Face the Sun` (Weverse),972.0
2025-02-02,2025-02-08,2025,6,세븐틴,9th Mini Album `Attacca`,2630.0
2025-02-02,2025-02-08,2025,6,정국,GOLDEN,4781.0
2025-02-02,2025-02-08,2025,6,제니 (JENNIE),SOLO,1071.0
2025-02-02,2025-02-08,2025,6,투모로우바이투게더,minisode 3: TOMORROW,1564.0
2025-02-02,2025-02-08,2025,6,투모로우바이투게더,minisode1 : Blue Hour,1325.0
2025-02-02,2025-02-08,2025,6,투모로우바이투게더,별의 장: SANCTUARY,3112.0
2025-02-02,2025-02-08,2025,6,투모로우바이투게더,이름의 장: TEMPTATION,1083.0
2025-02-09,2025-02-15,2025,7,BABYMONSTER,BABYMONS7ER (Nemo),1960.0
2025-02-09,2025-02-15,2025,7,BABYMONSTER,DRIP,2711.0
2025-02-09,2025-02-15,2025,7,BABYMONSTER,DRIP (Nemo),1570.0
2025-02-09,2025-02-15,2025,7,BLACKPINK,BORN PINK,1462.0
2025-02-09,2025-02-15,2025,7,BLACKPINK,KILL THIS LOVE,2628.0
2025-02-09,2025-02-15,2025,7,BLACKPINK,SQUARE UP,1094.0
2025-02-09,2025-02-15,2025,7,BLACKPINK,THE ALBUM,2361.0
2025-02-09,2025-02-15,2025,7,BOYNEXTDOOR,19.99,7415.0
2025-02-09,2025-02-15,2025,7,BOYNEXTDOOR,19.99 (Weverse),1974.0
2025-02-09,2025-02-15,2025,7,BOYNEXTDOOR,HOW?,7365.0
2025-02-09,2025-02-15,2025,7,BOYNEXTDOOR,HOW? (KiT),1749.0
2025-02-09,2025-02-15,2025,7,BOYNEXTDOOR,WHO!,7879.0
2025-02-09,2025-02-15,2025,7,BOYNEXTDOOR,WHO! (Weverse),2278.0
2025-02-09,2025-02-15,2025,7,BOYNEXTDOOR,WHY..,2369.0
2025-02-09,2025-02-15,2025,7,G-Dragon,권지용 (USB),1700.0
2025-02-09,2025-02-15,2025,7,NewJeans,2nd EP `Get Up`,1816.0
2025-02-09,2025-02-15,2025,7,NewJeans,How Sweet,1414.0
2025-02-09,2025-02-15,2025,7,NewJeans,How Sweet (Weverse),1621.0
2025-02-09,2025-02-15,2025,7,NewJeans,Supernatural,2346.0
2025-02-09,2025-02-15,2025,7,NewJeans,`OMG`,1650.0
2025-02-09,2025-02-15,2025,7,NewJeans,`OMG` (Weverse),1011.0
2025-02-09,2025-02-15,2025,7,PLAVE,`Caligo Pt.1`,18668.0
2025-02-09,2025-02-15,2025,7,PLAVE,`Caligo Pt.1` (POCA),15950.0
2025-02-09,2025-02-15,2025,7,V,Layover,1299.0
2025-02-09,2025-02-15,2025,7,로제 (ROSE),rosie,2537.0
2025-02-09,2025-02-15,2025,7,방탄소년단,LOVE YOURSELF 承 `Her`,1832.0
2025-02-09,2025-02-15,2025,7,부석순 (SEVENTEEN),2nd Single Album `TELEPARTY` (Weverse),1077.0
2025-02-09,2025-02-15,2025,7,세븐틴,10th Mini Album `FML`,1352.0
2025-02-09,2025-02-15,2025,7,세븐틴,12th Mini Album `SPILL THE FEELS`,1024.0
2025-02-09,2025-02-15,2025,7,세븐틴,4th Album Repackage `SECTOR 17`,2484.0
2025-02-09,2025-02-15,2025,7,세븐틴,4th Album `Face the Sun`,4550.0
2025-02-09,2025-02-15,2025,7,세븐틴,9th Mini Album `Attacca`,3892.0
2025-02-09,2025-02-15,2025,7,여자친구 (GFRIEND),Season of Memories,20435.0
2025-02-09,2025-02-15,2025,7,정국,GOLDEN,1641.0
2025-02-09,2025-02-15,2025,7,지수 (JISOO),AMORTAGE,194000.0
2025-02-09,2025-02-15,2025,7,지수 (JISOO),AMORTAGE (KiT),5040.0
2025-02-09,2025-02-15,2025,7,지수 (JISOO),AMORTAGE (SMC),4900.0
2025-02-09,2025-02-15,2025,7,투모로우바이투게더,minisode 3: TOMORROW,1927.0
2025-02-09,2025-02-15,2025,7,투모로우바이투게더,별의 장: SANCTUARY,2924.0
2025-02-09,2025-02-15,2025,7,투모로우바이투게더,별의 장: SANCTUARY (Weverse),2205.0
2025-02-09,2025-02-15,2025,7,투모로우바이투게더,혼돈의 장: FIGHT OR ESCAPE,2338.0
2025-02-16,2025-02-22,2025,8,A.C.E (에이스),PINATA,1482.0
2025-02-16,2025-02-22,2025,8,BABYMONSTER,BABYMONS7ER (Nemo),875.0
2025-02-16,2025-02-22,2025,8,BABYMONSTER,DRIP,1568.0
2025-02-16,2025-02-22,2025,8,BABYMONSTER,DRIP (Nemo),1090.0
2025-02-16,2025-02-22,2025,8,BLACKPINK,BORN PINK,1059.0
2025-02-16,2025-02-22,2025,8,BLACKPINK,KILL THIS LOVE,1168.0
2025-02-16,2025-02-22,2025,8,BLACKPINK,SQUARE UP,924.0
2025-02-16,2025-02-22,2025,8,BLACKPINK,THE ALBUM,2121.0
2025-02-16,2025-02-22,2025,8,BOYNEXTDOOR,19.99,3048.0
2025-02-16,2025-02-22,2025,8,BOYNEXTDOOR,HOW?,5516.0
2025-02-16,2025-02-22,2025,8,BOYNEXTDOOR,HOW? (KiT),708.0
2025-02-16,2025-02-22,2025,8,BOYNEXTDOOR,WHO!,5316.0
2025-02-16,2025-02-22,2025,8,BOYNEXTDOOR,WHO! (Weverse),948.0
2025-02-16,2025-02-22,2025,8,BOYNEXTDOOR,WHY..,2319.0
2025-02-16,2025-02-22,2025,8,G-Dragon,권지용 (USB),832.0
2025-02-16,2025-02-22,2025,8,NewJeans,1st EP `New Jeans`,2711.0
2025-02-16,2025-02-22,2025,8,NewJeans,1st EP `New Jeans` (Weverse),884.0
2025-02-16,2025-02-22,2025,8,NewJeans,2nd EP `Get Up`,1446.0
2025-02-16,2025-02-22,2025,8,NewJeans,How Sweet,2358.0
2025-02-16,2025-02-22,2025,8,NewJeans,How Sweet (Weverse),700.0
2025-02-16,2025-02-22,2025,8,NewJeans,Supernatural,4125.0
2025-02-16,2025-02-22,2025,8,NewJeans,`OMG`,1990.0
2025-02-16,2025-02-22,2025,8,PLAVE,ASTERUM : The Shape of Things to Come,830.0
2025-02-16,2025-02-22,2025,8,PLAVE,`Caligo Pt.1`,5461.0
2025-02-16,2025-02-22,2025,8,V,Layover,718.0
2025-02-16,2025-02-22,2025,8,로제 (ROSE),R,792.0
2025-02-16,2025-02-22,2025,8,로제 (ROSE),rosie,17922.0
2025-02-16,2025-02-22,2025,8,방탄소년단,LOVE YOURSELF 承 `Her`,1333.0
2025-02-16,2025-02-22,2025,8,방탄소년단,LOVE YOURSELF 結 `Answer`,1061.0
2025-02-16,2025-02-22,2025,8,방탄소년단,MAP OF THE SOUL : 7,726.0
2025-02-16,2025-02-22,2025,8,방탄소년단,WINGS,670.0
2025-02-16,2025-02-22,2025,8,방탄소년단,화양연화 Young Forever,1072.0
2025-02-16,2025-02-22,2025,8,방탄소년단,화양연화 pt.1,1290.0
2025-02-16,2025-02-22,2025,8,방탄소년단,화양연화 pt.2,958.0
2025-02-16,2025-02-22,2025,8,세븐틴,11th Mini Album `SEVENTEENTH HEAVEN`,1398.0
2025-02-16,2025-02-22,2025,8,세븐틴,3RD ALBUM ‘An Ode’,937.0
2025-02-16,2025-02-22,2025,8,세븐틴,4th Album Repackage `SECTOR 17`,834.0
2025-02-16,2025-02-22,2025,8,세븐틴,4th Album `Face the Sun`,4891.0
2025-02-16,2025-02-22,2025,8,세븐틴,4th Album `Face the Sun` (Weverse),883.0
2025-02-16,2025-02-22,2025,8,세븐틴,8th Mini Album `Your Choice`,826.0
2025-02-16,2025-02-22,2025,8,세븐틴,9th Mini Album `Attacca`,1229.0
2025-02-16,2025-02-22,2025,8,정국,GOLDEN,1634.0
2025-02-16,2025-02-22,2025,8,지수 (JISOO),AMORTAGE,11842.0
2025-02-16,2025-02-22,2025,8,지수 (JISOO),AMORTAGE (KiT),36480.0
2025-02-16,2025-02-22,2025,8,투모로우바이투게더,minisode 3: TOMORROW,722.0
2025-02-16,2025-02-22,2025,8,투모로우바이투게더,별의 장: SANCTUARY (Weverse),874.0
2025-02-16,2025-02-22,2025,8,투모로우바이투게더,이름의 장: TEMPTATION,746.0
2025-02-16,2025-02-22,2025,8,"혁오 (hyukoh), Sunset Rollercoaster 落日飛車",AAA (LP),740.0
2025-02-23,2025-03-01,2025,9,A.C.E (에이스),PINATA,1391.0
2025-02-23,2025-03-01,2025,9,BABYMONSTER,BABYMONS7ER (Nemo),2256.0
2025-02-23,2025-03-01,2025,9,BABYMONSTER,DRIP,1954.0
2025-02-23,2025-03-01,2025,9,BABYMONSTER,DRIP (Nemo),2270.0
2025-02-23,2025-03-01,2025,9,BLACKPINK,BORN PINK,1650.0
2025-02-23,2025-03-01,2025,9,BLACKPINK,KILL THIS LOVE,910.0
2025-02-23,2025-03-01,2025,9,BOYNEXTDOOR,19.99,4935.0
2025-02-23,2025-03-01,2025,9,BOYNEXTDOOR,19.99 (Weverse),863.0
2025-02-23,2025-03-01,2025,9,BOYNEXTDOOR,HOW?,6972.0
2025-02-23,2025-03-01,2025,9,BOYNEXTDOOR,WHO!,3063.0
2025-02-23,2025-03-01,2025,9,BOYNEXTDOOR,WHO! (Weverse),732.0
2025-02-23,2025-03-01,2025,9,BOYNEXTDOOR,WHY..,8772.0
2025-02-23,2025-03-01,2025,9,G-Dragon,권지용 (USB),1045.0
2025-02-23,2025-03-01,2025,9,NewJeans,1st EP `New Jeans`,884.0
2025-02-23,2025-03-01,2025,9,NewJeans,2nd EP `Get Up`,1344.0
2025-02-23,2025-03-01,2025,9,NewJeans,How Sweet (Weverse),890.0
2025-02-23,2025-03-01,2025,9,NewJeans,Supernatural (Weverse),1123.0
2025-02-23,2025-03-01,2025,9,PLAVE,ASTERUM : The Shape of Things to Come,905.0
2025-02-23,2025-03-01,2025,9,PLAVE,`Caligo Pt.1`,4040.0
2025-02-23,2025-03-01,2025,9,PLAVE,`Caligo Pt.1` (POCA),22770.0
2025-02-23,2025-03-01,2025,9,V,Layover,754.0
2025-02-23,2025-03-01,2025,9,로제 (ROSE),rosie,1020.0
2025-02-23,2025-03-01,2025,9,방탄소년단,MAP OF THE SOUL : 7,1262.0
2025-02-23,2025-03-01,2025,9,방탄소년단,화양연화 Young Forever,873.0
2025-02-23,2025-03-01,2025,9,세븐틴,11th Mini Album `SEVENTEENTH HEAVEN`,1544.0
2025-02-23,2025-03-01,2025,9,세븐틴,4th Album Repackage `SECTOR 17`,793.0
2025-02-23,2025-03-01,2025,9,세븐틴,4th Album `Face the Sun`,3421.0
2025-02-23,2025-03-01,2025,9,세븐틴,5TH MINI ALBUM `YOU MAKE MY DAY`,854.0
2025-02-23,2025-03-01,2025,9,세븐틴,7th Mini Album `헹가래`,1033.0
2025-02-23,2025-03-01,2025,9,세븐틴,9th Mini Album `Attacca`,1504.0
2025-02-23,2025-03-01,2025,9,제니 (JENNIE),SOLO,1854.0
2025-02-23,2025-03-01,2025,9,지수 (JISOO),AMORTAGE,60480.0
2025-02-23,2025-03-01,2025,9,지수 (JISOO),AMORTAGE (KiT),15360.0
2025-02-23,2025-03-01,2025,9,진 (JIN),Happy,5923.0
2025-02-23,2025-03-01,2025,9,태민 (TAEMIN),ETERNAL,5000.0
2025-02-23,2025-03-01,2025,9,투모로우바이투게더,minisode 3: TOMORROW,780.0
2025-02-23,2025-03-01,2025,9,투모로우바이투게더,minisode1 : Blue Hour,729.0
2025-02-23,2025-03-01,2025,9,투모로우바이투게더,별의 장: SANCTUARY,24324.0
2025-02-23,2025-03-01,2025,9,투모로우바이투게더,이름의 장: TEMPTATION,689.0
2025-02-23,2025-03-01,2025,9,투모로우바이투게더,혼돈의 장: FIGHT OR ESCAPE,735.0
2025-03-02,2025-03-08,2025,10,BABYMONSTER,BABYMONS7ER (Nemo),5777.0
2025-03-02,2025-03-08,2025,10,BABYMONSTER,DRIP,1750.0
2025-03-02,2025-03-08,2025,10,BIGBANG (빅뱅),빅뱅 미니앨범 4집,7689.0
2025-03-02,2025-03-08,2025,10,BOYNEXTDOOR,19.99,4447.0
2025-03-02,2025-03-08,2025,10,BOYNEXTDOOR,HOW?,1459.0
2025-03-02,2025-03-08,2025,10,BOYNEXTDOOR,HOW? (Weverse),3221.0
2025-03-02,2025-03-08,2025,10,BOYNEXTDOOR,WHO!,4821.0
2025-03-02,2025-03-08,2025,10,BOYNEXTDOOR,WHO! (Weverse),1419.0
2025-03-02,2025-03-08,2025,10,BOYNEXTDOOR,WHY..,3227.0
2025-03-02,2025-03-08,2025,10,BOYNEXTDOOR,WHY.. (Weverse),3099.0
2025-03-02,2025-03-08,2025,10,NewJeans,1st EP `New Jeans`,1868.0
2025-03-02,2025-03-08,2025,10,NewJeans,2nd EP `Get Up`,1041.0
2025-03-02,2025-03-08,2025,10,NewJeans,How Sweet,1629.0
2025-03-02,2025-03-08,2025,10,NewJeans,Supernatural,3006.0
2025-03-02,2025-03-08,2025,10,NewJeans,Supernatural (Weverse),1460.0
2025-03-02,2025-03-08,2025,10,NewJeans,`OMG`,1434.0
2025-03-02,2025-03-08,2025,10,TREASURE (트레저),SPECIAL MINI ALBUM [PLEASURE],612398.0
2025-03-02,2025-03-08,2025,10,방탄소년단,LOVE YOURSELF 結 `Answer`,964.0
2025-03-02,2025-03-08,2025,10,방탄소년단,WINGS,976.0
2025-03-02,2025-03-08,2025,10,방탄소년단,화양연화 pt.2,1250.0
2025-03-02,2025-03-08,2025,10,세븐틴,10th Mini Album `FML`,967.0
2025-03-02,2025-03-08,2025,10,세븐틴,11th Mini Album `SEVENTEENTH HEAVEN`,1220.0
2025-03-02,2025-03-08,2025,10,세븐틴,3RD ALBUM ‘An Ode’,1100.0
2025-03-02,2025-03-08,2025,10,세븐틴,4th Album `Face the Sun`,4052.0
2025-03-02,2025-03-08,2025,10,세븐틴,7th Mini Album `헹가래`,1108.0
2025-03-02,2025-03-08,2025,10,세븐틴,9th Mini Album `Attacca`,3521.0
2025-03-02,2025-03-08,2025,10,정국,GOLDEN,1573.0
2025-03-02,2025-03-08,2025,10,제니 (JENNIE),SOLO,1458.0
2025-03-02,2025-03-08,2025,10,투모로우바이투게더,minisode 3: TOMORROW,5995.0
2025-03-02,2025-03-08,2025,10,투모로우바이투게더,minisode1 : Blue Hour,1140.0
2025-03-02,2025-03-08,2025,10,투모로우바이투게더,이름의 장: TEMPTATION,1134.0
2025-03-02,2025-03-08,2025,10,투모로우바이투게더,혼돈의 장: FIGHT OR ESCAPE,1901.0
2025-03-09,2025-03-15,2025,11,BABYMONSTER,BABYMONS7ER (Nemo),896.0
2025-03-09,2025-03-15,2025,11,BABYMONSTER,DRIP,1380.0
2025-03-09,2025-03-15,2025,11,BIGBANG (빅뱅),빅뱅 미니앨범 4집,3066.0
2025-03-09,2025-03-15,2025,11,BLACKPINK,BORN PINK,3633.0
2025-03-09,2025-03-15,2025,11,BLACKPINK,KILL THIS LOVE,2888.0
2025-03-09,2025-03-15,2025,11,BLACKPINK,SQUARE UP,1304.0
2025-03-09,2025-03-15,2025,11,BLACKPINK,THE ALBUM,2246.0
2025-03-09,2025-03-15,2025,11,BOYNEXTDOOR,19.99,2715.0
2025-03-09,2025-03-15,2025,11,BOYNEXTDOOR,HOW? (Weverse),1278.0
2025-03-09,2025-03-15,2025,11,BOYNEXTDOOR,WHO!,2407.0
2025-03-09,2025-03-15,2025,11,BOYNEXTDOOR,WHY..,3433.0
2025-03-09,2025-03-15,2025,11,LE SSERAFIM (르세라핌),HOT,622293.0
2025-03-09,2025-03-15,2025,11,LE SSERAFIM (르세라핌),HOT (Weverse),37105.0
2025-03-09,2025-03-15,2025,11,NewJeans,1st EP `New Jeans`,1216.0
2025-03-09,2025-03-15,2025,11,NewJeans,2nd EP `Get Up`,1089.0
2025-03-09,2025-03-15,2025,11,NewJeans,2nd EP `Get Up` (Weverse),1030.0
2025-03-09,2025-03-15,2025,11,NewJeans,How Sweet,1164.0
2025-03-09,2025-03-15,2025,11,NewJeans,Supernatural,1092.0
2025-03-09,2025-03-15,2025,11,PLAVE,`Caligo Pt.1`,16111.0
2025-03-09,2025-03-15,2025,11,TREASURE (트레저),SPECIAL MINI ALBUM [PLEASURE],111649.0
2025-03-09,2025-03-15,2025,11,로제 (ROSE),rosie,2275.0
2025-03-09,2025-03-15,2025,11,리사 (LISA),LALISA,852.0
2025-03-09,2025-03-15,2025,11,방탄소년단,MAP OF THE SOUL : 7,970.0
2025-03-09,2025-03-15,2025,11,방탄소년단,"O!RUL8,2?",1190.0
2025-03-09,2025-03-15,2025,11,방탄소년단,YOU NEVER WALK ALONE,1070.0
2025-03-09,2025-03-15,2025,11,방탄소년단,화양연화 Young Forever,1314.0
2025-03-09,2025-03-15,2025,11,방탄소년단,화양연화 pt.1,782.0
2025-03-09,2025-03-15,2025,11,방탄소년단,화양연화 pt.2,1378.0
2025-03-09,2025-03-15,2025,11,세븐틴,4th Album `Face the Sun`,3503.0
2025-03-09,2025-03-15,2025,11,세븐틴,9th Mini Album `Attacca`,955.0
2025-03-09,2025-03-15,2025,11,여자친구 (GFRIEND),Season of Memories,4340.0
2025-03-09,2025-03-15,2025,11,정국,GOLDEN,945.0
2025-03-09,2025-03-15,2025,11,지수 (JISOO),AMORTAGE,55420.0
2025-03-09,2025-03-15,2025,11,지수 (JISOO),AMORTAGE (KiT),9760.0
2025-03-09,2025-03-15,2025,11,켄타상균,Hello from the other side,3000.0
2025-03-09,2025-03-15,2025,11,투모로우바이투게더,minisode1 : Blue Hour,1612.0
2025-03-09,2025-03-15,2025,11,투모로우바이투게더,꿈의 장: STAR,1025.0
2025-03-09,2025-03-15,2025,11,투모로우바이투게더,별의 장: SANCTUARY,1028.0
2025-03-09,2025-03-15,2025,11,투모로우바이투게더,별의 장: SANCTUARY (Weverse),1941.0
2025-03-09,2025-03-15,2025,11,투모로우바이투게더,이름의 장: TEMPTATION,902.0
2025-03-09,2025-03-15,2025,11,투모로우바이투게더,혼돈의 장: FIGHT OR ESCAPE,1052.0
2025-03-09,2025-03-15,2025,11,투모로우바이투게더,혼돈의 장: FREEZE,825.0
2025-03-09,2025-03-15,2025,11,호시X우지 (SEVENTEEN),1st Single Album `BEAM`,280000.0
2025-03-09,2025-03-15,2025,11,호시X우지 (SEVENTEEN),1st Single Album `BEAM` (KiT),40530.0
2025-03-09,2025-03-15,2025,11,호시X우지 (SEVENTEEN),1st Single Album `BEAM` (Weverse),67379.0
2025-03-16,2025-03-22,2025,12,BABYMONSTER,BABYMONS7ER (Nemo),1288.0
2025-03-16,2025-03-22,2025,12,BABYMONSTER,DRIP,1114.0
2025-03-16,2025-03-22,2025,12,BABYMONSTER,DRIP (Nemo),1228.0
2025-03-16,2025-03-22,2025,12,BLACKPINK,BORN PINK,1107.0
2025-03-16,2025-03-22,2025,12,BOYNEXTDOOR,19.99,1627.0
2025-03-16,2025-03-22,2025,12,BOYNEXTDOOR,HOW?,6181.0
2025-03-16,2025-03-22,2025,12,BOYNEXTDOOR,WHO!,2305.0
2025-03-16,2025-03-22,2025,12,BOYNEXTDOOR,WHY..,1388.0
2025-03-16,2025-03-22,2025,12,BOYNEXTDOOR,WHY.. (Weverse),716.0
2025-03-16,2025-03-22,2025,12,LE SSERAFIM (르세라핌),HOT,19515.0
2025-03-16,2025-03-22,2025,12,LE SSERAFIM (르세라핌),HOT (Weverse),3570.0
2025-03-16,2025-03-22,2025,12,NewJeans,1st EP `New Jeans`,2154.0
2025-03-16,2025-03-22,2025,12,NewJeans,1st EP `New Jeans` (Weverse),713.0
2025-03-16,2025-03-22,2025,12,NewJeans,2nd EP `Get Up`,1120.0
2025-03-16,2025-03-22,2025,12,NewJeans,How Sweet,1534.0
2025-03-16,2025-03-22,2025,12,NewJeans,Supernatural,2463.0
2025-03-16,2025-03-22,2025,12,NewJeans,`OMG`,1183.0
2025-03-16,2025-03-22,2025,12,PLAVE,ASTERUM : 134-1,729.0
2025-03-16,2025-03-22,2025,12,PLAVE,ASTERUM : The Shape of Things to Come,1208.0
2025-03-16,2025-03-22,2025,12,PLAVE,`Caligo Pt.1`,675.0
2025-03-16,2025-03-22,2025,12,TREASURE (트레저),SPECIAL MINI ALBUM [PLEASURE],67158.0
2025-03-16,2025-03-22,2025,12,V,Layover,877.0
2025-03-16,2025-03-22,2025,12,더보이즈(THE BOYZ),Unexpected,377068.0
2025-03-16,2025-03-22,2025,12,더보이즈(THE BOYZ),Unexpected (kiwee album),6919.0
2025-03-16,2025-03-22,2025,12,로제 (ROSE),rosie,1121.0
2025-03-16,2025-03-22,2025,12,방탄소년단,Butter,1989.0
2025-03-16,2025-03-22,2025,12,방탄소년단,LOVE YOURSELF 轉 `Tear`,3682.0
2025-03-16,2025-03-22,2025,12,방탄소년단,MAP OF THE SOUL : PERSONA,4416.0
2025-03-16,2025-03-22,2025,12,방탄소년단,WINGS,620.0
2025-03-16,2025-03-22,2025,12,방탄소년단,화양연화 pt.2,950.0
2025-03-16,2025-03-22,2025,12,세븐틴,11th Mini Album `SEVENTEENTH HEAVEN`,50158.0
2025-03-16,2025-03-22,2025,12,세븐틴,3RD ALBUM ‘An Ode’,800.0
2025-03-16,2025-03-22,2025,12,세븐틴,4th Album Repackage `SECTOR 17`,858.0
2025-03-16,2025-03-22,2025,12,세븐틴,4th Album `Face the Sun`,1973.0
2025-03-16,2025-03-22,2025,12,세븐틴,8th Mini Album `Your Choice`,1007.0
2025-03-16,2025-03-22,2025,12,세븐틴,9th Mini Album `Attacca`,2420.0
2025-03-16,2025-03-22,2025,12,세븐틴,BEST ALBUM `17 IS RIGHT HERE`,3118.0
2025-03-16,2025-03-22,2025,12,정국,GOLDEN,888.0
2025-03-16,2025-03-22,2025,12,제니 (JENNIE),SOLO,632.0
2025-03-16,2025-03-22,2025,12,지수 (JISOO),AMORTAGE (SMC),48000.0
2025-03-16,2025-03-22,2025,12,투모로우바이투게더,minisode 3: TOMORROW,1364.0
2025-03-23,2025-03-29,2025,13,2NE1,15TH ANNIVERSARY BEST (LP),9407.0
2025-03-23,2025-03-29,2025,13,BABYMONSTER,BABYMONS7ER,737.0
2025-03-23,2025-03-29,2025,13,BABYMONSTER,BABYMONS7ER (Nemo),2998.0
2025-03-23,2025-03-29,2025,13,BABYMONSTER,DRIP,7916.0
2025-03-23,2025-03-29,2025,13,BABYMONSTER,DRIP (Nemo),14595.0
2025-03-23,2025-03-29,2025,13,BLACKPINK,BORN PINK,793.0
2025-03-23,2025-03-29,2025,13,BLACKPINK,THE ALBUM,534.0
2025-03-23,2025-03-29,2025,13,BOYNEXTDOOR,19.99,525.0
2025-03-23,2025-03-29,2025,13,BOYNEXTDOOR,19.99 (Weverse),702.0
2025-03-23,2025-03-29,2025,13,BOYNEXTDOOR,HOW?,1126.0
2025-03-23,2025-03-29,2025,13,BOYNEXTDOOR,HOW? (Weverse),801.0
2025-03-23,2025-03-29,2025,13,BOYNEXTDOOR,WHO!,1902.0
2025-03-23,2025-03-29,2025,13,BOYNEXTDOOR,WHO! (Weverse),628.0
2025-03-23,2025-03-29,2025,13,BOYNEXTDOOR,WHY..,1296.0
2025-03-23,2025-03-29,2025,13,LE SSERAFIM (르세라핌),HOT,7224.0
2025-03-23,2025-03-29,2025,13,NEWBEAT,RAW AND RAD,4759.0
2025-03-23,2025-03-29,2025,13,NewJeans,2nd EP `Get Up`,951.0
2025-03-23,2025-03-29,2025,13,TREASURE (트레저),SPECIAL MINI ALBUM [PLEASURE],5013.0
2025-03-23,2025-03-29,2025,13,V,Layover,536.0
2025-03-23,2025-03-29,2025,13,로제 (ROSE),rosie,600.0
2025-03-23,2025-03-29,2025,13,방탄소년단,BE,565.0
2025-03-23,2025-03-29,2025,13,방탄소년단,Butter,619.0
2025-03-23,2025-03-29,2025,13,방탄소년단,DARK&WILD,1240.0
2025-03-23,2025-03-29,2025,13,방탄소년단,LOVE YOURSELF 結 `Answer`,648.0
2025-03-23,2025-03-29,2025,13,방탄소년단,LOVE YOURSELF 轉 `Tear`,2057.0
2025-03-23,2025-03-29,2025,13,방탄소년단,MAP OF THE SOUL : 7,629.0
2025-03-23,2025-03-29,2025,13,방탄소년단,MAP OF THE SOUL : PERSONA,1603.0
2025-03-23,2025-03-29,2025,13,방탄소년단,Skool Luv Affair,1077.0
2025-03-23,2025-03-29,2025,13,방탄소년단,화양연화 pt.2,566.0
2025-03-23,2025-03-29,2025,13,세븐틴,10th Mini Album `FML`,863.0
2025-03-23,2025-03-29,2025,13,세븐틴,11th Mini Album `SEVENTEENTH HEAVEN`,5624.0
2025-03-23,2025-03-29,2025,13,세븐틴,4th Album `Face the Sun`,1848.0
2025-03-23,2025-03-29,2025,13,세븐틴,4th Album `Face the Sun` (Weverse),528.0
2025-03-23,2025-03-29,2025,13,세븐틴,9th Mini Album `Attacca`,1017.0
2025-03-23,2025-03-29,2025,13,세븐틴,BEST ALBUM `17 IS RIGHT HERE`,514.0
2025-03-23,2025-03-29,2025,13,정국,GOLDEN,735.0
2025-03-23,2025-03-29,2025,13,지수 (JISOO),AMORTAGE (SMC),20775.0
2025-03-23,2025-03-29,2025,13,투모로우바이투게더,minisode 3: TOMORROW,862.0
2025-03-23,2025-03-29,2025,13,투모로우바이투게더,이름의 장: TEMPTATION,719.0
2025-03-23,2025-03-29,2025,13,투모로우바이투게더,혼돈의 장: FIGHT OR ESCAPE,553.0
2025-03-23,2025-03-29,2025,13,호시X우지 (SEVENTEEN),1st Single Album `BEAM`,59925.0
2025-03-30,2025-04-05,2025,14,BABYMONSTER,BABYMONS7ER (Nemo),1083.0
2025-03-30,2025-04-05,2025,14,BABYMONSTER,DRIP,1342.0
2025-03-30,2025-04-05,2025,14,BLACKPINK,BORN PINK,871.0
2025-03-30,2025-04-05,2025,14,BOYNEXTDOOR,19.99,1411.0
2025-03-30,2025-04-05,2025,14,BOYNEXTDOOR,HOW?,1348.0
2025-03-30,2025-04-05,2025,14,BOYNEXTDOOR,WHO!,1639.0
2025-03-30,2025-04-05,2025,14,BOYNEXTDOOR,WHY..,1400.0
2025-03-30,2025-04-05,2025,14,BOYNEXTDOOR,WHY.. (Weverse),701.0
2025-03-30,2025-04-05,2025,14,CLOSE YOUR EYES (클로즈 유어 아이즈),ETERNALT,119354.0
2025-03-30,2025-04-05,2025,14,CLOSE YOUR EYES (클로즈 유어 아이즈),ETERNALT (POCA),61969.0
2025-03-30,2025-04-05,2025,14,LE SSERAFIM (르세라핌),HOT,17789.0
2025-03-30,2025-04-05,2025,14,NEWBEAT,RAW AND RAD,5139.0
2025-03-30,2025-04-05,2025,14,NewJeans,1st EP `New Jeans`,1183.0
2025-03-30,2025-04-05,2025,14,NewJeans,2nd EP `Get Up`,1022.0
2025-03-30,2025-04-05,2025,14,NewJeans,How Sweet,698.0
2025-03-30,2025-04-05,2025,14,NewJeans,Supernatural,1385.0
2025-03-30,2025-04-05,2025,14,PLAVE,ASTERUM (POCA),695.0
2025-03-30,2025-04-05,2025,14,PLAVE,`Caligo Pt.1`,4834.0
2025-03-30,2025-04-05,2025,14,PLAVE,`Caligo Pt.1` (POCA),1561.0
2025-03-30,2025-04-05,2025,14,TREASURE (트레저),SPECIAL MINI ALBUM [PLEASURE],2423.0
2025-03-30,2025-04-05,2025,14,더보이즈(THE BOYZ),Unexpected,233935.0
2025-03-30,2025-04-05,2025,14,로제 (ROSE),rosie,1815.0
2025-03-30,2025-04-05,2025,14,방탄소년단,Butter,931.0
2025-03-30,2025-04-05,2025,14,방탄소년단,LOVE YOURSELF 承 `Her`,1092.0
2025-03-30,2025-04-05,2025,14,방탄소년단,LOVE YOURSELF 轉 `Tear`,3030.0
2025-03-30,2025-04-05,2025,14,방탄소년단,MAP OF THE SOUL : PERSONA,2240.0
2025-03-30,2025-04-05,2025,14,방탄소년단,YOU NEVER WALK ALONE,998.0
2025-03-30,2025-04-05,2025,14,방탄소년단,화양연화 Young Forever,1630.0
2025-03-30,2025-04-05,2025,14,방탄소년단,화양연화 pt.1,1122.0
2025-03-30,2025-04-05,2025,14,방탄소년단,화양연화 pt.2,1130.0
2025-03-30,2025-04-05,2025,14,세븐틴,4th Album Repackage `SECTOR 17`,798.0
2025-03-30,2025-04-05,2025,14,세븐틴,4th Album `Face the Sun`,772.0
2025-03-30,2025-04-05,2025,14,지수 (JISOO),AMORTAGE (KiT),4994.0
2025-03-30,2025-04-05,2025,14,투모로우바이투게더,minisode 3: TOMORROW,1055.0
2025-03-30,2025-04-05,2025,14,투모로우바이투게더,별의 장: SANCTUARY,1428.0
2025-03-30,2025-04-05,2025,14,투모로우바이투게더,이름의 장: TEMPTATION,745.0
2025-03-30,2025-04-05,2025,14,호시X우지 (SEVENTEEN),1st Single Album `BEAM`,9515.0
2025-04-06,2025-04-12,2025,15,BABYMONSTER,BABYMONS7ER,1579.0
2025-04-06,2025-04-12,2025,15,BABYMONSTER,BABYMONS7ER (Nemo),5524.0
2025-04-06,2025-04-12,2025,15,BABYMONSTER,DRIP,4147.0
2025-04-06,2025-04-12,2025,15,BABYMONSTER,DRIP (Nemo),6675.0
2025-04-06,2025-04-12,2025,15,BLACKPINK,BORN PINK,1304.0
2025-04-06,2025-04-12,2025,15,BLACKPINK,KILL THIS LOVE,995.0
2025-04-06,2025-04-12,2025,15,BOYNEXTDOOR,19.99,1116.0
2025-04-06,2025-04-12,2025,15,BOYNEXTDOOR,HOW?,2996.0
2025-04-06,2025-04-12,2025,15,BOYNEXTDOOR,WHO!,1094.0
2025-04-06,2025-04-12,2025,15,BOYNEXTDOOR,WHY..,2012.0
2025-04-06,2025-04-12,2025,15,CLOSE YOUR EYES (클로즈 유어 아이즈),ETERNALT,4830.0
2025-04-06,2025-04-12,2025,15,CLOSE YOUR EYES (클로즈 유어 아이즈),ETERNALT (POCA),1217.0
2025-04-06,2025-04-12,2025,15,LE SSERAFIM (르세라핌),HOT,1426.0
2025-04-06,2025-04-12,2025,15,NEWBEAT,RAW AND RAD,915.0
2025-04-06,2025-04-12,2025,15,NewJeans,2nd EP `Get Up`,900.0
2025-04-06,2025-04-12,2025,15,NewJeans,Supernatural,1401.0
2025-04-06,2025-04-12,2025,15,PLAVE,`Caligo Pt.1`,815.0
2025-04-06,2025-04-12,2025,15,TREASURE (트레저),SPECIAL MINI ALBUM [PLEASURE],5407.0
2025-04-06,2025-04-12,2025,15,TREASURE (트레저),THE SECOND STEP : CHAPTER TWO,1177.0
2025-04-06,2025-04-12,2025,15,V,Layover,836.0
2025-04-06,2025-04-12,2025,15,j-hope,HOPE ON THE STREET VOL.1 (LP),33473.0
2025-04-06,2025-04-12,2025,15,더보이즈(THE BOYZ),Unexpected,100040.0
2025-04-06,2025-04-12,2025,15,로제 (ROSE),rosie,1574.0
2025-04-06,2025-04-12,2025,15,세븐틴,10th Mini Album `FML`,972.0
2025-04-06,2025-04-12,2025,15,세븐틴,3RD ALBUM ‘An Ode’,1084.0
2025-04-06,2025-04-12,2025,15,세븐틴,4th Album `Face the Sun`,1591.0
2025-04-06,2025-04-12,2025,15,세븐틴,9th Mini Album `Attacca`,1534.0
2025-04-06,2025-04-12,2025,15,정국,GOLDEN,1284.0
2025-04-06,2025-04-12,2025,15,투모로우바이투게더,minisode 3: TOMORROW,1798.0
2025-04-06,2025-04-12,2025,15,투모로우바이투게더,별의 장: SANCTUARY,2650.0
2025-04-06,2025-04-12,2025,15,투모로우바이투게더,이름의 장: TEMPTATION,817.0
2025-04-13,2025-04-19,2025,16,Agust D,D-DAY,911.0
2025-04-13,2025-04-19,2025,16,BABYMONSTER,BABYMONS7ER (Nemo),720.0
2025-04-13,2025-04-19,2025,16,BABYMONSTER,DRIP,1266.0
2025-04-13,2025-04-19,2025,16,BLACKPINK,BORN PINK,1351.0
2025-04-13,2025-04-19,2025,16,BLACKPINK,KILL THIS LOVE,1455.0
2025-04-13,2025-04-19,2025,16,BLACKPINK,THE ALBUM,1278.0
2025-04-13,2025-04-19,2025,16,BOYNEXTDOOR,19.99,1136.0
2025-04-13,2025-04-19,2025,16,BOYNEXTDOOR,HOW?,1027.0
2025-04-13,2025-04-19,2025,16,BOYNEXTDOOR,HOW? (Weverse),758.0
2025-04-13,2025-04-19,2025,16,BOYNEXTDOOR,WHO!,1592.0
2025-04-13,2025-04-19,2025,16,BOYNEXTDOOR,WHY..,641.0
2025-04-13,2025-04-19,2025,16,CLOSE YOUR EYES (클로즈 유어 아이즈),ETERNALT,2987.0
2025-04-13,2025-04-19,2025,16,LE SSERAFIM (르세라핌),HOT,2645.0
2025-04-13,2025-04-19,2025,16,NEWBEAT,RAW AND RAD,830.0
2025-04-13,2025-04-19,2025,16,NewJeans,1st EP `New Jeans`,1472.0
2025-04-13,2025-04-19,2025,16,NewJeans,2nd EP `Get Up`,1112.0
2025-04-13,2025-04-19,2025,16,NewJeans,How Sweet,744.0
2025-04-13,2025-04-19,2025,16,NewJeans,Supernatural,2625.0
2025-04-13,2025-04-19,2025,16,PLAVE,ASTERUM : 134-1,757.0
2025-04-13,2025-04-19,2025,16,PLAVE,ASTERUM : 134-1 (POCA),613.0
2025-04-13,2025-04-19,2025,16,PLAVE,ASTERUM : The Shape of Things to Come,1358.0
2025-04-13,2025-04-19,2025,16,V,Layover,898.0
2025-04-13,2025-04-19,2025,16,로제 (ROSE),R,5945.0
2025-04-13,2025-04-19,2025,16,로제 (ROSE),rosie,1165.0
2025-04-13,2025-04-19,2025,16,방탄소년단,MAP OF THE SOUL : PERSONA,820.0
2025-04-13,2025-04-19,2025,16,방탄소년단,화양연화 Young Forever,775.0
2025-04-13,2025-04-19,2025,16,방탄소년단,화양연화 pt.2,885.0
2025-04-13,2025-04-19,2025,16,세븐틴,10th Mini Album `FML`,671.0
2025-04-13,2025-04-19,2025,16,세븐틴,11th Mini Album `SEVENTEENTH HEAVEN`,1408.0
2025-04-13,2025-04-19,2025,16,세븐틴,12th Mini Album `SPILL THE FEELS` (KiT),622.0
2025-04-13,2025-04-19,2025,16,세븐틴,3RD ALBUM ‘An Ode’,664.0
2025-04-13,2025-04-19,2025,16,세븐틴,4th Album `Face the Sun`,3648.0
2025-04-13,2025-04-19,2025,16,세븐틴,9th Mini Album `Attacca`,1484.0
2025-04-13,2025-04-19,2025,16,정국,GOLDEN,1515.0
2025-04-13,2025-04-19,2025,16,지수 (JISOO),AMORTAGE,618.0
2025-04-13,2025-04-19,2025,16,투모로우바이투게더,minisode 3: TOMORROW,1009.0
2025-04-13,2025-04-19,2025,16,투모로우바이투게더,이름의 장: TEMPTATION,517.0
2025-04-13,2025-04-19,2025,16,티아이오티 (TIOT),FLEX LINE,21034.0
2025-04-13,2025-04-19,2025,16,"혁오 (hyukoh), Sunset Rollercoaster 落日飛車",AAA (LP),759.0
2025-04-20,2025-04-26,2025,17,Agust D,D-DAY,491.0
2025-04-20,2025-04-26,2025,17,BABYMONSTER,BABYMONS7ER (Nemo),939.0
2025-04-20,2025-04-26,2025,17,BABYMONSTER,DRIP,655.0
2025-04-20,2025-04-26,2025,17,BLACKPINK,BORN PINK,1051.0
2025-04-20,2025-04-26,2025,17,BLACKPINK,KILL THIS LOVE,554.0
2025-04-20,2025-04-26,2025,17,BLACKPINK,THE ALBUM,654.0
2025-04-20,2025-04-26,2025,17,BOYNEXTDOOR,19.99,1690.0
2025-04-20,2025-04-26,2025,17,BOYNEXTDOOR,HOW?,1166.0
2025-04-20,2025-04-26,2025,17,BOYNEXTDOOR,HOW? (Weverse),518.0
2025-04-20,2025-04-26,2025,17,BOYNEXTDOOR,WHO!,1308.0
2025-04-20,2025-04-26,2025,17,BOYNEXTDOOR,WHO! (Weverse),558.0
2025-04-20,2025-04-26,2025,17,BOYNEXTDOOR,WHY..,1371.0
2025-04-20,2025-04-26,2025,17,CLOSE YOUR EYES (클로즈 유어 아이즈),ETERNALT,1943.0
2025-04-20,2025-04-26,2025,17,NEWBEAT,RAW AND RAD,2107.0
2025-04-20,2025-04-26,2025,17,NewJeans,2nd EP `Get Up`,461.0
2025-04-20,2025-04-26,2025,17,NewJeans,How Sweet,578.0
2025-04-20,2025-04-26,2025,17,PLAVE,ASTERUM : 134-1,786.0
2025-04-20,2025-04-26,2025,17,PLAVE,ASTERUM : The Shape of Things to Come,550.0
2025-04-20,2025-04-26,2025,17,TWS (투어스),3rd Mini Album `TRY WITH US`,553178.0
2025-04-20,2025-04-26,2025,17,TWS (투어스),3rd Mini Album `TRY WITH US` (KiT),12136.0
2025-04-20,2025-04-26,2025,17,TWS (투어스),3rd Mini Album `TRY WITH US` (Weverse),54912.0
2025-04-20,2025-04-26,2025,17,권진아,The Dreamest,1377.0
2025-04-20,2025-04-26,2025,17,로제 (ROSE),rosie,1059.0
2025-04-20,2025-04-26,2025,17,리사 (LISA),LALISA,978.0
2025-04-20,2025-04-26,2025,17,방탄소년단,LOVE YOURSELF 承 `Her`,671.0
2025-04-20,2025-04-26,2025,17,방탄소년단,LOVE YOURSELF 轉 `Tear`,645.0
2025-04-20,2025-04-26,2025,17,방탄소년단,MAP OF THE SOUL : PERSONA,879.0
2025-04-20,2025-04-26,2025,17,방탄소년단,Skool Luv Affair,621.0
2025-04-20,2025-04-26,2025,17,방탄소년단,WINGS,775.0
2025-04-20,2025-04-26,2025,17,방탄소년단,화양연화 Young Forever,653.0
2025-04-20,2025-04-26,2025,17,방탄소년단,화양연화 pt.2,722.0
2025-04-20,2025-04-26,2025,17,세븐틴,4th Album `Face the Sun`,1712.0
2025-04-20,2025-04-26,2025,17,세븐틴,7th Mini Album `헹가래`,486.0
2025-04-20,2025-04-26,2025,17,정국,GOLDEN,940.0
2025-04-20,2025-04-26,2025,17,투모로우바이투게더,minisode 3: TOMORROW,874.0
2025-04-20,2025-04-26,2025,17,투모로우바이투게더,minisode1 : Blue Hour,463.0
2025-04-20,2025-04-26,2025,17,투모로우바이투게더,꿈의 장: STAR,490.0
2025-04-20,2025-04-26,2025,17,티아이오티 (TIOT),FLEX LINE (kiwee album),3564.0
2025-04-20,2025-04-26,2025,17,하성운,Blessed,2040.0
2025-04-27,2025-05-03,2025,18,Agust D,D-DAY,877.0
2025-04-27,2025-05-03,2025,18,BABYMONSTER,BABYMONS7ER,1890.0
2025-04-27,2025-05-03,2025,18,BABYMONSTER,BABYMONS7ER (Nemo),5677.0
2025-04-27,2025-05-03,2025,18,BABYMONSTER,DRIP,4123.0
2025-04-27,2025-05-03,2025,18,BABYMONSTER,DRIP (Nemo),5880.0
2025-04-27,2025-05-03,2025,18,BLACKPINK,BORN PINK,1127.0
2025-04-27,2025-05-03,2025,18,BLACKPINK,KILL THIS LOVE,933.0
2025-04-27,2025-05-03,2025,18,BLACKPINK,SQUARE UP,583.0
2025-04-27,2025-05-03,2025,18,BLACKPINK,THE ALBUM,1130.0
2025-04-27,2025-05-03,2025,18,BOYNEXTDOOR,19.99,1232.0
2025-04-27,2025-05-03,2025,18,BOYNEXTDOOR,HOW?,901.0
2025-04-27,2025-05-03,2025,18,BOYNEXTDOOR,HOW? (Weverse),599.0
2025-04-27,2025-05-03,2025,18,BOYNEXTDOOR,WHO!,2093.0
2025-04-27,2025-05-03,2025,18,BOYNEXTDOOR,WHO! (Weverse),775.0
2025-04-27,2025-05-03,2025,18,BOYNEXTDOOR,WHY..,1606.0
2025-04-27,2025-05-03,2025,18,NEWBEAT,RAW AND RAD,3158.0
2025-04-27,2025-05-03,2025,18,NewJeans,1st EP `New Jeans`,786.0
2025-04-27,2025-05-03,2025,18,NewJeans,2nd EP `Get Up`,635.0
2025-04-27,2025-05-03,2025,18,NewJeans,How Sweet,622.0
2025-04-27,2025-05-03,2025,18,NewJeans,Supernatural,788.0
2025-04-27,2025-05-03,2025,18,NewJeans,`OMG`,984.0
2025-04-27,2025-05-03,2025,18,TWS (투어스),3rd Mini Album `TRY WITH US`,5490.0
2025-04-27,2025-05-03,2025,18,V,Layover,760.0
2025-04-27,2025-05-03,2025,18,검정치마 (The Black Skirts),TEAM BABY,639.0
2025-04-27,2025-05-03,2025,18,로제 (ROSE),R,1689.0
2025-04-27,2025-05-03,2025,18,로제 (ROSE),rosie,1714.0
2025-04-27,2025-05-03,2025,18,로제 (ROSE),rosie (LP),4960.0
2025-04-27,2025-05-03,2025,18,로제 (ROSE),rosie (vampirehollie edition) (LP),14597.0
2025-04-27,2025-05-03,2025,18,방탄소년단,MAP OF THE SOUL : 7,631.0
2025-04-27,2025-05-03,2025,18,방탄소년단,YOU NEVER WALK ALONE,670.0
2025-04-27,2025-05-03,2025,18,방탄소년단,화양연화 Young Forever,788.0
2025-04-27,2025-05-03,2025,18,방탄소년단,화양연화 pt.1,584.0
2025-04-27,2025-05-03,2025,18,방탄소년단,화양연화 pt.2,672.0
2025-04-27,2025-05-03,2025,18,세븐틴,4th Album Repackage `SECTOR 17`,3333.0
2025-04-27,2025-05-03,2025,18,세븐틴,4th Album `Face the Sun`,5650.0
2025-04-27,2025-05-03,2025,18,세븐틴,9th Mini Album `Attacca`,1275.0
2025-04-27,2025-05-03,2025,18,정국,GOLDEN,1516.0
2025-04-27,2025-05-03,2025,18,지수 (JISOO),AMORTAGE,767.0
2025-04-27,2025-05-03,2025,18,투모로우바이투게더,minisode 3: TOMORROW,974.0
2025-04-27,2025-05-03,2025,18,투모로우바이투게더,minisode 3: TOMORROW (Weverse),578.0
2025-04-27,2025-05-03,2025,18,투모로우바이투게더,별의 장: SANCTUARY (LP),18256.0
2025-04-27,2025-05-03,2025,18,투모로우바이투게더,별의 장: SANCTUARY (Weverse),1434.0
2025-04-27,2025-05-03,2025,18,티아이오티 (TIOT),FLEX LINE,2934.0
2025-05-04,2025-05-10,2025,19,BABYMONSTER,BABYMONS7ER (Nemo),666.0
2025-05-04,2025-05-10,2025,19,BABYMONSTER,DRIP,5196.0
2025-05-04,2025-05-10,2025,19,BLACKPINK,BORN PINK,1010.0
2025-05-04,2025-05-10,2025,19,BLACKPINK,KILL THIS LOVE,1045.0
2025-05-04,2025-05-10,2025,19,BOYNEXTDOOR,19.99,1814.0
2025-05-04,2025-05-10,2025,19,BOYNEXTDOOR,19.99 (Weverse),614.0
2025-05-04,2025-05-10,2025,19,BOYNEXTDOOR,HOW?,1432.0
2025-05-04,2025-05-10,2025,19,BOYNEXTDOOR,HOW? (Weverse),963.0
2025-05-04,2025-05-10,2025,19,BOYNEXTDOOR,WHO!,1955.0
2025-05-04,2025-05-10,2025,19,BOYNEXTDOOR,WHY..,1921.0
2025-05-04,2025-05-10,2025,19,BOYNEXTDOOR,WHY.. (Weverse),682.0
2025-05-04,2025-05-10,2025,19,CLOSE YOUR EYES (클로즈 유어 아이즈),ETERNALT,1719.0
2025-05-04,2025-05-10,2025,19,LE SSERAFIM (르세라핌),HOT,1679.0
2025-05-04,2025-05-10,2025,19,NEWBEAT,RAW AND RAD,2212.0
2025-05-04,2025-05-10,2025,19,NewJeans,2nd EP `Get Up`,703.0
2025-05-04,2025-05-10,2025,19,NewJeans,Supernatural,895.0
2025-05-04,2025-05-10,2025,19,PLAVE,ASTERUM : The Shape of Things to Come,670.0
2025-05-04,2025-05-10,2025,19,TWS (투어스),3rd Mini Album `TRY WITH US`,4235.0
2025-05-04,2025-05-10,2025,19,TWS (투어스),3rd Mini Album `TRY WITH US` (Weverse),565.0
2025-05-04,2025-05-10,2025,19,V,Layover,1212.0
2025-05-04,2025-05-10,2025,19,더보이즈(THE BOYZ),Unexpected,27000.0
2025-05-04,2025-05-10,2025,19,로제 (ROSE),rosie,1044.0
2025-05-04,2025-05-10,2025,19,방탄소년단,LOVE YOURSELF 承 `Her`,634.0
2025-05-04,2025-05-10,2025,19,방탄소년단,LOVE YOURSELF 結 `Answer`,558.0
2025-05-04,2025-05-10,2025,19,방탄소년단,Proof,636.0
2025-05-04,2025-05-10,2025,19,세븐틴,11th Mini Album `SEVENTEENTH HEAVEN`,764.0
2025-05-04,2025-05-10,2025,19,세븐틴,11th Mini Album `SEVENTEENTH HEAVEN` (Weverse),558.0
2025-05-04,2025-05-10,2025,19,세븐틴,3RD ALBUM ‘An Ode’,584.0
2025-05-04,2025-05-10,2025,19,세븐틴,4th Album `Face the Sun`,1179.0
2025-05-04,2025-05-10,2025,19,세븐틴,7th Mini Album `헹가래`,685.0
2025-05-04,2025-05-10,2025,19,세븐틴,9th Mini Album `Attacca`,894.0
2025-05-04,2025-05-10,2025,19,정국,GOLDEN,969.0
2025-05-04,2025-05-10,2025,19,제니 (JENNIE),SOLO,1299.0
2025-05-04,2025-05-10,2025,19,투모로우바이투게더,minisode 3: TOMORROW,1012.0
2025-05-04,2025-05-10,2025,19,투모로우바이투게더,별의 장: SANCTUARY,24260.0
2025-05-04,2025-05-10,2025,19,투모로우바이투게더,이름의 장: FREEFALL (Weverse),585.0
2025-05-04,2025-05-10,2025,19,투모로우바이투게더,이름의 장: TEMPTATION,755.0
2025-05-04,2025-05-10,2025,19,투모로우바이투게더,혼돈의 장: FIGHT OR ESCAPE,727.0
2025-05-11,2025-05-17,2025,20,BABYMONSTER,BABYMONS7ER,757.0
2025-05-11,2025-05-17,2025,20,BABYMONSTER,DRIP,1071.0
2025-05-11,2025-05-17,2025,20,BABYMONSTER,DRIP (Nemo),846.0
2025-05-11,2025-05-17,2025,20,BIGBANG (빅뱅),BIGSHOW 2010 VOL.5: BIGBANG LIVE CONCERT,997.0
2025-05-11,2025-05-17,2025,20,BIGBANG (빅뱅),빅뱅 미니앨범 4집,5747.0
2025-05-11,2025-05-17,2025,20,BLACKPINK,BORN PINK,729.0
2025-05-11,2025-05-17,2025,20,BLACKPINK,THE ALBUM,807.0
2025-05-11,2025-05-17,2025,20,BOYNEXTDOOR,19.99,1280.0
2025-05-11,2025-05-17,2025,20,BOYNEXTDOOR,HOW?,2017.0
2025-05-11,2025-05-17,2025,20,BOYNEXTDOOR,No Genre,1068522.0
2025-05-11,2025-05-17,2025,20,BOYNEXTDOOR,No Genre (Weverse),168481.0
2025-05-11,2025-05-17,2025,20,BOYNEXTDOOR,WHO!,801.0
2025-05-11,2025-05-17,2025,20,BOYNEXTDOOR,WHY..,1016.0
2025-05-11,2025-05-17,2025,20,MEOVV (미야오),MY EYES OPEN VVIDE,194355.0
2025-05-11,2025-05-17,2025,20,MEOVV (미야오),MY EYES OPEN VVIDE (Nemo),11700.0
2025-05-11,2025-05-17,2025,20,NEWBEAT,RAW AND RAD,2201.0
2025-05-11,2025-05-17,2025,20,TWS (투어스),3rd Mini Album `TRY WITH US`,734.0
2025-05-11,2025-05-17,2025,20,V,Layover,738.0
2025-05-11,2025-05-17,2025,20,로제 (ROSE),rosie,919.0
2025-05-11,2025-05-17,2025,20,방탄소년단,DARK&WILD,682.0
2025-05-11,2025-05-17,2025,20,방탄소년단,LOVE YOURSELF 結 `Answer`,712.0
2025-05-11,2025-05-17,2025,20,방탄소년단,LOVE YOURSELF 轉 `Tear`,770.0
2025-05-11,2025-05-17,2025,20,방탄소년단,MAP OF THE SOUL : PERSONA,816.0
2025-05-11,2025-05-17,2025,20,방탄소년단,Skool Luv Affair,719.0
2025-05-11,2025-05-17,2025,20,방탄소년단,화양연화 pt.2,814.0
2025-05-11,2025-05-17,2025,20,범규,Panic,80193.0
2025-05-11,2025-05-17,2025,20,세븐틴,11th Mini Album `SEVENTEENTH HEAVEN`,2817.0
2025-05-11,2025-05-17,2025,20,세븐틴,3RD ALBUM ‘An Ode’,1355.0
2025-05-11,2025-05-17,2025,20,세븐틴,4th Album `Face the Sun`,1581.0
2025-05-11,2025-05-17,2025,20,정국,GOLDEN,815.0
2025-05-11,2025-05-17,2025,20,진 (JIN),Echo,743459.0
2025-05-11,2025-05-17,2025,20,진 (JIN),Echo (Weverse),83231.0
2025-05-11,2025-05-17,2025,20,투모로우바이투게더,minisode 3: TOMORROW,687.0
2025-05-11,2025-05-17,2025,20,투모로우바이투게더,별의 장: SANCTUARY,994.0
2025-05-11,2025-05-17,2025,20,투모로우바이투게더,혼돈의 장: FIGHT OR ESCAPE,635.0
2025-05-18,2025-05-24,2025,21,BABYMONSTER,BABYMONS7ER (Nemo),698.0
2025-05-18,2025-05-24,2025,21,BABYMONSTER,DRIP,1175.0
2025-05-18,2025-05-24,2025,21,BABYMONSTER,DRIP (Nemo),909.0
2025-05-18,2025-05-24,2025,21,BLACKPINK,BORN PINK,1444.0
2025-05-18,2025-05-24,2025,21,BLACKPINK,KILL THIS LOVE,929.0
2025-05-18,2025-05-24,2025,21,BLACKPINK,THE ALBUM,1611.0
2025-05-18,2025-05-24,2025,21,BOYNEXTDOOR,HOW?,572.0
2025-05-18,2025-05-24,2025,21,BOYNEXTDOOR,No Genre,35258.0
2025-05-18,2025-05-24,2025,21,BOYNEXTDOOR,No Genre (Weverse),20387.0
2025-05-18,2025-05-24,2025,21,BOYNEXTDOOR,WHO!,751.0
2025-05-18,2025-05-24,2025,21,BOYNEXTDOOR,WHY..,1559.0
2025-05-18,2025-05-24,2025,21,MEOVV (미야오),MY EYES OPEN VVIDE,13854.0
2025-05-18,2025-05-24,2025,21,MEOVV (미야오),MY EYES OPEN VVIDE (Nemo),6544.0
2025-05-18,2025-05-24,2025,21,NewJeans,Supernatural,603.0
2025-05-18,2025-05-24,2025,21,V,Layover,630.0
2025-05-18,2025-05-24,2025,21,VIVIZ (비비지),The 5th Mini Album `VOYAGE`,3873.0
2025-05-18,2025-05-24,2025,21,로제 (ROSE),R,668.0
2025-05-18,2025-05-24,2025,21,로제 (ROSE),rosie,764.0
2025-05-18,2025-05-24,2025,21,로제 (ROSE),rosie (LP),1324.0
2025-05-18,2025-05-24,2025,21,로제 (ROSE),rosie (vampirehollie edition) (LP),2252.0
2025-05-18,2025-05-24,2025,21,방탄소년단,Butter,674.0
2025-05-18,2025-05-24,2025,21,방탄소년단,LOVE YOURSELF 承 `Her`,580.0
2025-05-18,2025-05-24,2025,21,방탄소년단,LOVE YOURSELF 結 `Answer`,754.0
2025-05-18,2025-05-24,2025,21,방탄소년단,LOVE YOURSELF 轉 `Tear`,943.0
2025-05-18,2025-05-24,2025,21,방탄소년단,MAP OF THE SOUL : PERSONA,813.0
2025-05-18,2025-05-24,2025,21,방탄소년단,WINGS,787.0
2025-05-18,2025-05-24,2025,21,방탄소년단,YOU NEVER WALK ALONE,554.0
2025-05-18,2025-05-24,2025,21,방탄소년단,화양연화 Young Forever,832.0
2025-05-18,2025-05-24,2025,21,방탄소년단,화양연화 pt.2,1144.0
2025-05-18,2025-05-24,2025,21,범규,Panic,51592.0
2025-05-18,2025-05-24,2025,21,세븐틴,11th Mini Album `SEVENTEENTH HEAVEN`,726.0
2025-05-18,2025-05-24,2025,21,세븐틴,4th Album `Face the Sun`,640.0
2025-05-18,2025-05-24,2025,21,정국,GOLDEN,1683.0
2025-05-18,2025-05-24,2025,21,진 (JIN),Echo,7879.0
2025-05-18,2025-05-24,2025,21,진 (JIN),Echo (Weverse),2181.0
2025-05-18,2025-05-24,2025,21,투모로우바이투게더,Love Language (SMC),96681.0
2025-05-18,2025-05-24,2025,21,투모로우바이투게더,minisode 3: TOMORROW,567.0
2025-05-18,2025-05-24,2025,21,투모로우바이투게더,별의 장: SANCTUARY,983.0
2025-05-18,2025-05-24,2025,21,투모로우바이투게더,별의 장: SANCTUARY (Weverse),700.0
2025-05-18,2025-05-24,2025,21,투모로우바이투게더,이름의 장: TEMPTATION,848.0
2025-05-18,2025-05-24,2025,21,티아이오티 (TIOT),FLEX LINE,677.0
2025-05-18,2025-05-24,2025,21,"혁오 (hyukoh), Sunset Rollercoaster 落日飛車",AAA,1815.0
2025-05-25,2025-05-31,2025,22,Agust D,D-DAY,491.0
2025-05-25,2025-05-31,2025,22,BABYMONSTER,BABYMONS7ER,967.0
2025-05-25,2025-05-31,2025,22,BABYMONSTER,BABYMONS7ER (Nemo),829.0
2025-05-25,2025-05-31,2025,22,BABYMONSTER,DRIP,1584.0
2025-05-25,2025-05-31,2025,22,BABYMONSTER,DRIP (Nemo),508.0
2025-05-25,2025-05-31,2025,22,BLACKPINK,BORN PINK,741.0
2025-05-25,2025-05-31,2025,22,BLACKPINK,KILL THIS LOVE,1101.0
2025-05-25,2025-05-31,2025,22,BLACKPINK,THE ALBUM,874.0
2025-05-25,2025-05-31,2025,22,BOYNEXTDOOR,HOW? (Weverse),560.0
2025-05-25,2025-05-31,2025,22,BOYNEXTDOOR,No Genre,36032.0
2025-05-25,2025-05-31,2025,22,BOYNEXTDOOR,No Genre (Weverse),32313.0
2025-05-25,2025-05-31,2025,22,BOYNEXTDOOR,WHO!,519.0
2025-05-25,2025-05-31,2025,22,MEOVV (미야오),MY EYES OPEN VVIDE,18410.0
2025-05-25,2025-05-31,2025,22,MEOVV (미야오),MY EYES OPEN VVIDE (Nemo),5255.0
2025-05-25,2025-05-31,2025,22,NEWBEAT,RAW AND RAD,2051.0
2025-05-25,2025-05-31,2025,22,NewJeans,1st EP `New Jeans`,832.0
2025-05-25,2025-05-31,2025,22,NewJeans,Supernatural,715.0
2025-05-25,2025-05-31,2025,22,V,Layover,828.0
2025-05-25,2025-05-31,2025,22,검정치마 (The Black Skirts),TEAM BABY,519.0
2025-05-25,2025-05-31,2025,22,로제 (ROSE),rosie,474.0
2025-05-25,2025-05-31,2025,22,방탄소년단,Butter,466.0
2025-05-25,2025-05-31,2025,22,방탄소년단,DARK&WILD,601.0
2025-05-25,2025-05-31,2025,22,방탄소년단,LOVE YOURSELF 承 `Her`,695.0
2025-05-25,2025-05-31,2025,22,방탄소년단,LOVE YOURSELF 轉 `Tear`,692.0
2025-05-25,2025-05-31,2025,22,방탄소년단,MAP OF THE SOUL : 7,674.0
2025-05-25,2025-05-31,2025,22,방탄소년단,MAP OF THE SOUL : PERSONA,760.0
2025-05-25,2025-05-31,2025,22,방탄소년단,Skool Luv Affair,682.0
2025-05-25,2025-05-31,2025,22,방탄소년단,화양연화 pt.1,629.0
2025-05-25,2025-05-31,2025,22,방탄소년단,화양연화 pt.2,1028.0
2025-05-25,2025-05-31,2025,22,세븐틴,4th Album Repackage `SECTOR 17`,1735.0
2025-05-25,2025-05-31,2025,22,세븐틴,4th Album `Face the Sun`,2681.0
2025-05-25,2025-05-31,2025,22,세븐틴,5th Album `HAPPY BURSTDAY`,2349695.0
2025-05-25,2025-05-31,2025,22,세븐틴,5th Album `HAPPY BURSTDAY` (KiT),202864.0
2025-05-25,2025-05-31,2025,22,세븐틴,5th Album `HAPPY BURSTDAY` (Weverse),180000.0
2025-05-25,2025-05-31,2025,22,세븐틴,9th Mini Album `Attacca`,869.0
2025-05-25,2025-05-31,2025,22,정국,GOLDEN,787.0
2025-05-25,2025-05-31,2025,22,지수 (JISOO),AMORTAGE (Pink ver.) (LP),9917.0
2025-05-25,2025-05-31,2025,22,진 (JIN),Echo,790.0
2025-05-25,2025-05-31,2025,22,투모로우바이투게더,Love Language (SMC),676.0
2025-05-25,2025-05-31,2025,22,투모로우바이투게더,minisode1 : Blue Hour,690.0
2025-05-25,2025-05-31,2025,22,투모로우바이투게더,별의 장: SANCTUARY (Weverse),501.0
2025-05-25,2025-05-31,2025,22,투모로우바이투게더,혼돈의 장: FIGHT OR ESCAPE,474.0
2025-06-01,2025-06-07,2025,23,Agust D,D-DAY,677.0
2025-06-01,2025-06-07,2025,23,BABYMONSTER,BABYMONS7ER,603.0
2025-06-01,2025-06-07,2025,23,BABYMONSTER,BABYMONS7ER (Nemo),1469.0
2025-06-01,2025-06-07,2025,23,BABYMONSTER,DRIP,3677.0
2025-06-01,2025-06-07,2025,23,BABYMONSTER,DRIP (Nemo),1097.0
2025-06-01,2025-06-07,2025,23,BLACKPINK,BORN PINK,1213.0
2025-06-01,2025-06-07,2025,23,BLACKPINK,THE ALBUM,686.0
2025-06-01,2025-06-07,2025,23,BOYNEXTDOOR,19.99,598.0
2025-06-01,2025-06-07,2025,23,BOYNEXTDOOR,HOW?,1750.0
2025-06-01,2025-06-07,2025,23,BOYNEXTDOOR,HOW? (Weverse),422.0
2025-06-01,2025-06-07,2025,23,BOYNEXTDOOR,No Genre,2612.0
2025-06-01,2025-06-07,2025,23,BOYNEXTDOOR,No Genre (Weverse),8428.0
2025-06-01,2025-06-07,2025,23,BOYNEXTDOOR,WHO!,537.0
2025-06-01,2025-06-07,2025,23,BOYNEXTDOOR,WHY..,472.0
2025-06-01,2025-06-07,2025,23,MEOVV (미야오),MY EYES OPEN VVIDE,415.0
2025-06-01,2025-06-07,2025,23,MEOVV (미야오),MY EYES OPEN VVIDE (Nemo),478.0
2025-06-01,2025-06-07,2025,23,NewJeans,2nd EP `Get Up`,644.0
2025-06-01,2025-06-07,2025,23,TWS (투어스),3rd Mini Album `TRY WITH US`,10393.0
2025-06-01,2025-06-07,2025,23,로제 (ROSE),rosie,1045.0
2025-06-01,2025-06-07,2025,23,방탄소년단,LOVE YOURSELF 承 `Her`,471.0
2025-06-01,2025-06-07,2025,23,방탄소년단,LOVE YOURSELF 結 `Answer`,512.0
2025-06-01,2025-06-07,2025,23,방탄소년단,LOVE YOURSELF 轉 `Tear`,1148.0
2025-06-01,2025-06-07,2025,23,방탄소년단,MAP OF THE SOUL : PERSONA,450.0
2025-06-01,2025-06-07,2025,23,방탄소년단,Proof,464.0
2025-06-01,2025-06-07,2025,23,방탄소년단,YOU NEVER WALK ALONE,640.0
2025-06-01,2025-06-07,2025,23,방탄소년단,화양연화 Young Forever,565.0
2025-06-01,2025-06-07,2025,23,방탄소년단,화양연화 pt.2,432.0
2025-06-01,2025-06-07,2025,23,세븐틴,3RD ALBUM ‘An Ode’,465.0
2025-06-01,2025-06-07,2025,23,세븐틴,4th Album `Face the Sun`,1587.0
2025-06-01,2025-06-07,2025,23,세븐틴,5th Album `HAPPY BURSTDAY` (KiT),1302.0
2025-06-01,2025-06-07,2025,23,세븐틴,9th Mini Album `Attacca`,722.0
2025-06-01,2025-06-07,2025,23,신인류,빛나는 스트라이크,585.0
2025-06-01,2025-06-07,2025,23,정국,GOLDEN,1031.0
2025-06-01,2025-06-07,2025,23,제니 (JENNIE),SOLO,519.0
2025-06-01,2025-06-07,2025,23,투모로우바이투게더,Love Language (SMC),459.0
2025-06-01,2025-06-07,2025,23,투모로우바이투게더,minisode 2: Thursday`s Child,1748.0
2025-06-01,2025-06-07,2025,23,투모로우바이투게더,minisode 3: TOMORROW,1009.0
2025-06-01,2025-06-07,2025,23,투모로우바이투게더,별의 장: SANCTUARY,774.0
2025-06-01,2025-06-07,2025,23,투모로우바이투게더,별의 장: SANCTUARY (Weverse),511.0
2025-06-08,2025-06-14,2025,24,BABYMONSTER,BABYMONS7ER (Nemo),1283.0
2025-06-08,2025-06-14,2025,24,BABYMONSTER,DRIP,7836.0
2025-06-08,2025-06-14,2025,24,BLACKPINK,BORN PINK,1664.0
2025-06-08,2025-06-14,2025,24,BLACKPINK,KILL THIS LOVE,1595.0
2025-06-08,2025-06-14,2025,24,BLACKPINK,SQUARE UP,853.0
2025-06-08,2025-06-14,2025,24,BLACKPINK,THE ALBUM,1193.0
2025-06-08,2025-06-14,2025,24,BOYNEXTDOOR,HOW?,757.0
2025-06-08,2025-06-14,2025,24,BOYNEXTDOOR,No Genre,4316.0
2025-06-08,2025-06-14,2025,24,BOYNEXTDOOR,No Genre (Weverse),1511.0
2025-06-08,2025-06-14,2025,24,BOYNEXTDOOR,WHO!,1183.0
2025-06-08,2025-06-14,2025,24,KATSEYE,SIS (Soft Is Strong),767.0
2025-06-08,2025-06-14,2025,24,MEOVV (미야오),MY EYES OPEN VVIDE,1916.0
2025-06-08,2025-06-14,2025,24,MEOVV (미야오),MY EYES OPEN VVIDE (Nemo),4242.0
2025-06-08,2025-06-14,2025,24,NewJeans,Supernatural,1077.0
2025-06-08,2025-06-14,2025,24,TWS (투어스),1st Mini Album `Sparkling Blue`,1159.0
2025-06-08,2025-06-14,2025,24,TWS (투어스),2nd Mini Album `SUMMER BEAT!`,1029.0
2025-06-08,2025-06-14,2025,24,V,Layover,1260.0
2025-06-08,2025-06-14,2025,24,로제 (ROSE),rosie,875.0
2025-06-08,2025-06-14,2025,24,방탄소년단,LOVE YOURSELF 承 `Her`,1140.0
2025-06-08,2025-06-14,2025,24,방탄소년단,LOVE YOURSELF 結 `Answer`,992.0
2025-06-08,2025-06-14,2025,24,방탄소년단,LOVE YOURSELF 轉 `Tear`,1248.0
2025-06-08,2025-06-14,2025,24,방탄소년단,MAP OF THE SOUL : 7,1596.0
2025-06-08,2025-06-14,2025,24,방탄소년단,MAP OF THE SOUL : PERSONA,798.0
2025-06-08,2025-06-14,2025,24,방탄소년단,YOU NEVER WALK ALONE,934.0
2025-06-08,2025-06-14,2025,24,방탄소년단,화양연화 Young Forever,780.0
2025-06-08,2025-06-14,2025,24,방탄소년단,화양연화 pt.1,732.0
2025-06-08,2025-06-14,2025,24,세븐틴,4th Album `Face the Sun`,1082.0
2025-06-08,2025-06-14,2025,24,세븐틴,5th Album `HAPPY BURSTDAY`,60000.0
2025-06-08,2025-06-14,2025,24,세븐틴,5th Album `HAPPY BURSTDAY` (Weverse),6615.0
2025-06-08,2025-06-14,2025,24,세븐틴,9th Mini Album `Attacca`,1105.0
2025-06-08,2025-06-14,2025,24,정국,GOLDEN,1974.0
2025-06-08,2025-06-14,2025,24,투모로우바이투게더,minisode 2: Thursday`s Child,1906.0
2025-06-08,2025-06-14,2025,24,투모로우바이투게더,minisode 3: TOMORROW,897.0
2025-06-08,2025-06-14,2025,24,"혁오 (hyukoh), Sunset Rollercoaster 落日飛車",AAA LIVE,1864.0
2025-06-15,2025-06-21,2025,25,Agust D,D-DAY,886.0
2025-06-15,2025-06-21,2025,25,BABYMONSTER,BABYMONS7ER (Nemo),722.0
2025-06-15,2025-06-21,2025,25,BABYMONSTER,DRIP,2071.0
2025-06-15,2025-06-21,2025,25,BABYMONSTER,DRIP (Nemo),918.0
2025-06-15,2025-06-21,2025,25,BLACKPINK,BORN PINK,1134.0
2025-06-15,2025-06-21,2025,25,BLACKPINK,THE ALBUM,839.0
2025-06-15,2025-06-21,2025,25,BOYNEXTDOOR,19.99,742.0
2025-06-15,2025-06-21,2025,25,BOYNEXTDOOR,19.99 (Weverse),615.0
2025-06-15,2025-06-21,2025,25,BOYNEXTDOOR,No Genre,10000.0
2025-06-15,2025-06-21,2025,25,BOYNEXTDOOR,No Genre (Weverse),625.0
2025-06-15,2025-06-21,2025,25,CLOSE YOUR EYES (클로즈 유어 아이즈),ETERNALT,2440.0
2025-06-15,2025-06-21,2025,25,KATSEYE,SIS (Soft Is Strong),800.0
2025-06-15,2025-06-21,2025,25,MEOVV (미야오),MY EYES OPEN VVIDE,1044.0
2025-06-15,2025-06-21,2025,25,NewJeans,1st EP `New Jeans`,671.0
2025-06-15,2025-06-21,2025,25,NewJeans,2nd EP `Get Up`,655.0
2025-06-15,2025-06-21,2025,25,NewJeans,How Sweet,920.0
2025-06-15,2025-06-21,2025,25,NewJeans,Supernatural,2291.0
2025-06-15,2025-06-21,2025,25,NewJeans,`OMG`,634.0
2025-06-15,2025-06-21,2025,25,PLAVE,ASTERUM (POCA),10148.0
2025-06-15,2025-06-21,2025,25,PLAVE,ASTERUM : 134-1,10130.0
2025-06-15,2025-06-21,2025,25,PLAVE,ASTERUM : 134-1 (POCA),5153.0
2025-06-15,2025-06-21,2025,25,PLAVE,ASTERUM : The Shape of Things to Come,5184.0
2025-06-15,2025-06-21,2025,25,PLAVE,`Caligo Pt.1` (POCA),5024.0
2025-06-15,2025-06-21,2025,25,V,Layover,822.0
2025-06-15,2025-06-21,2025,25,로제 (ROSE),rosie,742.0
2025-06-15,2025-06-21,2025,25,방탄소년단,Butter,907.0
2025-06-15,2025-06-21,2025,25,방탄소년단,LOVE YOURSELF 承 `Her`,895.0
2025-06-15,2025-06-21,2025,25,방탄소년단,LOVE YOURSELF 結 `Answer`,830.0
2025-06-15,2025-06-21,2025,25,방탄소년단,LOVE YOURSELF 轉 `Tear`,1569.0
2025-06-15,2025-06-21,2025,25,방탄소년단,MAP OF THE SOUL : 7,759.0
2025-06-15,2025-06-21,2025,25,방탄소년단,MAP OF THE SOUL : PERSONA,956.0
2025-06-15,2025-06-21,2025,25,방탄소년단,Proof,1344.0
2025-06-15,2025-06-21,2025,25,방탄소년단,YOU NEVER WALK ALONE,1109.0
2025-06-15,2025-06-21,2025,25,방탄소년단,화양연화 pt.1,964.0
2025-06-15,2025-06-21,2025,25,방탄소년단,화양연화 pt.2,1547.0
2025-06-15,2025-06-21,2025,25,세븐틴,4th Album `Face the Sun`,938.0
2025-06-15,2025-06-21,2025,25,세븐틴,5th Album `HAPPY BURSTDAY`,44391.0
2025-06-15,2025-06-21,2025,25,세븐틴,9th Mini Album `Attacca`,960.0
2025-06-15,2025-06-21,2025,25,정국,GOLDEN,2177.0
2025-06-15,2025-06-21,2025,25,지수 (JISOO),AMORTAGE (Heart ver.) (LP),599.0
2025-06-15,2025-06-21,2025,25,투모로우바이투게더,minisode 3: TOMORROW,703.0
2025-06-15,2025-06-21,2025,25,투모로우바이투게더,별의 장: SANCTUARY (Weverse),599.0
2025-06-15,2025-06-21,2025,25,투모로우바이투게더,이름의 장: TEMPTATION,801.0
2025-06-15,2025-06-21,2025,25,한로로,이상비행 (LP),1000.0
2025-06-22,2025-06-28,2025,26,ALLDAY PROJECT,FAMOUS,13087.0
2025-06-22,2025-06-28,2025,26,ALLDAY PROJECT,FAMOUS (Nemo),9945.0
2025-06-22,2025-06-28,2025,26,Agust D,D-DAY,613.0
2025-06-22,2025-06-28,2025,26,BABYMONSTER,BABYMONS7ER (Nemo),1058.0
2025-06-22,2025-06-28,2025,26,BABYMONSTER,DRIP,18180.0
2025-06-22,2025-06-28,2025,26,BABYMONSTER,DRIP (Nemo),26232.0
2025-06-22,2025-06-28,2025,26,BLACKPINK,BORN PINK,2052.0
2025-06-22,2025-06-28,2025,26,BLACKPINK,KILL THIS LOVE,1267.0
2025-06-22,2025-06-28,2025,26,BLACKPINK,SQUARE UP,588.0
2025-06-22,2025-06-28,2025,26,BLACKPINK,THE ALBUM,1193.0
2025-06-22,2025-06-28,2025,26,BOYNEXTDOOR,No Genre (Weverse),965.0
2025-06-22,2025-06-28,2025,26,KATSEYE,BEAUTIFUL CHAOS,20800.0
2025-06-22,2025-06-28,2025,26,KATSEYE,SIS (Soft Is Strong),747.0
2025-06-22,2025-06-28,2025,26,NewJeans,How Sweet,637.0
2025-06-22,2025-06-28,2025,26,NewJeans,Supernatural,658.0
2025-06-22,2025-06-28,2025,26,V,Layover,1003.0
2025-06-22,2025-06-28,2025,26,로제 (ROSE),R,817.0
2025-06-22,2025-06-28,2025,26,방탄소년단,2 Cool 4 Skool,629.0
2025-06-22,2025-06-28,2025,26,방탄소년단,2025 BTS FESTA : CAPSULE ALBUM Vol.1 (SMC),242047.0
2025-06-22,2025-06-28,2025,26,방탄소년단,LOVE YOURSELF 承 `Her`,1088.0
2025-06-22,2025-06-28,2025,26,방탄소년단,LOVE YOURSELF 結 `Answer`,1107.0
2025-06-22,2025-06-28,2025,26,방탄소년단,LOVE YOURSELF 轉 `Tear`,1225.0
2025-06-22,2025-06-28,2025,26,방탄소년단,MAP OF THE SOUL : 7,590.0
2025-06-22,2025-06-28,2025,26,방탄소년단,MAP OF THE SOUL : PERSONA,1460.0
2025-06-22,2025-06-28,2025,26,방탄소년단,Skool Luv Affair,885.0
2025-06-22,2025-06-28,2025,26,방탄소년단,WINGS,1128.0
2025-06-22,2025-06-28,2025,26,방탄소년단,YOU NEVER WALK ALONE,785.0
2025-06-22,2025-06-28,2025,26,방탄소년단,화양연화 Young Forever,1061.0
2025-06-22,2025-06-28,2025,26,방탄소년단,화양연화 pt.2,1522.0
2025-06-22,2025-06-28,2025,26,세븐틴,10th Mini Album `FML` (Weverse),582.0
2025-06-22,2025-06-28,2025,26,세븐틴,4th Album `Face the Sun`,2008.0
2025-06-22,2025-06-28,2025,26,세븐틴,4th Album `Face the Sun` (Weverse),646.0
2025-06-22,2025-06-28,2025,26,세븐틴,5th Album `HAPPY BURSTDAY`,80916.0
2025-06-22,2025-06-28,2025,26,세븐틴,7th Mini Album `헹가래`,609.0
2025-06-22,2025-06-28,2025,26,세븐틴,9th Mini Album `Attacca`,924.0
2025-06-22,2025-06-28,2025,26,정국,GOLDEN,2899.0
2025-06-22,2025-06-28,2025,26,지수 (JISOO),AMORTAGE,579.0
2025-06-22,2025-06-28,2025,26,지수 (JISOO),AMORTAGE (Heart ver.) (LP),12727.0
2025-06-22,2025-06-28,2025,26,투모로우바이투게더,minisode 3: TOMORROW,614.0
2025-06-22,2025-06-28,2025,26,투모로우바이투게더,혼돈의 장: FIGHT OR ESCAPE,557.0
2025-06-29,2025-07-05,2025,27,ALLDAY PROJECT,FAMOUS,15382.0
2025-06-29,2025-07-05,2025,27,ALLDAY PROJECT,FAMOUS (Nemo),7883.0
2025-06-29,2025-07-05,2025,27,Agust D,D-DAY,766.0
2025-06-29,2025-07-05,2025,27,BABYMONSTER,BABYMONS7ER (Nemo),698.0
2025-06-29,2025-07-05,2025,27,BABYMONSTER,DRIP,3942.0
2025-06-29,2025-07-05,2025,27,BABYMONSTER,DRIP (Nemo),909.0
2025-06-29,2025-07-05,2025,27,BLACKPINK,BORN PINK,2162.0
2025-06-29,2025-07-05,2025,27,BLACKPINK,SQUARE UP,1067.0
2025-06-29,2025-07-05,2025,27,BLACKPINK,THE ALBUM,1383.0
2025-06-29,2025-07-05,2025,27,BOYNEXTDOOR,19.99,797.0
2025-06-29,2025-07-05,2025,27,BOYNEXTDOOR,HOW?,932.0
2025-06-29,2025-07-05,2025,27,BOYNEXTDOOR,HOW? (Weverse),725.0
2025-06-29,2025-07-05,2025,27,KATSEYE,BEAUTIFUL CHAOS,3952.0
2025-06-29,2025-07-05,2025,27,KATSEYE,SIS (Soft Is Strong),887.0
2025-06-29,2025-07-05,2025,27,MEOVV (미야오),MY EYES OPEN VVIDE,13481.0
2025-06-29,2025-07-05,2025,27,NewJeans,2nd EP `Get Up`,1204.0
2025-06-29,2025-07-05,2025,27,NewJeans,Supernatural,1181.0
2025-06-29,2025-07-05,2025,27,V,Layover,1117.0
2025-06-29,2025-07-05,2025,27,로제 (ROSE),R,1200.0
2025-06-29,2025-07-05,2025,27,로제 (ROSE),rosie,1622.0
2025-06-29,2025-07-05,2025,27,방탄소년단,DARK&WILD,756.0
2025-06-29,2025-07-05,2025,27,방탄소년단,MAP OF THE SOUL : 7,710.0
2025-06-29,2025-07-05,2025,27,방탄소년단,MAP OF THE SOUL : PERSONA,863.0
2025-06-29,2025-07-05,2025,27,방탄소년단,"O!RUL8,2?",604.0
2025-06-29,2025-07-05,2025,27,방탄소년단,Skool Luv Affair,744.0
2025-06-29,2025-07-05,2025,27,방탄소년단,화양연화 Young Forever,1385.0
2025-06-29,2025-07-05,2025,27,방탄소년단,화양연화 pt.2,1100.0
2025-06-29,2025-07-05,2025,27,세븐틴,4th Album `Face the Sun`,1587.0
2025-06-29,2025-07-05,2025,27,세븐틴,5th Album `HAPPY BURSTDAY`,2626.0
2025-06-29,2025-07-05,2025,27,세븐틴,5th Album `HAPPY BURSTDAY` (Weverse),1685.0
2025-06-29,2025-07-05,2025,27,정국,GOLDEN,2145.0
2025-06-29,2025-07-05,2025,27,투모로우바이투게더,minisode 2: Thursday`s Child,824.0
2025-06-29,2025-07-05,2025,27,투모로우바이투게더,minisode 3: TOMORROW,917.0
2025-07-06,2025-07-12,2025,28,ALLDAY PROJECT,FAMOUS,6801.0
2025-07-06,2025-07-12,2025,28,BABYMONSTER,BABYMONS7ER (Nemo),947.0
2025-07-06,2025-07-12,2025,28,BLACKPINK,BORN PINK,1400.0
2025-07-06,2025-07-12,2025,28,BLACKPINK,SQUARE UP,1566.0
2025-07-06,2025-07-12,2025,28,BLACKPINK,THE ALBUM,1812.0
2025-07-06,2025-07-12,2025,28,BOYNEXTDOOR,No Genre,7510.0
2025-07-06,2025-07-12,2025,28,BOYNEXTDOOR,WHY..,871.0
2025-07-06,2025-07-12,2025,28,CLOSE YOUR EYES (클로즈 유어 아이즈),Snowy Summer,43897.0
2025-07-06,2025-07-12,2025,28,CLOSE YOUR EYES (클로즈 유어 아이즈),Snowy Summer (POCA),45956.0
2025-07-06,2025-07-12,2025,28,KATSEYE,BEAUTIFUL CHAOS,4362.0
2025-07-06,2025-07-12,2025,28,MEOVV (미야오),MY EYES OPEN VVIDE,1421.0
2025-07-06,2025-07-12,2025,28,NewJeans,1st EP `New Jeans`,1381.0
2025-07-06,2025-07-12,2025,28,NewJeans,How Sweet,1261.0
2025-07-06,2025-07-12,2025,28,NewJeans,Supernatural,1973.0
2025-07-06,2025-07-12,2025,28,NewJeans,`OMG`,1100.0
2025-07-06,2025-07-12,2025,28,V,Layover,1040.0
2025-07-06,2025-07-12,2025,28,VIVIZ (비비지),The 1st Album `A Montage of ( )`,48000.0
2025-07-06,2025-07-12,2025,28,VIVIZ (비비지),The 1st Album `A Montage of ( )` (WITHVUU),5000.0
2025-07-06,2025-07-12,2025,28,j-hope,Charm of HOPE (Killin` It Girl Ver.) (SMC),41186.0
2025-07-06,2025-07-12,2025,28,j-hope,Charm of HOPE (MONA LISA Ver.) (SMC),41170.0
2025-07-06,2025-07-12,2025,28,j-hope,Charm of HOPE (Sweet Dreams Ver.) (SMC),46168.0
2025-07-06,2025-07-12,2025,28,로제 (ROSE),R,1568.0
2025-07-06,2025-07-12,2025,28,로제 (ROSE),rosie,2173.0
2025-07-06,2025-07-12,2025,28,방탄소년단,LOVE YOURSELF 承 `Her`,1104.0
2025-07-06,2025-07-12,2025,28,방탄소년단,LOVE YOURSELF 結 `Answer`,1104.0
2025-07-06,2025-07-12,2025,28,방탄소년단,MAP OF THE SOUL : 7,910.0
2025-07-06,2025-07-12,2025,28,방탄소년단,MAP OF THE SOUL : PERSONA,887.0
2025-07-06,2025-07-12,2025,28,방탄소년단,Skool Luv Affair,1294.0
2025-07-06,2025-07-12,2025,28,방탄소년단,WINGS,937.0
2025-07-06,2025-07-12,2025,28,방탄소년단,YOU NEVER WALK ALONE,869.0
2025-07-06,2025-07-12,2025,28,방탄소년단,화양연화 pt.1,847.0
2025-07-06,2025-07-12,2025,28,방탄소년단,화양연화 pt.2,1014.0
2025-07-06,2025-07-12,2025,28,세븐틴,4th Album `Face the Sun`,2196.0
2025-07-06,2025-07-12,2025,28,세븐틴,5th Album `HAPPY BURSTDAY`,1024.0
2025-07-06,2025-07-12,2025,28,세븐틴,9th Mini Album `Attacca`,2209.0
2025-07-06,2025-07-12,2025,28,정국,GOLDEN,1937.0
2025-07-06,2025-07-12,2025,28,투모로우바이투게더,minisode 3: TOMORROW,968.0
2025-07-06,2025-07-12,2025,28,투모로우바이투게더,혼돈의 장: FIGHT OR ESCAPE,1198.0
2025-07-06,2025-07-12,2025,28,호시X우지 (SEVENTEEN),1st Single Album `BEAM`,3247.0
2025-07-13,2025-07-19,2025,29,ALLDAY PROJECT,FAMOUS,3028.0
2025-07-13,2025-07-19,2025,29,ALLDAY PROJECT,FAMOUS (Nemo),9752.0
2025-07-13,2025-07-19,2025,29,BABYMONSTER,BABYMONS7ER (Nemo),1309.0
2025-07-13,2025-07-19,2025,29,BABYMONSTER,DRIP,1024.0
2025-07-13,2025-07-19,2025,29,BABYMONSTER,DRIP (Nemo),964.0
2025-07-13,2025-07-19,2025,29,BLACKPINK,BORN PINK,2908.0
2025-07-13,2025-07-19,2025,29,BLACKPINK,KILL THIS LOVE,3434.0
2025-07-13,2025-07-19,2025,29,BLACKPINK,SQUARE UP,1269.0
2025-07-13,2025-07-19,2025,29,BLACKPINK,THE ALBUM,1209.0
2025-07-13,2025-07-19,2025,29,BOYNEXTDOOR,No Genre (Weverse),848.0
2025-07-13,2025-07-19,2025,29,CLOSE YOUR EYES (클로즈 유어 아이즈),Snowy Summer,8538.0
2025-07-13,2025-07-19,2025,29,CLOSE YOUR EYES (클로즈 유어 아이즈),Snowy Summer (POCA),64225.0
2025-07-13,2025-07-19,2025,29,KATSEYE,BEAUTIFUL CHAOS,885.0
2025-07-13,2025-07-19,2025,29,LE SSERAFIM (르세라핌),HOT,20343.0
2025-07-13,2025-07-19,2025,29,NewJeans,2nd EP `Get Up`,817.0
2025-07-13,2025-07-19,2025,29,NewJeans,Supernatural,1156.0
2025-07-13,2025-07-19,2025,29,V,Layover,974.0
2025-07-13,2025-07-19,2025,29,VIVIZ (비비지),The 1st Album `A Montage of ( )` (WITHVUU),3000.0
2025-07-13,2025-07-19,2025,29,j-hope,Charm of HOPE (Killin` It Girl Ver.) (SMC),7450.0
2025-07-13,2025-07-19,2025,29,j-hope,Charm of HOPE (MONA LISA Ver.) (SMC),7475.0
2025-07-13,2025-07-19,2025,29,j-hope,Charm of HOPE (Sweet Dreams Ver.) (SMC),7577.0
2025-07-13,2025-07-19,2025,29,로제 (ROSE),rosie,1513.0
2025-07-13,2025-07-19,2025,29,방탄소년단,LOVE YOURSELF 轉 `Tear`,1402.0
2025-07-13,2025-07-19,2025,29,방탄소년단,PERMISSION TO DANCE ON STAGE - LIVE,446651.0
2025-07-13,2025-07-19,2025,29,방탄소년단,Skool Luv Affair,838.0
2025-07-13,2025-07-19,2025,29,방탄소년단,화양연화 pt.2,808.0
2025-07-13,2025-07-19,2025,29,세븐틴,4th Album `Face the Sun`,3489.0
2025-07-13,2025-07-19,2025,29,세븐틴,5th Album `HAPPY BURSTDAY`,869.0
2025-07-13,2025-07-19,2025,29,세븐틴,9th Mini Album `Attacca`,1596.0
2025-07-13,2025-07-19,2025,29,이찬혁,EROS,1697.0
2025-07-13,2025-07-19,2025,29,정국,GOLDEN,1087.0
2025-07-13,2025-07-19,2025,29,제니 (JENNIE),SOLO,1030.0
2025-07-13,2025-07-19,2025,29,지수 (JISOO),AMORTAGE,813.0
2025-07-13,2025-07-19,2025,29,투모로우바이투게더,minisode 3: TOMORROW,993.0
2025-07-13,2025-07-19,2025,29,포레스텔라(Forestella),Everything (kiwee album),9945.0
2025-07-20,2025-07-26,2025,30,Agust D,D-DAY,1139.0
2025-07-20,2025-07-26,2025,30,BABYMONSTER,BABYMONS7ER (Nemo),1117.0
2025-07-20,2025-07-26,2025,30,BLACKPINK,BORN PINK,2417.0
2025-07-20,2025-07-26,2025,30,BLACKPINK,KILL THIS LOVE,1613.0
2025-07-20,2025-07-26,2025,30,BLACKPINK,SQUARE UP,1265.0
2025-07-20,2025-07-26,2025,30,BLACKPINK,THE ALBUM,1710.0
2025-07-20,2025-07-26,2025,30,BOYNEXTDOOR,19.99,884.0
2025-07-20,2025-07-26,2025,30,BOYNEXTDOOR,HOW?,883.0
2025-07-20,2025-07-26,2025,30,BOYNEXTDOOR,No Genre,15688.0
2025-07-20,2025-07-26,2025,30,CLOSE YOUR EYES (클로즈 유어 아이즈),Snowy Summer (POCA),2245.0
2025-07-20,2025-07-26,2025,30,MEOVV (미야오),MY EYES OPEN VVIDE,2582.0
2025-07-20,2025-07-26,2025,30,NewJeans,2nd EP `Get Up`,1018.0
2025-07-20,2025-07-26,2025,30,NewJeans,How Sweet (Weverse),1010.0
2025-07-20,2025-07-26,2025,30,NewJeans,Supernatural (Weverse),1094.0
2025-07-20,2025-07-26,2025,30,V,Layover,1155.0
2025-07-20,2025-07-26,2025,30,VIVIZ (비비지),The 1st Album `A Montage of ( )`,12000.0
2025-07-20,2025-07-26,2025,30,j-hope,Charm of HOPE (Killin` It Girl Ver.) (SMC),1702.0
2025-07-20,2025-07-26,2025,30,j-hope,Charm of HOPE (MONA LISA Ver.) (SMC),1162.0
2025-07-20,2025-07-26,2025,30,j-hope,Charm of HOPE (Sweet Dreams Ver.) (SMC),1246.0
2025-07-20,2025-07-26,2025,30,로제 (ROSE),R,1189.0
2025-07-20,2025-07-26,2025,30,방탄소년단,2025 BTS FESTA : CAPSULE ALBUM Vol.1 (SMC),5600.0
2025-07-20,2025-07-26,2025,30,방탄소년단,LOVE YOURSELF 結 `Answer`,1354.0
2025-07-20,2025-07-26,2025,30,방탄소년단,LOVE YOURSELF 轉 `Tear`,1912.0
2025-07-20,2025-07-26,2025,30,방탄소년단,MAP OF THE SOUL : 7,1570.0
2025-07-20,2025-07-26,2025,30,방탄소년단,MAP OF THE SOUL : PERSONA,1762.0
2025-07-20,2025-07-26,2025,30,방탄소년단,PERMISSION TO DANCE ON STAGE - LIVE,5496.0
2025-07-20,2025-07-26,2025,30,방탄소년단,화양연화 Young Forever,1333.0
2025-07-20,2025-07-26,2025,30,방탄소년단,화양연화 pt.1,1157.0
2025-07-20,2025-07-26,2025,30,방탄소년단,화양연화 pt.2,1770.0
2025-07-20,2025-07-26,2025,30,세븐틴,3RD ALBUM ‘An Ode’,1576.0
2025-07-20,2025-07-26,2025,30,세븐틴,4th Album `Face the Sun`,2732.0
2025-07-20,2025-07-26,2025,30,세븐틴,9th Mini Album `Attacca`,3339.0
2025-07-20,2025-07-26,2025,30,정국,GOLDEN,2241.0
2025-07-20,2025-07-26,2025,30,투모로우바이투게더,minisode 3: TOMORROW,1115.0
2025-07-20,2025-07-26,2025,30,투모로우바이투게더,별의 장: SANCTUARY,851.0
2025-07-20,2025-07-26,2025,30,투모로우바이투게더,별의 장: TOGETHER,1614628.0
2025-07-20,2025-07-26,2025,30,투모로우바이투게더,별의 장: TOGETHER (SMC),108991.0
2025-07-20,2025-07-26,2025,30,투모로우바이투게더,별의 장: TOGETHER (Weverse),100000.0
2025-07-20,2025-07-26,2025,30,투모로우바이투게더,이름의 장: TEMPTATION,1058.0
2025-07-27,2025-08-02,2025,31,ALLDAY PROJECT,FAMOUS,10362.0
2025-07-27,2025-08-02,2025,31,ALLDAY PROJECT,FAMOUS (Nemo),11589.0
2025-07-27,2025-08-02,2025,31,Agust D,D-DAY,823.0
2025-07-27,2025-08-02,2025,31,BABYMONSTER,DRIP,1074.0
2025-07-27,2025-08-02,2025,31,BLACKPINK,KILL THIS LOVE,1386.0
2025-07-27,2025-08-02,2025,31,BLACKPINK,THE ALBUM,1665.0
2025-07-27,2025-08-02,2025,31,BOYNEXTDOOR,19.99,1435.0
2025-07-27,2025-08-02,2025,31,BOYNEXTDOOR,HOW?,1693.0
2025-07-27,2025-08-02,2025,31,BOYNEXTDOOR,No Genre,1554.0
2025-07-27,2025-08-02,2025,31,BOYNEXTDOOR,No Genre (Weverse),1186.0
2025-07-27,2025-08-02,2025,31,BOYNEXTDOOR,WHO!,948.0
2025-07-27,2025-08-02,2025,31,BOYNEXTDOOR,WHY..,803.0
2025-07-27,2025-08-02,2025,31,CLOSE YOUR EYES (클로즈 유어 아이즈),Snowy Summer (POCA),8808.0
2025-07-27,2025-08-02,2025,31,NewJeans,1st EP `New Jeans`,1333.0
2025-07-27,2025-08-02,2025,31,NewJeans,2nd EP `Get Up`,1465.0
2025-07-27,2025-08-02,2025,31,NewJeans,How Sweet,737.0
2025-07-27,2025-08-02,2025,31,NewJeans,Supernatural,2615.0
2025-07-27,2025-08-02,2025,31,NewJeans,`OMG`,966.0
2025-07-27,2025-08-02,2025,31,V,Layover,934.0
2025-07-27,2025-08-02,2025,31,로제 (ROSE),rosie,1070.0
2025-07-27,2025-08-02,2025,31,방탄소년단,2025 BTS FESTA : CAPSULE ALBUM Vol.1 (SMC),1820.0
2025-07-27,2025-08-02,2025,31,방탄소년단,LOVE YOURSELF 承 `Her`,950.0
2025-07-27,2025-08-02,2025,31,방탄소년단,PERMISSION TO DANCE ON STAGE - LIVE,1449.0
2025-07-27,2025-08-02,2025,31,방탄소년단,화양연화 pt.2,1092.0
2025-07-27,2025-08-02,2025,31,세븐틴,11th Mini Album `SEVENTEENTH HEAVEN`,1177.0
2025-07-27,2025-08-02,2025,31,세븐틴,4th Album `Face the Sun`,1513.0
2025-07-27,2025-08-02,2025,31,세븐틴,8th Mini Album `Your Choice`,832.0
2025-07-27,2025-08-02,2025,31,세븐틴,9th Mini Album `Attacca`,1392.0
2025-07-27,2025-08-02,2025,31,정국,GOLDEN,1456.0
2025-07-27,2025-08-02,2025,31,투모로우바이투게더,별의 장: TOGETHER,151658.0
2025-07-27,2025-08-02,2025,31,투모로우바이투게더,별의 장: TOGETHER (SMC),12580.0
2025-07-27,2025-08-02,2025,31,투모로우바이투게더,별의 장: TOGETHER (Weverse),42842.0
2025-07-27,2025-08-02,2025,31,티아이오티 (TIOT),FLEX LINE (kiwee album),979.0
2025-07-27,2025-08-02,2025,31,포레스텔라(Forestella),Everything (kiwee album),6584.0
2025-08-03,2025-08-09,2025,32,ALLDAY PROJECT,FAMOUS,9688.0
2025-08-03,2025-08-09,2025,32,BABYMONSTER,DRIP,807.0
2025-08-03,2025-08-09,2025,32,BLACKPINK,BORN PINK,3375.0
2025-08-03,2025-08-09,2025,32,BLACKPINK,KILL THIS LOVE,1997.0
2025-08-03,2025-08-09,2025,32,BLACKPINK,THE ALBUM,2046.0
2025-08-03,2025-08-09,2025,32,BOYNEXTDOOR,19.99,1098.0
2025-08-03,2025-08-09,2025,32,BOYNEXTDOOR,HOW?,1578.0
2025-08-03,2025-08-09,2025,32,BOYNEXTDOOR,No Genre,1382.0
2025-08-03,2025-08-09,2025,32,BOYNEXTDOOR,No Genre (Weverse),1171.0
2025-08-03,2025-08-09,2025,32,BOYNEXTDOOR,WHY..,2008.0
2025-08-03,2025-08-09,2025,32,CLOSE YOUR EYES (클로즈 유어 아이즈),Snowy Summer (POCA),5621.0
2025-08-03,2025-08-09,2025,32,KATSEYE,BEAUTIFUL CHAOS,8952.0
2025-08-03,2025-08-09,2025,32,NewJeans,1st EP `New Jeans`,1411.0
2025-08-03,2025-08-09,2025,32,NewJeans,2nd EP `Get Up`,787.0
2025-08-03,2025-08-09,2025,32,NewJeans,Supernatural,1187.0
2025-08-03,2025-08-09,2025,32,RM,"Right Place, Wrong Person (LP)",24703.0
2025-08-03,2025-08-09,2025,32,V,Layover,962.0
2025-08-03,2025-08-09,2025,32,VIVIZ (비비지),The 1st Album `A Montage of ( )`,2270.0
2025-08-03,2025-08-09,2025,32,j-hope,Charm of HOPE (Killin` It Girl Ver.) (SMC),1338.0
2025-08-03,2025-08-09,2025,32,j-hope,Charm of HOPE (MONA LISA Ver.) (SMC),1328.0
2025-08-03,2025-08-09,2025,32,j-hope,Charm of HOPE (Sweet Dreams Ver.) (SMC),1480.0
2025-08-03,2025-08-09,2025,32,로제 (ROSE),R,1310.0
2025-08-03,2025-08-09,2025,32,로제 (ROSE),rosie,1162.0
2025-08-03,2025-08-09,2025,32,방탄소년단,LOVE YOURSELF 承 `Her`,1240.0
2025-08-03,2025-08-09,2025,32,방탄소년단,LOVE YOURSELF 轉 `Tear`,1013.0
2025-08-03,2025-08-09,2025,32,방탄소년단,MAP OF THE SOUL : PERSONA,1085.0
2025-08-03,2025-08-09,2025,32,방탄소년단,PERMISSION TO DANCE ON STAGE - LIVE,1510.0
2025-08-03,2025-08-09,2025,32,방탄소년단,WINGS,1032.0
2025-08-03,2025-08-09,2025,32,방탄소년단,화양연화 Young Forever,1106.0
2025-08-03,2025-08-09,2025,32,방탄소년단,화양연화 pt.2,816.0
2025-08-03,2025-08-09,2025,32,세븐틴,11th Mini Album `SEVENTEENTH HEAVEN`,1109.0
2025-08-03,2025-08-09,2025,32,세븐틴,4th Album `Face the Sun`,2483.0
2025-08-03,2025-08-09,2025,32,세븐틴,5th Album `HAPPY BURSTDAY`,1427.0
2025-08-03,2025-08-09,2025,32,정국,GOLDEN,1665.0
2025-08-03,2025-08-09,2025,32,투모로우바이투게더,minisode 3: TOMORROW,841.0
2025-08-03,2025-08-09,2025,32,투모로우바이투게더,별의 장: TOGETHER,18106.0
2025-08-03,2025-08-09,2025,32,투모로우바이투게더,별의 장: TOGETHER (SMC),20461.0
2025-08-03,2025-08-09,2025,32,투모로우바이투게더,별의 장: TOGETHER (Weverse),7549.0
2025-08-03,2025-08-09,2025,32,투모로우바이투게더,이름의 장: TEMPTATION,904.0
2025-08-03,2025-08-09,2025,32,한로로,자몽살구클럽,7127.0
2025-08-10,2025-08-16,2025,33,BABYMONSTER,BABYMONS7ER (Nemo),944.0
2025-08-10,2025-08-16,2025,33,BABYMONSTER,DRIP,1244.0
2025-08-10,2025-08-16,2025,33,BLACKPINK,BORN PINK,3305.0
2025-08-10,2025-08-16,2025,33,BLACKPINK,KILL THIS LOVE,1266.0
2025-08-10,2025-08-16,2025,33,BLACKPINK,SPECIAL EDITION [How You Like That],892.0
2025-08-10,2025-08-16,2025,33,BLACKPINK,THE ALBUM,2405.0
2025-08-10,2025-08-16,2025,33,BOYNEXTDOOR,19.99,823.0
2025-08-10,2025-08-16,2025,33,BOYNEXTDOOR,HOW?,1114.0
2025-08-10,2025-08-16,2025,33,BOYNEXTDOOR,No Genre,920.0
2025-08-10,2025-08-16,2025,33,BOYNEXTDOOR,WHO!,3377.0
2025-08-10,2025-08-16,2025,33,BOYNEXTDOOR,WHY..,1280.0
2025-08-10,2025-08-16,2025,33,CLOSE YOUR EYES (클로즈 유어 아이즈),Snowy Summer (POCA),5917.0
2025-08-10,2025-08-16,2025,33,KATSEYE,BEAUTIFUL CHAOS,2049.0
2025-08-10,2025-08-16,2025,33,NewJeans,1st EP `New Jeans`,1698.0
2025-08-10,2025-08-16,2025,33,NewJeans,2nd EP `Get Up`,997.0
2025-08-10,2025-08-16,2025,33,NewJeans,Supernatural,1870.0
2025-08-10,2025-08-16,2025,33,로제 (ROSE),rosie,1455.0
2025-08-10,2025-08-16,2025,33,방탄소년단,2025 BTS FESTA : CAPSULE ALBUM Vol.1 (SMC),871.0
2025-08-10,2025-08-16,2025,33,방탄소년단,LOVE YOURSELF 承 `Her`,1169.0
2025-08-10,2025-08-16,2025,33,방탄소년단,LOVE YOURSELF 轉 `Tear`,1072.0
2025-08-10,2025-08-16,2025,33,방탄소년단,MAP OF THE SOUL : PERSONA,900.0
2025-08-10,2025-08-16,2025,33,방탄소년단,PERMISSION TO DANCE ON STAGE - LIVE,20438.0
2025-08-10,2025-08-16,2025,33,방탄소년단,화양연화 Young Forever,858.0
2025-08-10,2025-08-16,2025,33,방탄소년단,화양연화 pt.2,862.0
2025-08-10,2025-08-16,2025,33,세븐틴,10th Mini Album `FML`,2040.0
2025-08-10,2025-08-16,2025,33,세븐틴,11th Mini Album `SEVENTEENTH HEAVEN`,1253.0
2025-08-10,2025-08-16,2025,33,세븐틴,3RD ALBUM ‘An Ode’,1721.0
2025-08-10,2025-08-16,2025,33,세븐틴,4th Album Repackage `SECTOR 17`,1580.0
2025-08-10,2025-08-16,2025,33,세븐틴,4th Album `Face the Sun`,9293.0
2025-08-10,2025-08-16,2025,33,세븐틴,5TH MINI ALBUM `YOU MAKE MY DAY`,930.0
2025-08-10,2025-08-16,2025,33,세븐틴,5th Album `HAPPY BURSTDAY`,5684.0
2025-08-10,2025-08-16,2025,33,세븐틴,7th Mini Album `헹가래`,2014.0
2025-08-10,2025-08-16,2025,33,세븐틴,8th Mini Album `Your Choice`,1808.0
2025-08-10,2025-08-16,2025,33,세븐틴,9th Mini Album `Attacca`,5202.0
2025-08-10,2025-08-16,2025,33,장기하,하기장기하,844.0
2025-08-10,2025-08-16,2025,33,전소미,Chaotic & Confused,6181.0
2025-08-10,2025-08-16,2025,33,전소미,Chaotic & Confused (Nemo),1438.0
2025-08-10,2025-08-16,2025,33,정국,GOLDEN,1593.0
2025-08-10,2025-08-16,2025,33,투모로우바이투게더,별의 장: TOGETHER,1120.0
2025-08-10,2025-08-16,2025,33,투모로우바이투게더,별의 장: TOGETHER (SMC),1200.0
2025-08-10,2025-08-16,2025,33,투모로우바이투게더,별의 장: TOGETHER (Weverse),5100.0
2025-08-10,2025-08-16,2025,33,티아이오티 (TIOT),FLEX LINE (kiwee album),1000.0
2025-08-17,2025-08-23,2025,34,ALLDAY PROJECT,FAMOUS (Nemo),9520.0
2025-08-17,2025-08-23,2025,34,BABYMONSTER,BABYMONS7ER (Nemo),1080.0
2025-08-17,2025-08-23,2025,34,BLACKPINK,BORN PINK,1421.0
2025-08-17,2025-08-23,2025,34,BLACKPINK,KILL THIS LOVE,1185.0
2025-08-17,2025-08-23,2025,34,BLACKPINK,THE ALBUM,1169.0
2025-08-17,2025-08-23,2025,34,BOYNEXTDOOR,19.99,1227.0
2025-08-17,2025-08-23,2025,34,BOYNEXTDOOR,HOW?,1436.0
2025-08-17,2025-08-23,2025,34,BOYNEXTDOOR,No Genre,1210.0
2025-08-17,2025-08-23,2025,34,BOYNEXTDOOR,No Genre (Weverse),1192.0
2025-08-17,2025-08-23,2025,34,BOYNEXTDOOR,WHO!,1314.0
2025-08-17,2025-08-23,2025,34,CLOSE YOUR EYES (클로즈 유어 아이즈),Snowy Summer,1565.0
2025-08-17,2025-08-23,2025,34,CLOSE YOUR EYES (클로즈 유어 아이즈),Snowy Summer (POCA),2960.0
2025-08-17,2025-08-23,2025,34,NewJeans,1st EP `New Jeans`,992.0
2025-08-17,2025-08-23,2025,34,NewJeans,2nd EP `Get Up`,1089.0
2025-08-17,2025-08-23,2025,34,NewJeans,Supernatural,1458.0
2025-08-17,2025-08-23,2025,34,방탄소년단,LOVE YOURSELF 承 `Her`,1066.0
2025-08-17,2025-08-23,2025,34,방탄소년단,LOVE YOURSELF 轉 `Tear`,1234.0
2025-08-17,2025-08-23,2025,34,세븐틴,10th Mini Album `FML`,1595.0
2025-08-17,2025-08-23,2025,34,세븐틴,11th Mini Album `SEVENTEENTH HEAVEN`,3566.0
2025-08-17,2025-08-23,2025,34,세븐틴,12th Mini Album `SPILL THE FEELS`,1811.0
2025-08-17,2025-08-23,2025,34,세븐틴,3RD ALBUM ‘An Ode’,1870.0
2025-08-17,2025-08-23,2025,34,세븐틴,4th Album Repackage `SECTOR 17`,3815.0
2025-08-17,2025-08-23,2025,34,세븐틴,4th Album `Face the Sun`,16755.0
2025-08-17,2025-08-23,2025,34,세븐틴,5th Album `HAPPY BURSTDAY`,3955.0
2025-08-17,2025-08-23,2025,34,세븐틴,7th Mini Album `헹가래`,2850.0
2025-08-17,2025-08-23,2025,34,세븐틴,8th Mini Album `Your Choice`,2525.0
2025-08-17,2025-08-23,2025,34,전소미,Chaotic & Confused,13282.0
2025-08-17,2025-08-23,2025,34,정국,GOLDEN,1444.0
2025-08-17,2025-08-23,2025,34,투모로우바이투게더,별의 장: TOGETHER,35519.0
2025-08-17,2025-08-23,2025,34,투모로우바이투게더,별의 장: TOGETHER (SMC),5273.0
2025-08-17,2025-08-23,2025,34,투모로우바이투게더,별의 장: TOGETHER (Weverse),1684.0
2025-08-24,2025-08-30,2025,35,ALLDAY PROJECT,FAMOUS,14650.0
2025-08-24,2025-08-30,2025,35,ALLDAY PROJECT,FAMOUS (Nemo),702.0
2025-08-24,2025-08-30,2025,35,Agust D,D-DAY,732.0
2025-08-24,2025-08-30,2025,35,BLACKPINK,BORN PINK,1849.0
2025-08-24,2025-08-30,2025,35,BLACKPINK,KILL THIS LOVE,2346.0
2025-08-24,2025-08-30,2025,35,BLACKPINK,SQUARE UP,4568.0
2025-08-24,2025-08-30,2025,35,BLACKPINK,THE ALBUM,1769.0
2025-08-24,2025-08-30,2025,35,BOYNEXTDOOR,HOW?,875.0
2025-08-24,2025-08-30,2025,35,BOYNEXTDOOR,No Genre (Weverse),674.0
2025-08-24,2025-08-30,2025,35,BOYNEXTDOOR,WHO!,688.0
2025-08-24,2025-08-30,2025,35,BOYNEXTDOOR,WHY..,894.0
2025-08-24,2025-08-30,2025,35,NewJeans,2nd EP `Get Up`,961.0
2025-08-24,2025-08-30,2025,35,NewJeans,Supernatural,799.0
2025-08-24,2025-08-30,2025,35,V,Layover,781.0
2025-08-24,2025-08-30,2025,35,로제 (ROSE),R,732.0
2025-08-24,2025-08-30,2025,35,로제 (ROSE),rosie,2402.0
2025-08-24,2025-08-30,2025,35,방탄소년단,2025 BTS FESTA : CAPSULE ALBUM Vol.1 (SMC),702.0
2025-08-24,2025-08-30,2025,35,방탄소년단,LOVE YOURSELF 結 `Answer`,1205.0
2025-08-24,2025-08-30,2025,35,방탄소년단,MAP OF THE SOUL : PERSONA,732.0
2025-08-24,2025-08-30,2025,35,방탄소년단,YOU NEVER WALK ALONE,1137.0
2025-08-24,2025-08-30,2025,35,방탄소년단,화양연화 pt.2,714.0
2025-08-24,2025-08-30,2025,35,세븐틴,10th Mini Album `FML`,863.0
2025-08-24,2025-08-30,2025,35,세븐틴,11th Mini Album `SEVENTEENTH HEAVEN`,2416.0
2025-08-24,2025-08-30,2025,35,세븐틴,4th Album `Face the Sun`,3056.0
2025-08-24,2025-08-30,2025,35,전소미,Chaotic & Confused,3573.0
2025-08-24,2025-08-30,2025,35,정국,GOLDEN,1474.0
2025-08-24,2025-08-30,2025,35,제니 (JENNIE),SOLO,1812.0
2025-08-24,2025-08-30,2025,35,투모로우바이투게더,minisode 3: TOMORROW,830.0
2025-08-24,2025-08-30,2025,35,투모로우바이투게더,별의 장: TOGETHER (SMC),825.0
2025-08-24,2025-08-30,2025,35,투모로우바이투게더,별의 장: TOGETHER (Weverse),993.0
2025-08-24,2025-08-30,2025,35,투모로우바이투게더,혼돈의 장: FIGHT OR ESCAPE,791.0
2025-08-31,2025-09-06,2025,36,ALLDAY PROJECT,FAMOUS,2429.0
2025-08-31,2025-09-06,2025,36,Agust D,D-DAY,574.0
2025-08-31,2025-09-06,2025,36,BABYMONSTER,BABYMONS7ER (Nemo),1194.0
2025-08-31,2025-09-06,2025,36,BABYMONSTER,DRIP,1386.0
2025-08-31,2025-09-06,2025,36,BLACKPINK,BORN PINK,1559.0
2025-08-31,2025-09-06,2025,36,BLACKPINK,KILL THIS LOVE,839.0
2025-08-31,2025-09-06,2025,36,BLACKPINK,SQUARE UP,779.0
2025-08-31,2025-09-06,2025,36,BLACKPINK,THE ALBUM,1194.0
2025-08-31,2025-09-06,2025,36,BOYNEXTDOOR,No Genre (Weverse),909.0
2025-08-31,2025-09-06,2025,36,BOYNEXTDOOR,WHO!,727.0
2025-08-31,2025-09-06,2025,36,NewJeans,1st EP `New Jeans`,913.0
2025-08-31,2025-09-06,2025,36,NewJeans,Supernatural,544.0
2025-08-31,2025-09-06,2025,36,TREASURE (트레저),3rd MINI ALBUM [LOVE PULSE],1055717.0
2025-08-31,2025-09-06,2025,36,V,Layover,875.0
2025-08-31,2025-09-06,2025,36,로제 (ROSE),R,687.0
2025-08-31,2025-09-06,2025,36,로제 (ROSE),rosie,1016.0
2025-08-31,2025-09-06,2025,36,방탄소년단,2025 BTS FESTA : CAPSULE ALBUM Vol.1 (SMC),615.0
2025-08-31,2025-09-06,2025,36,방탄소년단,BE,606.0
2025-08-31,2025-09-06,2025,36,방탄소년단,LOVE YOURSELF 承 `Her`,1434.0
2025-08-31,2025-09-06,2025,36,방탄소년단,LOVE YOURSELF 結 `Answer`,759.0
2025-08-31,2025-09-06,2025,36,방탄소년단,LOVE YOURSELF 轉 `Tear`,2047.0
2025-08-31,2025-09-06,2025,36,방탄소년단,MAP OF THE SOUL : PERSONA,1508.0
2025-08-31,2025-09-06,2025,36,방탄소년단,PERMISSION TO DANCE ON STAGE - LIVE,561.0
2025-08-31,2025-09-06,2025,36,방탄소년단,Skool Luv Affair,637.0
2025-08-31,2025-09-06,2025,36,방탄소년단,YOU NEVER WALK ALONE,1085.0
2025-08-31,2025-09-06,2025,36,방탄소년단,화양연화 Young Forever,628.0
2025-08-31,2025-09-06,2025,36,방탄소년단,화양연화 pt.1,619.0
2025-08-31,2025-09-06,2025,36,방탄소년단,화양연화 pt.2,1513.0
2025-08-31,2025-09-06,2025,36,세븐틴,11th Mini Album `SEVENTEENTH HEAVEN`,587.0
2025-08-31,2025-09-06,2025,36,세븐틴,3RD ALBUM ‘An Ode’,800.0
2025-08-31,2025-09-06,2025,36,세븐틴,4th Album `Face the Sun`,2761.0
2025-08-31,2025-09-06,2025,36,세븐틴,5th Album `HAPPY BURSTDAY`,765.0
2025-08-31,2025-09-06,2025,36,정국,GOLDEN,2189.0
2025-08-31,2025-09-06,2025,36,정국,GOLDEN (Weverse),615.0
2025-08-31,2025-09-06,2025,36,제니 (JENNIE),SOLO,1532.0
2025-08-31,2025-09-06,2025,36,투모로우바이투게더,별의 장: TOGETHER,1397.0
2025-09-07,2025-09-13,2025,37,ALLDAY PROJECT,FAMOUS,1197.0
2025-09-07,2025-09-13,2025,37,ALLDAY PROJECT,FAMOUS (Nemo),6780.0
2025-09-07,2025-09-13,2025,37,BLACKPINK,BORN PINK,1365.0
2025-09-07,2025-09-13,2025,37,BLACKPINK,KILL THIS LOVE,1439.0
2025-09-07,2025-09-13,2025,37,BLACKPINK,SQUARE UP,1032.0
2025-09-07,2025-09-13,2025,37,BLACKPINK,THE ALBUM,1472.0
2025-09-07,2025-09-13,2025,37,CORTIS (코르티스),COLOR OUTSIDE THE LINES,344129.0
2025-09-07,2025-09-13,2025,37,CORTIS (코르티스),COLOR OUTSIDE THE LINES (LP),10004.0
2025-09-07,2025-09-13,2025,37,CORTIS (코르티스),COLOR OUTSIDE THE LINES (Weverse),65927.0
2025-09-07,2025-09-13,2025,37,NewJeans,1st EP `New Jeans`,1310.0
2025-09-07,2025-09-13,2025,37,NewJeans,Supernatural,1825.0
2025-09-07,2025-09-13,2025,37,NewJeans,`OMG`,1218.0
2025-09-07,2025-09-13,2025,37,PLAVE,ASTERUM (POCA),15055.0
2025-09-07,2025-09-13,2025,37,PLAVE,ASTERUM : 134-1,6486.0
2025-09-07,2025-09-13,2025,37,PLAVE,ASTERUM : 134-1 (POCA),10075.0
2025-09-07,2025-09-13,2025,37,PLAVE,ASTERUM : The Shape of Things to Come,2866.0
2025-09-07,2025-09-13,2025,37,PLAVE,`Caligo Pt.1` (POCA),3070.0
2025-09-07,2025-09-13,2025,37,TREASURE (트레저),3rd MINI ALBUM [LOVE PULSE],12569.0
2025-09-07,2025-09-13,2025,37,방탄소년단,DARK&WILD,892.0
2025-09-07,2025-09-13,2025,37,방탄소년단,LOVE YOURSELF 轉 `Tear`,862.0
2025-09-07,2025-09-13,2025,37,방탄소년단,"O!RUL8,2?",910.0
2025-09-07,2025-09-13,2025,37,방탄소년단,Skool Luv Affair,857.0
2025-09-07,2025-09-13,2025,37,방탄소년단,YOU NEVER WALK ALONE,976.0
2025-09-07,2025-09-13,2025,37,방탄소년단,화양연화 Young Forever,865.0
2025-09-07,2025-09-13,2025,37,방탄소년단,화양연화 pt.1,980.0
2025-09-07,2025-09-13,2025,37,방탄소년단,화양연화 pt.2,1344.0
2025-09-07,2025-09-13,2025,37,세븐틴,12th Mini Album `SPILL THE FEELS`,14345.0
2025-09-07,2025-09-13,2025,37,세븐틴,4th Album Repackage `SECTOR 17`,1051.0
2025-09-07,2025-09-13,2025,37,세븐틴,4th Album `Face the Sun`,5965.0
2025-09-07,2025-09-13,2025,37,세븐틴,9th Mini Album `Attacca`,17058.0
2025-09-07,2025-09-13,2025,37,정국,GOLDEN,961.0
2025-09-07,2025-09-13,2025,37,투모로우바이투게더,minisode1 : Blue Hour,1562.0
2025-09-07,2025-09-13,2025,37,티아이오티 (TIOT),FLEX LINE (kiwee album),1951.0
2025-09-14,2025-09-20,2025,38,Agust D,D-DAY,726.0
2025-09-14,2025-09-20,2025,38,BABYMONSTER,BABYMONS7ER (Nemo),735.0
2025-09-14,2025-09-20,2025,38,BABYMONSTER,DRIP,717.0
2025-09-14,2025-09-20,2025,38,BLACKPINK,KILL THIS LOVE,1024.0
2025-09-14,2025-09-20,2025,38,BLACKPINK,THE ALBUM,639.0
2025-09-14,2025-09-20,2025,38,BOYNEXTDOOR,19.99,1233.0
2025-09-14,2025-09-20,2025,38,BOYNEXTDOOR,HOW?,1157.0
2025-09-14,2025-09-20,2025,38,BOYNEXTDOOR,No Genre,623.0
2025-09-14,2025-09-20,2025,38,BOYNEXTDOOR,No Genre (Weverse),1430.0
2025-09-14,2025-09-20,2025,38,BOYNEXTDOOR,WHO!,1540.0
2025-09-14,2025-09-20,2025,38,BOYNEXTDOOR,WHY..,761.0
2025-09-14,2025-09-20,2025,38,CLOSE YOUR EYES (클로즈 유어 아이즈),Snowy Summer (POCA),4200.0
2025-09-14,2025-09-20,2025,38,CORTIS (코르티스),COLOR OUTSIDE THE LINES,67477.0
2025-09-14,2025-09-20,2025,38,CORTIS (코르티스),COLOR OUTSIDE THE LINES (Weverse),41294.0
2025-09-14,2025-09-20,2025,38,KATSEYE,BEAUTIFUL CHAOS,13390.0
2025-09-14,2025-09-20,2025,38,NewJeans,2nd EP `Get Up`,891.0
2025-09-14,2025-09-20,2025,38,NewJeans,`OMG`,650.0
2025-09-14,2025-09-20,2025,38,PLAVE,ASTERUM : 134-1,618.0
2025-09-14,2025-09-20,2025,38,TREASURE (트레저),3rd MINI ALBUM [LOVE PULSE],2915.0
2025-09-14,2025-09-20,2025,38,V,Layover,670.0
2025-09-14,2025-09-20,2025,38,로제 (ROSE),rosie,1443.0
2025-09-14,2025-09-20,2025,38,방탄소년단,2 Cool 4 Skool,650.0
2025-09-14,2025-09-20,2025,38,방탄소년단,DARK&WILD,1040.0
2025-09-14,2025-09-20,2025,38,방탄소년단,LOVE YOURSELF 承 `Her`,863.0
2025-09-14,2025-09-20,2025,38,방탄소년단,LOVE YOURSELF 結 `Answer`,877.0
2025-09-14,2025-09-20,2025,38,방탄소년단,LOVE YOURSELF 轉 `Tear`,1093.0
2025-09-14,2025-09-20,2025,38,방탄소년단,LOVE YOURSELF 轉 `Tear` (LP),10004.0
2025-09-14,2025-09-20,2025,38,방탄소년단,MAP OF THE SOUL : PERSONA,706.0
2025-09-14,2025-09-20,2025,38,방탄소년단,WINGS,630.0
2025-09-14,2025-09-20,2025,38,방탄소년단,YOU NEVER WALK ALONE,907.0
2025-09-14,2025-09-20,2025,38,방탄소년단,화양연화 pt.2,997.0
2025-09-14,2025-09-20,2025,38,세븐틴,3RD ALBUM ‘An Ode’,805.0
2025-09-14,2025-09-20,2025,38,세븐틴,4th Album `Face the Sun`,1174.0
2025-09-14,2025-09-20,2025,38,세븐틴,5TH MINI ALBUM `YOU MAKE MY DAY`,793.0
2025-09-14,2025-09-20,2025,38,세븐틴,7th Mini Album `헹가래`,824.0
2025-09-14,2025-09-20,2025,38,세븐틴,9th Mini Album `Attacca`,618.0
2025-09-14,2025-09-20,2025,38,세븐틴,Special Album `; [Semicolon]`,692.0
2025-09-14,2025-09-20,2025,38,정국,GOLDEN,1064.0
2025-09-14,2025-09-20,2025,38,투모로우바이투게더,minisode 3: TOMORROW,618.0
2025-09-14,2025-09-20,2025,38,투모로우바이투게더,minisode1 : Blue Hour,744.0
2025-09-21,2025-09-27,2025,39,ALLDAY PROJECT,FAMOUS,1657.0
2025-09-21,2025-09-27,2025,39,BABYMONSTER,DRIP,696.0
2025-09-21,2025-09-27,2025,39,BLACKPINK,BORN PINK,953.0
2025-09-21,2025-09-27,2025,39,BLACKPINK,KILL THIS LOVE,1406.0
2025-09-21,2025-09-27,2025,39,BLACKPINK,SQUARE UP,664.0
2025-09-21,2025-09-27,2025,39,BLACKPINK,THE ALBUM,894.0
2025-09-21,2025-09-27,2025,39,BOYNEXTDOOR,19.99,1081.0
2025-09-21,2025-09-27,2025,39,BOYNEXTDOOR,HOW?,808.0
2025-09-21,2025-09-27,2025,39,BOYNEXTDOOR,WHO!,1038.0
2025-09-21,2025-09-27,2025,39,BOYNEXTDOOR,WHY..,847.0
2025-09-21,2025-09-27,2025,39,CLOSE YOUR EYES (클로즈 유어 아이즈),Snowy Summer,2080.0
2025-09-21,2025-09-27,2025,39,CLOSE YOUR EYES (클로즈 유어 아이즈),Snowy Summer (POCA),4931.0
2025-09-21,2025-09-27,2025,39,CORTIS (코르티스),COLOR OUTSIDE THE LINES,50423.0
2025-09-21,2025-09-27,2025,39,CORTIS (코르티스),COLOR OUTSIDE THE LINES (Weverse),36752.0
2025-09-21,2025-09-27,2025,39,KATSEYE,BEAUTIFUL CHAOS,4683.0
2025-09-21,2025-09-27,2025,39,NewJeans,1st EP `New Jeans`,861.0
2025-09-21,2025-09-27,2025,39,NewJeans,2nd EP `Get Up`,550.0
2025-09-21,2025-09-27,2025,39,NewJeans,How Sweet,1200.0
2025-09-21,2025-09-27,2025,39,NewJeans,Supernatural,1971.0
2025-09-21,2025-09-27,2025,39,NewJeans,`OMG`,533.0
2025-09-21,2025-09-27,2025,39,TREASURE (트레저),3rd MINI ALBUM [LOVE PULSE],7690.0
2025-09-21,2025-09-27,2025,39,V,Layover,760.0
2025-09-21,2025-09-27,2025,39,로제 (ROSE),R,871.0
2025-09-21,2025-09-27,2025,39,방탄소년단,LOVE YOURSELF 結 `Answer`,803.0
2025-09-21,2025-09-27,2025,39,방탄소년단,화양연화 pt.2,664.0
2025-09-21,2025-09-27,2025,39,세븐틴,11th Mini Album `SEVENTEENTH HEAVEN`,764.0
2025-09-21,2025-09-27,2025,39,세븐틴,3RD ALBUM ‘An Ode’,716.0
2025-09-21,2025-09-27,2025,39,세븐틴,4th Album `Face the Sun`,2471.0
2025-09-21,2025-09-27,2025,39,세븐틴,7th Mini Album `헹가래`,575.0
2025-09-21,2025-09-27,2025,39,정국,GOLDEN,1234.0
2025-09-21,2025-09-27,2025,39,지민,MUSE (LP),31609.0
2025-09-21,2025-09-27,2025,39,투모로우바이투게더,별의 장: SANCTUARY,583.0
2025-09-21,2025-09-27,2025,39,티아이오티 (TIOT),MY PRIDE,15514.0
2025-09-28,2025-10-04,2025,40,ALLDAY PROJECT,FAMOUS (Nemo),566.0
2025-09-28,2025-10-04,2025,40,Agust D,D-DAY,476.0
2025-09-28,2025-10-04,2025,40,BABYMONSTER,BABYMONS7ER (Nemo),707.0
2025-09-28,2025-10-04,2025,40,BABYMONSTER,DRIP,718.0
2025-09-28,2025-10-04,2025,40,BABYMONSTER,DRIP (Nemo),887.0
2025-09-28,2025-10-04,2025,40,BLACKPINK,BORN PINK,1337.0
2025-09-28,2025-10-04,2025,40,BLACKPINK,KILL THIS LOVE,829.0
2025-09-28,2025-10-04,2025,40,BLACKPINK,SQUARE UP,802.0
2025-09-28,2025-10-04,2025,40,BLACKPINK,THE ALBUM,1376.0
2025-09-28,2025-10-04,2025,40,BOYNEXTDOOR,HOW?,502.0
2025-09-28,2025-10-04,2025,40,BOYNEXTDOOR,No Genre,694.0
2025-09-28,2025-10-04,2025,40,BOYNEXTDOOR,WHO!,769.0
2025-09-28,2025-10-04,2025,40,CORTIS (코르티스),COLOR OUTSIDE THE LINES,2897.0
2025-09-28,2025-10-04,2025,40,CORTIS (코르티스),COLOR OUTSIDE THE LINES (Weverse),1153.0
2025-09-28,2025-10-04,2025,40,KATSEYE,BEAUTIFUL CHAOS,2363.0
2025-09-28,2025-10-04,2025,40,MEOVV (미야오),MY EYES OPEN VVIDE,2243.0
2025-09-28,2025-10-04,2025,40,NewJeans,1st EP `New Jeans`,477.0
2025-09-28,2025-10-04,2025,40,NewJeans,2nd EP `Get Up`,667.0
2025-09-28,2025-10-04,2025,40,NewJeans,Supernatural,651.0
2025-09-28,2025-10-04,2025,40,TREASURE (트레저),3rd MINI ALBUM [LOVE PULSE],14328.0
2025-09-28,2025-10-04,2025,40,V,Layover,673.0
2025-09-28,2025-10-04,2025,40,로제 (ROSE),rosie,1793.0
2025-09-28,2025-10-04,2025,40,리사 (LISA),LALISA,640.0
2025-09-28,2025-10-04,2025,40,방탄소년단,2 Cool 4 Skool,500.0
2025-09-28,2025-10-04,2025,40,방탄소년단,LOVE YOURSELF 轉 `Tear`,772.0
2025-09-28,2025-10-04,2025,40,방탄소년단,MAP OF THE SOUL : PERSONA,528.0
2025-09-28,2025-10-04,2025,40,방탄소년단,Skool Luv Affair,939.0
2025-09-28,2025-10-04,2025,40,방탄소년단,화양연화 Young Forever,586.0
2025-09-28,2025-10-04,2025,40,세븐틴,4th Album `Face the Sun`,1035.0
2025-09-28,2025-10-04,2025,40,세븐틴,5th Album `HAPPY BURSTDAY`,871.0
2025-09-28,2025-10-04,2025,40,세븐틴,9th Mini Album `Attacca`,680.0
2025-09-28,2025-10-04,2025,40,에스쿱스X민규 (SEVENTEEN),1st Mini Album `HYPE VIBES`,830000.0
2025-09-28,2025-10-04,2025,40,에스쿱스X민규 (SEVENTEEN),1st Mini Album `HYPE VIBES` (KiT),39992.0
2025-09-28,2025-10-04,2025,40,에스쿱스X민규 (SEVENTEEN),1st Mini Album `HYPE VIBES` (Weverse),55000.0
2025-09-28,2025-10-04,2025,40,전소미,Chaotic & Confused,1179.0
2025-09-28,2025-10-04,2025,40,정국,GOLDEN,1198.0
2025-09-28,2025-10-04,2025,40,투모로우바이투게더,별의 장: TOGETHER (SMC),683.0
2025-09-28,2025-10-04,2025,40,티아이오티 (TIOT),MY PRIDE,4085.0
2025-09-28,2025-10-04,2025,40,티아이오티 (TIOT),MY PRIDE (TAPE+kiwee album),2000.0
2025-09-28,2025-10-04,2025,40,티아이오티 (TIOT),MY PRIDE (kiwee album),1001.0
2025-10-05,2025-10-11,2025,41,BABYMONSTER,DRIP,145.0
2025-10-05,2025-10-11,2025,41,BABYMONSTER,WE GO UP,533686.0
2025-10-05,2025-10-11,2025,41,BABYMONSTER,WE GO UP (Nemo),26787.0
2025-10-05,2025-10-11,2025,41,BIGBANG (빅뱅),빅뱅 미니앨범 4집,518.0
2025-10-05,2025-10-11,2025,41,BOYNEXTDOOR,19.99,265.0
2025-10-05,2025-10-11,2025,41,BOYNEXTDOOR,19.99 (Weverse),172.0
2025-10-05,2025-10-11,2025,41,BOYNEXTDOOR,HOW?,228.0
2025-10-05,2025-10-11,2025,41,BOYNEXTDOOR,HOW? (Weverse),209.0
2025-10-05,2025-10-11,2025,41,BOYNEXTDOOR,No Genre,244.0
2025-10-05,2025-10-11,2025,41,BOYNEXTDOOR,WHY..,450.0
2025-10-05,2025-10-11,2025,41,BOYNEXTDOOR,WHY.. (Weverse),120.0
2025-10-05,2025-10-11,2025,41,CLOSE YOUR EYES (클로즈 유어 아이즈),Snowy Summer (POCA),1939.0
2025-10-05,2025-10-11,2025,41,KATSEYE,BEAUTIFUL CHAOS,954.0
2025-10-05,2025-10-11,2025,41,PLAVE,ASTERUM : 134-1,148.0
2025-10-05,2025-10-11,2025,41,PLAVE,ASTERUM : The Shape of Things to Come,152.0
2025-10-05,2025-10-11,2025,41,TWS (투어스),1st Mini Album `Sparkling Blue` (Weverse),87.0
2025-10-05,2025-10-11,2025,41,로제 (ROSE),rosie,93.0
2025-10-05,2025-10-11,2025,41,방탄소년단,BE,104.0
2025-10-05,2025-10-11,2025,41,방탄소년단,LOVE YOURSELF 結 `Answer`,300.0
2025-10-05,2025-10-11,2025,41,방탄소년단,MAP OF THE SOUL : PERSONA,153.0
2025-10-05,2025-10-11,2025,41,방탄소년단,Proof,99.0
2025-10-05,2025-10-11,2025,41,방탄소년단,화양연화 pt.1,184.0
2025-10-05,2025-10-11,2025,41,방탄소년단,화양연화 pt.2,278.0
2025-10-05,2025-10-11,2025,41,세븐틴,10th Mini Album `FML`,87.0
2025-10-05,2025-10-11,2025,41,세븐틴,5th Album `HAPPY BURSTDAY`,160.0
2025-10-05,2025-10-11,2025,41,정국,GOLDEN,257.0
2025-10-05,2025-10-11,2025,41,진 (JIN),Echo,96.0
2025-10-05,2025-10-11,2025,41,진 (JIN),Happy,100.0
2025-10-05,2025-10-11,2025,41,투모로우바이투게더,minisode 3: TOMORROW,264.0
2025-10-05,2025-10-11,2025,41,투모로우바이투게더,minisode1 : Blue Hour,117.0
2025-10-05,2025-10-11,2025,41,투모로우바이투게더,꿈의 장: ETERNITY,167.0
2025-10-05,2025-10-11,2025,41,투모로우바이투게더,꿈의 장: STAR,91.0
2025-10-05,2025-10-11,2025,41,투모로우바이투게더,별의 장: SANCTUARY,166.0
2025-10-05,2025-10-11,2025,41,투모로우바이투게더,별의 장: SANCTUARY (Weverse),94.0
2025-10-05,2025-10-11,2025,41,투모로우바이투게더,별의 장: TOGETHER,345.0
2025-10-05,2025-10-11,2025,41,투모로우바이투게더,별의 장: TOGETHER (Weverse),320.0
2025-10-05,2025-10-11,2025,41,한로로,자몽살구클럽,112.0
2025-10-12,2025-10-18,2025,42,Agust D,D-DAY,1136.0
2025-10-12,2025-10-18,2025,42,BABYMONSTER,DRIP,1372.0
2025-10-12,2025-10-18,2025,42,BABYMONSTER,WE GO UP,39786.0
2025-10-12,2025-10-18,2025,42,BABYMONSTER,WE GO UP (Nemo),3019.0
2025-10-12,2025-10-18,2025,42,BLACKPINK,BORN PINK,2343.0
2025-10-12,2025-10-18,2025,42,BLACKPINK,KILL THIS LOVE,1566.0
2025-10-12,2025-10-18,2025,42,BLACKPINK,THE ALBUM,2975.0
2025-10-12,2025-10-18,2025,42,BOYNEXTDOOR,HOW?,1179.0
2025-10-12,2025-10-18,2025,42,BOYNEXTDOOR,WHO!,1238.0
2025-10-12,2025-10-18,2025,42,BOYNEXTDOOR,WHY..,1137.0
2025-10-12,2025-10-18,2025,42,CORTIS (코르티스),COLOR OUTSIDE THE LINES,4534.0
2025-10-12,2025-10-18,2025,42,CORTIS (코르티스),COLOR OUTSIDE THE LINES (Weverse),46401.0
2025-10-12,2025-10-18,2025,42,KATSEYE,BEAUTIFUL CHAOS,4570.0
2025-10-12,2025-10-18,2025,42,NewJeans,1st EP `New Jeans`,2629.0
2025-10-12,2025-10-18,2025,42,NewJeans,1st EP `New Jeans` (Weverse),950.0
2025-10-12,2025-10-18,2025,42,NewJeans,2nd EP `Get Up`,1620.0
2025-10-12,2025-10-18,2025,42,NewJeans,Supernatural,3107.0
2025-10-12,2025-10-18,2025,42,TREASURE (트레저),3rd MINI ALBUM [LOVE PULSE],9459.0
2025-10-12,2025-10-18,2025,42,TWS (투어스),4th Mini Album `play hard`,605645.0
2025-10-12,2025-10-18,2025,42,TWS (투어스),4th Mini Album `play hard` (KiT),13578.0
2025-10-12,2025-10-18,2025,42,TWS (투어스),4th Mini Album `play hard` (Weverse),54628.0
2025-10-12,2025-10-18,2025,42,V,Layover,1110.0
2025-10-12,2025-10-18,2025,42,로제 (ROSE),rosie,1525.0
2025-10-12,2025-10-18,2025,42,방탄소년단,LOVE YOURSELF 承 `Her`,1297.0
2025-10-12,2025-10-18,2025,42,방탄소년단,LOVE YOURSELF 轉 `Tear`,997.0
2025-10-12,2025-10-18,2025,42,방탄소년단,MAP OF THE SOUL : 7,3599.0
2025-10-12,2025-10-18,2025,42,방탄소년단,"O!RUL8,2?",978.0
2025-10-12,2025-10-18,2025,42,방탄소년단,Proof,948.0
2025-10-12,2025-10-18,2025,42,방탄소년단,화양연화 Young Forever,1453.0
2025-10-12,2025-10-18,2025,42,방탄소년단,화양연화 pt.2,1536.0
2025-10-12,2025-10-18,2025,42,세븐틴,11th Mini Album `SEVENTEENTH HEAVEN`,1523.0
2025-10-12,2025-10-18,2025,42,세븐틴,4th Album `Face the Sun`,1474.0
2025-10-12,2025-10-18,2025,42,에스쿱스X민규 (SEVENTEEN),1st Mini Album `HYPE VIBES` (Weverse),16861.0
2025-10-12,2025-10-18,2025,42,정국,GOLDEN,3379.0
2025-10-12,2025-10-18,2025,42,투모로우바이투게더,별의 장: TOGETHER,949.0
2025-10-12,2025-10-18,2025,42,티아이오티 (TIOT),MY PRIDE (kiwee album),1500.0
2025-10-19,2025-10-25,2025,43,ALLDAY PROJECT,FAMOUS,1521.0
2025-10-19,2025-10-25,2025,43,BABYMONSTER,WE GO UP,35582.0
2025-10-19,2025-10-25,2025,43,BABYMONSTER,WE GO UP (Nemo),672.0
2025-10-19,2025-10-25,2025,43,BLACKPINK,BORN PINK,1718.0
2025-10-19,2025-10-25,2025,43,BLACKPINK,KILL THIS LOVE,875.0
2025-10-19,2025-10-25,2025,43,BOYNEXTDOOR,HOW?,744.0
2025-10-19,2025-10-25,2025,43,BOYNEXTDOOR,The Action,990384.0
2025-10-19,2025-10-25,2025,43,BOYNEXTDOOR,The Action (Weverse),130880.0
2025-10-19,2025-10-25,2025,43,BOYNEXTDOOR,WHO!,661.0
2025-10-19,2025-10-25,2025,43,CORTIS (코르티스),COLOR OUTSIDE THE LINES (Weverse),56625.0
2025-10-19,2025-10-25,2025,43,KATSEYE,BEAUTIFUL CHAOS,7557.0
2025-10-19,2025-10-25,2025,43,KATSEYE,SIS (Soft Is Strong),10000.0
2025-10-19,2025-10-25,2025,43,LE SSERAFIM (르세라핌),SPAGHETTI,461310.0
2025-10-19,2025-10-25,2025,43,LE SSERAFIM (르세라핌),SPAGHETTI (Weverse),26942.0
2025-10-19,2025-10-25,2025,43,NewJeans,Supernatural,890.0
2025-10-19,2025-10-25,2025,43,NewJeans,`OMG`,698.0
2025-10-19,2025-10-25,2025,43,PLAVE,ASTERUM : The Shape of Things to Come,1166.0
2025-10-19,2025-10-25,2025,43,TREASURE (트레저),3rd MINI ALBUM [LOVE PULSE],2078.0
2025-10-19,2025-10-25,2025,43,TWS (투어스),4th Mini Album `play hard`,21439.0
2025-10-19,2025-10-25,2025,43,TWS (투어스),4th Mini Album `play hard` (Weverse),4171.0
2025-10-19,2025-10-25,2025,43,V,Layover,947.0
2025-10-19,2025-10-25,2025,43,로제 (ROSE),R,663.0
2025-10-19,2025-10-25,2025,43,로제 (ROSE),rosie,875.0
2025-10-19,2025-10-25,2025,43,방탄소년단,LOVE YOURSELF 結 `Answer`,1168.0
2025-10-19,2025-10-25,2025,43,방탄소년단,LOVE YOURSELF 轉 `Tear`,804.0
2025-10-19,2025-10-25,2025,43,방탄소년단,MAP OF THE SOUL : 7,1686.0
2025-10-19,2025-10-25,2025,43,방탄소년단,MAP OF THE SOUL : PERSONA,916.0
2025-10-19,2025-10-25,2025,43,방탄소년단,화양연화 pt.1,758.0
2025-10-19,2025-10-25,2025,43,방탄소년단,화양연화 pt.2,950.0
2025-10-19,2025-10-25,2025,43,세븐틴,5th Album `HAPPY BURSTDAY` (LP),48245.0
2025-10-19,2025-10-25,2025,43,세븐틴,9th Mini Album `Attacca`,1322.0
2025-10-19,2025-10-25,2025,43,에스쿱스X민규 (SEVENTEEN),1st Mini Album `HYPE VIBES`,10000.0
2025-10-19,2025-10-25,2025,43,에스쿱스X민규 (SEVENTEEN),1st Mini Album `HYPE VIBES` (KiT),727.0
2025-10-19,2025-10-25,2025,43,에스쿱스X민규 (SEVENTEEN),1st Mini Album `HYPE VIBES` (Weverse),1420.0
2025-10-19,2025-10-25,2025,43,정국,GOLDEN,1146.0
2025-10-26,2025-11-01,2025,44,&TEAM,Back to Life,1206864.0
2025-10-26,2025-11-01,2025,44,&TEAM,Back to Life (Weverse),22776.0
2025-10-26,2025-11-01,2025,44,ALLDAY PROJECT,FAMOUS (Nemo),2165.0
2025-10-26,2025-11-01,2025,44,Agust D,D-DAY,798.0
2025-10-26,2025-11-01,2025,44,BABYMONSTER,BABYMONS7ER (Nemo),684.0
2025-10-26,2025-11-01,2025,44,BABYMONSTER,DRIP,987.0
2025-10-26,2025-11-01,2025,44,BABYMONSTER,WE GO UP,15602.0
2025-10-26,2025-11-01,2025,44,BABYMONSTER,WE GO UP (Nemo),728.0
2025-10-26,2025-11-01,2025,44,BLACKPINK,BORN PINK,1168.0
2025-10-26,2025-11-01,2025,44,BLACKPINK,KILL THIS LOVE,593.0
2025-10-26,2025-11-01,2025,44,BLACKPINK,THE ALBUM,672.0
2025-10-26,2025-11-01,2025,44,BOYNEXTDOOR,The Action,24850.0
2025-10-26,2025-11-01,2025,44,BOYNEXTDOOR,The Action (Weverse),17360.0
2025-10-26,2025-11-01,2025,44,CORTIS (코르티스),COLOR OUTSIDE THE LINES,239050.0
2025-10-26,2025-11-01,2025,44,CORTIS (코르티스),COLOR OUTSIDE THE LINES (Weverse),1826.0
2025-10-26,2025-11-01,2025,44,KATSEYE,BEAUTIFUL CHAOS,2523.0
2025-10-26,2025-11-01,2025,44,LE SSERAFIM (르세라핌),SPAGHETTI,33660.0
2025-10-26,2025-11-01,2025,44,LE SSERAFIM (르세라핌),SPAGHETTI (Weverse),3267.0
2025-10-26,2025-11-01,2025,44,NewJeans,1st EP `New Jeans`,1515.0
2025-10-26,2025-11-01,2025,44,NewJeans,How Sweet,915.0
2025-10-26,2025-11-01,2025,44,NewJeans,Supernatural,1553.0
2025-10-26,2025-11-01,2025,44,NewJeans,`OMG`,673.0
2025-10-26,2025-11-01,2025,44,로제 (ROSE),R,597.0
2025-10-26,2025-11-01,2025,44,로제 (ROSE),rosie,1034.0
2025-10-26,2025-11-01,2025,44,방탄소년단,WINGS,911.0
2025-10-26,2025-11-01,2025,44,방탄소년단,화양연화 pt.2,600.0
2025-10-26,2025-11-01,2025,44,에스쿱스X민규 (SEVENTEEN),1st Mini Album `HYPE VIBES` (KiT),669.0
2025-10-26,2025-11-01,2025,44,정국,GOLDEN,1484.0
2025-10-26,2025-11-01,2025,44,티아이오티 (TIOT),MY PRIDE,1500.0
2025-10-26,2025-11-01,2025,44,티아이오티 (TIOT),MY PRIDE (kiwee album),1002.0
2025-11-02,2025-11-08,2025,45,&TEAM,Back to Life,3128.0
2025-11-02,2025-11-08,2025,45,&TEAM,Back to Life (Weverse),2260.0
2025-11-02,2025-11-08,2025,45,ALLDAY PROJECT,FAMOUS,1404.0
2025-11-02,2025-11-08,2025,45,BABYMONSTER,WE GO UP,3339.0
2025-11-02,2025-11-08,2025,45,BLACKPINK,BORN PINK,1204.0
2025-11-02,2025-11-08,2025,45,BLACKPINK,KILL THIS LOVE,1082.0
2025-11-02,2025-11-08,2025,45,BLACKPINK,SQUARE UP,1203.0
2025-11-02,2025-11-08,2025,45,BOYNEXTDOOR,The Action,10911.0
2025-11-02,2025-11-08,2025,45,BOYNEXTDOOR,The Action (Weverse),8300.0
2025-11-02,2025-11-08,2025,45,CORTIS (코르티스),COLOR OUTSIDE THE LINES,11386.0
2025-11-02,2025-11-08,2025,45,KATSEYE,BEAUTIFUL CHAOS,1242.0
2025-11-02,2025-11-08,2025,45,LE SSERAFIM (르세라핌),SPAGHETTI,15920.0
2025-11-02,2025-11-08,2025,45,NewJeans,2nd EP `Get Up`,1200.0
2025-11-02,2025-11-08,2025,45,NewJeans,Supernatural,1530.0
2025-11-02,2025-11-08,2025,45,TWS (투어스),4th Mini Album `play hard`,9239.0
2025-11-02,2025-11-08,2025,45,강승윤,PAGE 2,22201.0
2025-11-02,2025-11-08,2025,45,강승윤,PAGE 2 (Nemo),5669.0
2025-11-02,2025-11-08,2025,45,로제 (ROSE),rosie,1103.0
2025-11-02,2025-11-08,2025,45,방탄소년단,LOVE YOURSELF 結 `Answer`,876.0
2025-11-02,2025-11-08,2025,45,방탄소년단,MAP OF THE SOUL : 7,1048.0
2025-11-02,2025-11-08,2025,45,방탄소년단,MAP OF THE SOUL : PERSONA,905.0
2025-11-02,2025-11-08,2025,45,방탄소년단,Skool Luv Affair,826.0
2025-11-02,2025-11-08,2025,45,방탄소년단,화양연화 pt.2,840.0
2025-11-02,2025-11-08,2025,45,에스쿱스X민규 (SEVENTEEN),1st Mini Album `HYPE VIBES`,34427.0
2025-11-02,2025-11-08,2025,45,연준,NO LABELS: PART 01,330724.0
2025-11-02,2025-11-08,2025,45,연준,NO LABELS: PART 01 (SMC),53459.0
2025-11-02,2025-11-08,2025,45,연준,NO LABELS: PART 01 (Weverse),149370.0
2025-11-02,2025-11-08,2025,45,정국,GOLDEN,1653.0
2025-11-02,2025-11-08,2025,45,티아이오티 (TIOT),MY PRIDE,3502.0
2025-11-09,2025-11-15,2025,46,&TEAM,Back to Life,114399.0
2025-11-09,2025-11-15,2025,46,&TEAM,Back to Life (Weverse),1430.0
2025-11-09,2025-11-15,2025,46,ALLDAY PROJECT,FAMOUS,1524.0
2025-11-09,2025-11-15,2025,46,BABYMONSTER,WE GO UP,1588.0
2025-11-09,2025-11-15,2025,46,BLACKPINK,BORN PINK,1359.0
2025-11-09,2025-11-15,2025,46,BLACKPINK,KILL THIS LOVE,1278.0
2025-11-09,2025-11-15,2025,46,BOYNEXTDOOR,HOW?,649.0
2025-11-09,2025-11-15,2025,46,BOYNEXTDOOR,The Action,32887.0
2025-11-09,2025-11-15,2025,46,BOYNEXTDOOR,The Action (Weverse),8881.0
2025-11-09,2025-11-15,2025,46,CLOSE YOUR EYES (클로즈 유어 아이즈),blackout,9413.0
2025-11-09,2025-11-15,2025,46,CLOSE YOUR EYES (클로즈 유어 아이즈),blackout (EVER ver.),547571.0
2025-11-09,2025-11-15,2025,46,CORTIS (코르티스),COLOR OUTSIDE THE LINES (Weverse),18560.0
2025-11-09,2025-11-15,2025,46,KATSEYE,BEAUTIFUL CHAOS,7242.0
2025-11-09,2025-11-15,2025,46,LE SSERAFIM (르세라핌),SPAGHETTI,9812.0
2025-11-09,2025-11-15,2025,46,NewJeans,2nd EP `Get Up`,1540.0
2025-11-09,2025-11-15,2025,46,NewJeans,How Sweet,817.0
2025-11-09,2025-11-15,2025,46,NewJeans,Supernatural,710.0
2025-11-09,2025-11-15,2025,46,NewJeans,`OMG`,644.0
2025-11-09,2025-11-15,2025,46,PLAVE,PLBBUU,263433.0
2025-11-09,2025-11-15,2025,46,PLAVE,PLBBUU (POCA),798785.0
2025-11-09,2025-11-15,2025,46,TWS (투어스),4th Mini Album `play hard`,32410.0
2025-11-09,2025-11-15,2025,46,V,Layover,638.0
2025-11-09,2025-11-15,2025,46,강승윤,PAGE 2,3661.0
2025-11-09,2025-11-15,2025,46,로제 (ROSE),R,710.0
2025-11-09,2025-11-15,2025,46,로제 (ROSE),rosie,742.0
2025-11-09,2025-11-15,2025,46,방탄소년단,LOVE YOURSELF 承 `Her`,741.0
2025-11-09,2025-11-15,2025,46,세븐틴,11th Mini Album `SEVENTEENTH HEAVEN`,824.0
2025-11-09,2025-11-15,2025,46,세븐틴,4th Album `Face the Sun`,2181.0
2025-11-09,2025-11-15,2025,46,세븐틴,5th Album `HAPPY BURSTDAY`,1312.0
2025-11-09,2025-11-15,2025,46,아야츠노 유니,슈퍼삐질게하는법 (MINIRECORD),7797.0
2025-11-09,2025-11-15,2025,46,연준,NO LABELS: PART 01,24224.0
2025-11-09,2025-11-15,2025,46,연준,NO LABELS: PART 01 (SMC),3458.0
2025-11-09,2025-11-15,2025,46,연준,NO LABELS: PART 01 (Weverse),30630.0
2025-11-09,2025-11-15,2025,46,정국,GOLDEN,1019.0
2025-11-09,2025-11-15,2025,46,진 (JIN),Happy (LP),24504.0
2025-11-09,2025-11-15,2025,46,투모로우바이투게더,별의 장: TOGETHER,697.0
2025-11-16,2025-11-22,2025,47,&TEAM,Back to Life,3653.0
2025-11-16,2025-11-22,2025,47,&TEAM,Back to Life (Weverse),1430.0
2025-11-16,2025-11-22,2025,47,BABYMONSTER,DRIP,719.0
2025-11-16,2025-11-22,2025,47,BABYMONSTER,WE GO UP,12812.0
2025-11-16,2025-11-22,2025,47,BABYMONSTER,WE GO UP (Nemo),1115.0
2025-11-16,2025-11-22,2025,47,BLACKPINK,BORN PINK,1096.0
2025-11-16,2025-11-22,2025,47,BLACKPINK,KILL THIS LOVE,1051.0
2025-11-16,2025-11-22,2025,47,BLACKPINK,SQUARE UP,692.0
2025-11-16,2025-11-22,2025,47,BOYNEXTDOOR,The Action,6486.0
2025-11-16,2025-11-22,2025,47,BOYNEXTDOOR,The Action (Weverse),19292.0
2025-11-16,2025-11-22,2025,47,CLOSE YOUR EYES (클로즈 유어 아이즈),blackout (EVER ver.),805.0
2025-11-16,2025-11-22,2025,47,CORTIS (코르티스),COLOR OUTSIDE THE LINES,61023.0
2025-11-16,2025-11-22,2025,47,CORTIS (코르티스),COLOR OUTSIDE THE LINES (Weverse),3020.0
2025-11-16,2025-11-22,2025,47,KATSEYE,BEAUTIFUL CHAOS,3044.0
2025-11-16,2025-11-22,2025,47,LE SSERAFIM (르세라핌),SPAGHETTI,6000.0
2025-11-16,2025-11-22,2025,47,NewJeans,2nd EP `Get Up`,1519.0
2025-11-16,2025-11-22,2025,47,NewJeans,Supernatural,774.0
2025-11-16,2025-11-22,2025,47,PLAVE,PLBBUU,3450.0
2025-11-16,2025-11-22,2025,47,PLAVE,PLBBUU (POCA),136302.0
2025-11-16,2025-11-22,2025,47,TREASURE (트레저),3rd MINI ALBUM [LOVE PULSE],1463.0
2025-11-16,2025-11-22,2025,47,TWS (투어스),4th Mini Album `play hard`,2981.0
2025-11-16,2025-11-22,2025,47,V,Layover,819.0
2025-11-16,2025-11-22,2025,47,로제 (ROSE),rosie,1275.0
2025-11-16,2025-11-22,2025,47,방탄소년단,LOVE YOURSELF 結 `Answer`,788.0
2025-11-16,2025-11-22,2025,47,방탄소년단,LOVE YOURSELF 轉 `Tear`,1156.0
2025-11-16,2025-11-22,2025,47,방탄소년단,Skool Luv Affair,666.0
2025-11-16,2025-11-22,2025,47,방탄소년단,YOU NEVER WALK ALONE,714.0
2025-11-16,2025-11-22,2025,47,방탄소년단,화양연화 pt.2,846.0
2025-11-16,2025-11-22,2025,47,세븐틴,3RD ALBUM ‘An Ode’,702.0
2025-11-16,2025-11-22,2025,47,세븐틴,4th Album `Face the Sun`,1059.0
2025-11-16,2025-11-22,2025,47,아야츠노 유니,슈퍼삐질게하는법,2966.0
2025-11-16,2025-11-22,2025,47,전소미,Chaotic & Confused,3000.0
2025-11-16,2025-11-22,2025,47,정국,GOLDEN,1295.0
2025-11-23,2025-11-29,2025,48,Agust D,D-DAY,872.0
2025-11-23,2025-11-29,2025,48,BABYMONSTER,BABYMONS7ER (Nemo),754.0
2025-11-23,2025-11-29,2025,48,BABYMONSTER,WE GO UP,2116.0
2025-11-23,2025-11-29,2025,48,BLACKPINK,BORN PINK,1525.0
2025-11-23,2025-11-29,2025,48,BLACKPINK,KILL THIS LOVE,1389.0
2025-11-23,2025-11-29,2025,48,BLACKPINK,SQUARE UP,1008.0
2025-11-23,2025-11-29,2025,48,BLACKPINK,THE ALBUM,2193.0
2025-11-23,2025-11-29,2025,48,CORTIS (코르티스),COLOR OUTSIDE THE LINES,128975.0
2025-11-23,2025-11-29,2025,48,CORTIS (코르티스),COLOR OUTSIDE THE LINES (Weverse),3531.0
2025-11-23,2025-11-29,2025,48,KATSEYE,BEAUTIFUL CHAOS,5184.0
2025-11-23,2025-11-29,2025,48,LE SSERAFIM (르세라핌),SPAGHETTI,2396.0
2025-11-23,2025-11-29,2025,48,NewJeans,1st EP `New Jeans`,2117.0
2025-11-23,2025-11-29,2025,48,NewJeans,2nd EP `Get Up`,2302.0
2025-11-23,2025-11-29,2025,48,NewJeans,Supernatural,2454.0
2025-11-23,2025-11-29,2025,48,NewJeans,`OMG`,1127.0
2025-11-23,2025-11-29,2025,48,PLAVE,PLBBUU (POCA),32139.0
2025-11-23,2025-11-29,2025,48,TWS (투어스),4th Mini Album `play hard`,27127.0
2025-11-23,2025-11-29,2025,48,로제 (ROSE),rosie,1656.0
2025-11-23,2025-11-29,2025,48,방탄소년단,MAP OF THE SOUL : 7,892.0
2025-11-23,2025-11-29,2025,48,방탄소년단,화양연화 Young Forever,783.0
2025-11-23,2025-11-29,2025,48,세븐틴,11th Mini Album `SEVENTEENTH HEAVEN`,962.0
2025-11-23,2025-11-29,2025,48,세븐틴,4th Album `Face the Sun`,973.0
2025-11-23,2025-11-29,2025,48,연준,NO LABELS: PART 01,58491.0
2025-11-23,2025-11-29,2025,48,연준,NO LABELS: PART 01 (SMC),1066.0
2025-11-23,2025-11-29,2025,48,연준,NO LABELS: PART 01 (Weverse),20174.0
2025-11-23,2025-11-29,2025,48,정국,GOLDEN,1143.0
2025-11-23,2025-11-29,2025,48,크리스탈,Solitary,26000.0
2025-11-23,2025-11-29,2025,48,투모로우바이투게더,minisode1 : Blue Hour,984.0
2025-11-23,2025-11-29,2025,48,한로로,이상비행 (LP),13399.0
2025-11-23,2025-11-29,2025,48,한로로,자몽살구클럽,798.0
2025-11-30,2025-12-06,2025,49,&TEAM,Back to Life,4743.0
2025-11-30,2025-12-06,2025,49,BABYMONSTER,DRIP,901.0
2025-11-30,2025-12-06,2025,49,BABYMONSTER,WE GO UP,3976.0
2025-11-30,2025-12-06,2025,49,BLACKPINK,BORN PINK,2605.0
2025-11-30,2025-12-06,2025,49,BLACKPINK,KILL THIS LOVE,1026.0
2025-11-30,2025-12-06,2025,49,BLACKPINK,THE ALBUM,2513.0
2025-11-30,2025-12-06,2025,49,BOYNEXTDOOR,HOW?,919.0
2025-11-30,2025-12-06,2025,49,BOYNEXTDOOR,The Action,2269.0
2025-11-30,2025-12-06,2025,49,BOYNEXTDOOR,WHO!,1116.0
2025-11-30,2025-12-06,2025,49,BOYNEXTDOOR,WHY..,893.0
2025-11-30,2025-12-06,2025,49,CORTIS (코르티스),COLOR OUTSIDE THE LINES,53354.0
2025-11-30,2025-12-06,2025,49,CORTIS (코르티스),COLOR OUTSIDE THE LINES (Weverse),3405.0
2025-11-30,2025-12-06,2025,49,KATSEYE,BEAUTIFUL CHAOS,6425.0
2025-11-30,2025-12-06,2025,49,KATSEYE,SIS (Soft Is Strong),20034.0
2025-11-30,2025-12-06,2025,49,LE SSERAFIM (르세라핌),SPAGHETTI,6578.0
2025-11-30,2025-12-06,2025,49,NewJeans,2nd EP `Get Up`,854.0
2025-11-30,2025-12-06,2025,49,NewJeans,Supernatural,833.0
2025-11-30,2025-12-06,2025,49,PLAVE,PLBBUU,10000.0
2025-11-30,2025-12-06,2025,49,TWS (투어스),4th Mini Album `play hard`,15990.0
2025-11-30,2025-12-06,2025,49,V,Layover,930.0
2025-11-30,2025-12-06,2025,49,강승윤,PAGE 2,2119.0
2025-11-30,2025-12-06,2025,49,로제 (ROSE),rosie,1000.0
2025-11-30,2025-12-06,2025,49,방탄소년단,LOVE YOURSELF 承 `Her`,1005.0
2025-11-30,2025-12-06,2025,49,방탄소년단,LOVE YOURSELF 結 `Answer`,982.0
2025-11-30,2025-12-06,2025,49,방탄소년단,LOVE YOURSELF 轉 `Tear`,918.0
2025-11-30,2025-12-06,2025,49,방탄소년단,MAP OF THE SOUL : 7,847.0
2025-11-30,2025-12-06,2025,49,방탄소년단,MAP OF THE SOUL : PERSONA,956.0
2025-11-30,2025-12-06,2025,49,방탄소년단,화양연화 Young Forever,956.0
2025-11-30,2025-12-06,2025,49,방탄소년단,화양연화 pt.2,1562.0
2025-11-30,2025-12-06,2025,49,세븐틴,4th Album `Face the Sun`,1194.0
2025-11-30,2025-12-06,2025,49,세븐틴,5th Album `HAPPY BURSTDAY`,2205.0
2025-11-30,2025-12-06,2025,49,연준,NO LABELS: PART 01 (Weverse),2268.0
2025-11-30,2025-12-06,2025,49,정국,GOLDEN,1324.0
2025-11-30,2025-12-06,2025,49,최엘비 (CHOILB),her.,975.0
2025-11-30,2025-12-06,2025,49,크리스탈,Solitary,10000.0
2025-11-30,2025-12-06,2025,49,티아이오티 (TIOT),MY PRIDE,1020.0
2025-12-07,2025-12-13,2025,50,&TEAM,Back to Life,745.0
2025-12-07,2025-12-13,2025,50,ALLDAY PROJECT,ALLDAY PROJECT,84594.0
2025-12-07,2025-12-13,2025,50,ALLDAY PROJECT,ALLDAY PROJECT (Nemo),46591.0
2025-12-07,2025-12-13,2025,50,BABYMONSTER,DRIP,1136.0
2025-12-07,2025-12-13,2025,50,BABYMONSTER,DRIP (Nemo),615.0
2025-12-07,2025-12-13,2025,50,BABYMONSTER,WE GO UP,4311.0
2025-12-07,2025-12-13,2025,50,BLACKPINK,BORN PINK,1371.0
2025-12-07,2025-12-13,2025,50,BLACKPINK,KILL THIS LOVE,1263.0
2025-12-07,2025-12-13,2025,50,BLACKPINK,THE ALBUM,901.0
2025-12-07,2025-12-13,2025,50,BOYNEXTDOOR,HOW?,800.0
2025-12-07,2025-12-13,2025,50,BOYNEXTDOOR,The Action,2982.0
2025-12-07,2025-12-13,2025,50,BOYNEXTDOOR,WHO!,609.0
2025-12-07,2025-12-13,2025,50,CLOSE YOUR EYES (클로즈 유어 아이즈),blackout (EVER ver.),690.0
2025-12-07,2025-12-13,2025,50,CORTIS (코르티스),COLOR OUTSIDE THE LINES,6624.0
2025-12-07,2025-12-13,2025,50,CORTIS (코르티스),COLOR OUTSIDE THE LINES (Weverse),8686.0
2025-12-07,2025-12-13,2025,50,KATSEYE,BEAUTIFUL CHAOS,2749.0
2025-12-07,2025-12-13,2025,50,LE SSERAFIM (르세라핌),SPAGHETTI,6683.0
2025-12-07,2025-12-13,2025,50,NewJeans,1st EP `New Jeans`,1530.0
2025-12-07,2025-12-13,2025,50,NewJeans,2nd EP `Get Up`,1434.0
2025-12-07,2025-12-13,2025,50,NewJeans,How Sweet,804.0
2025-12-07,2025-12-13,2025,50,PLAVE,PLBBUU (POCA),16158.0
2025-12-07,2025-12-13,2025,50,TREASURE (트레저),3rd MINI ALBUM [LOVE PULSE],40043.0
2025-12-07,2025-12-13,2025,50,TWS (투어스),4th Mini Album `play hard`,604.0
2025-12-07,2025-12-13,2025,50,V,Layover,950.0
2025-12-07,2025-12-13,2025,50,래원 (Layone),원래,785.0
2025-12-07,2025-12-13,2025,50,로제 (ROSE),rosie,1575.0
2025-12-07,2025-12-13,2025,50,방탄소년단,MAP OF THE SOUL : PERSONA,720.0
2025-12-07,2025-12-13,2025,50,방탄소년단,Proof,602.0
2025-12-07,2025-12-13,2025,50,세븐틴,11th Mini Album `SEVENTEENTH HEAVEN`,649.0
2025-12-07,2025-12-13,2025,50,세븐틴,4th Album `Face the Sun`,1941.0
2025-12-07,2025-12-13,2025,50,세븐틴,8th Mini Album `Your Choice`,1269.0
2025-12-07,2025-12-13,2025,50,연준,NO LABELS: PART 01,18782.0
2025-12-07,2025-12-13,2025,50,정국,GOLDEN,1335.0
2025-12-07,2025-12-13,2025,50,크리스탈,Solitary,2115.0
2025-12-07,2025-12-13,2025,50,투모로우바이투게더,별의 장: TOGETHER,619.0
2025-12-14,2025-12-20,2025,51,ALLDAY PROJECT,ALLDAY PROJECT,3214.0
2025-12-14,2025-12-20,2025,51,ALLDAY PROJECT,ALLDAY PROJECT (Nemo),768.0
2025-12-14,2025-12-20,2025,51,Agust D,D-DAY,742.0
2025-12-14,2025-12-20,2025,51,BABYMONSTER,DRIP,1306.0
2025-12-14,2025-12-20,2025,51,BABYMONSTER,WE GO UP,4154.0
2025-12-14,2025-12-20,2025,51,BLACKPINK,BORN PINK,1360.0
2025-12-14,2025-12-20,2025,51,BLACKPINK,KILL THIS LOVE,965.0
2025-12-14,2025-12-20,2025,51,BLACKPINK,THE ALBUM,1564.0
2025-12-14,2025-12-20,2025,51,BOYNEXTDOOR,19.99,948.0
2025-12-14,2025-12-20,2025,51,BOYNEXTDOOR,HOW?,1043.0
2025-12-14,2025-12-20,2025,51,BOYNEXTDOOR,The Action,4860.0
2025-12-14,2025-12-20,2025,51,BOYNEXTDOOR,WHO!,1005.0
2025-12-14,2025-12-20,2025,51,CLOSE YOUR EYES (클로즈 유어 아이즈),blackout (EVER ver.),972.0
2025-12-14,2025-12-20,2025,51,CORTIS (코르티스),COLOR OUTSIDE THE LINES (Weverse),12820.0
2025-12-14,2025-12-20,2025,51,KATSEYE,SIS (Soft Is Strong),10000.0
2025-12-14,2025-12-20,2025,51,LE SSERAFIM (르세라핌),SPAGHETTI,15058.0
2025-12-14,2025-12-20,2025,51,NewJeans,2nd EP `Get Up`,1713.0
2025-12-14,2025-12-20,2025,51,NewJeans,How Sweet,872.0
2025-12-14,2025-12-20,2025,51,NewJeans,`OMG`,888.0
2025-12-14,2025-12-20,2025,51,PLAVE,PLBBUU (POCA),867.0
2025-12-14,2025-12-20,2025,51,V,Layover,823.0
2025-12-14,2025-12-20,2025,51,로제 (ROSE),R,978.0
2025-12-14,2025-12-20,2025,51,로제 (ROSE),rosie,2064.0
2025-12-14,2025-12-20,2025,51,방탄소년단,LOVE YOURSELF 結 `Answer`,886.0
2025-12-14,2025-12-20,2025,51,방탄소년단,MAP OF THE SOUL : 7,894.0
2025-12-14,2025-12-20,2025,51,방탄소년단,화양연화 pt.2,1173.0
2025-12-14,2025-12-20,2025,51,세븐틴,10th Mini Album `FML`,804.0
2025-12-14,2025-12-20,2025,51,세븐틴,11th Mini Album `SEVENTEENTH HEAVEN`,1850.0
2025-12-14,2025-12-20,2025,51,세븐틴,3RD ALBUM ‘An Ode’,905.0
2025-12-14,2025-12-20,2025,51,세븐틴,4th Album Repackage `SECTOR 17`,1523.0
2025-12-14,2025-12-20,2025,51,세븐틴,4th Album `Face the Sun`,2247.0
2025-12-14,2025-12-20,2025,51,세븐틴,5th Album `HAPPY BURSTDAY`,2474.0
2025-12-14,2025-12-20,2025,51,세븐틴,9th Mini Album `Attacca`,1510.0
2025-12-14,2025-12-20,2025,51,연준,NO LABELS: PART 01,50568.0
2025-12-14,2025-12-20,2025,51,정국,GOLDEN,1370.0
2025-12-14,2025-12-20,2025,51,"지코 (ZICO), Lilas",DUET,1659.0
2025-12-14,2025-12-20,2025,51,투모로우바이투게더,별의 장: SANCTUARY,861.0
2025-12-21,2025-12-27,2025,52,ALLDAY PROJECT,ALLDAY PROJECT,695.0
2025-12-21,2025-12-27,2025,52,ALLDAY PROJECT,ALLDAY PROJECT (Nemo),922.0
2025-12-21,2025-12-27,2025,52,BABYMONSTER,BABYMONS7ER (Nemo),735.0
2025-12-21,2025-12-27,2025,52,BABYMONSTER,DRIP (Nemo),810.0
2025-12-21,2025-12-27,2025,52,BABYMONSTER,WE GO UP,2670.0
2025-12-21,2025-12-27,2025,52,BLACKPINK,BORN PINK,1276.0
2025-12-21,2025-12-27,2025,52,BLACKPINK,THE ALBUM,858.0
2025-12-21,2025-12-27,2025,52,BOYNEXTDOOR,19.99,701.0
2025-12-21,2025-12-27,2025,52,BOYNEXTDOOR,HOW?,1219.0
2025-12-21,2025-12-27,2025,52,BOYNEXTDOOR,The Action,847.0
2025-12-21,2025-12-27,2025,52,BOYNEXTDOOR,WHO!,1257.0
2025-12-21,2025-12-27,2025,52,BOYNEXTDOOR,WHY..,667.0
2025-12-21,2025-12-27,2025,52,CLOSE YOUR EYES (클로즈 유어 아이즈),blackout,1688.0
2025-12-21,2025-12-27,2025,52,CLOSE YOUR EYES (클로즈 유어 아이즈),blackout (EVER ver.),858.0
2025-12-21,2025-12-27,2025,52,CORTIS (코르티스),COLOR OUTSIDE THE LINES,61700.0
2025-12-21,2025-12-27,2025,52,CORTIS (코르티스),COLOR OUTSIDE THE LINES (LP),5000.0
2025-12-21,2025-12-27,2025,52,KATSEYE,BEAUTIFUL CHAOS,19092.0
2025-12-21,2025-12-27,2025,52,LE SSERAFIM (르세라핌),SPAGHETTI,1709.0
2025-12-21,2025-12-27,2025,52,NewJeans,1st EP `New Jeans`,1291.0
2025-12-21,2025-12-27,2025,52,NewJeans,How Sweet,758.0
2025-12-21,2025-12-27,2025,52,NewJeans,Supernatural,785.0
2025-12-21,2025-12-27,2025,52,PLAVE,PLBBUU (POCA),1015.0
2025-12-21,2025-12-27,2025,52,TWS (투어스),1st Mini Album `Sparkling Blue`,663.0
2025-12-21,2025-12-27,2025,52,TWS (투어스),4th Mini Album `play hard`,1286.0
2025-12-21,2025-12-27,2025,52,로제 (ROSE),R,901.0
2025-12-21,2025-12-27,2025,52,로제 (ROSE),rosie,1199.0
2025-12-21,2025-12-27,2025,52,방탄소년단,LOVE YOURSELF 承 `Her`,878.0
2025-12-21,2025-12-27,2025,52,방탄소년단,LOVE YOURSELF 轉 `Tear`,660.0
2025-12-21,2025-12-27,2025,52,방탄소년단,MAP OF THE SOUL : 7,729.0
2025-12-21,2025-12-27,2025,52,방탄소년단,Skool Luv Affair,1046.0
2025-12-21,2025-12-27,2025,52,방탄소년단,화양연화 Young Forever,783.0
2025-12-21,2025-12-27,2025,52,세븐틴,11th Mini Album `SEVENTEENTH HEAVEN`,698.0
2025-12-21,2025-12-27,2025,52,세븐틴,3RD ALBUM ‘An Ode’,682.0
2025-12-21,2025-12-27,2025,52,세븐틴,4th Album `Face the Sun`,2524.0
2025-12-21,2025-12-27,2025,52,세븐틴,5th Album `HAPPY BURSTDAY`,2040.0
2025-12-21,2025-12-27,2025,52,정국,GOLDEN,2012.0
2025-12-21,2025-12-27,2025,52,제니 (JENNIE),SOLO,1186.0
2025-12-21,2025-12-27,2025,52,티아이오티 (TIOT),MY PRIDE (kiwee album),820.0
2025-12-21,2025-12-27,2025,52,한로로,자몽살구클럽,1919.0
2025-12-28,2026-01-03,2026,1,ALLDAY PROJECT,ALLDAY PROJECT,5629.0
2025-12-28,2026-01-03,2026,1,ALLDAY PROJECT,ALLDAY PROJECT (Nemo),6107.0
2025-12-28,2026-01-03,2026,1,ALLDAY PROJECT,FAMOUS,421.0
2025-12-28,2026-01-03,2026,1,BABYMONSTER,DRIP (Nemo),652.0
2025-12-28,2026-01-03,2026,1,BABYMONSTER,WE GO UP,2790.0
2025-12-28,2026-01-03,2026,1,BLACKPINK,BORN PINK,416.0
2025-12-28,2026-01-03,2026,1,BLACKPINK,THE ALBUM,492.0
2025-12-28,2026-01-03,2026,1,BOYNEXTDOOR,19.99,843.0
2025-12-28,2026-01-03,2026,1,BOYNEXTDOOR,HOW?,1472.0
2025-12-28,2026-01-03,2026,1,BOYNEXTDOOR,HOW? (Weverse),546.0
2025-12-28,2026-01-03,2026,1,BOYNEXTDOOR,No Genre (Weverse),781.0
2025-12-28,2026-01-03,2026,1,BOYNEXTDOOR,The Action,1137.0
2025-12-28,2026-01-03,2026,1,BOYNEXTDOOR,WHO!,1357.0
2025-12-28,2026-01-03,2026,1,BOYNEXTDOOR,WHY..,623.0
2025-12-28,2026-01-03,2026,1,BOYNEXTDOOR,WHY.. (Weverse),501.0
2025-12-28,2026-01-03,2026,1,CORTIS (코르티스),COLOR OUTSIDE THE LINES,35308.0
2025-12-28,2026-01-03,2026,1,CORTIS (코르티스),COLOR OUTSIDE THE LINES (LP),5000.0
2025-12-28,2026-01-03,2026,1,KATSEYE,BEAUTIFUL CHAOS,3134.0
2025-12-28,2026-01-03,2026,1,LE SSERAFIM (르세라핌),SPAGHETTI,1741.0
2025-12-28,2026-01-03,2026,1,NewJeans,1st EP `New Jeans`,1297.0
2025-12-28,2026-01-03,2026,1,NewJeans,2nd EP `Get Up`,1586.0
2025-12-28,2026-01-03,2026,1,NewJeans,How Sweet,527.0
2025-12-28,2026-01-03,2026,1,NewJeans,Supernatural,573.0
2025-12-28,2026-01-03,2026,1,NewJeans,`OMG`,1031.0
2025-12-28,2026-01-03,2026,1,PLAVE,PLBBUU (POCA),903.0
2025-12-28,2026-01-03,2026,1,TREASURE (트레저),3rd MINI ALBUM [LOVE PULSE],2314.0
2025-12-28,2026-01-03,2026,1,TWS (투어스),1st Mini Album `Sparkling Blue`,639.0
2025-12-28,2026-01-03,2026,1,TWS (투어스),1st Mini Album `Sparkling Blue` (Weverse),560.0
2025-12-28,2026-01-03,2026,1,로제 (ROSE),R,712.0
2025-12-28,2026-01-03,2026,1,로제 (ROSE),rosie,1142.0
2025-12-28,2026-01-03,2026,1,방탄소년단,LOVE YOURSELF 承 `Her`,610.0
2025-12-28,2026-01-03,2026,1,방탄소년단,LOVE YOURSELF 結 `Answer`,708.0
2025-12-28,2026-01-03,2026,1,방탄소년단,LOVE YOURSELF 轉 `Tear`,524.0
2025-12-28,2026-01-03,2026,1,방탄소년단,MAP OF THE SOUL : PERSONA,477.0
2025-12-28,2026-01-03,2026,1,세븐틴,11th Mini Album `SEVENTEENTH HEAVEN`,435.0
2025-12-28,2026-01-03,2026,1,세븐틴,5th Album `HAPPY BURSTDAY`,1581.0
2025-12-28,2026-01-03,2026,1,세븐틴,9th Mini Album `Attacca`,1212.0
2025-12-28,2026-01-03,2026,1,정국,GOLDEN,459.0
2025-12-28,2026-01-03,2026,1,제니 (JENNIE),SOLO,481.0
2026-01-04,2026-01-10,2026,2,&TEAM,Back to Life,1426.0
2026-01-04,2026-01-10,2026,2,BABYMONSTER,BABYMONS7ER (Nemo),1714.0
2026-01-04,2026-01-10,2026,2,BABYMONSTER,DRIP,1710.0
2026-01-04,2026-01-10,2026,2,BABYMONSTER,DRIP (Nemo),1194.0
2026-01-04,2026-01-10,2026,2,BABYMONSTER,WE GO UP,6816.0
2026-01-04,2026-01-10,2026,2,BLACKPINK,BORN PINK,1937.0
2026-01-04,2026-01-10,2026,2,BLACKPINK,SQUARE UP,1947.0
2026-01-04,2026-01-10,2026,2,BLACKPINK,THE ALBUM,3477.0
2026-01-04,2026-01-10,2026,2,BOYNEXTDOOR,19.99,1194.0
2026-01-04,2026-01-10,2026,2,BOYNEXTDOOR,HOW?,1194.0
2026-01-04,2026-01-10,2026,2,BOYNEXTDOOR,The Action,10178.0
2026-01-04,2026-01-10,2026,2,BOYNEXTDOOR,WHO!,1098.0
2026-01-04,2026-01-10,2026,2,BOYNEXTDOOR,WHY..,1158.0
2026-01-04,2026-01-10,2026,2,CORTIS (코르티스),COLOR OUTSIDE THE LINES,130738.0
2026-01-04,2026-01-10,2026,2,CORTIS (코르티스),COLOR OUTSIDE THE LINES (Weverse),35597.0
2026-01-04,2026-01-10,2026,2,KATSEYE,BEAUTIFUL CHAOS,3813.0
2026-01-04,2026-01-10,2026,2,LE SSERAFIM (르세라핌),SPAGHETTI,5291.0
2026-01-04,2026-01-10,2026,2,MEOVV (미야오),MY EYES OPEN VVIDE,3171.0
2026-01-04,2026-01-10,2026,2,NewJeans,1st EP `New Jeans`,2742.0
2026-01-04,2026-01-10,2026,2,NewJeans,2nd EP `Get Up`,3001.0
2026-01-04,2026-01-10,2026,2,NewJeans,How Sweet,1889.0
2026-01-04,2026-01-10,2026,2,NewJeans,Supernatural,2496.0
2026-01-04,2026-01-10,2026,2,NewJeans,`OMG`,1312.0
2026-01-04,2026-01-10,2026,2,TWS (투어스),1st Mini Album `Sparkling Blue`,1566.0
2026-01-04,2026-01-10,2026,2,TWS (투어스),4th Mini Album `play hard`,6249.0
2026-01-04,2026-01-10,2026,2,V,Layover,1119.0
2026-01-04,2026-01-10,2026,2,로제 (ROSE),R,2185.0
2026-01-04,2026-01-10,2026,2,로제 (ROSE),rosie,3381.0
2026-01-04,2026-01-10,2026,2,방탄소년단,DARK&WILD,1092.0
2026-01-04,2026-01-10,2026,2,방탄소년단,MAP OF THE SOUL : PERSONA,1425.0
2026-01-04,2026-01-10,2026,2,방탄소년단,WINGS,1433.0
2026-01-04,2026-01-10,2026,2,방탄소년단,화양연화 Young Forever,1195.0
2026-01-04,2026-01-10,2026,2,방탄소년단,화양연화 pt.2,1144.0
2026-01-04,2026-01-10,2026,2,세븐틴,4th Album `Face the Sun`,1891.0
2026-01-04,2026-01-10,2026,2,투모로우바이투게더,별의 장: TOGETHER,1098.0
2026-01-04,2026-01-10,2026,2,혁오 (hyukoh),20 (LP),2045.0
2026-01-04,2026-01-10,2026,2,혁오 (hyukoh),22 (LP),2054.0
2026-01-04,2026-01-10,2026,2,혁오 (hyukoh),23 (LP),2711.0
2026-01-04,2026-01-10,2026,2,혁오 (hyukoh),24 : How to find true love and happiness (LP),3081.0
2026-01-04,2026-01-10,2026,2,혁오 (hyukoh),사랑으로 (LP),3052.0
2026-01-11,2026-01-17,2026,3,BABYMONSTER,BABYMONS7ER (Nemo),1014.0
2026-01-11,2026-01-17,2026,3,BABYMONSTER,DRIP,1697.0
2026-01-11,2026-01-17,2026,3,BABYMONSTER,WE GO UP,2447.0
2026-01-11,2026-01-17,2026,3,BLACKPINK,BORN PINK,1942.0
2026-01-11,2026-01-17,2026,3,BLACKPINK,SQUARE UP,1161.0
2026-01-11,2026-01-17,2026,3,BLACKPINK,THE ALBUM,2656.0
2026-01-11,2026-01-17,2026,3,BOYNEXTDOOR,The Action,5969.0
2026-01-11,2026-01-17,2026,3,CORTIS (코르티스),COLOR OUTSIDE THE LINES (Weverse),3047.0
2026-01-11,2026-01-17,2026,3,KATSEYE,BEAUTIFUL CHAOS,6294.0
2026-01-11,2026-01-17,2026,3,KATSEYE,SIS (Soft Is Strong),18205.0
2026-01-11,2026-01-17,2026,3,LE SSERAFIM (르세라핌),SPAGHETTI,1770.0
2026-01-11,2026-01-17,2026,3,NewJeans,1st EP `New Jeans`,2326.0
2026-01-11,2026-01-17,2026,3,NewJeans,2nd EP `Get Up`,1979.0
2026-01-11,2026-01-17,2026,3,NewJeans,How Sweet,1134.0
2026-01-11,2026-01-17,2026,3,NewJeans,Supernatural,1510.0
2026-01-11,2026-01-17,2026,3,NewJeans,`OMG`,2179.0
2026-01-11,2026-01-17,2026,3,PLAVE,PLBBUU (POCA),6557.0
2026-01-11,2026-01-17,2026,3,TWS (투어스),1st Mini Album `Sparkling Blue`,2273.0
2026-01-11,2026-01-17,2026,3,도겸X승관 (SEVENTEEN),1st Mini Album `소야곡`,470959.0
2026-01-11,2026-01-17,2026,3,도겸X승관 (SEVENTEEN),1st Mini Album `소야곡` (KiT),24951.0
2026-01-11,2026-01-17,2026,3,도겸X승관 (SEVENTEEN),1st Mini Album `소야곡` (Weverse),44436.0
2026-01-11,2026-01-17,2026,3,로제 (ROSE),R,1740.0
2026-01-11,2026-01-17,2026,3,로제 (ROSE),rosie,1458.0
2026-01-11,2026-01-17,2026,3,방탄소년단,2 Cool 4 Skool,1122.0
2026-01-11,2026-01-17,2026,3,방탄소년단,Butter,965.0
2026-01-11,2026-01-17,2026,3,방탄소년단,DARK&WILD,992.0
2026-01-11,2026-01-17,2026,3,방탄소년단,LOVE YOURSELF 轉 `Tear`,1077.0
2026-01-11,2026-01-17,2026,3,방탄소년단,MAP OF THE SOUL : 7,1651.0
2026-01-11,2026-01-17,2026,3,방탄소년단,MAP OF THE SOUL : PERSONA,1567.0
2026-01-11,2026-01-17,2026,3,방탄소년단,Proof,1549.0
2026-01-11,2026-01-17,2026,3,방탄소년단,Skool Luv Affair,1501.0
2026-01-11,2026-01-17,2026,3,방탄소년단,WINGS,1034.0
2026-01-11,2026-01-17,2026,3,방탄소년단,화양연화 Young Forever,1130.0
2026-01-11,2026-01-17,2026,3,방탄소년단,화양연화 pt.1,1084.0
2026-01-11,2026-01-17,2026,3,방탄소년단,화양연화 pt.2,1214.0
2026-01-11,2026-01-17,2026,3,세븐틴,8th Mini Album `Your Choice`,1516.0
2026-01-11,2026-01-17,2026,3,정국,GOLDEN,2789.0
2026-01-11,2026-01-17,2026,3,한로로,자몽살구클럽,1545.0
2026-01-18,2026-01-24,2026,4,&TEAM,Back to Life,1138.0
2026-01-18,2026-01-24,2026,4,ALLDAY PROJECT,ALLDAY PROJECT,6480.0
2026-01-18,2026-01-24,2026,4,ALLDAY PROJECT,ALLDAY PROJECT (Nemo),7110.0
2026-01-18,2026-01-24,2026,4,BABYMONSTER,BABYMONS7ER (Nemo),1354.0
2026-01-18,2026-01-24,2026,4,BABYMONSTER,DRIP,1010.0
2026-01-18,2026-01-24,2026,4,BABYMONSTER,DRIP (Nemo),1115.0
2026-01-18,2026-01-24,2026,4,BABYMONSTER,WE GO UP,3280.0
2026-01-18,2026-01-24,2026,4,BLACKPINK,BORN PINK,1264.0
2026-01-18,2026-01-24,2026,4,BLACKPINK,THE ALBUM,2585.0
2026-01-18,2026-01-24,2026,4,BOYNEXTDOOR,The Action,3021.0
2026-01-18,2026-01-24,2026,4,BOYNEXTDOOR,WHO!,1336.0
2026-01-18,2026-01-24,2026,4,CORTIS (코르티스),COLOR OUTSIDE THE LINES (Weverse),11362.0
2026-01-18,2026-01-24,2026,4,KATSEYE,BEAUTIFUL CHAOS,910.0
2026-01-18,2026-01-24,2026,4,KATSEYE,SIS (Soft Is Strong),3192.0
2026-01-18,2026-01-24,2026,4,LE SSERAFIM (르세라핌),SPAGHETTI,3337.0
2026-01-18,2026-01-24,2026,4,NewJeans,1st EP `New Jeans`,1757.0
2026-01-18,2026-01-24,2026,4,NewJeans,2nd EP `Get Up`,966.0
2026-01-18,2026-01-24,2026,4,NewJeans,How Sweet,1360.0
2026-01-18,2026-01-24,2026,4,NewJeans,Supernatural,1933.0
2026-01-18,2026-01-24,2026,4,PLAVE,PLBBUU,3270.0
2026-01-18,2026-01-24,2026,4,TWS (투어스),1st Mini Album `Sparkling Blue`,1721.0
2026-01-18,2026-01-24,2026,4,TWS (투어스),4th Mini Album `play hard`,2265.0
2026-01-18,2026-01-24,2026,4,도겸X승관 (SEVENTEEN),1st Mini Album `소야곡`,30349.0
2026-01-18,2026-01-24,2026,4,도겸X승관 (SEVENTEEN),1st Mini Album `소야곡` (KiT),3957.0
2026-01-18,2026-01-24,2026,4,로제 (ROSE),R,1439.0
2026-01-18,2026-01-24,2026,4,로제 (ROSE),rosie,1369.0
2026-01-18,2026-01-24,2026,4,방탄소년단,LOVE YOURSELF 承 `Her`,1382.0
2026-01-18,2026-01-24,2026,4,방탄소년단,LOVE YOURSELF 結 `Answer`,1087.0
2026-01-18,2026-01-24,2026,4,방탄소년단,MAP OF THE SOUL : 7,997.0
2026-01-18,2026-01-24,2026,4,방탄소년단,"O!RUL8,2?",899.0
2026-01-18,2026-01-24,2026,4,방탄소년단,Skool Luv Affair,953.0
2026-01-18,2026-01-24,2026,4,방탄소년단,화양연화 Young Forever,890.0
2026-01-18,2026-01-24,2026,4,방탄소년단,화양연화 pt.2,1077.0
2026-01-18,2026-01-24,2026,4,세븐틴,11th Mini Album `SEVENTEENTH HEAVEN`,1248.0
2026-01-18,2026-01-24,2026,4,세븐틴,9th Mini Album `Attacca`,4970.0
2026-01-18,2026-01-24,2026,4,엔싸인 (n.SSign),`Funky like me`,82852.0
2026-01-18,2026-01-24,2026,4,엔싸인 (n.SSign),`Funky like me` (Nemo),10001.0
2026-01-18,2026-01-24,2026,4,정국,GOLDEN,1045.0
2026-01-18,2026-01-24,2026,4,제니 (JENNIE),SOLO,1147.0
2026-01-18,2026-01-24,2026,4,투모로우바이투게더,minisode 3: TOMORROW,1155.0
2026-01-25,2026-01-31,2026,5,ALLDAY PROJECT,ALLDAY PROJECT,2102.0
2026-01-25,2026-01-31,2026,5,BABYMONSTER,BABYMONS7ER (Nemo),981.0
2026-01-25,2026-01-31,2026,5,BABYMONSTER,DRIP,1839.0
2026-01-25,2026-01-31,2026,5,BABYMONSTER,WE GO UP,5498.0
2026-01-25,2026-01-31,2026,5,BLACKPINK,THE ALBUM,1747.0
2026-01-25,2026-01-31,2026,5,BOYNEXTDOOR,The Action,1113.0
2026-01-25,2026-01-31,2026,5,BOYNEXTDOOR,WHO!,1641.0
2026-01-25,2026-01-31,2026,5,CORTIS (코르티스),COLOR OUTSIDE THE LINES,200150.0
2026-01-25,2026-01-31,2026,5,KATSEYE,BEAUTIFUL CHAOS,2568.0
2026-01-25,2026-01-31,2026,5,KATSEYE,SIS (Soft Is Strong),4466.0
2026-01-25,2026-01-31,2026,5,LE SSERAFIM (르세라핌),HOT,1698.0
2026-01-25,2026-01-31,2026,5,LE SSERAFIM (르세라핌),SPAGHETTI,2735.0
2026-01-25,2026-01-31,2026,5,LE SSERAFIM (르세라핌),SPAGHETTI (LP),23690.0
2026-01-25,2026-01-31,2026,5,NewJeans,1st EP `New Jeans`,1270.0
2026-01-25,2026-01-31,2026,5,NewJeans,2nd EP `Get Up`,2415.0
2026-01-25,2026-01-31,2026,5,NewJeans,Supernatural,918.0
2026-01-25,2026-01-31,2026,5,NewJeans,`OMG`,1156.0
2026-01-25,2026-01-31,2026,5,TWS (투어스),1st Mini Album `Sparkling Blue`,2009.0
2026-01-25,2026-01-31,2026,5,TWS (투어스),3rd Mini Album `TRY WITH US` (Weverse),914.0
2026-01-25,2026-01-31,2026,5,V,Layover,1125.0
2026-01-25,2026-01-31,2026,5,도겸X승관 (SEVENTEEN),1st Mini Album `소야곡`,27012.0
2026-01-25,2026-01-31,2026,5,도겸X승관 (SEVENTEEN),1st Mini Album `소야곡` (Weverse),5457.0
2026-01-25,2026-01-31,2026,5,로제 (ROSE),R,1197.0
2026-01-25,2026-01-31,2026,5,로제 (ROSE),rosie,3164.0
2026-01-25,2026-01-31,2026,5,로제 (ROSE),rosie (vampirehollie edition) (LP),877.0
2026-01-25,2026-01-31,2026,5,방탄소년단,LOVE YOURSELF 結 `Answer`,939.0
2026-01-25,2026-01-31,2026,5,방탄소년단,MAP OF THE SOUL : PERSONA,1067.0
2026-01-25,2026-01-31,2026,5,방탄소년단,화양연화 pt.2,1033.0
2026-01-25,2026-01-31,2026,5,세븐틴,4th Album `Face the Sun`,1540.0
2026-01-25,2026-01-31,2026,5,엔싸인 (n.SSign),`Funky like me`,2064.0
2026-01-25,2026-01-31,2026,5,정국,GOLDEN,1481.0
2026-01-25,2026-01-31,2026,5,투모로우바이투게더,이름의 장: TEMPTATION,883.0
2026-01-25,2026-01-31,2026,5,티아이오티 (TIOT),MY PRIDE (TAPE+kiwee album),2000.0
2026-02-01,2026-02-07,2026,6,&TEAM,Back to Life,954.0
2026-02-01,2026-02-07,2026,6,ALLDAY PROJECT,FAMOUS,868.0
2026-02-01,2026-02-07,2026,6,BABYMONSTER,BABYMONS7ER (Nemo),1742.0
2026-02-01,2026-02-07,2026,6,BABYMONSTER,DRIP,1217.0
2026-02-01,2026-02-07,2026,6,BABYMONSTER,DRIP (Nemo),1649.0
2026-02-01,2026-02-07,2026,6,BABYMONSTER,WE GO UP,7267.0
2026-02-01,2026-02-07,2026,6,BLACKPINK,BORN PINK,1154.0
2026-02-01,2026-02-07,2026,6,BLACKPINK,KILL THIS LOVE,6878.0
2026-02-01,2026-02-07,2026,6,BLACKPINK,SQUARE UP,2643.0
2026-02-01,2026-02-07,2026,6,BLACKPINK,THE ALBUM,2319.0
2026-02-01,2026-02-07,2026,6,BOYNEXTDOOR,HOW?,1132.0
2026-02-01,2026-02-07,2026,6,BOYNEXTDOOR,The Action,889.0
2026-02-01,2026-02-07,2026,6,BOYNEXTDOOR,WHO!,1007.0
2026-02-01,2026-02-07,2026,6,CORTIS (코르티스),COLOR OUTSIDE THE LINES,19950.0
2026-02-01,2026-02-07,2026,6,KATSEYE,BEAUTIFUL CHAOS,1860.0
2026-02-01,2026-02-07,2026,6,KATSEYE,SIS (Soft Is Strong),2128.0
2026-02-01,2026-02-07,2026,6,LE SSERAFIM (르세라핌),SPAGHETTI,2162.0
2026-02-01,2026-02-07,2026,6,NewJeans,1st EP `New Jeans`,1471.0
2026-02-01,2026-02-07,2026,6,NewJeans,2nd EP `Get Up`,2218.0
2026-02-01,2026-02-07,2026,6,NewJeans,How Sweet,1315.0
2026-02-01,2026-02-07,2026,6,NewJeans,Supernatural,1504.0
2026-02-01,2026-02-07,2026,6,NewJeans,`OMG`,1189.0
2026-02-01,2026-02-07,2026,6,TWS (투어스),1st Mini Album `Sparkling Blue`,4206.0
2026-02-01,2026-02-07,2026,6,TWS (투어스),1st Mini Album `Sparkling Blue` (Weverse),4000.0
2026-02-01,2026-02-07,2026,6,TWS (투어스),4th Mini Album `play hard`,10965.0
2026-02-01,2026-02-07,2026,6,TWS (투어스),4th Mini Album `play hard` (Weverse),1928.0
2026-02-01,2026-02-07,2026,6,도겸X승관 (SEVENTEEN),1st Mini Album `소야곡`,5400.0
2026-02-01,2026-02-07,2026,6,로제 (ROSE),rosie,1967.0
2026-02-01,2026-02-07,2026,6,방탄소년단,DARK&WILD,854.0
2026-02-01,2026-02-07,2026,6,방탄소년단,LOVE YOURSELF 承 `Her`,1745.0
2026-02-01,2026-02-07,2026,6,방탄소년단,LOVE YOURSELF 結 `Answer`,1844.0
2026-02-01,2026-02-07,2026,6,방탄소년단,LOVE YOURSELF 轉 `Tear`,1466.0
2026-02-01,2026-02-07,2026,6,방탄소년단,MAP OF THE SOUL : PERSONA,1701.0
2026-02-01,2026-02-07,2026,6,방탄소년단,Skool Luv Affair,896.0
2026-02-01,2026-02-07,2026,6,방탄소년단,YOU NEVER WALK ALONE,955.0
2026-02-01,2026-02-07,2026,6,방탄소년단,화양연화 Young Forever,1549.0
2026-02-01,2026-02-07,2026,6,방탄소년단,화양연화 pt.1,1159.0
2026-02-01,2026-02-07,2026,6,방탄소년단,화양연화 pt.2,1347.0
2026-02-01,2026-02-07,2026,6,세븐틴,11th Mini Album `SEVENTEENTH HEAVEN`,1054.0
2026-02-01,2026-02-07,2026,6,세븐틴,4th Album `Face the Sun`,1299.0
2026-02-01,2026-02-07,2026,6,세븐틴,5th Album `HAPPY BURSTDAY`,1183.0
2026-02-01,2026-02-07,2026,6,정국,GOLDEN,1592.0
2026-02-01,2026-02-07,2026,6,투모로우바이투게더,minisode 2: Thursday`s Child,922.0
2026-02-01,2026-02-07,2026,6,투모로우바이투게더,minisode 3: TOMORROW,1507.0
2026-02-01,2026-02-07,2026,6,투모로우바이투게더,별의 장: TOGETHER,1333.0
2026-02-01,2026-02-07,2026,6,투모로우바이투게더,혼돈의 장: FIGHT OR ESCAPE,1054.0
2026-02-01,2026-02-07,2026,6,황민현,`Truth or Lie` - 1st MINI ALBUM,1325.0
2026-02-08,2026-02-14,2026,7,BABYMONSTER,BABYMONS7ER (Nemo),1316.0
2026-02-08,2026-02-14,2026,7,BABYMONSTER,DRIP,979.0
2026-02-08,2026-02-14,2026,7,BABYMONSTER,DRIP (Nemo),1314.0
2026-02-08,2026-02-14,2026,7,BABYMONSTER,WE GO UP,8399.0
2026-02-08,2026-02-14,2026,7,BLACKPINK,KILL THIS LOVE,2263.0
2026-02-08,2026-02-14,2026,7,BLACKPINK,THE ALBUM,2540.0
2026-02-08,2026-02-14,2026,7,BOYNEXTDOOR,19.99,1002.0
2026-02-08,2026-02-14,2026,7,BOYNEXTDOOR,HOW?,1057.0
2026-02-08,2026-02-14,2026,7,BOYNEXTDOOR,WHO!,998.0
2026-02-08,2026-02-14,2026,7,BOYNEXTDOOR,WHY..,788.0
2026-02-08,2026-02-14,2026,7,CORTIS (코르티스),COLOR OUTSIDE THE LINES,103069.0
2026-02-08,2026-02-14,2026,7,CORTIS (코르티스),COLOR OUTSIDE THE LINES (Weverse),35151.0
2026-02-08,2026-02-14,2026,7,KATSEYE,BEAUTIFUL CHAOS,1293.0
2026-02-08,2026-02-14,2026,7,KATSEYE,SIS (Soft Is Strong),1134.0
2026-02-08,2026-02-14,2026,7,LE SSERAFIM (르세라핌),HOT,1209.0
2026-02-08,2026-02-14,2026,7,LE SSERAFIM (르세라핌),SPAGHETTI,3570.0
2026-02-08,2026-02-14,2026,7,NewJeans,1st EP `New Jeans`,1539.0
2026-02-08,2026-02-14,2026,7,NewJeans,2nd EP `Get Up`,1284.0
2026-02-08,2026-02-14,2026,7,NewJeans,How Sweet,1170.0
2026-02-08,2026-02-14,2026,7,NewJeans,Supernatural,1438.0
2026-02-08,2026-02-14,2026,7,NewJeans,`OMG`,987.0
2026-02-08,2026-02-14,2026,7,TWS (투어스),1st Mini Album `Sparkling Blue`,1420.0
2026-02-08,2026-02-14,2026,7,TWS (투어스),4th Mini Album `play hard`,9990.0
2026-02-08,2026-02-14,2026,7,V,Layover,1220.0
2026-02-08,2026-02-14,2026,7,도겸X승관 (SEVENTEEN),1st Mini Album `소야곡`,85766.0
2026-02-08,2026-02-14,2026,7,로제 (ROSE),R,1002.0
2026-02-08,2026-02-14,2026,7,로제 (ROSE),rosie,1419.0
2026-02-08,2026-02-14,2026,7,방탄소년단,2 Cool 4 Skool,773.0
2026-02-08,2026-02-14,2026,7,방탄소년단,LOVE YOURSELF 承 `Her`,876.0
2026-02-08,2026-02-14,2026,7,방탄소년단,LOVE YOURSELF 結 `Answer`,840.0
2026-02-08,2026-02-14,2026,7,방탄소년단,LOVE YOURSELF 轉 `Tear`,1608.0
2026-02-08,2026-02-14,2026,7,방탄소년단,MAP OF THE SOUL : 7,1788.0
2026-02-08,2026-02-14,2026,7,방탄소년단,Skool Luv Affair,990.0
2026-02-08,2026-02-14,2026,7,방탄소년단,YOU NEVER WALK ALONE,1114.0
2026-02-08,2026-02-14,2026,7,방탄소년단,화양연화 Young Forever,822.0
2026-02-08,2026-02-14,2026,7,방탄소년단,화양연화 pt.1,1110.0
2026-02-08,2026-02-14,2026,7,방탄소년단,화양연화 pt.2,1533.0
2026-02-08,2026-02-14,2026,7,세븐틴,4th Album Repackage `SECTOR 17`,722.0
2026-02-08,2026-02-14,2026,7,세븐틴,4th Album `Face the Sun`,1910.0
2026-02-08,2026-02-14,2026,7,정국,GOLDEN,880.0
2026-02-08,2026-02-14,2026,7,투모로우바이투게더,minisode 2: Thursday`s Child,723.0
2026-02-08,2026-02-14,2026,7,투모로우바이투게더,minisode 3: TOMORROW,936.0
2026-02-08,2026-02-14,2026,7,투모로우바이투게더,별의 장: SANCTUARY,1119.0
2026-02-08,2026-02-14,2026,7,투모로우바이투게더,별의 장: TOGETHER,838.0
2026-02-08,2026-02-14,2026,7,투모로우바이투게더,이름의 장: TEMPTATION,869.0
2026-02-15,2026-02-21,2026,8,&TEAM,Back to Life,394.0
2026-02-15,2026-02-21,2026,8,BABYMONSTER,WE GO UP,1202.0
2026-02-15,2026-02-21,2026,8,BLACKPINK,BORN PINK,8558.0
2026-02-15,2026-02-21,2026,8,BLACKPINK,KILL THIS LOVE,949.0
2026-02-15,2026-02-21,2026,8,BLACKPINK,SQUARE UP,435.0
2026-02-15,2026-02-21,2026,8,BLACKPINK,THE ALBUM,574.0
2026-02-15,2026-02-21,2026,8,BOYNEXTDOOR,19.99,390.0
2026-02-15,2026-02-21,2026,8,BOYNEXTDOOR,HOW?,622.0
2026-02-15,2026-02-21,2026,8,BOYNEXTDOOR,No Genre,351.0
2026-02-15,2026-02-21,2026,8,BOYNEXTDOOR,No Genre (Weverse),288.0
2026-02-15,2026-02-21,2026,8,BOYNEXTDOOR,The Action,564.0
2026-02-15,2026-02-21,2026,8,BOYNEXTDOOR,WHO!,449.0
2026-02-15,2026-02-21,2026,8,BOYNEXTDOOR,WHY..,701.0
2026-02-15,2026-02-21,2026,8,CORTIS (코르티스),COLOR OUTSIDE THE LINES,532.0
2026-02-15,2026-02-21,2026,8,CORTIS (코르티스),COLOR OUTSIDE THE LINES (Weverse),1038.0
2026-02-15,2026-02-21,2026,8,KATSEYE,BEAUTIFUL CHAOS,562.0
2026-02-15,2026-02-21,2026,8,KATSEYE,SIS (Soft Is Strong),1136.0
2026-02-15,2026-02-21,2026,8,LE SSERAFIM (르세라핌),HOT,259.0
2026-02-15,2026-02-21,2026,8,LE SSERAFIM (르세라핌),SPAGHETTI,1220.0
2026-02-15,2026-02-21,2026,8,NewJeans,1st EP `New Jeans`,640.0
2026-02-15,2026-02-21,2026,8,NewJeans,1st EP `New Jeans` (Weverse),524.0
2026-02-15,2026-02-21,2026,8,NewJeans,2nd EP `Get Up`,965.0
2026-02-15,2026-02-21,2026,8,PLAVE,PLBBUU (POCA),377.0
2026-02-15,2026-02-21,2026,8,TWS (투어스),1st Mini Album `Sparkling Blue`,3181.0
2026-02-15,2026-02-21,2026,8,TWS (투어스),4th Mini Album `play hard`,1484.0
2026-02-15,2026-02-21,2026,8,검정치마 (The Black Skirts),TEAM BABY,358.0
2026-02-15,2026-02-21,2026,8,검정치마 (The Black Skirts),THIRSTY,335.0
2026-02-15,2026-02-21,2026,8,로제 (ROSE),R,286.0
2026-02-15,2026-02-21,2026,8,로제 (ROSE),rosie,263.0
2026-02-15,2026-02-21,2026,8,리사 (LISA),LALISA,272.0
2026-02-15,2026-02-21,2026,8,방탄소년단,2 Cool 4 Skool,280.0
2026-02-15,2026-02-21,2026,8,방탄소년단,DARK&WILD,452.0
2026-02-15,2026-02-21,2026,8,방탄소년단,LOVE YOURSELF 結 `Answer`,288.0
2026-02-15,2026-02-21,2026,8,방탄소년단,MAP OF THE SOUL : PERSONA,288.0
2026-02-15,2026-02-21,2026,8,방탄소년단,Skool Luv Affair,329.0
2026-02-15,2026-02-21,2026,8,정국,GOLDEN,549.0
2026-02-15,2026-02-21,2026,8,투모로우바이투게더,minisode 3: TOMORROW,344.0
2026-02-15,2026-02-21,2026,8,티아이오티 (TIOT),MY PRIDE (kiwee album),379.0
2026-02-15,2026-02-21,2026,8,한로로,이상비행,12503.0
2026-02-15,2026-02-21,2026,8,한로로,자몽살구클럽,326.0
2026-02-15,2026-02-21,2026,8,한로로,집,10174.0
2026-02-22,2026-02-28,2026,9,BABYMONSTER,BABYMONS7ER (Nemo),1644.0
2026-02-22,2026-02-28,2026,9,BABYMONSTER,DRIP,819.0
2026-02-22,2026-02-28,2026,9,BABYMONSTER,WE GO UP,2340.0
2026-02-22,2026-02-28,2026,9,BLACKPINK,BORN PINK,2380.0
2026-02-22,2026-02-28,2026,9,BLACKPINK,DEADLINE,1750692.0
2026-02-22,2026-02-28,2026,9,BLACKPINK,KILL THIS LOVE,2456.0
2026-02-22,2026-02-28,2026,9,BLACKPINK,SQUARE UP,784.0
2026-02-22,2026-02-28,2026,9,BLACKPINK,THE ALBUM,2153.0
2026-02-22,2026-02-28,2026,9,BOYNEXTDOOR,HOW?,995.0
2026-02-22,2026-02-28,2026,9,BOYNEXTDOOR,WHO!,744.0
2026-02-22,2026-02-28,2026,9,CORTIS (코르티스),COLOR OUTSIDE THE LINES,51713.0
2026-02-22,2026-02-28,2026,9,CORTIS (코르티스),COLOR OUTSIDE THE LINES (LP),17500.0
2026-02-22,2026-02-28,2026,9,CORTIS (코르티스),COLOR OUTSIDE THE LINES (Weverse),3899.0
2026-02-22,2026-02-28,2026,9,DAILY:DIRECTION,FIRST:DELIVERY,11614.0
2026-02-22,2026-02-28,2026,9,DAILY:DIRECTION,FIRST:DELIVERY (MINIRECORD),3818.0
2026-02-22,2026-02-28,2026,9,KATSEYE,BEAUTIFUL CHAOS,2261.0
2026-02-22,2026-02-28,2026,9,KATSEYE,SIS (Soft Is Strong),3156.0
2026-02-22,2026-02-28,2026,9,LE SSERAFIM (르세라핌),SPAGHETTI,2111.0
2026-02-22,2026-02-28,2026,9,NewJeans,1st EP `New Jeans`,1568.0
2026-02-22,2026-02-28,2026,9,NewJeans,2nd EP `Get Up`,942.0
2026-02-22,2026-02-28,2026,9,NewJeans,Supernatural,1546.0
2026-02-22,2026-02-28,2026,9,PLAVE,PLBBUU,1889.0
2026-02-22,2026-02-28,2026,9,TWS (투어스),1st Mini Album `Sparkling Blue`,4360.0
2026-02-22,2026-02-28,2026,9,TWS (투어스),3rd Mini Album `TRY WITH US`,1095.0
2026-02-22,2026-02-28,2026,9,TWS (투어스),3rd Mini Album `TRY WITH US` (Weverse),1022.0
2026-02-22,2026-02-28,2026,9,V,Layover,1008.0
2026-02-22,2026-02-28,2026,9,로제 (ROSE),rosie,1528.0
2026-02-22,2026-02-28,2026,9,방탄소년단,LOVE YOURSELF 承 `Her`,1065.0
2026-02-22,2026-02-28,2026,9,방탄소년단,LOVE YOURSELF 結 `Answer`,750.0
2026-02-22,2026-02-28,2026,9,방탄소년단,LOVE YOURSELF 轉 `Tear`,1010.0
2026-02-22,2026-02-28,2026,9,방탄소년단,MAP OF THE SOUL : 7,764.0
2026-02-22,2026-02-28,2026,9,방탄소년단,Proof,1023.0
2026-02-22,2026-02-28,2026,9,방탄소년단,WINGS,1278.0
2026-02-22,2026-02-28,2026,9,방탄소년단,화양연화 Young Forever,1195.0
2026-02-22,2026-02-28,2026,9,방탄소년단,화양연화 pt.2,1401.0
2026-02-22,2026-02-28,2026,9,세븐틴,9th Mini Album `Attacca`,1214.0
2026-02-22,2026-02-28,2026,9,정국,GOLDEN,904.0
2026-02-22,2026-02-28,2026,9,투모로우바이투게더,minisode 3: TOMORROW (Weverse),1060.0
2026-02-22,2026-02-28,2026,9,투모로우바이투게더,꿈의 장: STAR,797.0
2026-02-22,2026-02-28,2026,9,투모로우바이투게더,이름의 장: TEMPTATION,886.0
2026-02-22,2026-02-28,2026,9,투모로우바이투게더,혼돈의 장: FIGHT OR ESCAPE,888.0
2026-02-22,2026-02-28,2026,9,한로로,자몽살구클럽,826.0
2026-03-01,2026-03-07,2026,10,BABYMONSTER,BABYMONS7ER (Nemo),1648.0
2026-03-01,2026-03-07,2026,10,BABYMONSTER,WE GO UP,2436.0
2026-03-01,2026-03-07,2026,10,BLACKPINK,BORN PINK,990.0
2026-03-01,2026-03-07,2026,10,BLACKPINK,DEADLINE,132421.0
2026-03-01,2026-03-07,2026,10,BLACKPINK,KILL THIS LOVE,1193.0
2026-03-01,2026-03-07,2026,10,BLACKPINK,SQUARE UP,1007.0
2026-03-01,2026-03-07,2026,10,BLACKPINK,THE ALBUM,1139.0
2026-03-01,2026-03-07,2026,10,BOYNEXTDOOR,19.99,1532.0
2026-03-01,2026-03-07,2026,10,BOYNEXTDOOR,HOW?,940.0
2026-03-01,2026-03-07,2026,10,BOYNEXTDOOR,The Action,667.0
2026-03-01,2026-03-07,2026,10,BOYNEXTDOOR,WHO!,657.0
2026-03-01,2026-03-07,2026,10,BOYNEXTDOOR,WHY..,775.0
2026-03-01,2026-03-07,2026,10,CLOSE YOUR EYES (클로즈 유어 아이즈),blackout (EVER ver.),2345.0
2026-03-01,2026-03-07,2026,10,CORTIS (코르티스),COLOR OUTSIDE THE LINES,3990.0
2026-03-01,2026-03-07,2026,10,CORTIS (코르티스),COLOR OUTSIDE THE LINES (Weverse),10207.0
2026-03-01,2026-03-07,2026,10,DAILY:DIRECTION,FIRST:DELIVERY (MINIRECORD),7395.0
2026-03-01,2026-03-07,2026,10,KATSEYE,BEAUTIFUL CHAOS,844.0
2026-03-01,2026-03-07,2026,10,LE SSERAFIM (르세라핌),SPAGHETTI,839.0
2026-03-01,2026-03-07,2026,10,NewJeans,1st EP `New Jeans`,646.0
2026-03-01,2026-03-07,2026,10,NewJeans,2nd EP `Get Up`,985.0
2026-03-01,2026-03-07,2026,10,NewJeans,How Sweet,840.0
2026-03-01,2026-03-07,2026,10,NewJeans,Supernatural,1258.0
2026-03-01,2026-03-07,2026,10,TWS (투어스),1st Mini Album `Sparkling Blue`,1989.0
2026-03-01,2026-03-07,2026,10,TWS (투어스),3rd Mini Album `TRY WITH US`,727.0
2026-03-01,2026-03-07,2026,10,로제 (ROSE),rosie,711.0
2026-03-01,2026-03-07,2026,10,방탄소년단,Butter,844.0
2026-03-01,2026-03-07,2026,10,방탄소년단,DARK&WILD,816.0
2026-03-01,2026-03-07,2026,10,방탄소년단,LOVE YOURSELF 承 `Her`,1092.0
2026-03-01,2026-03-07,2026,10,방탄소년단,LOVE YOURSELF 結 `Answer`,804.0
2026-03-01,2026-03-07,2026,10,방탄소년단,LOVE YOURSELF 轉 `Tear`,709.0
2026-03-01,2026-03-07,2026,10,방탄소년단,MAP OF THE SOUL : 7,852.0
2026-03-01,2026-03-07,2026,10,방탄소년단,MAP OF THE SOUL : PERSONA,1180.0
2026-03-01,2026-03-07,2026,10,방탄소년단,WINGS,2002.0
2026-03-01,2026-03-07,2026,10,방탄소년단,화양연화 Young Forever,834.0
2026-03-01,2026-03-07,2026,10,방탄소년단,화양연화 pt.2,941.0
2026-03-01,2026-03-07,2026,10,세븐틴,11th Mini Album `SEVENTEENTH HEAVEN`,687.0
2026-03-01,2026-03-07,2026,10,장기하,공중부양 (LP),1170.0
2026-03-01,2026-03-07,2026,10,투모로우바이투게더,minisode 3: TOMORROW,863.0
2026-03-01,2026-03-07,2026,10,투모로우바이투게더,꿈의 장: STAR,894.0
2026-03-01,2026-03-07,2026,10,투모로우바이투게더,별의 장: SANCTUARY,818.0
2026-03-01,2026-03-07,2026,10,투모로우바이투게더,별의 장: TOGETHER,1489.0
2026-03-08,2026-03-14,2026,11,BABYMONSTER,DRIP,1143.0
2026-03-08,2026-03-14,2026,11,BABYMONSTER,WE GO UP,1718.0
2026-03-08,2026-03-14,2026,11,BLACKPINK,BORN PINK,1791.0
2026-03-08,2026-03-14,2026,11,BLACKPINK,KILL THIS LOVE,1726.0
2026-03-08,2026-03-14,2026,11,BLACKPINK,SPECIAL EDITION [How You Like That],3424.0
2026-03-08,2026-03-14,2026,11,BLACKPINK,SQUARE UP,1427.0
2026-03-08,2026-03-14,2026,11,CLOSE YOUR EYES (클로즈 유어 아이즈),blackout (EVER ver.),1763.0
2026-03-08,2026-03-14,2026,11,CORTIS (코르티스),COLOR OUTSIDE THE LINES,1791.0
2026-03-08,2026-03-14,2026,11,KATSEYE,BEAUTIFUL CHAOS,1315.0
2026-03-08,2026-03-14,2026,11,KATSEYE,SIS (Soft Is Strong),1845.0
2026-03-08,2026-03-14,2026,11,NewJeans,1st EP `New Jeans`,2309.0
2026-03-08,2026-03-14,2026,11,NewJeans,2nd EP `Get Up`,2032.0
2026-03-08,2026-03-14,2026,11,NewJeans,How Sweet,1668.0
2026-03-08,2026-03-14,2026,11,NewJeans,Supernatural,4338.0
2026-03-08,2026-03-14,2026,11,NewJeans,`OMG`,1690.0
2026-03-08,2026-03-14,2026,11,TWS (투어스),1st Mini Album `Sparkling Blue`,5154.0
2026-03-08,2026-03-14,2026,11,TWS (투어스),1st Mini Album `Sparkling Blue` (Weverse),8000.0
2026-03-08,2026-03-14,2026,11,TWS (투어스),3rd Mini Album `TRY WITH US`,2409.0
2026-03-08,2026-03-14,2026,11,TWS (투어스),4th Mini Album `play hard` (Weverse),2730.0
2026-03-08,2026-03-14,2026,11,강승윤,PAGE 2,8972.0
2026-03-08,2026-03-14,2026,11,리사 (LISA),LALISA,2205.0
2026-03-08,2026-03-14,2026,11,방탄소년단,LOVE YOURSELF 承 `Her`,1087.0
2026-03-08,2026-03-14,2026,11,방탄소년단,LOVE YOURSELF 轉 `Tear`,1357.0
2026-03-08,2026-03-14,2026,11,방탄소년단,MAP OF THE SOUL : 7,1863.0
2026-03-08,2026-03-14,2026,11,방탄소년단,MAP OF THE SOUL : PERSONA,1626.0
2026-03-08,2026-03-14,2026,11,방탄소년단,"O!RUL8,2?",1117.0
2026-03-08,2026-03-14,2026,11,방탄소년단,Skool Luv Affair,1246.0
2026-03-08,2026-03-14,2026,11,방탄소년단,WINGS,1202.0
2026-03-08,2026-03-14,2026,11,방탄소년단,YOU NEVER WALK ALONE,1167.0
2026-03-08,2026-03-14,2026,11,방탄소년단,화양연화 Young Forever,1245.0
2026-03-08,2026-03-14,2026,11,방탄소년단,화양연화 pt.2,1328.0
2026-03-08,2026-03-14,2026,11,정국,GOLDEN,1652.0
2026-03-08,2026-03-14,2026,11,주혜린,Re-Make,1209.0
2026-03-08,2026-03-14,2026,11,투모로우바이투게더,minisode 3: TOMORROW,1272.0
2026-03-15,2026-03-21,2026,12,BABYMONSTER,WE GO UP,2362.0
2026-03-15,2026-03-21,2026,12,BLACKPINK,BORN PINK,1040.0
2026-03-15,2026-03-21,2026,12,BLACKPINK,DEADLINE,27643.0
2026-03-15,2026-03-21,2026,12,BLACKPINK,KILL THIS LOVE,1309.0
2026-03-15,2026-03-21,2026,12,BOYNEXTDOOR,WHO!,914.0
2026-03-15,2026-03-21,2026,12,CORTIS (코르티스),COLOR OUTSIDE THE LINES,963.0
2026-03-15,2026-03-21,2026,12,KATSEYE,BEAUTIFUL CHAOS,3715.0
2026-03-15,2026-03-21,2026,12,KATSEYE,SIS (Soft Is Strong),840.0
2026-03-15,2026-03-21,2026,12,LE SSERAFIM (르세라핌),SPAGHETTI,1136.0
2026-03-15,2026-03-21,2026,12,NewJeans,1st EP `New Jeans`,1264.0
2026-03-15,2026-03-21,2026,12,NewJeans,2nd EP `Get Up`,1946.0
2026-03-15,2026-03-21,2026,12,NewJeans,2nd EP `Get Up` (Weverse),927.0
2026-03-15,2026-03-21,2026,12,NewJeans,Supernatural,1074.0
2026-03-15,2026-03-21,2026,12,TWS (투어스),1st Mini Album `Sparkling Blue`,1406.0
2026-03-15,2026-03-21,2026,12,V,Layover,1020.0
2026-03-15,2026-03-21,2026,12,도겸X승관 (SEVENTEEN),1st Mini Album `소야곡` (LP),7000.0
2026-03-15,2026-03-21,2026,12,방탄소년단,ARIRANG,3803910.0
2026-03-15,2026-03-21,2026,12,방탄소년단,ARIRANG (LP),185106.0
2026-03-15,2026-03-21,2026,12,방탄소년단,ARIRANG (Weverse),282796.0
2026-03-15,2026-03-21,2026,12,방탄소년단,LOVE YOURSELF 承 `Her`,1604.0
2026-03-15,2026-03-21,2026,12,방탄소년단,LOVE YOURSELF 結 `Answer`,1312.0
2026-03-15,2026-03-21,2026,12,방탄소년단,LOVE YOURSELF 轉 `Tear`,1020.0
2026-03-15,2026-03-21,2026,12,방탄소년단,MAP OF THE SOUL : 7,882.0
2026-03-15,2026-03-21,2026,12,방탄소년단,MAP OF THE SOUL : PERSONA,1460.0
2026-03-15,2026-03-21,2026,12,방탄소년단,Skool Luv Affair,995.0
2026-03-15,2026-03-21,2026,12,방탄소년단,YOU NEVER WALK ALONE,954.0
2026-03-15,2026-03-21,2026,12,방탄소년단,화양연화 Young Forever,868.0
2026-03-15,2026-03-21,2026,12,방탄소년단,화양연화 pt.2,1704.0
2026-03-15,2026-03-21,2026,12,세븐틴,12th Mini Album `SPILL THE FEELS`,899.0
2026-03-15,2026-03-21,2026,12,세븐틴,4th Album `Face the Sun`,2391.0
2026-03-15,2026-03-21,2026,12,세븐틴,5th Album `HAPPY BURSTDAY`,1260.0
2026-03-15,2026-03-21,2026,12,신인류,빛나는 스트라이크 (LP),1950.0
2026-03-15,2026-03-21,2026,12,정국,GOLDEN,2025.0
2026-03-15,2026-03-21,2026,12,투모로우바이투게더,minisode 3: TOMORROW,979.0
2026-03-15,2026-03-21,2026,12,투모로우바이투게더,별의 장: TOGETHER,889.0
2026-03-15,2026-03-21,2026,12,투모로우바이투게더,이름의 장: TEMPTATION,863.0
2026-03-22,2026-03-28,2026,13,BLACKPINK,BORN PINK,799.0
2026-03-22,2026-03-28,2026,13,BLACKPINK,DEADLINE,8844.0
2026-03-22,2026-03-28,2026,13,BLACKPINK,KILL THIS LOVE,869.0
2026-03-22,2026-03-28,2026,13,BLACKPINK,SQUARE UP,663.0
2026-03-22,2026-03-28,2026,13,BLACKPINK,THE ALBUM,680.0
2026-03-22,2026-03-28,2026,13,BOYNEXTDOOR,HOW?,658.0
2026-03-22,2026-03-28,2026,13,CORTIS (코르티스),COLOR OUTSIDE THE LINES,2509.0
2026-03-22,2026-03-28,2026,13,KATSEYE,BEAUTIFUL CHAOS,2294.0
2026-03-22,2026-03-28,2026,13,LE SSERAFIM (르세라핌),SPAGHETTI,694.0
2026-03-22,2026-03-28,2026,13,NewJeans,1st EP `New Jeans`,1568.0
2026-03-22,2026-03-28,2026,13,NewJeans,2nd EP `Get Up`,1494.0
2026-03-22,2026-03-28,2026,13,NewJeans,How Sweet,586.0
2026-03-22,2026-03-28,2026,13,NewJeans,Supernatural,2037.0
2026-03-22,2026-03-28,2026,13,NewJeans,`OMG`,1186.0
2026-03-22,2026-03-28,2026,13,OWIS,MUSEUM,1953.0
2026-03-22,2026-03-28,2026,13,OWIS,MUSEUM (POCA),16898.0
2026-03-22,2026-03-28,2026,13,PLAVE,PLBBUU (POCA),596.0
2026-03-22,2026-03-28,2026,13,TWS (투어스),1st Mini Album `Sparkling Blue`,805.0
2026-03-22,2026-03-28,2026,13,TWS (투어스),3rd Mini Album `TRY WITH US` (Weverse),728.0
2026-03-22,2026-03-28,2026,13,TWS (투어스),4th Mini Album `play hard`,582.0
2026-03-22,2026-03-28,2026,13,V,Layover,621.0
2026-03-22,2026-03-28,2026,13,노윤하,sonogram,632.0
2026-03-22,2026-03-28,2026,13,로제 (ROSE),R,772.0
2026-03-22,2026-03-28,2026,13,방탄소년단,ARIRANG,367639.0
2026-03-22,2026-03-28,2026,13,방탄소년단,ARIRANG (LP),37998.0
2026-03-22,2026-03-28,2026,13,방탄소년단,ARIRANG (Weverse),66156.0
2026-03-22,2026-03-28,2026,13,방탄소년단,LOVE YOURSELF 結 `Answer`,875.0
2026-03-22,2026-03-28,2026,13,방탄소년단,MAP OF THE SOUL : 7,504.0
2026-03-22,2026-03-28,2026,13,방탄소년단,MAP OF THE SOUL : PERSONA,711.0
2026-03-22,2026-03-28,2026,13,방탄소년단,Skool Luv Affair,929.0
2026-03-22,2026-03-28,2026,13,방탄소년단,YOU NEVER WALK ALONE,621.0
2026-03-22,2026-03-28,2026,13,세븐틴,10th Mini Album `FML`,580.0
2026-03-22,2026-03-28,2026,13,세븐틴,4th Album `Face the Sun`,720.0
2026-03-22,2026-03-28,2026,13,세븐틴,5th Album `HAPPY BURSTDAY`,19143.0
2026-03-22,2026-03-28,2026,13,정국,GOLDEN,1131.0
2026-03-29,2026-04-04,2026,14,ALLDAY PROJECT,ALLDAY PROJECT (Nemo),1706.0
2026-03-29,2026-04-04,2026,14,BABYMONSTER,WE GO UP,1447.0
2026-03-29,2026-04-04,2026,14,BLACKPINK,BORN PINK,1083.0
2026-03-29,2026-04-04,2026,14,BLACKPINK,DEADLINE,23340.0
2026-03-29,2026-04-04,2026,14,CLOSE YOUR EYES (클로즈 유어 아이즈),blackout (EVER ver.),16043.0
2026-03-29,2026-04-04,2026,14,CORTIS (코르티스),COLOR OUTSIDE THE LINES,28413.0
2026-03-29,2026-04-04,2026,14,CORTIS (코르티스),COLOR OUTSIDE THE LINES (Weverse),21675.0
2026-03-29,2026-04-04,2026,14,DAILY:DIRECTION,FIRST:DELIVERY (MINIRECORD),10001.0
2026-03-29,2026-04-04,2026,14,KATSEYE,BEAUTIFUL CHAOS,937.0
2026-03-29,2026-04-04,2026,14,KATSEYE,SIS (Soft Is Strong),889.0
2026-03-29,2026-04-04,2026,14,NewJeans,1st EP `New Jeans`,1832.0
2026-03-29,2026-04-04,2026,14,NewJeans,How Sweet,1550.0
2026-03-29,2026-04-04,2026,14,NewJeans,Supernatural,2863.0
2026-03-29,2026-04-04,2026,14,NewJeans,`OMG`,1519.0
2026-03-29,2026-04-04,2026,14,TWS (투어스),1st Mini Album `Sparkling Blue`,1705.0
2026-03-29,2026-04-04,2026,14,V,Layover,1114.0
2026-03-29,2026-04-04,2026,14,로제 (ROSE),rosie,852.0
2026-03-29,2026-04-04,2026,14,방탄소년단,ARIRANG,11448.0
2026-03-29,2026-04-04,2026,14,방탄소년단,ARIRANG (Deluxe Ver.) (LP),168750.0
2026-03-29,2026-04-04,2026,14,방탄소년단,ARIRANG (LP),10821.0
2026-03-29,2026-04-04,2026,14,방탄소년단,ARIRANG (Weverse),2330.0
2026-03-29,2026-04-04,2026,14,방탄소년단,LOVE YOURSELF 轉 `Tear`,928.0
2026-03-29,2026-04-04,2026,14,방탄소년단,화양연화 pt.1,878.0
2026-03-29,2026-04-04,2026,14,방탄소년단,화양연화 pt.2,1097.0
2026-03-29,2026-04-04,2026,14,정국,GOLDEN,1519.0
2026-03-29,2026-04-04,2026,14,제니 (JENNIE),SOLO,4124.0
2026-04-05,2026-04-11,2026,15,AKMU (악뮤),개화,9500.0
2026-04-05,2026-04-11,2026,15,BABYMONSTER,BABYMONS7ER (Nemo),1683.0
2026-04-05,2026-04-11,2026,15,BABYMONSTER,WE GO UP,1876.0
2026-04-05,2026-04-11,2026,15,BLACKPINK,THE ALBUM,1406.0
2026-04-05,2026-04-11,2026,15,CORTIS (코르티스),COLOR OUTSIDE THE LINES,1750.0
2026-04-05,2026-04-11,2026,15,CORTIS (코르티스),COLOR OUTSIDE THE LINES (Weverse),1492.0
2026-04-05,2026-04-11,2026,15,KATSEYE,BEAUTIFUL CHAOS,1336.0
2026-04-05,2026-04-11,2026,15,KATSEYE,SIS (Soft Is Strong),4062.0
2026-04-05,2026-04-11,2026,15,LE SSERAFIM (르세라핌),SPAGHETTI,855.0
2026-04-05,2026-04-11,2026,15,NewJeans,1st EP `New Jeans`,1211.0
2026-04-05,2026-04-11,2026,15,NewJeans,2nd EP `Get Up`,1696.0
2026-04-05,2026-04-11,2026,15,NewJeans,Supernatural,2359.0
2026-04-05,2026-04-11,2026,15,TWS (투어스),1st Mini Album `Sparkling Blue` (Weverse),12174.0
2026-04-05,2026-04-11,2026,15,TWS (투어스),3rd Mini Album `TRY WITH US`,2270.0
2026-04-05,2026-04-11,2026,15,V,Layover,972.0
2026-04-05,2026-04-11,2026,15,강승윤,PAGE 2,1531.0
2026-04-05,2026-04-11,2026,15,방탄소년단,ARIRANG,21838.0
2026-04-05,2026-04-11,2026,15,방탄소년단,ARIRANG (Deluxe Ver.) (LP),50000.0
2026-04-05,2026-04-11,2026,15,방탄소년단,ARIRANG (LP),3218.0
2026-04-05,2026-04-11,2026,15,방탄소년단,LOVE YOURSELF 結 `Answer`,1177.0
2026-04-05,2026-04-11,2026,15,방탄소년단,LOVE YOURSELF 轉 `Tear`,1284.0
2026-04-05,2026-04-11,2026,15,방탄소년단,MAP OF THE SOUL : PERSONA,816.0
2026-04-05,2026-04-11,2026,15,방탄소년단,Proof,1303.0
2026-04-05,2026-04-11,2026,15,방탄소년단,Skool Luv Affair,1470.0
2026-04-05,2026-04-11,2026,15,방탄소년단,WINGS,1004.0
2026-04-05,2026-04-11,2026,15,방탄소년단,화양연화 Young Forever,860.0
2026-04-05,2026-04-11,2026,15,방탄소년단,화양연화 pt.2,1136.0
2026-04-05,2026-04-11,2026,15,세븐틴,12th Mini Album `SPILL THE FEELS`,1036.0
2026-04-05,2026-04-11,2026,15,정국,GOLDEN,1290.0
2026-04-05,2026-04-11,2026,15,투모로우바이투게더,minisode 3: TOMORROW,1073.0
2026-04-12,2026-04-18,2026,16,BABYMONSTER,WE GO UP,1193.0
2026-04-12,2026-04-18,2026,16,BLACKPINK,BORN PINK,932.0
2026-04-12,2026-04-18,2026,16,BLACKPINK,DEADLINE,1369.0
2026-04-12,2026-04-18,2026,16,BLACKPINK,THE ALBUM,1088.0
2026-04-12,2026-04-18,2026,16,CLOSE YOUR EYES (클로즈 유어 아이즈),blackout,1683.0
2026-04-12,2026-04-18,2026,16,CLOSE YOUR EYES (클로즈 유어 아이즈),blackout (EVER ver.),7527.0
2026-04-12,2026-04-18,2026,16,CORTIS (코르티스),COLOR OUTSIDE THE LINES,20553.0
2026-04-12,2026-04-18,2026,16,KATSEYE,BEAUTIFUL CHAOS,1236.0
2026-04-12,2026-04-18,2026,16,KATSEYE,SIS (Soft Is Strong),1854.0
2026-04-12,2026-04-18,2026,16,NewJeans,1st EP `New Jeans`,2246.0
2026-04-12,2026-04-18,2026,16,NewJeans,2nd EP `Get Up`,1207.0
2026-04-12,2026-04-18,2026,16,NewJeans,How Sweet,1405.0
2026-04-12,2026-04-18,2026,16,NewJeans,Supernatural,3478.0
2026-04-12,2026-04-18,2026,16,PLAVE,Caligo Pt.2,639459.0
2026-04-12,2026-04-18,2026,16,PLAVE,Caligo Pt.2 (POCA),503051.0
2026-04-12,2026-04-18,2026,16,TWS (투어스),1st Mini Album `Sparkling Blue`,868.0
2026-04-12,2026-04-18,2026,16,TWS (투어스),1st Mini Album `Sparkling Blue` (Weverse),3777.0
2026-04-12,2026-04-18,2026,16,V,Layover,1182.0
2026-04-12,2026-04-18,2026,16,방탄소년단,ARIRANG,3482.0
2026-04-12,2026-04-18,2026,16,방탄소년단,ARIRANG (LP),2137.0
2026-04-12,2026-04-18,2026,16,방탄소년단,DARK&WILD,1092.0
2026-04-12,2026-04-18,2026,16,방탄소년단,LOVE YOURSELF 承 `Her`,2120.0
2026-04-12,2026-04-18,2026,16,방탄소년단,LOVE YOURSELF 結 `Answer`,1384.0
2026-04-12,2026-04-18,2026,16,방탄소년단,LOVE YOURSELF 轉 `Tear`,1092.0
2026-04-12,2026-04-18,2026,16,방탄소년단,MAP OF THE SOUL : 7,1392.0
2026-04-12,2026-04-18,2026,16,방탄소년단,MAP OF THE SOUL : PERSONA,1454.0
2026-04-12,2026-04-18,2026,16,방탄소년단,YOU NEVER WALK ALONE,953.0
2026-04-12,2026-04-18,2026,16,방탄소년단,화양연화 Young Forever,1179.0
2026-04-12,2026-04-18,2026,16,방탄소년단,화양연화 pt.2,1232.0
2026-04-12,2026-04-18,2026,16,정국,GOLDEN,1494.0
2026-04-12,2026-04-18,2026,16,투모로우바이투게더,7TH YEAR: 가시덤불에 잠시 바람이 멈췄을 때,1645127.0
2026-04-12,2026-04-18,2026,16,투모로우바이투게더,7TH YEAR: 가시덤불에 잠시 바람이 멈췄을 때 (SMC),89857.0
2026-04-12,2026-04-18,2026,16,투모로우바이투게더,7TH YEAR: 가시덤불에 잠시 바람이 멈췄을 때 (Weverse),157366.0
2026-04-12,2026-04-18,2026,16,투모로우바이투게더,minisode 3: TOMORROW,975.0
2026-04-12,2026-04-18,2026,16,투모로우바이투게더,혼돈의 장: FIGHT OR ESCAPE,1691.0
2026-04-19,2026-04-25,2026,17,&TEAM,We on Fire,1193073.0
2026-04-19,2026-04-25,2026,17,BABYMONSTER,WE GO UP,1268.0
2026-04-19,2026-04-25,2026,17,BLACKPINK,DEADLINE,45594.0
2026-04-19,2026-04-25,2026,17,BLACKPINK,THE ALBUM,899.0
2026-04-19,2026-04-25,2026,17,CLOSE YOUR EYES (클로즈 유어 아이즈),blackout (EVER ver.),16493.0
2026-04-19,2026-04-25,2026,17,CORTIS (코르티스),COLOR OUTSIDE THE LINES,677.0
2026-04-19,2026-04-25,2026,17,KATSEYE,BEAUTIFUL CHAOS,2224.0
2026-04-19,2026-04-25,2026,17,KATSEYE,SIS (Soft Is Strong),1440.0
2026-04-19,2026-04-25,2026,17,LE SSERAFIM (르세라핌),SPAGHETTI,751.0
2026-04-19,2026-04-25,2026,17,MW:MEU (뮤),Paper Plane,1551.0
2026-04-19,2026-04-25,2026,17,NewJeans,2nd EP `Get Up`,1850.0
2026-04-19,2026-04-25,2026,17,NewJeans,How Sweet,792.0
2026-04-19,2026-04-25,2026,17,NewJeans,Supernatural,2367.0
2026-04-19,2026-04-25,2026,17,NewJeans,`OMG`,695.0
2026-04-19,2026-04-25,2026,17,PLAVE,Caligo Pt.2,127603.0
2026-04-19,2026-04-25,2026,17,PLAVE,Caligo Pt.2 (POCA),44809.0
2026-04-19,2026-04-25,2026,17,TWS (투어스),1st Mini Album `Sparkling Blue` (Weverse),2164.0
2026-04-19,2026-04-25,2026,17,V,Layover,690.0
2026-04-19,2026-04-25,2026,17,방탄소년단,ARIRANG (LP),926.0
2026-04-19,2026-04-25,2026,17,방탄소년단,ARIRANG (Weverse),830.0
2026-04-19,2026-04-25,2026,17,방탄소년단,Butter,1166.0
2026-04-19,2026-04-25,2026,17,방탄소년단,LOVE YOURSELF 轉 `Tear`,728.0
2026-04-19,2026-04-25,2026,17,방탄소년단,MAP OF THE SOUL : 7,1096.0
2026-04-19,2026-04-25,2026,17,방탄소년단,Skool Luv Affair,882.0
2026-04-19,2026-04-25,2026,17,방탄소년단,WINGS,854.0
2026-04-19,2026-04-25,2026,17,방탄소년단,YOU NEVER WALK ALONE,804.0
2026-04-19,2026-04-25,2026,17,방탄소년단,화양연화 Young Forever,936.0
2026-04-19,2026-04-25,2026,17,방탄소년단,화양연화 pt.1,1118.0
2026-04-19,2026-04-25,2026,17,방탄소년단,화양연화 pt.2,994.0
2026-04-19,2026-04-25,2026,17,연준,NO LABELS: PART 01,1093.0
2026-04-19,2026-04-25,2026,17,정국,GOLDEN,939.0
2026-04-19,2026-04-25,2026,17,투모로우바이투게더,7TH YEAR: 가시덤불에 잠시 바람이 멈췄을 때,37454.0
2026-04-19,2026-04-25,2026,17,투모로우바이투게더,7TH YEAR: 가시덤불에 잠시 바람이 멈췄을 때 (SMC),1327.0
2026-04-19,2026-04-25,2026,17,투모로우바이투게더,7TH YEAR: 가시덤불에 잠시 바람이 멈췄을 때 (Weverse),14733.0
2026-04-26,2026-05-02,2026,18,&TEAM,We on Fire,77979.0
2026-04-26,2026-05-02,2026,18,AKMU (악뮤),개화,4956.0
2026-04-26,2026-05-02,2026,18,BABYMONSTER,WE GO UP,647.0
2026-04-26,2026-05-02,2026,18,BLACKPINK,KILL THIS LOVE,634.0
2026-04-26,2026-05-02,2026,18,BLACKPINK,SQUARE UP,777.0
2026-04-26,2026-05-02,2026,18,BOYNEXTDOOR,WHO!,971.0
2026-04-26,2026-05-02,2026,18,CORTIS (코르티스),COLOR OUTSIDE THE LINES,715.0
2026-04-26,2026-05-02,2026,18,CORTIS (코르티스),COLOR OUTSIDE THE LINES (Weverse),3346.0
2026-04-26,2026-05-02,2026,18,KATSEYE,BEAUTIFUL CHAOS,1592.0
2026-04-26,2026-05-02,2026,18,KATSEYE,SIS (Soft Is Strong),957.0
2026-04-26,2026-05-02,2026,18,LE SSERAFIM (르세라핌),CRAZY,759.0
2026-04-26,2026-05-02,2026,18,LE SSERAFIM (르세라핌),SPAGHETTI,861.0
2026-04-26,2026-05-02,2026,18,NewJeans,1st EP `New Jeans`,2054.0
2026-04-26,2026-05-02,2026,18,NewJeans,2nd EP `Get Up`,832.0
2026-04-26,2026-05-02,2026,18,NewJeans,How Sweet,1151.0
2026-04-26,2026-05-02,2026,18,NewJeans,Supernatural,4256.0
2026-04-26,2026-05-02,2026,18,NewJeans,`OMG`,1290.0
2026-04-26,2026-05-02,2026,18,PLAVE,Caligo Pt.2,25723.0
2026-04-26,2026-05-02,2026,18,TWS (투어스),5th Mini Album `NO TRAGEDY`,916775.0
2026-04-26,2026-05-02,2026,18,TWS (투어스),5th Mini Album `NO TRAGEDY` (KiT),18452.0
2026-04-26,2026-05-02,2026,18,TWS (투어스),5th Mini Album `NO TRAGEDY` (Weverse),50085.0
2026-04-26,2026-05-02,2026,18,V,Layover,918.0
2026-04-26,2026-05-02,2026,18,방탄소년단,2 Cool 4 Skool,684.0
2026-04-26,2026-05-02,2026,18,방탄소년단,ARIRANG,13018.0
2026-04-26,2026-05-02,2026,18,방탄소년단,ARIRANG (LP),962.0
2026-04-26,2026-05-02,2026,18,방탄소년단,MAP OF THE SOUL : PERSONA,685.0
2026-04-26,2026-05-02,2026,18,세븐틴,4th Album `Face the Sun`,923.0
2026-04-26,2026-05-02,2026,18,엔싸인 (n.SSign),`Funky like me`,1017.0
2026-04-26,2026-05-02,2026,18,정국,GOLDEN,1103.0
2026-04-26,2026-05-02,2026,18,지민,FACE,687.0
2026-04-26,2026-05-02,2026,18,투모로우바이투게더,7TH YEAR: 가시덤불에 잠시 바람이 멈췄을 때 (Weverse),6177.0
2026-05-03,2026-05-09,2026,19,AKMU (악뮤),개화,4944.0
2026-05-03,2026-05-09,2026,19,BABYMONSTER,WE GO UP,1450.0
2026-05-03,2026-05-09,2026,19,BABYMONSTER,춤 (CHOOM),464106.0
2026-05-03,2026-05-09,2026,19,BABYMONSTER,춤 (CHOOM) (Nemo),237597.0
2026-05-03,2026-05-09,2026,19,BLACKPINK,THE ALBUM,1007.0
2026-05-03,2026-05-09,2026,19,CLOSE YOUR EYES (클로즈 유어 아이즈),blackout (EVER ver.),12560.0
2026-05-03,2026-05-09,2026,19,CORTIS (코르티스),COLOR OUTSIDE THE LINES,1256.0
2026-05-03,2026-05-09,2026,19,CORTIS (코르티스),GREENGREEN,1517919.0
2026-05-03,2026-05-09,2026,19,CORTIS (코르티스),GREENGREEN (LP),110000.0
2026-05-03,2026-05-09,2026,19,CORTIS (코르티스),GREENGREEN (Weverse),497172.0
2026-05-03,2026-05-09,2026,19,KATSEYE,BEAUTIFUL CHAOS,3628.0
2026-05-03,2026-05-09,2026,19,KATSEYE,SIS (Soft Is Strong),2029.0
2026-05-03,2026-05-09,2026,19,NewJeans,1st EP `New Jeans`,1051.0
2026-05-03,2026-05-09,2026,19,NewJeans,2nd EP `Get Up`,1751.0
2026-05-03,2026-05-09,2026,19,NewJeans,How Sweet,947.0
2026-05-03,2026-05-09,2026,19,NewJeans,Supernatural,3659.0
2026-05-03,2026-05-09,2026,19,PLAVE,Caligo Pt.2,1264.0
2026-05-03,2026-05-09,2026,19,PLAVE,Caligo Pt.2 (POCA),70408.0
2026-05-03,2026-05-09,2026,19,TREASURE (트레저),3rd MINI ALBUM [LOVE PULSE],26002.0
2026-05-03,2026-05-09,2026,19,TWS (투어스),1st Mini Album `Sparkling Blue` (Weverse),2057.0
2026-05-03,2026-05-09,2026,19,TWS (투어스),5th Mini Album `NO TRAGEDY`,22775.0
2026-05-03,2026-05-09,2026,19,TWS (투어스),5th Mini Album `NO TRAGEDY` (Weverse),3910.0
2026-05-03,2026-05-09,2026,19,V,Layover,911.0
2026-05-03,2026-05-09,2026,19,방탄소년단,ARIRANG,49516.0
2026-05-03,2026-05-09,2026,19,방탄소년단,MAP OF THE SOUL : 7,947.0
2026-05-03,2026-05-09,2026,19,방탄소년단,"O!RUL8,2?",880.0
2026-05-03,2026-05-09,2026,19,방탄소년단,Skool Luv Affair,854.0
2026-05-03,2026-05-09,2026,19,방탄소년단,WINGS,1199.0
2026-05-03,2026-05-09,2026,19,방탄소년단,화양연화 Young Forever,1339.0
2026-05-03,2026-05-09,2026,19,방탄소년단,화양연화 pt.2,1374.0
2026-05-03,2026-05-09,2026,19,세븐틴,4th Album `Face the Sun`,881.0
2026-05-03,2026-05-09,2026,19,엔싸인 (n.SSign),`Funky like me`,1720.0
2026-05-03,2026-05-09,2026,19,정국,GOLDEN,3329.0
2026-05-03,2026-05-09,2026,19,투모로우바이투게더,7TH YEAR: 가시덤불에 잠시 바람이 멈췄을 때,14657.0
2026-05-10,2026-05-16,2026,20,&TEAM,We on Fire,3923.0
2026-05-10,2026-05-16,2026,20,BABYMONSTER,춤 (CHOOM),1340.0
2026-05-10,2026-05-16,2026,20,BABYMONSTER,춤 (CHOOM) (Nemo),21809.0
2026-05-10,2026-05-16,2026,20,BILL STAX (빌스택스),LIVE FAST DIE SKRT,2922.0
2026-05-10,2026-05-16,2026,20,BLACKPINK,THE ALBUM,1330.0
2026-05-10,2026-05-16,2026,20,CLOSE YOUR EYES (클로즈 유어 아이즈),blackout,6105.0
2026-05-10,2026-05-16,2026,20,CORTIS (코르티스),COLOR OUTSIDE THE LINES,1193.0
2026-05-10,2026-05-16,2026,20,CORTIS (코르티스),COLOR OUTSIDE THE LINES (Weverse),8934.0
2026-05-10,2026-05-16,2026,20,CORTIS (코르티스),GREENGREEN,160624.0
2026-05-10,2026-05-16,2026,20,CORTIS (코르티스),GREENGREEN (LP),33216.0
2026-05-10,2026-05-16,2026,20,CORTIS (코르티스),GREENGREEN (Weverse),2828.0
2026-05-10,2026-05-16,2026,20,KATSEYE,BEAUTIFUL CHAOS,917.0
2026-05-10,2026-05-16,2026,20,KATSEYE,SIS (Soft Is Strong),2646.0
2026-05-10,2026-05-16,2026,20,NewJeans,1st EP `New Jeans`,1391.0
2026-05-10,2026-05-16,2026,20,NewJeans,Supernatural,3119.0
2026-05-10,2026-05-16,2026,20,PLAVE,Caligo Pt.2 (POCA),22720.0
2026-05-10,2026-05-16,2026,20,TWS (투어스),5th Mini Album `NO TRAGEDY`,169493.0
2026-05-10,2026-05-16,2026,20,리사 (LISA),LALISA,1849.0
2026-05-10,2026-05-16,2026,20,방탄소년단,ARIRANG,1331.0
2026-05-10,2026-05-16,2026,20,방탄소년단,DARK&WILD,1112.0
2026-05-10,2026-05-16,2026,20,방탄소년단,LOVE YOURSELF 承 `Her`,1471.0
2026-05-10,2026-05-16,2026,20,방탄소년단,LOVE YOURSELF 結 `Answer`,1528.0
2026-05-10,2026-05-16,2026,20,방탄소년단,LOVE YOURSELF 轉 `Tear`,1759.0
2026-05-10,2026-05-16,2026,20,방탄소년단,MAP OF THE SOUL : 7,988.0
2026-05-10,2026-05-16,2026,20,방탄소년단,MAP OF THE SOUL : PERSONA,1620.0
2026-05-10,2026-05-16,2026,20,방탄소년단,Skool Luv Affair,1064.0
2026-05-10,2026-05-16,2026,20,방탄소년단,WINGS,1129.0
2026-05-10,2026-05-16,2026,20,방탄소년단,YOU NEVER WALK ALONE,1487.0
2026-05-10,2026-05-16,2026,20,방탄소년단,화양연화 Young Forever,1611.0
2026-05-10,2026-05-16,2026,20,방탄소년단,화양연화 pt.1,1095.0
2026-05-10,2026-05-16,2026,20,방탄소년단,화양연화 pt.2,1967.0
2026-05-10,2026-05-16,2026,20,엔싸인 (n.SSign),`Funky like me`,1400.0
2026-05-10,2026-05-16,2026,20,정국,GOLDEN,1051.0
2026-05-10,2026-05-16,2026,20,투모로우바이투게더,7TH YEAR: 가시덤불에 잠시 바람이 멈췄을 때,26610.0
2026-05-10,2026-05-16,2026,20,투모로우바이투게더,7TH YEAR: 가시덤불에 잠시 바람이 멈췄을 때 (Weverse),16376.0
2026-05-17,2026-05-23,2026,21,&TEAM,We on Fire,5034.0
2026-05-17,2026-05-23,2026,21,ALLDAY PROJECT,ALLDAY PROJECT,1534.0
2026-05-17,2026-05-23,2026,21,BABYMONSTER,DRIP,799.0
2026-05-17,2026-05-23,2026,21,BABYMONSTER,WE GO UP,1302.0
2026-05-17,2026-05-23,2026,21,BABYMONSTER,춤 (CHOOM) (Nemo),11466.0
2026-05-17,2026-05-23,2026,21,CLOSE YOUR EYES (클로즈 유어 아이즈),blackout (EVER ver.),12843.0
2026-05-17,2026-05-23,2026,21,CORTIS (코르티스),COLOR OUTSIDE THE LINES,2019.0
2026-05-17,2026-05-23,2026,21,CORTIS (코르티스),COLOR OUTSIDE THE LINES (Weverse),870.0
2026-05-17,2026-05-23,2026,21,CORTIS (코르티스),GREENGREEN,66471.0
2026-05-17,2026-05-23,2026,21,KATSEYE,BEAUTIFUL CHAOS,1897.0
2026-05-17,2026-05-23,2026,21,KATSEYE,SIS (Soft Is Strong),2322.0
2026-05-17,2026-05-23,2026,21,LE SSERAFIM (르세라핌),`PUREFLOW` pt.1,570408.0
2026-05-17,2026-05-23,2026,21,LE SSERAFIM (르세라핌),`PUREFLOW` pt.1 (SMC),19930.0
2026-05-17,2026-05-23,2026,21,LE SSERAFIM (르세라핌),`PUREFLOW` pt.1 (Weverse),32932.0
2026-05-17,2026-05-23,2026,21,NewJeans,1st EP `New Jeans`,1055.0
2026-05-17,2026-05-23,2026,21,NewJeans,2nd EP `Get Up`,16499.0
2026-05-17,2026-05-23,2026,21,NewJeans,How Sweet,8613.0
2026-05-17,2026-05-23,2026,21,NewJeans,Supernatural,4925.0
2026-05-17,2026-05-23,2026,21,NewJeans,`OMG`,16280.0
2026-05-17,2026-05-23,2026,21,PLAVE,Caligo Pt.2 (POCA),1160.0
2026-05-17,2026-05-23,2026,21,TWS (투어스),1st Mini Album `Sparkling Blue` (Weverse),1567.0
2026-05-17,2026-05-23,2026,21,TWS (투어스),5th Mini Album `NO TRAGEDY`,66050.0
2026-05-17,2026-05-23,2026,21,V,Layover,1384.0
2026-05-17,2026-05-23,2026,21,로이킴,다시 불러 봄 - Bloom Again,3350.0
2026-05-17,2026-05-23,2026,21,방탄소년단,2 Cool 4 Skool,1076.0
2026-05-17,2026-05-23,2026,21,방탄소년단,ARIRANG,2101.0
2026-05-17,2026-05-23,2026,21,방탄소년단,ARIRANG (Deluxe Ver.) (LP),8900.0
2026-05-17,2026-05-23,2026,21,방탄소년단,ARIRANG (LP),1601.0
2026-05-17,2026-05-23,2026,21,방탄소년단,DARK&WILD,793.0
2026-05-17,2026-05-23,2026,21,방탄소년단,LOVE YOURSELF 結 `Answer`,1075.0
2026-05-17,2026-05-23,2026,21,방탄소년단,LOVE YOURSELF 轉 `Tear`,964.0
2026-05-17,2026-05-23,2026,21,방탄소년단,MAP OF THE SOUL : 7,825.0
2026-05-17,2026-05-23,2026,21,방탄소년단,MAP OF THE SOUL : PERSONA,973.0
2026-05-17,2026-05-23,2026,21,방탄소년단,Proof,3918.0
2026-05-17,2026-05-23,2026,21,방탄소년단,Skool Luv Affair,843.0
2026-05-17,2026-05-23,2026,21,방탄소년단,화양연화 Young Forever,1064.0
2026-05-17,2026-05-23,2026,21,방탄소년단,화양연화 pt.1,1030.0
2026-05-17,2026-05-23,2026,21,방탄소년단,화양연화 pt.2,1556.0
2026-05-17,2026-05-23,2026,21,엔싸인 (n.SSign),`Funky like me`,1230.0
2026-05-17,2026-05-23,2026,21,정국,GOLDEN,1877.0
2026-05-17,2026-05-23,2026,21,태양,QUINTESSENCE,40720.0
2026-05-17,2026-05-23,2026,21,투모로우바이투게더,7TH YEAR: 가시덤불에 잠시 바람이 멈췄을 때 (Weverse),1639.0
2026-05-17,2026-05-23,2026,21,투모로우바이투게더,minisode 3: TOMORROW,3232.0
2026-05-17,2026-05-23,2026,21,투모로우바이투게더,이름의 장: FREEFALL,1911.0
2026-05-24,2026-05-30,2026,22,AKMU (악뮤),개화,3582.0
2026-05-24,2026-05-30,2026,22,BABYMONSTER,WE GO UP,847.0
2026-05-24,2026-05-30,2026,22,BABYMONSTER,춤 (CHOOM),1397.0
2026-05-24,2026-05-30,2026,22,BABYMONSTER,춤 (CHOOM) (Nemo),8219.0
2026-05-24,2026-05-30,2026,22,BILL STAX (빌스택스),LIVE FAST DIE SKRT (TAPE),837.0
2026-05-24,2026-05-30,2026,22,CLOSE YOUR EYES (클로즈 유어 아이즈),blackout,2163.0
2026-05-24,2026-05-30,2026,22,CORTIS (코르티스),COLOR OUTSIDE THE LINES,1091.0
2026-05-24,2026-05-30,2026,22,CORTIS (코르티스),COLOR OUTSIDE THE LINES (Weverse),935.0
2026-05-24,2026-05-30,2026,22,CORTIS (코르티스),GREENGREEN (Weverse),141773.0
2026-05-24,2026-05-30,2026,22,KATSEYE,SIS (Soft Is Strong),2533.0
2026-05-24,2026-05-30,2026,22,LE SSERAFIM (르세라핌),SPAGHETTI,1655.0
2026-05-24,2026-05-30,2026,22,LE SSERAFIM (르세라핌),`PUREFLOW` pt.1,23072.0
2026-05-24,2026-05-30,2026,22,LE SSERAFIM (르세라핌),`PUREFLOW` pt.1 (LP),20874.0
2026-05-24,2026-05-30,2026,22,NewJeans,1st EP `New Jeans`,565.0
2026-05-24,2026-05-30,2026,22,TWS (투어스),5th Mini Album `NO TRAGEDY`,41404.0
2026-05-24,2026-05-30,2026,22,V,Layover,701.0
2026-05-24,2026-05-30,2026,22,방탄소년단,ARIRANG (LP),852.0
2026-05-24,2026-05-30,2026,22,방탄소년단,DARK&WILD,652.0
2026-05-24,2026-05-30,2026,22,방탄소년단,LOVE YOURSELF 結 `Answer`,709.0
2026-05-24,2026-05-30,2026,22,방탄소년단,Proof,709.0
2026-05-24,2026-05-30,2026,22,방탄소년단,Skool Luv Affair,929.0
2026-05-24,2026-05-30,2026,22,방탄소년단,화양연화 Young Forever,793.0
2026-05-24,2026-05-30,2026,22,방탄소년단,화양연화 pt.2,646.0
2026-05-24,2026-05-30,2026,22,세븐틴,5th Album `HAPPY BURSTDAY`,33008.0
2026-05-24,2026-05-30,2026,22,정국,GOLDEN,1116.0
2026-05-24,2026-05-30,2026,22,크리스탈 (Krystal),PWLT,13324.0
2026-05-24,2026-05-30,2026,22,태양,QUINTESSENCE,8639.0
2026-05-24,2026-05-30,2026,22,투모로우바이투게더,이름의 장: TEMPTATION,530.0
2026-05-24,2026-05-30,2026,22,혁오 (hyukoh),23,2000.0
2026-05-31,2026-06-06,2026,23,BABYMONSTER,DRIP,1202.0
2026-05-31,2026-06-06,2026,23,BABYMONSTER,WE GO UP,840.0
2026-05-31,2026-06-06,2026,23,BABYMONSTER,춤 (CHOOM),48093.0
2026-05-31,2026-06-06,2026,23,BABYMONSTER,춤 (CHOOM) (Nemo),826.0
2026-05-31,2026-06-06,2026,23,BLACKPINK,BORN PINK,1043.0
2026-05-31,2026-06-06,2026,23,BLACKPINK,KILL THIS LOVE,905.0
2026-05-31,2026-06-06,2026,23,BLACKPINK,THE ALBUM,1022.0
2026-05-31,2026-06-06,2026,23,CLOSE YOUR EYES (클로즈 유어 아이즈),blackout,6234.0
2026-05-31,2026-06-06,2026,23,CORTIS (코르티스),COLOR OUTSIDE THE LINES,2690.0
2026-05-31,2026-06-06,2026,23,CORTIS (코르티스),COLOR OUTSIDE THE LINES (Weverse),2746.0
2026-05-31,2026-06-06,2026,23,CORTIS (코르티스),GREENGREEN,63065.0
2026-05-31,2026-06-06,2026,23,CORTIS (코르티스),GREENGREEN (Weverse),40710.0
2026-05-31,2026-06-06,2026,23,KATSEYE,BEAUTIFUL CHAOS,1253.0
2026-05-31,2026-06-06,2026,23,KATSEYE,SIS (Soft Is Strong),1456.0
2026-05-31,2026-06-06,2026,23,LE SSERAFIM (르세라핌),`PUREFLOW` pt.1,9585.0
2026-05-31,2026-06-06,2026,23,MEOVV (미야오),BITE NOW,75683.0
2026-05-31,2026-06-06,2026,23,MEOVV (미야오),BITE NOW (Nemo),13903.0
2026-05-31,2026-06-06,2026,23,NewJeans,1st EP `New Jeans`,2845.0
2026-05-31,2026-06-06,2026,23,NewJeans,2nd EP `Get Up`,1529.0
2026-05-31,2026-06-06,2026,23,NewJeans,How Sweet,1206.0
2026-05-31,2026-06-06,2026,23,NewJeans,Supernatural,3134.0
2026-05-31,2026-06-06,2026,23,TREASURE (트레저),4th MINI ALBUM [NEW WAV],1001974.0
2026-05-31,2026-06-06,2026,23,TREASURE (트레저),4th MINI ALBUM [NEW WAV] (Nemo),15245.0
2026-05-31,2026-06-06,2026,23,TWS (투어스),5th Mini Album `NO TRAGEDY`,8522.0
2026-05-31,2026-06-06,2026,23,V,Layover,1259.0
2026-05-31,2026-06-06,2026,23,XIA (준수),GRAVITY,40276.0
2026-05-31,2026-06-06,2026,23,XIA (준수),GRAVITY (Nemo),5000.0
2026-05-31,2026-06-06,2026,23,방탄소년단,ARIRANG,9287.0
2026-05-31,2026-06-06,2026,23,방탄소년단,ARIRANG (LP),1724.0
2026-05-31,2026-06-06,2026,23,방탄소년단,ARIRANG (Weverse),2890.0
2026-05-31,2026-06-06,2026,23,방탄소년단,LOVE YOURSELF 承 `Her`,932.0
2026-05-31,2026-06-06,2026,23,방탄소년단,LOVE YOURSELF 結 `Answer`,964.0
2026-05-31,2026-06-06,2026,23,방탄소년단,MAP OF THE SOUL : 7,1270.0
2026-05-31,2026-06-06,2026,23,방탄소년단,MAP OF THE SOUL : PERSONA,1446.0
2026-05-31,2026-06-06,2026,23,방탄소년단,"O!RUL8,2?",908.0
2026-05-31,2026-06-06,2026,23,방탄소년단,Skool Luv Affair,1238.0
2026-05-31,2026-06-06,2026,23,방탄소년단,WINGS,888.0
2026-05-31,2026-06-06,2026,23,방탄소년단,화양연화 Young Forever,1260.0
2026-05-31,2026-06-06,2026,23,방탄소년단,화양연화 pt.2,1098.0
2026-05-31,2026-06-06,2026,23,정국,GOLDEN,1440.0
2026-05-31,2026-06-06,2026,23,제니 (JENNIE),SOLO,845.0
2026-05-31,2026-06-06,2026,23,크리스탈 (Krystal),PWLT,2929.0
2026-05-31,2026-06-06,2026,23,혁오 (hyukoh),20 (LP),4911.0
2026-05-31,2026-06-06,2026,23,혁오 (hyukoh),22 (LP),4924.0
2026-05-31,2026-06-06,2026,23,혁오 (hyukoh),23 (LP),4932.0
2026-05-31,2026-06-06,2026,23,혁오 (hyukoh),24 : How to find true love and happiness (LP),4944.0
2026-05-31,2026-06-06,2026,23,혁오 (hyukoh),사랑으로 (LP),2732.0
2026-06-07,2026-06-13,2026,24,BABYMONSTER,BABYMONS7ER (Nemo),1111.0
2026-06-07,2026-06-13,2026,24,BABYMONSTER,춤 (CHOOM),1655.0
2026-06-07,2026-06-13,2026,24,BABYMONSTER,춤 (CHOOM) (Nemo),1563.0
2026-06-07,2026-06-13,2026,24,BLACKPINK,BORN PINK,893.0
2026-06-07,2026-06-13,2026,24,BOYNEXTDOOR,HOME,899442.0
2026-06-07,2026-06-13,2026,24,BOYNEXTDOOR,HOME (Weverse),199798.0
2026-06-07,2026-06-13,2026,24,CLOSE YOUR EYES (클로즈 유어 아이즈),blackout,5515.0
2026-06-07,2026-06-13,2026,24,CORTIS (코르티스),COLOR OUTSIDE THE LINES,1906.0
2026-06-07,2026-06-13,2026,24,CORTIS (코르티스),COLOR OUTSIDE THE LINES (Weverse),1001.0
2026-06-07,2026-06-13,2026,24,CORTIS (코르티스),GREENGREEN,139964.0
2026-06-07,2026-06-13,2026,24,CORTIS (코르티스),GREENGREEN (LP),6537.0
2026-06-07,2026-06-13,2026,24,CORTIS (코르티스),GREENGREEN (Weverse),18026.0
2026-06-07,2026-06-13,2026,24,KATSEYE,BEAUTIFUL CHAOS,1046.0
2026-06-07,2026-06-13,2026,24,KATSEYE,SIS (Soft Is Strong),2860.0
2026-06-07,2026-06-13,2026,24,LE SSERAFIM (르세라핌),SPAGHETTI,826.0
2026-06-07,2026-06-13,2026,24,MEOVV (미야오),BITE NOW,63762.0
2026-06-07,2026-06-13,2026,24,MEOVV (미야오),BITE NOW (Nemo),810.0
2026-06-07,2026-06-13,2026,24,NewJeans,1st EP `New Jeans`,796.0
2026-06-07,2026-06-13,2026,24,NewJeans,2nd EP `Get Up`,942.0
2026-06-07,2026-06-13,2026,24,NewJeans,Supernatural,3677.0
2026-06-07,2026-06-13,2026,24,TREASURE (트레저),4th MINI ALBUM [NEW WAV],11300.0
2026-06-07,2026-06-13,2026,24,TWS (투어스),5th Mini Album `NO TRAGEDY`,29800.0
2026-06-07,2026-06-13,2026,24,V,Layover,1740.0
2026-06-07,2026-06-13,2026,24,XIA (준수),GRAVITY,14182.0
2026-06-07,2026-06-13,2026,24,로제 (ROSE),R,793.0
2026-06-07,2026-06-13,2026,24,방탄소년단,ARIRANG,2455.0
2026-06-07,2026-06-13,2026,24,방탄소년단,ARIRANG (613 Limited Edition) (LP),47100.0
2026-06-07,2026-06-13,2026,24,방탄소년단,ARIRANG (LP),1415.0
2026-06-07,2026-06-13,2026,24,방탄소년단,ARIRANG (Weverse),1585.0
2026-06-07,2026-06-13,2026,24,방탄소년단,DARK&WILD,894.0
2026-06-07,2026-06-13,2026,24,방탄소년단,LOVE YOURSELF 承 `Her`,996.0
2026-06-07,2026-06-13,2026,24,방탄소년단,LOVE YOURSELF 結 `Answer`,1376.0
2026-06-07,2026-06-13,2026,24,방탄소년단,Skool Luv Affair,1206.0
2026-06-07,2026-06-13,2026,24,방탄소년단,WINGS,1348.0
2026-06-07,2026-06-13,2026,24,방탄소년단,YOU NEVER WALK ALONE,1037.0
2026-06-07,2026-06-13,2026,24,방탄소년단,화양연화 Young Forever,963.0
2026-06-07,2026-06-13,2026,24,방탄소년단,화양연화 pt.1,815.0
2026-06-07,2026-06-13,2026,24,방탄소년단,화양연화 pt.2,1856.0
2026-06-07,2026-06-13,2026,24,엔싸인 (n.SSign),`Funky like me`,3912.0
2026-06-07,2026-06-13,2026,24,정국,GOLDEN,2238.0
2026-06-07,2026-06-13,2026,24,태양,QUINTESSENCE,1669.0
2026-06-14,2026-06-20,2026,25,BABYMONSTER,DRIP (Nemo),1375.0
2026-06-14,2026-06-20,2026,25,BABYMONSTER,WE GO UP,991.0
2026-06-14,2026-06-20,2026,25,BABYMONSTER,춤 (CHOOM),10341.0
2026-06-14,2026-06-20,2026,25,BABYMONSTER,춤 (CHOOM) (Nemo),2395.0
2026-06-14,2026-06-20,2026,25,BLACKPINK,DEADLINE,832.0
2026-06-14,2026-06-20,2026,25,BOYNEXTDOOR,HOME,53023.0
2026-06-14,2026-06-20,2026,25,BOYNEXTDOOR,HOME (Weverse),70884.0
2026-06-14,2026-06-20,2026,25,CORTIS (코르티스),COLOR OUTSIDE THE LINES,12523.0
2026-06-14,2026-06-20,2026,25,CORTIS (코르티스),COLOR OUTSIDE THE LINES (Weverse),2148.0
2026-06-14,2026-06-20,2026,25,CORTIS (코르티스),GREENGREEN,115184.0
2026-06-14,2026-06-20,2026,25,CORTIS (코르티스),GREENGREEN (Weverse),5234.0
2026-06-14,2026-06-20,2026,25,KATSEYE,BEAUTIFUL CHAOS,828.0
2026-06-14,2026-06-20,2026,25,KATSEYE,SIS (Soft Is Strong),2678.0
2026-06-14,2026-06-20,2026,25,LE SSERAFIM (르세라핌),SPAGHETTI,950.0
2026-06-14,2026-06-20,2026,25,LE SSERAFIM (르세라핌),`PUREFLOW` pt.1,1280.0
2026-06-14,2026-06-20,2026,25,MEOVV (미야오),BITE NOW,1170.0
2026-06-14,2026-06-20,2026,25,NewJeans,1st EP `New Jeans`,971.0
2026-06-14,2026-06-20,2026,25,NewJeans,2nd EP `Get Up`,901.0
2026-06-14,2026-06-20,2026,25,NewJeans,Supernatural,1310.0
2026-06-14,2026-06-20,2026,25,NewJeans,`OMG`,763.0
2026-06-14,2026-06-20,2026,25,TREASURE (트레저),4th MINI ALBUM [NEW WAV] (Nemo),1200.0
2026-06-14,2026-06-20,2026,25,TWS (투어스),5th Mini Album `NO TRAGEDY`,1056.0
2026-06-14,2026-06-20,2026,25,V,Layover,1261.0
2026-06-14,2026-06-20,2026,25,방탄소년단,2 Cool 4 Skool,2060.0
2026-06-14,2026-06-20,2026,25,방탄소년단,ARIRANG (Weverse),954.0
2026-06-14,2026-06-20,2026,25,방탄소년단,BE,661.0
2026-06-14,2026-06-20,2026,25,방탄소년단,DARK&WILD,716.0
2026-06-14,2026-06-20,2026,25,방탄소년단,LOVE YOURSELF 承 `Her`,1470.0
2026-06-14,2026-06-20,2026,25,방탄소년단,LOVE YOURSELF 轉 `Tear`,2764.0
2026-06-14,2026-06-20,2026,25,방탄소년단,MAP OF THE SOUL : 7,1124.0
2026-06-14,2026-06-20,2026,25,방탄소년단,MAP OF THE SOUL : PERSONA,952.0
2026-06-14,2026-06-20,2026,25,방탄소년단,"O!RUL8,2?",956.0
2026-06-14,2026-06-20,2026,25,방탄소년단,Proof,836.0
2026-06-14,2026-06-20,2026,25,방탄소년단,Skool Luv Affair,1410.0
2026-06-14,2026-06-20,2026,25,방탄소년단,WINGS,1151.0
2026-06-14,2026-06-20,2026,25,방탄소년단,YOU NEVER WALK ALONE,1107.0
2026-06-14,2026-06-20,2026,25,방탄소년단,화양연화 Young Forever,963.0
2026-06-14,2026-06-20,2026,25,방탄소년단,화양연화 pt.1,648.0
2026-06-14,2026-06-20,2026,25,방탄소년단,화양연화 pt.2,1329.0
2026-06-14,2026-06-20,2026,25,온앤오프 (ONF),ONF:MY SELF,93778.0
2026-06-14,2026-06-20,2026,25,온앤오프 (ONF),ONF:MY SELF (PLVE),22166.0
2026-06-14,2026-06-20,2026,25,정국,GOLDEN,1316.0
2026-06-14,2026-06-20,2026,25,정국,GOLDEN (Weverse),617.0
2026-06-21,2026-06-27,2026,26,BABYMONSTER,WE GO UP,1184.0
2026-06-21,2026-06-27,2026,26,BABYMONSTER,춤 (CHOOM),5947.0
2026-06-21,2026-06-27,2026,26,BABYMONSTER,춤 (CHOOM) (Nemo),2613.0
2026-06-21,2026-06-27,2026,26,BOYNEXTDOOR,HOME,6418.0
2026-06-21,2026-06-27,2026,26,BOYNEXTDOOR,HOME (Weverse),2662.0
2026-06-21,2026-06-27,2026,26,CLOSE YOUR EYES (클로즈 유어 아이즈),blackout,11029.0
2026-06-21,2026-06-27,2026,26,CORTIS (코르티스),COLOR OUTSIDE THE LINES,3075.0
2026-06-21,2026-06-27,2026,26,CORTIS (코르티스),COLOR OUTSIDE THE LINES (Weverse),4819.0
2026-06-21,2026-06-27,2026,26,CORTIS (코르티스),GREENGREEN,28269.0
2026-06-21,2026-06-27,2026,26,CORTIS (코르티스),GREENGREEN (Weverse),3570.0
2026-06-21,2026-06-27,2026,26,KATSEYE,BEAUTIFUL CHAOS,2856.0
2026-06-21,2026-06-27,2026,26,KATSEYE,SIS (Soft Is Strong),1625.0
2026-06-21,2026-06-27,2026,26,LE SSERAFIM (르세라핌),SPAGHETTI,974.0
2026-06-21,2026-06-27,2026,26,MEOVV (미야오),BITE NOW,1379.0
2026-06-21,2026-06-27,2026,26,NewJeans,1st EP `New Jeans`,1644.0
2026-06-21,2026-06-27,2026,26,NewJeans,2nd EP `Get Up`,1038.0
2026-06-21,2026-06-27,2026,26,NewJeans,How Sweet,806.0
2026-06-21,2026-06-27,2026,26,NewJeans,Supernatural,3562.0
2026-06-21,2026-06-27,2026,26,TWS (투어스),1st Mini Album `Sparkling Blue`,1949.0
2026-06-21,2026-06-27,2026,26,TWS (투어스),5th Mini Album `NO TRAGEDY`,5834.0
2026-06-21,2026-06-27,2026,26,XIA (준수),GRAVITY,5355.0
2026-06-21,2026-06-27,2026,26,can`t be blue (캔트비블루),can`t be blue,1800.0
2026-06-21,2026-06-27,2026,26,방탄소년단,2 Cool 4 Skool,3000.0
2026-06-21,2026-06-27,2026,26,방탄소년단,ARIRANG,3027.0
2026-06-21,2026-06-27,2026,26,방탄소년단,ARIRANG (613 Limited Edition) (LP),2500.0
2026-06-21,2026-06-27,2026,26,방탄소년단,ARIRANG (Weverse),933.0
2026-06-21,2026-06-27,2026,26,방탄소년단,DARK&WILD,1473.0
2026-06-21,2026-06-27,2026,26,방탄소년단,LOVE YOURSELF 承 `Her`,1173.0
2026-06-21,2026-06-27,2026,26,방탄소년단,LOVE YOURSELF 結 `Answer`,5172.0
2026-06-21,2026-06-27,2026,26,방탄소년단,LOVE YOURSELF 轉 `Tear`,4000.0
2026-06-21,2026-06-27,2026,26,방탄소년단,MAP OF THE SOUL : 7,3445.0
2026-06-21,2026-06-27,2026,26,방탄소년단,MAP OF THE SOUL : PERSONA,1700.0
2026-06-21,2026-06-27,2026,26,방탄소년단,"O!RUL8,2?",1014.0
2026-06-21,2026-06-27,2026,26,방탄소년단,Skool Luv Affair,1062.0
2026-06-21,2026-06-27,2026,26,방탄소년단,화양연화 Young Forever,924.0
2026-06-21,2026-06-27,2026,26,방탄소년단,화양연화 pt.1,1058.0
2026-06-21,2026-06-27,2026,26,방탄소년단,화양연화 pt.2,1282.0
2026-06-21,2026-06-27,2026,26,세븐틴,4th Album `Face the Sun`,826.0
2026-06-21,2026-06-27,2026,26,엔싸인 (n.SSign),`Funky like me` (Nemo),2010.0
2026-06-21,2026-06-27,2026,26,정국,GOLDEN,2543.0
2026-06-21,2026-06-27,2026,26,태양,QUINTESSENCE,10130.0
2026-06-28,2026-07-04,2026,27,&TEAM,Back to Life,1193.0
2026-06-28,2026-07-04,2026,27,&TEAM,We on Fire,7130.0
2026-06-28,2026-07-04,2026,27,BABYMONSTER,WE GO UP,1037.0
2026-06-28,2026-07-04,2026,27,BLACKPINK,KILL THIS LOVE,1131.0
2026-06-28,2026-07-04,2026,27,BOYNEXTDOOR,HOME,4701.0
2026-06-28,2026-07-04,2026,27,BOYNEXTDOOR,HOME (Weverse),44299.0
2026-06-28,2026-07-04,2026,27,CORTIS (코르티스),COLOR OUTSIDE THE LINES,4066.0
2026-06-28,2026-07-04,2026,27,CORTIS (코르티스),COLOR OUTSIDE THE LINES (Weverse),7816.0
2026-06-28,2026-07-04,2026,27,CORTIS (코르티스),GREENGREEN,73468.0
2026-06-28,2026-07-04,2026,27,CORTIS (코르티스),GREENGREEN (Weverse),1797.0
2026-06-28,2026-07-04,2026,27,KATSEYE,BEAUTIFUL CHAOS,721.0
2026-06-28,2026-07-04,2026,27,KATSEYE,SIS (Soft Is Strong),4556.0
2026-06-28,2026-07-04,2026,27,LE SSERAFIM (르세라핌),SPAGHETTI,732.0
2026-06-28,2026-07-04,2026,27,LE SSERAFIM (르세라핌),`PUREFLOW` pt.1 (SMC),2000.0
2026-06-28,2026-07-04,2026,27,MEOVV (미야오),BITE NOW,11530.0
2026-06-28,2026-07-04,2026,27,MEOVV (미야오),BITE NOW (Nemo),2291.0
2026-06-28,2026-07-04,2026,27,NewJeans,1st EP `New Jeans`,1265.0
2026-06-28,2026-07-04,2026,27,NewJeans,2nd EP `Get Up`,1468.0
2026-06-28,2026-07-04,2026,27,NewJeans,Supernatural,2177.0
2026-06-28,2026-07-04,2026,27,TREASURE (트레저),4th MINI ALBUM [NEW WAV],31324.0
2026-06-28,2026-07-04,2026,27,TWS (투어스),1st Mini Album `Sparkling Blue` (Weverse),865.0
2026-06-28,2026-07-04,2026,27,V8 (SEVENTEEN),V8,558725.0
2026-06-28,2026-07-04,2026,27,V8 (SEVENTEEN),V8 (KiT),35000.0
2026-06-28,2026-07-04,2026,27,V8 (SEVENTEEN),V8 (Weverse),55000.0
2026-06-28,2026-07-04,2026,27,방탄소년단,Butter,662.0
2026-06-28,2026-07-04,2026,27,방탄소년단,DARK&WILD,3640.0
2026-06-28,2026-07-04,2026,27,방탄소년단,LOVE YOURSELF 結 `Answer`,4882.0
2026-06-28,2026-07-04,2026,27,방탄소년단,MAP OF THE SOUL : 7,11083.0
2026-06-28,2026-07-04,2026,27,방탄소년단,MAP OF THE SOUL : PERSONA,917.0
2026-06-28,2026-07-04,2026,27,방탄소년단,Skool Luv Affair,2715.0
2026-06-28,2026-07-04,2026,27,방탄소년단,화양연화 Young Forever,911.0
2026-06-28,2026-07-04,2026,27,방탄소년단,화양연화 pt.1,655.0
2026-06-28,2026-07-04,2026,27,방탄소년단,화양연화 pt.2,1802.0
2026-06-28,2026-07-04,2026,27,신인류,빛나는 스트라이크,837.0
2026-06-28,2026-07-04,2026,27,태양,QUINTESSENCE,3626.0
2026-06-28,2026-07-04,2026,27,혁오 (hyukoh),24 : How to find true love and happiness,1245.0
2026-07-05,2026-07-11,2026,28,Agust D,D-DAY,3972.0
2026-07-05,2026-07-11,2026,28,BABYMONSTER,DRIP,925.0
2026-07-05,2026-07-11,2026,28,BABYMONSTER,WE GO UP,988.0
2026-07-05,2026-07-11,2026,28,BABYMONSTER,춤 (CHOOM),1346.0
2026-07-05,2026-07-11,2026,28,BABYMONSTER,춤 (CHOOM) (Nemo),2213.0
2026-07-05,2026-07-11,2026,28,BLACKPINK,BORN PINK,1506.0
2026-07-05,2026-07-11,2026,28,BOYNEXTDOOR,HOME,3284.0
2026-07-05,2026-07-11,2026,28,CLOSE YOUR EYES (클로즈 유어 아이즈),blackout,5511.0
2026-07-05,2026-07-11,2026,28,CLOSE YOUR EYES (클로즈 유어 아이즈),blackout (EVER ver.),2702.0
2026-07-05,2026-07-11,2026,28,CORTIS (코르티스),COLOR OUTSIDE THE LINES,15000.0
2026-07-05,2026-07-11,2026,28,CORTIS (코르티스),COLOR OUTSIDE THE LINES (Weverse),1231.0
2026-07-05,2026-07-11,2026,28,CORTIS (코르티스),GREENGREEN,20809.0
2026-07-05,2026-07-11,2026,28,CORTIS (코르티스),GREENGREEN (Weverse),16862.0
2026-07-05,2026-07-11,2026,28,KATSEYE,BEAUTIFUL CHAOS,3336.0
2026-07-05,2026-07-11,2026,28,LE SSERAFIM (르세라핌),ANTIFRAGILE (Weverse),4443.0
2026-07-05,2026-07-11,2026,28,LE SSERAFIM (르세라핌),CRAZY (Weverse),4350.0
2026-07-05,2026-07-11,2026,28,LE SSERAFIM (르세라핌),EASY (Weverse),4368.0
2026-07-05,2026-07-11,2026,28,LE SSERAFIM (르세라핌),FEARLESS (Weverse),4400.0
2026-07-05,2026-07-11,2026,28,LE SSERAFIM (르세라핌),HOT (Weverse),4371.0
2026-07-05,2026-07-11,2026,28,LE SSERAFIM (르세라핌),UNFORGIVEN (Weverse),4354.0
2026-07-05,2026-07-11,2026,28,LE SSERAFIM (르세라핌),`PUREFLOW` pt.1,3220.0
2026-07-05,2026-07-11,2026,28,MEOVV (미야오),BITE NOW,6428.0
2026-07-05,2026-07-11,2026,28,NewJeans,1st EP `New Jeans`,1213.0
2026-07-05,2026-07-11,2026,28,NewJeans,2nd EP `Get Up`,1517.0
2026-07-05,2026-07-11,2026,28,NewJeans,How Sweet,890.0
2026-07-05,2026-07-11,2026,28,NewJeans,Supernatural,4083.0
2026-07-05,2026-07-11,2026,28,NewJeans,`OMG`,1070.0
2026-07-05,2026-07-11,2026,28,TREASURE (트레저),4th MINI ALBUM [NEW WAV],803.0
2026-07-05,2026-07-11,2026,28,V8 (SEVENTEEN),V8,10515.0
2026-07-05,2026-07-11,2026,28,V8 (SEVENTEEN),V8 (Weverse),9901.0
2026-07-05,2026-07-11,2026,28,검정치마 (The Black Skirts),201 (LP),16200.0
2026-07-05,2026-07-11,2026,28,방탄소년단,ARIRANG,2465.0
2026-07-05,2026-07-11,2026,28,방탄소년단,DARK&WILD,1236.0
2026-07-05,2026-07-11,2026,28,방탄소년단,LOVE YOURSELF 承 `Her`,888.0
2026-07-05,2026-07-11,2026,28,방탄소년단,LOVE YOURSELF 結 `Answer`,1742.0
2026-07-05,2026-07-11,2026,28,방탄소년단,MAP OF THE SOUL : PERSONA,971.0
2026-07-05,2026-07-11,2026,28,방탄소년단,"O!RUL8,2?",866.0
2026-07-05,2026-07-11,2026,28,방탄소년단,Skool Luv Affair,890.0
2026-07-05,2026-07-11,2026,28,방탄소년단,YOU NEVER WALK ALONE,1011.0
2026-07-05,2026-07-11,2026,28,방탄소년단,화양연화 pt.2,1379.0
2026-07-05,2026-07-11,2026,28,연준,NO LABELS: PART 02,581091.0
2026-07-05,2026-07-11,2026,28,연준,NO LABELS: PART 02 (SMC),43949.0
2026-07-05,2026-07-11,2026,28,연준,NO LABELS: PART 02 (Weverse),66405.0
2026-07-05,2026-07-11,2026,28,정국,GOLDEN,1194.0
2026-07-12,2026-07-18,2026,29,&TEAM,We on Fire,1378.0
2026-07-12,2026-07-18,2026,29,Agust D,D-DAY,2641.0
2026-07-12,2026-07-18,2026,29,BABYMONSTER,WE GO UP,1198.0
2026-07-12,2026-07-18,2026,29,BABYMONSTER,춤 (CHOOM),5622.0
2026-07-12,2026-07-18,2026,29,BABYMONSTER,춤 (CHOOM) (Nemo),1423.0
2026-07-12,2026-07-18,2026,29,BLACKPINK,DEADLINE,1069.0
2026-07-12,2026-07-18,2026,29,BOYNEXTDOOR,HOME,49785.0
2026-07-12,2026-07-18,2026,29,CORTIS (코르티스),COLOR OUTSIDE THE LINES,30000.0
2026-07-12,2026-07-18,2026,29,CORTIS (코르티스),COLOR OUTSIDE THE LINES (Weverse),4731.0
2026-07-12,2026-07-18,2026,29,CORTIS (코르티스),GREENGREEN,94021.0
2026-07-12,2026-07-18,2026,29,CORTIS (코르티스),GREENGREEN (Weverse),6720.0
2026-07-12,2026-07-18,2026,29,DAILY:DIRECTION,MONKEY MODE (MINIRECORD),13214.0
2026-07-12,2026-07-18,2026,29,KATSEYE,BEAUTIFUL CHAOS,3846.0
2026-07-12,2026-07-18,2026,29,LE SSERAFIM (르세라핌),SPAGHETTI,911.0
2026-07-12,2026-07-18,2026,29,MEOVV (미야오),BITE NOW,4885.0
2026-07-12,2026-07-18,2026,29,NewJeans,2nd EP `Get Up`,1098.0
2026-07-12,2026-07-18,2026,29,NewJeans,How Sweet,886.0
2026-07-12,2026-07-18,2026,29,NewJeans,Supernatural,1231.0
2026-07-12,2026-07-18,2026,29,TWS (투어스),5th Mini Album `NO TRAGEDY`,5100.0
2026-07-12,2026-07-18,2026,29,V8 (SEVENTEEN),V8,2088.0
2026-07-12,2026-07-18,2026,29,V8 (SEVENTEEN),V8 (KiT),2744.0
2026-07-12,2026-07-18,2026,29,검정치마 (The Black Skirts),201 (LP),34203.0
2026-07-12,2026-07-18,2026,29,권진아,SAVE ME,1373.0
2026-07-12,2026-07-18,2026,29,권진아,The Dreamest (LP),1860.0
2026-07-12,2026-07-18,2026,29,방탄소년단,ARIRANG,4646.0
2026-07-12,2026-07-18,2026,29,방탄소년단,ARIRANG (Weverse),1070.0
2026-07-12,2026-07-18,2026,29,방탄소년단,MAP OF THE SOUL : PERSONA,857.0
2026-07-12,2026-07-18,2026,29,방탄소년단,WINGS,1206.0
2026-07-12,2026-07-18,2026,29,방탄소년단,화양연화 Young Forever,1050.0
2026-07-12,2026-07-18,2026,29,방탄소년단,화양연화 pt.2,1132.0
2026-07-12,2026-07-18,2026,29,연준,NO LABELS: PART 02,99157.0
2026-07-12,2026-07-18,2026,29,연준,NO LABELS: PART 02 (Weverse),6826.0
2026-07-12,2026-07-18,2026,29,온앤오프 (ONF),ONF:MY SELF,764.0
2026-07-12,2026-07-18,2026,29,정국,GOLDEN,1482.0
2026-07-19,2026-07-25,2026,30,8TURN,[8.X],10810.0
2026-07-19,2026-07-25,2026,30,8TURN,[8.X] (POCA),58519.0
2026-07-19,2026-07-25,2026,30,Agust D,D-DAY,1396.0
2026-07-19,2026-07-25,2026,30,BABYMONSTER,DRIP,848.0
2026-07-19,2026-07-25,2026,30,BABYMONSTER,WE GO UP,1330.0
2026-07-19,2026-07-25,2026,30,BABYMONSTER,춤 (CHOOM),12473.0
2026-07-19,2026-07-25,2026,30,BABYMONSTER,춤 (CHOOM) (Nemo),2593.0
2026-07-19,2026-07-25,2026,30,CORTIS (코르티스),COLOR OUTSIDE THE LINES (Weverse),12101.0
2026-07-19,2026-07-25,2026,30,CORTIS (코르티스),GREENGREEN,36557.0
2026-07-19,2026-07-25,2026,30,CORTIS (코르티스),GREENGREEN (Weverse),114968.0
2026-07-19,2026-07-25,2026,30,KATSEYE,BEAUTIFUL CHAOS,1511.0
2026-07-19,2026-07-25,2026,30,NewJeans,1st EP `New Jeans`,3247.0
2026-07-19,2026-07-25,2026,30,NewJeans,1st EP `New Jeans` (Weverse),921.0
2026-07-19,2026-07-25,2026,30,NewJeans,2nd EP `Get Up`,2213.0
2026-07-19,2026-07-25,2026,30,NewJeans,How Sweet,1306.0
2026-07-19,2026-07-25,2026,30,NewJeans,Supernatural,4096.0
2026-07-19,2026-07-25,2026,30,NewJeans,`OMG`,963.0
2026-07-19,2026-07-25,2026,30,TREASURE (트레저),4th MINI ALBUM [NEW WAV] (Nemo),2491.0
2026-07-19,2026-07-25,2026,30,TWS (투어스),5th Mini Album `NO TRAGEDY`,1502.0
2026-07-19,2026-07-25,2026,30,V8 (SEVENTEEN),V8,2182.0
2026-07-19,2026-07-25,2026,30,로제 (ROSE),rosie,957.0
2026-07-19,2026-07-25,2026,30,방탄소년단,ARIRANG,7760.0
2026-07-19,2026-07-25,2026,30,방탄소년단,ARIRANG (Weverse),3026.0
2026-07-19,2026-07-25,2026,30,방탄소년단,BE,839.0
2026-07-19,2026-07-25,2026,30,방탄소년단,DARK&WILD,1618.0
2026-07-19,2026-07-25,2026,30,방탄소년단,LOVE YOURSELF 承 `Her`,1449.0
2026-07-19,2026-07-25,2026,30,방탄소년단,LOVE YOURSELF 結 `Answer`,1250.0
2026-07-19,2026-07-25,2026,30,방탄소년단,MAP OF THE SOUL : PERSONA,1225.0
2026-07-19,2026-07-25,2026,30,방탄소년단,Proof,880.0
2026-07-19,2026-07-25,2026,30,방탄소년단,WINGS,844.0
2026-07-19,2026-07-25,2026,30,방탄소년단,YOU NEVER WALK ALONE,1342.0
2026-07-19,2026-07-25,2026,30,방탄소년단,화양연화 Young Forever,1600.0
2026-07-19,2026-07-25,2026,30,방탄소년단,화양연화 pt.1,1203.0
2026-07-19,2026-07-25,2026,30,방탄소년단,화양연화 pt.2,1810.0
2026-07-19,2026-07-25,2026,30,연준,NO LABELS: PART 02,8262.0
2026-07-19,2026-07-25,2026,30,연준,NO LABELS: PART 02 (Weverse),1625.0
2026-07-19,2026-07-25,2026,30,정국,GOLDEN,2364.0
2026-07-19,2026-07-25,2026,30,태양,QUINTESSENCE (LP),2682.0
2026-07-26,2026-08-01,2026,31,&TEAM,Back to Life,710.0
2026-07-26,2026-08-01,2026,31,&TEAM,We on Fire,2287.0
2026-07-26,2026-08-01,2026,31,Agust D,D-DAY,1047.0
2026-07-26,2026-08-01,2026,31,BABYMONSTER,춤 (CHOOM),2587.0
2026-07-26,2026-08-01,2026,31,CORTIS (코르티스),COLOR OUTSIDE THE LINES,74852.0
2026-07-26,2026-08-01,2026,31,CORTIS (코르티스),COLOR OUTSIDE THE LINES (Weverse),11063.0
2026-07-26,2026-08-01,2026,31,CORTIS (코르티스),GREENGREEN,53424.0
2026-07-26,2026-08-01,2026,31,KATSEYE,BEAUTIFUL CHAOS,1724.0
2026-07-26,2026-08-01,2026,31,LE SSERAFIM (르세라핌),SPAGHETTI,687.0
2026-07-26,2026-08-01,2026,31,MEOVV (미야오),BITE NOW,4011.0
2026-07-26,2026-08-01,2026,31,NewJeans,1st EP `New Jeans`,2309.0
2026-07-26,2026-08-01,2026,31,NewJeans,2nd EP `Get Up`,1903.0
2026-07-26,2026-08-01,2026,31,NewJeans,How Sweet,960.0
2026-07-26,2026-08-01,2026,31,NewJeans,How Sweet (Weverse),616.0
2026-07-26,2026-08-01,2026,31,NewJeans,Supernatural,4427.0
2026-07-26,2026-08-01,2026,31,NewJeans,`OMG`,802.0
2026-07-26,2026-08-01,2026,31,PLAVE,Caligo Pt.2,1037.0
2026-07-26,2026-08-01,2026,31,TREASURE (트레저),4th MINI ALBUM [NEW WAV] (Nemo),7057.0
2026-07-26,2026-08-01,2026,31,V8 (SEVENTEEN),V8,4159.0
2026-07-26,2026-08-01,2026,31,V8 (SEVENTEEN),V8 (Weverse),1491.0
2026-07-26,2026-08-01,2026,31,방탄소년단,DARK&WILD,846.0
2026-07-26,2026-08-01,2026,31,방탄소년단,LOVE YOURSELF 結 `Answer`,1035.0
2026-07-26,2026-08-01,2026,31,방탄소년단,MAP OF THE SOUL : PERSONA,1158.0
2026-07-26,2026-08-01,2026,31,방탄소년단,YOU NEVER WALK ALONE,921.0
2026-07-26,2026-08-01,2026,31,방탄소년단,화양연화 Young Forever,805.0
2026-07-26,2026-08-01,2026,31,방탄소년단,화양연화 pt.2,1438.0
2026-07-26,2026-08-01,2026,31,스텔라이브,Colorful Strokes,15921.0
2026-07-26,2026-08-01,2026,31,스텔라이브,Colorful Strokes (MINIRECORD),33884.0
2026-07-26,2026-08-01,2026,31,연준,NO LABELS: PART 02 (Weverse),2362.0
2026-07-26,2026-08-01,2026,31,정국,GOLDEN,1681.0
2026-07-26,2026-08-01,2026,31,지민,FACE,615.0
2026-07-26,2026-08-01,2026,31,투모로우바이투게더,minisode 3: TOMORROW,689.0
2026-08-02,2026-08-08,2026,32,Agust D,D-DAY,748.0
2026-08-02,2026-08-08,2026,32,BABYMONSTER,DRIP (Nemo),682.0
2026-08-02,2026-08-08,2026,32,BABYMONSTER,WE GO UP,993.0
2026-08-02,2026-08-08,2026,32,BABYMONSTER,춤 (CHOOM),761.0
2026-08-02,2026-08-08,2026,32,BABYMONSTER,춤 (CHOOM) (Nemo),1274.0
2026-08-02,2026-08-08,2026,32,BOYNEXTDOOR,HOME,6771.0
2026-08-02,2026-08-08,2026,32,CORTIS (코르티스),COLOR OUTSIDE THE LINES,15138.0
2026-08-02,2026-08-08,2026,32,CORTIS (코르티스),COLOR OUTSIDE THE LINES (Weverse),6580.0
2026-08-02,2026-08-08,2026,32,CORTIS (코르티스),GREENGREEN,2190.0
2026-08-02,2026-08-08,2026,32,JUNHEE,LOVE METHOD,1728.0
2026-08-02,2026-08-08,2026,32,KATSEYE,BEAUTIFUL CHAOS,1806.0
2026-08-02,2026-08-08,2026,32,LE SSERAFIM (르세라핌),SPAGHETTI,1322.0
2026-08-02,2026-08-08,2026,32,NewJeans,1st EP `New Jeans`,969.0
2026-08-02,2026-08-08,2026,32,NewJeans,2nd EP `Get Up`,1547.0
2026-08-02,2026-08-08,2026,32,NewJeans,How Sweet,1347.0
2026-08-02,2026-08-08,2026,32,NewJeans,Supernatural,2642.0
2026-08-02,2026-08-08,2026,32,NewJeans,`OMG`,962.0
2026-08-02,2026-08-08,2026,32,TWS (투어스),5th Mini Album `NO TRAGEDY`,14954.0
2026-08-02,2026-08-08,2026,32,V8 (SEVENTEEN),V8,693.0
2026-08-02,2026-08-08,2026,32,마치 (MRCH),상생관계,2601.0
2026-08-02,2026-08-08,2026,32,방탄소년단,ARIRANG,2476.0
2026-08-02,2026-08-08,2026,32,방탄소년단,DARK&WILD,834.0
2026-08-02,2026-08-08,2026,32,방탄소년단,LOVE YOURSELF 結 `Answer`,1403.0
2026-08-02,2026-08-08,2026,32,방탄소년단,MAP OF THE SOUL : PERSONA,2028.0
2026-08-02,2026-08-08,2026,32,방탄소년단,Proof,733.0
2026-08-02,2026-08-08,2026,32,방탄소년단,YOU NEVER WALK ALONE,825.0
2026-08-02,2026-08-08,2026,32,방탄소년단,화양연화 Young Forever,716.0
2026-08-02,2026-08-08,2026,32,방탄소년단,화양연화 pt.1,1446.0
2026-08-02,2026-08-08,2026,32,방탄소년단,화양연화 pt.2,2145.0
2026-08-02,2026-08-08,2026,32,세븐틴,4th Album `Face the Sun`,1190.0
2026-08-02,2026-08-08,2026,32,스텔라이브,Colorful Strokes,680.0
2026-08-02,2026-08-08,2026,32,스텔라이브,Colorful Strokes (MINIRECORD),1102.0
2026-08-02,2026-08-08,2026,32,정국,GOLDEN,1648.0
2026-08-02,2026-08-08,2026,32,지민,MUSE,996.0
2026-08-02,2026-08-08,2026,32,피철인,吉BOARD,128274.0
2026-08-02,2026-08-08,2026,32,피철인,吉BOARD (TAPE),15000.0
2026-08-02,2026-08-08,2026,32,피철인,吉BOARD (USB),60000.0
2026-08-09,2026-08-15,2026,33,&TEAM,We on Fire,1032.0
2026-08-09,2026-08-15,2026,33,Agust D,D-DAY,1162.0
2026-08-09,2026-08-15,2026,33,BABYMONSTER,DRIP,1074.0
2026-08-09,2026-08-15,2026,33,BABYMONSTER,WE GO UP,1602.0
2026-08-09,2026-08-15,2026,33,BLACKPINK,BORN PINK,1489.0
2026-08-09,2026-08-15,2026,33,BLACKPINK,THE ALBUM,1354.0
2026-08-09,2026-08-15,2026,33,BOYNEXTDOOR,HOME,2351.0
2026-08-09,2026-08-15,2026,33,CORTIS (코르티스),COLOR OUTSIDE THE LINES (Weverse),6654.0
2026-08-09,2026-08-15,2026,33,CORTIS (코르티스),GREENGREEN,51760.0
2026-08-09,2026-08-15,2026,33,JUNHEE,LOVE METHOD,1060.0
2026-08-09,2026-08-15,2026,33,KATSEYE,BEAUTIFUL CHAOS,3121.0
2026-08-09,2026-08-15,2026,33,KATSEYE,SIS (Soft Is Strong),22717.0
2026-08-09,2026-08-15,2026,33,KATSEYE,WILD,108116.0
2026-08-09,2026-08-15,2026,33,KATSEYE,WILD (International Retailer Exclusive),13156.0
2026-08-09,2026-08-15,2026,33,LE SSERAFIM (르세라핌),SPAGHETTI,1045.0
2026-08-09,2026-08-15,2026,33,NewJeans,1st EP `New Jeans`,2206.0
2026-08-09,2026-08-15,2026,33,NewJeans,2nd EP `Get Up`,1952.0
2026-08-09,2026-08-15,2026,33,NewJeans,How Sweet,1025.0
2026-08-09,2026-08-15,2026,33,NewJeans,Supernatural,2066.0
2026-08-09,2026-08-15,2026,33,NewJeans,`OMG`,1200.0
2026-08-09,2026-08-15,2026,33,방탄소년단,2 Cool 4 Skool,1958.0
2026-08-09,2026-08-15,2026,33,방탄소년단,ARIRANG,1297.0
2026-08-09,2026-08-15,2026,33,방탄소년단,ARIRANG (Weverse),1191.0
2026-08-09,2026-08-15,2026,33,방탄소년단,Butter,791.0
2026-08-09,2026-08-15,2026,33,방탄소년단,DARK&WILD,1513.0
2026-08-09,2026-08-15,2026,33,방탄소년단,LOVE YOURSELF 結 `Answer`,1516.0
2026-08-09,2026-08-15,2026,33,방탄소년단,MAP OF THE SOUL : PERSONA,1560.0
2026-08-09,2026-08-15,2026,33,방탄소년단,"O!RUL8,2?",2985.0
2026-08-09,2026-08-15,2026,33,방탄소년단,Proof,834.0
2026-08-09,2026-08-15,2026,33,방탄소년단,Skool Luv Affair,2515.0
2026-08-09,2026-08-15,2026,33,방탄소년단,YOU NEVER WALK ALONE,848.0
2026-08-09,2026-08-15,2026,33,방탄소년단,화양연화 Young Forever,1211.0
2026-08-09,2026-08-15,2026,33,방탄소년단,화양연화 pt.1,1071.0
2026-08-09,2026-08-15,2026,33,방탄소년단,화양연화 pt.2,1822.0
2026-08-09,2026-08-15,2026,33,연준,NO LABELS: PART 02,4605.0
2026-08-09,2026-08-15,2026,33,정국,GOLDEN,2573.0
2026-08-09,2026-08-15,2026,33,지민,FACE,864.0
2026-08-09,2026-08-15,2026,33,투모로우바이투게더,7TH YEAR: 가시덤불에 잠시 바람이 멈췄을 때,1020.0
2026-08-09,2026-08-15,2026,33,투모로우바이투게더,minisode 2: Thursday`s Child,1097.0
2026-08-09,2026-08-15,2026,33,투모로우바이투게더,minisode 3: TOMORROW,1598.0
2026-08-09,2026-08-15,2026,33,투모로우바이투게더,minisode1 : Blue Hour,1023.0
2026-08-09,2026-08-15,2026,33,투모로우바이투게더,꿈의 장: MAGIC,770.0
2026-08-09,2026-08-15,2026,33,투모로우바이투게더,꿈의 장: STAR,730.0
2026-08-09,2026-08-15,2026,33,투모로우바이투게더,혼돈의 장: FREEZE,1023.0
2026-08-16,2026-08-22,2026,34,Agust D,D-DAY,1025.0
2026-08-16,2026-08-22,2026,34,BABYMONSTER,DRIP,756.0
2026-08-16,2026-08-22,2026,34,BABYMONSTER,WE GO UP,3999.0
2026-08-16,2026-08-22,2026,34,BABYMONSTER,춤 (CHOOM),7019.0
2026-08-16,2026-08-22,2026,34,BABYMONSTER,춤 (CHOOM) (Nemo),3682.0
2026-08-16,2026-08-22,2026,34,BLACKPINK,KILL THIS LOVE,1580.0
2026-08-16,2026-08-22,2026,34,BOYNEXTDOOR,HOME,7478.0
2026-08-16,2026-08-22,2026,34,CORTIS (코르티스),GREENGREEN,147580.0
2026-08-16,2026-08-22,2026,34,CORTIS (코르티스),GREENGREEN (Weverse),199829.0
2026-08-16,2026-08-22,2026,34,JUNHEE,LOVE METHOD,908.0
2026-08-16,2026-08-22,2026,34,KATSEYE,BEAUTIFUL CHAOS,2557.0
2026-08-16,2026-08-22,2026,34,KATSEYE,SIS (Soft Is Strong),6991.0
2026-08-16,2026-08-22,2026,34,KATSEYE,WILD,11981.0
2026-08-16,2026-08-22,2026,34,KATSEYE,WILD (International Retailer Exclusive),1142.0
2026-08-16,2026-08-22,2026,34,NewJeans,1st EP `New Jeans`,1287.0
2026-08-16,2026-08-22,2026,34,NewJeans,2nd EP `Get Up`,1402.0
2026-08-16,2026-08-22,2026,34,NewJeans,Supernatural,968.0
2026-08-16,2026-08-22,2026,34,NewJeans,`OMG`,777.0
2026-08-16,2026-08-22,2026,34,방탄소년단,2 Cool 4 Skool,1030.0
2026-08-16,2026-08-22,2026,34,방탄소년단,DARK&WILD,726.0
2026-08-16,2026-08-22,2026,34,방탄소년단,LOVE YOURSELF 結 `Answer`,877.0
2026-08-16,2026-08-22,2026,34,방탄소년단,"O!RUL8,2?",807.0
2026-08-16,2026-08-22,2026,34,방탄소년단,Skool Luv Affair,1118.0
2026-08-16,2026-08-22,2026,34,방탄소년단,WINGS,1248.0
2026-08-16,2026-08-22,2026,34,방탄소년단,화양연화 Young Forever,774.0
2026-08-16,2026-08-22,2026,34,방탄소년단,화양연화 pt.2,1239.0
2026-08-16,2026-08-22,2026,34,정국,GOLDEN,2697.0
2026-08-16,2026-08-22,2026,34,투모로우바이투게더,minisode 3: TOMORROW,1067.0
2026-08-16,2026-08-22,2026,34,투모로우바이투게더,minisode1 : Blue Hour,866.0
2026-08-16,2026-08-22,2026,34,투모로우바이투게더,꿈의 장: ETERNITY,687.0
2026-08-16,2026-08-22,2026,34,투모로우바이투게더,꿈의 장: STAR,960.0
2026-08-16,2026-08-22,2026,34,투모로우바이투게더,이름의 장: TEMPTATION,758.0
2026-08-16,2026-08-22,2026,34,투모로우바이투게더,혼돈의 장: FIGHT OR ESCAPE,795.0
2026-08-16,2026-08-22,2026,34,피철인,吉BOARD,7216.0
2026-08-23,2026-08-29,2026,35,BABYMONSTER,DRIP,698.0
2026-08-23,2026-08-29,2026,35,BABYMONSTER,WE GO UP,1682.0
2026-08-23,2026-08-29,2026,35,CORTIS (코르티스),COLOR OUTSIDE THE LINES,19999.0
2026-08-23,2026-08-29,2026,35,CORTIS (코르티스),GREENGREEN,29720.0
2026-08-23,2026-08-29,2026,35,CORTIS (코르티스),GREENGREEN (Weverse),99997.0
2026-08-23,2026-08-29,2026,35,CORTIS (코르티스),GREENGREEN_playextended,19600.0
2026-08-23,2026-08-29,2026,35,JUNHEE,LOVE METHOD,1148.0
2026-08-23,2026-08-29,2026,35,KATSEYE,BEAUTIFUL CHAOS,1196.0
2026-08-23,2026-08-29,2026,35,KATSEYE,SIS (Soft Is Strong),1974.0
2026-08-23,2026-08-29,2026,35,KATSEYE,WILD,3121.0
2026-08-23,2026-08-29,2026,35,MEOVV (미야오),BITE NOW,7734.0
2026-08-23,2026-08-29,2026,35,NewJeans,1st EP `New Jeans`,1020.0
2026-08-23,2026-08-29,2026,35,NewJeans,2nd EP `Get Up`,2087.0
2026-08-23,2026-08-29,2026,35,NewJeans,How Sweet,801.0
2026-08-23,2026-08-29,2026,35,NewJeans,Supernatural,2476.0
2026-08-23,2026-08-29,2026,35,NewJeans,`OMG`,1068.0
2026-08-23,2026-08-29,2026,35,TUIDE (튜이드),The 1st EP [TUNE & PLAY],120454.0
2026-08-23,2026-08-29,2026,35,TUIDE (튜이드),The 1st EP [TUNE & PLAY] (Weverse),11397.0
2026-08-23,2026-08-29,2026,35,방탄소년단,2 Cool 4 Skool,5933.0
2026-08-23,2026-08-29,2026,35,방탄소년단,ARIRANG,1507.0
2026-08-23,2026-08-29,2026,35,방탄소년단,ARIRANG (Weverse),1629.0
2026-08-23,2026-08-29,2026,35,방탄소년단,LOVE YOURSELF 結 `Answer`,1012.0
2026-08-23,2026-08-29,2026,35,방탄소년단,LOVE YOURSELF 轉 `Tear`,10516.0
2026-08-23,2026-08-29,2026,35,방탄소년단,MAP OF THE SOUL : 7,4949.0
2026-08-23,2026-08-29,2026,35,방탄소년단,MAP OF THE SOUL : PERSONA,1289.0
2026-08-23,2026-08-29,2026,35,방탄소년단,Proof,729.0
2026-08-23,2026-08-29,2026,35,방탄소년단,Skool Luv Affair,703.0
2026-08-23,2026-08-29,2026,35,방탄소년단,WINGS,890.0
2026-08-23,2026-08-29,2026,35,방탄소년단,YOU NEVER WALK ALONE,997.0
2026-08-23,2026-08-29,2026,35,방탄소년단,화양연화 Young Forever,1371.0
2026-08-23,2026-08-29,2026,35,방탄소년단,화양연화 pt.1,920.0
2026-08-23,2026-08-29,2026,35,방탄소년단,화양연화 pt.2,1518.0
2026-08-23,2026-08-29,2026,35,연준,NO LABELS (LP),19618.0
2026-08-23,2026-08-29,2026,35,연준,NO LABELS: PART 02,1628.0
2026-08-23,2026-08-29,2026,35,연준,NO LABELS: PART 02 (SMC),1589.0
2026-08-23,2026-08-29,2026,35,정국,GOLDEN,1764.0
2026-08-30,2026-09-05,2026,36,BABYMONSTER,DRIP,1143.0
2026-08-30,2026-09-05,2026,36,BABYMONSTER,WE GO UP,3948.0
2026-08-30,2026-09-05,2026,36,BABYMONSTER,춤 (CHOOM),3410.0
2026-08-30,2026-09-05,2026,36,BLACKPINK,KILL THIS LOVE,1041.0
2026-08-30,2026-09-05,2026,36,BLACKPINK,THE ALBUM,1489.0
2026-08-30,2026-09-05,2026,36,CORTIS (코르티스),GREENGREEN,111870.0
2026-08-30,2026-09-05,2026,36,KATSEYE,SIS (Soft Is Strong),1020.0
2026-08-30,2026-09-05,2026,36,KATSEYE,WILD,3841.0
2026-08-30,2026-09-05,2026,36,LE SSERAFIM (르세라핌),SPAGHETTI,939.0
2026-08-30,2026-09-05,2026,36,MEOVV (미야오),BITE NOW,3920.0
2026-08-30,2026-09-05,2026,36,NewJeans,1st EP `New Jeans`,2188.0
2026-08-30,2026-09-05,2026,36,NewJeans,2nd EP `Get Up`,937.0
2026-08-30,2026-09-05,2026,36,NewJeans,How Sweet,1208.0
2026-08-30,2026-09-05,2026,36,NewJeans,Supernatural,5233.0
2026-08-30,2026-09-05,2026,36,NewJeans,`OMG`,1490.0
2026-08-30,2026-09-05,2026,36,TREASURE (트레저),3rd MINI ALBUM [LOVE PULSE],22000.0
2026-08-30,2026-09-05,2026,36,TREASURE (트레저),4th MINI ALBUM [NEW WAV],6375.0
2026-08-30,2026-09-05,2026,36,TREASURE (트레저),SPECIAL MINI ALBUM [PLEASURE],18003.0
2026-08-30,2026-09-05,2026,36,TUIDE (튜이드),The 1st EP [TUNE & PLAY],9674.0
2026-08-30,2026-09-05,2026,36,TUIDE (튜이드),The 1st EP [TUNE & PLAY] (Weverse),9832.0
2026-08-30,2026-09-05,2026,36,방탄소년단,2 Cool 4 Skool,1952.0
2026-08-30,2026-09-05,2026,36,방탄소년단,ARIRANG,1454.0
2026-08-30,2026-09-05,2026,36,방탄소년단,ARIRANG (613 Limited Edition) (LP),3970.0
2026-08-30,2026-09-05,2026,36,방탄소년단,DARK&WILD,929.0
2026-08-30,2026-09-05,2026,36,방탄소년단,LOVE YOURSELF 轉 `Tear`,2052.0
2026-08-30,2026-09-05,2026,36,방탄소년단,MAP OF THE SOUL : 7,2838.0
2026-08-30,2026-09-05,2026,36,방탄소년단,MAP OF THE SOUL : PERSONA,1071.0
2026-08-30,2026-09-05,2026,36,방탄소년단,YOU NEVER WALK ALONE,844.0
2026-08-30,2026-09-05,2026,36,방탄소년단,화양연화 Young Forever,940.0
2026-08-30,2026-09-05,2026,36,방탄소년단,화양연화 pt.2,1802.0
2026-08-30,2026-09-05,2026,36,연준,NO LABELS: PART 02,5136.0
2026-08-30,2026-09-05,2026,36,정국,GOLDEN,1449.0
2026-08-30,2026-09-05,2026,36,지수 (JISOO),CLICK,40131.0
2026-08-30,2026-09-05,2026,36,지수 (JISOO),CLICK (BLISSOO),8550.0
2026-08-30,2026-09-05,2026,36,태민 (TAEMIN),PHASE I : Soft Violence,53346.0
2026-08-30,2026-09-05,2026,36,태민 (TAEMIN),PHASE I : Soft Violence (Nemo),17726.0
2026-08-30,2026-09-05,2026,36,투모로우바이투게더,7TH YEAR: 가시덤불에 잠시 바람이 멈췄을 때,3164.0
2026-09-06,2026-09-12,2026,37,&TEAM,Mark on Me,1295214.0
2026-09-06,2026-09-12,2026,37,8TURN,[8.X],3005.0
2026-09-06,2026-09-12,2026,37,Agust D,D-DAY,971.0
2026-09-06,2026-09-12,2026,37,BABYMONSTER,춤 (CHOOM),720.0
2026-09-06,2026-09-12,2026,37,BLACKPINK,BORN PINK,748.0
2026-09-06,2026-09-12,2026,37,BOYNEXTDOOR,HOME,714.0
2026-09-06,2026-09-12,2026,37,CORTIS (코르티스),GREENGREEN,6726.0
2026-09-06,2026-09-12,2026,37,CORTIS (코르티스),GREENGREEN (Weverse),149620.0
2026-09-06,2026-09-12,2026,37,CORTIS (코르티스),GREENGREEN_playextended,1000.0
2026-09-06,2026-09-12,2026,37,JUNHEE,LOVE METHOD,1466.0
2026-09-06,2026-09-12,2026,37,KATSEYE,SIS (Soft Is Strong),6261.0
2026-09-06,2026-09-12,2026,37,KATSEYE,WILD,2778.0
2026-09-06,2026-09-12,2026,37,LE SSERAFIM (르세라핌),Made My Night,221311.0
2026-09-06,2026-09-12,2026,37,NewJeans,1st EP `New Jeans`,1511.0
2026-09-06,2026-09-12,2026,37,NewJeans,2nd EP `Get Up`,898.0
2026-09-06,2026-09-12,2026,37,NewJeans,Supernatural,1156.0
2026-09-06,2026-09-12,2026,37,TUIDE (튜이드),The 1st EP [TUNE & PLAY],4667.0
2026-09-06,2026-09-12,2026,37,TUIDE (튜이드),The 1st EP [TUNE & PLAY] (Weverse),1360.0
2026-09-06,2026-09-12,2026,37,TWS (투어스),5th Mini Album `NO TRAGEDY`,1669.0
2026-09-06,2026-09-12,2026,37,김심야,Dogma (SD),3346.0
2026-09-06,2026-09-12,2026,37,방탄소년단,2 Cool 4 Skool,804.0
2026-09-06,2026-09-12,2026,37,방탄소년단,ARIRANG,1840.0
2026-09-06,2026-09-12,2026,37,방탄소년단,Butter,791.0
2026-09-06,2026-09-12,2026,37,방탄소년단,LOVE YOURSELF 結 `Answer`,1335.0
2026-09-06,2026-09-12,2026,37,방탄소년단,LOVE YOURSELF 轉 `Tear`,1500.0
2026-09-06,2026-09-12,2026,37,방탄소년단,MAP OF THE SOUL : 7,715.0
2026-09-06,2026-09-12,2026,37,방탄소년단,MAP OF THE SOUL : PERSONA,1053.0
2026-09-06,2026-09-12,2026,37,방탄소년단,"O!RUL8,2?",706.0
2026-09-06,2026-09-12,2026,37,방탄소년단,Proof,684.0
2026-09-06,2026-09-12,2026,37,방탄소년단,Skool Luv Affair,872.0
2026-09-06,2026-09-12,2026,37,방탄소년단,YOU NEVER WALK ALONE,707.0
2026-09-06,2026-09-12,2026,37,방탄소년단,화양연화 Young Forever,777.0
2026-09-06,2026-09-12,2026,37,방탄소년단,화양연화 pt.1,1214.0
2026-09-06,2026-09-12,2026,37,방탄소년단,화양연화 pt.2,1693.0
2026-09-06,2026-09-12,2026,37,정국,GOLDEN,1966.0
2026-09-06,2026-09-12,2026,37,지민,MUSE,944.0
2026-09-06,2026-09-12,2026,37,지수 (JISOO),CLICK,9804.0
2026-09-06,2026-09-12,2026,37,태민 (TAEMIN),PHASE I : Soft Violence,11181.0
2026-09-06,2026-09-12,2026,37,태민 (TAEMIN),PHASE I : Soft Violence (Nemo),1196.0
