date,day,rank,title,chain,shows,chain_shows,show_share,screens,chain_screens,screen_share
2024-08-07,0,1,파일럿,CGV,3332,8408,0.396,722,3203,0.225
2024-08-07,0,1,파일럿,롯데시네마,2317,5424,0.427,504,1925,0.262
2024-08-07,0,1,파일럿,메가박스,1636,4708,0.347,355,1700,0.209
2024-08-07,0,1,파일럿,씨네Q,108,277,0.39,32,116,0.276
2024-08-07,0,1,파일럿,기타,269,943,0.285,123,606,0.203
2024-08-07,0,1,파일럿,전체,7662,19760,0.388,1736,7550,0.23
2024-08-07,0,2,사랑의 하츄핑,CGV,1114,8408,0.132,486,3203,0.152
2024-08-07,0,2,사랑의 하츄핑,롯데시네마,903,5424,0.166,319,1925,0.166
2024-08-07,0,2,사랑의 하츄핑,메가박스,523,4708,0.111,186,1700,0.109
2024-08-07,0,2,사랑의 하츄핑,씨네Q,40,277,0.144,16,116,0.138
2024-08-07,0,2,사랑의 하츄핑,기타,91,943,0.097,58,606,0.096
2024-08-07,0,2,사랑의 하츄핑,전체,2671,19760,0.135,1065,7550,0.141
2024-08-07,0,3,리볼버,CGV,877,8408,0.104,325,3203,0.101
2024-08-07,0,3,리볼버,롯데시네마,743,5424,0.137,252,1925,0.131
2024-08-07,0,3,리볼버,메가박스,778,4708,0.165,179,1700,0.105
2024-08-07,0,3,리볼버,씨네Q,35,277,0.126,13,116,0.112
2024-08-07,0,3,리볼버,기타,187,943,0.198,92,606,0.152
2024-08-07,0,3,리볼버,전체,2620,19760,0.133,861,7550,0.114
2024-08-07,0,4,데드풀과 울버린,CGV,719,8408,0.086,293,3203,0.091
2024-08-07,0,4,데드풀과 울버린,롯데시네마,464,5424,0.086,216,1925,0.112
2024-08-07,0,4,데드풀과 울버린,메가박스,469,4708,0.1,186,1700,0.109
2024-08-07,0,4,데드풀과 울버린,씨네Q,26,277,0.094,12,116,0.103
2024-08-07,0,4,데드풀과 울버린,기타,75,943,0.08,58,606,0.096
2024-08-07,0,4,데드풀과 울버린,전체,1753,19760,0.089,765,7550,0.101
2024-08-07,0,5,슈퍼배드 4,CGV,690,8408,0.082,293,3203,0.091
2024-08-07,0,5,슈퍼배드 4,롯데시네마,424,5424,0.078,195,1925,0.101
2024-08-07,0,5,슈퍼배드 4,메가박스,459,4708,0.097,197,1700,0.116
2024-08-07,0,5,슈퍼배드 4,씨네Q,28,277,0.101,13,116,0.112
2024-08-07,0,5,슈퍼배드 4,기타,67,943,0.071,53,606,0.087
2024-08-07,0,5,슈퍼배드 4,전체,1668,19760,0.084,751,7550,0.099
2024-08-08,1,1,파일럿,CGV,3358,8361,0.402,723,3207,0.225
2024-08-08,1,1,파일럿,롯데시네마,2248,5337,0.421,506,1965,0.258
2024-08-08,1,1,파일럿,메가박스,1625,4586,0.354,363,1730,0.21
2024-08-08,1,1,파일럿,씨네Q,108,278,0.388,30,113,0.265
2024-08-08,1,1,파일럿,기타,267,949,0.281,124,630,0.197
2024-08-08,1,1,파일럿,전체,7606,19511,0.39,1746,7645,0.228
2024-08-08,1,2,사랑의 하츄핑,CGV,1111,8361,0.133,451,3207,0.141
2024-08-08,1,2,사랑의 하츄핑,롯데시네마,868,5337,0.163,320,1965,0.163
2024-08-08,1,2,사랑의 하츄핑,메가박스,503,4586,0.11,187,1730,0.108
2024-08-08,1,2,사랑의 하츄핑,씨네Q,38,278,0.137,14,113,0.124
2024-08-08,1,2,사랑의 하츄핑,기타,82,949,0.086,54,630,0.086
2024-08-08,1,2,사랑의 하츄핑,전체,2602,19511,0.133,1026,7645,0.134
2024-08-08,1,3,리볼버,CGV,837,8361,0.1,323,3207,0.101
2024-08-08,1,3,리볼버,롯데시네마,717,5337,0.134,244,1965,0.124
2024-08-08,1,3,리볼버,메가박스,714,4586,0.156,182,1730,0.105
2024-08-08,1,3,리볼버,씨네Q,37,278,0.133,12,113,0.106
2024-08-08,1,3,리볼버,기타,181,949,0.191,97,630,0.154
2024-08-08,1,3,리볼버,전체,2486,19511,0.127,858,7645,0.112
2024-08-08,1,4,데드풀과 울버린,CGV,721,8361,0.086,296,3207,0.092
2024-08-08,1,4,데드풀과 울버린,롯데시네마,451,5337,0.085,213,1965,0.108
2024-08-08,1,4,데드풀과 울버린,메가박스,464,4586,0.101,190,1730,0.11
2024-08-08,1,4,데드풀과 울버린,씨네Q,26,278,0.094,14,113,0.124
2024-08-08,1,4,데드풀과 울버린,기타,71,949,0.075,57,630,0.09
2024-08-08,1,4,데드풀과 울버린,전체,1733,19511,0.089,770,7645,0.101
2024-08-08,1,5,슈퍼배드 4,CGV,679,8361,0.081,296,3207,0.092
2024-08-08,1,5,슈퍼배드 4,롯데시네마,420,5337,0.079,190,1965,0.097
2024-08-08,1,5,슈퍼배드 4,메가박스,448,4586,0.098,202,1730,0.117
2024-08-08,1,5,슈퍼배드 4,씨네Q,26,278,0.094,10,113,0.088
2024-08-08,1,5,슈퍼배드 4,기타,75,949,0.079,60,630,0.095
2024-08-08,1,5,슈퍼배드 4,전체,1648,19511,0.084,758,7645,0.099
2024-08-09,2,1,파일럿,CGV,3507,8568,0.409,745,3252,0.229
2024-08-09,2,1,파일럿,롯데시네마,2396,5531,0.433,517,1976,0.262
2024-08-09,2,1,파일럿,메가박스,1724,4681,0.368,376,1731,0.217
2024-08-09,2,1,파일럿,씨네Q,123,296,0.416,29,108,0.269
2024-08-09,2,1,파일럿,기타,287,973,0.295,128,628,0.204
2024-08-09,2,1,파일럿,전체,8037,20049,0.401,1795,7695,0.233
2024-08-09,2,2,사랑의 하츄핑,CGV,1266,8568,0.148,472,3252,0.145
2024-08-09,2,2,사랑의 하츄핑,롯데시네마,846,5531,0.153,298,1976,0.151
2024-08-09,2,2,사랑의 하츄핑,메가박스,514,4681,0.11,202,1731,0.117
2024-08-09,2,2,사랑의 하츄핑,씨네Q,41,296,0.139,17,108,0.157
2024-08-09,2,2,사랑의 하츄핑,기타,82,973,0.084,53,628,0.084
2024-08-09,2,2,사랑의 하츄핑,전체,2749,20049,0.137,1042,7695,0.135
2024-08-09,2,3,리볼버,CGV,815,8568,0.095,326,3252,0.1
2024-08-09,2,3,리볼버,롯데시네마,733,5531,0.133,248,1976,0.126
2024-08-09,2,3,리볼버,메가박스,683,4681,0.146,175,1731,0.101
2024-08-09,2,3,리볼버,씨네Q,36,296,0.122,12,108,0.111
2024-08-09,2,3,리볼버,기타,184,973,0.189,95,628,0.151
2024-08-09,2,3,리볼버,전체,2451,20049,0.122,856,7695,0.111
2024-08-09,2,4,데드풀과 울버린,CGV,706,8568,0.082,304,3252,0.093
2024-08-09,2,4,데드풀과 울버린,롯데시네마,478,5531,0.086,212,1976,0.107
2024-08-09,2,4,데드풀과 울버린,메가박스,475,4681,0.101,185,1731,0.107
2024-08-09,2,4,데드풀과 울버린,씨네Q,29,296,0.098,9,108,0.083
2024-08-09,2,4,데드풀과 울버린,기타,76,973,0.078,59,628,0.094
2024-08-09,2,4,데드풀과 울버린,전체,1764,20049,0.088,769,7695,0.1
2024-08-09,2,5,슈퍼배드 4,CGV,644,8568,0.075,294,3252,0.09
2024-08-09,2,5,슈퍼배드 4,롯데시네마,429,5531,0.078,199,1976,0.101
2024-08-09,2,5,슈퍼배드 4,메가박스,436,4681,0.093,201,1731,0.116
2024-08-09,2,5,슈퍼배드 4,씨네Q,27,296,0.091,12,108,0.111
2024-08-09,2,5,슈퍼배드 4,기타,81,973,0.083,61,628,0.097
2024-08-09,2,5,슈퍼배드 4,전체,1617,20049,0.081,767,7695,0.1
2024-08-10,3,1,파일럿,CGV,3633,9020,0.403,772,3454,0.224
2024-08-10,3,1,파일럿,롯데시네마,2615,6134,0.426,519,2112,0.246
2024-08-10,3,1,파일럿,메가박스,1913,5058,0.378,418,1830,0.228
2024-08-10,3,1,파일럿,씨네Q,138,335,0.412,28,121,0.231
2024-08-10,3,1,파일럿,기타,312,1075,0.29,128,669,0.191
2024-08-10,3,1,파일럿,전체,8611,21622,0.398,1865,8186,0.228
2024-08-10,3,2,사랑의 하츄핑,CGV,1599,9020,0.177,511,3454,0.148
2024-08-10,3,2,사랑의 하츄핑,롯데시네마,1129,6134,0.184,322,2112,0.152
2024-08-10,3,2,사랑의 하츄핑,메가박스,728,5058,0.144,242,1830,0.132
2024-08-10,3,2,사랑의 하츄핑,씨네Q,55,335,0.164,17,121,0.14
2024-08-10,3,2,사랑의 하츄핑,기타,106,1075,0.099,61,669,0.091
2024-08-10,3,2,사랑의 하츄핑,전체,3617,21622,0.167,1153,8186,0.141
2024-08-10,3,3,리볼버,CGV,714,9020,0.079,327,3454,0.095
2024-08-10,3,3,리볼버,롯데시네마,620,6134,0.101,233,2112,0.11
2024-08-10,3,3,리볼버,메가박스,644,5058,0.127,182,1830,0.099
2024-08-10,3,3,리볼버,씨네Q,37,335,0.11,16,121,0.132
2024-08-10,3,3,리볼버,기타,193,1075,0.18,97,669,0.145
2024-08-10,3,3,리볼버,전체,2208,21622,0.102,855,8186,0.104
2024-08-10,3,4,데드풀과 울버린,CGV,677,9020,0.075,305,3454,0.088
2024-08-10,3,4,데드풀과 울버린,롯데시네마,476,6134,0.078,220,2112,0.104
2024-08-10,3,4,데드풀과 울버린,메가박스,457,5058,0.09,187,1830,0.102
2024-08-10,3,4,데드풀과 울버린,씨네Q,26,335,0.078,12,121,0.099
2024-08-10,3,4,데드풀과 울버린,기타,79,1075,0.073,63,669,0.094
2024-08-10,3,4,데드풀과 울버린,전체,1715,21622,0.079,787,8186,0.096
2024-08-10,3,5,슈퍼배드 4,CGV,601,9020,0.067,294,3454,0.085
2024-08-10,3,5,슈퍼배드 4,롯데시네마,429,6134,0.07,205,2112,0.097
2024-08-10,3,5,슈퍼배드 4,메가박스,446,5058,0.088,194,1830,0.106
2024-08-10,3,5,슈퍼배드 4,씨네Q,31,335,0.093,12,121,0.099
2024-08-10,3,5,슈퍼배드 4,기타,109,1075,0.101,80,669,0.12
2024-08-10,3,5,슈퍼배드 4,전체,1616,21622,0.075,785,8186,0.096
2024-08-11,4,1,파일럿,CGV,3472,8661,0.401,764,3387,0.226
2024-08-11,4,1,파일럿,롯데시네마,2372,5658,0.419,512,2071,0.247
2024-08-11,4,1,파일럿,메가박스,1860,4907,0.379,413,1786,0.231
2024-08-11,4,1,파일럿,씨네Q,130,310,0.419,28,113,0.248
2024-08-11,4,1,파일럿,기타,303,1051,0.288,125,663,0.189
2024-08-11,4,1,파일럿,전체,8137,20587,0.395,1842,8020,0.23
2024-08-11,4,2,사랑의 하츄핑,CGV,1613,8661,0.186,514,3387,0.152
2024-08-11,4,2,사랑의 하츄핑,롯데시네마,1097,5658,0.194,326,2071,0.157
2024-08-11,4,2,사랑의 하츄핑,메가박스,715,4907,0.146,238,1786,0.133
2024-08-11,4,2,사랑의 하츄핑,씨네Q,54,310,0.174,18,113,0.159
2024-08-11,4,2,사랑의 하츄핑,기타,107,1051,0.102,63,663,0.095
2024-08-11,4,2,사랑의 하츄핑,전체,3586,20587,0.174,1159,8020,0.145
2024-08-11,4,3,리볼버,CGV,643,8661,0.074,310,3387,0.092
2024-08-11,4,3,리볼버,롯데시네마,563,5658,0.1,226,2071,0.109
2024-08-11,4,3,리볼버,메가박스,596,4907,0.121,179,1786,0.1
2024-08-11,4,3,리볼버,씨네Q,31,310,0.1,15,113,0.133
2024-08-11,4,3,리볼버,기타,181,1051,0.172,94,663,0.142
2024-08-11,4,3,리볼버,전체,2014,20587,0.098,824,8020,0.103
2024-08-11,4,4,데드풀과 울버린,CGV,635,8661,0.073,299,3387,0.088
2024-08-11,4,4,데드풀과 울버린,롯데시네마,427,5658,0.075,213,2071,0.103
2024-08-11,4,4,데드풀과 울버린,메가박스,441,4907,0.09,184,1786,0.103
2024-08-11,4,4,데드풀과 울버린,씨네Q,21,310,0.068,8,113,0.071
2024-08-11,4,4,데드풀과 울버린,기타,83,1051,0.079,63,663,0.095
2024-08-11,4,4,데드풀과 울버린,전체,1607,20587,0.078,767,8020,0.096
2024-08-11,4,5,슈퍼배드 4,CGV,582,8661,0.067,295,3387,0.087
2024-08-11,4,5,슈퍼배드 4,롯데시네마,405,5658,0.072,204,2071,0.099
2024-08-11,4,5,슈퍼배드 4,메가박스,441,4907,0.09,187,1786,0.105
2024-08-11,4,5,슈퍼배드 4,씨네Q,29,310,0.094,11,113,0.097
2024-08-11,4,5,슈퍼배드 4,기타,106,1051,0.101,78,663,0.118
2024-08-11,4,5,슈퍼배드 4,전체,1563,20587,0.076,775,8020,0.097
2024-08-12,5,1,파일럿,CGV,3308,7846,0.422,718,3045,0.236
2024-08-12,5,1,파일럿,롯데시네마,2235,5094,0.439,485,1827,0.265
2024-08-12,5,1,파일럿,메가박스,1661,4372,0.38,368,1670,0.22
2024-08-12,5,1,파일럿,씨네Q,87,202,0.431,21,78,0.269
2024-08-12,5,1,파일럿,기타,185,618,0.299,75,403,0.186
2024-08-12,5,1,파일럿,전체,7476,18132,0.412,1667,7023,0.237
2024-08-12,5,2,사랑의 하츄핑,CGV,1147,7846,0.146,400,3045,0.131
2024-08-12,5,2,사랑의 하츄핑,롯데시네마,722,5094,0.142,251,1827,0.137
2024-08-12,5,2,사랑의 하츄핑,메가박스,438,4372,0.1,173,1670,0.104
2024-08-12,5,2,사랑의 하츄핑,씨네Q,25,202,0.124,10,78,0.128
2024-08-12,5,2,사랑의 하츄핑,기타,62,618,0.1,39,403,0.097
2024-08-12,5,2,사랑의 하츄핑,전체,2394,18132,0.132,873,7023,0.124
2024-08-12,5,3,리볼버,CGV,679,7846,0.087,305,3045,0.1
2024-08-12,5,3,리볼버,롯데시네마,564,5094,0.111,209,1827,0.114
2024-08-12,5,3,리볼버,메가박스,593,4372,0.136,179,1670,0.107
2024-08-12,5,3,리볼버,씨네Q,23,202,0.114,8,78,0.103
2024-08-12,5,3,리볼버,기타,94,618,0.152,49,403,0.122
2024-08-12,5,3,리볼버,전체,1953,18132,0.108,750,7023,0.107
2024-08-12,5,4,데드풀과 울버린,CGV,597,7846,0.076,286,3045,0.094
2024-08-12,5,4,데드풀과 울버린,롯데시네마,439,5094,0.086,202,1827,0.111
2024-08-12,5,4,데드풀과 울버린,메가박스,429,4372,0.098,185,1670,0.111
2024-08-12,5,4,데드풀과 울버린,씨네Q,15,202,0.074,6,78,0.077
2024-08-12,5,4,데드풀과 울버린,기타,38,618,0.061,30,403,0.074
2024-08-12,5,4,데드풀과 울버린,전체,1518,18132,0.084,709,7023,0.101
2024-08-12,5,5,슈퍼배드 4,CGV,584,7846,0.074,290,3045,0.095
2024-08-12,5,5,슈퍼배드 4,롯데시네마,432,5094,0.085,194,1827,0.106
2024-08-12,5,5,슈퍼배드 4,메가박스,419,4372,0.096,182,1670,0.109
2024-08-12,5,5,슈퍼배드 4,씨네Q,17,202,0.084,7,78,0.09
2024-08-12,5,5,슈퍼배드 4,기타,39,618,0.063,35,403,0.087
2024-08-12,5,5,슈퍼배드 4,전체,1491,18132,0.082,708,7023,0.101
2024-08-13,6,1,파일럿,CGV,3292,7877,0.418,725,3121,0.232
2024-08-13,6,1,파일럿,롯데시네마,2179,5065,0.43,481,1887,0.255
2024-08-13,6,1,파일럿,메가박스,1659,4341,0.382,361,1651,0.219
2024-08-13,6,1,파일럿,씨네Q,88,211,0.417,23,87,0.264
2024-08-13,6,1,파일럿,기타,214,766,0.279,92,515,0.179
2024-08-13,6,1,파일럿,전체,7432,18260,0.407,1682,7261,0.232
2024-08-13,6,2,사랑의 하츄핑,CGV,1061,7877,0.135,386,3121,0.124
2024-08-13,6,2,사랑의 하츄핑,롯데시네마,645,5065,0.127,241,1887,0.128
2024-08-13,6,2,사랑의 하츄핑,메가박스,400,4341,0.092,169,1651,0.102
2024-08-13,6,2,사랑의 하츄핑,씨네Q,26,211,0.123,12,87,0.138
2024-08-13,6,2,사랑의 하츄핑,기타,64,766,0.084,45,515,0.087
2024-08-13,6,2,사랑의 하츄핑,전체,2196,18260,0.12,853,7261,0.117
2024-08-13,6,3,리볼버,CGV,705,7877,0.09,308,3121,0.099
2024-08-13,6,3,리볼버,롯데시네마,538,5065,0.106,212,1887,0.112
2024-08-13,6,3,리볼버,메가박스,583,4341,0.134,169,1651,0.102
2024-08-13,6,3,리볼버,씨네Q,25,211,0.118,9,87,0.103
2024-08-13,6,3,리볼버,기타,121,766,0.158,64,515,0.124
2024-08-13,6,3,리볼버,전체,1972,18260,0.108,762,7261,0.105
2024-08-13,6,4,데드풀과 울버린,CGV,612,7877,0.078,296,3121,0.095
2024-08-13,6,4,데드풀과 울버린,롯데시네마,474,5065,0.094,223,1887,0.118
2024-08-13,6,4,데드풀과 울버린,메가박스,436,4341,0.1,184,1651,0.111
2024-08-13,6,4,데드풀과 울버린,씨네Q,21,211,0.1,8,87,0.092
2024-08-13,6,4,데드풀과 울버린,기타,55,766,0.072,44,515,0.085
2024-08-13,6,4,데드풀과 울버린,전체,1598,18260,0.088,755,7261,0.104
2024-08-13,6,5,슈퍼배드 4,CGV,602,7877,0.076,301,3121,0.096
2024-08-13,6,5,슈퍼배드 4,롯데시네마,473,5065,0.093,218,1887,0.116
2024-08-13,6,5,슈퍼배드 4,메가박스,408,4341,0.094,183,1651,0.111
2024-08-13,6,5,슈퍼배드 4,씨네Q,14,211,0.066,7,87,0.08
2024-08-13,6,5,슈퍼배드 4,기타,52,766,0.068,43,515,0.083
2024-08-13,6,5,슈퍼배드 4,전체,1549,18260,0.085,752,7261,0.104
2024-08-14,7,1,행복의 나라,CGV,1796,8310,0.216,402,3079,0.131
2024-08-14,7,1,행복의 나라,롯데시네마,1352,5621,0.241,320,2010,0.159
2024-08-14,7,1,행복의 나라,메가박스,1048,4571,0.229,251,1719,0.146
2024-08-14,7,1,행복의 나라,씨네Q,62,275,0.225,18,111,0.162
2024-08-14,7,1,행복의 나라,기타,205,946,0.217,105,667,0.157
2024-08-14,7,1,행복의 나라,전체,4463,19723,0.226,1096,7586,0.144
2024-08-14,7,2,파일럿,CGV,1349,8310,0.162,333,3079,0.108
2024-08-14,7,2,파일럿,롯데시네마,1236,5621,0.22,333,2010,0.166
2024-08-14,7,2,파일럿,메가박스,752,4571,0.165,212,1719,0.123
2024-08-14,7,2,파일럿,씨네Q,64,275,0.233,20,111,0.18
2024-08-14,7,2,파일럿,기타,126,946,0.133,86,667,0.129
2024-08-14,7,2,파일럿,전체,3527,19723,0.179,984,7586,0.13
2024-08-14,7,3,에이리언: 로물루스,CGV,1274,8310,0.153,534,3079,0.173
2024-08-14,7,3,에이리언: 로물루스,롯데시네마,773,5621,0.138,301,2010,0.15
2024-08-14,7,3,에이리언: 로물루스,메가박스,682,4571,0.149,221,1719,0.129
2024-08-14,7,3,에이리언: 로물루스,씨네Q,31,275,0.113,14,111,0.126
2024-08-14,7,3,에이리언: 로물루스,기타,79,946,0.084,38,667,0.057
2024-08-14,7,3,에이리언: 로물루스,전체,2839,19723,0.144,1108,7586,0.146
2024-08-14,7,4,빅토리,CGV,1235,8310,0.149,292,3079,0.095
2024-08-14,7,4,빅토리,롯데시네마,725,5621,0.129,220,2010,0.109
2024-08-14,7,4,빅토리,메가박스,688,4571,0.151,184,1719,0.107
2024-08-14,7,4,빅토리,씨네Q,42,275,0.153,15,111,0.135
2024-08-14,7,4,빅토리,기타,96,946,0.101,65,667,0.097
2024-08-14,7,4,빅토리,전체,2786,19723,0.141,776,7586,0.102
2024-08-14,7,5,트위스터스,CGV,902,8310,0.109,395,3079,0.128
2024-08-14,7,5,트위스터스,롯데시네마,564,5621,0.1,183,2010,0.091
2024-08-14,7,5,트위스터스,메가박스,490,4571,0.107,182,1719,0.106
2024-08-14,7,5,트위스터스,씨네Q,26,275,0.095,11,111,0.099
2024-08-14,7,5,트위스터스,기타,44,946,0.047,27,667,0.04
2024-08-14,7,5,트위스터스,전체,2026,19723,0.103,798,7586,0.105
2024-08-15,8,1,행복의 나라,CGV,1631,8523,0.191,402,3433,0.117
2024-08-15,8,1,행복의 나라,롯데시네마,1297,6118,0.212,309,2296,0.135
2024-08-15,8,1,행복의 나라,메가박스,997,4838,0.206,252,1952,0.129
2024-08-15,8,1,행복의 나라,씨네Q,54,314,0.172,15,140,0.107
2024-08-15,8,1,행복의 나라,기타,225,1064,0.211,109,730,0.149
2024-08-15,8,1,행복의 나라,전체,4204,20857,0.202,1087,8551,0.127
2024-08-15,8,2,파일럿,CGV,1442,8523,0.169,403,3433,0.117
2024-08-15,8,2,파일럿,롯데시네마,1313,6118,0.215,346,2296,0.151
2024-08-15,8,2,파일럿,메가박스,832,4838,0.172,256,1952,0.131
2024-08-15,8,2,파일럿,씨네Q,75,314,0.239,26,140,0.186
2024-08-15,8,2,파일럿,기타,145,1064,0.136,94,730,0.129
2024-08-15,8,2,파일럿,전체,3807,20857,0.183,1125,8551,0.132
2024-08-15,8,3,에이리언: 로물루스,CGV,1277,8523,0.15,541,3433,0.158
2024-08-15,8,3,에이리언: 로물루스,롯데시네마,844,6118,0.138,318,2296,0.139
2024-08-15,8,3,에이리언: 로물루스,메가박스,730,4838,0.151,251,1952,0.129
2024-08-15,8,3,에이리언: 로물루스,씨네Q,40,314,0.127,17,140,0.121
2024-08-15,8,3,에이리언: 로물루스,기타,86,1064,0.081,48,730,0.066
2024-08-15,8,3,에이리언: 로물루스,전체,2977,20857,0.143,1175,8551,0.137
2024-08-15,8,4,빅토리,CGV,1058,8523,0.124,271,3433,0.079
2024-08-15,8,4,빅토리,롯데시네마,721,6118,0.118,232,2296,0.101
2024-08-15,8,4,빅토리,메가박스,652,4838,0.135,195,1952,0.1
2024-08-15,8,4,빅토리,씨네Q,40,314,0.127,15,140,0.107
2024-08-15,8,4,빅토리,기타,108,1064,0.102,76,730,0.104
2024-08-15,8,4,빅토리,전체,2579,20857,0.124,789,8551,0.092
2024-08-15,8,5,트위스터스,CGV,827,8523,0.097,382,3433,0.111
2024-08-15,8,5,트위스터스,롯데시네마,512,6118,0.084,180,2296,0.078
2024-08-15,8,5,트위스터스,메가박스,429,4838,0.089,179,1952,0.092
2024-08-15,8,5,트위스터스,씨네Q,26,314,0.083,13,140,0.093
2024-08-15,8,5,트위스터스,기타,48,1064,0.045,29,730,0.04
2024-08-15,8,5,트위스터스,전체,1842,20857,0.088,783,8551,0.092
2024-08-16,9,1,파일럿,CGV,1594,8391,0.19,435,3346,0.13
2024-08-16,9,1,파일럿,롯데시네마,1385,5898,0.235,366,2202,0.166
2024-08-16,9,1,파일럿,메가박스,859,4711,0.182,255,1912,0.133
2024-08-16,9,1,파일럿,씨네Q,67,282,0.238,22,124,0.177
2024-08-16,9,1,파일럿,기타,143,996,0.144,95,712,0.133
2024-08-16,9,1,파일럿,전체,4048,20278,0.2,1173,8296,0.141
2024-08-16,9,2,행복의 나라,CGV,1465,8391,0.175,356,3346,0.106
2024-08-16,9,2,행복의 나라,롯데시네마,1279,5898,0.217,305,2202,0.139
2024-08-16,9,2,행복의 나라,메가박스,907,4711,0.193,222,1912,0.116
2024-08-16,9,2,행복의 나라,씨네Q,52,282,0.184,14,124,0.113
2024-08-16,9,2,행복의 나라,기타,207,996,0.208,110,712,0.154
2024-08-16,9,2,행복의 나라,전체,3910,20278,0.193,1007,8296,0.121
2024-08-16,9,3,에이리언: 로물루스,CGV,1508,8391,0.18,583,3346,0.174
2024-08-16,9,3,에이리언: 로물루스,롯데시네마,919,5898,0.156,335,2202,0.152
2024-08-16,9,3,에이리언: 로물루스,메가박스,823,4711,0.175,283,1912,0.148
2024-08-16,9,3,에이리언: 로물루스,씨네Q,53,282,0.188,18,124,0.145
2024-08-16,9,3,에이리언: 로물루스,기타,80,996,0.08,43,712,0.06
2024-08-16,9,3,에이리언: 로물루스,전체,3383,20278,0.167,1262,8296,0.152
2024-08-16,9,4,빅토리,CGV,988,8391,0.118,267,3346,0.08
2024-08-16,9,4,빅토리,롯데시네마,676,5898,0.115,213,2202,0.097
2024-08-16,9,4,빅토리,메가박스,602,4711,0.128,185,1912,0.097
2024-08-16,9,4,빅토리,씨네Q,26,282,0.092,14,124,0.113
2024-08-16,9,4,빅토리,기타,103,996,0.103,73,712,0.103
2024-08-16,9,4,빅토리,전체,2395,20278,0.118,752,8296,0.091
2024-08-16,9,5,트위스터스,CGV,849,8391,0.101,385,3346,0.115
2024-08-16,9,5,트위스터스,롯데시네마,535,5898,0.091,189,2202,0.086
2024-08-16,9,5,트위스터스,메가박스,475,4711,0.101,190,1912,0.099
2024-08-16,9,5,트위스터스,씨네Q,26,282,0.092,13,124,0.105
2024-08-16,9,5,트위스터스,기타,46,996,0.046,29,712,0.041
2024-08-16,9,5,트위스터스,전체,1931,20278,0.095,806,8296,0.097
2024-08-17,10,1,파일럿,CGV,1793,8701,0.206,521,3658,0.142
2024-08-17,10,1,파일럿,롯데시네마,1514,6170,0.245,406,2422,0.168
2024-08-17,10,1,파일럿,메가박스,974,4918,0.198,293,2103,0.139
2024-08-17,10,1,파일럿,씨네Q,78,322,0.242,26,139,0.187
2024-08-17,10,1,파일럿,기타,156,1072,0.146,93,744,0.125
2024-08-17,10,1,파일럿,전체,4515,21183,0.213,1339,9066,0.148
2024-08-17,10,2,에이리언: 로물루스,CGV,1724,8701,0.198,642,3658,0.176
2024-08-17,10,2,에이리언: 로물루스,롯데시네마,1017,6170,0.165,376,2422,0.155
2024-08-17,10,2,에이리언: 로물루스,메가박스,968,4918,0.197,322,2103,0.153
2024-08-17,10,2,에이리언: 로물루스,씨네Q,60,322,0.186,22,139,0.158
2024-08-17,10,2,에이리언: 로물루스,기타,92,1072,0.086,48,744,0.065
2024-08-17,10,2,에이리언: 로물루스,전체,3861,21183,0.182,1410,9066,0.156
2024-08-17,10,3,행복의 나라,CGV,1265,8701,0.145,341,3658,0.093
2024-08-17,10,3,행복의 나라,롯데시네마,1141,6170,0.185,281,2422,0.116
2024-08-17,10,3,행복의 나라,메가박스,795,4918,0.162,230,2103,0.109
2024-08-17,10,3,행복의 나라,씨네Q,54,322,0.168,15,139,0.108
2024-08-17,10,3,행복의 나라,기타,221,1072,0.206,115,744,0.155
2024-08-17,10,3,행복의 나라,전체,3476,21183,0.164,982,9066,0.108
2024-08-17,10,4,빅토리,CGV,811,8701,0.093,248,3658,0.068
2024-08-17,10,4,빅토리,롯데시네마,495,6170,0.08,194,2422,0.08
2024-08-17,10,4,빅토리,메가박스,502,4918,0.102,185,2103,0.088
2024-08-17,10,4,빅토리,씨네Q,35,322,0.109,16,139,0.115
2024-08-17,10,4,빅토리,기타,112,1072,0.104,76,744,0.102
2024-08-17,10,4,빅토리,전체,1955,21183,0.092,719,9066,0.079
2024-08-17,10,5,트위스터스,CGV,845,8701,0.097,414,3658,0.113
2024-08-17,10,5,트위스터스,롯데시네마,517,6170,0.084,214,2422,0.088
2024-08-17,10,5,트위스터스,메가박스,447,4918,0.091,201,2103,0.096
2024-08-17,10,5,트위스터스,씨네Q,28,322,0.087,14,139,0.101
2024-08-17,10,5,트위스터스,기타,47,1072,0.044,31,744,0.042
2024-08-17,10,5,트위스터스,전체,1884,21183,0.089,874,9066,0.096
2024-08-18,11,1,파일럿,CGV,1732,8367,0.207,497,3573,0.139
2024-08-18,11,1,파일럿,롯데시네마,1435,5840,0.246,398,2407,0.165
2024-08-18,11,1,파일럿,메가박스,921,4738,0.194,302,2096,0.144
2024-08-18,11,1,파일럿,씨네Q,67,303,0.221,23,137,0.168
2024-08-18,11,1,파일럿,기타,152,1058,0.144,88,730,0.121
2024-08-18,11,1,파일럿,전체,4307,20306,0.212,1308,8943,0.146
2024-08-18,11,2,에이리언: 로물루스,CGV,1676,8367,0.2,639,3573,0.179
2024-08-18,11,2,에이리언: 로물루스,롯데시네마,1012,5840,0.173,396,2407,0.165
2024-08-18,11,2,에이리언: 로물루스,메가박스,972,4738,0.205,330,2096,0.157
2024-08-18,11,2,에이리언: 로물루스,씨네Q,58,303,0.191,22,137,0.161
2024-08-18,11,2,에이리언: 로물루스,기타,92,1058,0.087,49,730,0.067
2024-08-18,11,2,에이리언: 로물루스,전체,3810,20306,0.188,1436,8943,0.161
2024-08-18,11,3,행복의 나라,CGV,1203,8367,0.144,329,3573,0.092
2024-08-18,11,3,행복의 나라,롯데시네마,1033,5840,0.177,278,2407,0.115
2024-08-18,11,3,행복의 나라,메가박스,754,4738,0.159,225,2096,0.107
2024-08-18,11,3,행복의 나라,씨네Q,49,303,0.162,14,137,0.102
2024-08-18,11,3,행복의 나라,기타,213,1058,0.201,112,730,0.153
2024-08-18,11,3,행복의 나라,전체,3252,20306,0.16,958,8943,0.107
2024-08-18,11,4,빅토리,CGV,756,8367,0.09,245,3573,0.069
2024-08-18,11,4,빅토리,롯데시네마,447,5840,0.077,191,2407,0.079
2024-08-18,11,4,빅토리,메가박스,444,4738,0.094,175,2096,0.083
2024-08-18,11,4,빅토리,씨네Q,31,303,0.102,15,137,0.109
2024-08-18,11,4,빅토리,기타,112,1058,0.106,78,730,0.107
2024-08-18,11,4,빅토리,전체,1790,20306,0.088,704,8943,0.079
2024-08-18,11,5,트위스터스,CGV,789,8367,0.094,398,3573,0.111
2024-08-18,11,5,트위스터스,롯데시네마,477,5840,0.082,218,2407,0.091
2024-08-18,11,5,트위스터스,메가박스,433,4738,0.091,190,2096,0.091
2024-08-18,11,5,트위스터스,씨네Q,28,303,0.092,12,137,0.088
2024-08-18,11,5,트위스터스,기타,51,1058,0.048,31,730,0.042
2024-08-18,11,5,트위스터스,전체,1778,20306,0.088,849,8943,0.095
2024-08-19,12,1,파일럿,CGV,1583,7425,0.213,415,3015,0.138
2024-08-19,12,1,파일럿,롯데시네마,1244,4949,0.251,298,1898,0.157
2024-08-19,12,1,파일럿,메가박스,795,4068,0.195,242,1713,0.141
2024-08-19,12,1,파일럿,씨네Q,54,218,0.248,16,91,0.176
2024-08-19,12,1,파일럿,기타,81,603,0.134,54,425,0.127
2024-08-19,12,1,파일럿,전체,3757,17263,0.218,1025,7142,0.144
2024-08-19,12,2,에이리언: 로물루스,CGV,1573,7425,0.212,522,3015,0.173
2024-08-19,12,2,에이리언: 로물루스,롯데시네마,985,4949,0.199,321,1898,0.169
2024-08-19,12,2,에이리언: 로물루스,메가박스,881,4068,0.217,260,1713,0.152
2024-08-19,12,2,에이리언: 로물루스,씨네Q,50,218,0.229,18,91,0.198
2024-08-19,12,2,에이리언: 로물루스,기타,56,603,0.093,27,425,0.064
2024-08-19,12,2,에이리언: 로물루스,전체,3545,17263,0.205,1148,7142,0.161
2024-08-19,12,3,행복의 나라,CGV,1122,7425,0.151,316,3015,0.105
2024-08-19,12,3,행복의 나라,롯데시네마,937,4949,0.189,263,1898,0.139
2024-08-19,12,3,행복의 나라,메가박스,713,4068,0.175,197,1713,0.115
2024-08-19,12,3,행복의 나라,씨네Q,34,218,0.156,11,91,0.121
2024-08-19,12,3,행복의 나라,기타,118,603,0.196,64,425,0.151
2024-08-19,12,3,행복의 나라,전체,2924,17263,0.169,851,7142,0.119
2024-08-19,12,4,트위스터스,CGV,791,7425,0.107,356,3015,0.118
2024-08-19,12,4,트위스터스,롯데시네마,474,4949,0.096,203,1898,0.107
2024-08-19,12,4,트위스터스,메가박스,426,4068,0.105,188,1713,0.11
2024-08-19,12,4,트위스터스,씨네Q,22,218,0.101,9,91,0.099
2024-08-19,12,4,트위스터스,기타,33,603,0.055,19,425,0.045
2024-08-19,12,4,트위스터스,전체,1746,17263,0.101,775,7142,0.109
2024-08-19,12,5,빅토리,CGV,720,7425,0.097,252,3015,0.084
2024-08-19,12,5,빅토리,롯데시네마,487,4949,0.098,197,1898,0.104
2024-08-19,12,5,빅토리,메가박스,431,4068,0.106,166,1713,0.097
2024-08-19,12,5,빅토리,씨네Q,22,218,0.101,8,91,0.088
2024-08-19,12,5,빅토리,기타,66,603,0.109,46,425,0.108
2024-08-19,12,5,빅토리,전체,1726,17263,0.1,669,7142,0.094
2024-08-20,13,1,파일럿,CGV,1567,7398,0.212,421,3054,0.138
2024-08-20,13,1,파일럿,롯데시네마,1205,4818,0.25,306,1891,0.162
2024-08-20,13,1,파일럿,메가박스,771,4038,0.191,238,1698,0.14
2024-08-20,13,1,파일럿,씨네Q,54,212,0.255,14,93,0.151
2024-08-20,13,1,파일럿,기타,97,743,0.131,64,540,0.119
2024-08-20,13,1,파일럿,전체,3694,17209,0.215,1043,7276,0.143
2024-08-20,13,2,에이리언: 로물루스,CGV,1598,7398,0.216,539,3054,0.176
2024-08-20,13,2,에이리언: 로물루스,롯데시네마,992,4818,0.206,334,1891,0.177
2024-08-20,13,2,에이리언: 로물루스,메가박스,889,4038,0.22,264,1698,0.155
2024-08-20,13,2,에이리언: 로물루스,씨네Q,47,212,0.222,18,93,0.194
2024-08-20,13,2,에이리언: 로물루스,기타,65,743,0.087,36,540,0.067
2024-08-20,13,2,에이리언: 로물루스,전체,3591,17209,0.209,1191,7276,0.164
2024-08-20,13,3,행복의 나라,CGV,1095,7398,0.148,315,3054,0.103
2024-08-20,13,3,행복의 나라,롯데시네마,888,4818,0.184,264,1891,0.14
2024-08-20,13,3,행복의 나라,메가박스,689,4038,0.171,201,1698,0.118
2024-08-20,13,3,행복의 나라,씨네Q,37,212,0.175,13,93,0.14
2024-08-20,13,3,행복의 나라,기타,136,743,0.183,77,540,0.143
2024-08-20,13,3,행복의 나라,전체,2845,17209,0.165,870,7276,0.12
2024-08-20,13,4,빅토리,CGV,758,7398,0.102,252,3054,0.083
2024-08-20,13,4,빅토리,롯데시네마,480,4818,0.1,193,1891,0.102
2024-08-20,13,4,빅토리,메가박스,463,4038,0.115,159,1698,0.094
2024-08-20,13,4,빅토리,씨네Q,20,212,0.094,10,93,0.108
2024-08-20,13,4,빅토리,기타,73,743,0.098,54,540,0.1
2024-08-20,13,4,빅토리,전체,1794,17209,0.104,668,7276,0.092
2024-08-20,13,5,트위스터스,CGV,773,7398,0.104,365,3054,0.12
2024-08-20,13,5,트위스터스,롯데시네마,447,4818,0.093,196,1891,0.104
2024-08-20,13,5,트위스터스,메가박스,419,4038,0.104,182,1698,0.107
2024-08-20,13,5,트위스터스,씨네Q,19,212,0.09,9,93,0.097
2024-08-20,13,5,트위스터스,기타,38,743,0.051,25,540,0.046
2024-08-20,13,5,트위스터스,전체,1696,17209,0.099,777,7276,0.107
2024-08-21,14,1,에이리언: 로물루스,CGV,1529,7603,0.201,463,3310,0.14
2024-08-21,14,1,에이리언: 로물루스,롯데시네마,971,4901,0.198,305,2016,0.151
2024-08-21,14,1,에이리언: 로물루스,메가박스,922,4163,0.221,233,1778,0.131
2024-08-21,14,1,에이리언: 로물루스,씨네Q,59,243,0.243,17,100,0.17
2024-08-21,14,1,에이리언: 로물루스,기타,92,869,0.106,52,653,0.08
2024-08-21,14,1,에이리언: 로물루스,전체,3573,17779,0.201,1070,7857,0.136
2024-08-21,14,2,파일럿,CGV,1361,7603,0.179,391,3310,0.118
2024-08-21,14,2,파일럿,롯데시네마,1044,4901,0.213,270,2016,0.134
2024-08-21,14,2,파일럿,메가박스,721,4163,0.173,205,1778,0.115
2024-08-21,14,2,파일럿,씨네Q,49,243,0.202,15,100,0.15
2024-08-21,14,2,파일럿,기타,109,869,0.125,82,653,0.126
2024-08-21,14,2,파일럿,전체,3284,17779,0.185,963,7857,0.123
2024-08-21,14,3,행복의 나라,CGV,827,7603,0.109,270,3310,0.082
2024-08-21,14,3,행복의 나라,롯데시네마,622,4901,0.127,212,2016,0.105
2024-08-21,14,3,행복의 나라,메가박스,459,4163,0.11,169,1778,0.095
2024-08-21,14,3,행복의 나라,씨네Q,34,243,0.14,11,100,0.11
2024-08-21,14,3,행복의 나라,기타,146,869,0.168,95,653,0.145
2024-08-21,14,3,행복의 나라,전체,2088,17779,0.117,757,7857,0.096
2024-08-21,14,4,필사의 추격,CGV,568,7603,0.075,241,3310,0.073
2024-08-21,14,4,필사의 추격,롯데시네마,434,4901,0.089,155,2016,0.077
2024-08-21,14,4,필사의 추격,메가박스,428,4163,0.103,154,1778,0.087
2024-08-21,14,4,필사의 추격,씨네Q,23,243,0.095,10,100,0.1
2024-08-21,14,4,필사의 추격,기타,94,869,0.108,63,653,0.096
2024-08-21,14,4,필사의 추격,전체,1547,17779,0.087,623,7857,0.079
2024-08-21,14,5,늘봄가든,CGV,532,7603,0.07,234,3310,0.071
2024-08-21,14,5,늘봄가든,롯데시네마,513,4901,0.105,205,2016,0.102
2024-08-21,14,5,늘봄가든,메가박스,375,4163,0.09,164,1778,0.092
2024-08-21,14,5,늘봄가든,씨네Q,20,243,0.082,10,100,0.1
2024-08-21,14,5,늘봄가든,기타,36,869,0.041,24,653,0.037
2024-08-21,14,5,늘봄가든,전체,1476,17779,0.083,637,7857,0.081
2024-08-22,15,1,에이리언: 로물루스,CGV,1561,7460,0.209,452,3252,0.139
2024-08-22,15,1,에이리언: 로물루스,롯데시네마,950,4809,0.198,302,2003,0.151
2024-08-22,15,1,에이리언: 로물루스,메가박스,892,4039,0.221,238,1842,0.129
2024-08-22,15,1,에이리언: 로물루스,씨네Q,53,228,0.232,15,101,0.149
2024-08-22,15,1,에이리언: 로물루스,기타,93,894,0.104,54,675,0.08
2024-08-22,15,1,에이리언: 로물루스,전체,3549,17430,0.204,1061,7873,0.135
2024-08-22,15,2,파일럿,CGV,1316,7460,0.176,358,3252,0.11
2024-08-22,15,2,파일럿,롯데시네마,1013,4809,0.211,278,2003,0.139
2024-08-22,15,2,파일럿,메가박스,686,4039,0.17,204,1842,0.111
2024-08-22,15,2,파일럿,씨네Q,44,228,0.193,14,101,0.139
2024-08-22,15,2,파일럿,기타,100,894,0.112,76,675,0.113
2024-08-22,15,2,파일럿,전체,3159,17430,0.181,930,7873,0.118
2024-08-22,15,3,행복의 나라,CGV,837,7460,0.112,276,3252,0.085
2024-08-22,15,3,행복의 나라,롯데시네마,618,4809,0.129,212,2003,0.106
2024-08-22,15,3,행복의 나라,메가박스,419,4039,0.104,160,1842,0.087
2024-08-22,15,3,행복의 나라,씨네Q,29,228,0.127,10,101,0.099
2024-08-22,15,3,행복의 나라,기타,148,894,0.166,94,675,0.139
2024-08-22,15,3,행복의 나라,전체,2051,17430,0.118,752,7873,0.096
2024-08-22,15,4,늘봄가든,CGV,564,7460,0.076,261,3252,0.08
2024-08-22,15,4,늘봄가든,롯데시네마,510,4809,0.106,219,2003,0.109
2024-08-22,15,4,늘봄가든,메가박스,381,4039,0.094,189,1842,0.103
2024-08-22,15,4,늘봄가든,씨네Q,22,228,0.096,12,101,0.119
2024-08-22,15,4,늘봄가든,기타,38,894,0.043,28,675,0.041
2024-08-22,15,4,늘봄가든,전체,1515,17430,0.087,709,7873,0.09
2024-08-22,15,5,필사의 추격,CGV,544,7460,0.073,242,3252,0.074
2024-08-22,15,5,필사의 추격,롯데시네마,445,4809,0.093,169,2003,0.084
2024-08-22,15,5,필사의 추격,메가박스,349,4039,0.086,149,1842,0.081
2024-08-22,15,5,필사의 추격,씨네Q,22,228,0.096,10,101,0.099
2024-08-22,15,5,필사의 추격,기타,93,894,0.104,64,675,0.095
2024-08-22,15,5,필사의 추격,전체,1453,17430,0.083,634,7873,0.081
2024-08-23,16,1,에이리언: 로물루스,CGV,1683,7709,0.218,466,3387,0.138
2024-08-23,16,1,에이리언: 로물루스,롯데시네마,1037,5082,0.204,322,2028,0.159
2024-08-23,16,1,에이리언: 로물루스,메가박스,952,4236,0.225,247,1914,0.129
2024-08-23,16,1,에이리언: 로물루스,씨네Q,62,235,0.264,17,106,0.16
2024-08-23,16,1,에이리언: 로물루스,기타,96,926,0.104,53,697,0.076
2024-08-23,16,1,에이리언: 로물루스,전체,3830,18188,0.211,1105,8132,0.136
2024-08-23,16,2,파일럿,CGV,1302,7709,0.169,342,3387,0.101
2024-08-23,16,2,파일럿,롯데시네마,1110,5082,0.218,282,2028,0.139
2024-08-23,16,2,파일럿,메가박스,734,4236,0.173,211,1914,0.11
2024-08-23,16,2,파일럿,씨네Q,45,235,0.191,16,106,0.151
2024-08-23,16,2,파일럿,기타,122,926,0.132,88,697,0.126
2024-08-23,16,2,파일럿,전체,3313,18188,0.182,939,8132,0.115
2024-08-23,16,3,행복의 나라,CGV,782,7709,0.101,266,3387,0.079
2024-08-23,16,3,행복의 나라,롯데시네마,631,5082,0.124,207,2028,0.102
2024-08-23,16,3,행복의 나라,메가박스,445,4236,0.105,163,1914,0.085
2024-08-23,16,3,행복의 나라,씨네Q,29,235,0.123,10,106,0.094
2024-08-23,16,3,행복의 나라,기타,140,926,0.151,94,697,0.135
2024-08-23,16,3,행복의 나라,전체,2027,18188,0.111,740,8132,0.091
2024-08-23,16,4,늘봄가든,CGV,716,7709,0.093,349,3387,0.103
2024-08-23,16,4,늘봄가든,롯데시네마,538,5082,0.106,220,2028,0.108
2024-08-23,16,4,늘봄가든,메가박스,415,4236,0.098,202,1914,0.106
2024-08-23,16,4,늘봄가든,씨네Q,25,235,0.106,11,106,0.104
2024-08-23,16,4,늘봄가든,기타,40,926,0.043,27,697,0.039
2024-08-23,16,4,늘봄가든,전체,1734,18188,0.095,809,8132,0.099
2024-08-23,16,5,필사의 추격,CGV,499,7709,0.065,227,3387,0.067
2024-08-23,16,5,필사의 추격,롯데시네마,453,5082,0.089,154,2028,0.076
2024-08-23,16,5,필사의 추격,메가박스,330,4236,0.078,144,1914,0.075
2024-08-23,16,5,필사의 추격,씨네Q,18,235,0.077,9,106,0.085
2024-08-23,16,5,필사의 추격,기타,87,926,0.094,62,697,0.089
2024-08-23,16,5,필사의 추격,전체,1387,18188,0.076,596,8132,0.073
2024-08-24,17,1,에이리언: 로물루스,CGV,1856,8380,0.221,494,3726,0.133
2024-08-24,17,1,에이리언: 로물루스,롯데시네마,1420,5695,0.249,371,2246,0.165
2024-08-24,17,1,에이리언: 로물루스,메가박스,1071,4707,0.228,270,2155,0.125
2024-08-24,17,1,에이리언: 로물루스,씨네Q,72,292,0.247,19,127,0.15
2024-08-24,17,1,에이리언: 로물루스,기타,117,1049,0.112,63,751,0.084
2024-08-24,17,1,에이리언: 로물루스,전체,4536,20123,0.225,1217,9005,0.135
2024-08-24,17,2,파일럿,CGV,1317,8380,0.157,342,3726,0.092
2024-08-24,17,2,파일럿,롯데시네마,1176,5695,0.206,282,2246,0.126
2024-08-24,17,2,파일럿,메가박스,761,4707,0.162,210,2155,0.097
2024-08-24,17,2,파일럿,씨네Q,61,292,0.209,20,127,0.157
2024-08-24,17,2,파일럿,기타,146,1049,0.139,96,751,0.128
2024-08-24,17,2,파일럿,전체,3461,20123,0.172,950,9005,0.105
2024-08-24,17,3,행복의 나라,CGV,750,8380,0.089,294,3726,0.079
2024-08-24,17,3,행복의 나라,롯데시네마,551,5695,0.097,199,2246,0.089
2024-08-24,17,3,행복의 나라,메가박스,437,4707,0.093,167,2155,0.077
2024-08-24,17,3,행복의 나라,씨네Q,31,292,0.106,10,127,0.079
2024-08-24,17,3,행복의 나라,기타,158,1049,0.151,102,751,0.136
2024-08-24,17,3,행복의 나라,전체,1927,20123,0.096,772,9005,0.086
2024-08-24,17,4,늘봄가든,CGV,831,8380,0.099,378,3726,0.101
2024-08-24,17,4,늘봄가든,롯데시네마,500,5695,0.088,232,2246,0.103
2024-08-24,17,4,늘봄가든,메가박스,511,4707,0.109,220,2155,0.102
2024-08-24,17,4,늘봄가든,씨네Q,28,292,0.096,11,127,0.087
2024-08-24,17,4,늘봄가든,기타,48,1049,0.046,29,751,0.039
2024-08-24,17,4,늘봄가든,전체,1918,20123,0.095,870,9005,0.097
2024-08-24,17,5,트위스터스,CGV,686,8380,0.082,349,3726,0.094
2024-08-24,17,5,트위스터스,롯데시네마,348,5695,0.061,172,2246,0.077
2024-08-24,17,5,트위스터스,메가박스,272,4707,0.058,157,2155,0.073
2024-08-24,17,5,트위스터스,씨네Q,16,292,0.055,10,127,0.079
2024-08-24,17,5,트위스터스,기타,45,1049,0.043,29,751,0.039
2024-08-24,17,5,트위스터스,전체,1367,20123,0.068,717,9005,0.08
2024-08-25,18,1,에이리언: 로물루스,CGV,1781,8070,0.221,470,3646,0.129
2024-08-25,18,1,에이리언: 로물루스,롯데시네마,1318,5392,0.244,365,2247,0.162
2024-08-25,18,1,에이리언: 로물루스,메가박스,1038,4582,0.227,253,2115,0.12
2024-08-25,18,1,에이리언: 로물루스,씨네Q,72,286,0.252,20,132,0.152
2024-08-25,18,1,에이리언: 로물루스,기타,117,1006,0.116,63,727,0.087
2024-08-25,18,1,에이리언: 로물루스,전체,4326,19336,0.224,1171,8867,0.132
2024-08-25,18,2,파일럿,CGV,1269,8070,0.157,347,3646,0.095
2024-08-25,18,2,파일럿,롯데시네마,1093,5392,0.203,278,2247,0.124
2024-08-25,18,2,파일럿,메가박스,738,4582,0.161,202,2115,0.096
2024-08-25,18,2,파일럿,씨네Q,56,286,0.196,18,132,0.136
2024-08-25,18,2,파일럿,기타,134,1006,0.133,92,727,0.127
2024-08-25,18,2,파일럿,전체,3290,19336,0.17,937,8867,0.106
2024-08-25,18,3,늘봄가든,CGV,831,8070,0.103,384,3646,0.105
2024-08-25,18,3,늘봄가든,롯데시네마,497,5392,0.092,238,2247,0.106
2024-08-25,18,3,늘봄가든,메가박스,496,4582,0.108,212,2115,0.1
2024-08-25,18,3,늘봄가든,씨네Q,29,286,0.101,13,132,0.098
2024-08-25,18,3,늘봄가든,기타,50,1006,0.05,27,727,0.037
2024-08-25,18,3,늘봄가든,전체,1903,19336,0.098,874,8867,0.099
2024-08-25,18,4,행복의 나라,CGV,697,8070,0.086,278,3646,0.076
2024-08-25,18,4,행복의 나라,롯데시네마,508,5392,0.094,201,2247,0.089
2024-08-25,18,4,행복의 나라,메가박스,413,4582,0.09,167,2115,0.079
2024-08-25,18,4,행복의 나라,씨네Q,32,286,0.112,13,132,0.098
2024-08-25,18,4,행복의 나라,기타,146,1006,0.145,103,727,0.142
2024-08-25,18,4,행복의 나라,전체,1796,19336,0.093,762,8867,0.086
2024-08-25,18,5,트위스터스,CGV,648,8070,0.08,330,3646,0.091
2024-08-25,18,5,트위스터스,롯데시네마,322,5392,0.06,168,2247,0.075
2024-08-25,18,5,트위스터스,메가박스,262,4582,0.057,149,2115,0.07
2024-08-25,18,5,트위스터스,씨네Q,14,286,0.049,9,132,0.068
2024-08-25,18,5,트위스터스,기타,42,1006,0.042,30,727,0.041
2024-08-25,18,5,트위스터스,전체,1288,19336,0.067,686,8867,0.077
2024-08-26,19,1,에이리언: 로물루스,CGV,1528,7206,0.212,441,3378,0.131
2024-08-26,19,1,에이리언: 로물루스,롯데시네마,1117,4532,0.246,297,1836,0.162
2024-08-26,19,1,에이리언: 로물루스,메가박스,880,3734,0.236,232,1743,0.133
2024-08-26,19,1,에이리언: 로물루스,씨네Q,40,161,0.248,13,78,0.167
2024-08-26,19,1,에이리언: 로물루스,기타,73,573,0.127,37,424,0.087
2024-08-26,19,1,에이리언: 로물루스,전체,3638,16206,0.224,1020,7459,0.137
2024-08-26,19,2,파일럿,CGV,1088,7206,0.151,340,3378,0.101
2024-08-26,19,2,파일럿,롯데시네마,1001,4532,0.221,269,1836,0.147
2024-08-26,19,2,파일럿,메가박스,646,3734,0.173,191,1743,0.11
2024-08-26,19,2,파일럿,씨네Q,29,161,0.18,12,78,0.154
2024-08-26,19,2,파일럿,기타,63,573,0.11,46,424,0.108
2024-08-26,19,2,파일럿,전체,2827,16206,0.174,858,7459,0.115
2024-08-26,19,3,행복의 나라,CGV,742,7206,0.103,296,3378,0.088
2024-08-26,19,3,행복의 나라,롯데시네마,484,4532,0.107,178,1836,0.097
2024-08-26,19,3,행복의 나라,메가박스,372,3734,0.1,154,1743,0.088
2024-08-26,19,3,행복의 나라,씨네Q,21,161,0.13,8,78,0.103
2024-08-26,19,3,행복의 나라,기타,75,573,0.131,51,424,0.12
2024-08-26,19,3,행복의 나라,전체,1694,16206,0.105,687,7459,0.092
2024-08-26,19,4,늘봄가든,CGV,794,7206,0.11,338,3378,0.1
2024-08-26,19,4,늘봄가든,롯데시네마,433,4532,0.096,197,1836,0.107
2024-08-26,19,4,늘봄가든,메가박스,397,3734,0.106,182,1743,0.104
2024-08-26,19,4,늘봄가든,씨네Q,19,161,0.118,7,78,0.09
2024-08-26,19,4,늘봄가든,기타,30,573,0.052,18,424,0.042
2024-08-26,19,4,늘봄가든,전체,1673,16206,0.103,742,7459,0.099
2024-08-26,19,5,트위스터스,CGV,708,7206,0.098,354,3378,0.105
2024-08-26,19,5,트위스터스,롯데시네마,352,4532,0.078,177,1836,0.096
2024-08-26,19,5,트위스터스,메가박스,244,3734,0.065,140,1743,0.08
2024-08-26,19,5,트위스터스,씨네Q,9,161,0.056,6,78,0.077
2024-08-26,19,5,트위스터스,기타,28,573,0.049,20,424,0.047
2024-08-26,19,5,트위스터스,전체,1341,16206,0.083,697,7459,0.093
2024-08-27,20,1,에이리언: 로물루스,CGV,1510,7190,0.21,442,3390,0.13
2024-08-27,20,1,에이리언: 로물루스,롯데시네마,1106,4436,0.249,305,1879,0.162
2024-08-27,20,1,에이리언: 로물루스,메가박스,874,3679,0.238,232,1711,0.136
2024-08-27,20,1,에이리언: 로물루스,씨네Q,49,186,0.263,14,90,0.156
2024-08-27,20,1,에이리언: 로물루스,기타,70,647,0.108,40,489,0.082
2024-08-27,20,1,에이리언: 로물루스,전체,3609,16138,0.224,1033,7559,0.137
2024-08-27,20,2,파일럿,CGV,1084,7190,0.151,341,3390,0.101
2024-08-27,20,2,파일럿,롯데시네마,969,4436,0.218,271,1879,0.144
2024-08-27,20,2,파일럿,메가박스,628,3679,0.171,189,1711,0.11
2024-08-27,20,2,파일럿,씨네Q,33,186,0.177,12,90,0.133
2024-08-27,20,2,파일럿,기타,75,647,0.116,59,489,0.121
2024-08-27,20,2,파일럿,전체,2789,16138,0.173,872,7559,0.115
2024-08-27,20,3,행복의 나라,CGV,743,7190,0.103,289,3390,0.085
2024-08-27,20,3,행복의 나라,롯데시네마,499,4436,0.112,183,1879,0.097
2024-08-27,20,3,행복의 나라,메가박스,360,3679,0.098,154,1711,0.09
2024-08-27,20,3,행복의 나라,씨네Q,22,186,0.118,10,90,0.111
2024-08-27,20,3,행복의 나라,기타,85,647,0.131,55,489,0.112
2024-08-27,20,3,행복의 나라,전체,1709,16138,0.106,691,7559,0.091
2024-08-27,20,4,늘봄가든,CGV,789,7190,0.11,344,3390,0.101
2024-08-27,20,4,늘봄가든,롯데시네마,396,4436,0.089,197,1879,0.105
2024-08-27,20,4,늘봄가든,메가박스,394,3679,0.107,179,1711,0.105
2024-08-27,20,4,늘봄가든,씨네Q,21,186,0.113,10,90,0.111
2024-08-27,20,4,늘봄가든,기타,32,647,0.049,22,489,0.045
2024-08-27,20,4,늘봄가든,전체,1632,16138,0.101,752,7559,0.099
2024-08-27,20,5,트위스터스,CGV,699,7190,0.097,345,3390,0.102
2024-08-27,20,5,트위스터스,롯데시네마,343,4436,0.077,173,1879,0.092
2024-08-27,20,5,트위스터스,메가박스,244,3679,0.066,145,1711,0.085
2024-08-27,20,5,트위스터스,씨네Q,9,186,0.048,7,90,0.078
2024-08-27,20,5,트위스터스,기타,30,647,0.046,22,489,0.045
2024-08-27,20,5,트위스터스,전체,1325,16138,0.082,692,7559,0.092
2024-08-28,21,1,에이리언: 로물루스,CGV,1398,7471,0.187,355,3211,0.111
2024-08-28,21,1,에이리언: 로물루스,롯데시네마,1230,4559,0.27,337,2113,0.159
2024-08-28,21,1,에이리언: 로물루스,메가박스,829,3985,0.208,236,2045,0.115
2024-08-28,21,1,에이리언: 로물루스,씨네Q,55,225,0.244,17,123,0.138
2024-08-28,21,1,에이리언: 로물루스,기타,90,831,0.108,53,629,0.084
2024-08-28,21,1,에이리언: 로물루스,전체,3602,17071,0.211,998,8121,0.123
2024-08-28,21,2,파일럿,CGV,993,7471,0.133,295,3211,0.092
2024-08-28,21,2,파일럿,롯데시네마,906,4559,0.199,262,2113,0.124
2024-08-28,21,2,파일럿,메가박스,598,3985,0.15,200,2045,0.098
2024-08-28,21,2,파일럿,씨네Q,39,225,0.173,18,123,0.146
2024-08-28,21,2,파일럿,기타,97,831,0.117,63,629,0.1
2024-08-28,21,2,파일럿,전체,2633,17071,0.154,838,8121,0.103
2024-08-28,21,3,한국이 싫어서,CGV,460,7471,0.062,206,3211,0.064
2024-08-28,21,3,한국이 싫어서,롯데시네마,393,4559,0.086,174,2113,0.082
2024-08-28,21,3,한국이 싫어서,메가박스,362,3985,0.091,145,2045,0.071
2024-08-28,21,3,한국이 싫어서,씨네Q,10,225,0.044,7,123,0.057
2024-08-28,21,3,한국이 싫어서,기타,77,831,0.093,56,629,0.089
2024-08-28,21,3,한국이 싫어서,전체,1302,17071,0.076,588,8121,0.072
2024-08-28,21,4,늘봄가든,CGV,583,7471,0.078,288,3211,0.09
2024-08-28,21,4,늘봄가든,롯데시네마,298,4559,0.065,180,2113,0.085
2024-08-28,21,4,늘봄가든,메가박스,359,3985,0.09,166,2045,0.081
2024-08-28,21,4,늘봄가든,씨네Q,19,225,0.084,9,123,0.073
2024-08-28,21,4,늘봄가든,기타,38,831,0.046,24,629,0.038
2024-08-28,21,4,늘봄가든,전체,1297,17071,0.076,667,8121,0.082
2024-08-28,21,5,행복의 나라,CGV,379,7471,0.051,220,3211,0.069
2024-08-28,21,5,행복의 나라,롯데시네마,321,4559,0.07,169,2113,0.08
2024-08-28,21,5,행복의 나라,메가박스,285,3985,0.072,153,2045,0.075
2024-08-28,21,5,행복의 나라,씨네Q,21,225,0.093,10,123,0.081
2024-08-28,21,5,행복의 나라,기타,109,831,0.131,80,629,0.127
2024-08-28,21,5,행복의 나라,전체,1115,17071,0.065,632,8121,0.078
2024-08-29,22,1,에이리언: 로물루스,CGV,1306,7262,0.18,341,3321,0.103
2024-08-29,22,1,에이리언: 로물루스,롯데시네마,1203,4465,0.269,334,2069,0.161
2024-08-29,22,1,에이리언: 로물루스,메가박스,797,3801,0.21,237,2004,0.118
2024-08-29,22,1,에이리언: 로물루스,씨네Q,49,197,0.249,16,107,0.15
2024-08-29,22,1,에이리언: 로물루스,기타,90,778,0.116,56,590,0.095
2024-08-29,22,1,에이리언: 로물루스,전체,3445,16503,0.209,984,8091,0.122
2024-08-29,22,2,파일럿,CGV,949,7262,0.131,314,3321,0.095
2024-08-29,22,2,파일럿,롯데시네마,873,4465,0.196,249,2069,0.12
2024-08-29,22,2,파일럿,메가박스,578,3801,0.152,197,2004,0.098
2024-08-29,22,2,파일럿,씨네Q,32,197,0.162,17,107,0.159
2024-08-29,22,2,파일럿,기타,111,778,0.143,71,590,0.12
2024-08-29,22,2,파일럿,전체,2543,16503,0.154,848,8091,0.105
2024-08-29,22,3,늘봄가든,CGV,575,7262,0.079,270,3321,0.081
2024-08-29,22,3,늘봄가든,롯데시네마,309,4465,0.069,183,2069,0.088
2024-08-29,22,3,늘봄가든,메가박스,319,3801,0.084,150,2004,0.075
2024-08-29,22,3,늘봄가든,씨네Q,20,197,0.102,8,107,0.075
2024-08-29,22,3,늘봄가든,기타,32,778,0.041,20,590,0.034
2024-08-29,22,3,늘봄가든,전체,1255,16503,0.076,631,8091,0.078
2024-08-29,22,4,한국이 싫어서,CGV,392,7262,0.054,198,3321,0.06
2024-08-29,22,4,한국이 싫어서,롯데시네마,364,4465,0.082,163,2069,0.079
2024-08-29,22,4,한국이 싫어서,메가박스,324,3801,0.085,143,2004,0.071
2024-08-29,22,4,한국이 싫어서,씨네Q,8,197,0.041,4,107,0.037
2024-08-29,22,4,한국이 싫어서,기타,71,778,0.091,50,590,0.085
2024-08-29,22,4,한국이 싫어서,전체,1159,16503,0.07,558,8091,0.069
2024-08-29,22,5,행복의 나라,CGV,384,7262,0.053,246,3321,0.074
2024-08-29,22,5,행복의 나라,롯데시네마,323,4465,0.072,169,2069,0.082
2024-08-29,22,5,행복의 나라,메가박스,288,3801,0.076,153,2004,0.076
2024-08-29,22,5,행복의 나라,씨네Q,16,197,0.081,7,107,0.065
2024-08-29,22,5,행복의 나라,기타,92,778,0.118,72,590,0.122
2024-08-29,22,5,행복의 나라,전체,1103,16503,0.067,647,8091,0.08
2024-08-30,23,1,에이리언: 로물루스,CGV,1437,7353,0.195,355,3203,0.111
2024-08-30,23,1,에이리언: 로물루스,롯데시네마,1299,4712,0.276,340,2133,0.159
2024-08-30,23,1,에이리언: 로물루스,메가박스,855,3988,0.214,242,2041,0.119
2024-08-30,23,1,에이리언: 로물루스,씨네Q,52,216,0.241,17,121,0.14
2024-08-30,23,1,에이리언: 로물루스,기타,93,784,0.119,53,594,0.089
2024-08-30,23,1,에이리언: 로물루스,전체,3736,17053,0.219,1007,8092,0.124
2024-08-30,23,2,파일럿,CGV,1014,7353,0.138,302,3203,0.094
2024-08-30,23,2,파일럿,롯데시네마,928,4712,0.197,265,2133,0.124
2024-08-30,23,2,파일럿,메가박스,631,3988,0.158,192,2041,0.094
2024-08-30,23,2,파일럿,씨네Q,39,216,0.181,18,121,0.149
2024-08-30,23,2,파일럿,기타,118,784,0.151,77,594,0.13
2024-08-30,23,2,파일럿,전체,2730,17053,0.16,854,8092,0.106
2024-08-30,23,3,늘봄가든,CGV,575,7353,0.078,273,3203,0.085
2024-08-30,23,3,늘봄가든,롯데시네마,304,4712,0.065,171,2133,0.08
2024-08-30,23,3,늘봄가든,메가박스,364,3988,0.091,171,2041,0.084
2024-08-30,23,3,늘봄가든,씨네Q,16,216,0.074,8,121,0.066
2024-08-30,23,3,늘봄가든,기타,35,784,0.045,24,594,0.04
2024-08-30,23,3,늘봄가든,전체,1294,17053,0.076,647,8092,0.08
2024-08-30,23,4,한국이 싫어서,CGV,368,7353,0.05,193,3203,0.06
2024-08-30,23,4,한국이 싫어서,롯데시네마,367,4712,0.078,161,2133,0.075
2024-08-30,23,4,한국이 싫어서,메가박스,296,3988,0.074,140,2041,0.069
2024-08-30,23,4,한국이 싫어서,씨네Q,10,216,0.046,5,121,0.041
2024-08-30,23,4,한국이 싫어서,기타,60,784,0.077,45,594,0.076
2024-08-30,23,4,한국이 싫어서,전체,1101,17053,0.065,544,8092,0.067
2024-08-30,23,5,행복의 나라,CGV,319,7353,0.043,212,3203,0.066
2024-08-30,23,5,행복의 나라,롯데시네마,331,4712,0.07,172,2133,0.081
2024-08-30,23,5,행복의 나라,메가박스,275,3988,0.069,140,2041,0.069
2024-08-30,23,5,행복의 나라,씨네Q,16,216,0.074,10,121,0.083
2024-08-30,23,5,행복의 나라,기타,97,784,0.124,77,594,0.13
2024-08-30,23,5,행복의 나라,전체,1038,17053,0.061,611,8092,0.076
2024-08-31,24,1,에이리언: 로물루스,CGV,1511,8043,0.188,358,3479,0.103
2024-08-31,24,1,에이리언: 로물루스,롯데시네마,1478,5508,0.268,333,2365,0.141
2024-08-31,24,1,에이리언: 로물루스,메가박스,990,4620,0.214,253,2333,0.108
2024-08-31,24,1,에이리언: 로물루스,씨네Q,67,271,0.247,19,126,0.151
2024-08-31,24,1,에이리언: 로물루스,기타,106,999,0.106,57,737,0.077
2024-08-31,24,1,에이리언: 로물루스,전체,4152,19441,0.214,1020,9040,0.113
2024-08-31,24,2,파일럿,CGV,1004,8043,0.125,297,3479,0.085
2024-08-31,24,2,파일럿,롯데시네마,1036,5508,0.188,252,2365,0.107
2024-08-31,24,2,파일럿,메가박스,689,4620,0.149,208,2333,0.089
2024-08-31,24,2,파일럿,씨네Q,46,271,0.17,16,126,0.127
2024-08-31,24,2,파일럿,기타,144,999,0.144,93,737,0.126
2024-08-31,24,2,파일럿,전체,2919,19441,0.15,866,9040,0.096
2024-08-31,24,3,늘봄가든,CGV,646,8043,0.08,275,3479,0.079
2024-08-31,24,3,늘봄가든,롯데시네마,418,5508,0.076,198,2365,0.084
2024-08-31,24,3,늘봄가든,메가박스,436,4620,0.094,170,2333,0.073
2024-08-31,24,3,늘봄가든,씨네Q,25,271,0.092,9,126,0.071
2024-08-31,24,3,늘봄가든,기타,52,999,0.052,30,737,0.041
2024-08-31,24,3,늘봄가든,전체,1577,19441,0.081,682,9040,0.075
2024-08-31,24,4,사랑의 하츄핑,CGV,535,8043,0.067,270,3479,0.078
2024-08-31,24,4,사랑의 하츄핑,롯데시네마,424,5508,0.077,202,2365,0.085
2024-08-31,24,4,사랑의 하츄핑,메가박스,258,4620,0.056,153,2333,0.066
2024-08-31,24,4,사랑의 하츄핑,씨네Q,21,271,0.077,12,126,0.095
2024-08-31,24,4,사랑의 하츄핑,기타,72,999,0.072,58,737,0.079
2024-08-31,24,4,사랑의 하츄핑,전체,1310,19441,0.067,695,9040,0.077
2024-08-31,24,5,트위스터스,CGV,581,8043,0.072,252,3479,0.072
2024-08-31,24,5,트위스터스,롯데시네마,264,5508,0.048,148,2365,0.063
2024-08-31,24,5,트위스터스,메가박스,188,4620,0.041,121,2333,0.052
2024-08-31,24,5,트위스터스,씨네Q,11,271,0.041,8,126,0.063
2024-08-31,24,5,트위스터스,기타,33,999,0.033,23,737,0.031
2024-08-31,24,5,트위스터스,전체,1077,19441,0.055,552,9040,0.061
2024-09-01,25,1,에이리언: 로물루스,CGV,1447,7619,0.19,346,3386,0.102
2024-09-01,25,1,에이리언: 로물루스,롯데시네마,1349,5055,0.267,332,2278,0.146
2024-09-01,25,1,에이리언: 로물루스,메가박스,957,4390,0.218,256,2301,0.111
2024-09-01,25,1,에이리언: 로물루스,씨네Q,64,263,0.243,17,130,0.131
2024-09-01,25,1,에이리언: 로물루스,기타,104,936,0.111,58,694,0.084
2024-09-01,25,1,에이리언: 로물루스,전체,3921,18263,0.215,1009,8789,0.115
2024-09-01,25,2,파일럿,CGV,967,7619,0.127,298,3386,0.088
2024-09-01,25,2,파일럿,롯데시네마,959,5055,0.19,248,2278,0.109
2024-09-01,25,2,파일럿,메가박스,647,4390,0.147,193,2301,0.084
2024-09-01,25,2,파일럿,씨네Q,43,263,0.163,18,130,0.138
2024-09-01,25,2,파일럿,기타,136,936,0.145,83,694,0.12
2024-09-01,25,2,파일럿,전체,2752,18263,0.151,840,8789,0.096
2024-09-01,25,3,늘봄가든,CGV,600,7619,0.079,272,3386,0.08
2024-09-01,25,3,늘봄가든,롯데시네마,378,5055,0.075,192,2278,0.084
2024-09-01,25,3,늘봄가든,메가박스,411,4390,0.094,172,2301,0.075
2024-09-01,25,3,늘봄가든,씨네Q,23,263,0.087,9,130,0.069
2024-09-01,25,3,늘봄가든,기타,51,936,0.054,30,694,0.043
2024-09-01,25,3,늘봄가든,전체,1463,18263,0.08,675,8789,0.077
2024-09-01,25,4,사랑의 하츄핑,CGV,535,7619,0.07,267,3386,0.079
2024-09-01,25,4,사랑의 하츄핑,롯데시네마,407,5055,0.081,195,2278,0.086
2024-09-01,25,4,사랑의 하츄핑,메가박스,259,4390,0.059,160,2301,0.07
2024-09-01,25,4,사랑의 하츄핑,씨네Q,22,263,0.084,12,130,0.092
2024-09-01,25,4,사랑의 하츄핑,기타,68,936,0.073,56,694,0.081
2024-09-01,25,4,사랑의 하츄핑,전체,1291,18263,0.071,690,8789,0.079
2024-09-01,25,5,트위스터스,CGV,575,7619,0.075,261,3386,0.077
2024-09-01,25,5,트위스터스,롯데시네마,254,5055,0.05,144,2278,0.063
2024-09-01,25,5,트위스터스,메가박스,180,4390,0.041,122,2301,0.053
2024-09-01,25,5,트위스터스,씨네Q,11,263,0.042,8,130,0.062
2024-09-01,25,5,트위스터스,기타,35,936,0.037,24,694,0.035
2024-09-01,25,5,트위스터스,전체,1055,18263,0.058,559,8789,0.064
2024-09-02,26,1,에이리언: 로물루스,CGV,1338,6502,0.206,339,2941,0.115
2024-09-02,26,1,에이리언: 로물루스,롯데시네마,1093,3801,0.288,311,1809,0.172
2024-09-02,26,1,에이리언: 로물루스,메가박스,767,3248,0.236,235,1777,0.132
2024-09-02,26,1,에이리언: 로물루스,씨네Q,38,160,0.238,13,90,0.144
2024-09-02,26,1,에이리언: 로물루스,기타,58,504,0.115,33,393,0.084
2024-09-02,26,1,에이리언: 로물루스,전체,3294,14215,0.232,931,7010,0.133
2024-09-02,26,2,파일럿,CGV,912,6502,0.14,290,2941,0.099
2024-09-02,26,2,파일럿,롯데시네마,742,3801,0.195,235,1809,0.13
2024-09-02,26,2,파일럿,메가박스,526,3248,0.162,190,1777,0.107
2024-09-02,26,2,파일럿,씨네Q,27,160,0.169,13,90,0.144
2024-09-02,26,2,파일럿,기타,72,504,0.143,48,393,0.122
2024-09-02,26,2,파일럿,전체,2279,14215,0.16,776,7010,0.111
2024-09-02,26,3,늘봄가든,CGV,468,6502,0.072,232,2941,0.079
2024-09-02,26,3,늘봄가든,롯데시네마,268,3801,0.071,150,1809,0.083
2024-09-02,26,3,늘봄가든,메가박스,255,3248,0.079,133,1777,0.075
2024-09-02,26,3,늘봄가든,씨네Q,14,160,0.088,5,90,0.056
2024-09-02,26,3,늘봄가든,기타,22,504,0.044,14,393,0.036
2024-09-02,26,3,늘봄가든,전체,1027,14215,0.072,534,7010,0.076
2024-09-02,26,4,임영웅│아임 히어로 더 스타디움,CGV,858,6502,0.132,202,2941,0.069
2024-09-02,26,4,임영웅│아임 히어로 더 스타디움,롯데시네마,0,3801,0.0,0,1809,0.0
2024-09-02,26,4,임영웅│아임 히어로 더 스타디움,메가박스,0,3248,0.0,0,1777,0.0
2024-09-02,26,4,임영웅│아임 히어로 더 스타디움,씨네Q,5,160,0.031,1,90,0.011
2024-09-02,26,4,임영웅│아임 히어로 더 스타디움,기타,0,504,0.0,0,393,0.0
2024-09-02,26,4,임영웅│아임 히어로 더 스타디움,전체,863,14215,0.061,203,7010,0.029
2024-09-02,26,5,빅토리,CGV,424,6502,0.065,233,2941,0.079
2024-09-02,26,5,빅토리,롯데시네마,194,3801,0.051,128,1809,0.071
2024-09-02,26,5,빅토리,메가박스,197,3248,0.061,133,1777,0.075
2024-09-02,26,5,빅토리,씨네Q,5,160,0.031,4,90,0.044
2024-09-02,26,5,빅토리,기타,23,504,0.046,21,393,0.053
2024-09-02,26,5,빅토리,전체,843,14215,0.059,519,7010,0.074
2024-09-03,27,1,에이리언: 로물루스,CGV,1280,6434,0.199,332,2948,0.113
2024-09-03,27,1,에이리언: 로물루스,롯데시네마,1013,3642,0.278,311,1775,0.175
2024-09-03,27,1,에이리언: 로물루스,메가박스,721,3168,0.228,235,1776,0.132
2024-09-03,27,1,에이리언: 로물루스,씨네Q,37,152,0.243,12,85,0.141
2024-09-03,27,1,에이리언: 로물루스,기타,60,573,0.105,35,443,0.079
2024-09-03,27,1,에이리언: 로물루스,전체,3111,13969,0.223,925,7027,0.132
2024-09-03,27,2,파일럿,CGV,889,6434,0.138,284,2948,0.096
2024-09-03,27,2,파일럿,롯데시네마,726,3642,0.199,233,1775,0.131
2024-09-03,27,2,파일럿,메가박스,514,3168,0.162,191,1776,0.108
2024-09-03,27,2,파일럿,씨네Q,21,152,0.138,9,85,0.106
2024-09-03,27,2,파일럿,기타,72,573,0.126,48,443,0.108
2024-09-03,27,2,파일럿,전체,2222,13969,0.159,765,7027,0.109
2024-09-03,27,3,늘봄가든,CGV,438,6434,0.068,230,2948,0.078
2024-09-03,27,3,늘봄가든,롯데시네마,274,3642,0.075,157,1775,0.088
2024-09-03,27,3,늘봄가든,메가박스,251,3168,0.079,136,1776,0.077
2024-09-03,27,3,늘봄가든,씨네Q,16,152,0.105,7,85,0.082
2024-09-03,27,3,늘봄가든,기타,21,573,0.037,15,443,0.034
2024-09-03,27,3,늘봄가든,전체,1000,13969,0.072,545,7027,0.078
2024-09-03,27,4,임영웅│아임 히어로 더 스타디움,CGV,864,6434,0.134,202,2948,0.069
2024-09-03,27,4,임영웅│아임 히어로 더 스타디움,롯데시네마,0,3642,0.0,0,1775,0.0
2024-09-03,27,4,임영웅│아임 히어로 더 스타디움,메가박스,0,3168,0.0,0,1776,0.0
2024-09-03,27,4,임영웅│아임 히어로 더 스타디움,씨네Q,6,152,0.039,1,85,0.012
2024-09-03,27,4,임영웅│아임 히어로 더 스타디움,기타,0,573,0.0,0,443,0.0
2024-09-03,27,4,임영웅│아임 히어로 더 스타디움,전체,870,13969,0.062,203,7027,0.029
2024-09-03,27,5,빅토리,CGV,441,6434,0.069,247,2948,0.084
2024-09-03,27,5,빅토리,롯데시네마,178,3642,0.049,122,1775,0.069
2024-09-03,27,5,빅토리,메가박스,211,3168,0.067,152,1776,0.086
2024-09-03,27,5,빅토리,씨네Q,5,152,0.033,4,85,0.047
2024-09-03,27,5,빅토리,기타,21,573,0.037,16,443,0.036
2024-09-03,27,5,빅토리,전체,856,13969,0.061,541,7027,0.077
2024-09-04,28,1,"안녕, 할부지",CGV,1508,7223,0.209,459,3181,0.144
2024-09-04,28,1,"안녕, 할부지",롯데시네마,861,4269,0.202,258,1948,0.132
2024-09-04,28,1,"안녕, 할부지",메가박스,721,3719,0.194,224,1699,0.132
2024-09-04,28,1,"안녕, 할부지",씨네Q,49,192,0.255,16,96,0.167
2024-09-04,28,1,"안녕, 할부지",기타,112,733,0.153,64,554,0.116
2024-09-04,28,1,"안녕, 할부지",전체,3251,16136,0.201,1021,7478,0.137
2024-09-04,28,2,에이리언: 로물루스,CGV,1003,7223,0.139,291,3181,0.091
2024-09-04,28,2,에이리언: 로물루스,롯데시네마,824,4269,0.193,251,1948,0.129
2024-09-04,28,2,에이리언: 로물루스,메가박스,647,3719,0.174,200,1699,0.118
2024-09-04,28,2,에이리언: 로물루스,씨네Q,28,192,0.146,11,96,0.115
2024-09-04,28,2,에이리언: 로물루스,기타,52,733,0.071,34,554,0.061
2024-09-04,28,2,에이리언: 로물루스,전체,2554,16136,0.158,787,7478,0.105
2024-09-04,28,3,비틀쥬스 비틀쥬스,CGV,1029,7223,0.142,350,3181,0.11
2024-09-04,28,3,비틀쥬스 비틀쥬스,롯데시네마,602,4269,0.141,175,1948,0.09
2024-09-04,28,3,비틀쥬스 비틀쥬스,메가박스,754,3719,0.203,190,1699,0.112
2024-09-04,28,3,비틀쥬스 비틀쥬스,씨네Q,29,192,0.151,12,96,0.125
2024-09-04,28,3,비틀쥬스 비틀쥬스,기타,95,733,0.13,60,554,0.108
2024-09-04,28,3,비틀쥬스 비틀쥬스,전체,2509,16136,0.155,787,7478,0.105
2024-09-04,28,4,파일럿,CGV,639,7223,0.088,257,3181,0.081
2024-09-04,28,4,파일럿,롯데시네마,559,4269,0.131,191,1948,0.098
2024-09-04,28,4,파일럿,메가박스,399,3719,0.107,173,1699,0.102
2024-09-04,28,4,파일럿,씨네Q,25,192,0.13,13,96,0.135
2024-09-04,28,4,파일럿,기타,68,733,0.093,48,554,0.087
2024-09-04,28,4,파일럿,전체,1690,16136,0.105,682,7478,0.091
2024-09-04,28,5,임영웅│아임 히어로 더 스타디움,CGV,673,7223,0.093,186,3181,0.058
2024-09-04,28,5,임영웅│아임 히어로 더 스타디움,롯데시네마,0,4269,0.0,0,1948,0.0
2024-09-04,28,5,임영웅│아임 히어로 더 스타디움,메가박스,0,3719,0.0,0,1699,0.0
2024-09-04,28,5,임영웅│아임 히어로 더 스타디움,씨네Q,6,192,0.031,1,96,0.01
2024-09-04,28,5,임영웅│아임 히어로 더 스타디움,기타,0,733,0.0,0,554,0.0
2024-09-04,28,5,임영웅│아임 히어로 더 스타디움,전체,679,16136,0.042,187,7478,0.025
2024-09-05,29,1,"안녕, 할부지",CGV,1236,6999,0.177,360,3290,0.109
2024-09-05,29,1,"안녕, 할부지",롯데시네마,794,3995,0.199,258,1940,0.133
2024-09-05,29,1,"안녕, 할부지",메가박스,553,3897,0.142,207,1716,0.121
2024-09-05,29,1,"안녕, 할부지",씨네Q,41,168,0.244,14,90,0.156
2024-09-05,29,1,"안녕, 할부지",기타,99,655,0.151,67,522,0.128
2024-09-05,29,1,"안녕, 할부지",전체,2723,15714,0.173,906,7558,0.12
2024-09-05,29,2,에이리언: 로물루스,CGV,1002,6999,0.143,296,3290,0.09
2024-09-05,29,2,에이리언: 로물루스,롯데시네마,755,3995,0.189,236,1940,0.122
2024-09-05,29,2,에이리언: 로물루스,메가박스,578,3897,0.148,188,1716,0.11
2024-09-05,29,2,에이리언: 로물루스,씨네Q,29,168,0.173,10,90,0.111
2024-09-05,29,2,에이리언: 로물루스,기타,46,655,0.07,34,522,0.065
2024-09-05,29,2,에이리언: 로물루스,전체,2410,15714,0.153,764,7558,0.101
2024-09-05,29,3,비틀쥬스 비틀쥬스,CGV,900,6999,0.129,337,3290,0.102
2024-09-05,29,3,비틀쥬스 비틀쥬스,롯데시네마,473,3995,0.118,162,1940,0.084
2024-09-05,29,3,비틀쥬스 비틀쥬스,메가박스,513,3897,0.132,177,1716,0.103
2024-09-05,29,3,비틀쥬스 비틀쥬스,씨네Q,20,168,0.119,12,90,0.133
2024-09-05,29,3,비틀쥬스 비틀쥬스,기타,71,655,0.108,52,522,0.1
2024-09-05,29,3,비틀쥬스 비틀쥬스,전체,1977,15714,0.126,740,7558,0.098
2024-09-05,29,4,파일럿,CGV,613,6999,0.088,272,3290,0.083
2024-09-05,29,4,파일럿,롯데시네마,540,3995,0.135,187,1940,0.096
2024-09-05,29,4,파일럿,메가박스,344,3897,0.088,164,1716,0.096
2024-09-05,29,4,파일럿,씨네Q,20,168,0.119,10,90,0.111
2024-09-05,29,4,파일럿,기타,72,655,0.11,55,522,0.105
2024-09-05,29,4,파일럿,전체,1589,15714,0.101,688,7558,0.091
2024-09-05,29,5,룩백,CGV,0,6999,0.0,0,3290,0.0
2024-09-05,29,5,룩백,롯데시네마,0,3995,0.0,0,1940,0.0
2024-09-05,29,5,룩백,메가박스,910,3897,0.234,183,1716,0.107
2024-09-05,29,5,룩백,씨네Q,0,168,0.0,0,90,0.0
2024-09-05,29,5,룩백,기타,6,655,0.009,1,522,0.002
2024-09-05,29,5,룩백,전체,916,15714,0.058,184,7558,0.024
2024-09-06,30,1,"안녕, 할부지",CGV,1232,6986,0.176,338,3278,0.103
2024-09-06,30,1,"안녕, 할부지",롯데시네마,838,4361,0.192,258,2042,0.126
2024-09-06,30,1,"안녕, 할부지",메가박스,593,4172,0.142,205,1828,0.112
2024-09-06,30,1,"안녕, 할부지",씨네Q,43,205,0.21,14,97,0.144
2024-09-06,30,1,"안녕, 할부지",기타,104,697,0.149,63,538,0.117
2024-09-06,30,1,"안녕, 할부지",전체,2810,16421,0.171,878,7783,0.113
2024-09-06,30,2,에이리언: 로물루스,CGV,1102,6986,0.158,320,3278,0.098
2024-09-06,30,2,에이리언: 로물루스,롯데시네마,861,4361,0.197,254,2042,0.124
2024-09-06,30,2,에이리언: 로물루스,메가박스,664,4172,0.159,195,1828,0.107
2024-09-06,30,2,에이리언: 로물루스,씨네Q,40,205,0.195,10,97,0.103
2024-09-06,30,2,에이리언: 로물루스,기타,60,697,0.086,41,538,0.076
2024-09-06,30,2,에이리언: 로물루스,전체,2727,16421,0.166,820,7783,0.105
2024-09-06,30,3,비틀쥬스 비틀쥬스,CGV,813,6986,0.116,332,3278,0.101
2024-09-06,30,3,비틀쥬스 비틀쥬스,롯데시네마,573,4361,0.131,181,2042,0.089
2024-09-06,30,3,비틀쥬스 비틀쥬스,메가박스,465,4172,0.111,166,1828,0.091
2024-09-06,30,3,비틀쥬스 비틀쥬스,씨네Q,27,205,0.132,11,97,0.113
2024-09-06,30,3,비틀쥬스 비틀쥬스,기타,86,697,0.123,57,538,0.106
2024-09-06,30,3,비틀쥬스 비틀쥬스,전체,1964,16421,0.12,747,7783,0.096
2024-09-06,30,4,파일럿,CGV,665,6986,0.095,293,3278,0.089
2024-09-06,30,4,파일럿,롯데시네마,570,4361,0.131,194,2042,0.095
2024-09-06,30,4,파일럿,메가박스,364,4172,0.087,165,1828,0.09
2024-09-06,30,4,파일럿,씨네Q,23,205,0.112,10,97,0.103
2024-09-06,30,4,파일럿,기타,76,697,0.109,57,538,0.106
2024-09-06,30,4,파일럿,전체,1698,16421,0.103,719,7783,0.092
2024-09-06,30,5,룩백,CGV,0,6986,0.0,0,3278,0.0
2024-09-06,30,5,룩백,롯데시네마,0,4361,0.0,0,2042,0.0
2024-09-06,30,5,룩백,메가박스,916,4172,0.22,187,1828,0.102
2024-09-06,30,5,룩백,씨네Q,0,205,0.0,0,97,0.0
2024-09-06,30,5,룩백,기타,6,697,0.009,1,538,0.002
2024-09-06,30,5,룩백,전체,922,16421,0.056,188,7783,0.024
2024-09-07,31,1,"안녕, 할부지",CGV,1287,7983,0.161,318,3670,0.087
2024-09-07,31,1,"안녕, 할부지",롯데시네마,1018,5204,0.196,256,2178,0.118
2024-09-07,31,1,"안녕, 할부지",메가박스,730,4937,0.148,195,2052,0.095
2024-09-07,31,1,"안녕, 할부지",씨네Q,52,250,0.208,18,119,0.151
2024-09-07,31,1,"안녕, 할부지",기타,139,927,0.15,76,681,0.112
2024-09-07,31,1,"안녕, 할부지",전체,3226,19301,0.167,863,8700,0.099
2024-09-07,31,2,에이리언: 로물루스,CGV,1165,7983,0.146,328,3670,0.089
2024-09-07,31,2,에이리언: 로물루스,롯데시네마,987,5204,0.19,263,2178,0.121
2024-09-07,31,2,에이리언: 로물루스,메가박스,766,4937,0.155,209,2052,0.102
2024-09-07,31,2,에이리언: 로물루스,씨네Q,45,250,0.18,13,119,0.109
2024-09-07,31,2,에이리언: 로물루스,기타,76,927,0.082,48,681,0.07
2024-09-07,31,2,에이리언: 로물루스,전체,3039,19301,0.157,861,8700,0.099
2024-09-07,31,3,비틀쥬스 비틀쥬스,CGV,824,7983,0.103,334,3670,0.091
2024-09-07,31,3,비틀쥬스 비틀쥬스,롯데시네마,563,5204,0.108,173,2178,0.079
2024-09-07,31,3,비틀쥬스 비틀쥬스,메가박스,499,4937,0.101,175,2052,0.085
2024-09-07,31,3,비틀쥬스 비틀쥬스,씨네Q,25,250,0.1,11,119,0.092
2024-09-07,31,3,비틀쥬스 비틀쥬스,기타,122,927,0.132,69,681,0.101
2024-09-07,31,3,비틀쥬스 비틀쥬스,전체,2033,19301,0.105,762,8700,0.088
2024-09-07,31,4,파일럿,CGV,707,7983,0.089,317,3670,0.086
2024-09-07,31,4,파일럿,롯데시네마,722,5204,0.139,185,2178,0.085
2024-09-07,31,4,파일럿,메가박스,418,4937,0.085,176,2052,0.086
2024-09-07,31,4,파일럿,씨네Q,35,250,0.14,13,119,0.109
2024-09-07,31,4,파일럿,기타,96,927,0.104,70,681,0.103
2024-09-07,31,4,파일럿,전체,1978,19301,0.102,761,8700,0.087
2024-09-07,31,5,사랑의 하츄핑,CGV,503,7983,0.063,269,3670,0.073
2024-09-07,31,5,사랑의 하츄핑,롯데시네마,355,5204,0.068,172,2178,0.079
2024-09-07,31,5,사랑의 하츄핑,메가박스,224,4937,0.045,128,2052,0.062
2024-09-07,31,5,사랑의 하츄핑,씨네Q,19,250,0.076,13,119,0.109
2024-09-07,31,5,사랑의 하츄핑,기타,65,927,0.07,51,681,0.075
2024-09-07,31,5,사랑의 하츄핑,전체,1166,19301,0.06,633,8700,0.073
2024-09-08,32,1,"안녕, 할부지",CGV,1184,7551,0.157,318,3519,0.09
2024-09-08,32,1,"안녕, 할부지",롯데시네마,928,4903,0.189,245,2109,0.116
2024-09-08,32,1,"안녕, 할부지",메가박스,655,4724,0.139,189,2013,0.094
2024-09-08,32,1,"안녕, 할부지",씨네Q,42,242,0.174,15,124,0.121
2024-09-08,32,1,"안녕, 할부지",기타,141,926,0.152,82,682,0.12
2024-09-08,32,1,"안녕, 할부지",전체,2950,18346,0.161,849,8447,0.101
2024-09-08,32,2,에이리언: 로물루스,CGV,1132,7551,0.15,312,3519,0.089
2024-09-08,32,2,에이리언: 로물루스,롯데시네마,917,4903,0.187,250,2109,0.119
2024-09-08,32,2,에이리언: 로물루스,메가박스,742,4724,0.157,202,2013,0.1
2024-09-08,32,2,에이리언: 로물루스,씨네Q,43,242,0.178,13,124,0.105
2024-09-08,32,2,에이리언: 로물루스,기타,73,926,0.079,47,682,0.069
2024-09-08,32,2,에이리언: 로물루스,전체,2907,18346,0.158,824,8447,0.098
2024-09-08,32,3,파일럿,CGV,676,7551,0.09,292,3519,0.083
2024-09-08,32,3,파일럿,롯데시네마,693,4903,0.141,179,2109,0.085
2024-09-08,32,3,파일럿,메가박스,410,4724,0.087,171,2013,0.085
2024-09-08,32,3,파일럿,씨네Q,34,242,0.14,15,124,0.121
2024-09-08,32,3,파일럿,기타,93,926,0.1,67,682,0.098
2024-09-08,32,3,파일럿,전체,1906,18346,0.104,724,8447,0.086
2024-09-08,32,4,비틀쥬스 비틀쥬스,CGV,759,7551,0.101,330,3519,0.094
2024-09-08,32,4,비틀쥬스 비틀쥬스,롯데시네마,524,4903,0.107,167,2109,0.079
2024-09-08,32,4,비틀쥬스 비틀쥬스,메가박스,450,4724,0.095,168,2013,0.083
2024-09-08,32,4,비틀쥬스 비틀쥬스,씨네Q,32,242,0.132,17,124,0.137
2024-09-08,32,4,비틀쥬스 비틀쥬스,기타,126,926,0.136,72,682,0.106
2024-09-08,32,4,비틀쥬스 비틀쥬스,전체,1891,18346,0.103,754,8447,0.089
2024-09-08,32,5,사랑의 하츄핑,CGV,501,7551,0.066,266,3519,0.076
2024-09-08,32,5,사랑의 하츄핑,롯데시네마,357,4903,0.073,170,2109,0.081
2024-09-08,32,5,사랑의 하츄핑,메가박스,237,4724,0.05,144,2013,0.072
2024-09-08,32,5,사랑의 하츄핑,씨네Q,21,242,0.087,14,124,0.113
2024-09-08,32,5,사랑의 하츄핑,기타,64,926,0.069,49,682,0.072
2024-09-08,32,5,사랑의 하츄핑,전체,1180,18346,0.064,643,8447,0.076
2024-09-09,33,1,에이리언: 로물루스,CGV,964,5882,0.164,291,2909,0.1
2024-09-09,33,1,에이리언: 로물루스,롯데시네마,785,3701,0.212,241,1784,0.135
2024-09-09,33,1,에이리언: 로물루스,메가박스,528,3460,0.153,177,1612,0.11
2024-09-09,33,1,에이리언: 로물루스,씨네Q,25,141,0.177,10,82,0.122
2024-09-09,33,1,에이리언: 로물루스,기타,31,439,0.071,20,343,0.058
2024-09-09,33,1,에이리언: 로물루스,전체,2333,13623,0.171,739,6730,0.11
2024-09-09,33,2,"안녕, 할부지",CGV,907,5882,0.154,276,2909,0.095
2024-09-09,33,2,"안녕, 할부지",롯데시네마,636,3701,0.172,206,1784,0.115
2024-09-09,33,2,"안녕, 할부지",메가박스,429,3460,0.124,161,1612,0.1
2024-09-09,33,2,"안녕, 할부지",씨네Q,18,141,0.128,9,82,0.11
2024-09-09,33,2,"안녕, 할부지",기타,58,439,0.132,41,343,0.12
2024-09-09,33,2,"안녕, 할부지",전체,2048,13623,0.15,693,6730,0.103
2024-09-09,33,3,파일럿,CGV,582,5882,0.099,252,2909,0.087
2024-09-09,33,3,파일럿,롯데시네마,541,3701,0.146,175,1784,0.098
2024-09-09,33,3,파일럿,메가박스,312,3460,0.09,155,1612,0.096
2024-09-09,33,3,파일럿,씨네Q,19,141,0.135,8,82,0.098
2024-09-09,33,3,파일럿,기타,34,439,0.077,25,343,0.073
2024-09-09,33,3,파일럿,전체,1488,13623,0.109,615,6730,0.091
2024-09-09,33,4,비틀쥬스 비틀쥬스,CGV,616,5882,0.105,284,2909,0.098
2024-09-09,33,4,비틀쥬스 비틀쥬스,롯데시네마,426,3701,0.115,159,1784,0.089
2024-09-09,33,4,비틀쥬스 비틀쥬스,메가박스,320,3460,0.092,144,1612,0.089
2024-09-09,33,4,비틀쥬스 비틀쥬스,씨네Q,22,141,0.156,9,82,0.11
2024-09-09,33,4,비틀쥬스 비틀쥬스,기타,49,439,0.112,36,343,0.105
2024-09-09,33,4,비틀쥬스 비틀쥬스,전체,1433,13623,0.105,632,6730,0.094
2024-09-09,33,5,룩백,CGV,0,5882,0.0,0,2909,0.0
2024-09-09,33,5,룩백,롯데시네마,0,3701,0.0,0,1784,0.0
2024-09-09,33,5,룩백,메가박스,859,3460,0.248,178,1612,0.11
2024-09-09,33,5,룩백,씨네Q,0,141,0.0,0,82,0.0
2024-09-09,33,5,룩백,기타,5,439,0.011,1,343,0.003
2024-09-09,33,5,룩백,전체,864,13623,0.063,179,6730,0.027
2024-09-10,34,1,에이리언: 로물루스,CGV,931,5883,0.158,282,2930,0.096
2024-09-10,34,1,에이리언: 로물루스,롯데시네마,707,3461,0.204,236,1744,0.135
2024-09-10,34,1,에이리언: 로물루스,메가박스,503,3339,0.151,191,1590,0.12
2024-09-10,34,1,에이리언: 로물루스,씨네Q,27,150,0.18,11,89,0.124
2024-09-10,34,1,에이리언: 로물루스,기타,42,542,0.077,29,437,0.066
2024-09-10,34,1,에이리언: 로물루스,전체,2210,13375,0.165,749,6790,0.11
2024-09-10,34,2,"안녕, 할부지",CGV,908,5883,0.154,276,2930,0.094
2024-09-10,34,2,"안녕, 할부지",롯데시네마,589,3461,0.17,210,1744,0.12
2024-09-10,34,2,"안녕, 할부지",메가박스,372,3339,0.111,156,1590,0.098
2024-09-10,34,2,"안녕, 할부지",씨네Q,23,150,0.153,11,89,0.124
2024-09-10,34,2,"안녕, 할부지",기타,67,542,0.124,48,437,0.11
2024-09-10,34,2,"안녕, 할부지",전체,1959,13375,0.146,701,6790,0.103
2024-09-10,34,3,파일럿,CGV,584,5883,0.099,265,2930,0.09
2024-09-10,34,3,파일럿,롯데시네마,508,3461,0.147,179,1744,0.103
2024-09-10,34,3,파일럿,메가박스,281,3339,0.084,141,1590,0.089
2024-09-10,34,3,파일럿,씨네Q,22,150,0.147,10,89,0.112
2024-09-10,34,3,파일럿,기타,42,542,0.077,31,437,0.071
2024-09-10,34,3,파일럿,전체,1437,13375,0.107,626,6790,0.092
2024-09-10,34,4,비틀쥬스 비틀쥬스,CGV,620,5883,0.105,284,2930,0.097
2024-09-10,34,4,비틀쥬스 비틀쥬스,롯데시네마,381,3461,0.11,147,1744,0.084
2024-09-10,34,4,비틀쥬스 비틀쥬스,메가박스,334,3339,0.1,148,1590,0.093
2024-09-10,34,4,비틀쥬스 비틀쥬스,씨네Q,13,150,0.087,8,89,0.09
2024-09-10,34,4,비틀쥬스 비틀쥬스,기타,51,542,0.094,37,437,0.085
2024-09-10,34,4,비틀쥬스 비틀쥬스,전체,1399,13375,0.105,624,6790,0.092
2024-09-10,34,5,룩백,CGV,0,5883,0.0,0,2930,0.0
2024-09-10,34,5,룩백,롯데시네마,0,3461,0.0,0,1744,0.0
2024-09-10,34,5,룩백,메가박스,865,3339,0.259,188,1590,0.118
2024-09-10,34,5,룩백,씨네Q,0,150,0.0,0,89,0.0
2024-09-10,34,5,룩백,기타,5,542,0.009,1,437,0.002
2024-09-10,34,5,룩백,전체,870,13375,0.065,189,6790,0.028
2024-09-11,35,1,에이리언: 로물루스,CGV,998,5897,0.169,310,2640,0.117
2024-09-11,35,1,에이리언: 로물루스,롯데시네마,679,3657,0.186,225,1560,0.144
2024-09-11,35,1,에이리언: 로물루스,메가박스,490,3424,0.143,172,1581,0.109
2024-09-11,35,1,에이리언: 로물루스,씨네Q,31,165,0.188,12,94,0.128
2024-09-11,35,1,에이리언: 로물루스,기타,41,643,0.064,27,515,0.052
2024-09-11,35,1,에이리언: 로물루스,전체,2239,13786,0.162,746,6390,0.117
2024-09-11,35,2,"안녕, 할부지",CGV,827,5897,0.14,257,2640,0.097
2024-09-11,35,2,"안녕, 할부지",롯데시네마,623,3657,0.17,204,1560,0.131
2024-09-11,35,2,"안녕, 할부지",메가박스,319,3424,0.093,147,1581,0.093
2024-09-11,35,2,"안녕, 할부지",씨네Q,20,165,0.121,7,94,0.074
2024-09-11,35,2,"안녕, 할부지",기타,79,643,0.123,54,515,0.105
2024-09-11,35,2,"안녕, 할부지",전체,1868,13786,0.135,669,6390,0.105
2024-09-11,35,3,스픽 노 이블,CGV,730,5897,0.124,216,2640,0.082
2024-09-11,35,3,스픽 노 이블,롯데시네마,499,3657,0.136,151,1560,0.097
2024-09-11,35,3,스픽 노 이블,메가박스,421,3424,0.123,161,1581,0.102
2024-09-11,35,3,스픽 노 이블,씨네Q,19,165,0.115,6,94,0.064
2024-09-11,35,3,스픽 노 이블,기타,35,643,0.054,18,515,0.035
2024-09-11,35,3,스픽 노 이블,전체,1704,13786,0.124,552,6390,0.086
2024-09-11,35,4,파일럿,CGV,675,5897,0.114,251,2640,0.095
2024-09-11,35,4,파일럿,롯데시네마,498,3657,0.136,165,1560,0.106
2024-09-11,35,4,파일럿,메가박스,272,3424,0.079,137,1581,0.087
2024-09-11,35,4,파일럿,씨네Q,19,165,0.115,10,94,0.106
2024-09-11,35,4,파일럿,기타,55,643,0.086,47,515,0.091
2024-09-11,35,4,파일럿,전체,1519,13786,0.11,610,6390,0.095
2024-09-11,35,5,비틀쥬스 비틀쥬스,CGV,392,5897,0.066,199,2640,0.075
2024-09-11,35,5,비틀쥬스 비틀쥬스,롯데시네마,332,3657,0.091,133,1560,0.085
2024-09-11,35,5,비틀쥬스 비틀쥬스,메가박스,199,3424,0.058,110,1581,0.07
2024-09-11,35,5,비틀쥬스 비틀쥬스,씨네Q,14,165,0.085,8,94,0.085
2024-09-11,35,5,비틀쥬스 비틀쥬스,기타,63,643,0.098,43,515,0.083
2024-09-11,35,5,비틀쥬스 비틀쥬스,전체,1000,13786,0.073,493,6390,0.077
2024-09-12,36,1,에이리언: 로물루스,CGV,987,5702,0.173,307,2674,0.115
2024-09-12,36,1,에이리언: 로물루스,롯데시네마,698,3721,0.188,225,1647,0.137
2024-09-12,36,1,에이리언: 로물루스,메가박스,484,3428,0.141,176,1584,0.111
2024-09-12,36,1,에이리언: 로물루스,씨네Q,27,149,0.181,12,88,0.136
2024-09-12,36,1,에이리언: 로물루스,기타,37,604,0.061,25,493,0.051
2024-09-12,36,1,에이리언: 로물루스,전체,2233,13604,0.164,745,6486,0.115
2024-09-12,36,2,"안녕, 할부지",CGV,772,5702,0.135,274,2674,0.102
2024-09-12,36,2,"안녕, 할부지",롯데시네마,578,3721,0.155,208,1647,0.126
2024-09-12,36,2,"안녕, 할부지",메가박스,287,3428,0.084,140,1584,0.088
2024-09-12,36,2,"안녕, 할부지",씨네Q,17,149,0.114,8,88,0.091
2024-09-12,36,2,"안녕, 할부지",기타,68,604,0.113,54,493,0.11
2024-09-12,36,2,"안녕, 할부지",전체,1722,13604,0.127,684,6486,0.105
2024-09-12,36,3,스픽 노 이블,CGV,641,5702,0.112,212,2674,0.079
2024-09-12,36,3,스픽 노 이블,롯데시네마,473,3721,0.127,150,1647,0.091
2024-09-12,36,3,스픽 노 이블,메가박스,355,3428,0.104,137,1584,0.086
2024-09-12,36,3,스픽 노 이블,씨네Q,19,149,0.128,6,88,0.068
2024-09-12,36,3,스픽 노 이블,기타,25,604,0.041,13,493,0.026
2024-09-12,36,3,스픽 노 이블,전체,1513,13604,0.111,518,6486,0.08
2024-09-12,36,4,파일럿,CGV,668,5702,0.117,246,2674,0.092
2024-09-12,36,4,파일럿,롯데시네마,515,3721,0.138,178,1647,0.108
2024-09-12,36,4,파일럿,메가박스,254,3428,0.074,136,1584,0.086
2024-09-12,36,4,파일럿,씨네Q,22,149,0.148,10,88,0.114
2024-09-12,36,4,파일럿,기타,52,604,0.086,43,493,0.087
2024-09-12,36,4,파일럿,전체,1511,13604,0.111,613,6486,0.095
2024-09-12,36,5,비틀쥬스 비틀쥬스,CGV,387,5702,0.068,196,2674,0.073
2024-09-12,36,5,비틀쥬스 비틀쥬스,롯데시네마,314,3721,0.084,135,1647,0.082
2024-09-12,36,5,비틀쥬스 비틀쥬스,메가박스,181,3428,0.053,112,1584,0.071
2024-09-12,36,5,비틀쥬스 비틀쥬스,씨네Q,9,149,0.06,6,88,0.068
2024-09-12,36,5,비틀쥬스 비틀쥬스,기타,60,604,0.099,43,493,0.087
2024-09-12,36,5,비틀쥬스 비틀쥬스,전체,951,13604,0.07,492,6486,0.076
2024-09-13,37,1,베테랑2,CGV,5676,7871,0.721,1069,2637,0.405
2024-09-13,37,1,베테랑2,롯데시네마,3783,5256,0.72,790,1808,0.437
2024-09-13,37,1,베테랑2,메가박스,3267,4655,0.702,621,1539,0.404
2024-09-13,37,1,베테랑2,씨네Q,215,271,0.793,42,84,0.5
2024-09-13,37,1,베테랑2,기타,508,897,0.566,159,503,0.316
2024-09-13,37,1,베테랑2,전체,13449,18950,0.71,2681,6571,0.408
2024-09-13,37,2,에이리언: 로물루스,CGV,366,7871,0.046,217,2637,0.082
2024-09-13,37,2,에이리언: 로물루스,롯데시네마,163,5256,0.031,117,1808,0.065
2024-09-13,37,2,에이리언: 로물루스,메가박스,127,4655,0.027,87,1539,0.057
2024-09-13,37,2,에이리언: 로물루스,씨네Q,12,271,0.044,7,84,0.083
2024-09-13,37,2,에이리언: 로물루스,기타,8,897,0.009,6,503,0.012
2024-09-13,37,2,에이리언: 로물루스,전체,676,18950,0.036,434,6571,0.066
2024-09-13,37,3,스픽 노 이블,CGV,312,7871,0.04,191,2637,0.072
2024-09-13,37,3,스픽 노 이블,롯데시네마,207,5256,0.039,141,1808,0.078
2024-09-13,37,3,스픽 노 이블,메가박스,117,4655,0.025,93,1539,0.06
2024-09-13,37,3,스픽 노 이블,씨네Q,9,271,0.033,5,84,0.06
2024-09-13,37,3,스픽 노 이블,기타,13,897,0.014,11,503,0.022
2024-09-13,37,3,스픽 노 이블,전체,658,18950,0.035,441,6571,0.067
2024-09-13,37,4,"안녕, 할부지",CGV,251,7871,0.032,179,2637,0.068
2024-09-13,37,4,"안녕, 할부지",롯데시네마,146,5256,0.028,112,1808,0.062
2024-09-13,37,4,"안녕, 할부지",메가박스,91,4655,0.02,69,1539,0.045
2024-09-13,37,4,"안녕, 할부지",씨네Q,9,271,0.033,7,84,0.083
2024-09-13,37,4,"안녕, 할부지",기타,49,897,0.055,41,503,0.082
2024-09-13,37,4,"안녕, 할부지",전체,546,18950,0.029,408,6571,0.062
2024-09-13,37,5,룩백,CGV,0,7871,0.0,0,2637,0.0
2024-09-13,37,5,룩백,롯데시네마,0,5256,0.0,0,1808,0.0
2024-09-13,37,5,룩백,메가박스,524,4655,0.113,210,1539,0.136
2024-09-13,37,5,룩백,씨네Q,0,271,0.0,0,84,0.0
2024-09-13,37,5,룩백,기타,10,897,0.011,6,503,0.012
2024-09-13,37,5,룩백,전체,534,18950,0.028,216,6571,0.033
2024-09-14,38,1,베테랑2,CGV,5752,8664,0.664,1036,2900,0.357
2024-09-14,38,1,베테랑2,롯데시네마,3933,5623,0.699,790,1961,0.403
2024-09-14,38,1,베테랑2,메가박스,3468,5064,0.685,634,1731,0.366
2024-09-14,38,1,베테랑2,씨네Q,232,313,0.741,43,107,0.402
2024-09-14,38,1,베테랑2,기타,541,1082,0.5,164,624,0.263
2024-09-14,38,1,베테랑2,전체,13926,20746,0.671,2667,7323,0.364
2024-09-14,38,2,브레드이발소: 빵스타의 탄생,CGV,845,8664,0.098,320,2900,0.11
2024-09-14,38,2,브레드이발소: 빵스타의 탄생,롯데시네마,3,5623,0.001,1,1961,0.001
2024-09-14,38,2,브레드이발소: 빵스타의 탄생,메가박스,7,5064,0.001,2,1731,0.001
2024-09-14,38,2,브레드이발소: 빵스타의 탄생,씨네Q,16,313,0.051,9,107,0.084
2024-09-14,38,2,브레드이발소: 빵스타의 탄생,기타,87,1082,0.08,68,624,0.109
2024-09-14,38,2,브레드이발소: 빵스타의 탄생,전체,958,20746,0.046,400,7323,0.055
2024-09-14,38,3,사랑의 하츄핑,CGV,280,8664,0.032,193,2900,0.067
2024-09-14,38,3,사랑의 하츄핑,롯데시네마,214,5623,0.038,152,1961,0.078
2024-09-14,38,3,사랑의 하츄핑,메가박스,165,5064,0.033,114,1731,0.066
2024-09-14,38,3,사랑의 하츄핑,씨네Q,8,313,0.026,8,107,0.075
2024-09-14,38,3,사랑의 하츄핑,기타,13,1082,0.012,11,624,0.018
2024-09-14,38,3,사랑의 하츄핑,전체,680,20746,0.033,478,7323,0.065
2024-09-14,38,4,스픽 노 이블,CGV,282,8664,0.033,189,2900,0.065
2024-09-14,38,4,스픽 노 이블,롯데시네마,213,5623,0.038,148,1961,0.075
2024-09-14,38,4,스픽 노 이블,메가박스,111,5064,0.022,96,1731,0.055
2024-09-14,38,4,스픽 노 이블,씨네Q,9,313,0.029,6,107,0.056
2024-09-14,38,4,스픽 노 이블,기타,26,1082,0.024,19,624,0.03
2024-09-14,38,4,스픽 노 이블,전체,641,20746,0.031,458,7323,0.063
2024-09-14,38,5,에이리언: 로물루스,CGV,269,8664,0.031,190,2900,0.066
2024-09-14,38,5,에이리언: 로물루스,롯데시네마,135,5623,0.024,100,1961,0.051
2024-09-14,38,5,에이리언: 로물루스,메가박스,124,5064,0.024,89,1731,0.051
2024-09-14,38,5,에이리언: 로물루스,씨네Q,11,313,0.035,6,107,0.056
2024-09-14,38,5,에이리언: 로물루스,기타,7,1082,0.006,7,624,0.011
2024-09-14,38,5,에이리언: 로물루스,전체,546,20746,0.026,392,7323,0.054
2024-09-15,39,1,베테랑2,CGV,5805,8667,0.67,1050,2905,0.361
2024-09-15,39,1,베테랑2,롯데시네마,3919,5619,0.697,798,1971,0.405
2024-09-15,39,1,베테랑2,메가박스,3472,5067,0.685,634,1746,0.363
2024-09-15,39,1,베테랑2,씨네Q,237,316,0.75,43,105,0.41
2024-09-15,39,1,베테랑2,기타,548,1084,0.506,165,620,0.266
2024-09-15,39,1,베테랑2,전체,13981,20753,0.674,2690,7347,0.366
2024-09-15,39,2,브레드이발소: 빵스타의 탄생,CGV,813,8667,0.094,304,2905,0.105
2024-09-15,39,2,브레드이발소: 빵스타의 탄생,롯데시네마,3,5619,0.001,1,1971,0.001
2024-09-15,39,2,브레드이발소: 빵스타의 탄생,메가박스,6,5067,0.001,2,1746,0.001
2024-09-15,39,2,브레드이발소: 빵스타의 탄생,씨네Q,16,316,0.051,9,105,0.086
2024-09-15,39,2,브레드이발소: 빵스타의 탄생,기타,84,1084,0.077,66,620,0.106
2024-09-15,39,2,브레드이발소: 빵스타의 탄생,전체,922,20753,0.044,382,7347,0.052
2024-09-15,39,3,사랑의 하츄핑,CGV,281,8667,0.032,201,2905,0.069
2024-09-15,39,3,사랑의 하츄핑,롯데시네마,218,5619,0.039,150,1971,0.076
2024-09-15,39,3,사랑의 하츄핑,메가박스,172,5067,0.034,123,1746,0.07
2024-09-15,39,3,사랑의 하츄핑,씨네Q,12,316,0.038,10,105,0.095
2024-09-15,39,3,사랑의 하츄핑,기타,14,1084,0.013,12,620,0.019
2024-09-15,39,3,사랑의 하츄핑,전체,697,20753,0.034,496,7347,0.068
2024-09-15,39,4,스픽 노 이블,CGV,270,8667,0.031,189,2905,0.065
2024-09-15,39,4,스픽 노 이블,롯데시네마,207,5619,0.037,147,1971,0.075
2024-09-15,39,4,스픽 노 이블,메가박스,105,5067,0.021,93,1746,0.053
2024-09-15,39,4,스픽 노 이블,씨네Q,9,316,0.028,6,105,0.057
2024-09-15,39,4,스픽 노 이블,기타,26,1084,0.024,20,620,0.032
2024-09-15,39,4,스픽 노 이블,전체,617,20753,0.03,455,7347,0.062
2024-09-15,39,5,룩백,CGV,0,8667,0.0,0,2905,0.0
2024-09-15,39,5,룩백,롯데시네마,0,5619,0.0,0,1971,0.0
2024-09-15,39,5,룩백,메가박스,535,5067,0.106,218,1746,0.125
2024-09-15,39,5,룩백,씨네Q,0,316,0.0,0,105,0.0
2024-09-15,39,5,룩백,기타,9,1084,0.008,5,620,0.008
2024-09-15,39,5,룩백,전체,544,20753,0.026,223,7347,0.03
2024-09-16,40,1,베테랑2,CGV,5858,8677,0.675,1065,2914,0.365
2024-09-16,40,1,베테랑2,롯데시네마,3944,5592,0.705,791,1929,0.41
2024-09-16,40,1,베테랑2,메가박스,3465,5076,0.683,632,1731,0.365
2024-09-16,40,1,베테랑2,씨네Q,236,314,0.752,44,105,0.419
2024-09-16,40,1,베테랑2,기타,516,981,0.526,152,547,0.278
2024-09-16,40,1,베테랑2,전체,14019,20640,0.679,2684,7226,0.371
2024-09-16,40,2,브레드이발소: 빵스타의 탄생,CGV,768,8677,0.089,287,2914,0.098
2024-09-16,40,2,브레드이발소: 빵스타의 탄생,롯데시네마,3,5592,0.001,1,1929,0.001
2024-09-16,40,2,브레드이발소: 빵스타의 탄생,메가박스,6,5076,0.001,2,1731,0.001
2024-09-16,40,2,브레드이발소: 빵스타의 탄생,씨네Q,15,314,0.048,9,105,0.086
2024-09-16,40,2,브레드이발소: 빵스타의 탄생,기타,85,981,0.087,68,547,0.124
2024-09-16,40,2,브레드이발소: 빵스타의 탄생,전체,877,20640,0.042,367,7226,0.051
2024-09-16,40,3,사랑의 하츄핑,CGV,309,8677,0.036,216,2914,0.074
2024-09-16,40,3,사랑의 하츄핑,롯데시네마,233,5592,0.042,157,1929,0.081
2024-09-16,40,3,사랑의 하츄핑,메가박스,176,5076,0.035,120,1731,0.069
2024-09-16,40,3,사랑의 하츄핑,씨네Q,11,314,0.035,8,105,0.076
2024-09-16,40,3,사랑의 하츄핑,기타,11,981,0.011,9,547,0.016
2024-09-16,40,3,사랑의 하츄핑,전체,740,20640,0.036,510,7226,0.071
2024-09-16,40,4,스픽 노 이블,CGV,248,8677,0.029,181,2914,0.062
2024-09-16,40,4,스픽 노 이블,롯데시네마,181,5592,0.032,129,1929,0.067
2024-09-16,40,4,스픽 노 이블,메가박스,108,5076,0.021,94,1731,0.054
2024-09-16,40,4,스픽 노 이블,씨네Q,8,314,0.025,6,105,0.057
2024-09-16,40,4,스픽 노 이블,기타,22,981,0.022,14,547,0.026
2024-09-16,40,4,스픽 노 이블,전체,567,20640,0.027,424,7226,0.059
2024-09-16,40,5,에이리언: 로물루스,CGV,272,8677,0.031,193,2914,0.066
2024-09-16,40,5,에이리언: 로물루스,롯데시네마,126,5592,0.023,93,1929,0.048
2024-09-16,40,5,에이리언: 로물루스,메가박스,134,5076,0.026,99,1731,0.057
2024-09-16,40,5,에이리언: 로물루스,씨네Q,11,314,0.035,5,105,0.048
2024-09-16,40,5,에이리언: 로물루스,기타,8,981,0.008,7,547,0.013
2024-09-16,40,5,에이리언: 로물루스,전체,551,20640,0.027,397,7226,0.055
2024-09-17,41,1,베테랑2,CGV,5874,8683,0.676,1064,2910,0.366
2024-09-17,41,1,베테랑2,롯데시네마,3926,5570,0.705,791,1935,0.409
2024-09-17,41,1,베테랑2,메가박스,3461,5057,0.684,635,1725,0.368
2024-09-17,41,1,베테랑2,씨네Q,216,289,0.747,40,95,0.421
2024-09-17,41,1,베테랑2,기타,489,912,0.536,148,507,0.292
2024-09-17,41,1,베테랑2,전체,13966,20511,0.681,2678,7172,0.373
2024-09-17,41,2,브레드이발소: 빵스타의 탄생,CGV,738,8683,0.085,278,2910,0.096
2024-09-17,41,2,브레드이발소: 빵스타의 탄생,롯데시네마,3,5570,0.001,1,1935,0.001
2024-09-17,41,2,브레드이발소: 빵스타의 탄생,메가박스,7,5057,0.001,2,1725,0.001
2024-09-17,41,2,브레드이발소: 빵스타의 탄생,씨네Q,15,289,0.052,8,95,0.084
2024-09-17,41,2,브레드이발소: 빵스타의 탄생,기타,68,912,0.075,55,507,0.108
2024-09-17,41,2,브레드이발소: 빵스타의 탄생,전체,831,20511,0.041,344,7172,0.048
2024-09-17,41,3,사랑의 하츄핑,CGV,320,8683,0.037,219,2910,0.075
2024-09-17,41,3,사랑의 하츄핑,롯데시네마,229,5570,0.041,157,1935,0.081
2024-09-17,41,3,사랑의 하츄핑,메가박스,178,5057,0.035,119,1725,0.069
2024-09-17,41,3,사랑의 하츄핑,씨네Q,10,289,0.035,7,95,0.074
2024-09-17,41,3,사랑의 하츄핑,기타,12,912,0.013,10,507,0.02
2024-09-17,41,3,사랑의 하츄핑,전체,749,20511,0.037,512,7172,0.071
2024-09-17,41,4,에이리언: 로물루스,CGV,275,8683,0.032,192,2910,0.066
2024-09-17,41,4,에이리언: 로물루스,롯데시네마,134,5570,0.024,99,1935,0.051
2024-09-17,41,4,에이리언: 로물루스,메가박스,137,5057,0.027,103,1725,0.06
2024-09-17,41,4,에이리언: 로물루스,씨네Q,9,289,0.031,5,95,0.053
2024-09-17,41,4,에이리언: 로물루스,기타,8,912,0.009,7,507,0.014
2024-09-17,41,4,에이리언: 로물루스,전체,563,20511,0.027,406,7172,0.057
2024-09-17,41,5,스픽 노 이블,CGV,244,8683,0.028,180,2910,0.062
2024-09-17,41,5,스픽 노 이블,롯데시네마,177,5570,0.032,129,1935,0.067
2024-09-17,41,5,스픽 노 이블,메가박스,107,5057,0.021,92,1725,0.053
2024-09-17,41,5,스픽 노 이블,씨네Q,7,289,0.024,5,95,0.053
2024-09-17,41,5,스픽 노 이블,기타,21,912,0.023,15,507,0.03
2024-09-17,41,5,스픽 노 이블,전체,556,20511,0.027,421,7172,0.059
2024-09-18,42,1,베테랑2,CGV,5458,8314,0.656,1032,2787,0.37
2024-09-18,42,1,베테랑2,롯데시네마,3716,5403,0.688,785,2031,0.387
2024-09-18,42,1,베테랑2,메가박스,3200,4879,0.656,623,1803,0.346
2024-09-18,42,1,베테랑2,씨네Q,222,298,0.745,45,108,0.417
2024-09-18,42,1,베테랑2,기타,542,1074,0.505,161,609,0.264
2024-09-18,42,1,베테랑2,전체,13138,19968,0.658,2646,7338,0.361
2024-09-18,42,2,브레드이발소: 빵스타의 탄생,CGV,685,8314,0.082,267,2787,0.096
2024-09-18,42,2,브레드이발소: 빵스타의 탄생,롯데시네마,3,5403,0.001,1,2031,0.0
2024-09-18,42,2,브레드이발소: 빵스타의 탄생,메가박스,7,4879,0.001,2,1803,0.001
2024-09-18,42,2,브레드이발소: 빵스타의 탄생,씨네Q,13,298,0.044,9,108,0.083
2024-09-18,42,2,브레드이발소: 빵스타의 탄생,기타,88,1074,0.082,72,609,0.118
2024-09-18,42,2,브레드이발소: 빵스타의 탄생,전체,796,19968,0.04,351,7338,0.048
2024-09-18,42,3,사랑의 하츄핑,CGV,280,8314,0.034,193,2787,0.069
2024-09-18,42,3,사랑의 하츄핑,롯데시네마,240,5403,0.044,169,2031,0.083
2024-09-18,42,3,사랑의 하츄핑,메가박스,168,4879,0.034,114,1803,0.063
2024-09-18,42,3,사랑의 하츄핑,씨네Q,12,298,0.04,9,108,0.083
2024-09-18,42,3,사랑의 하츄핑,기타,12,1074,0.011,10,609,0.016
2024-09-18,42,3,사랑의 하츄핑,전체,712,19968,0.036,495,7338,0.067
2024-09-18,42,4,룩백,CGV,0,8314,0.0,0,2787,0.0
2024-09-18,42,4,룩백,롯데시네마,0,5403,0.0,0,2031,0.0
2024-09-18,42,4,룩백,메가박스,495,4879,0.101,224,1803,0.124
2024-09-18,42,4,룩백,씨네Q,0,298,0.0,0,108,0.0
2024-09-18,42,4,룩백,기타,9,1074,0.008,7,609,0.011
2024-09-18,42,4,룩백,전체,504,19968,0.025,231,7338,0.031
2024-09-18,42,5,트랩,CGV,174,8314,0.021,123,2787,0.044
2024-09-18,42,5,트랩,롯데시네마,155,5403,0.029,122,2031,0.06
2024-09-18,42,5,트랩,메가박스,105,4879,0.022,85,1803,0.047
2024-09-18,42,5,트랩,씨네Q,8,298,0.027,6,108,0.056
2024-09-18,42,5,트랩,기타,39,1074,0.036,32,609,0.053
2024-09-18,42,5,트랩,전체,481,19968,0.024,368,7338,0.05
2024-09-19,43,1,베테랑2,CGV,5031,7457,0.675,980,2561,0.383
2024-09-19,43,1,베테랑2,롯데시네마,3034,4542,0.668,720,1778,0.405
2024-09-19,43,1,베테랑2,메가박스,2713,4378,0.62,557,1638,0.34
2024-09-19,43,1,베테랑2,씨네Q,185,248,0.746,43,93,0.462
2024-09-19,43,1,베테랑2,기타,413,780,0.529,138,453,0.305
2024-09-19,43,1,베테랑2,전체,11376,17405,0.654,2438,6523,0.374
2024-09-19,43,2,비긴 어게인,CGV,225,7457,0.03,147,2561,0.057
2024-09-19,43,2,비긴 어게인,롯데시네마,199,4542,0.044,111,1778,0.062
2024-09-19,43,2,비긴 어게인,메가박스,236,4378,0.054,134,1638,0.082
2024-09-19,43,2,비긴 어게인,씨네Q,7,248,0.028,5,93,0.054
2024-09-19,43,2,비긴 어게인,기타,6,780,0.008,6,453,0.013
2024-09-19,43,2,비긴 어게인,전체,673,17405,0.039,403,6523,0.062
2024-09-19,43,3,에이리언: 로물루스,CGV,310,7457,0.042,188,2561,0.073
2024-09-19,43,3,에이리언: 로물루스,롯데시네마,132,4542,0.029,100,1778,0.056
2024-09-19,43,3,에이리언: 로물루스,메가박스,109,4378,0.025,87,1638,0.053
2024-09-19,43,3,에이리언: 로물루스,씨네Q,4,248,0.016,3,93,0.032
2024-09-19,43,3,에이리언: 로물루스,기타,8,780,0.01,7,453,0.015
2024-09-19,43,3,에이리언: 로물루스,전체,563,17405,0.032,385,6523,0.059
2024-09-19,43,4,룩백,CGV,0,7457,0.0,0,2561,0.0
2024-09-19,43,4,룩백,롯데시네마,0,4542,0.0,0,1778,0.0
2024-09-19,43,4,룩백,메가박스,541,4378,0.124,234,1638,0.143
2024-09-19,43,4,룩백,씨네Q,0,248,0.0,0,93,0.0
2024-09-19,43,4,룩백,기타,9,780,0.012,5,453,0.011
2024-09-19,43,4,룩백,전체,550,17405,0.032,239,6523,0.037
2024-09-19,43,5,트랩,CGV,182,7457,0.024,123,2561,0.048
2024-09-19,43,5,트랩,롯데시네마,218,4542,0.048,134,1778,0.075
2024-09-19,43,5,트랩,메가박스,103,4378,0.024,86,1638,0.053
2024-09-19,43,5,트랩,씨네Q,9,248,0.036,5,93,0.054
2024-09-19,43,5,트랩,기타,29,780,0.037,21,453,0.046
2024-09-19,43,5,트랩,전체,541,17405,0.031,369,6523,0.057
2024-09-20,44,1,베테랑2,CGV,5135,7642,0.672,996,2673,0.373
2024-09-20,44,1,베테랑2,롯데시네마,3229,4829,0.669,729,1852,0.394
2024-09-20,44,1,베테랑2,메가박스,2766,4428,0.625,561,1635,0.343
2024-09-20,44,1,베테랑2,씨네Q,190,250,0.76,43,90,0.478
2024-09-20,44,1,베테랑2,기타,454,852,0.533,152,496,0.306
2024-09-20,44,1,베테랑2,전체,11774,18001,0.654,2481,6746,0.368
2024-09-20,44,2,비긴 어게인,CGV,249,7642,0.033,163,2673,0.061
2024-09-20,44,2,비긴 어게인,롯데시네마,197,4829,0.041,110,1852,0.059
2024-09-20,44,2,비긴 어게인,메가박스,241,4428,0.054,139,1635,0.085
2024-09-20,44,2,비긴 어게인,씨네Q,8,250,0.032,6,90,0.067
2024-09-20,44,2,비긴 어게인,기타,7,852,0.008,7,496,0.014
2024-09-20,44,2,비긴 어게인,전체,702,18001,0.039,425,6746,0.063
2024-09-20,44,3,에이리언: 로물루스,CGV,327,7642,0.043,192,2673,0.072
2024-09-20,44,3,에이리언: 로물루스,롯데시네마,143,4829,0.03,108,1852,0.058
2024-09-20,44,3,에이리언: 로물루스,메가박스,113,4428,0.026,89,1635,0.054
2024-09-20,44,3,에이리언: 로물루스,씨네Q,7,250,0.028,4,90,0.044
2024-09-20,44,3,에이리언: 로물루스,기타,8,852,0.009,7,496,0.014
2024-09-20,44,3,에이리언: 로물루스,전체,598,18001,0.033,400,6746,0.059
2024-09-20,44,4,트랩,CGV,178,7642,0.023,119,2673,0.045
2024-09-20,44,4,트랩,롯데시네마,232,4829,0.048,138,1852,0.075
2024-09-20,44,4,트랩,메가박스,99,4428,0.022,74,1635,0.045
2024-09-20,44,4,트랩,씨네Q,9,250,0.036,6,90,0.067
2024-09-20,44,4,트랩,기타,39,852,0.046,30,496,0.06
2024-09-20,44,4,트랩,전체,557,18001,0.031,367,6746,0.054
2024-09-20,44,5,룩백,CGV,0,7642,0.0,0,2673,0.0
2024-09-20,44,5,룩백,롯데시네마,0,4829,0.0,0,1852,0.0
2024-09-20,44,5,룩백,메가박스,541,4428,0.122,232,1635,0.142
2024-09-20,44,5,룩백,씨네Q,0,250,0.0,0,90,0.0
2024-09-20,44,5,룩백,기타,9,852,0.011,6,496,0.012
2024-09-20,44,5,룩백,전체,550,18001,0.031,238,6746,0.035
2024-09-21,45,1,베테랑2,CGV,5252,8165,0.643,1017,2874,0.354
2024-09-21,45,1,베테랑2,롯데시네마,3347,5184,0.646,718,1987,0.361
2024-09-21,45,1,베테랑2,메가박스,2953,4839,0.61,575,1839,0.313
2024-09-21,45,1,베테랑2,씨네Q,214,290,0.738,47,104,0.452
2024-09-21,45,1,베테랑2,기타,530,1024,0.518,163,583,0.28
2024-09-21,45,1,베테랑2,전체,12296,19502,0.63,2520,7387,0.341
2024-09-21,45,2,브레드이발소: 빵스타의 탄생,CGV,744,8165,0.091,326,2874,0.113
2024-09-21,45,2,브레드이발소: 빵스타의 탄생,롯데시네마,4,5184,0.001,1,1987,0.001
2024-09-21,45,2,브레드이발소: 빵스타의 탄생,메가박스,3,4839,0.001,1,1839,0.001
2024-09-21,45,2,브레드이발소: 빵스타의 탄생,씨네Q,17,290,0.059,9,104,0.087
2024-09-21,45,2,브레드이발소: 빵스타의 탄생,기타,90,1024,0.088,72,583,0.123
2024-09-21,45,2,브레드이발소: 빵스타의 탄생,전체,858,19502,0.044,409,7387,0.055
2024-09-21,45,3,비긴 어게인,CGV,254,8165,0.031,171,2874,0.059
2024-09-21,45,3,비긴 어게인,롯데시네마,159,5184,0.031,104,1987,0.052
2024-09-21,45,3,비긴 어게인,메가박스,226,4839,0.047,131,1839,0.071
2024-09-21,45,3,비긴 어게인,씨네Q,7,290,0.024,5,104,0.048
2024-09-21,45,3,비긴 어게인,기타,9,1024,0.009,9,583,0.015
2024-09-21,45,3,비긴 어게인,전체,655,19502,0.034,420,7387,0.057
2024-09-21,45,4,사랑의 하츄핑,CGV,245,8165,0.03,171,2874,0.059
2024-09-21,45,4,사랑의 하츄핑,롯데시네마,226,5184,0.044,147,1987,0.074
2024-09-21,45,4,사랑의 하츄핑,메가박스,148,4839,0.031,107,1839,0.058
2024-09-21,45,4,사랑의 하츄핑,씨네Q,11,290,0.038,8,104,0.077
2024-09-21,45,4,사랑의 하츄핑,기타,12,1024,0.012,10,583,0.017
2024-09-21,45,4,사랑의 하츄핑,전체,642,19502,0.033,443,7387,0.06
2024-09-21,45,5,룩백,CGV,0,8165,0.0,0,2874,0.0
2024-09-21,45,5,룩백,롯데시네마,0,5184,0.0,0,1987,0.0
2024-09-21,45,5,룩백,메가박스,536,4839,0.111,239,1839,0.13
2024-09-21,45,5,룩백,씨네Q,0,290,0.0,0,104,0.0
2024-09-21,45,5,룩백,기타,10,1024,0.01,6,583,0.01
2024-09-21,45,5,룩백,전체,546,19502,0.028,245,7387,0.033
2024-09-22,46,1,베테랑2,CGV,5037,7887,0.639,1008,2857,0.353
2024-09-22,46,1,베테랑2,롯데시네마,3164,4978,0.636,709,1990,0.356
2024-09-22,46,1,베테랑2,메가박스,2820,4656,0.606,570,1803,0.316
2024-09-22,46,1,베테랑2,씨네Q,195,277,0.704,46,112,0.411
2024-09-22,46,1,베테랑2,기타,527,996,0.529,163,554,0.294
2024-09-22,46,1,베테랑2,전체,11743,18794,0.625,2496,7316,0.341
2024-09-22,46,2,브레드이발소: 빵스타의 탄생,CGV,767,7887,0.097,347,2857,0.121
2024-09-22,46,2,브레드이발소: 빵스타의 탄생,롯데시네마,4,4978,0.001,1,1990,0.001
2024-09-22,46,2,브레드이발소: 빵스타의 탄생,메가박스,4,4656,0.001,2,1803,0.001
2024-09-22,46,2,브레드이발소: 빵스타의 탄생,씨네Q,18,277,0.065,11,112,0.098
2024-09-22,46,2,브레드이발소: 빵스타의 탄생,기타,92,996,0.092,66,554,0.119
2024-09-22,46,2,브레드이발소: 빵스타의 탄생,전체,885,18794,0.047,427,7316,0.058
2024-09-22,46,3,사랑의 하츄핑,CGV,267,7887,0.034,179,2857,0.063
2024-09-22,46,3,사랑의 하츄핑,롯데시네마,229,4978,0.046,152,1990,0.076
2024-09-22,46,3,사랑의 하츄핑,메가박스,163,4656,0.035,113,1803,0.063
2024-09-22,46,3,사랑의 하츄핑,씨네Q,12,277,0.043,9,112,0.08
2024-09-22,46,3,사랑의 하츄핑,기타,12,996,0.012,11,554,0.02
2024-09-22,46,3,사랑의 하츄핑,전체,683,18794,0.036,464,7316,0.063
2024-09-22,46,4,비긴 어게인,CGV,258,7887,0.033,178,2857,0.062
2024-09-22,46,4,비긴 어게인,롯데시네마,163,4978,0.033,107,1990,0.054
2024-09-22,46,4,비긴 어게인,메가박스,239,4656,0.051,136,1803,0.075
2024-09-22,46,4,비긴 어게인,씨네Q,7,277,0.025,5,112,0.045
2024-09-22,46,4,비긴 어게인,기타,7,996,0.007,7,554,0.013
2024-09-22,46,4,비긴 어게인,전체,674,18794,0.036,433,7316,0.059
2024-09-22,46,5,룩백,CGV,0,7887,0.0,0,2857,0.0
2024-09-22,46,5,룩백,롯데시네마,0,4978,0.0,0,1990,0.0
2024-09-22,46,5,룩백,메가박스,540,4656,0.116,240,1803,0.133
2024-09-22,46,5,룩백,씨네Q,0,277,0.0,0,112,0.0
2024-09-22,46,5,룩백,기타,9,996,0.009,7,554,0.013
2024-09-22,46,5,룩백,전체,549,18794,0.029,247,7316,0.034
2024-09-23,47,1,베테랑2,CGV,4434,6585,0.673,951,2499,0.381
2024-09-23,47,1,베테랑2,롯데시네마,2835,4108,0.69,696,1636,0.425
2024-09-23,47,1,베테랑2,메가박스,2348,3881,0.605,548,1552,0.353
2024-09-23,47,1,베테랑2,씨네Q,121,155,0.781,33,61,0.541
2024-09-23,47,1,베테랑2,기타,276,520,0.531,99,309,0.32
2024-09-23,47,1,베테랑2,전체,10014,15249,0.657,2327,6057,0.384
2024-09-23,47,2,비긴 어게인,CGV,296,6585,0.045,170,2499,0.068
2024-09-23,47,2,비긴 어게인,롯데시네마,206,4108,0.05,123,1636,0.075
2024-09-23,47,2,비긴 어게인,메가박스,252,3881,0.065,137,1552,0.088
2024-09-23,47,2,비긴 어게인,씨네Q,6,155,0.039,3,61,0.049
2024-09-23,47,2,비긴 어게인,기타,4,520,0.008,3,309,0.01
2024-09-23,47,2,비긴 어게인,전체,764,15249,0.05,436,6057,0.072
2024-09-23,47,3,에이리언: 로물루스,CGV,274,6585,0.042,187,2499,0.075
2024-09-23,47,3,에이리언: 로물루스,롯데시네마,146,4108,0.036,101,1636,0.062
2024-09-23,47,3,에이리언: 로물루스,메가박스,88,3881,0.023,74,1552,0.048
2024-09-23,47,3,에이리언: 로물루스,씨네Q,4,155,0.026,3,61,0.049
2024-09-23,47,3,에이리언: 로물루스,기타,6,520,0.012,5,309,0.016
2024-09-23,47,3,에이리언: 로물루스,전체,518,15249,0.034,370,6057,0.061
2024-09-23,47,4,룩백,CGV,0,6585,0.0,0,2499,0.0
2024-09-23,47,4,룩백,롯데시네마,0,4108,0.0,0,1636,0.0
2024-09-23,47,4,룩백,메가박스,500,3881,0.129,220,1552,0.142
2024-09-23,47,4,룩백,씨네Q,0,155,0.0,0,61,0.0
2024-09-23,47,4,룩백,기타,6,520,0.012,5,309,0.016
2024-09-23,47,4,룩백,전체,506,15249,0.033,225,6057,0.037
2024-09-23,47,5,트랩,CGV,117,6585,0.018,90,2499,0.036
2024-09-23,47,5,트랩,롯데시네마,116,4108,0.028,89,1636,0.054
2024-09-23,47,5,트랩,메가박스,70,3881,0.018,58,1552,0.037
2024-09-23,47,5,트랩,씨네Q,0,155,0.0,0,61,0.0
2024-09-23,47,5,트랩,기타,18,520,0.035,17,309,0.055
2024-09-23,47,5,트랩,전체,321,15249,0.021,254,6057,0.042
2024-09-24,48,1,베테랑2,CGV,4356,6528,0.667,955,2551,0.374
2024-09-24,48,1,베테랑2,롯데시네마,2773,4048,0.685,692,1633,0.424
2024-09-24,48,1,베테랑2,메가박스,2265,3740,0.606,552,1533,0.36
2024-09-24,48,1,베테랑2,씨네Q,131,178,0.736,36,75,0.48
2024-09-24,48,1,베테랑2,기타,310,605,0.512,108,364,0.297
2024-09-24,48,1,베테랑2,전체,9835,15099,0.651,2343,6156,0.381
2024-09-24,48,2,비긴 어게인,CGV,309,6528,0.047,184,2551,0.072
2024-09-24,48,2,비긴 어게인,롯데시네마,201,4048,0.05,121,1633,0.074
2024-09-24,48,2,비긴 어게인,메가박스,238,3740,0.064,134,1533,0.087
2024-09-24,48,2,비긴 어게인,씨네Q,10,178,0.056,6,75,0.08
2024-09-24,48,2,비긴 어게인,기타,7,605,0.012,6,364,0.016
2024-09-24,48,2,비긴 어게인,전체,765,15099,0.051,451,6156,0.073
2024-09-24,48,3,에이리언: 로물루스,CGV,264,6528,0.04,178,2551,0.07
2024-09-24,48,3,에이리언: 로물루스,롯데시네마,132,4048,0.033,95,1633,0.058
2024-09-24,48,3,에이리언: 로물루스,메가박스,88,3740,0.024,71,1533,0.046
2024-09-24,48,3,에이리언: 로물루스,씨네Q,4,178,0.022,3,75,0.04
2024-09-24,48,3,에이리언: 로물루스,기타,4,605,0.007,3,364,0.008
2024-09-24,48,3,에이리언: 로물루스,전체,492,15099,0.033,350,6156,0.057
2024-09-24,48,4,룩백,CGV,0,6528,0.0,0,2551,0.0
2024-09-24,48,4,룩백,롯데시네마,0,4048,0.0,0,1633,0.0
2024-09-24,48,4,룩백,메가박스,469,3740,0.125,212,1533,0.138
2024-09-24,48,4,룩백,씨네Q,0,178,0.0,0,75,0.0
2024-09-24,48,4,룩백,기타,6,605,0.01,5,364,0.014
2024-09-24,48,4,룩백,전체,475,15099,0.031,217,6156,0.035
2024-09-24,48,5,트랩,CGV,115,6528,0.018,91,2551,0.036
2024-09-24,48,5,트랩,롯데시네마,114,4048,0.028,84,1633,0.051
2024-09-24,48,5,트랩,메가박스,57,3740,0.015,49,1533,0.032
2024-09-24,48,5,트랩,씨네Q,6,178,0.034,6,75,0.08
2024-09-24,48,5,트랩,기타,20,605,0.033,18,364,0.049
2024-09-24,48,5,트랩,전체,312,15099,0.021,248,6156,0.04
2024-09-25,49,1,베테랑2,CGV,3749,7170,0.523,849,2704,0.314
2024-09-25,49,1,베테랑2,롯데시네마,2428,4348,0.558,610,1580,0.386
2024-09-25,49,1,베테랑2,메가박스,1957,3999,0.489,483,1581,0.306
2024-09-25,49,1,베테랑2,씨네Q,142,208,0.683,41,87,0.471
2024-09-25,49,1,베테랑2,기타,359,741,0.484,136,464,0.293
2024-09-25,49,1,베테랑2,전체,8635,16466,0.524,2119,6416,0.33
2024-09-25,49,2,트랜스포머 ONE,CGV,1332,7170,0.186,398,2704,0.147
2024-09-25,49,2,트랜스포머 ONE,롯데시네마,996,4348,0.229,272,1580,0.172
2024-09-25,49,2,트랜스포머 ONE,메가박스,630,3999,0.158,194,1581,0.123
2024-09-25,49,2,트랜스포머 ONE,씨네Q,33,208,0.159,16,87,0.184
2024-09-25,49,2,트랜스포머 ONE,기타,103,741,0.139,70,464,0.151
2024-09-25,49,2,트랜스포머 ONE,전체,3094,16466,0.188,950,6416,0.148
2024-09-25,49,3,비긴 어게인,CGV,322,7170,0.045,208,2704,0.077
2024-09-25,49,3,비긴 어게인,롯데시네마,148,4348,0.034,111,1580,0.07
2024-09-25,49,3,비긴 어게인,메가박스,212,3999,0.053,125,1581,0.079
2024-09-25,49,3,비긴 어게인,씨네Q,6,208,0.029,4,87,0.046
2024-09-25,49,3,비긴 어게인,기타,7,741,0.009,6,464,0.013
2024-09-25,49,3,비긴 어게인,전체,695,16466,0.042,454,6416,0.071
2024-09-25,49,4,룩백,CGV,0,7170,0.0,0,2704,0.0
2024-09-25,49,4,룩백,롯데시네마,0,4348,0.0,0,1580,0.0
2024-09-25,49,4,룩백,메가박스,442,3999,0.111,204,1581,0.129
2024-09-25,49,4,룩백,씨네Q,0,208,0.0,0,87,0.0
2024-09-25,49,4,룩백,기타,6,741,0.008,6,464,0.013
2024-09-25,49,4,룩백,전체,448,16466,0.027,210,6416,0.033
2024-09-25,49,5,극장총집편 봇치 더 록! 후편,CGV,362,7170,0.05,170,2704,0.063
2024-09-25,49,5,극장총집편 봇치 더 록! 후편,롯데시네마,4,4348,0.001,1,1580,0.001
2024-09-25,49,5,극장총집편 봇치 더 록! 후편,메가박스,0,3999,0.0,0,1581,0.0
2024-09-25,49,5,극장총집편 봇치 더 록! 후편,씨네Q,2,208,0.01,2,87,0.023
2024-09-25,49,5,극장총집편 봇치 더 록! 후편,기타,0,741,0.0,0,464,0.0
2024-09-25,49,5,극장총집편 봇치 더 록! 후편,전체,368,16466,0.022,173,6416,0.027
2024-09-26,50,1,베테랑2,CGV,3596,6697,0.537,819,2565,0.319
2024-09-26,50,1,베테랑2,롯데시네마,2236,4033,0.554,586,1544,0.38
2024-09-26,50,1,베테랑2,메가박스,1830,3690,0.496,462,1489,0.31
2024-09-26,50,1,베테랑2,씨네Q,115,173,0.665,37,80,0.463
2024-09-26,50,1,베테랑2,기타,335,706,0.475,129,437,0.295
2024-09-26,50,1,베테랑2,전체,8112,15299,0.53,2033,6115,0.332
2024-09-26,50,2,트랜스포머 ONE,CGV,1185,6697,0.177,375,2565,0.146
2024-09-26,50,2,트랜스포머 ONE,롯데시네마,890,4033,0.221,267,1544,0.173
2024-09-26,50,2,트랜스포머 ONE,메가박스,544,3690,0.147,192,1489,0.129
2024-09-26,50,2,트랜스포머 ONE,씨네Q,21,173,0.121,11,80,0.138
2024-09-26,50,2,트랜스포머 ONE,기타,94,706,0.133,65,437,0.149
2024-09-26,50,2,트랜스포머 ONE,전체,2734,15299,0.179,910,6115,0.149
2024-09-26,50,3,비긴 어게인,CGV,358,6697,0.053,200,2565,0.078
2024-09-26,50,3,비긴 어게인,롯데시네마,188,4033,0.047,129,1544,0.084
2024-09-26,50,3,비긴 어게인,메가박스,224,3690,0.061,131,1489,0.088
2024-09-26,50,3,비긴 어게인,씨네Q,7,173,0.04,5,80,0.063
2024-09-26,50,3,비긴 어게인,기타,4,706,0.006,4,437,0.009
2024-09-26,50,3,비긴 어게인,전체,781,15299,0.051,469,6115,0.077
2024-09-26,50,4,룩백,CGV,0,6697,0.0,0,2565,0.0
2024-09-26,50,4,룩백,롯데시네마,0,4033,0.0,0,1544,0.0
2024-09-26,50,4,룩백,메가박스,463,3690,0.125,211,1489,0.142
2024-09-26,50,4,룩백,씨네Q,0,173,0.0,0,80,0.0
2024-09-26,50,4,룩백,기타,7,706,0.01,5,437,0.011
2024-09-26,50,4,룩백,전체,470,15299,0.031,216,6115,0.035
2024-09-26,50,5,에이리언: 로물루스,CGV,173,6697,0.026,125,2565,0.049
2024-09-26,50,5,에이리언: 로물루스,롯데시네마,111,4033,0.028,85,1544,0.055
2024-09-26,50,5,에이리언: 로물루스,메가박스,60,3690,0.016,50,1489,0.034
2024-09-26,50,5,에이리언: 로물루스,씨네Q,3,173,0.017,3,80,0.038
2024-09-26,50,5,에이리언: 로물루스,기타,2,706,0.003,1,437,0.002
2024-09-26,50,5,에이리언: 로물루스,전체,349,15299,0.023,264,6115,0.043
2024-09-27,51,1,베테랑2,CGV,3740,7101,0.527,810,2682,0.302
2024-09-27,51,1,베테랑2,롯데시네마,2389,4360,0.548,584,1633,0.358
2024-09-27,51,1,베테랑2,메가박스,1941,4003,0.485,458,1580,0.29
2024-09-27,51,1,베테랑2,씨네Q,117,179,0.654,37,74,0.5
2024-09-27,51,1,베테랑2,기타,345,743,0.464,136,473,0.288
2024-09-27,51,1,베테랑2,전체,8532,16386,0.521,2025,6442,0.314
2024-09-27,51,2,트랜스포머 ONE,CGV,1245,7101,0.175,366,2682,0.136
2024-09-27,51,2,트랜스포머 ONE,롯데시네마,969,4360,0.222,269,1633,0.165
2024-09-27,51,2,트랜스포머 ONE,메가박스,597,4003,0.149,193,1580,0.122
2024-09-27,51,2,트랜스포머 ONE,씨네Q,27,179,0.151,11,74,0.149
2024-09-27,51,2,트랜스포머 ONE,기타,104,743,0.14,67,473,0.142
2024-09-27,51,2,트랜스포머 ONE,전체,2942,16386,0.18,906,6442,0.141
2024-09-27,51,3,비긴 어게인,CGV,383,7101,0.054,208,2682,0.078
2024-09-27,51,3,비긴 어게인,롯데시네마,179,4360,0.041,128,1633,0.078
2024-09-27,51,3,비긴 어게인,메가박스,229,4003,0.057,130,1580,0.082
2024-09-27,51,3,비긴 어게인,씨네Q,11,179,0.061,5,74,0.068
2024-09-27,51,3,비긴 어게인,기타,4,743,0.005,4,473,0.008
2024-09-27,51,3,비긴 어게인,전체,806,16386,0.049,475,6442,0.074
2024-09-27,51,4,룩백,CGV,0,7101,0.0,0,2682,0.0
2024-09-27,51,4,룩백,롯데시네마,0,4360,0.0,0,1633,0.0
2024-09-27,51,4,룩백,메가박스,458,4003,0.114,217,1580,0.137
2024-09-27,51,4,룩백,씨네Q,0,179,0.0,0,74,0.0
2024-09-27,51,4,룩백,기타,6,743,0.008,6,473,0.013
2024-09-27,51,4,룩백,전체,464,16386,0.028,223,6442,0.035
2024-09-27,51,5,더 커버넌트,CGV,135,7101,0.019,89,2682,0.033
2024-09-27,51,5,더 커버넌트,롯데시네마,95,4360,0.022,61,1633,0.037
2024-09-27,51,5,더 커버넌트,메가박스,120,4003,0.03,75,1580,0.047
2024-09-27,51,5,더 커버넌트,씨네Q,3,179,0.017,2,74,0.027
2024-09-27,51,5,더 커버넌트,기타,4,743,0.005,3,473,0.006
2024-09-27,51,5,더 커버넌트,전체,357,16386,0.022,230,6442,0.036
2024-09-28,52,1,베테랑2,CGV,3874,8130,0.477,782,2900,0.27
2024-09-28,52,1,베테랑2,롯데시네마,2487,4959,0.502,578,1800,0.321
2024-09-28,52,1,베테랑2,메가박스,2108,4669,0.451,465,1829,0.254
2024-09-28,52,1,베테랑2,씨네Q,148,261,0.567,40,105,0.381
2024-09-28,52,1,베테랑2,기타,409,948,0.431,143,559,0.256
2024-09-28,52,1,베테랑2,전체,9026,18967,0.476,2008,7193,0.279
2024-09-28,52,2,트랜스포머 ONE,CGV,1640,8130,0.202,417,2900,0.144
2024-09-28,52,2,트랜스포머 ONE,롯데시네마,1194,4959,0.241,288,1800,0.16
2024-09-28,52,2,트랜스포머 ONE,메가박스,759,4669,0.163,226,1829,0.124
2024-09-28,52,2,트랜스포머 ONE,씨네Q,51,261,0.195,18,105,0.171
2024-09-28,52,2,트랜스포머 ONE,기타,189,948,0.199,103,559,0.184
2024-09-28,52,2,트랜스포머 ONE,전체,3833,18967,0.202,1052,7193,0.146
2024-09-28,52,3,비긴 어게인,CGV,351,8130,0.043,192,2900,0.066
2024-09-28,52,3,비긴 어게인,롯데시네마,206,4959,0.042,123,1800,0.068
2024-09-28,52,3,비긴 어게인,메가박스,249,4669,0.053,135,1829,0.074
2024-09-28,52,3,비긴 어게인,씨네Q,13,261,0.05,5,105,0.048
2024-09-28,52,3,비긴 어게인,기타,9,948,0.009,9,559,0.016
2024-09-28,52,3,비긴 어게인,전체,828,18967,0.044,464,7193,0.065
2024-09-28,52,4,사랑의 하츄핑,CGV,270,8130,0.033,180,2900,0.062
2024-09-28,52,4,사랑의 하츄핑,롯데시네마,187,4959,0.038,129,1800,0.072
2024-09-28,52,4,사랑의 하츄핑,메가박스,151,4669,0.032,101,1829,0.055
2024-09-28,52,4,사랑의 하츄핑,씨네Q,12,261,0.046,10,105,0.095
2024-09-28,52,4,사랑의 하츄핑,기타,11,948,0.012,10,559,0.018
2024-09-28,52,4,사랑의 하츄핑,전체,631,18967,0.033,430,7193,0.06
2024-09-28,52,5,브레드이발소: 빵스타의 탄생,CGV,481,8130,0.059,239,2900,0.082
2024-09-28,52,5,브레드이발소: 빵스타의 탄생,롯데시네마,3,4959,0.001,1,1800,0.001
2024-09-28,52,5,브레드이발소: 빵스타의 탄생,메가박스,5,4669,0.001,4,1829,0.002
2024-09-28,52,5,브레드이발소: 빵스타의 탄생,씨네Q,14,261,0.054,9,105,0.086
2024-09-28,52,5,브레드이발소: 빵스타의 탄생,기타,47,948,0.05,44,559,0.079
2024-09-28,52,5,브레드이발소: 빵스타의 탄생,전체,550,18967,0.029,297,7193,0.041
2024-09-29,53,1,베테랑2,CGV,3707,7799,0.475,771,2874,0.268
2024-09-29,53,1,베테랑2,롯데시네마,2396,4804,0.499,571,1776,0.322
2024-09-29,53,1,베테랑2,메가박스,1987,4497,0.442,454,1828,0.248
2024-09-29,53,1,베테랑2,씨네Q,130,238,0.546,33,97,0.34
2024-09-29,53,1,베테랑2,기타,398,931,0.427,144,547,0.263
2024-09-29,53,1,베테랑2,전체,8618,18269,0.472,1973,7122,0.277
2024-09-29,53,2,트랜스포머 ONE,CGV,1564,7799,0.201,420,2874,0.146
2024-09-29,53,2,트랜스포머 ONE,롯데시네마,1151,4804,0.24,282,1776,0.159
2024-09-29,53,2,트랜스포머 ONE,메가박스,756,4497,0.168,238,1828,0.13
2024-09-29,53,2,트랜스포머 ONE,씨네Q,49,238,0.206,18,97,0.186
2024-09-29,53,2,트랜스포머 ONE,기타,196,931,0.211,102,547,0.186
2024-09-29,53,2,트랜스포머 ONE,전체,3716,18269,0.203,1060,7122,0.149
2024-09-29,53,3,비긴 어게인,CGV,348,7799,0.045,197,2874,0.069
2024-09-29,53,3,비긴 어게인,롯데시네마,207,4804,0.043,127,1776,0.072
2024-09-29,53,3,비긴 어게인,메가박스,246,4497,0.055,135,1828,0.074
2024-09-29,53,3,비긴 어게인,씨네Q,11,238,0.046,5,97,0.052
2024-09-29,53,3,비긴 어게인,기타,9,931,0.01,9,547,0.016
2024-09-29,53,3,비긴 어게인,전체,821,18269,0.045,473,7122,0.066
2024-09-29,53,4,사랑의 하츄핑,CGV,283,7799,0.036,186,2874,0.065
2024-09-29,53,4,사랑의 하츄핑,롯데시네마,188,4804,0.039,130,1776,0.073
2024-09-29,53,4,사랑의 하츄핑,메가박스,155,4497,0.034,106,1828,0.058
2024-09-29,53,4,사랑의 하츄핑,씨네Q,14,238,0.059,11,97,0.113
2024-09-29,53,4,사랑의 하츄핑,기타,11,931,0.012,10,547,0.018
2024-09-29,53,4,사랑의 하츄핑,전체,651,18269,0.036,443,7122,0.062
2024-09-29,53,5,브레드이발소: 빵스타의 탄생,CGV,484,7799,0.062,242,2874,0.084
2024-09-29,53,5,브레드이발소: 빵스타의 탄생,롯데시네마,3,4804,0.001,1,1776,0.001
2024-09-29,53,5,브레드이발소: 빵스타의 탄생,메가박스,4,4497,0.001,3,1828,0.002
2024-09-29,53,5,브레드이발소: 빵스타의 탄생,씨네Q,13,238,0.055,10,97,0.103
2024-09-29,53,5,브레드이발소: 빵스타의 탄생,기타,52,931,0.056,48,547,0.088
2024-09-29,53,5,브레드이발소: 빵스타의 탄생,전체,556,18269,0.03,304,7122,0.043
2024-09-30,54,1,베테랑2,CGV,3583,6960,0.515,773,2626,0.294
2024-09-30,54,1,베테랑2,롯데시네마,2275,4265,0.533,566,1628,0.348
2024-09-30,54,1,베테랑2,메가박스,1813,3814,0.475,433,1556,0.278
2024-09-30,54,1,베테랑2,씨네Q,110,181,0.608,32,74,0.432
2024-09-30,54,1,베테랑2,기타,229,515,0.445,87,322,0.27
2024-09-30,54,1,베테랑2,전체,8010,15735,0.509,1891,6206,0.305
2024-09-30,54,2,트랜스포머 ONE,CGV,1272,6960,0.183,367,2626,0.14
2024-09-30,54,2,트랜스포머 ONE,롯데시네마,904,4265,0.212,264,1628,0.162
2024-09-30,54,2,트랜스포머 ONE,메가박스,531,3814,0.139,187,1556,0.12
2024-09-30,54,2,트랜스포머 ONE,씨네Q,29,181,0.16,10,74,0.135
2024-09-30,54,2,트랜스포머 ONE,기타,74,515,0.144,47,322,0.146
2024-09-30,54,2,트랜스포머 ONE,전체,2810,15735,0.179,875,6206,0.141
2024-09-30,54,3,비긴 어게인,CGV,396,6960,0.057,203,2626,0.077
2024-09-30,54,3,비긴 어게인,롯데시네마,229,4265,0.054,127,1628,0.078
2024-09-30,54,3,비긴 어게인,메가박스,256,3814,0.067,132,1556,0.085
2024-09-30,54,3,비긴 어게인,씨네Q,12,181,0.066,6,74,0.081
2024-09-30,54,3,비긴 어게인,기타,3,515,0.006,3,322,0.009
2024-09-30,54,3,비긴 어게인,전체,896,15735,0.057,471,6206,0.076
2024-09-30,54,4,룩백,CGV,0,6960,0.0,0,2626,0.0
2024-09-30,54,4,룩백,롯데시네마,0,4265,0.0,0,1628,0.0
2024-09-30,54,4,룩백,메가박스,439,3814,0.115,197,1556,0.127
2024-09-30,54,4,룩백,씨네Q,0,181,0.0,0,74,0.0
2024-09-30,54,4,룩백,기타,3,515,0.006,3,322,0.009
2024-09-30,54,4,룩백,전체,442,15735,0.028,200,6206,0.032
2024-09-30,54,5,에이리언: 로물루스,CGV,187,6960,0.027,138,2626,0.053
2024-09-30,54,5,에이리언: 로물루스,롯데시네마,110,4265,0.026,83,1628,0.051
2024-09-30,54,5,에이리언: 로물루스,메가박스,64,3814,0.017,54,1556,0.035
2024-09-30,54,5,에이리언: 로물루스,씨네Q,4,181,0.022,3,74,0.041
2024-09-30,54,5,에이리언: 로물루스,기타,3,515,0.006,2,322,0.006
2024-09-30,54,5,에이리언: 로물루스,전체,368,15735,0.023,280,6206,0.045
2024-10-01,55,1,조커: 폴리 아 되,CGV,2226,7768,0.287,552,2691,0.205
2024-10-01,55,1,조커: 폴리 아 되,롯데시네마,1614,5369,0.301,395,1871,0.211
2024-10-01,55,1,조커: 폴리 아 되,메가박스,1303,4543,0.287,329,1756,0.187
2024-10-01,55,1,조커: 폴리 아 되,씨네Q,82,284,0.289,20,112,0.179
2024-10-01,55,1,조커: 폴리 아 되,기타,143,853,0.168,89,609,0.146
2024-10-01,55,1,조커: 폴리 아 되,전체,5368,18817,0.285,1385,7039,0.197
2024-10-01,55,2,베테랑2,CGV,1925,7768,0.248,449,2691,0.167
2024-10-01,55,2,베테랑2,롯데시네마,1044,5369,0.194,277,1871,0.148
2024-10-01,55,2,베테랑2,메가박스,815,4543,0.179,229,1756,0.13
2024-10-01,55,2,베테랑2,씨네Q,66,284,0.232,20,112,0.179
2024-10-01,55,2,베테랑2,기타,159,853,0.186,91,609,0.149
2024-10-01,55,2,베테랑2,전체,4009,18817,0.213,1066,7039,0.151
2024-10-01,55,3,대도시의 사랑법,CGV,1018,7768,0.131,263,2691,0.098
2024-10-01,55,3,대도시의 사랑법,롯데시네마,777,5369,0.145,269,1871,0.144
2024-10-01,55,3,대도시의 사랑법,메가박스,925,4543,0.204,236,1756,0.134
2024-10-01,55,3,대도시의 사랑법,씨네Q,38,284,0.134,11,112,0.098
2024-10-01,55,3,대도시의 사랑법,기타,122,853,0.143,71,609,0.117
2024-10-01,55,3,대도시의 사랑법,전체,2880,18817,0.153,850,7039,0.121
2024-10-01,55,4,와일드 로봇,CGV,1049,7768,0.135,325,2691,0.121
2024-10-01,55,4,와일드 로봇,롯데시네마,631,5369,0.118,203,1871,0.108
2024-10-01,55,4,와일드 로봇,메가박스,495,4543,0.109,204,1756,0.116
2024-10-01,55,4,와일드 로봇,씨네Q,40,284,0.141,17,112,0.152
2024-10-01,55,4,와일드 로봇,기타,96,853,0.113,70,609,0.115
2024-10-01,55,4,와일드 로봇,전체,2311,18817,0.123,819,7039,0.116
2024-10-01,55,5,트랜스포머 ONE,CGV,395,7768,0.051,205,2691,0.076
2024-10-01,55,5,트랜스포머 ONE,롯데시네마,396,5369,0.074,179,1871,0.096
2024-10-01,55,5,트랜스포머 ONE,메가박스,208,4543,0.046,141,1756,0.08
2024-10-01,55,5,트랜스포머 ONE,씨네Q,22,284,0.077,13,112,0.116
2024-10-01,55,5,트랜스포머 ONE,기타,75,853,0.088,58,609,0.095
2024-10-01,55,5,트랜스포머 ONE,전체,1096,18817,0.058,596,7039,0.085
2024-10-02,56,1,조커: 폴리 아 되,CGV,1985,7330,0.271,527,2679,0.197
2024-10-02,56,1,조커: 폴리 아 되,롯데시네마,1409,4815,0.293,382,1815,0.21
2024-10-02,56,1,조커: 폴리 아 되,메가박스,1136,4094,0.277,309,1676,0.184
2024-10-02,56,1,조커: 폴리 아 되,씨네Q,68,218,0.312,19,93,0.204
2024-10-02,56,1,조커: 폴리 아 되,기타,163,776,0.21,90,565,0.159
2024-10-02,56,1,조커: 폴리 아 되,전체,4761,17233,0.276,1327,6828,0.194
2024-10-02,56,2,베테랑2,CGV,1804,7330,0.246,444,2679,0.166
2024-10-02,56,2,베테랑2,롯데시네마,1057,4815,0.22,320,1815,0.176
2024-10-02,56,2,베테랑2,메가박스,772,4094,0.189,226,1676,0.135
2024-10-02,56,2,베테랑2,씨네Q,60,218,0.275,22,93,0.237
2024-10-02,56,2,베테랑2,기타,154,776,0.198,101,565,0.179
2024-10-02,56,2,베테랑2,전체,3847,17233,0.223,1113,6828,0.163
2024-10-02,56,3,대도시의 사랑법,CGV,960,7330,0.131,268,2679,0.1
2024-10-02,56,3,대도시의 사랑법,롯데시네마,749,4815,0.156,269,1815,0.148
2024-10-02,56,3,대도시의 사랑법,메가박스,831,4094,0.203,220,1676,0.131
2024-10-02,56,3,대도시의 사랑법,씨네Q,28,218,0.128,11,93,0.118
2024-10-02,56,3,대도시의 사랑법,기타,137,776,0.177,90,565,0.159
2024-10-02,56,3,대도시의 사랑법,전체,2705,17233,0.157,858,6828,0.126
2024-10-02,56,4,와일드 로봇,CGV,760,7330,0.104,306,2679,0.114
2024-10-02,56,4,와일드 로봇,롯데시네마,454,4815,0.094,194,1815,0.107
2024-10-02,56,4,와일드 로봇,메가박스,325,4094,0.079,167,1676,0.1
2024-10-02,56,4,와일드 로봇,씨네Q,20,218,0.092,10,93,0.108
2024-10-02,56,4,와일드 로봇,기타,52,776,0.067,44,565,0.078
2024-10-02,56,4,와일드 로봇,전체,1611,17233,0.093,721,6828,0.106
2024-10-02,56,5,명탐정 코난: 시한장치의 마천루,CGV,585,7330,0.08,224,2679,0.084
2024-10-02,56,5,명탐정 코난: 시한장치의 마천루,롯데시네마,409,4815,0.085,181,1815,0.1
2024-10-02,56,5,명탐정 코난: 시한장치의 마천루,메가박스,243,4094,0.059,134,1676,0.08
2024-10-02,56,5,명탐정 코난: 시한장치의 마천루,씨네Q,15,218,0.069,7,93,0.075
2024-10-02,56,5,명탐정 코난: 시한장치의 마천루,기타,5,776,0.006,5,565,0.009
2024-10-02,56,5,명탐정 코난: 시한장치의 마천루,전체,1257,17233,0.073,551,6828,0.081
2024-10-03,57,1,조커: 폴리 아 되,CGV,1926,7757,0.248,526,3007,0.175
2024-10-03,57,1,조커: 폴리 아 되,롯데시네마,1316,5357,0.246,357,1988,0.18
2024-10-03,57,1,조커: 폴리 아 되,메가박스,1138,4559,0.25,302,1935,0.156
2024-10-03,57,1,조커: 폴리 아 되,씨네Q,65,280,0.232,20,118,0.169
2024-10-03,57,1,조커: 폴리 아 되,기타,176,997,0.177,106,732,0.145
2024-10-03,57,1,조커: 폴리 아 되,전체,4621,18950,0.244,1311,7780,0.169
2024-10-03,57,2,베테랑2,CGV,1854,7757,0.239,466,3007,0.155
2024-10-03,57,2,베테랑2,롯데시네마,1082,5357,0.202,314,1988,0.158
2024-10-03,57,2,베테랑2,메가박스,819,4559,0.18,248,1935,0.128
2024-10-03,57,2,베테랑2,씨네Q,69,280,0.246,19,118,0.161
2024-10-03,57,2,베테랑2,기타,174,997,0.175,109,732,0.149
2024-10-03,57,2,베테랑2,전체,3998,18950,0.211,1156,7780,0.149
2024-10-03,57,3,대도시의 사랑법,CGV,912,7757,0.118,281,3007,0.093
2024-10-03,57,3,대도시의 사랑법,롯데시네마,742,5357,0.139,267,1988,0.134
2024-10-03,57,3,대도시의 사랑법,메가박스,823,4559,0.181,212,1935,0.11
2024-10-03,57,3,대도시의 사랑법,씨네Q,35,280,0.125,11,118,0.093
2024-10-03,57,3,대도시의 사랑법,기타,154,997,0.154,98,732,0.134
2024-10-03,57,3,대도시의 사랑법,전체,2666,18950,0.141,869,7780,0.112
2024-10-03,57,4,와일드 로봇,CGV,1002,7757,0.129,356,3007,0.118
2024-10-03,57,4,와일드 로봇,롯데시네마,688,5357,0.128,256,1988,0.129
2024-10-03,57,4,와일드 로봇,메가박스,500,4559,0.11,229,1935,0.118
2024-10-03,57,4,와일드 로봇,씨네Q,42,280,0.15,17,118,0.144
2024-10-03,57,4,와일드 로봇,기타,122,997,0.122,93,732,0.127
2024-10-03,57,4,와일드 로봇,전체,2354,18950,0.124,951,7780,0.122
2024-10-03,57,5,명탐정 코난: 시한장치의 마천루,CGV,481,7757,0.062,227,3007,0.075
2024-10-03,57,5,명탐정 코난: 시한장치의 마천루,롯데시네마,382,5357,0.071,172,1988,0.087
2024-10-03,57,5,명탐정 코난: 시한장치의 마천루,메가박스,227,4559,0.05,140,1935,0.072
2024-10-03,57,5,명탐정 코난: 시한장치의 마천루,씨네Q,16,280,0.057,6,118,0.051
2024-10-03,57,5,명탐정 코난: 시한장치의 마천루,기타,10,997,0.01,9,732,0.012
2024-10-03,57,5,명탐정 코난: 시한장치의 마천루,전체,1116,18950,0.059,554,7780,0.071
2024-10-04,58,1,베테랑2,CGV,2055,7587,0.271,505,2881,0.175
2024-10-04,58,1,베테랑2,롯데시네마,1215,4986,0.244,315,1760,0.179
2024-10-04,58,1,베테랑2,메가박스,824,4317,0.191,247,1779,0.139
2024-10-04,58,1,베테랑2,씨네Q,61,243,0.251,19,110,0.173
2024-10-04,58,1,베테랑2,기타,147,861,0.171,94,634,0.148
2024-10-04,58,1,베테랑2,전체,4302,17994,0.239,1180,7164,0.165
2024-10-04,58,2,조커: 폴리 아 되,CGV,1651,7587,0.218,465,2881,0.161
2024-10-04,58,2,조커: 폴리 아 되,롯데시네마,1076,4986,0.216,299,1760,0.17
2024-10-04,58,2,조커: 폴리 아 되,메가박스,1079,4317,0.25,294,1779,0.165
2024-10-04,58,2,조커: 폴리 아 되,씨네Q,62,243,0.255,23,110,0.209
2024-10-04,58,2,조커: 폴리 아 되,기타,154,861,0.179,85,634,0.134
2024-10-04,58,2,조커: 폴리 아 되,전체,4022,17994,0.224,1166,7164,0.163
2024-10-04,58,3,대도시의 사랑법,CGV,949,7587,0.125,276,2881,0.096
2024-10-04,58,3,대도시의 사랑법,롯데시네마,736,4986,0.148,219,1760,0.124
2024-10-04,58,3,대도시의 사랑법,메가박스,812,4317,0.188,226,1779,0.127
2024-10-04,58,3,대도시의 사랑법,씨네Q,32,243,0.132,11,110,0.1
2024-10-04,58,3,대도시의 사랑법,기타,136,861,0.158,87,634,0.137
2024-10-04,58,3,대도시의 사랑법,전체,2665,17994,0.148,819,7164,0.114
2024-10-04,58,4,와일드 로봇,CGV,990,7587,0.13,352,2881,0.122
2024-10-04,58,4,와일드 로봇,롯데시네마,720,4986,0.144,233,1760,0.132
2024-10-04,58,4,와일드 로봇,메가박스,475,4317,0.11,210,1779,0.118
2024-10-04,58,4,와일드 로봇,씨네Q,37,243,0.152,17,110,0.155
2024-10-04,58,4,와일드 로봇,기타,86,861,0.1,68,634,0.107
2024-10-04,58,4,와일드 로봇,전체,2308,17994,0.128,880,7164,0.123
2024-10-04,58,5,트랜스포머 ONE,CGV,388,7587,0.051,219,2881,0.076
2024-10-04,58,5,트랜스포머 ONE,롯데시네마,363,4986,0.073,178,1760,0.101
2024-10-04,58,5,트랜스포머 ONE,메가박스,213,4317,0.049,136,1779,0.076
2024-10-04,58,5,트랜스포머 ONE,씨네Q,14,243,0.058,10,110,0.091
2024-10-04,58,5,트랜스포머 ONE,기타,73,861,0.085,66,634,0.104
2024-10-04,58,5,트랜스포머 ONE,전체,1051,17994,0.058,609,7164,0.085
2024-10-05,59,1,베테랑2,CGV,2164,7776,0.278,573,3206,0.179
2024-10-05,59,1,베테랑2,롯데시네마,1284,5300,0.242,330,1865,0.177
2024-10-05,59,1,베테랑2,메가박스,932,4549,0.205,288,1930,0.149
2024-10-05,59,1,베테랑2,씨네Q,58,249,0.233,18,108,0.167
2024-10-05,59,1,베테랑2,기타,164,946,0.173,107,709,0.151
2024-10-05,59,1,베테랑2,전체,4602,18820,0.245,1316,7818,0.168
2024-10-05,59,2,조커: 폴리 아 되,CGV,1399,7776,0.18,454,3206,0.142
2024-10-05,59,2,조커: 폴리 아 되,롯데시네마,1018,5300,0.192,297,1865,0.159
2024-10-05,59,2,조커: 폴리 아 되,메가박스,963,4549,0.212,265,1930,0.137
2024-10-05,59,2,조커: 폴리 아 되,씨네Q,56,249,0.225,18,108,0.167
2024-10-05,59,2,조커: 폴리 아 되,기타,167,946,0.177,103,709,0.145
2024-10-05,59,2,조커: 폴리 아 되,전체,3603,18820,0.191,1137,7818,0.145
2024-10-05,59,3,와일드 로봇,CGV,1116,7776,0.144,422,3206,0.132
2024-10-05,59,3,와일드 로봇,롯데시네마,848,5300,0.16,260,1865,0.139
2024-10-05,59,3,와일드 로봇,메가박스,611,4549,0.134,258,1930,0.134
2024-10-05,59,3,와일드 로봇,씨네Q,41,249,0.165,17,108,0.157
2024-10-05,59,3,와일드 로봇,기타,116,946,0.123,89,709,0.126
2024-10-05,59,3,와일드 로봇,전체,2732,18820,0.145,1046,7818,0.134
2024-10-05,59,4,대도시의 사랑법,CGV,939,7776,0.121,305,3206,0.095
2024-10-05,59,4,대도시의 사랑법,롯데시네마,729,5300,0.138,214,1865,0.115
2024-10-05,59,4,대도시의 사랑법,메가박스,798,4549,0.175,226,1930,0.117
2024-10-05,59,4,대도시의 사랑법,씨네Q,33,249,0.133,13,108,0.12
2024-10-05,59,4,대도시의 사랑법,기타,147,946,0.155,98,709,0.138
2024-10-05,59,4,대도시의 사랑법,전체,2646,18820,0.141,856,7818,0.109
2024-10-05,59,5,트랜스포머 ONE,CGV,471,7776,0.061,264,3206,0.082
2024-10-05,59,5,트랜스포머 ONE,롯데시네마,400,5300,0.075,186,1865,0.1
2024-10-05,59,5,트랜스포머 ONE,메가박스,258,4549,0.057,161,1930,0.083
2024-10-05,59,5,트랜스포머 ONE,씨네Q,17,249,0.068,10,108,0.093
2024-10-05,59,5,트랜스포머 ONE,기타,92,946,0.097,78,709,0.11
2024-10-05,59,5,트랜스포머 ONE,전체,1238,18820,0.066,699,7818,0.089
2024-10-06,60,1,베테랑2,CGV,2081,7441,0.28,552,3148,0.175
2024-10-06,60,1,베테랑2,롯데시네마,1155,4870,0.237,326,1835,0.178
2024-10-06,60,1,베테랑2,메가박스,875,4234,0.207,282,1861,0.152
2024-10-06,60,1,베테랑2,씨네Q,63,245,0.257,21,113,0.186
2024-10-06,60,1,베테랑2,기타,157,926,0.17,101,684,0.148
2024-10-06,60,1,베테랑2,전체,4331,17716,0.244,1282,7641,0.168
2024-10-06,60,2,조커: 폴리 아 되,CGV,1274,7441,0.171,441,3148,0.14
2024-10-06,60,2,조커: 폴리 아 되,롯데시네마,945,4870,0.194,292,1835,0.159
2024-10-06,60,2,조커: 폴리 아 되,메가박스,853,4234,0.201,264,1861,0.142
2024-10-06,60,2,조커: 폴리 아 되,씨네Q,48,245,0.196,18,113,0.159
2024-10-06,60,2,조커: 폴리 아 되,기타,154,926,0.166,94,684,0.137
2024-10-06,60,2,조커: 폴리 아 되,전체,3274,17716,0.185,1109,7641,0.145
2024-10-06,60,3,와일드 로봇,CGV,1091,7441,0.147,433,3148,0.138
2024-10-06,60,3,와일드 로봇,롯데시네마,807,4870,0.166,265,1835,0.144
2024-10-06,60,3,와일드 로봇,메가박스,574,4234,0.136,253,1861,0.136
2024-10-06,60,3,와일드 로봇,씨네Q,41,245,0.167,18,113,0.159
2024-10-06,60,3,와일드 로봇,기타,124,926,0.134,93,684,0.136
2024-10-06,60,3,와일드 로봇,전체,2637,17716,0.149,1062,7641,0.139
2024-10-06,60,4,대도시의 사랑법,CGV,937,7441,0.126,301,3148,0.096
2024-10-06,60,4,대도시의 사랑법,롯데시네마,654,4870,0.134,208,1835,0.113
2024-10-06,60,4,대도시의 사랑법,메가박스,779,4234,0.184,228,1861,0.123
2024-10-06,60,4,대도시의 사랑법,씨네Q,34,245,0.139,14,113,0.124
2024-10-06,60,4,대도시의 사랑법,기타,154,926,0.166,98,684,0.143
2024-10-06,60,4,대도시의 사랑법,전체,2558,17716,0.144,849,7641,0.111
2024-10-06,60,5,트랜스포머 ONE,CGV,462,7441,0.062,257,3148,0.082
2024-10-06,60,5,트랜스포머 ONE,롯데시네마,375,4870,0.077,181,1835,0.099
2024-10-06,60,5,트랜스포머 ONE,메가박스,250,4234,0.059,156,1861,0.084
2024-10-06,60,5,트랜스포머 ONE,씨네Q,19,245,0.078,12,113,0.106
2024-10-06,60,5,트랜스포머 ONE,기타,92,926,0.099,78,684,0.114
2024-10-06,60,5,트랜스포머 ONE,전체,1198,17716,0.068,684,7641,0.09
2024-10-07,61,1,베테랑2,CGV,1908,6067,0.314,469,2467,0.19
2024-10-07,61,1,베테랑2,롯데시네마,1077,3592,0.3,302,1396,0.216
2024-10-07,61,1,베테랑2,메가박스,773,3252,0.238,238,1480,0.161
2024-10-07,61,1,베테랑2,씨네Q,39,152,0.257,15,82,0.183
2024-10-07,61,1,베테랑2,기타,80,447,0.179,54,337,0.16
2024-10-07,61,1,베테랑2,전체,3877,13510,0.287,1078,5762,0.187
2024-10-07,61,2,조커: 폴리 아 되,CGV,1212,6067,0.2,392,2467,0.159
2024-10-07,61,2,조커: 폴리 아 되,롯데시네마,781,3592,0.217,269,1396,0.193
2024-10-07,61,2,조커: 폴리 아 되,메가박스,688,3252,0.212,243,1480,0.164
2024-10-07,61,2,조커: 폴리 아 되,씨네Q,31,152,0.204,15,82,0.183
2024-10-07,61,2,조커: 폴리 아 되,기타,72,447,0.161,48,337,0.142
2024-10-07,61,2,조커: 폴리 아 되,전체,2784,13510,0.206,967,5762,0.168
2024-10-07,61,3,대도시의 사랑법,CGV,968,6067,0.16,300,2467,0.122
2024-10-07,61,3,대도시의 사랑법,롯데시네마,674,3592,0.188,217,1396,0.155
2024-10-07,61,3,대도시의 사랑법,메가박스,707,3252,0.217,219,1480,0.148
2024-10-07,61,3,대도시의 사랑법,씨네Q,30,152,0.197,16,82,0.195
2024-10-07,61,3,대도시의 사랑법,기타,85,447,0.19,56,337,0.166
2024-10-07,61,3,대도시의 사랑법,전체,2464,13510,0.182,808,5762,0.14
2024-10-07,61,4,와일드 로봇,CGV,627,6067,0.103,301,2467,0.122
2024-10-07,61,4,와일드 로봇,롯데시네마,463,3592,0.129,186,1396,0.133
2024-10-07,61,4,와일드 로봇,메가박스,296,3252,0.091,165,1480,0.111
2024-10-07,61,4,와일드 로봇,씨네Q,19,152,0.125,10,82,0.122
2024-10-07,61,4,와일드 로봇,기타,29,447,0.065,23,337,0.068
2024-10-07,61,4,와일드 로봇,전체,1434,13510,0.106,685,5762,0.119
2024-10-07,61,5,트랜스포머 ONE,CGV,229,6067,0.038,150,2467,0.061
2024-10-07,61,5,트랜스포머 ONE,롯데시네마,202,3592,0.056,116,1396,0.083
2024-10-07,61,5,트랜스포머 ONE,메가박스,122,3252,0.038,93,1480,0.063
2024-10-07,61,5,트랜스포머 ONE,씨네Q,10,152,0.066,8,82,0.098
2024-10-07,61,5,트랜스포머 ONE,기타,17,447,0.038,17,337,0.05
2024-10-07,61,5,트랜스포머 ONE,전체,580,13510,0.043,384,5762,0.067
2024-10-08,62,1,베테랑2,CGV,1972,6334,0.311,475,2671,0.178
2024-10-08,62,1,베테랑2,롯데시네마,1180,4026,0.293,315,1549,0.203
2024-10-08,62,1,베테랑2,메가박스,801,3455,0.232,255,1554,0.164
2024-10-08,62,1,베테랑2,씨네Q,41,153,0.268,17,83,0.205
2024-10-08,62,1,베테랑2,기타,107,574,0.186,67,425,0.158
2024-10-08,62,1,베테랑2,전체,4101,14542,0.282,1129,6282,0.18
2024-10-08,62,2,조커: 폴리 아 되,CGV,1131,6334,0.179,398,2671,0.149
2024-10-08,62,2,조커: 폴리 아 되,롯데시네마,815,4026,0.202,275,1549,0.178
2024-10-08,62,2,조커: 폴리 아 되,메가박스,687,3455,0.199,244,1554,0.157
2024-10-08,62,2,조커: 폴리 아 되,씨네Q,35,153,0.229,16,83,0.193
2024-10-08,62,2,조커: 폴리 아 되,기타,83,574,0.145,54,425,0.127
2024-10-08,62,2,조커: 폴리 아 되,전체,2751,14542,0.189,987,6282,0.157
2024-10-08,62,3,대도시의 사랑법,CGV,1017,6334,0.161,325,2671,0.122
2024-10-08,62,3,대도시의 사랑법,롯데시네마,740,4026,0.184,235,1549,0.152
2024-10-08,62,3,대도시의 사랑법,메가박스,775,3455,0.224,236,1554,0.152
2024-10-08,62,3,대도시의 사랑법,씨네Q,30,153,0.196,14,83,0.169
2024-10-08,62,3,대도시의 사랑법,기타,99,574,0.172,65,425,0.153
2024-10-08,62,3,대도시의 사랑법,전체,2661,14542,0.183,875,6282,0.139
2024-10-08,62,4,와일드 로봇,CGV,674,6334,0.106,310,2671,0.116
2024-10-08,62,4,와일드 로봇,롯데시네마,538,4026,0.134,209,1549,0.135
2024-10-08,62,4,와일드 로봇,메가박스,344,3455,0.1,175,1554,0.113
2024-10-08,62,4,와일드 로봇,씨네Q,20,153,0.131,12,83,0.145
2024-10-08,62,4,와일드 로봇,기타,40,574,0.07,29,425,0.068
2024-10-08,62,4,와일드 로봇,전체,1616,14542,0.111,735,6282,0.117
2024-10-08,62,5,트랜스포머 ONE,CGV,247,6334,0.039,164,2671,0.061
2024-10-08,62,5,트랜스포머 ONE,롯데시네마,244,4026,0.061,139,1549,0.09
2024-10-08,62,5,트랜스포머 ONE,메가박스,122,3455,0.035,94,1554,0.06
2024-10-08,62,5,트랜스포머 ONE,씨네Q,7,153,0.046,7,83,0.084
2024-10-08,62,5,트랜스포머 ONE,기타,29,574,0.051,26,425,0.061
2024-10-08,62,5,트랜스포머 ONE,전체,649,14542,0.045,430,6282,0.068
2024-10-09,63,1,베테랑2,CGV,1759,7489,0.235,450,3283,0.137
2024-10-09,63,1,베테랑2,롯데시네마,1037,4996,0.208,280,2049,0.137
2024-10-09,63,1,베테랑2,메가박스,812,4370,0.186,231,2038,0.113
2024-10-09,63,1,베테랑2,씨네Q,64,251,0.255,18,111,0.162
2024-10-09,63,1,베테랑2,기타,167,935,0.179,98,661,0.148
2024-10-09,63,1,베테랑2,전체,3839,18041,0.213,1077,8142,0.132
2024-10-09,63,2,대도시의 사랑법,CGV,1244,7489,0.166,458,3283,0.14
2024-10-09,63,2,대도시의 사랑법,롯데시네마,786,4996,0.157,289,2049,0.141
2024-10-09,63,2,대도시의 사랑법,메가박스,784,4370,0.179,245,2038,0.12
2024-10-09,63,2,대도시의 사랑법,씨네Q,33,251,0.131,12,111,0.108
2024-10-09,63,2,대도시의 사랑법,기타,160,935,0.171,97,661,0.147
2024-10-09,63,2,대도시의 사랑법,전체,3007,18041,0.167,1101,8142,0.135
2024-10-09,63,3,와일드 로봇,CGV,1180,7489,0.158,415,3283,0.126
2024-10-09,63,3,와일드 로봇,롯데시네마,844,4996,0.169,228,2049,0.111
2024-10-09,63,3,와일드 로봇,메가박스,655,4370,0.15,235,2038,0.115
2024-10-09,63,3,와일드 로봇,씨네Q,48,251,0.191,17,111,0.153
2024-10-09,63,3,와일드 로봇,기타,151,935,0.161,88,661,0.133
2024-10-09,63,3,와일드 로봇,전체,2878,18041,0.16,983,8142,0.121
2024-10-09,63,4,조커: 폴리 아 되,CGV,797,7489,0.106,306,3283,0.093
2024-10-09,63,4,조커: 폴리 아 되,롯데시네마,663,4996,0.133,219,2049,0.107
2024-10-09,63,4,조커: 폴리 아 되,메가박스,567,4370,0.13,205,2038,0.101
2024-10-09,63,4,조커: 폴리 아 되,씨네Q,39,251,0.155,15,111,0.135
2024-10-09,63,4,조커: 폴리 아 되,기타,124,935,0.133,83,661,0.126
2024-10-09,63,4,조커: 폴리 아 되,전체,2190,18041,0.121,828,8142,0.102
2024-10-09,63,5,트랜스포머 ONE,CGV,395,7489,0.053,216,3283,0.066
2024-10-09,63,5,트랜스포머 ONE,롯데시네마,244,4996,0.049,142,2049,0.069
2024-10-09,63,5,트랜스포머 ONE,메가박스,232,4370,0.053,141,2038,0.069
2024-10-09,63,5,트랜스포머 ONE,씨네Q,18,251,0.072,11,111,0.099
2024-10-09,63,5,트랜스포머 ONE,기타,73,935,0.078,65,661,0.098
2024-10-09,63,5,트랜스포머 ONE,전체,962,18041,0.053,575,8142,0.071
2024-10-10,64,1,베테랑2,CGV,1656,6006,0.276,433,2644,0.164
2024-10-10,64,1,베테랑2,롯데시네마,926,3563,0.26,276,1632,0.169
2024-10-10,64,1,베테랑2,메가박스,714,3169,0.225,238,1635,0.146
2024-10-10,64,1,베테랑2,씨네Q,36,148,0.243,15,87,0.172
2024-10-10,64,1,베테랑2,기타,139,624,0.223,88,464,0.19
2024-10-10,64,1,베테랑2,전체,3471,13510,0.257,1050,6462,0.162
2024-10-10,64,2,대도시의 사랑법,CGV,1261,6006,0.21,405,2644,0.153
2024-10-10,64,2,대도시의 사랑법,롯데시네마,662,3563,0.186,258,1632,0.158
2024-10-10,64,2,대도시의 사랑법,메가박스,689,3169,0.217,226,1635,0.138
2024-10-10,64,2,대도시의 사랑법,씨네Q,35,148,0.236,15,87,0.172
2024-10-10,64,2,대도시의 사랑법,기타,128,624,0.205,83,464,0.179
2024-10-10,64,2,대도시의 사랑법,전체,2775,13510,0.205,987,6462,0.153
2024-10-10,64,3,조커: 폴리 아 되,CGV,731,6006,0.122,283,2644,0.107
2024-10-10,64,3,조커: 폴리 아 되,롯데시네마,535,3563,0.15,211,1632,0.129
2024-10-10,64,3,조커: 폴리 아 되,메가박스,398,3169,0.126,176,1635,0.108
2024-10-10,64,3,조커: 폴리 아 되,씨네Q,26,148,0.176,13,87,0.149
2024-10-10,64,3,조커: 폴리 아 되,기타,89,624,0.143,64,464,0.138
2024-10-10,64,3,조커: 폴리 아 되,전체,1779,13510,0.132,747,6462,0.116
2024-10-10,64,4,와일드 로봇,CGV,613,6006,0.102,289,2644,0.109
2024-10-10,64,4,와일드 로봇,롯데시네마,439,3563,0.123,177,1632,0.108
2024-10-10,64,4,와일드 로봇,메가박스,322,3169,0.102,169,1635,0.103
2024-10-10,64,4,와일드 로봇,씨네Q,15,148,0.101,14,87,0.161
2024-10-10,64,4,와일드 로봇,기타,48,624,0.077,41,464,0.088
2024-10-10,64,4,와일드 로봇,전체,1437,13510,0.106,690,6462,0.107
2024-10-10,64,5,노트북,CGV,395,6006,0.066,207,2644,0.078
2024-10-10,64,5,노트북,롯데시네마,181,3563,0.051,125,1632,0.077
2024-10-10,64,5,노트북,메가박스,122,3169,0.038,83,1635,0.051
2024-10-10,64,5,노트북,씨네Q,11,148,0.074,8,87,0.092
2024-10-10,64,5,노트북,기타,5,624,0.008,4,464,0.009
2024-10-10,64,5,노트북,전체,714,13510,0.053,427,6462,0.066
2024-10-11,65,1,베테랑2,CGV,1743,6539,0.267,434,2804,0.155
2024-10-11,65,1,베테랑2,롯데시네마,1068,4098,0.261,296,1783,0.166
2024-10-11,65,1,베테랑2,메가박스,767,3488,0.22,236,1738,0.136
2024-10-11,65,1,베테랑2,씨네Q,47,170,0.276,16,80,0.2
2024-10-11,65,1,베테랑2,기타,149,717,0.208,87,530,0.164
2024-10-11,65,1,베테랑2,전체,3774,15012,0.251,1069,6935,0.154
2024-10-11,65,2,대도시의 사랑법,CGV,1385,6539,0.212,416,2804,0.148
2024-10-11,65,2,대도시의 사랑법,롯데시네마,757,4098,0.185,275,1783,0.154
2024-10-11,65,2,대도시의 사랑법,메가박스,756,3488,0.217,242,1738,0.139
2024-10-11,65,2,대도시의 사랑법,씨네Q,40,170,0.235,14,80,0.175
2024-10-11,65,2,대도시의 사랑법,기타,145,717,0.202,86,530,0.162
2024-10-11,65,2,대도시의 사랑법,전체,3083,15012,0.205,1033,6935,0.149
2024-10-11,65,3,조커: 폴리 아 되,CGV,748,6539,0.114,287,2804,0.102
2024-10-11,65,3,조커: 폴리 아 되,롯데시네마,566,4098,0.138,210,1783,0.118
2024-10-11,65,3,조커: 폴리 아 되,메가박스,454,3488,0.13,185,1738,0.106
2024-10-11,65,3,조커: 폴리 아 되,씨네Q,25,170,0.147,10,80,0.125
2024-10-11,65,3,조커: 폴리 아 되,기타,89,717,0.124,65,530,0.123
2024-10-11,65,3,조커: 폴리 아 되,전체,1882,15012,0.125,757,6935,0.109
2024-10-11,65,4,와일드 로봇,CGV,772,6539,0.118,336,2804,0.12
2024-10-11,65,4,와일드 로봇,롯데시네마,535,4098,0.131,183,1783,0.103
2024-10-11,65,4,와일드 로봇,메가박스,368,3488,0.106,191,1738,0.11
2024-10-11,65,4,와일드 로봇,씨네Q,19,170,0.112,11,80,0.138
2024-10-11,65,4,와일드 로봇,기타,61,717,0.085,47,530,0.089
2024-10-11,65,4,와일드 로봇,전체,1755,15012,0.117,768,6935,0.111
2024-10-11,65,5,노트북,CGV,429,6539,0.066,229,2804,0.082
2024-10-11,65,5,노트북,롯데시네마,207,4098,0.051,144,1783,0.081
2024-10-11,65,5,노트북,메가박스,145,3488,0.042,84,1738,0.048
2024-10-11,65,5,노트북,씨네Q,13,170,0.076,7,80,0.088
2024-10-11,65,5,노트북,기타,6,717,0.008,5,530,0.009
2024-10-11,65,5,노트북,전체,800,15012,0.053,469,6935,0.068
2024-10-12,66,1,베테랑2,CGV,1477,7648,0.193,390,3256,0.12
2024-10-12,66,1,베테랑2,롯데시네마,1087,4875,0.223,296,2012,0.147
2024-10-12,66,1,베테랑2,메가박스,787,4236,0.186,217,2019,0.107
2024-10-12,66,1,베테랑2,씨네Q,53,251,0.211,19,123,0.154
2024-10-12,66,1,베테랑2,기타,166,922,0.18,99,657,0.151
2024-10-12,66,1,베테랑2,전체,3570,17932,0.199,1021,8067,0.127
2024-10-12,66,2,대도시의 사랑법,CGV,1284,7648,0.168,395,3256,0.121
2024-10-12,66,2,대도시의 사랑법,롯데시네마,873,4875,0.179,267,2012,0.133
2024-10-12,66,2,대도시의 사랑법,메가박스,822,4236,0.194,240,2019,0.119
2024-10-12,66,2,대도시의 사랑법,씨네Q,40,251,0.159,15,123,0.122
2024-10-12,66,2,대도시의 사랑법,기타,168,922,0.182,97,657,0.148
2024-10-12,66,2,대도시의 사랑법,전체,3187,17932,0.178,1014,8067,0.126
2024-10-12,66,3,와일드 로봇,CGV,1205,7648,0.158,426,3256,0.131
2024-10-12,66,3,와일드 로봇,롯데시네마,892,4875,0.183,253,2012,0.126
2024-10-12,66,3,와일드 로봇,메가박스,674,4236,0.159,257,2019,0.127
2024-10-12,66,3,와일드 로봇,씨네Q,53,251,0.211,21,123,0.171
2024-10-12,66,3,와일드 로봇,기타,148,922,0.161,90,657,0.137
2024-10-12,66,3,와일드 로봇,전체,2972,17932,0.166,1047,8067,0.13
2024-10-12,66,4,조커: 폴리 아 되,CGV,673,7648,0.088,288,3256,0.088
2024-10-12,66,4,조커: 폴리 아 되,롯데시네마,461,4875,0.095,194,2012,0.096
2024-10-12,66,4,조커: 폴리 아 되,메가박스,465,4236,0.11,193,2019,0.096
2024-10-12,66,4,조커: 폴리 아 되,씨네Q,34,251,0.135,15,123,0.122
2024-10-12,66,4,조커: 폴리 아 되,기타,118,922,0.128,81,657,0.123
2024-10-12,66,4,조커: 폴리 아 되,전체,1751,17932,0.098,771,8067,0.096
2024-10-12,66,5,노트북,CGV,432,7648,0.056,248,3256,0.076
2024-10-12,66,5,노트북,롯데시네마,275,4875,0.056,164,2012,0.082
2024-10-12,66,5,노트북,메가박스,224,4236,0.053,133,2019,0.066
2024-10-12,66,5,노트북,씨네Q,14,251,0.056,9,123,0.073
2024-10-12,66,5,노트북,기타,8,922,0.009,7,657,0.011
2024-10-12,66,5,노트북,전체,953,17932,0.053,561,8067,0.07
2024-10-13,67,1,베테랑2,CGV,1427,7292,0.196,396,3188,0.124
2024-10-13,67,1,베테랑2,롯데시네마,1014,4652,0.218,283,1970,0.144
2024-10-13,67,1,베테랑2,메가박스,739,4041,0.183,222,1976,0.112
2024-10-13,67,1,베테랑2,씨네Q,54,244,0.221,21,115,0.183
2024-10-13,67,1,베테랑2,기타,154,880,0.175,94,632,0.149
2024-10-13,67,1,베테랑2,전체,3388,17109,0.198,1016,7881,0.129
2024-10-13,67,2,대도시의 사랑법,CGV,1245,7292,0.171,384,3188,0.12
2024-10-13,67,2,대도시의 사랑법,롯데시네마,820,4652,0.176,259,1970,0.131
2024-10-13,67,2,대도시의 사랑법,메가박스,795,4041,0.197,239,1976,0.121
2024-10-13,67,2,대도시의 사랑법,씨네Q,44,244,0.18,16,115,0.139
2024-10-13,67,2,대도시의 사랑법,기타,152,880,0.173,90,632,0.142
2024-10-13,67,2,대도시의 사랑법,전체,3056,17109,0.179,988,7881,0.125
2024-10-13,67,3,와일드 로봇,CGV,1169,7292,0.16,421,3188,0.132
2024-10-13,67,3,와일드 로봇,롯데시네마,857,4652,0.184,247,1970,0.125
2024-10-13,67,3,와일드 로봇,메가박스,663,4041,0.164,262,1976,0.133
2024-10-13,67,3,와일드 로봇,씨네Q,49,244,0.201,19,115,0.165
2024-10-13,67,3,와일드 로봇,기타,146,880,0.166,87,632,0.138
2024-10-13,67,3,와일드 로봇,전체,2884,17109,0.169,1036,7881,0.131
2024-10-13,67,4,조커: 폴리 아 되,CGV,611,7292,0.084,275,3188,0.086
2024-10-13,67,4,조커: 폴리 아 되,롯데시네마,438,4652,0.094,188,1970,0.095
2024-10-13,67,4,조커: 폴리 아 되,메가박스,418,4041,0.103,195,1976,0.099
2024-10-13,67,4,조커: 폴리 아 되,씨네Q,30,244,0.123,14,115,0.122
2024-10-13,67,4,조커: 폴리 아 되,기타,105,880,0.119,74,632,0.117
2024-10-13,67,4,조커: 폴리 아 되,전체,1602,17109,0.094,746,7881,0.095
2024-10-13,67,5,노트북,CGV,427,7292,0.059,248,3188,0.078
2024-10-13,67,5,노트북,롯데시네마,264,4652,0.057,159,1970,0.081
2024-10-13,67,5,노트북,메가박스,235,4041,0.058,134,1976,0.068
2024-10-13,67,5,노트북,씨네Q,12,244,0.049,8,115,0.07
2024-10-13,67,5,노트북,기타,8,880,0.009,6,632,0.009
2024-10-13,67,5,노트북,전체,946,17109,0.055,555,7881,0.07
2024-10-14,68,1,베테랑2,CGV,1327,5716,0.232,372,2546,0.146
2024-10-14,68,1,베테랑2,롯데시네마,876,3270,0.268,266,1457,0.183
2024-10-14,68,1,베테랑2,메가박스,647,2953,0.219,224,1575,0.142
2024-10-14,68,1,베테랑2,씨네Q,32,141,0.227,12,70,0.171
2024-10-14,68,1,베테랑2,기타,81,431,0.188,51,331,0.154
2024-10-14,68,1,베테랑2,전체,2963,12511,0.237,925,5979,0.155
2024-10-14,68,2,대도시의 사랑법,CGV,1183,5716,0.207,350,2546,0.137
2024-10-14,68,2,대도시의 사랑법,롯데시네마,716,3270,0.219,238,1457,0.163
2024-10-14,68,2,대도시의 사랑법,메가박스,679,2953,0.23,214,1575,0.136
2024-10-14,68,2,대도시의 사랑법,씨네Q,34,141,0.241,14,70,0.2
2024-10-14,68,2,대도시의 사랑법,기타,87,431,0.202,53,331,0.16
2024-10-14,68,2,대도시의 사랑법,전체,2699,12511,0.216,869,5979,0.145
2024-10-14,68,3,와일드 로봇,CGV,605,5716,0.106,281,2546,0.11
2024-10-14,68,3,와일드 로봇,롯데시네마,418,3270,0.128,157,1457,0.108
2024-10-14,68,3,와일드 로봇,메가박스,304,2953,0.103,169,1575,0.107
2024-10-14,68,3,와일드 로봇,씨네Q,19,141,0.135,10,70,0.143
2024-10-14,68,3,와일드 로봇,기타,32,431,0.074,30,331,0.091
2024-10-14,68,3,와일드 로봇,전체,1378,12511,0.11,647,5979,0.108
2024-10-14,68,4,조커: 폴리 아 되,CGV,531,5716,0.093,253,2546,0.099
2024-10-14,68,4,조커: 폴리 아 되,롯데시네마,380,3270,0.116,168,1457,0.115
2024-10-14,68,4,조커: 폴리 아 되,메가박스,315,2953,0.107,164,1575,0.104
2024-10-14,68,4,조커: 폴리 아 되,씨네Q,15,141,0.106,8,70,0.114
2024-10-14,68,4,조커: 폴리 아 되,기타,52,431,0.121,42,331,0.127
2024-10-14,68,4,조커: 폴리 아 되,전체,1293,12511,0.103,635,5979,0.106
2024-10-14,68,5,노트북,CGV,416,5716,0.073,221,2546,0.087
2024-10-14,68,5,노트북,롯데시네마,228,3270,0.07,138,1457,0.095
2024-10-14,68,5,노트북,메가박스,194,2953,0.066,119,1575,0.076
2024-10-14,68,5,노트북,씨네Q,12,141,0.085,5,70,0.071
2024-10-14,68,5,노트북,기타,7,431,0.016,5,331,0.015
2024-10-14,68,5,노트북,전체,857,12511,0.068,488,5979,0.082
2024-10-15,69,1,베테랑2,CGV,1285,5661,0.227,369,2567,0.144
2024-10-15,69,1,베테랑2,롯데시네마,875,3272,0.267,270,1510,0.179
2024-10-15,69,1,베테랑2,메가박스,643,2901,0.222,217,1553,0.14
2024-10-15,69,1,베테랑2,씨네Q,40,146,0.274,13,75,0.173
2024-10-15,69,1,베테랑2,기타,101,542,0.186,66,408,0.162
2024-10-15,69,1,베테랑2,전체,2944,12522,0.235,935,6113,0.153
2024-10-15,69,2,대도시의 사랑법,CGV,1175,5661,0.208,347,2567,0.135
2024-10-15,69,2,대도시의 사랑법,롯데시네마,701,3272,0.214,231,1510,0.153
2024-10-15,69,2,대도시의 사랑법,메가박스,657,2901,0.226,223,1553,0.144
2024-10-15,69,2,대도시의 사랑법,씨네Q,31,146,0.212,14,75,0.187
2024-10-15,69,2,대도시의 사랑법,기타,99,542,0.183,56,408,0.137
2024-10-15,69,2,대도시의 사랑법,전체,2663,12522,0.213,871,6113,0.142
2024-10-15,69,3,와일드 로봇,CGV,583,5661,0.103,275,2567,0.107
2024-10-15,69,3,와일드 로봇,롯데시네마,388,3272,0.119,162,1510,0.107
2024-10-15,69,3,와일드 로봇,메가박스,282,2901,0.097,153,1553,0.099
2024-10-15,69,3,와일드 로봇,씨네Q,19,146,0.13,11,75,0.147
2024-10-15,69,3,와일드 로봇,기타,45,542,0.083,39,408,0.096
2024-10-15,69,3,와일드 로봇,전체,1317,12522,0.105,640,6113,0.105
2024-10-15,69,4,조커: 폴리 아 되,CGV,514,5661,0.091,246,2567,0.096
2024-10-15,69,4,조커: 폴리 아 되,롯데시네마,354,3272,0.108,169,1510,0.112
2024-10-15,69,4,조커: 폴리 아 되,메가박스,304,2901,0.105,166,1553,0.107
2024-10-15,69,4,조커: 폴리 아 되,씨네Q,14,146,0.096,8,75,0.107
2024-10-15,69,4,조커: 폴리 아 되,기타,64,542,0.118,46,408,0.113
2024-10-15,69,4,조커: 폴리 아 되,전체,1250,12522,0.1,635,6113,0.104
2024-10-15,69,5,노트북,CGV,440,5661,0.078,220,2567,0.086
2024-10-15,69,5,노트북,롯데시네마,224,3272,0.068,138,1510,0.091
2024-10-15,69,5,노트북,메가박스,205,2901,0.071,121,1553,0.078
2024-10-15,69,5,노트북,씨네Q,13,146,0.089,7,75,0.093
2024-10-15,69,5,노트북,기타,6,542,0.011,5,408,0.012
2024-10-15,69,5,노트북,전체,888,12522,0.071,491,6113,0.08
2024-10-16,70,1,보통의 가족,CGV,2175,6721,0.324,575,2942,0.195
2024-10-16,70,1,보통의 가족,롯데시네마,1192,3974,0.3,310,1653,0.188
2024-10-16,70,1,보통의 가족,메가박스,1048,3435,0.305,270,1481,0.182
2024-10-16,70,1,보통의 가족,씨네Q,54,176,0.307,19,86,0.221
2024-10-16,70,1,보통의 가족,기타,245,715,0.343,103,489,0.211
2024-10-16,70,1,보통의 가족,전체,4714,15021,0.314,1277,6651,0.192
2024-10-16,70,2,대도시의 사랑법,CGV,788,6721,0.117,280,2942,0.095
2024-10-16,70,2,대도시의 사랑법,롯데시네마,553,3974,0.139,181,1653,0.109
2024-10-16,70,2,대도시의 사랑법,메가박스,633,3435,0.184,185,1481,0.125
2024-10-16,70,2,대도시의 사랑법,씨네Q,24,176,0.136,11,86,0.128
2024-10-16,70,2,대도시의 사랑법,기타,77,715,0.108,55,489,0.112
2024-10-16,70,2,대도시의 사랑법,전체,2075,15021,0.138,712,6651,0.107
2024-10-16,70,3,베테랑2,CGV,805,6721,0.12,319,2942,0.108
2024-10-16,70,3,베테랑2,롯데시네마,644,3974,0.162,210,1653,0.127
2024-10-16,70,3,베테랑2,메가박스,492,3435,0.143,186,1481,0.126
2024-10-16,70,3,베테랑2,씨네Q,22,176,0.125,9,86,0.105
2024-10-16,70,3,베테랑2,기타,76,715,0.106,58,489,0.119
2024-10-16,70,3,베테랑2,전체,2039,15021,0.136,782,6651,0.118
2024-10-16,70,4,스마일 2,CGV,515,6721,0.077,244,2942,0.083
2024-10-16,70,4,스마일 2,롯데시네마,380,3974,0.096,150,1653,0.091
2024-10-16,70,4,스마일 2,메가박스,285,3435,0.083,143,1481,0.097
2024-10-16,70,4,스마일 2,씨네Q,10,176,0.057,4,86,0.047
2024-10-16,70,4,스마일 2,기타,14,715,0.02,8,489,0.016
2024-10-16,70,4,스마일 2,전체,1204,15021,0.08,549,6651,0.083
2024-10-16,70,5,와일드 로봇,CGV,285,6721,0.042,191,2942,0.065
2024-10-16,70,5,와일드 로봇,롯데시네마,235,3974,0.059,144,1653,0.087
2024-10-16,70,5,와일드 로봇,메가박스,122,3435,0.036,82,1481,0.055
2024-10-16,70,5,와일드 로봇,씨네Q,19,176,0.108,8,86,0.093
2024-10-16,70,5,와일드 로봇,기타,35,715,0.049,31,489,0.063
2024-10-16,70,5,와일드 로봇,전체,696,15021,0.046,456,6651,0.069
2024-10-17,71,1,보통의 가족,CGV,1598,6599,0.242,383,2914,0.131
2024-10-17,71,1,보통의 가족,롯데시네마,1062,3989,0.266,285,1753,0.163
2024-10-17,71,1,보통의 가족,메가박스,865,3417,0.253,245,1605,0.153
2024-10-17,71,1,보통의 가족,씨네Q,50,216,0.231,15,127,0.118
2024-10-17,71,1,보통의 가족,기타,203,735,0.276,101,510,0.198
2024-10-17,71,1,보통의 가족,전체,3778,14956,0.253,1029,6909,0.149
2024-10-17,71,2,더러운 돈에 손대지 마라,CGV,1082,6599,0.164,312,2914,0.107
2024-10-17,71,2,더러운 돈에 손대지 마라,롯데시네마,503,3989,0.126,224,1753,0.128
2024-10-17,71,2,더러운 돈에 손대지 마라,메가박스,537,3417,0.157,170,1605,0.106
2024-10-17,71,2,더러운 돈에 손대지 마라,씨네Q,34,216,0.157,11,127,0.087
2024-10-17,71,2,더러운 돈에 손대지 마라,기타,146,735,0.199,79,510,0.155
2024-10-17,71,2,더러운 돈에 손대지 마라,전체,2302,14956,0.154,796,6909,0.115
2024-10-17,71,3,베테랑2,CGV,760,6599,0.115,311,2914,0.107
2024-10-17,71,3,베테랑2,롯데시네마,585,3989,0.147,186,1753,0.106
2024-10-17,71,3,베테랑2,메가박스,363,3417,0.106,164,1605,0.102
2024-10-17,71,3,베테랑2,씨네Q,20,216,0.093,10,127,0.079
2024-10-17,71,3,베테랑2,기타,47,735,0.064,34,510,0.067
2024-10-17,71,3,베테랑2,전체,1775,14956,0.119,705,6909,0.102
2024-10-17,71,4,대도시의 사랑법,CGV,659,6599,0.1,264,2914,0.091
2024-10-17,71,4,대도시의 사랑법,롯데시네마,436,3989,0.109,170,1753,0.097
2024-10-17,71,4,대도시의 사랑법,메가박스,468,3417,0.137,173,1605,0.108
2024-10-17,71,4,대도시의 사랑법,씨네Q,15,216,0.069,9,127,0.071
2024-10-17,71,4,대도시의 사랑법,기타,44,735,0.06,37,510,0.073
2024-10-17,71,4,대도시의 사랑법,전체,1622,14956,0.108,653,6909,0.095
2024-10-17,71,5,스마일 2,CGV,415,6599,0.063,212,2914,0.073
2024-10-17,71,5,스마일 2,롯데시네마,337,3989,0.084,144,1753,0.082
2024-10-17,71,5,스마일 2,메가박스,211,3417,0.062,126,1605,0.079
2024-10-17,71,5,스마일 2,씨네Q,8,216,0.037,5,127,0.039
2024-10-17,71,5,스마일 2,기타,9,735,0.012,6,510,0.012
2024-10-17,71,5,스마일 2,전체,980,14956,0.066,493,6909,0.071
2024-10-18,72,1,보통의 가족,CGV,1698,6935,0.245,403,3152,0.128
2024-10-18,72,1,보통의 가족,롯데시네마,1165,4410,0.264,291,1866,0.156
2024-10-18,72,1,보통의 가족,메가박스,953,3663,0.26,252,1722,0.146
2024-10-18,72,1,보통의 가족,씨네Q,64,218,0.294,19,106,0.179
2024-10-18,72,1,보통의 가족,기타,227,796,0.285,105,538,0.195
2024-10-18,72,1,보통의 가족,전체,4107,16022,0.256,1070,7384,0.145
2024-10-18,72,2,더러운 돈에 손대지 마라,CGV,957,6935,0.138,282,3152,0.089
2024-10-18,72,2,더러운 돈에 손대지 마라,롯데시네마,521,4410,0.118,228,1866,0.122
2024-10-18,72,2,더러운 돈에 손대지 마라,메가박스,523,3663,0.143,165,1722,0.096
2024-10-18,72,2,더러운 돈에 손대지 마라,씨네Q,34,218,0.156,11,106,0.104
2024-10-18,72,2,더러운 돈에 손대지 마라,기타,162,796,0.204,86,538,0.16
2024-10-18,72,2,더러운 돈에 손대지 마라,전체,2197,16022,0.137,772,7384,0.105
2024-10-18,72,3,베테랑2,CGV,910,6935,0.131,375,3152,0.119
2024-10-18,72,3,베테랑2,롯데시네마,661,4410,0.15,193,1866,0.103
2024-10-18,72,3,베테랑2,메가박스,370,3663,0.101,164,1722,0.095
2024-10-18,72,3,베테랑2,씨네Q,23,218,0.106,12,106,0.113
2024-10-18,72,3,베테랑2,기타,53,796,0.067,43,538,0.08
2024-10-18,72,3,베테랑2,전체,2017,16022,0.126,787,7384,0.107
2024-10-18,72,4,대도시의 사랑법,CGV,754,6935,0.109,313,3152,0.099
2024-10-18,72,4,대도시의 사랑법,롯데시네마,506,4410,0.115,181,1866,0.097
2024-10-18,72,4,대도시의 사랑법,메가박스,485,3663,0.132,177,1722,0.103
2024-10-18,72,4,대도시의 사랑법,씨네Q,17,218,0.078,9,106,0.085
2024-10-18,72,4,대도시의 사랑법,기타,54,796,0.068,40,538,0.074
2024-10-18,72,4,대도시의 사랑법,전체,1816,16022,0.113,720,7384,0.098
2024-10-18,72,5,스마일 2,CGV,379,6935,0.055,201,3152,0.064
2024-10-18,72,5,스마일 2,롯데시네마,348,4410,0.079,149,1866,0.08
2024-10-18,72,5,스마일 2,메가박스,203,3663,0.055,124,1722,0.072
2024-10-18,72,5,스마일 2,씨네Q,10,218,0.046,6,106,0.057
2024-10-18,72,5,스마일 2,기타,10,796,0.013,5,538,0.009
2024-10-18,72,5,스마일 2,전체,950,16022,0.059,485,7384,0.066
2024-10-19,73,1,보통의 가족,CGV,1747,7633,0.229,395,3490,0.113
2024-10-19,73,1,보통의 가족,롯데시네마,1111,4847,0.229,294,2007,0.146
2024-10-19,73,1,보통의 가족,메가박스,1003,4304,0.233,241,1992,0.121
2024-10-19,73,1,보통의 가족,씨네Q,74,264,0.28,19,124,0.153
2024-10-19,73,1,보통의 가족,기타,250,932,0.268,118,640,0.184
2024-10-19,73,1,보통의 가족,전체,4185,17980,0.233,1067,8253,0.129
2024-10-19,73,2,베테랑2,CGV,978,7633,0.128,381,3490,0.109
2024-10-19,73,2,베테랑2,롯데시네마,661,4847,0.136,174,2007,0.087
2024-10-19,73,2,베테랑2,메가박스,407,4304,0.095,166,1992,0.083
2024-10-19,73,2,베테랑2,씨네Q,28,264,0.106,13,124,0.105
2024-10-19,73,2,베테랑2,기타,48,932,0.052,36,640,0.056
2024-10-19,73,2,베테랑2,전체,2122,17980,0.118,770,8253,0.093
2024-10-19,73,3,더러운 돈에 손대지 마라,CGV,831,7633,0.109,269,3490,0.077
2024-10-19,73,3,더러운 돈에 손대지 마라,롯데시네마,494,4847,0.102,220,2007,0.11
2024-10-19,73,3,더러운 돈에 손대지 마라,메가박스,493,4304,0.115,150,1992,0.075
2024-10-19,73,3,더러운 돈에 손대지 마라,씨네Q,39,264,0.148,14,124,0.113
2024-10-19,73,3,더러운 돈에 손대지 마라,기타,173,932,0.186,94,640,0.147
2024-10-19,73,3,더러운 돈에 손대지 마라,전체,2030,17980,0.113,747,8253,0.091
2024-10-19,73,4,대도시의 사랑법,CGV,841,7633,0.11,333,3490,0.095
2024-10-19,73,4,대도시의 사랑법,롯데시네마,527,4847,0.109,191,2007,0.095
2024-10-19,73,4,대도시의 사랑법,메가박스,573,4304,0.133,200,1992,0.1
2024-10-19,73,4,대도시의 사랑법,씨네Q,23,264,0.087,11,124,0.089
2024-10-19,73,4,대도시의 사랑법,기타,61,932,0.065,45,640,0.07
2024-10-19,73,4,대도시의 사랑법,전체,2025,17980,0.113,780,8253,0.095
2024-10-19,73,5,와일드 로봇,CGV,667,7633,0.087,317,3490,0.091
2024-10-19,73,5,와일드 로봇,롯데시네마,599,4847,0.124,195,2007,0.097
2024-10-19,73,5,와일드 로봇,메가박스,369,4304,0.086,193,1992,0.097
2024-10-19,73,5,와일드 로봇,씨네Q,32,264,0.121,11,124,0.089
2024-10-19,73,5,와일드 로봇,기타,101,932,0.108,75,640,0.117
2024-10-19,73,5,와일드 로봇,전체,1768,17980,0.098,791,8253,0.096
2024-10-20,74,1,보통의 가족,CGV,1723,7512,0.229,403,3520,0.114
2024-10-20,74,1,보통의 가족,롯데시네마,1064,4660,0.228,283,1986,0.142
2024-10-20,74,1,보통의 가족,메가박스,973,4109,0.237,265,1980,0.134
2024-10-20,74,1,보통의 가족,씨네Q,67,261,0.257,20,131,0.153
2024-10-20,74,1,보통의 가족,기타,246,917,0.268,115,618,0.186
2024-10-20,74,1,보통의 가족,전체,4073,17459,0.233,1086,8235,0.132
2024-10-20,74,2,베테랑2,CGV,954,7512,0.127,393,3520,0.112
2024-10-20,74,2,베테랑2,롯데시네마,624,4660,0.134,168,1986,0.085
2024-10-20,74,2,베테랑2,메가박스,404,4109,0.098,167,1980,0.084
2024-10-20,74,2,베테랑2,씨네Q,25,261,0.096,12,131,0.092
2024-10-20,74,2,베테랑2,기타,43,917,0.047,33,618,0.053
2024-10-20,74,2,베테랑2,전체,2050,17459,0.117,773,8235,0.094
2024-10-20,74,3,대도시의 사랑법,CGV,844,7512,0.112,332,3520,0.094
2024-10-20,74,3,대도시의 사랑법,롯데시네마,516,4660,0.111,193,1986,0.097
2024-10-20,74,3,대도시의 사랑법,메가박스,558,4109,0.136,195,1980,0.098
2024-10-20,74,3,대도시의 사랑법,씨네Q,23,261,0.088,10,131,0.076
2024-10-20,74,3,대도시의 사랑법,기타,63,917,0.069,46,618,0.074
2024-10-20,74,3,대도시의 사랑법,전체,2004,17459,0.115,776,8235,0.094
2024-10-20,74,4,더러운 돈에 손대지 마라,CGV,797,7512,0.106,262,3520,0.074
2024-10-20,74,4,더러운 돈에 손대지 마라,롯데시네마,459,4660,0.098,216,1986,0.109
2024-10-20,74,4,더러운 돈에 손대지 마라,메가박스,424,4109,0.103,150,1980,0.076
2024-10-20,74,4,더러운 돈에 손대지 마라,씨네Q,35,261,0.134,13,131,0.099
2024-10-20,74,4,더러운 돈에 손대지 마라,기타,164,917,0.179,88,618,0.142
2024-10-20,74,4,더러운 돈에 손대지 마라,전체,1879,17459,0.108,729,8235,0.089
2024-10-20,74,5,와일드 로봇,CGV,667,7512,0.089,322,3520,0.091
2024-10-20,74,5,와일드 로봇,롯데시네마,582,4660,0.125,183,1986,0.092
2024-10-20,74,5,와일드 로봇,메가박스,362,4109,0.088,190,1980,0.096
2024-10-20,74,5,와일드 로봇,씨네Q,35,261,0.134,13,131,0.099
2024-10-20,74,5,와일드 로봇,기타,101,917,0.11,72,618,0.117
2024-10-20,74,5,와일드 로봇,전체,1747,17459,0.1,780,8235,0.095
2024-10-21,75,1,보통의 가족,CGV,1510,5883,0.257,374,2780,0.135
2024-10-21,75,1,보통의 가족,롯데시네마,991,3579,0.277,285,1647,0.173
2024-10-21,75,1,보통의 가족,메가박스,803,3031,0.265,229,1525,0.15
2024-10-21,75,1,보통의 가족,씨네Q,49,161,0.304,14,85,0.165
2024-10-21,75,1,보통의 가족,기타,142,495,0.287,67,341,0.196
2024-10-21,75,1,보통의 가족,전체,3495,13149,0.266,969,6378,0.152
2024-10-21,75,2,대도시의 사랑법,CGV,746,5883,0.127,286,2780,0.103
2024-10-21,75,2,대도시의 사랑법,롯데시네마,486,3579,0.136,180,1647,0.109
2024-10-21,75,2,대도시의 사랑법,메가박스,453,3031,0.149,171,1525,0.112
2024-10-21,75,2,대도시의 사랑법,씨네Q,12,161,0.075,7,85,0.082
2024-10-21,75,2,대도시의 사랑법,기타,28,495,0.057,21,341,0.062
2024-10-21,75,2,대도시의 사랑법,전체,1725,13149,0.131,665,6378,0.104
2024-10-21,75,3,베테랑2,CGV,839,5883,0.143,352,2780,0.127
2024-10-21,75,3,베테랑2,롯데시네마,519,3579,0.145,172,1647,0.104
2024-10-21,75,3,베테랑2,메가박스,309,3031,0.102,149,1525,0.098
2024-10-21,75,3,베테랑2,씨네Q,14,161,0.087,7,85,0.082
2024-10-21,75,3,베테랑2,기타,17,495,0.034,13,341,0.038
2024-10-21,75,3,베테랑2,전체,1698,13149,0.129,693,6378,0.109
2024-10-21,75,4,더러운 돈에 손대지 마라,CGV,625,5883,0.106,231,2780,0.083
2024-10-21,75,4,더러운 돈에 손대지 마라,롯데시네마,330,3579,0.092,171,1647,0.104
2024-10-21,75,4,더러운 돈에 손대지 마라,메가박스,350,3031,0.115,130,1525,0.085
2024-10-21,75,4,더러운 돈에 손대지 마라,씨네Q,21,161,0.13,8,85,0.094
2024-10-21,75,4,더러운 돈에 손대지 마라,기타,88,495,0.178,50,341,0.147
2024-10-21,75,4,더러운 돈에 손대지 마라,전체,1414,13149,0.108,590,6378,0.093
2024-10-21,75,5,스마일 2,CGV,282,5883,0.048,176,2780,0.063
2024-10-21,75,5,스마일 2,롯데시네마,249,3579,0.07,125,1647,0.076
2024-10-21,75,5,스마일 2,메가박스,159,3031,0.052,105,1525,0.069
2024-10-21,75,5,스마일 2,씨네Q,7,161,0.043,6,85,0.071
2024-10-21,75,5,스마일 2,기타,6,495,0.012,4,341,0.012
2024-10-21,75,5,스마일 2,전체,703,13149,0.053,416,6378,0.065
2024-10-22,76,1,보통의 가족,CGV,1587,6246,0.254,397,3006,0.132
2024-10-22,76,1,보통의 가족,롯데시네마,981,3661,0.268,288,1707,0.169
2024-10-22,76,1,보통의 가족,메가박스,864,3204,0.27,234,1585,0.148
2024-10-22,76,1,보통의 가족,씨네Q,53,170,0.312,17,98,0.173
2024-10-22,76,1,보통의 가족,기타,175,618,0.283,82,432,0.19
2024-10-22,76,1,보통의 가족,전체,3660,13899,0.263,1018,6828,0.149
2024-10-22,76,2,베테랑2,CGV,859,6246,0.138,354,3006,0.118
2024-10-22,76,2,베테랑2,롯데시네마,570,3661,0.156,176,1707,0.103
2024-10-22,76,2,베테랑2,메가박스,320,3204,0.1,148,1585,0.093
2024-10-22,76,2,베테랑2,씨네Q,20,170,0.118,12,98,0.122
2024-10-22,76,2,베테랑2,기타,31,618,0.05,26,432,0.06
2024-10-22,76,2,베테랑2,전체,1800,13899,0.13,716,6828,0.105
2024-10-22,76,3,대도시의 사랑법,CGV,765,6246,0.122,303,3006,0.101
2024-10-22,76,3,대도시의 사랑법,롯데시네마,486,3661,0.133,189,1707,0.111
2024-10-22,76,3,대도시의 사랑법,메가박스,473,3204,0.148,172,1585,0.109
2024-10-22,76,3,대도시의 사랑법,씨네Q,14,170,0.082,7,98,0.071
2024-10-22,76,3,대도시의 사랑법,기타,32,618,0.052,24,432,0.056
2024-10-22,76,3,대도시의 사랑법,전체,1770,13899,0.127,695,6828,0.102
2024-10-22,76,4,더러운 돈에 손대지 마라,CGV,651,6246,0.104,245,3006,0.082
2024-10-22,76,4,더러운 돈에 손대지 마라,롯데시네마,322,3661,0.088,164,1707,0.096
2024-10-22,76,4,더러운 돈에 손대지 마라,메가박스,367,3204,0.115,148,1585,0.093
2024-10-22,76,4,더러운 돈에 손대지 마라,씨네Q,22,170,0.129,10,98,0.102
2024-10-22,76,4,더러운 돈에 손대지 마라,기타,106,618,0.172,59,432,0.137
2024-10-22,76,4,더러운 돈에 손대지 마라,전체,1468,13899,0.106,626,6828,0.092
2024-10-22,76,5,스마일 2,CGV,282,6246,0.045,181,3006,0.06
2024-10-22,76,5,스마일 2,롯데시네마,260,3661,0.071,131,1707,0.077
2024-10-22,76,5,스마일 2,메가박스,184,3204,0.057,117,1585,0.074
2024-10-22,76,5,스마일 2,씨네Q,6,170,0.035,5,98,0.051
2024-10-22,76,5,스마일 2,기타,6,618,0.01,6,432,0.014
2024-10-22,76,5,스마일 2,전체,738,13899,0.053,440,6828,0.064
2024-10-23,77,1,베놈: 라스트 댄스,CGV,3138,6983,0.449,655,2731,0.24
2024-10-23,77,1,베놈: 라스트 댄스,롯데시네마,2230,4367,0.511,494,1800,0.274
2024-10-23,77,1,베놈: 라스트 댄스,메가박스,1737,3770,0.461,377,1527,0.247
2024-10-23,77,1,베놈: 라스트 댄스,씨네Q,113,216,0.523,29,96,0.302
2024-10-23,77,1,베놈: 라스트 댄스,기타,266,789,0.337,101,521,0.194
2024-10-23,77,1,베놈: 라스트 댄스,전체,7484,16125,0.464,1656,6675,0.248
2024-10-23,77,2,보통의 가족,CGV,1196,6983,0.171,346,2731,0.127
2024-10-23,77,2,보통의 가족,롯데시네마,641,4367,0.147,183,1800,0.102
2024-10-23,77,2,보통의 가족,메가박스,505,3770,0.134,180,1527,0.118
2024-10-23,77,2,보통의 가족,씨네Q,29,216,0.134,11,96,0.115
2024-10-23,77,2,보통의 가족,기타,142,789,0.18,89,521,0.171
2024-10-23,77,2,보통의 가족,전체,2513,16125,0.156,809,6675,0.121
2024-10-23,77,3,대도시의 사랑법,CGV,498,6983,0.071,241,2731,0.088
2024-10-23,77,3,대도시의 사랑법,롯데시네마,225,4367,0.052,158,1800,0.088
2024-10-23,77,3,대도시의 사랑법,메가박스,330,3770,0.088,157,1527,0.103
2024-10-23,77,3,대도시의 사랑법,씨네Q,9,216,0.042,7,96,0.073
2024-10-23,77,3,대도시의 사랑법,기타,18,789,0.023,16,521,0.031
2024-10-23,77,3,대도시의 사랑법,전체,1080,16125,0.067,579,6675,0.087
2024-10-23,77,4,베테랑2,CGV,487,6983,0.07,224,2731,0.082
2024-10-23,77,4,베테랑2,롯데시네마,211,4367,0.048,141,1800,0.078
2024-10-23,77,4,베테랑2,메가박스,116,3770,0.031,79,1527,0.052
2024-10-23,77,4,베테랑2,씨네Q,13,216,0.06,10,96,0.104
2024-10-23,77,4,베테랑2,기타,19,789,0.024,15,521,0.029
2024-10-23,77,4,베테랑2,전체,846,16125,0.052,469,6675,0.07
2024-10-23,77,5,더러운 돈에 손대지 마라,CGV,185,6983,0.026,127,2731,0.047
2024-10-23,77,5,더러운 돈에 손대지 마라,롯데시네마,149,4367,0.034,121,1800,0.067
2024-10-23,77,5,더러운 돈에 손대지 마라,메가박스,111,3770,0.029,71,1527,0.046
2024-10-23,77,5,더러운 돈에 손대지 마라,씨네Q,12,216,0.056,5,96,0.052
2024-10-23,77,5,더러운 돈에 손대지 마라,기타,78,789,0.099,60,521,0.115
2024-10-23,77,5,더러운 돈에 손대지 마라,전체,535,16125,0.033,384,6675,0.058
2024-10-24,78,1,베놈: 라스트 댄스,CGV,3032,6919,0.438,647,2804,0.231
2024-10-24,78,1,베놈: 라스트 댄스,롯데시네마,2160,4368,0.495,488,1843,0.265
2024-10-24,78,1,베놈: 라스트 댄스,메가박스,1592,3589,0.444,364,1507,0.242
2024-10-24,78,1,베놈: 라스트 댄스,씨네Q,104,200,0.52,29,89,0.326
2024-10-24,78,1,베놈: 라스트 댄스,기타,253,779,0.325,100,518,0.193
2024-10-24,78,1,베놈: 라스트 댄스,전체,7141,15855,0.45,1628,6761,0.241
2024-10-24,78,2,보통의 가족,CGV,1201,6919,0.174,358,2804,0.128
2024-10-24,78,2,보통의 가족,롯데시네마,645,4368,0.148,174,1843,0.094
2024-10-24,78,2,보통의 가족,메가박스,491,3589,0.137,176,1507,0.117
2024-10-24,78,2,보통의 가족,씨네Q,27,200,0.135,11,89,0.124
2024-10-24,78,2,보통의 가족,기타,138,779,0.177,92,518,0.178
2024-10-24,78,2,보통의 가족,전체,2502,15855,0.158,811,6761,0.12
2024-10-24,78,3,대도시의 사랑법,CGV,540,6919,0.078,273,2804,0.097
2024-10-24,78,3,대도시의 사랑법,롯데시네마,236,4368,0.054,151,1843,0.082
2024-10-24,78,3,대도시의 사랑법,메가박스,338,3589,0.094,168,1507,0.111
2024-10-24,78,3,대도시의 사랑법,씨네Q,10,200,0.05,7,89,0.079
2024-10-24,78,3,대도시의 사랑법,기타,17,779,0.022,15,518,0.029
2024-10-24,78,3,대도시의 사랑법,전체,1141,15855,0.072,614,6761,0.091
2024-10-24,78,4,베테랑2,CGV,513,6919,0.074,248,2804,0.088
2024-10-24,78,4,베테랑2,롯데시네마,201,4368,0.046,139,1843,0.075
2024-10-24,78,4,베테랑2,메가박스,129,3589,0.036,87,1507,0.058
2024-10-24,78,4,베테랑2,씨네Q,11,200,0.055,6,89,0.067
2024-10-24,78,4,베테랑2,기타,13,779,0.017,11,518,0.021
2024-10-24,78,4,베테랑2,전체,867,15855,0.055,491,6761,0.073
2024-10-24,78,5,더러운 돈에 손대지 마라,CGV,121,6919,0.017,88,2804,0.031
2024-10-24,78,5,더러운 돈에 손대지 마라,롯데시네마,109,4368,0.025,88,1843,0.048
2024-10-24,78,5,더러운 돈에 손대지 마라,메가박스,56,3589,0.016,42,1507,0.028
2024-10-24,78,5,더러운 돈에 손대지 마라,씨네Q,14,200,0.07,8,89,0.09
2024-10-24,78,5,더러운 돈에 손대지 마라,기타,77,779,0.099,58,518,0.112
2024-10-24,78,5,더러운 돈에 손대지 마라,전체,377,15855,0.024,284,6761,0.042
2024-10-25,79,1,베놈: 라스트 댄스,CGV,3059,6998,0.437,650,2908,0.224
2024-10-25,79,1,베놈: 라스트 댄스,롯데시네마,2360,4764,0.495,497,1905,0.261
2024-10-25,79,1,베놈: 라스트 댄스,메가박스,1692,3871,0.437,382,1629,0.234
2024-10-25,79,1,베놈: 라스트 댄스,씨네Q,113,234,0.483,31,109,0.284
2024-10-25,79,1,베놈: 라스트 댄스,기타,265,788,0.336,103,532,0.194
2024-10-25,79,1,베놈: 라스트 댄스,전체,7489,16655,0.45,1663,7083,0.235
2024-10-25,79,2,보통의 가족,CGV,1164,6998,0.166,333,2908,0.115
2024-10-25,79,2,보통의 가족,롯데시네마,710,4764,0.149,188,1905,0.099
2024-10-25,79,2,보통의 가족,메가박스,538,3871,0.139,191,1629,0.117
2024-10-25,79,2,보통의 가족,씨네Q,32,234,0.137,11,109,0.101
2024-10-25,79,2,보통의 가족,기타,146,788,0.185,90,532,0.169
2024-10-25,79,2,보통의 가족,전체,2590,16655,0.156,813,7083,0.115
2024-10-25,79,3,대도시의 사랑법,CGV,536,6998,0.077,276,2908,0.095
2024-10-25,79,3,대도시의 사랑법,롯데시네마,267,4764,0.056,160,1905,0.084
2024-10-25,79,3,대도시의 사랑법,메가박스,389,3871,0.1,183,1629,0.112
2024-10-25,79,3,대도시의 사랑법,씨네Q,15,234,0.064,10,109,0.092
2024-10-25,79,3,대도시의 사랑법,기타,14,788,0.018,12,532,0.023
2024-10-25,79,3,대도시의 사랑법,전체,1221,16655,0.073,641,7083,0.09
2024-10-25,79,4,베테랑2,CGV,505,6998,0.072,239,2908,0.082
2024-10-25,79,4,베테랑2,롯데시네마,236,4764,0.05,149,1905,0.078
2024-10-25,79,4,베테랑2,메가박스,143,3871,0.037,90,1629,0.055
2024-10-25,79,4,베테랑2,씨네Q,13,234,0.056,10,109,0.092
2024-10-25,79,4,베테랑2,기타,17,788,0.022,15,532,0.028
2024-10-25,79,4,베테랑2,전체,914,16655,0.055,503,7083,0.071
2024-10-25,79,5,더러운 돈에 손대지 마라,CGV,97,6998,0.014,74,2908,0.025
2024-10-25,79,5,더러운 돈에 손대지 마라,롯데시네마,122,4764,0.026,92,1905,0.048
2024-10-25,79,5,더러운 돈에 손대지 마라,메가박스,58,3871,0.015,47,1629,0.029
2024-10-25,79,5,더러운 돈에 손대지 마라,씨네Q,14,234,0.06,9,109,0.083
2024-10-25,79,5,더러운 돈에 손대지 마라,기타,74,788,0.094,63,532,0.118
2024-10-25,79,5,더러운 돈에 손대지 마라,전체,365,16655,0.022,285,7083,0.04
2024-10-26,80,1,베놈: 라스트 댄스,CGV,3272,7666,0.427,661,3141,0.21
2024-10-26,80,1,베놈: 라스트 댄스,롯데시네마,2452,5283,0.464,482,2076,0.232
2024-10-26,80,1,베놈: 라스트 댄스,메가박스,1856,4386,0.423,382,1834,0.208
2024-10-26,80,1,베놈: 라스트 댄스,씨네Q,135,281,0.48,30,116,0.259
2024-10-26,80,1,베놈: 라스트 댄스,기타,312,957,0.326,108,621,0.174
2024-10-26,80,1,베놈: 라스트 댄스,전체,8027,18573,0.432,1663,7788,0.214
2024-10-26,80,2,보통의 가족,CGV,1132,7666,0.148,317,3141,0.101
2024-10-26,80,2,보통의 가족,롯데시네마,766,5283,0.145,189,2076,0.091
2024-10-26,80,2,보통의 가족,메가박스,612,4386,0.14,195,1834,0.106
2024-10-26,80,2,보통의 가족,씨네Q,39,281,0.139,13,116,0.112
2024-10-26,80,2,보통의 가족,기타,166,957,0.173,103,621,0.166
2024-10-26,80,2,보통의 가족,전체,2715,18573,0.146,817,7788,0.105
2024-10-26,80,3,대도시의 사랑법,CGV,590,7666,0.077,289,3141,0.092
2024-10-26,80,3,대도시의 사랑법,롯데시네마,343,5283,0.065,197,2076,0.095
2024-10-26,80,3,대도시의 사랑법,메가박스,438,4386,0.1,205,1834,0.112
2024-10-26,80,3,대도시의 사랑법,씨네Q,15,281,0.053,9,116,0.078
2024-10-26,80,3,대도시의 사랑법,기타,17,957,0.018,13,621,0.021
2024-10-26,80,3,대도시의 사랑법,전체,1403,18573,0.076,713,7788,0.092
2024-10-26,80,4,와일드 로봇,CGV,416,7666,0.054,230,3141,0.073
2024-10-26,80,4,와일드 로봇,롯데시네마,317,5283,0.06,164,2076,0.079
2024-10-26,80,4,와일드 로봇,메가박스,259,4386,0.059,160,1834,0.087
2024-10-26,80,4,와일드 로봇,씨네Q,28,281,0.1,14,116,0.121
2024-10-26,80,4,와일드 로봇,기타,48,957,0.05,41,621,0.066
2024-10-26,80,4,와일드 로봇,전체,1068,18573,0.058,609,7788,0.078
2024-10-26,80,5,베테랑2,CGV,462,7666,0.06,243,3141,0.077
2024-10-26,80,5,베테랑2,롯데시네마,213,5283,0.04,156,2076,0.075
2024-10-26,80,5,베테랑2,메가박스,132,4386,0.03,85,1834,0.046
2024-10-26,80,5,베테랑2,씨네Q,13,281,0.046,9,116,0.078
2024-10-26,80,5,베테랑2,기타,19,957,0.02,14,621,0.023
2024-10-26,80,5,베테랑2,전체,839,18573,0.045,507,7788,0.065
2024-10-27,81,1,베놈: 라스트 댄스,CGV,3254,7628,0.427,669,3171,0.211
2024-10-27,81,1,베놈: 라스트 댄스,롯데시네마,2310,5035,0.459,477,2024,0.236
2024-10-27,81,1,베놈: 라스트 댄스,메가박스,1802,4300,0.419,378,1837,0.206
2024-10-27,81,1,베놈: 라스트 댄스,씨네Q,136,278,0.489,29,114,0.254
2024-10-27,81,1,베놈: 라스트 댄스,기타,311,944,0.329,110,614,0.179
2024-10-27,81,1,베놈: 라스트 댄스,전체,7813,18185,0.43,1663,7760,0.214
2024-10-27,81,2,보통의 가족,CGV,1103,7628,0.145,309,3171,0.097
2024-10-27,81,2,보통의 가족,롯데시네마,713,5035,0.142,181,2024,0.089
2024-10-27,81,2,보통의 가족,메가박스,590,4300,0.137,195,1837,0.106
2024-10-27,81,2,보통의 가족,씨네Q,35,278,0.126,12,114,0.105
2024-10-27,81,2,보통의 가족,기타,165,944,0.175,101,614,0.164
2024-10-27,81,2,보통의 가족,전체,2606,18185,0.143,798,7760,0.103
2024-10-27,81,3,대도시의 사랑법,CGV,602,7628,0.079,293,3171,0.092
2024-10-27,81,3,대도시의 사랑법,롯데시네마,316,5035,0.063,186,2024,0.092
2024-10-27,81,3,대도시의 사랑법,메가박스,422,4300,0.098,198,1837,0.108
2024-10-27,81,3,대도시의 사랑법,씨네Q,15,278,0.054,9,114,0.079
2024-10-27,81,3,대도시의 사랑법,기타,18,944,0.019,14,614,0.023
2024-10-27,81,3,대도시의 사랑법,전체,1373,18185,0.076,700,7760,0.09
2024-10-27,81,4,와일드 로봇,CGV,446,7628,0.058,236,3171,0.074
2024-10-27,81,4,와일드 로봇,롯데시네마,323,5035,0.064,168,2024,0.083
2024-10-27,81,4,와일드 로봇,메가박스,259,4300,0.06,164,1837,0.089
2024-10-27,81,4,와일드 로봇,씨네Q,28,278,0.101,14,114,0.123
2024-10-27,81,4,와일드 로봇,기타,46,944,0.049,40,614,0.065
2024-10-27,81,4,와일드 로봇,전체,1102,18185,0.061,622,7760,0.08
2024-10-27,81,5,베테랑2,CGV,465,7628,0.061,260,3171,0.082
2024-10-27,81,5,베테랑2,롯데시네마,212,5035,0.042,153,2024,0.076
2024-10-27,81,5,베테랑2,메가박스,130,4300,0.03,84,1837,0.046
2024-10-27,81,5,베테랑2,씨네Q,13,278,0.047,9,114,0.079
2024-10-27,81,5,베테랑2,기타,19,944,0.02,15,614,0.024
2024-10-27,81,5,베테랑2,전체,839,18185,0.046,521,7760,0.067
2024-10-28,82,1,베놈: 라스트 댄스,CGV,2697,6341,0.425,612,2663,0.23
2024-10-28,82,1,베놈: 라스트 댄스,롯데시네마,2043,4144,0.493,476,1776,0.268
2024-10-28,82,1,베놈: 라스트 댄스,메가박스,1452,3403,0.427,363,1521,0.239
2024-10-28,82,1,베놈: 라스트 댄스,씨네Q,74,159,0.465,20,74,0.27
2024-10-28,82,1,베놈: 라스트 댄스,기타,176,527,0.334,67,348,0.193
2024-10-28,82,1,베놈: 라스트 댄스,전체,6442,14574,0.442,1538,6382,0.241
2024-10-28,82,2,보통의 가족,CGV,1075,6341,0.17,304,2663,0.114
2024-10-28,82,2,보통의 가족,롯데시네마,651,4144,0.157,184,1776,0.104
2024-10-28,82,2,보통의 가족,메가박스,482,3403,0.142,173,1521,0.114
2024-10-28,82,2,보통의 가족,씨네Q,21,159,0.132,8,74,0.108
2024-10-28,82,2,보통의 가족,기타,97,527,0.184,65,348,0.187
2024-10-28,82,2,보통의 가족,전체,2326,14574,0.16,734,6382,0.115
2024-10-28,82,3,대도시의 사랑법,CGV,628,6341,0.099,285,2663,0.107
2024-10-28,82,3,대도시의 사랑법,롯데시네마,286,4144,0.069,163,1776,0.092
2024-10-28,82,3,대도시의 사랑법,메가박스,345,3403,0.101,164,1521,0.108
2024-10-28,82,3,대도시의 사랑법,씨네Q,13,159,0.082,6,74,0.081
2024-10-28,82,3,대도시의 사랑법,기타,7,527,0.013,6,348,0.017
2024-10-28,82,3,대도시의 사랑법,전체,1279,14574,0.088,624,6382,0.098
2024-10-28,82,4,베테랑2,CGV,466,6341,0.073,239,2663,0.09
2024-10-28,82,4,베테랑2,롯데시네마,199,4144,0.048,138,1776,0.078
2024-10-28,82,4,베테랑2,메가박스,103,3403,0.03,78,1521,0.051
2024-10-28,82,4,베테랑2,씨네Q,11,159,0.069,6,74,0.081
2024-10-28,82,4,베테랑2,기타,14,527,0.027,10,348,0.029
2024-10-28,82,4,베테랑2,전체,793,14574,0.054,471,6382,0.074
2024-10-28,82,5,룸 넥스트 도어,CGV,0,6341,0.0,0,2663,0.0
2024-10-28,82,5,룸 넥스트 도어,롯데시네마,0,4144,0.0,0,1776,0.0
2024-10-28,82,5,룸 넥스트 도어,메가박스,303,3403,0.089,130,1521,0.085
2024-10-28,82,5,룸 넥스트 도어,씨네Q,2,159,0.013,2,74,0.027
2024-10-28,82,5,룸 넥스트 도어,기타,19,527,0.036,11,348,0.032
2024-10-28,82,5,룸 넥스트 도어,전체,324,14574,0.022,143,6382,0.022
2024-10-29,83,1,베놈: 라스트 댄스,CGV,2688,6580,0.409,624,2868,0.218
2024-10-29,83,1,베놈: 라스트 댄스,롯데시네마,1951,4079,0.478,470,1776,0.265
2024-10-29,83,1,베놈: 라스트 댄스,메가박스,1401,3388,0.414,350,1487,0.235
2024-10-29,83,1,베놈: 라스트 댄스,씨네Q,84,184,0.457,23,89,0.258
2024-10-29,83,1,베놈: 라스트 댄스,기타,186,624,0.298,77,429,0.179
2024-10-29,83,1,베놈: 라스트 댄스,전체,6310,14855,0.425,1544,6649,0.232
2024-10-29,83,2,보통의 가족,CGV,1106,6580,0.168,331,2868,0.115
2024-10-29,83,2,보통의 가족,롯데시네마,628,4079,0.154,185,1776,0.104
2024-10-29,83,2,보통의 가족,메가박스,510,3388,0.151,185,1487,0.124
2024-10-29,83,2,보통의 가족,씨네Q,27,184,0.147,11,89,0.124
2024-10-29,83,2,보통의 가족,기타,107,624,0.171,71,429,0.166
2024-10-29,83,2,보통의 가족,전체,2378,14855,0.16,783,6649,0.118
2024-10-29,83,3,대도시의 사랑법,CGV,650,6580,0.099,312,2868,0.109
2024-10-29,83,3,대도시의 사랑법,롯데시네마,287,4079,0.07,160,1776,0.09
2024-10-29,83,3,대도시의 사랑법,메가박스,359,3388,0.106,160,1487,0.108
2024-10-29,83,3,대도시의 사랑법,씨네Q,10,184,0.054,3,89,0.034
2024-10-29,83,3,대도시의 사랑법,기타,9,624,0.014,8,429,0.019
2024-10-29,83,3,대도시의 사랑법,전체,1315,14855,0.089,643,6649,0.097
2024-10-29,83,4,베테랑2,CGV,506,6580,0.077,258,2868,0.09
2024-10-29,83,4,베테랑2,롯데시네마,199,4079,0.049,136,1776,0.077
2024-10-29,83,4,베테랑2,메가박스,121,3388,0.036,84,1487,0.056
2024-10-29,83,4,베테랑2,씨네Q,10,184,0.054,6,89,0.067
2024-10-29,83,4,베테랑2,기타,12,624,0.019,10,429,0.023
2024-10-29,83,4,베테랑2,전체,848,14855,0.057,494,6649,0.074
2024-10-29,83,5,룸 넥스트 도어,CGV,0,6580,0.0,0,2868,0.0
2024-10-29,83,5,룸 넥스트 도어,롯데시네마,0,4079,0.0,0,1776,0.0
2024-10-29,83,5,룸 넥스트 도어,메가박스,300,3388,0.089,127,1487,0.085
2024-10-29,83,5,룸 넥스트 도어,씨네Q,4,184,0.022,4,89,0.045
2024-10-29,83,5,룸 넥스트 도어,기타,24,624,0.038,12,429,0.028
2024-10-29,83,5,룸 넥스트 도어,전체,328,14855,0.022,143,6649,0.022
2024-10-30,84,1,아마존 활명수,CGV,2457,7255,0.339,544,2859,0.19
2024-10-30,84,1,아마존 활명수,롯데시네마,1926,4490,0.429,462,1642,0.281
2024-10-30,84,1,아마존 활명수,메가박스,1375,3785,0.363,333,1584,0.21
2024-10-30,84,1,아마존 활명수,씨네Q,80,214,0.374,22,101,0.218
2024-10-30,84,1,아마존 활명수,기타,257,785,0.327,118,533,0.221
2024-10-30,84,1,아마존 활명수,전체,6095,16529,0.369,1479,6719,0.22
2024-10-30,84,2,베놈: 라스트 댄스,CGV,1951,7255,0.269,508,2859,0.178
2024-10-30,84,2,베놈: 라스트 댄스,롯데시네마,1130,4490,0.252,299,1642,0.182
2024-10-30,84,2,베놈: 라스트 댄스,메가박스,923,3785,0.244,258,1584,0.163
2024-10-30,84,2,베놈: 라스트 댄스,씨네Q,64,214,0.299,22,101,0.218
2024-10-30,84,2,베놈: 라스트 댄스,기타,162,785,0.206,94,533,0.176
2024-10-30,84,2,베놈: 라스트 댄스,전체,4230,16529,0.256,1181,6719,0.176
2024-10-30,84,3,보통의 가족,CGV,555,7255,0.076,250,2859,0.087
2024-10-30,84,3,보통의 가족,롯데시네마,531,4490,0.118,177,1642,0.108
2024-10-30,84,3,보통의 가족,메가박스,334,3785,0.088,163,1584,0.103
2024-10-30,84,3,보통의 가족,씨네Q,17,214,0.079,11,101,0.109
2024-10-30,84,3,보통의 가족,기타,56,785,0.071,43,533,0.081
2024-10-30,84,3,보통의 가족,전체,1493,16529,0.09,644,6719,0.096
2024-10-30,84,4,대도시의 사랑법,CGV,350,7255,0.048,211,2859,0.074
2024-10-30,84,4,대도시의 사랑법,롯데시네마,250,4490,0.056,150,1642,0.091
2024-10-30,84,4,대도시의 사랑법,메가박스,274,3785,0.072,152,1584,0.096
2024-10-30,84,4,대도시의 사랑법,씨네Q,7,214,0.033,6,101,0.059
2024-10-30,84,4,대도시의 사랑법,기타,6,785,0.008,4,533,0.008
2024-10-30,84,4,대도시의 사랑법,전체,887,16529,0.054,523,6719,0.078
2024-10-30,84,5,날씨의 아이,CGV,342,7255,0.047,203,2859,0.071
2024-10-30,84,5,날씨의 아이,롯데시네마,119,4490,0.027,84,1642,0.051
2024-10-30,84,5,날씨의 아이,메가박스,104,3785,0.027,83,1584,0.052
2024-10-30,84,5,날씨의 아이,씨네Q,10,214,0.047,9,101,0.089
2024-10-30,84,5,날씨의 아이,기타,0,785,0.0,0,533,0.0
2024-10-30,84,5,날씨의 아이,전체,575,16529,0.035,379,6719,0.056
2024-10-31,85,1,아마존 활명수,CGV,2350,7116,0.33,526,2913,0.181
2024-10-31,85,1,아마존 활명수,롯데시네마,1836,4477,0.41,428,1628,0.263
2024-10-31,85,1,아마존 활명수,메가박스,1210,3609,0.335,320,1588,0.202
2024-10-31,85,1,아마존 활명수,씨네Q,65,195,0.333,19,89,0.213
2024-10-31,85,1,아마존 활명수,기타,256,754,0.34,118,506,0.233
2024-10-31,85,1,아마존 활명수,전체,5717,16151,0.354,1411,6724,0.21
2024-10-31,85,2,베놈: 라스트 댄스,CGV,1901,7116,0.267,514,2913,0.176
2024-10-31,85,2,베놈: 라스트 댄스,롯데시네마,1132,4477,0.253,296,1628,0.182
2024-10-31,85,2,베놈: 라스트 댄스,메가박스,877,3609,0.243,251,1588,0.158
2024-10-31,85,2,베놈: 라스트 댄스,씨네Q,57,195,0.292,17,89,0.191
2024-10-31,85,2,베놈: 라스트 댄스,기타,156,754,0.207,90,506,0.178
2024-10-31,85,2,베놈: 라스트 댄스,전체,4123,16151,0.255,1168,6724,0.174
2024-10-31,85,3,보통의 가족,CGV,590,7116,0.083,268,2913,0.092
2024-10-31,85,3,보통의 가족,롯데시네마,557,4477,0.124,172,1628,0.106
2024-10-31,85,3,보통의 가족,메가박스,340,3609,0.094,161,1588,0.101
2024-10-31,85,3,보통의 가족,씨네Q,19,195,0.097,10,89,0.112
2024-10-31,85,3,보통의 가족,기타,68,754,0.09,57,506,0.113
2024-10-31,85,3,보통의 가족,전체,1574,16151,0.097,668,6724,0.099
2024-10-31,85,4,대도시의 사랑법,CGV,397,7116,0.056,239,2913,0.082
2024-10-31,85,4,대도시의 사랑법,롯데시네마,280,4477,0.063,163,1628,0.1
2024-10-31,85,4,대도시의 사랑법,메가박스,271,3609,0.075,149,1588,0.094
2024-10-31,85,4,대도시의 사랑법,씨네Q,8,195,0.041,6,89,0.067
2024-10-31,85,4,대도시의 사랑법,기타,6,754,0.008,3,506,0.006
2024-10-31,85,4,대도시의 사랑법,전체,962,16151,0.06,560,6724,0.083
2024-10-31,85,5,날씨의 아이,CGV,318,7116,0.045,208,2913,0.071
2024-10-31,85,5,날씨의 아이,롯데시네마,119,4477,0.027,84,1628,0.052
2024-10-31,85,5,날씨의 아이,메가박스,101,3609,0.028,85,1588,0.054
2024-10-31,85,5,날씨의 아이,씨네Q,8,195,0.041,6,89,0.067
2024-10-31,85,5,날씨의 아이,기타,0,754,0.0,0,506,0.0
2024-10-31,85,5,날씨의 아이,전체,546,16151,0.034,383,6724,0.057
2024-11-01,86,1,아마존 활명수,CGV,2357,7186,0.328,518,2840,0.182
2024-11-01,86,1,아마존 활명수,롯데시네마,1798,4840,0.371,436,1814,0.24
2024-11-01,86,1,아마존 활명수,메가박스,1256,3865,0.325,317,1624,0.195
2024-11-01,86,1,아마존 활명수,씨네Q,83,219,0.379,22,87,0.253
2024-11-01,86,1,아마존 활명수,기타,273,788,0.346,118,501,0.236
2024-11-01,86,1,아마존 활명수,전체,5767,16898,0.341,1411,6866,0.206
2024-11-01,86,2,베놈: 라스트 댄스,CGV,2106,7186,0.293,536,2840,0.189
2024-11-01,86,2,베놈: 라스트 댄스,롯데시네마,1104,4840,0.228,289,1814,0.159
2024-11-01,86,2,베놈: 라스트 댄스,메가박스,1007,3865,0.261,260,1624,0.16
2024-11-01,86,2,베놈: 라스트 댄스,씨네Q,63,219,0.288,16,87,0.184
2024-11-01,86,2,베놈: 라스트 댄스,기타,180,788,0.228,97,501,0.194
2024-11-01,86,2,베놈: 라스트 댄스,전체,4460,16898,0.264,1198,6866,0.174
2024-11-01,86,3,보통의 가족,CGV,498,7186,0.069,243,2840,0.086
2024-11-01,86,3,보통의 가족,롯데시네마,546,4840,0.113,183,1814,0.101
2024-11-01,86,3,보통의 가족,메가박스,368,3865,0.095,166,1624,0.102
2024-11-01,86,3,보통의 가족,씨네Q,21,219,0.096,11,87,0.126
2024-11-01,86,3,보통의 가족,기타,75,788,0.095,58,501,0.116
2024-11-01,86,3,보통의 가족,전체,1508,16898,0.089,661,6866,0.096
2024-11-01,86,4,대도시의 사랑법,CGV,398,7186,0.055,231,2840,0.081
2024-11-01,86,4,대도시의 사랑법,롯데시네마,256,4840,0.053,164,1814,0.09
2024-11-01,86,4,대도시의 사랑법,메가박스,290,3865,0.075,147,1624,0.091
2024-11-01,86,4,대도시의 사랑법,씨네Q,6,219,0.027,4,87,0.046
2024-11-01,86,4,대도시의 사랑법,기타,7,788,0.009,4,501,0.008
2024-11-01,86,4,대도시의 사랑법,전체,957,16898,0.057,550,6866,0.08
2024-11-01,86,5,날씨의 아이,CGV,309,7186,0.043,197,2840,0.069
2024-11-01,86,5,날씨의 아이,롯데시네마,126,4840,0.026,89,1814,0.049
2024-11-01,86,5,날씨의 아이,메가박스,118,3865,0.031,92,1624,0.057
2024-11-01,86,5,날씨의 아이,씨네Q,7,219,0.032,5,87,0.057
2024-11-01,86,5,날씨의 아이,기타,0,788,0.0,0,501,0.0
2024-11-01,86,5,날씨의 아이,전체,560,16898,0.033,383,6866,0.056
2024-11-02,87,1,아마존 활명수,CGV,2307,7726,0.299,526,3208,0.164
2024-11-02,87,1,아마존 활명수,롯데시네마,1882,5366,0.351,399,1979,0.202
2024-11-02,87,1,아마존 활명수,메가박스,1331,4396,0.303,291,1808,0.161
2024-11-02,87,1,아마존 활명수,씨네Q,87,273,0.319,23,125,0.184
2024-11-02,87,1,아마존 활명수,기타,334,973,0.343,136,595,0.229
2024-11-02,87,1,아마존 활명수,전체,5941,18734,0.317,1375,7715,0.178
2024-11-02,87,2,베놈: 라스트 댄스,CGV,2446,7726,0.317,629,3208,0.196
2024-11-02,87,2,베놈: 라스트 댄스,롯데시네마,1275,5366,0.238,291,1979,0.147
2024-11-02,87,2,베놈: 라스트 댄스,메가박스,1189,4396,0.27,280,1808,0.155
2024-11-02,87,2,베놈: 라스트 댄스,씨네Q,83,273,0.304,25,125,0.2
2024-11-02,87,2,베놈: 라스트 댄스,기타,214,973,0.22,101,595,0.17
2024-11-02,87,2,베놈: 라스트 댄스,전체,5207,18734,0.278,1326,7715,0.172
2024-11-02,87,3,보통의 가족,CGV,360,7726,0.047,220,3208,0.069
2024-11-02,87,3,보통의 가족,롯데시네마,513,5366,0.096,181,1979,0.091
2024-11-02,87,3,보통의 가족,메가박스,373,4396,0.085,163,1808,0.09
2024-11-02,87,3,보통의 가족,씨네Q,21,273,0.077,12,125,0.096
2024-11-02,87,3,보통의 가족,기타,87,973,0.089,62,595,0.104
2024-11-02,87,3,보통의 가족,전체,1354,18734,0.072,638,7715,0.083
2024-11-02,87,4,대도시의 사랑법,CGV,384,7726,0.05,229,3208,0.071
2024-11-02,87,4,대도시의 사랑법,롯데시네마,278,5366,0.052,164,1979,0.083
2024-11-02,87,4,대도시의 사랑법,메가박스,301,4396,0.068,146,1808,0.081
2024-11-02,87,4,대도시의 사랑법,씨네Q,6,273,0.022,5,125,0.04
2024-11-02,87,4,대도시의 사랑법,기타,6,973,0.006,4,595,0.007
2024-11-02,87,4,대도시의 사랑법,전체,975,18734,0.052,548,7715,0.071
2024-11-02,87,5,와일드 로봇,CGV,201,7726,0.026,136,3208,0.042
2024-11-02,87,5,와일드 로봇,롯데시네마,247,5366,0.046,146,1979,0.074
2024-11-02,87,5,와일드 로봇,메가박스,151,4396,0.034,106,1808,0.059
2024-11-02,87,5,와일드 로봇,씨네Q,25,273,0.092,14,125,0.112
2024-11-02,87,5,와일드 로봇,기타,16,973,0.016,13,595,0.022
2024-11-02,87,5,와일드 로봇,전체,640,18734,0.034,415,7715,0.054
2024-11-03,88,1,아마존 활명수,CGV,2188,7617,0.287,503,3155,0.159
2024-11-03,88,1,아마존 활명수,롯데시네마,1703,5058,0.337,391,1939,0.202
2024-11-03,88,1,아마존 활명수,메가박스,1218,4232,0.288,292,1818,0.161
2024-11-03,88,1,아마존 활명수,씨네Q,82,262,0.313,22,115,0.191
2024-11-03,88,1,아마존 활명수,기타,326,944,0.345,130,583,0.223
2024-11-03,88,1,아마존 활명수,전체,5517,18113,0.305,1338,7610,0.176
2024-11-03,88,2,베놈: 라스트 댄스,CGV,2452,7617,0.322,611,3155,0.194
2024-11-03,88,2,베놈: 라스트 댄스,롯데시네마,1213,5058,0.24,295,1939,0.152
2024-11-03,88,2,베놈: 라스트 댄스,메가박스,1187,4232,0.28,293,1818,0.161
2024-11-03,88,2,베놈: 라스트 댄스,씨네Q,80,262,0.305,22,115,0.191
2024-11-03,88,2,베놈: 라스트 댄스,기타,216,944,0.229,105,583,0.18
2024-11-03,88,2,베놈: 라스트 댄스,전체,5148,18113,0.284,1326,7610,0.174
2024-11-03,88,3,보통의 가족,CGV,371,7617,0.049,227,3155,0.072
2024-11-03,88,3,보통의 가족,롯데시네마,487,5058,0.096,168,1939,0.087
2024-11-03,88,3,보통의 가족,메가박스,358,4232,0.085,171,1818,0.094
2024-11-03,88,3,보통의 가족,씨네Q,22,262,0.084,10,115,0.087
2024-11-03,88,3,보통의 가족,기타,71,944,0.075,55,583,0.094
2024-11-03,88,3,보통의 가족,전체,1309,18113,0.072,631,7610,0.083
2024-11-03,88,4,대도시의 사랑법,CGV,402,7617,0.053,246,3155,0.078
2024-11-03,88,4,대도시의 사랑법,롯데시네마,276,5058,0.055,155,1939,0.08
2024-11-03,88,4,대도시의 사랑법,메가박스,296,4232,0.07,143,1818,0.079
2024-11-03,88,4,대도시의 사랑법,씨네Q,9,262,0.034,5,115,0.043
2024-11-03,88,4,대도시의 사랑법,기타,5,944,0.005,2,583,0.003
2024-11-03,88,4,대도시의 사랑법,전체,988,18113,0.055,551,7610,0.072
2024-11-03,88,5,와일드 로봇,CGV,210,7617,0.028,141,3155,0.045
2024-11-03,88,5,와일드 로봇,롯데시네마,242,5058,0.048,145,1939,0.075
2024-11-03,88,5,와일드 로봇,메가박스,162,4232,0.038,109,1818,0.06
2024-11-03,88,5,와일드 로봇,씨네Q,21,262,0.08,13,115,0.113
2024-11-03,88,5,와일드 로봇,기타,19,944,0.02,16,583,0.027
2024-11-03,88,5,와일드 로봇,전체,654,18113,0.036,424,7610,0.056
2024-11-04,89,1,아마존 활명수,CGV,1845,6341,0.291,468,2606,0.18
2024-11-04,89,1,아마존 활명수,롯데시네마,1263,3737,0.338,369,1594,0.231
2024-11-04,89,1,아마존 활명수,메가박스,833,3191,0.261,259,1479,0.175
2024-11-04,89,1,아마존 활명수,씨네Q,50,150,0.333,19,81,0.235
2024-11-04,89,1,아마존 활명수,기타,154,488,0.316,65,328,0.198
2024-11-04,89,1,아마존 활명수,전체,4145,13907,0.298,1180,6088,0.194
2024-11-04,89,2,베놈: 라스트 댄스,CGV,2084,6341,0.329,538,2606,0.206
2024-11-04,89,2,베놈: 라스트 댄스,롯데시네마,947,3737,0.253,280,1594,0.176
2024-11-04,89,2,베놈: 라스트 댄스,메가박스,914,3191,0.286,256,1479,0.173
2024-11-04,89,2,베놈: 라스트 댄스,씨네Q,42,150,0.28,14,81,0.173
2024-11-04,89,2,베놈: 라스트 댄스,기타,91,488,0.186,51,328,0.155
2024-11-04,89,2,베놈: 라스트 댄스,전체,4078,13907,0.293,1139,6088,0.187
2024-11-04,89,3,보통의 가족,CGV,438,6341,0.069,226,2606,0.087
2024-11-04,89,3,보통의 가족,롯데시네마,410,3737,0.11,158,1594,0.099
2024-11-04,89,3,보통의 가족,메가박스,326,3191,0.102,162,1479,0.11
2024-11-04,89,3,보통의 가족,씨네Q,14,150,0.093,9,81,0.111
2024-11-04,89,3,보통의 가족,기타,38,488,0.078,30,328,0.091
2024-11-04,89,3,보통의 가족,전체,1226,13907,0.088,585,6088,0.096
2024-11-04,89,4,대도시의 사랑법,CGV,395,6341,0.062,213,2606,0.082
2024-11-04,89,4,대도시의 사랑법,롯데시네마,226,3737,0.06,133,1594,0.083
2024-11-04,89,4,대도시의 사랑법,메가박스,279,3191,0.087,144,1479,0.097
2024-11-04,89,4,대도시의 사랑법,씨네Q,5,150,0.033,4,81,0.049
2024-11-04,89,4,대도시의 사랑법,기타,6,488,0.012,3,328,0.009
2024-11-04,89,4,대도시의 사랑법,전체,911,13907,0.066,497,6088,0.082
2024-11-04,89,5,날씨의 아이,CGV,259,6341,0.041,170,2606,0.065
2024-11-04,89,5,날씨의 아이,롯데시네마,117,3737,0.031,90,1594,0.056
2024-11-04,89,5,날씨의 아이,메가박스,102,3191,0.032,83,1479,0.056
2024-11-04,89,5,날씨의 아이,씨네Q,7,150,0.047,5,81,0.062
2024-11-04,89,5,날씨의 아이,기타,0,488,0.0,0,328,0.0
2024-11-04,89,5,날씨의 아이,전체,485,13907,0.035,348,6088,0.057
2024-11-05,90,1,아마존 활명수,CGV,1817,6249,0.291,469,2627,0.179
2024-11-05,90,1,아마존 활명수,롯데시네마,1147,3623,0.317,360,1585,0.227
2024-11-05,90,1,아마존 활명수,메가박스,863,3132,0.276,271,1481,0.183
2024-11-05,90,1,아마존 활명수,씨네Q,44,156,0.282,17,84,0.202
2024-11-05,90,1,아마존 활명수,기타,167,571,0.292,84,403,0.208
2024-11-05,90,1,아마존 활명수,전체,4038,13731,0.294,1201,6180,0.194
2024-11-05,90,2,베놈: 라스트 댄스,CGV,1983,6249,0.317,544,2627,0.207
2024-11-05,90,2,베놈: 라스트 댄스,롯데시네마,955,3623,0.264,277,1585,0.175
2024-11-05,90,2,베놈: 라스트 댄스,메가박스,876,3132,0.28,264,1481,0.178
2024-11-05,90,2,베놈: 라스트 댄스,씨네Q,44,156,0.282,15,84,0.179
2024-11-05,90,2,베놈: 라스트 댄스,기타,103,571,0.18,61,403,0.151
2024-11-05,90,2,베놈: 라스트 댄스,전체,3961,13731,0.288,1161,6180,0.188
2024-11-05,90,3,보통의 가족,CGV,447,6249,0.072,232,2627,0.088
2024-11-05,90,3,보통의 가족,롯데시네마,417,3623,0.115,160,1585,0.101
2024-11-05,90,3,보통의 가족,메가박스,288,3132,0.092,150,1481,0.101
2024-11-05,90,3,보통의 가족,씨네Q,21,156,0.135,11,84,0.131
2024-11-05,90,3,보통의 가족,기타,52,571,0.091,40,403,0.099
2024-11-05,90,3,보통의 가족,전체,1225,13731,0.089,593,6180,0.096
2024-11-05,90,4,대도시의 사랑법,CGV,394,6249,0.063,220,2627,0.084
2024-11-05,90,4,대도시의 사랑법,롯데시네마,226,3623,0.062,133,1585,0.084
2024-11-05,90,4,대도시의 사랑법,메가박스,274,3132,0.087,149,1481,0.101
2024-11-05,90,4,대도시의 사랑법,씨네Q,8,156,0.051,6,84,0.071
2024-11-05,90,4,대도시의 사랑법,기타,5,571,0.009,3,403,0.007
2024-11-05,90,4,대도시의 사랑법,전체,907,13731,0.066,511,6180,0.083
2024-11-05,90,5,날씨의 아이,CGV,265,6249,0.042,166,2627,0.063
2024-11-05,90,5,날씨의 아이,롯데시네마,114,3623,0.031,87,1585,0.055
2024-11-05,90,5,날씨의 아이,메가박스,103,3132,0.033,78,1481,0.053
2024-11-05,90,5,날씨의 아이,씨네Q,8,156,0.051,7,84,0.083
2024-11-05,90,5,날씨의 아이,기타,1,571,0.002,1,403,0.002
2024-11-05,90,5,날씨의 아이,전체,491,13731,0.036,339,6180,0.055
2024-11-06,91,1,청설,CGV,1838,6692,0.275,420,2656,0.158
2024-11-06,91,1,청설,롯데시네마,850,3898,0.218,268,1800,0.149
2024-11-06,91,1,청설,메가박스,1152,3458,0.333,291,1535,0.19
2024-11-06,91,1,청설,씨네Q,46,179,0.257,15,93,0.161
2024-11-06,91,1,청설,기타,90,716,0.126,52,537,0.097
2024-11-06,91,1,청설,전체,3976,14943,0.266,1046,6621,0.158
2024-11-06,91,2,베놈: 라스트 댄스,CGV,1404,6692,0.21,398,2656,0.15
2024-11-06,91,2,베놈: 라스트 댄스,롯데시네마,857,3898,0.22,264,1800,0.147
2024-11-06,91,2,베놈: 라스트 댄스,메가박스,656,3458,0.19,196,1535,0.128
2024-11-06,91,2,베놈: 라스트 댄스,씨네Q,36,179,0.201,13,93,0.14
2024-11-06,91,2,베놈: 라스트 댄스,기타,81,716,0.113,59,537,0.11
2024-11-06,91,2,베놈: 라스트 댄스,전체,3034,14943,0.203,930,6621,0.14
2024-11-06,91,3,아마존 활명수,CGV,985,6692,0.147,296,2656,0.111
2024-11-06,91,3,아마존 활명수,롯데시네마,621,3898,0.159,218,1800,0.121
2024-11-06,91,3,아마존 활명수,메가박스,436,3458,0.126,166,1535,0.108
2024-11-06,91,3,아마존 활명수,씨네Q,32,179,0.179,14,93,0.151
2024-11-06,91,3,아마존 활명수,기타,149,716,0.208,97,537,0.181
2024-11-06,91,3,아마존 활명수,전체,2223,14943,0.149,791,6621,0.119
2024-11-06,91,4,레드 원,CGV,613,6692,0.092,256,2656,0.096
2024-11-06,91,4,레드 원,롯데시네마,202,3898,0.052,123,1800,0.068
2024-11-06,91,4,레드 원,메가박스,279,3458,0.081,144,1535,0.094
2024-11-06,91,4,레드 원,씨네Q,11,179,0.061,7,93,0.075
2024-11-06,91,4,레드 원,기타,63,716,0.088,44,537,0.082
2024-11-06,91,4,레드 원,전체,1168,14943,0.078,574,6621,0.087
2024-11-06,91,5,보통의 가족,CGV,198,6692,0.03,157,2656,0.059
2024-11-06,91,5,보통의 가족,롯데시네마,238,3898,0.061,149,1800,0.083
2024-11-06,91,5,보통의 가족,메가박스,138,3458,0.04,94,1535,0.061
2024-11-06,91,5,보통의 가족,씨네Q,14,179,0.078,10,93,0.108
2024-11-06,91,5,보통의 가족,기타,22,716,0.031,21,537,0.039
2024-11-06,91,5,보통의 가족,전체,610,14943,0.041,431,6621,0.065
2024-11-07,92,1,청설,CGV,1687,6482,0.26,404,2744,0.147
2024-11-07,92,1,청설,롯데시네마,804,3680,0.218,262,1734,0.151
2024-11-07,92,1,청설,메가박스,1051,3261,0.322,284,1532,0.185
2024-11-07,92,1,청설,씨네Q,41,173,0.237,16,96,0.167
2024-11-07,92,1,청설,기타,73,653,0.112,47,500,0.094
2024-11-07,92,1,청설,전체,3656,14249,0.257,1013,6606,0.153
2024-11-07,92,2,베놈: 라스트 댄스,CGV,1389,6482,0.214,405,2744,0.148
2024-11-07,92,2,베놈: 라스트 댄스,롯데시네마,841,3680,0.229,255,1734,0.147
2024-11-07,92,2,베놈: 라스트 댄스,메가박스,633,3261,0.194,192,1532,0.125
2024-11-07,92,2,베놈: 라스트 댄스,씨네Q,38,173,0.22,13,96,0.135
2024-11-07,92,2,베놈: 라스트 댄스,기타,73,653,0.112,56,500,0.112
2024-11-07,92,2,베놈: 라스트 댄스,전체,2974,14249,0.209,921,6606,0.139
2024-11-07,92,3,아마존 활명수,CGV,912,6482,0.141,282,2744,0.103
2024-11-07,92,3,아마존 활명수,롯데시네마,593,3680,0.161,216,1734,0.125
2024-11-07,92,3,아마존 활명수,메가박스,407,3261,0.125,161,1532,0.105
2024-11-07,92,3,아마존 활명수,씨네Q,31,173,0.179,15,96,0.156
2024-11-07,92,3,아마존 활명수,기타,136,653,0.208,90,500,0.18
2024-11-07,92,3,아마존 활명수,전체,2079,14249,0.146,764,6606,0.116
2024-11-07,92,4,레드 원,CGV,570,6482,0.088,251,2744,0.091
2024-11-07,92,4,레드 원,롯데시네마,174,3680,0.047,110,1734,0.063
2024-11-07,92,4,레드 원,메가박스,227,3261,0.07,129,1532,0.084
2024-11-07,92,4,레드 원,씨네Q,7,173,0.04,4,96,0.042
2024-11-07,92,4,레드 원,기타,66,653,0.101,45,500,0.09
2024-11-07,92,4,레드 원,전체,1044,14249,0.073,539,6606,0.082
2024-11-07,92,5,보통의 가족,CGV,191,6482,0.029,150,2744,0.055
2024-11-07,92,5,보통의 가족,롯데시네마,229,3680,0.062,146,1734,0.084
2024-11-07,92,5,보통의 가족,메가박스,130,3261,0.04,91,1532,0.059
2024-11-07,92,5,보통의 가족,씨네Q,13,173,0.075,9,96,0.094
2024-11-07,92,5,보통의 가족,기타,14,653,0.021,12,500,0.024
2024-11-07,92,5,보통의 가족,전체,577,14249,0.04,408,6606,0.062
2024-11-08,93,1,청설,CGV,1737,6781,0.256,401,2847,0.141
2024-11-08,93,1,청설,롯데시네마,967,4288,0.226,277,1867,0.148
2024-11-08,93,1,청설,메가박스,1133,3541,0.32,288,1569,0.184
2024-11-08,93,1,청설,씨네Q,49,188,0.261,17,94,0.181
2024-11-08,93,1,청설,기타,91,740,0.123,51,547,0.093
2024-11-08,93,1,청설,전체,3977,15538,0.256,1034,6924,0.149
2024-11-08,93,2,베놈: 라스트 댄스,CGV,1602,6781,0.236,463,2847,0.163
2024-11-08,93,2,베놈: 라스트 댄스,롯데시네마,962,4288,0.224,273,1867,0.146
2024-11-08,93,2,베놈: 라스트 댄스,메가박스,729,3541,0.206,204,1569,0.13
2024-11-08,93,2,베놈: 라스트 댄스,씨네Q,46,188,0.245,15,94,0.16
2024-11-08,93,2,베놈: 라스트 댄스,기타,105,740,0.142,75,547,0.137
2024-11-08,93,2,베놈: 라스트 댄스,전체,3444,15538,0.222,1030,6924,0.149
2024-11-08,93,3,아마존 활명수,CGV,904,6781,0.133,276,2847,0.097
2024-11-08,93,3,아마존 활명수,롯데시네마,694,4288,0.162,223,1867,0.119
2024-11-08,93,3,아마존 활명수,메가박스,436,3541,0.123,168,1569,0.107
2024-11-08,93,3,아마존 활명수,씨네Q,32,188,0.17,15,94,0.16
2024-11-08,93,3,아마존 활명수,기타,161,740,0.218,98,547,0.179
2024-11-08,93,3,아마존 활명수,전체,2227,15538,0.143,780,6924,0.113
2024-11-08,93,4,레드 원,CGV,571,6781,0.084,279,2847,0.098
2024-11-08,93,4,레드 원,롯데시네마,208,4288,0.049,122,1867,0.065
2024-11-08,93,4,레드 원,메가박스,242,3541,0.068,127,1569,0.081
2024-11-08,93,4,레드 원,씨네Q,10,188,0.053,8,94,0.085
2024-11-08,93,4,레드 원,기타,65,740,0.088,48,547,0.088
2024-11-08,93,4,레드 원,전체,1096,15538,0.071,584,6924,0.084
2024-11-08,93,5,보통의 가족,CGV,197,6781,0.029,152,2847,0.053
2024-11-08,93,5,보통의 가족,롯데시네마,265,4288,0.062,154,1867,0.082
2024-11-08,93,5,보통의 가족,메가박스,152,3541,0.043,109,1569,0.069
2024-11-08,93,5,보통의 가족,씨네Q,13,188,0.069,6,94,0.064
2024-11-08,93,5,보통의 가족,기타,20,740,0.027,17,547,0.031
2024-11-08,93,5,보통의 가족,전체,647,15538,0.042,438,6924,0.063
2024-11-09,94,1,청설,CGV,1883,7638,0.247,429,3225,0.133
2024-11-09,94,1,청설,롯데시네마,1090,5022,0.217,270,2099,0.129
2024-11-09,94,1,청설,메가박스,1297,4253,0.305,280,1822,0.154
2024-11-09,94,1,청설,씨네Q,65,262,0.248,24,125,0.192
2024-11-09,94,1,청설,기타,111,960,0.116,57,668,0.085
2024-11-09,94,1,청설,전체,4446,18135,0.245,1060,7939,0.134
2024-11-09,94,2,베놈: 라스트 댄스,CGV,1865,7638,0.244,511,3225,0.158
2024-11-09,94,2,베놈: 라스트 댄스,롯데시네마,1156,5022,0.23,291,2099,0.139
2024-11-09,94,2,베놈: 라스트 댄스,메가박스,902,4253,0.212,225,1822,0.123
2024-11-09,94,2,베놈: 라스트 댄스,씨네Q,60,262,0.229,15,125,0.12
2024-11-09,94,2,베놈: 라스트 댄스,기타,139,960,0.145,89,668,0.133
2024-11-09,94,2,베놈: 라스트 댄스,전체,4122,18135,0.227,1131,7939,0.142
2024-11-09,94,3,아마존 활명수,CGV,966,7638,0.126,279,3225,0.087
2024-11-09,94,3,아마존 활명수,롯데시네마,711,5022,0.142,195,2099,0.093
2024-11-09,94,3,아마존 활명수,메가박스,512,4253,0.12,169,1822,0.093
2024-11-09,94,3,아마존 활명수,씨네Q,42,262,0.16,16,125,0.128
2024-11-09,94,3,아마존 활명수,기타,196,960,0.204,108,668,0.162
2024-11-09,94,3,아마존 활명수,전체,2427,18135,0.134,767,7939,0.097
2024-11-09,94,4,레드 원,CGV,507,7638,0.066,268,3225,0.083
2024-11-09,94,4,레드 원,롯데시네마,212,5022,0.042,125,2099,0.06
2024-11-09,94,4,레드 원,메가박스,264,4253,0.062,134,1822,0.074
2024-11-09,94,4,레드 원,씨네Q,15,262,0.057,8,125,0.064
2024-11-09,94,4,레드 원,기타,92,960,0.096,58,668,0.087
2024-11-09,94,4,레드 원,전체,1090,18135,0.06,593,7939,0.075
2024-11-09,94,5,보통의 가족,CGV,197,7638,0.026,153,3225,0.047
2024-11-09,94,5,보통의 가족,롯데시네마,239,5022,0.048,149,2099,0.071
2024-11-09,94,5,보통의 가족,메가박스,169,4253,0.04,113,1822,0.062
2024-11-09,94,5,보통의 가족,씨네Q,13,262,0.05,10,125,0.08
2024-11-09,94,5,보통의 가족,기타,24,960,0.025,19,668,0.028
2024-11-09,94,5,보통의 가족,전체,642,18135,0.035,444,7939,0.056
2024-11-10,95,1,청설,CGV,1827,7497,0.244,423,3207,0.132
2024-11-10,95,1,청설,롯데시네마,1036,4782,0.217,277,2067,0.134
2024-11-10,95,1,청설,메가박스,1254,4108,0.305,283,1827,0.155
2024-11-10,95,1,청설,씨네Q,63,256,0.246,21,123,0.171
2024-11-10,95,1,청설,기타,113,917,0.123,56,627,0.089
2024-11-10,95,1,청설,전체,4293,17560,0.244,1060,7851,0.135
2024-11-10,95,2,베놈: 라스트 댄스,CGV,1824,7497,0.243,494,3207,0.154
2024-11-10,95,2,베놈: 라스트 댄스,롯데시네마,1091,4782,0.228,276,2067,0.134
2024-11-10,95,2,베놈: 라스트 댄스,메가박스,864,4108,0.21,229,1827,0.125
2024-11-10,95,2,베놈: 라스트 댄스,씨네Q,53,256,0.207,16,123,0.13
2024-11-10,95,2,베놈: 라스트 댄스,기타,138,917,0.15,88,627,0.14
2024-11-10,95,2,베놈: 라스트 댄스,전체,3970,17560,0.226,1103,7851,0.14
2024-11-10,95,3,아마존 활명수,CGV,924,7497,0.123,269,3207,0.084
2024-11-10,95,3,아마존 활명수,롯데시네마,662,4782,0.138,186,2067,0.09
2024-11-10,95,3,아마존 활명수,메가박스,482,4108,0.117,180,1827,0.099
2024-11-10,95,3,아마존 활명수,씨네Q,41,256,0.16,15,123,0.122
2024-11-10,95,3,아마존 활명수,기타,193,917,0.21,102,627,0.163
2024-11-10,95,3,아마존 활명수,전체,2302,17560,0.131,752,7851,0.096
2024-11-10,95,4,레드 원,CGV,502,7497,0.067,283,3207,0.088
2024-11-10,95,4,레드 원,롯데시네마,205,4782,0.043,121,2067,0.059
2024-11-10,95,4,레드 원,메가박스,250,4108,0.061,133,1827,0.073
2024-11-10,95,4,레드 원,씨네Q,16,256,0.063,8,123,0.065
2024-11-10,95,4,레드 원,기타,86,917,0.094,53,627,0.085
2024-11-10,95,4,레드 원,전체,1059,17560,0.06,598,7851,0.076
2024-11-10,95,5,보통의 가족,CGV,191,7497,0.025,142,3207,0.044
2024-11-10,95,5,보통의 가족,롯데시네마,229,4782,0.048,148,2067,0.072
2024-11-10,95,5,보통의 가족,메가박스,168,4108,0.041,112,1827,0.061
2024-11-10,95,5,보통의 가족,씨네Q,12,256,0.047,8,123,0.065
2024-11-10,95,5,보통의 가족,기타,24,917,0.026,19,627,0.03
2024-11-10,95,5,보통의 가족,전체,624,17560,0.036,429,7851,0.055
2024-11-11,96,1,청설,CGV,1669,6082,0.274,392,2627,0.149
2024-11-11,96,1,청설,롯데시네마,858,3495,0.245,260,1681,0.155
2024-11-11,96,1,청설,메가박스,998,3004,0.332,277,1429,0.194
2024-11-11,96,1,청설,씨네Q,38,131,0.29,14,63,0.222
2024-11-11,96,1,청설,기타,72,480,0.15,39,363,0.107
2024-11-11,96,1,청설,전체,3635,13192,0.276,982,6163,0.159
2024-11-11,96,2,베놈: 라스트 댄스,CGV,1419,6082,0.233,425,2627,0.162
2024-11-11,96,2,베놈: 라스트 댄스,롯데시네마,800,3495,0.229,259,1681,0.154
2024-11-11,96,2,베놈: 라스트 댄스,메가박스,569,3004,0.189,186,1429,0.13
2024-11-11,96,2,베놈: 라스트 댄스,씨네Q,31,131,0.237,9,63,0.143
2024-11-11,96,2,베놈: 라스트 댄스,기타,48,480,0.1,36,363,0.099
2024-11-11,96,2,베놈: 라스트 댄스,전체,2867,13192,0.217,915,6163,0.148
2024-11-11,96,3,아마존 활명수,CGV,728,6082,0.12,250,2627,0.095
2024-11-11,96,3,아마존 활명수,롯데시네마,460,3495,0.132,171,1681,0.102
2024-11-11,96,3,아마존 활명수,메가박스,378,3004,0.126,161,1429,0.113
2024-11-11,96,3,아마존 활명수,씨네Q,19,131,0.145,9,63,0.143
2024-11-11,96,3,아마존 활명수,기타,73,480,0.152,48,363,0.132
2024-11-11,96,3,아마존 활명수,전체,1658,13192,0.126,639,6163,0.104
2024-11-11,96,4,레드 원,CGV,417,6082,0.069,227,2627,0.086
2024-11-11,96,4,레드 원,롯데시네마,144,3495,0.041,100,1681,0.059
2024-11-11,96,4,레드 원,메가박스,182,3004,0.061,114,1429,0.08
2024-11-11,96,4,레드 원,씨네Q,10,131,0.076,5,63,0.079
2024-11-11,96,4,레드 원,기타,39,480,0.081,29,363,0.08
2024-11-11,96,4,레드 원,전체,792,13192,0.06,475,6163,0.077
2024-11-11,96,5,보통의 가족,CGV,219,6082,0.036,153,2627,0.058
2024-11-11,96,5,보통의 가족,롯데시네마,204,3495,0.058,131,1681,0.078
2024-11-11,96,5,보통의 가족,메가박스,129,3004,0.043,90,1429,0.063
2024-11-11,96,5,보통의 가족,씨네Q,7,131,0.053,5,63,0.079
2024-11-11,96,5,보통의 가족,기타,16,480,0.033,12,363,0.033
2024-11-11,96,5,보통의 가족,전체,575,13192,0.044,391,6163,0.063
2024-11-12,97,1,청설,CGV,1625,5918,0.275,405,2652,0.153
2024-11-12,97,1,청설,롯데시네마,877,3435,0.255,270,1680,0.161
2024-11-12,97,1,청설,메가박스,975,2899,0.336,283,1425,0.199
2024-11-12,97,1,청설,씨네Q,37,142,0.261,14,80,0.175
2024-11-12,97,1,청설,기타,80,565,0.142,46,428,0.107
2024-11-12,97,1,청설,전체,3594,12959,0.277,1018,6265,0.162
2024-11-12,97,2,베놈: 라스트 댄스,CGV,1331,5918,0.225,414,2652,0.156
2024-11-12,97,2,베놈: 라스트 댄스,롯데시네마,750,3435,0.218,248,1680,0.148
2024-11-12,97,2,베놈: 라스트 댄스,메가박스,549,2899,0.189,187,1425,0.131
2024-11-12,97,2,베놈: 라스트 댄스,씨네Q,26,142,0.183,11,80,0.138
2024-11-12,97,2,베놈: 라스트 댄스,기타,63,565,0.112,42,428,0.098
2024-11-12,97,2,베놈: 라스트 댄스,전체,2719,12959,0.21,902,6265,0.144
2024-11-12,97,3,아마존 활명수,CGV,684,5918,0.116,261,2652,0.098
2024-11-12,97,3,아마존 활명수,롯데시네마,439,3435,0.128,166,1680,0.099
2024-11-12,97,3,아마존 활명수,메가박스,317,2899,0.109,139,1425,0.098
2024-11-12,97,3,아마존 활명수,씨네Q,27,142,0.19,13,80,0.163
2024-11-12,97,3,아마존 활명수,기타,96,565,0.17,61,428,0.143
2024-11-12,97,3,아마존 활명수,전체,1563,12959,0.121,640,6265,0.102
2024-11-12,97,4,레드 원,CGV,409,5918,0.069,233,2652,0.088
2024-11-12,97,4,레드 원,롯데시네마,149,3435,0.043,101,1680,0.06
2024-11-12,97,4,레드 원,메가박스,179,2899,0.062,112,1425,0.079
2024-11-12,97,4,레드 원,씨네Q,6,142,0.042,4,80,0.05
2024-11-12,97,4,레드 원,기타,42,565,0.074,28,428,0.065
2024-11-12,97,4,레드 원,전체,785,12959,0.061,478,6265,0.076
2024-11-12,97,5,대도시의 사랑법,CGV,246,5918,0.042,158,2652,0.06
2024-11-12,97,5,대도시의 사랑법,롯데시네마,139,3435,0.04,108,1680,0.064
2024-11-12,97,5,대도시의 사랑법,메가박스,148,2899,0.051,103,1425,0.072
2024-11-12,97,5,대도시의 사랑법,씨네Q,2,142,0.014,2,80,0.025
2024-11-12,97,5,대도시의 사랑법,기타,2,565,0.004,2,428,0.005
2024-11-12,97,5,대도시의 사랑법,전체,537,12959,0.041,373,6265,0.06
2024-11-13,98,1,글래디에이터 Ⅱ,CGV,3116,6215,0.501,808,2455,0.329
2024-11-13,98,1,글래디에이터 Ⅱ,롯데시네마,1535,4009,0.383,442,1689,0.262
2024-11-13,98,1,글래디에이터 Ⅱ,메가박스,1314,3398,0.387,384,1466,0.262
2024-11-13,98,1,글래디에이터 Ⅱ,씨네Q,88,196,0.449,28,93,0.301
2024-11-13,98,1,글래디에이터 Ⅱ,기타,199,727,0.274,107,536,0.2
2024-11-13,98,1,글래디에이터 Ⅱ,전체,6252,14545,0.43,1769,6239,0.284
2024-11-13,98,2,청설,CGV,946,6215,0.152,287,2455,0.117
2024-11-13,98,2,청설,롯데시네마,735,4009,0.183,240,1689,0.142
2024-11-13,98,2,청설,메가박스,714,3398,0.21,224,1466,0.153
2024-11-13,98,2,청설,씨네Q,30,196,0.153,8,93,0.086
2024-11-13,98,2,청설,기타,78,727,0.107,51,536,0.095
2024-11-13,98,2,청설,전체,2503,14545,0.172,810,6239,0.13
2024-11-13,98,3,베놈: 라스트 댄스,CGV,790,6215,0.127,281,2455,0.114
2024-11-13,98,3,베놈: 라스트 댄스,롯데시네마,534,4009,0.133,197,1689,0.117
2024-11-13,98,3,베놈: 라스트 댄스,메가박스,444,3398,0.131,167,1466,0.114
2024-11-13,98,3,베놈: 라스트 댄스,씨네Q,25,196,0.128,14,93,0.151
2024-11-13,98,3,베놈: 라스트 댄스,기타,25,727,0.034,23,536,0.043
2024-11-13,98,3,베놈: 라스트 댄스,전체,1818,14545,0.125,682,6239,0.109
2024-11-13,98,4,아마존 활명수,CGV,259,6215,0.042,178,2455,0.073
2024-11-13,98,4,아마존 활명수,롯데시네마,228,4009,0.057,147,1689,0.087
2024-11-13,98,4,아마존 활명수,메가박스,149,3398,0.044,99,1466,0.068
2024-11-13,98,4,아마존 활명수,씨네Q,13,196,0.066,7,93,0.075
2024-11-13,98,4,아마존 활명수,기타,83,727,0.114,62,536,0.116
2024-11-13,98,4,아마존 활명수,전체,732,14545,0.05,493,6239,0.079
2024-11-13,98,5,연소일기,CGV,223,6215,0.036,151,2455,0.062
2024-11-13,98,5,연소일기,롯데시네마,103,4009,0.026,73,1689,0.043
2024-11-13,98,5,연소일기,메가박스,77,3398,0.023,61,1466,0.042
2024-11-13,98,5,연소일기,씨네Q,4,196,0.02,2,93,0.022
2024-11-13,98,5,연소일기,기타,1,727,0.001,1,536,0.002
2024-11-13,98,5,연소일기,전체,408,14545,0.028,288,6239,0.046
2024-11-14,99,1,글래디에이터 Ⅱ,CGV,2403,6710,0.358,628,2634,0.238
2024-11-14,99,1,글래디에이터 Ⅱ,롯데시네마,1405,4269,0.329,422,1788,0.236
2024-11-14,99,1,글래디에이터 Ⅱ,메가박스,1083,3752,0.289,341,1638,0.208
2024-11-14,99,1,글래디에이터 Ⅱ,씨네Q,73,202,0.361,27,97,0.278
2024-11-14,99,1,글래디에이터 Ⅱ,기타,181,773,0.234,104,570,0.182
2024-11-14,99,1,글래디에이터 Ⅱ,전체,5145,15706,0.328,1522,6727,0.226
2024-11-14,99,2,사흘,CGV,1383,6710,0.206,316,2634,0.12
2024-11-14,99,2,사흘,롯데시네마,913,4269,0.214,221,1788,0.124
2024-11-14,99,2,사흘,메가박스,840,3752,0.224,198,1638,0.121
2024-11-14,99,2,사흘,씨네Q,39,202,0.193,11,97,0.113
2024-11-14,99,2,사흘,기타,153,773,0.198,90,570,0.158
2024-11-14,99,2,사흘,전체,3328,15706,0.212,836,6727,0.124
2024-11-14,99,3,청설,CGV,981,6710,0.146,357,2634,0.136
2024-11-14,99,3,청설,롯데시네마,538,4269,0.126,206,1788,0.115
2024-11-14,99,3,청설,메가박스,608,3752,0.162,204,1638,0.125
2024-11-14,99,3,청설,씨네Q,29,202,0.144,12,97,0.124
2024-11-14,99,3,청설,기타,61,773,0.079,45,570,0.079
2024-11-14,99,3,청설,전체,2217,15706,0.141,824,6727,0.122
2024-11-14,99,4,베놈: 라스트 댄스,CGV,657,6710,0.098,271,2634,0.103
2024-11-14,99,4,베놈: 라스트 댄스,롯데시네마,395,4269,0.093,186,1788,0.104
2024-11-14,99,4,베놈: 라스트 댄스,메가박스,330,3752,0.088,170,1638,0.104
2024-11-14,99,4,베놈: 라스트 댄스,씨네Q,16,202,0.079,8,97,0.082
2024-11-14,99,4,베놈: 라스트 댄스,기타,24,773,0.031,20,570,0.035
2024-11-14,99,4,베놈: 라스트 댄스,전체,1422,15706,0.091,655,6727,0.097
2024-11-14,99,5,아마존 활명수,CGV,213,6710,0.032,170,2634,0.065
2024-11-14,99,5,아마존 활명수,롯데시네마,174,4269,0.041,136,1788,0.076
2024-11-14,99,5,아마존 활명수,메가박스,108,3752,0.029,87,1638,0.053
2024-11-14,99,5,아마존 활명수,씨네Q,12,202,0.059,7,97,0.072
2024-11-14,99,5,아마존 활명수,기타,56,773,0.072,44,570,0.077
2024-11-14,99,5,아마존 활명수,전체,563,15706,0.036,444,6727,0.066
2024-11-15,100,1,글래디에이터 Ⅱ,CGV,2548,6841,0.372,650,2646,0.246
2024-11-15,100,1,글래디에이터 Ⅱ,롯데시네마,1572,4434,0.355,429,1797,0.239
2024-11-15,100,1,글래디에이터 Ⅱ,메가박스,1204,3822,0.315,345,1655,0.208
2024-11-15,100,1,글래디에이터 Ⅱ,씨네Q,82,229,0.358,25,102,0.245
2024-11-15,100,1,글래디에이터 Ⅱ,기타,198,786,0.252,112,593,0.189
2024-11-15,100,1,글래디에이터 Ⅱ,전체,5604,16112,0.348,1561,6793,0.23
2024-11-15,100,2,사흘,CGV,1104,6841,0.161,259,2646,0.098
2024-11-15,100,2,사흘,롯데시네마,929,4434,0.21,228,1797,0.127
2024-11-15,100,2,사흘,메가박스,750,3822,0.196,204,1655,0.123
2024-11-15,100,2,사흘,씨네Q,35,229,0.153,12,102,0.118
2024-11-15,100,2,사흘,기타,144,786,0.183,92,593,0.155
2024-11-15,100,2,사흘,전체,2962,16112,0.184,795,6793,0.117
2024-11-15,100,3,청설,CGV,1237,6841,0.181,414,2646,0.156
2024-11-15,100,3,청설,롯데시네마,581,4434,0.131,215,1797,0.12
2024-11-15,100,3,청설,메가박스,649,3822,0.17,218,1655,0.132
2024-11-15,100,3,청설,씨네Q,37,229,0.162,13,102,0.127
2024-11-15,100,3,청설,기타,63,786,0.08,47,593,0.079
2024-11-15,100,3,청설,전체,2567,16112,0.159,907,6793,0.134
2024-11-15,100,4,베놈: 라스트 댄스,CGV,695,6841,0.102,287,2646,0.108
2024-11-15,100,4,베놈: 라스트 댄스,롯데시네마,399,4434,0.09,186,1797,0.104
2024-11-15,100,4,베놈: 라스트 댄스,메가박스,351,3822,0.092,166,1655,0.1
2024-11-15,100,4,베놈: 라스트 댄스,씨네Q,22,229,0.096,9,102,0.088
2024-11-15,100,4,베놈: 라스트 댄스,기타,19,786,0.024,16,593,0.027
2024-11-15,100,4,베놈: 라스트 댄스,전체,1486,16112,0.092,664,6793,0.098
2024-11-15,100,5,아마존 활명수,CGV,255,6841,0.037,179,2646,0.068
2024-11-15,100,5,아마존 활명수,롯데시네마,169,4434,0.038,123,1797,0.068
2024-11-15,100,5,아마존 활명수,메가박스,82,3822,0.021,68,1655,0.041
2024-11-15,100,5,아마존 활명수,씨네Q,12,229,0.052,7,102,0.069
2024-11-15,100,5,아마존 활명수,기타,56,786,0.071,46,593,0.078
2024-11-15,100,5,아마존 활명수,전체,574,16112,0.036,423,6793,0.062
2024-11-16,101,1,글래디에이터 Ⅱ,CGV,2686,7348,0.366,649,2818,0.23
2024-11-16,101,1,글래디에이터 Ⅱ,롯데시네마,1653,4856,0.34,420,1928,0.218
2024-11-16,101,1,글래디에이터 Ⅱ,메가박스,1245,4220,0.295,336,1823,0.184
2024-11-16,101,1,글래디에이터 Ⅱ,씨네Q,84,253,0.332,25,112,0.223
2024-11-16,101,1,글래디에이터 Ⅱ,기타,224,951,0.236,112,673,0.166
2024-11-16,101,1,글래디에이터 Ⅱ,전체,5892,17628,0.334,1542,7354,0.21
2024-11-16,101,2,청설,CGV,1343,7348,0.183,392,2818,0.139
2024-11-16,101,2,청설,롯데시네마,761,4856,0.157,234,1928,0.121
2024-11-16,101,2,청설,메가박스,800,4220,0.19,251,1823,0.138
2024-11-16,101,2,청설,씨네Q,50,253,0.198,17,112,0.152
2024-11-16,101,2,청설,기타,80,951,0.084,49,673,0.073
2024-11-16,101,2,청설,전체,3034,17628,0.172,943,7354,0.128
2024-11-16,101,3,사흘,CGV,1082,7348,0.147,261,2818,0.093
2024-11-16,101,3,사흘,롯데시네마,832,4856,0.171,199,1928,0.103
2024-11-16,101,3,사흘,메가박스,706,4220,0.167,197,1823,0.108
2024-11-16,101,3,사흘,씨네Q,40,253,0.158,12,112,0.107
2024-11-16,101,3,사흘,기타,170,951,0.179,97,673,0.144
2024-11-16,101,3,사흘,전체,2830,17628,0.161,766,7354,0.104
2024-11-16,101,4,베놈: 라스트 댄스,CGV,729,7348,0.099,281,2818,0.1
2024-11-16,101,4,베놈: 라스트 댄스,롯데시네마,409,4856,0.084,182,1928,0.094
2024-11-16,101,4,베놈: 라스트 댄스,메가박스,412,4220,0.098,175,1823,0.096
2024-11-16,101,4,베놈: 라스트 댄스,씨네Q,22,253,0.087,10,112,0.089
2024-11-16,101,4,베놈: 라스트 댄스,기타,31,951,0.033,26,673,0.039
2024-11-16,101,4,베놈: 라스트 댄스,전체,1603,17628,0.091,674,7354,0.092
2024-11-16,101,5,아마존 활명수,CGV,310,7348,0.042,198,2818,0.07
2024-11-16,101,5,아마존 활명수,롯데시네마,212,4856,0.044,145,1928,0.075
2024-11-16,101,5,아마존 활명수,메가박스,109,4220,0.026,84,1823,0.046
2024-11-16,101,5,아마존 활명수,씨네Q,14,253,0.055,10,112,0.089
2024-11-16,101,5,아마존 활명수,기타,76,951,0.08,61,673,0.091
2024-11-16,101,5,아마존 활명수,전체,721,17628,0.041,498,7354,0.068
2024-11-17,102,1,글래디에이터 Ⅱ,CGV,2607,7141,0.365,651,2812,0.232
2024-11-17,102,1,글래디에이터 Ⅱ,롯데시네마,1577,4681,0.337,418,1911,0.219
2024-11-17,102,1,글래디에이터 Ⅱ,메가박스,1204,4059,0.297,337,1799,0.187
2024-11-17,102,1,글래디에이터 Ⅱ,씨네Q,80,241,0.332,25,109,0.229
2024-11-17,102,1,글래디에이터 Ⅱ,기타,216,927,0.233,113,662,0.171
2024-11-17,102,1,글래디에이터 Ⅱ,전체,5684,17049,0.333,1544,7293,0.212
2024-11-17,102,2,청설,CGV,1338,7141,0.187,395,2812,0.14
2024-11-17,102,2,청설,롯데시네마,765,4681,0.163,238,1911,0.125
2024-11-17,102,2,청설,메가박스,787,4059,0.194,251,1799,0.14
2024-11-17,102,2,청설,씨네Q,48,241,0.199,14,109,0.128
2024-11-17,102,2,청설,기타,82,927,0.088,50,662,0.076
2024-11-17,102,2,청설,전체,3020,17049,0.177,948,7293,0.13
2024-11-17,102,3,사흘,CGV,993,7141,0.139,271,2812,0.096
2024-11-17,102,3,사흘,롯데시네마,760,4681,0.162,192,1911,0.1
2024-11-17,102,3,사흘,메가박스,622,4059,0.153,182,1799,0.101
2024-11-17,102,3,사흘,씨네Q,37,241,0.154,11,109,0.101
2024-11-17,102,3,사흘,기타,164,927,0.177,96,662,0.145
2024-11-17,102,3,사흘,전체,2576,17049,0.151,752,7293,0.103
2024-11-17,102,4,베놈: 라스트 댄스,CGV,725,7141,0.102,289,2812,0.103
2024-11-17,102,4,베놈: 라스트 댄스,롯데시네마,415,4681,0.089,181,1911,0.095
2024-11-17,102,4,베놈: 라스트 댄스,메가박스,401,4059,0.099,173,1799,0.096
2024-11-17,102,4,베놈: 라스트 댄스,씨네Q,23,241,0.095,13,109,0.119
2024-11-17,102,4,베놈: 라스트 댄스,기타,35,927,0.038,28,662,0.042
2024-11-17,102,4,베놈: 라스트 댄스,전체,1599,17049,0.094,684,7293,0.094
2024-11-17,102,5,아마존 활명수,CGV,308,7141,0.043,193,2812,0.069
2024-11-17,102,5,아마존 활명수,롯데시네마,194,4681,0.041,139,1911,0.073
2024-11-17,102,5,아마존 활명수,메가박스,102,4059,0.025,85,1799,0.047
2024-11-17,102,5,아마존 활명수,씨네Q,11,241,0.046,8,109,0.073
2024-11-17,102,5,아마존 활명수,기타,68,927,0.073,56,662,0.085
2024-11-17,102,5,아마존 활명수,전체,683,17049,0.04,481,7293,0.066
2024-11-18,103,1,글래디에이터 Ⅱ,CGV,2349,6124,0.384,623,2366,0.263
2024-11-18,103,1,글래디에이터 Ⅱ,롯데시네마,1398,3768,0.371,439,1646,0.267
2024-11-18,103,1,글래디에이터 Ⅱ,메가박스,1009,3225,0.313,324,1536,0.211
2024-11-18,103,1,글래디에이터 Ⅱ,씨네Q,67,182,0.368,21,89,0.236
2024-11-18,103,1,글래디에이터 Ⅱ,기타,122,525,0.232,71,399,0.178
2024-11-18,103,1,글래디에이터 Ⅱ,전체,4945,13824,0.358,1478,6036,0.245
2024-11-18,103,2,청설,CGV,1228,6124,0.201,347,2366,0.147
2024-11-18,103,2,청설,롯데시네마,638,3768,0.169,227,1646,0.138
2024-11-18,103,2,청설,메가박스,654,3225,0.203,217,1536,0.141
2024-11-18,103,2,청설,씨네Q,40,182,0.22,13,89,0.146
2024-11-18,103,2,청설,기타,52,525,0.099,36,399,0.09
2024-11-18,103,2,청설,전체,2612,13824,0.189,840,6036,0.139
2024-11-18,103,3,사흘,CGV,818,6124,0.134,236,2366,0.1
2024-11-18,103,3,사흘,롯데시네마,628,3768,0.167,196,1646,0.119
2024-11-18,103,3,사흘,메가박스,458,3225,0.142,168,1536,0.109
2024-11-18,103,3,사흘,씨네Q,20,182,0.11,11,89,0.124
2024-11-18,103,3,사흘,기타,73,525,0.139,48,399,0.12
2024-11-18,103,3,사흘,전체,1997,13824,0.144,659,6036,0.109
2024-11-18,103,4,베놈: 라스트 댄스,CGV,640,6124,0.105,240,2366,0.101
2024-11-18,103,4,베놈: 라스트 댄스,롯데시네마,327,3768,0.087,168,1646,0.102
2024-11-18,103,4,베놈: 라스트 댄스,메가박스,309,3225,0.096,158,1536,0.103
2024-11-18,103,4,베놈: 라스트 댄스,씨네Q,17,182,0.093,7,89,0.079
2024-11-18,103,4,베놈: 라스트 댄스,기타,16,525,0.03,13,399,0.033
2024-11-18,103,4,베놈: 라스트 댄스,전체,1309,13824,0.095,586,6036,0.097
2024-11-18,103,5,아마존 활명수,CGV,223,6124,0.036,151,2366,0.064
2024-11-18,103,5,아마존 활명수,롯데시네마,149,3768,0.04,114,1646,0.069
2024-11-18,103,5,아마존 활명수,메가박스,70,3225,0.022,62,1536,0.04
2024-11-18,103,5,아마존 활명수,씨네Q,7,182,0.038,7,89,0.079
2024-11-18,103,5,아마존 활명수,기타,32,525,0.061,28,399,0.07
2024-11-18,103,5,아마존 활명수,전체,481,13824,0.035,362,6036,0.06
2024-11-19,104,1,글래디에이터 Ⅱ,CGV,2302,6108,0.377,615,2408,0.255
2024-11-19,104,1,글래디에이터 Ⅱ,롯데시네마,1342,3666,0.366,419,1619,0.259
2024-11-19,104,1,글래디에이터 Ⅱ,메가박스,1014,3201,0.317,316,1512,0.209
2024-11-19,104,1,글래디에이터 Ⅱ,씨네Q,61,164,0.372,22,84,0.262
2024-11-19,104,1,글래디에이터 Ⅱ,기타,145,582,0.249,86,453,0.19
2024-11-19,104,1,글래디에이터 Ⅱ,전체,4864,13721,0.354,1458,6076,0.24
2024-11-19,104,2,청설,CGV,1252,6108,0.205,363,2408,0.151
2024-11-19,104,2,청설,롯데시네마,631,3666,0.172,222,1619,0.137
2024-11-19,104,2,청설,메가박스,653,3201,0.204,221,1512,0.146
2024-11-19,104,2,청설,씨네Q,30,164,0.183,12,84,0.143
2024-11-19,104,2,청설,기타,49,582,0.084,36,453,0.079
2024-11-19,104,2,청설,전체,2615,13721,0.191,854,6076,0.141
2024-11-19,104,3,사흘,CGV,783,6108,0.128,233,2408,0.097
2024-11-19,104,3,사흘,롯데시네마,593,3666,0.162,184,1619,0.114
2024-11-19,104,3,사흘,메가박스,432,3201,0.135,155,1512,0.103
2024-11-19,104,3,사흘,씨네Q,25,164,0.152,10,84,0.119
2024-11-19,104,3,사흘,기타,87,582,0.149,59,453,0.13
2024-11-19,104,3,사흘,전체,1920,13721,0.14,641,6076,0.105
2024-11-19,104,4,베놈: 라스트 댄스,CGV,615,6108,0.101,251,2408,0.104
2024-11-19,104,4,베놈: 라스트 댄스,롯데시네마,304,3666,0.083,163,1619,0.101
2024-11-19,104,4,베놈: 라스트 댄스,메가박스,301,3201,0.094,158,1512,0.104
2024-11-19,104,4,베놈: 라스트 댄스,씨네Q,14,164,0.085,8,84,0.095
2024-11-19,104,4,베놈: 라스트 댄스,기타,8,582,0.014,7,453,0.015
2024-11-19,104,4,베놈: 라스트 댄스,전체,1242,13721,0.091,587,6076,0.097
2024-11-19,104,5,아마존 활명수,CGV,245,6108,0.04,160,2408,0.066
2024-11-19,104,5,아마존 활명수,롯데시네마,151,3666,0.041,115,1619,0.071
2024-11-19,104,5,아마존 활명수,메가박스,69,3201,0.022,55,1512,0.036
2024-11-19,104,5,아마존 활명수,씨네Q,8,164,0.049,6,84,0.071
2024-11-19,104,5,아마존 활명수,기타,31,582,0.053,29,453,0.064
2024-11-19,104,5,아마존 활명수,전체,504,13721,0.037,365,6076,0.06
2024-11-20,105,1,위키드,CGV,2327,6439,0.361,658,2642,0.249
2024-11-20,105,1,위키드,롯데시네마,1501,3861,0.389,494,1728,0.286
2024-11-20,105,1,위키드,메가박스,1276,3514,0.363,400,1605,0.249
2024-11-20,105,1,위키드,씨네Q,79,208,0.38,32,109,0.294
2024-11-20,105,1,위키드,기타,144,741,0.194,79,554,0.143
2024-11-20,105,1,위키드,전체,5327,14763,0.361,1663,6638,0.251
2024-11-20,105,2,히든페이스,CGV,1143,6439,0.178,343,2642,0.13
2024-11-20,105,2,히든페이스,롯데시네마,683,3861,0.177,218,1728,0.126
2024-11-20,105,2,히든페이스,메가박스,593,3514,0.169,185,1605,0.115
2024-11-20,105,2,히든페이스,씨네Q,37,208,0.178,14,109,0.128
2024-11-20,105,2,히든페이스,기타,113,741,0.152,74,554,0.134
2024-11-20,105,2,히든페이스,전체,2569,14763,0.174,834,6638,0.126
2024-11-20,105,3,글래디에이터 Ⅱ,CGV,867,6439,0.135,287,2642,0.109
2024-11-20,105,3,글래디에이터 Ⅱ,롯데시네마,641,3861,0.166,243,1728,0.141
2024-11-20,105,3,글래디에이터 Ⅱ,메가박스,420,3514,0.12,167,1605,0.104
2024-11-20,105,3,글래디에이터 Ⅱ,씨네Q,33,208,0.159,18,109,0.165
2024-11-20,105,3,글래디에이터 Ⅱ,기타,116,741,0.157,87,554,0.157
2024-11-20,105,3,글래디에이터 Ⅱ,전체,2077,14763,0.141,802,6638,0.121
2024-11-20,105,4,청설,CGV,723,6439,0.112,277,2642,0.105
2024-11-20,105,4,청설,롯데시네마,359,3861,0.093,186,1728,0.108
2024-11-20,105,4,청설,메가박스,451,3514,0.128,202,1605,0.126
2024-11-20,105,4,청설,씨네Q,21,208,0.101,12,109,0.11
2024-11-20,105,4,청설,기타,30,741,0.04,24,554,0.043
2024-11-20,105,4,청설,전체,1584,14763,0.107,701,6638,0.106
2024-11-20,105,5,사흘,CGV,249,6439,0.039,168,2642,0.064
2024-11-20,105,5,사흘,롯데시네마,162,3861,0.042,121,1728,0.07
2024-11-20,105,5,사흘,메가박스,170,3514,0.048,118,1605,0.074
2024-11-20,105,5,사흘,씨네Q,7,208,0.034,5,109,0.046
2024-11-20,105,5,사흘,기타,71,741,0.096,57,554,0.103
2024-11-20,105,5,사흘,전체,659,14763,0.045,469,6638,0.071
2024-11-21,106,1,위키드,CGV,2259,6301,0.359,648,2594,0.25
2024-11-21,106,1,위키드,롯데시네마,1438,3857,0.373,488,1779,0.274
2024-11-21,106,1,위키드,메가박스,1223,3425,0.357,403,1622,0.248
2024-11-21,106,1,위키드,씨네Q,75,189,0.397,28,95,0.295
2024-11-21,106,1,위키드,기타,148,733,0.202,88,559,0.157
2024-11-21,106,1,위키드,전체,5143,14505,0.355,1655,6649,0.249
2024-11-21,106,2,히든페이스,CGV,1162,6301,0.184,346,2594,0.133
2024-11-21,106,2,히든페이스,롯데시네마,687,3857,0.178,225,1779,0.126
2024-11-21,106,2,히든페이스,메가박스,595,3425,0.174,199,1622,0.123
2024-11-21,106,2,히든페이스,씨네Q,36,189,0.19,13,95,0.137
2024-11-21,106,2,히든페이스,기타,114,733,0.156,76,559,0.136
2024-11-21,106,2,히든페이스,전체,2594,14505,0.179,859,6649,0.129
2024-11-21,106,3,글래디에이터 Ⅱ,CGV,885,6301,0.14,302,2594,0.116
2024-11-21,106,3,글래디에이터 Ⅱ,롯데시네마,641,3857,0.166,244,1779,0.137
2024-11-21,106,3,글래디에이터 Ⅱ,메가박스,408,3425,0.119,164,1622,0.101
2024-11-21,106,3,글래디에이터 Ⅱ,씨네Q,28,189,0.148,15,95,0.158
2024-11-21,106,3,글래디에이터 Ⅱ,기타,132,733,0.18,99,559,0.177
2024-11-21,106,3,글래디에이터 Ⅱ,전체,2094,14505,0.144,824,6649,0.124
2024-11-21,106,4,청설,CGV,739,6301,0.117,270,2594,0.104
2024-11-21,106,4,청설,롯데시네마,376,3857,0.097,198,1779,0.111
2024-11-21,106,4,청설,메가박스,437,3425,0.128,194,1622,0.12
2024-11-21,106,4,청설,씨네Q,18,189,0.095,11,95,0.116
2024-11-21,106,4,청설,기타,36,733,0.049,31,559,0.055
2024-11-21,106,4,청설,전체,1606,14505,0.111,704,6649,0.106
2024-11-21,106,5,사흘,CGV,181,6301,0.029,135,2594,0.052
2024-11-21,106,5,사흘,롯데시네마,154,3857,0.04,121,1779,0.068
2024-11-21,106,5,사흘,메가박스,132,3425,0.039,103,1622,0.064
2024-11-21,106,5,사흘,씨네Q,7,189,0.037,6,95,0.063
2024-11-21,106,5,사흘,기타,49,733,0.067,41,559,0.073
2024-11-21,106,5,사흘,전체,523,14505,0.036,406,6649,0.061
2024-11-22,107,1,위키드,CGV,2437,6529,0.373,692,2637,0.262
2024-11-22,107,1,위키드,롯데시네마,1583,4205,0.376,508,1813,0.28
2024-11-22,107,1,위키드,메가박스,1297,3587,0.362,410,1610,0.255
2024-11-22,107,1,위키드,씨네Q,84,216,0.389,28,97,0.289
2024-11-22,107,1,위키드,기타,154,778,0.198,91,592,0.154
2024-11-22,107,1,위키드,전체,5555,15315,0.363,1729,6749,0.256
2024-11-22,107,2,히든페이스,CGV,1292,6529,0.198,387,2637,0.147
2024-11-22,107,2,히든페이스,롯데시네마,803,4205,0.191,250,1813,0.138
2024-11-22,107,2,히든페이스,메가박스,649,3587,0.181,210,1610,0.13
2024-11-22,107,2,히든페이스,씨네Q,49,216,0.227,18,97,0.186
2024-11-22,107,2,히든페이스,기타,121,778,0.156,77,592,0.13
2024-11-22,107,2,히든페이스,전체,2914,15315,0.19,942,6749,0.14
2024-11-22,107,3,글래디에이터 Ⅱ,CGV,892,6529,0.137,305,2637,0.116
2024-11-22,107,3,글래디에이터 Ⅱ,롯데시네마,685,4205,0.163,251,1813,0.138
2024-11-22,107,3,글래디에이터 Ⅱ,메가박스,430,3587,0.12,168,1610,0.104
2024-11-22,107,3,글래디에이터 Ⅱ,씨네Q,34,216,0.157,15,97,0.155
2024-11-22,107,3,글래디에이터 Ⅱ,기타,132,778,0.17,95,592,0.16
2024-11-22,107,3,글래디에이터 Ⅱ,전체,2173,15315,0.142,834,6749,0.124
2024-11-22,107,4,청설,CGV,694,6529,0.106,267,2637,0.101
2024-11-22,107,4,청설,롯데시네마,430,4205,0.102,201,1813,0.111
2024-11-22,107,4,청설,메가박스,479,3587,0.134,198,1610,0.123
2024-11-22,107,4,청설,씨네Q,20,216,0.093,10,97,0.103
2024-11-22,107,4,청설,기타,38,778,0.049,28,592,0.047
2024-11-22,107,4,청설,전체,1661,15315,0.108,704,6749,0.104
2024-11-22,107,5,사흘,CGV,169,6529,0.026,125,2637,0.047
2024-11-22,107,5,사흘,롯데시네마,171,4205,0.041,134,1813,0.074
2024-11-22,107,5,사흘,메가박스,125,3587,0.035,93,1610,0.058
2024-11-22,107,5,사흘,씨네Q,6,216,0.028,5,97,0.052
2024-11-22,107,5,사흘,기타,58,778,0.075,51,592,0.086
2024-11-22,107,5,사흘,전체,529,15315,0.035,408,6749,0.06
2024-11-23,108,1,위키드,CGV,2735,6980,0.392,716,2748,0.261
2024-11-23,108,1,위키드,롯데시네마,1758,4601,0.382,496,1872,0.265
2024-11-23,108,1,위키드,메가박스,1496,3962,0.378,437,1791,0.244
2024-11-23,108,1,위키드,씨네Q,106,252,0.421,31,111,0.279
2024-11-23,108,1,위키드,기타,230,898,0.256,123,653,0.188
2024-11-23,108,1,위키드,전체,6325,16693,0.379,1803,7175,0.251
2024-11-23,108,2,히든페이스,CGV,1411,6980,0.202,425,2748,0.155
2024-11-23,108,2,히든페이스,롯데시네마,928,4601,0.202,280,1872,0.15
2024-11-23,108,2,히든페이스,메가박스,729,3962,0.184,257,1791,0.143
2024-11-23,108,2,히든페이스,씨네Q,55,252,0.218,20,111,0.18
2024-11-23,108,2,히든페이스,기타,129,898,0.144,89,653,0.136
2024-11-23,108,2,히든페이스,전체,3252,16693,0.195,1071,7175,0.149
2024-11-23,108,3,글래디에이터 Ⅱ,CGV,910,6980,0.13,304,2748,0.111
2024-11-23,108,3,글래디에이터 Ⅱ,롯데시네마,667,4601,0.145,226,1872,0.121
2024-11-23,108,3,글래디에이터 Ⅱ,메가박스,436,3962,0.11,183,1791,0.102
2024-11-23,108,3,글래디에이터 Ⅱ,씨네Q,36,252,0.143,14,111,0.126
2024-11-23,108,3,글래디에이터 Ⅱ,기타,154,898,0.171,105,653,0.161
2024-11-23,108,3,글래디에이터 Ⅱ,전체,2203,16693,0.132,832,7175,0.116
2024-11-23,108,4,청설,CGV,622,6980,0.089,256,2748,0.093
2024-11-23,108,4,청설,롯데시네마,465,4601,0.101,192,1872,0.103
2024-11-23,108,4,청설,메가박스,504,3962,0.127,202,1791,0.113
2024-11-23,108,4,청설,씨네Q,19,252,0.075,13,111,0.117
2024-11-23,108,4,청설,기타,42,898,0.047,31,653,0.047
2024-11-23,108,4,청설,전체,1652,16693,0.099,694,7175,0.097
2024-11-23,108,5,사흘,CGV,110,6980,0.016,87,2748,0.032
2024-11-23,108,5,사흘,롯데시네마,147,4601,0.032,114,1872,0.061
2024-11-23,108,5,사흘,메가박스,127,3962,0.032,104,1791,0.058
2024-11-23,108,5,사흘,씨네Q,8,252,0.032,8,111,0.072
2024-11-23,108,5,사흘,기타,66,898,0.073,52,653,0.08
2024-11-23,108,5,사흘,전체,458,16693,0.027,365,7175,0.051
2024-11-24,109,1,위키드,CGV,2633,6785,0.388,714,2727,0.262
2024-11-24,109,1,위키드,롯데시네마,1675,4385,0.382,500,1846,0.271
2024-11-24,109,1,위키드,메가박스,1421,3842,0.37,431,1749,0.246
2024-11-24,109,1,위키드,씨네Q,97,234,0.415,34,112,0.304
2024-11-24,109,1,위키드,기타,231,888,0.26,122,636,0.192
2024-11-24,109,1,위키드,전체,6057,16134,0.375,1801,7070,0.255
2024-11-24,109,2,히든페이스,CGV,1401,6785,0.206,422,2727,0.155
2024-11-24,109,2,히든페이스,롯데시네마,894,4385,0.204,285,1846,0.154
2024-11-24,109,2,히든페이스,메가박스,730,3842,0.19,242,1749,0.138
2024-11-24,109,2,히든페이스,씨네Q,50,234,0.214,22,112,0.196
2024-11-24,109,2,히든페이스,기타,128,888,0.144,90,636,0.142
2024-11-24,109,2,히든페이스,전체,3203,16134,0.199,1061,7070,0.15
2024-11-24,109,3,글래디에이터 Ⅱ,CGV,900,6785,0.133,314,2727,0.115
2024-11-24,109,3,글래디에이터 Ⅱ,롯데시네마,623,4385,0.142,223,1846,0.121
2024-11-24,109,3,글래디에이터 Ⅱ,메가박스,427,3842,0.111,173,1749,0.099
2024-11-24,109,3,글래디에이터 Ⅱ,씨네Q,34,234,0.145,13,112,0.116
2024-11-24,109,3,글래디에이터 Ⅱ,기타,162,888,0.182,102,636,0.16
2024-11-24,109,3,글래디에이터 Ⅱ,전체,2146,16134,0.133,825,7070,0.117
2024-11-24,109,4,청설,CGV,595,6785,0.088,261,2727,0.096
2024-11-24,109,4,청설,롯데시네마,463,4385,0.106,195,1846,0.106
2024-11-24,109,4,청설,메가박스,481,3842,0.125,204,1749,0.117
2024-11-24,109,4,청설,씨네Q,18,234,0.077,11,112,0.098
2024-11-24,109,4,청설,기타,41,888,0.046,30,636,0.047
2024-11-24,109,4,청설,전체,1598,16134,0.099,701,7070,0.099
2024-11-24,109,5,사흘,CGV,105,6785,0.015,85,2727,0.031
2024-11-24,109,5,사흘,롯데시네마,121,4385,0.028,100,1846,0.054
2024-11-24,109,5,사흘,메가박스,106,3842,0.028,85,1749,0.049
2024-11-24,109,5,사흘,씨네Q,5,234,0.021,5,112,0.045
2024-11-24,109,5,사흘,기타,62,888,0.07,52,636,0.082
2024-11-24,109,5,사흘,전체,399,16134,0.025,327,7070,0.046
2024-11-25,110,1,위키드,CGV,2296,6174,0.372,678,2526,0.268
2024-11-25,110,1,위키드,롯데시네마,1418,3795,0.374,478,1629,0.293
2024-11-25,110,1,위키드,메가박스,1139,3255,0.35,376,1513,0.249
2024-11-25,110,1,위키드,씨네Q,56,152,0.368,23,69,0.333
2024-11-25,110,1,위키드,기타,114,516,0.221,62,384,0.161
2024-11-25,110,1,위키드,전체,5023,13892,0.362,1617,6121,0.264
2024-11-25,110,2,히든페이스,CGV,1360,6174,0.22,394,2526,0.156
2024-11-25,110,2,히든페이스,롯데시네마,808,3795,0.213,241,1629,0.148
2024-11-25,110,2,히든페이스,메가박스,695,3255,0.214,216,1513,0.143
2024-11-25,110,2,히든페이스,씨네Q,38,152,0.25,11,69,0.159
2024-11-25,110,2,히든페이스,기타,76,516,0.147,51,384,0.133
2024-11-25,110,2,히든페이스,전체,2977,13892,0.214,913,6121,0.149
2024-11-25,110,3,글래디에이터 Ⅱ,CGV,839,6174,0.136,297,2526,0.118
2024-11-25,110,3,글래디에이터 Ⅱ,롯데시네마,600,3795,0.158,224,1629,0.138
2024-11-25,110,3,글래디에이터 Ⅱ,메가박스,379,3255,0.116,160,1513,0.106
2024-11-25,110,3,글래디에이터 Ⅱ,씨네Q,24,152,0.158,11,69,0.159
2024-11-25,110,3,글래디에이터 Ⅱ,기타,84,516,0.163,61,384,0.159
2024-11-25,110,3,글래디에이터 Ⅱ,전체,1926,13892,0.139,753,6121,0.123
2024-11-25,110,4,청설,CGV,572,6174,0.093,252,2526,0.1
2024-11-25,110,4,청설,롯데시네마,405,3795,0.107,183,1629,0.112
2024-11-25,110,4,청설,메가박스,399,3255,0.123,180,1513,0.119
2024-11-25,110,4,청설,씨네Q,14,152,0.092,6,69,0.087
2024-11-25,110,4,청설,기타,25,516,0.048,18,384,0.047
2024-11-25,110,4,청설,전체,1415,13892,0.102,639,6121,0.104
2024-11-25,110,5,사흘,CGV,85,6174,0.014,68,2526,0.027
2024-11-25,110,5,사흘,롯데시네마,134,3795,0.035,111,1629,0.068
2024-11-25,110,5,사흘,메가박스,83,3255,0.025,73,1513,0.048
2024-11-25,110,5,사흘,씨네Q,1,152,0.007,1,69,0.014
2024-11-25,110,5,사흘,기타,24,516,0.047,23,384,0.06
2024-11-25,110,5,사흘,전체,327,13892,0.024,276,6121,0.045
2024-11-26,111,1,위키드,CGV,2302,6196,0.372,678,2528,0.268
2024-11-26,111,1,위키드,롯데시네마,1412,3792,0.372,475,1636,0.29
2024-11-26,111,1,위키드,메가박스,1126,3226,0.349,379,1506,0.252
2024-11-26,111,1,위키드,씨네Q,56,173,0.324,22,87,0.253
2024-11-26,111,1,위키드,기타,124,612,0.203,69,449,0.154
2024-11-26,111,1,위키드,전체,5020,13999,0.359,1623,6206,0.262
2024-11-26,111,2,히든페이스,CGV,1367,6196,0.221,394,2528,0.156
2024-11-26,111,2,히든페이스,롯데시네마,808,3792,0.213,250,1636,0.153
2024-11-26,111,2,히든페이스,메가박스,704,3226,0.218,212,1506,0.141
2024-11-26,111,2,히든페이스,씨네Q,44,173,0.254,15,87,0.172
2024-11-26,111,2,히든페이스,기타,97,612,0.158,57,449,0.127
2024-11-26,111,2,히든페이스,전체,3020,13999,0.216,928,6206,0.15
2024-11-26,111,3,글래디에이터 Ⅱ,CGV,856,6196,0.138,304,2528,0.12
2024-11-26,111,3,글래디에이터 Ⅱ,롯데시네마,614,3792,0.162,227,1636,0.139
2024-11-26,111,3,글래디에이터 Ⅱ,메가박스,371,3226,0.115,167,1506,0.111
2024-11-26,111,3,글래디에이터 Ⅱ,씨네Q,27,173,0.156,14,87,0.161
2024-11-26,111,3,글래디에이터 Ⅱ,기타,98,612,0.16,68,449,0.151
2024-11-26,111,3,글래디에이터 Ⅱ,전체,1966,13999,0.14,780,6206,0.126
2024-11-26,111,4,청설,CGV,562,6196,0.091,251,2528,0.099
2024-11-26,111,4,청설,롯데시네마,405,3792,0.107,183,1636,0.112
2024-11-26,111,4,청설,메가박스,403,3226,0.125,185,1506,0.123
2024-11-26,111,4,청설,씨네Q,14,173,0.081,7,87,0.08
2024-11-26,111,4,청설,기타,28,612,0.046,20,449,0.045
2024-11-26,111,4,청설,전체,1412,13999,0.101,646,6206,0.104
2024-11-26,111,5,베놈: 라스트 댄스,CGV,130,6196,0.021,107,2528,0.042
2024-11-26,111,5,베놈: 라스트 댄스,롯데시네마,91,3792,0.024,76,1636,0.046
2024-11-26,111,5,베놈: 라스트 댄스,메가박스,92,3226,0.029,72,1506,0.048
2024-11-26,111,5,베놈: 라스트 댄스,씨네Q,6,173,0.035,6,87,0.069
2024-11-26,111,5,베놈: 라스트 댄스,기타,1,612,0.002,1,449,0.002
2024-11-26,111,5,베놈: 라스트 댄스,전체,320,13999,0.023,262,6206,0.042
2024-11-27,112,1,모아나 2,CGV,3186,7131,0.447,708,2590,0.273
2024-11-27,112,1,모아나 2,롯데시네마,1950,4320,0.451,509,1714,0.297
2024-11-27,112,1,모아나 2,메가박스,1752,3872,0.452,415,1585,0.262
2024-11-27,112,1,모아나 2,씨네Q,102,227,0.449,31,94,0.33
2024-11-27,112,1,모아나 2,기타,266,850,0.313,116,600,0.193
2024-11-27,112,1,모아나 2,전체,7256,16400,0.442,1779,6583,0.27
2024-11-27,112,2,위키드,CGV,1319,7131,0.185,465,2590,0.18
2024-11-27,112,2,위키드,롯데시네마,925,4320,0.214,350,1714,0.204
2024-11-27,112,2,위키드,메가박스,633,3872,0.163,259,1585,0.163
2024-11-27,112,2,위키드,씨네Q,39,227,0.172,16,94,0.17
2024-11-27,112,2,위키드,기타,118,850,0.139,89,600,0.148
2024-11-27,112,2,위키드,전체,3034,16400,0.185,1179,6583,0.179
2024-11-27,112,3,히든페이스,CGV,1068,7131,0.15,358,2590,0.138
2024-11-27,112,3,히든페이스,롯데시네마,624,4320,0.144,262,1714,0.153
2024-11-27,112,3,히든페이스,메가박스,553,3872,0.143,208,1585,0.131
2024-11-27,112,3,히든페이스,씨네Q,35,227,0.154,13,94,0.138
2024-11-27,112,3,히든페이스,기타,94,850,0.111,61,600,0.102
2024-11-27,112,3,히든페이스,전체,2374,16400,0.145,902,6583,0.137
2024-11-27,112,4,글래디에이터 Ⅱ,CGV,459,7131,0.064,263,2590,0.102
2024-11-27,112,4,글래디에이터 Ⅱ,롯데시네마,320,4320,0.074,189,1714,0.11
2024-11-27,112,4,글래디에이터 Ⅱ,메가박스,239,3872,0.062,147,1585,0.093
2024-11-27,112,4,글래디에이터 Ⅱ,씨네Q,25,227,0.11,12,94,0.128
2024-11-27,112,4,글래디에이터 Ⅱ,기타,79,850,0.093,70,600,0.117
2024-11-27,112,4,글래디에이터 Ⅱ,전체,1122,16400,0.068,681,6583,0.103
2024-11-27,112,5,청설,CGV,296,7131,0.042,204,2590,0.079
2024-11-27,112,5,청설,롯데시네마,152,4320,0.035,112,1714,0.065
2024-11-27,112,5,청설,메가박스,208,3872,0.054,138,1585,0.087
2024-11-27,112,5,청설,씨네Q,8,227,0.035,4,94,0.043
2024-11-27,112,5,청설,기타,16,850,0.019,15,600,0.025
2024-11-27,112,5,청설,전체,680,16400,0.041,473,6583,0.072
2024-11-28,113,1,모아나 2,CGV,3062,7034,0.435,658,2534,0.26
2024-11-28,113,1,모아나 2,롯데시네마,1819,4276,0.425,435,1652,0.263
2024-11-28,113,1,모아나 2,메가박스,1611,3687,0.437,390,1511,0.258
2024-11-28,113,1,모아나 2,씨네Q,95,213,0.446,26,84,0.31
2024-11-28,113,1,모아나 2,기타,249,817,0.305,122,601,0.203
2024-11-28,113,1,모아나 2,전체,6836,16027,0.427,1631,6382,0.256
2024-11-28,113,2,위키드,CGV,1300,7034,0.185,442,2534,0.174
2024-11-28,113,2,위키드,롯데시네마,912,4276,0.213,331,1652,0.2
2024-11-28,113,2,위키드,메가박스,629,3687,0.171,247,1511,0.163
2024-11-28,113,2,위키드,씨네Q,40,213,0.188,18,84,0.214
2024-11-28,113,2,위키드,기타,116,817,0.142,88,601,0.146
2024-11-28,113,2,위키드,전체,2997,16027,0.187,1126,6382,0.176
2024-11-28,113,3,히든페이스,CGV,1072,7034,0.152,346,2534,0.137
2024-11-28,113,3,히든페이스,롯데시네마,676,4276,0.158,261,1652,0.158
2024-11-28,113,3,히든페이스,메가박스,566,3687,0.154,194,1511,0.128
2024-11-28,113,3,히든페이스,씨네Q,40,213,0.188,14,84,0.167
2024-11-28,113,3,히든페이스,기타,100,817,0.122,71,601,0.118
2024-11-28,113,3,히든페이스,전체,2454,16027,0.153,886,6382,0.139
2024-11-28,113,4,글래디에이터 Ⅱ,CGV,428,7034,0.061,243,2534,0.096
2024-11-28,113,4,글래디에이터 Ⅱ,롯데시네마,336,4276,0.079,184,1652,0.111
2024-11-28,113,4,글래디에이터 Ⅱ,메가박스,233,3687,0.063,139,1511,0.092
2024-11-28,113,4,글래디에이터 Ⅱ,씨네Q,20,213,0.094,10,84,0.119
2024-11-28,113,4,글래디에이터 Ⅱ,기타,70,817,0.086,59,601,0.098
2024-11-28,113,4,글래디에이터 Ⅱ,전체,1087,16027,0.068,635,6382,0.099
2024-11-28,113,5,청설,CGV,256,7034,0.036,184,2534,0.073
2024-11-28,113,5,청설,롯데시네마,151,4276,0.035,110,1652,0.067
2024-11-28,113,5,청설,메가박스,196,3687,0.053,140,1511,0.093
2024-11-28,113,5,청설,씨네Q,9,213,0.042,7,84,0.083
2024-11-28,113,5,청설,기타,14,817,0.017,14,601,0.023
2024-11-28,113,5,청설,전체,626,16027,0.039,455,6382,0.071
2024-11-29,114,1,모아나 2,CGV,3314,7346,0.451,704,2582,0.273
2024-11-29,114,1,모아나 2,롯데시네마,1995,4673,0.427,460,1733,0.265
2024-11-29,114,1,모아나 2,메가박스,1685,3935,0.428,410,1623,0.253
2024-11-29,114,1,모아나 2,씨네Q,120,247,0.486,28,88,0.318
2024-11-29,114,1,모아나 2,기타,280,813,0.344,126,548,0.23
2024-11-29,114,1,모아나 2,전체,7394,17014,0.435,1728,6574,0.263
2024-11-29,114,2,위키드,CGV,1379,7346,0.188,452,2582,0.175
2024-11-29,114,2,위키드,롯데시네마,1002,4673,0.214,346,1733,0.2
2024-11-29,114,2,위키드,메가박스,678,3935,0.172,271,1623,0.167
2024-11-29,114,2,위키드,씨네Q,49,247,0.198,20,88,0.227
2024-11-29,114,2,위키드,기타,120,813,0.148,86,548,0.157
2024-11-29,114,2,위키드,전체,3228,17014,0.19,1175,6574,0.179
2024-11-29,114,3,히든페이스,CGV,1127,7346,0.153,351,2582,0.136
2024-11-29,114,3,히든페이스,롯데시네마,745,4673,0.159,282,1733,0.163
2024-11-29,114,3,히든페이스,메가박스,625,3935,0.159,220,1623,0.136
2024-11-29,114,3,히든페이스,씨네Q,41,247,0.166,14,88,0.159
2024-11-29,114,3,히든페이스,기타,95,813,0.117,60,548,0.109
2024-11-29,114,3,히든페이스,전체,2633,17014,0.155,927,6574,0.141
2024-11-29,114,4,글래디에이터 Ⅱ,CGV,422,7346,0.057,260,2582,0.101
2024-11-29,114,4,글래디에이터 Ⅱ,롯데시네마,356,4673,0.076,176,1733,0.102
2024-11-29,114,4,글래디에이터 Ⅱ,메가박스,236,3935,0.06,149,1623,0.092
2024-11-29,114,4,글래디에이터 Ⅱ,씨네Q,20,247,0.081,9,88,0.102
2024-11-29,114,4,글래디에이터 Ⅱ,기타,76,813,0.093,62,548,0.113
2024-11-29,114,4,글래디에이터 Ⅱ,전체,1110,17014,0.065,656,6574,0.1
2024-11-29,114,5,청설,CGV,253,7346,0.034,180,2582,0.07
2024-11-29,114,5,청설,롯데시네마,161,4673,0.034,114,1733,0.066
2024-11-29,114,5,청설,메가박스,218,3935,0.055,140,1623,0.086
2024-11-29,114,5,청설,씨네Q,10,247,0.04,10,88,0.114
2024-11-29,114,5,청설,기타,19,813,0.023,18,548,0.033
2024-11-29,114,5,청설,전체,661,17014,0.039,462,6574,0.07
2024-11-30,115,1,모아나 2,CGV,3990,7867,0.507,793,2662,0.298
2024-11-30,115,1,모아나 2,롯데시네마,2612,5126,0.51,544,1735,0.314
2024-11-30,115,1,모아나 2,메가박스,2209,4436,0.498,468,1632,0.287
2024-11-30,115,1,모아나 2,씨네Q,170,299,0.569,37,102,0.363
2024-11-30,115,1,모아나 2,기타,371,990,0.375,132,612,0.216
2024-11-30,115,1,모아나 2,전체,9352,18718,0.5,1974,6743,0.293
2024-11-30,115,2,위키드,CGV,1358,7867,0.173,438,2662,0.165
2024-11-30,115,2,위키드,롯데시네마,952,5126,0.186,329,1735,0.19
2024-11-30,115,2,위키드,메가박스,721,4436,0.163,269,1632,0.165
2024-11-30,115,2,위키드,씨네Q,55,299,0.184,24,102,0.235
2024-11-30,115,2,위키드,기타,151,990,0.153,101,612,0.165
2024-11-30,115,2,위키드,전체,3237,18718,0.173,1161,6743,0.172
2024-11-30,115,3,히든페이스,CGV,1065,7867,0.135,355,2662,0.133
2024-11-30,115,3,히든페이스,롯데시네마,750,5126,0.146,246,1735,0.142
2024-11-30,115,3,히든페이스,메가박스,617,4436,0.139,210,1632,0.129
2024-11-30,115,3,히든페이스,씨네Q,39,299,0.13,13,102,0.127
2024-11-30,115,3,히든페이스,기타,124,990,0.125,74,612,0.121
2024-11-30,115,3,히든페이스,전체,2595,18718,0.139,898,6743,0.133
2024-11-30,115,4,글래디에이터 Ⅱ,CGV,363,7867,0.046,236,2662,0.089
2024-11-30,115,4,글래디에이터 Ⅱ,롯데시네마,281,5126,0.055,169,1735,0.097
2024-11-30,115,4,글래디에이터 Ⅱ,메가박스,220,4436,0.05,137,1632,0.084
2024-11-30,115,4,글래디에이터 Ⅱ,씨네Q,17,299,0.057,12,102,0.118
2024-11-30,115,4,글래디에이터 Ⅱ,기타,86,990,0.087,71,612,0.116
2024-11-30,115,4,글래디에이터 Ⅱ,전체,967,18718,0.052,625,6743,0.093
2024-11-30,115,5,청설,CGV,233,7867,0.03,168,2662,0.063
2024-11-30,115,5,청설,롯데시네마,143,5126,0.028,101,1735,0.058
2024-11-30,115,5,청설,메가박스,191,4436,0.043,123,1632,0.075
2024-11-30,115,5,청설,씨네Q,11,299,0.037,10,102,0.098
2024-11-30,115,5,청설,기타,16,990,0.016,14,612,0.023
2024-11-30,115,5,청설,전체,594,18718,0.032,416,6743,0.062
2024-12-01,116,1,모아나 2,CGV,3881,7641,0.508,790,2608,0.303
2024-12-01,116,1,모아나 2,롯데시네마,2487,4821,0.516,541,1658,0.326
2024-12-01,116,1,모아나 2,메가박스,2165,4283,0.505,487,1625,0.3
2024-12-01,116,1,모아나 2,씨네Q,153,279,0.548,34,92,0.37
2024-12-01,116,1,모아나 2,기타,382,993,0.385,133,611,0.218
2024-12-01,116,1,모아나 2,전체,9068,18017,0.503,1985,6594,0.301
2024-12-01,116,2,위키드,CGV,1331,7641,0.174,436,2608,0.167
2024-12-01,116,2,위키드,롯데시네마,902,4821,0.187,318,1658,0.192
2024-12-01,116,2,위키드,메가박스,707,4283,0.165,267,1625,0.164
2024-12-01,116,2,위키드,씨네Q,49,279,0.176,20,92,0.217
2024-12-01,116,2,위키드,기타,161,993,0.162,110,611,0.18
2024-12-01,116,2,위키드,전체,3150,18017,0.175,1151,6594,0.175
2024-12-01,116,3,히든페이스,CGV,1043,7641,0.137,347,2608,0.133
2024-12-01,116,3,히든페이스,롯데시네마,705,4821,0.146,247,1658,0.149
2024-12-01,116,3,히든페이스,메가박스,574,4283,0.134,211,1625,0.13
2024-12-01,116,3,히든페이스,씨네Q,40,279,0.143,11,92,0.12
2024-12-01,116,3,히든페이스,기타,111,993,0.112,73,611,0.119
2024-12-01,116,3,히든페이스,전체,2473,18017,0.137,889,6594,0.135
2024-12-01,116,4,글래디에이터 Ⅱ,CGV,368,7641,0.048,239,2608,0.092
2024-12-01,116,4,글래디에이터 Ⅱ,롯데시네마,270,4821,0.056,167,1658,0.101
2024-12-01,116,4,글래디에이터 Ⅱ,메가박스,196,4283,0.046,125,1625,0.077
2024-12-01,116,4,글래디에이터 Ⅱ,씨네Q,18,279,0.065,11,92,0.12
2024-12-01,116,4,글래디에이터 Ⅱ,기타,82,993,0.083,67,611,0.11
2024-12-01,116,4,글래디에이터 Ⅱ,전체,934,18017,0.052,609,6594,0.092
2024-12-01,116,5,청설,CGV,216,7641,0.028,160,2608,0.061
2024-12-01,116,5,청설,롯데시네마,124,4821,0.026,93,1658,0.056
2024-12-01,116,5,청설,메가박스,181,4283,0.042,119,1625,0.073
2024-12-01,116,5,청설,씨네Q,11,279,0.039,9,92,0.098
2024-12-01,116,5,청설,기타,16,993,0.016,14,611,0.023
2024-12-01,116,5,청설,전체,548,18017,0.03,395,6594,0.06
2024-12-02,117,1,모아나 2,CGV,2703,6746,0.401,615,2455,0.251
2024-12-02,117,1,모아나 2,롯데시네마,1633,3968,0.412,419,1530,0.274
2024-12-02,117,1,모아나 2,메가박스,1409,3433,0.41,372,1451,0.256
2024-12-02,117,1,모아나 2,씨네Q,90,182,0.495,26,65,0.4
2024-12-02,117,1,모아나 2,기타,171,540,0.317,72,367,0.196
2024-12-02,117,1,모아나 2,전체,6006,14869,0.404,1504,5868,0.256
2024-12-02,117,2,위키드,CGV,1340,6746,0.199,448,2455,0.182
2024-12-02,117,2,위키드,롯데시네마,850,3968,0.214,314,1530,0.205
2024-12-02,117,2,위키드,메가박스,623,3433,0.181,243,1451,0.167
2024-12-02,117,2,위키드,씨네Q,36,182,0.198,15,65,0.231
2024-12-02,117,2,위키드,기타,74,540,0.137,53,367,0.144
2024-12-02,117,2,위키드,전체,2923,14869,0.197,1073,5868,0.183
2024-12-02,117,3,히든페이스,CGV,1253,6746,0.186,366,2455,0.149
2024-12-02,117,3,히든페이스,롯데시네마,695,3968,0.175,229,1530,0.15
2024-12-02,117,3,히든페이스,메가박스,585,3433,0.17,196,1451,0.135
2024-12-02,117,3,히든페이스,씨네Q,37,182,0.203,13,65,0.2
2024-12-02,117,3,히든페이스,기타,69,540,0.128,46,367,0.125
2024-12-02,117,3,히든페이스,전체,2639,14869,0.177,850,5868,0.145
2024-12-02,117,4,글래디에이터 Ⅱ,CGV,445,6746,0.066,249,2455,0.101
2024-12-02,117,4,글래디에이터 Ⅱ,롯데시네마,321,3968,0.081,170,1530,0.111
2024-12-02,117,4,글래디에이터 Ⅱ,메가박스,214,3433,0.062,137,1451,0.094
2024-12-02,117,4,글래디에이터 Ⅱ,씨네Q,14,182,0.077,6,65,0.092
2024-12-02,117,4,글래디에이터 Ⅱ,기타,41,540,0.076,33,367,0.09
2024-12-02,117,4,글래디에이터 Ⅱ,전체,1035,14869,0.07,595,5868,0.101
2024-12-02,117,5,청설,CGV,262,6746,0.039,187,2455,0.076
2024-12-02,117,5,청설,롯데시네마,140,3968,0.035,109,1530,0.071
2024-12-02,117,5,청설,메가박스,163,3433,0.047,120,1451,0.083
2024-12-02,117,5,청설,씨네Q,3,182,0.016,3,65,0.046
2024-12-02,117,5,청설,기타,8,540,0.015,8,367,0.022
2024-12-02,117,5,청설,전체,576,14869,0.039,427,5868,0.073
2024-12-03,118,1,모아나 2,CGV,2695,6707,0.402,605,2419,0.25
2024-12-03,118,1,모아나 2,롯데시네마,1574,3877,0.406,431,1527,0.282
2024-12-03,118,1,모아나 2,메가박스,1328,3399,0.391,383,1515,0.253
2024-12-03,118,1,모아나 2,씨네Q,71,169,0.42,25,71,0.352
2024-12-03,118,1,모아나 2,기타,209,683,0.306,91,467,0.195
2024-12-03,118,1,모아나 2,전체,5877,14835,0.396,1535,5999,0.256
2024-12-03,118,2,위키드,CGV,1329,6707,0.198,452,2419,0.187
2024-12-03,118,2,위키드,롯데시네마,845,3877,0.218,304,1527,0.199
2024-12-03,118,2,위키드,메가박스,640,3399,0.188,268,1515,0.177
2024-12-03,118,2,위키드,씨네Q,38,169,0.225,16,71,0.225
2024-12-03,118,2,위키드,기타,95,683,0.139,62,467,0.133
2024-12-03,118,2,위키드,전체,2947,14835,0.199,1102,5999,0.184
2024-12-03,118,3,히든페이스,CGV,1256,6707,0.187,365,2419,0.151
2024-12-03,118,3,히든페이스,롯데시네마,697,3877,0.18,235,1527,0.154
2024-12-03,118,3,히든페이스,메가박스,590,3399,0.174,202,1515,0.133
2024-12-03,118,3,히든페이스,씨네Q,34,169,0.201,13,71,0.183
2024-12-03,118,3,히든페이스,기타,89,683,0.13,62,467,0.133
2024-12-03,118,3,히든페이스,전체,2666,14835,0.18,877,5999,0.146
2024-12-03,118,4,글래디에이터 Ⅱ,CGV,445,6707,0.066,241,2419,0.1
2024-12-03,118,4,글래디에이터 Ⅱ,롯데시네마,313,3877,0.081,172,1527,0.113
2024-12-03,118,4,글래디에이터 Ⅱ,메가박스,216,3399,0.064,141,1515,0.093
2024-12-03,118,4,글래디에이터 Ⅱ,씨네Q,16,169,0.095,7,71,0.099
2024-12-03,118,4,글래디에이터 Ⅱ,기타,52,683,0.076,43,467,0.092
2024-12-03,118,4,글래디에이터 Ⅱ,전체,1042,14835,0.07,604,5999,0.101
2024-12-03,118,5,청설,CGV,251,6707,0.037,182,2419,0.075
2024-12-03,118,5,청설,롯데시네마,131,3877,0.034,104,1527,0.068
2024-12-03,118,5,청설,메가박스,176,3399,0.052,118,1515,0.078
2024-12-03,118,5,청설,씨네Q,6,169,0.036,6,71,0.085
2024-12-03,118,5,청설,기타,9,683,0.013,7,467,0.015
2024-12-03,118,5,청설,전체,573,14835,0.039,417,5999,0.07
2024-12-04,119,1,모아나 2,CGV,1599,7361,0.217,428,2710,0.158
2024-12-04,119,1,모아나 2,롯데시네마,1071,4233,0.253,317,1672,0.19
2024-12-04,119,1,모아나 2,메가박스,917,3799,0.241,295,1555,0.19
2024-12-04,119,1,모아나 2,씨네Q,63,212,0.297,23,94,0.245
2024-12-04,119,1,모아나 2,기타,196,835,0.235,108,572,0.189
2024-12-04,119,1,모아나 2,전체,3846,16440,0.234,1171,6603,0.177
2024-12-04,119,2,소방관,CGV,1400,7361,0.19,385,2710,0.142
2024-12-04,119,2,소방관,롯데시네마,808,4233,0.191,231,1672,0.138
2024-12-04,119,2,소방관,메가박스,892,3799,0.235,246,1555,0.158
2024-12-04,119,2,소방관,씨네Q,45,212,0.212,17,94,0.181
2024-12-04,119,2,소방관,기타,190,835,0.228,104,572,0.182
2024-12-04,119,2,소방관,전체,3335,16440,0.203,983,6603,0.149
2024-12-04,119,3,1승,CGV,1488,7361,0.202,419,2710,0.155
2024-12-04,119,3,1승,롯데시네마,785,4233,0.185,236,1672,0.141
2024-12-04,119,3,1승,메가박스,767,3799,0.202,225,1555,0.145
2024-12-04,119,3,1승,씨네Q,40,212,0.189,18,94,0.191
2024-12-04,119,3,1승,기타,147,835,0.176,97,572,0.17
2024-12-04,119,3,1승,전체,3227,16440,0.196,995,6603,0.151
2024-12-04,119,4,위키드,CGV,788,7361,0.107,315,2710,0.116
2024-12-04,119,4,위키드,롯데시네마,600,4233,0.142,273,1672,0.163
2024-12-04,119,4,위키드,메가박스,406,3799,0.107,218,1555,0.14
2024-12-04,119,4,위키드,씨네Q,22,212,0.104,11,94,0.117
2024-12-04,119,4,위키드,기타,45,835,0.054,36,572,0.063
2024-12-04,119,4,위키드,전체,1861,16440,0.113,853,6603,0.129
2024-12-04,119,5,히든페이스,CGV,819,7361,0.111,306,2710,0.113
2024-12-04,119,5,히든페이스,롯데시네마,499,4233,0.118,217,1672,0.13
2024-12-04,119,5,히든페이스,메가박스,393,3799,0.103,169,1555,0.109
2024-12-04,119,5,히든페이스,씨네Q,27,212,0.127,12,94,0.128
2024-12-04,119,5,히든페이스,기타,31,835,0.037,26,572,0.045
2024-12-04,119,5,히든페이스,전체,1769,16440,0.108,730,6603,0.111
2024-12-05,120,1,모아나 2,CGV,1575,7280,0.216,431,2770,0.156
2024-12-05,120,1,모아나 2,롯데시네마,1059,4226,0.251,329,1668,0.197
2024-12-05,120,1,모아나 2,메가박스,891,3759,0.237,289,1547,0.187
2024-12-05,120,1,모아나 2,씨네Q,63,215,0.293,22,91,0.242
2024-12-05,120,1,모아나 2,기타,200,859,0.233,102,573,0.178
2024-12-05,120,1,모아나 2,전체,3788,16339,0.232,1173,6649,0.176
2024-12-05,120,2,소방관,CGV,1435,7280,0.197,419,2770,0.151
2024-12-05,120,2,소방관,롯데시네마,837,4226,0.198,244,1668,0.146
2024-12-05,120,2,소방관,메가박스,929,3759,0.247,256,1547,0.165
2024-12-05,120,2,소방관,씨네Q,52,215,0.242,19,91,0.209
2024-12-05,120,2,소방관,기타,182,859,0.212,98,573,0.171
2024-12-05,120,2,소방관,전체,3435,16339,0.21,1036,6649,0.156
2024-12-05,120,3,1승,CGV,1379,7280,0.189,398,2770,0.144
2024-12-05,120,3,1승,롯데시네마,767,4226,0.181,247,1668,0.148
2024-12-05,120,3,1승,메가박스,704,3759,0.187,221,1547,0.143
2024-12-05,120,3,1승,씨네Q,31,215,0.144,13,91,0.143
2024-12-05,120,3,1승,기타,155,859,0.18,99,573,0.173
2024-12-05,120,3,1승,전체,3036,16339,0.186,978,6649,0.147
2024-12-05,120,4,위키드,CGV,782,7280,0.107,327,2770,0.118
2024-12-05,120,4,위키드,롯데시네마,628,4226,0.149,278,1668,0.167
2024-12-05,120,4,위키드,메가박스,412,3759,0.11,209,1547,0.135
2024-12-05,120,4,위키드,씨네Q,27,215,0.126,12,91,0.132
2024-12-05,120,4,위키드,기타,48,859,0.056,38,573,0.066
2024-12-05,120,4,위키드,전체,1897,16339,0.116,864,6649,0.13
2024-12-05,120,5,히든페이스,CGV,809,7280,0.111,304,2770,0.11
2024-12-05,120,5,히든페이스,롯데시네마,509,4226,0.12,218,1668,0.131
2024-12-05,120,5,히든페이스,메가박스,391,3759,0.104,164,1547,0.106
2024-12-05,120,5,히든페이스,씨네Q,26,215,0.121,10,91,0.11
2024-12-05,120,5,히든페이스,기타,28,859,0.033,21,573,0.037
2024-12-05,120,5,히든페이스,전체,1763,16339,0.108,717,6649,0.108
2024-12-06,121,1,모아나 2,CGV,1765,7493,0.236,467,2758,0.169
2024-12-06,121,1,모아나 2,롯데시네마,1198,4577,0.262,344,1756,0.196
2024-12-06,121,1,모아나 2,메가박스,1003,3962,0.253,303,1580,0.192
2024-12-06,121,1,모아나 2,씨네Q,63,231,0.273,22,88,0.25
2024-12-06,121,1,모아나 2,기타,232,898,0.258,119,608,0.196
2024-12-06,121,1,모아나 2,전체,4261,17161,0.248,1255,6790,0.185
2024-12-06,121,2,소방관,CGV,1690,7493,0.226,479,2758,0.174
2024-12-06,121,2,소방관,롯데시네마,987,4577,0.216,318,1756,0.181
2024-12-06,121,2,소방관,메가박스,970,3962,0.245,262,1580,0.166
2024-12-06,121,2,소방관,씨네Q,64,231,0.277,17,88,0.193
2024-12-06,121,2,소방관,기타,205,898,0.228,112,608,0.184
2024-12-06,121,2,소방관,전체,3916,17161,0.228,1188,6790,0.175
2024-12-06,121,3,1승,CGV,1195,7493,0.159,325,2758,0.118
2024-12-06,121,3,1승,롯데시네마,777,4577,0.17,238,1756,0.136
2024-12-06,121,3,1승,메가박스,685,3962,0.173,201,1580,0.127
2024-12-06,121,3,1승,씨네Q,27,231,0.117,11,88,0.125
2024-12-06,121,3,1승,기타,146,898,0.163,101,608,0.166
2024-12-06,121,3,1승,전체,2830,17161,0.165,876,6790,0.129
2024-12-06,121,4,위키드,CGV,823,7493,0.11,329,2758,0.119
2024-12-06,121,4,위키드,롯데시네마,657,4577,0.144,278,1756,0.158
2024-12-06,121,4,위키드,메가박스,445,3962,0.112,206,1580,0.13
2024-12-06,121,4,위키드,씨네Q,33,231,0.143,15,88,0.17
2024-12-06,121,4,위키드,기타,50,898,0.056,42,608,0.069
2024-12-06,121,4,위키드,전체,2008,17161,0.117,870,6790,0.128
2024-12-06,121,5,히든페이스,CGV,819,7493,0.109,316,2758,0.115
2024-12-06,121,5,히든페이스,롯데시네마,531,4577,0.116,223,1756,0.127
2024-12-06,121,5,히든페이스,메가박스,397,3962,0.1,174,1580,0.11
2024-12-06,121,5,히든페이스,씨네Q,30,231,0.13,10,88,0.114
2024-12-06,121,5,히든페이스,기타,27,898,0.03,22,608,0.036
2024-12-06,121,5,히든페이스,전체,1804,17161,0.105,745,6790,0.11
2024-12-07,122,1,모아나 2,CGV,2822,8115,0.348,658,2927,0.225
2024-12-07,122,1,모아나 2,롯데시네마,1952,5140,0.38,481,1877,0.256
2024-12-07,122,1,모아나 2,메가박스,1596,4504,0.354,408,1721,0.237
2024-12-07,122,1,모아나 2,씨네Q,117,301,0.389,29,112,0.259
2024-12-07,122,1,모아나 2,기타,290,1008,0.288,119,617,0.193
2024-12-07,122,1,모아나 2,전체,6777,19068,0.355,1695,7254,0.234
2024-12-07,122,2,소방관,CGV,1720,8115,0.212,516,2927,0.176
2024-12-07,122,2,소방관,롯데시네마,1153,5140,0.224,395,1877,0.21
2024-12-07,122,2,소방관,메가박스,1065,4504,0.236,320,1721,0.186
2024-12-07,122,2,소방관,씨네Q,71,301,0.236,22,112,0.196
2024-12-07,122,2,소방관,기타,242,1008,0.24,124,617,0.201
2024-12-07,122,2,소방관,전체,4251,19068,0.223,1377,7254,0.19
2024-12-07,122,3,1승,CGV,1005,8115,0.124,286,2927,0.098
2024-12-07,122,3,1승,롯데시네마,565,5140,0.11,224,1877,0.119
2024-12-07,122,3,1승,메가박스,615,4504,0.137,182,1721,0.106
2024-12-07,122,3,1승,씨네Q,27,301,0.09,13,112,0.116
2024-12-07,122,3,1승,기타,166,1008,0.165,107,617,0.173
2024-12-07,122,3,1승,전체,2378,19068,0.125,812,7254,0.112
2024-12-07,122,4,위키드,CGV,825,8115,0.102,347,2927,0.119
2024-12-07,122,4,위키드,롯데시네마,737,5140,0.143,299,1877,0.159
2024-12-07,122,4,위키드,메가박스,449,4504,0.1,222,1721,0.129
2024-12-07,122,4,위키드,씨네Q,37,301,0.123,16,112,0.143
2024-12-07,122,4,위키드,기타,58,1008,0.058,49,617,0.079
2024-12-07,122,4,위키드,전체,2106,19068,0.11,933,7254,0.129
2024-12-07,122,5,히든페이스,CGV,605,8115,0.075,293,2927,0.1
2024-12-07,122,5,히든페이스,롯데시네마,419,5140,0.082,206,1877,0.11
2024-12-07,122,5,히든페이스,메가박스,336,4504,0.075,168,1721,0.098
2024-12-07,122,5,히든페이스,씨네Q,28,301,0.093,11,112,0.098
2024-12-07,122,5,히든페이스,기타,33,1008,0.033,28,617,0.045
2024-12-07,122,5,히든페이스,전체,1421,19068,0.075,706,7254,0.097
2024-12-08,123,1,모아나 2,CGV,2699,7859,0.343,637,2829,0.225
2024-12-08,123,1,모아나 2,롯데시네마,1842,4941,0.373,463,1815,0.255
2024-12-08,123,1,모아나 2,메가박스,1518,4396,0.345,411,1774,0.232
2024-12-08,123,1,모아나 2,씨네Q,108,290,0.372,27,112,0.241
2024-12-08,123,1,모아나 2,기타,287,1018,0.282,118,633,0.186
2024-12-08,123,1,모아나 2,전체,6454,18504,0.349,1656,7163,0.231
2024-12-08,123,2,소방관,CGV,1788,7859,0.228,532,2829,0.188
2024-12-08,123,2,소방관,롯데시네마,1164,4941,0.236,393,1815,0.217
2024-12-08,123,2,소방관,메가박스,1092,4396,0.248,338,1774,0.191
2024-12-08,123,2,소방관,씨네Q,71,290,0.245,23,112,0.205
2024-12-08,123,2,소방관,기타,242,1018,0.238,128,633,0.202
2024-12-08,123,2,소방관,전체,4357,18504,0.235,1414,7163,0.197
2024-12-08,123,3,1승,CGV,939,7859,0.119,275,2829,0.097
2024-12-08,123,3,1승,롯데시네마,531,4941,0.107,214,1815,0.118
2024-12-08,123,3,1승,메가박스,558,4396,0.127,194,1774,0.109
2024-12-08,123,3,1승,씨네Q,25,290,0.086,14,112,0.125
2024-12-08,123,3,1승,기타,170,1018,0.167,104,633,0.164
2024-12-08,123,3,1승,전체,2223,18504,0.12,801,7163,0.112
2024-12-08,123,4,위키드,CGV,818,7859,0.104,344,2829,0.122
2024-12-08,123,4,위키드,롯데시네마,695,4941,0.141,287,1815,0.158
2024-12-08,123,4,위키드,메가박스,445,4396,0.101,233,1774,0.131
2024-12-08,123,4,위키드,씨네Q,38,290,0.131,16,112,0.143
2024-12-08,123,4,위키드,기타,60,1018,0.059,52,633,0.082
2024-12-08,123,4,위키드,전체,2056,18504,0.111,932,7163,0.13
2024-12-08,123,5,히든페이스,CGV,580,7859,0.074,273,2829,0.097
2024-12-08,123,5,히든페이스,롯데시네마,401,4941,0.081,199,1815,0.11
2024-12-08,123,5,히든페이스,메가박스,326,4396,0.074,162,1774,0.091
2024-12-08,123,5,히든페이스,씨네Q,29,290,0.1,13,112,0.116
2024-12-08,123,5,히든페이스,기타,30,1018,0.029,26,633,0.041
2024-12-08,123,5,히든페이스,전체,1366,18504,0.074,673,7163,0.094
2024-12-09,124,1,소방관,CGV,1876,6829,0.275,470,2536,0.185
2024-12-09,124,1,소방관,롯데시네마,1035,3990,0.259,332,1660,0.2
2024-12-09,124,1,소방관,메가박스,1088,3562,0.305,292,1476,0.198
2024-12-09,124,1,소방관,씨네Q,59,171,0.345,19,79,0.241
2024-12-09,124,1,소방관,기타,135,542,0.249,70,379,0.185
2024-12-09,124,1,소방관,전체,4193,15094,0.278,1183,6130,0.193
2024-12-09,124,2,모아나 2,CGV,1445,6829,0.212,398,2536,0.157
2024-12-09,124,2,모아나 2,롯데시네마,998,3990,0.25,321,1660,0.193
2024-12-09,124,2,모아나 2,메가박스,829,3562,0.233,281,1476,0.19
2024-12-09,124,2,모아나 2,씨네Q,41,171,0.24,17,79,0.215
2024-12-09,124,2,모아나 2,기타,107,542,0.197,60,379,0.158
2024-12-09,124,2,모아나 2,전체,3420,15094,0.227,1077,6130,0.176
2024-12-09,124,3,1승,CGV,954,6829,0.14,311,2536,0.123
2024-12-09,124,3,1승,롯데시네마,526,3990,0.132,196,1660,0.118
2024-12-09,124,3,1승,메가박스,466,3562,0.131,168,1476,0.114
2024-12-09,124,3,1승,씨네Q,17,171,0.099,11,79,0.139
2024-12-09,124,3,1승,기타,81,542,0.149,61,379,0.161
2024-12-09,124,3,1승,전체,2044,15094,0.135,747,6130,0.122
2024-12-09,124,4,위키드,CGV,810,6829,0.119,327,2536,0.129
2024-12-09,124,4,위키드,롯데시네마,601,3990,0.151,281,1660,0.169
2024-12-09,124,4,위키드,메가박스,427,3562,0.12,218,1476,0.148
2024-12-09,124,4,위키드,씨네Q,23,171,0.135,11,79,0.139
2024-12-09,124,4,위키드,기타,32,542,0.059,26,379,0.069
2024-12-09,124,4,위키드,전체,1893,15094,0.125,863,6130,0.141
2024-12-09,124,5,히든페이스,CGV,736,6829,0.108,280,2536,0.11
2024-12-09,124,5,히든페이스,롯데시네마,452,3990,0.113,212,1660,0.128
2024-12-09,124,5,히든페이스,메가박스,370,3562,0.104,157,1476,0.106
2024-12-09,124,5,히든페이스,씨네Q,19,171,0.111,9,79,0.114
2024-12-09,124,5,히든페이스,기타,19,542,0.035,14,379,0.037
2024-12-09,124,5,히든페이스,전체,1596,15094,0.106,672,6130,0.11
2024-12-10,125,1,소방관,CGV,1899,6856,0.277,491,2578,0.19
2024-12-10,125,1,소방관,롯데시네마,1141,4007,0.285,392,1728,0.227
2024-12-10,125,1,소방관,메가박스,1114,3626,0.307,308,1531,0.201
2024-12-10,125,1,소방관,씨네Q,66,190,0.347,23,91,0.253
2024-12-10,125,1,소방관,기타,170,670,0.254,89,472,0.189
2024-12-10,125,1,소방관,전체,4390,15349,0.286,1303,6400,0.204
2024-12-10,125,2,모아나 2,CGV,1406,6856,0.205,398,2578,0.154
2024-12-10,125,2,모아나 2,롯데시네마,958,4007,0.239,314,1728,0.182
2024-12-10,125,2,모아나 2,메가박스,809,3626,0.223,273,1531,0.178
2024-12-10,125,2,모아나 2,씨네Q,53,190,0.279,22,91,0.242
2024-12-10,125,2,모아나 2,기타,133,670,0.199,78,472,0.165
2024-12-10,125,2,모아나 2,전체,3359,15349,0.219,1085,6400,0.17
2024-12-10,125,3,1승,CGV,939,6856,0.137,314,2578,0.122
2024-12-10,125,3,1승,롯데시네마,478,4007,0.119,191,1728,0.111
2024-12-10,125,3,1승,메가박스,515,3626,0.142,182,1531,0.119
2024-12-10,125,3,1승,씨네Q,12,190,0.063,9,91,0.099
2024-12-10,125,3,1승,기타,91,670,0.136,67,472,0.142
2024-12-10,125,3,1승,전체,2035,15349,0.133,763,6400,0.119
2024-12-10,125,4,위키드,CGV,808,6856,0.118,331,2578,0.128
2024-12-10,125,4,위키드,롯데시네마,592,4007,0.148,276,1728,0.16
2024-12-10,125,4,위키드,메가박스,396,3626,0.109,198,1531,0.129
2024-12-10,125,4,위키드,씨네Q,23,190,0.121,12,91,0.132
2024-12-10,125,4,위키드,기타,34,670,0.051,28,472,0.059
2024-12-10,125,4,위키드,전체,1853,15349,0.121,845,6400,0.132
2024-12-10,125,5,히든페이스,CGV,745,6856,0.109,279,2578,0.108
2024-12-10,125,5,히든페이스,롯데시네마,433,4007,0.108,210,1728,0.122
2024-12-10,125,5,히든페이스,메가박스,367,3626,0.101,166,1531,0.108
2024-12-10,125,5,히든페이스,씨네Q,22,190,0.116,11,91,0.121
2024-12-10,125,5,히든페이스,기타,24,670,0.036,19,472,0.04
2024-12-10,125,5,히든페이스,전체,1591,15349,0.104,685,6400,0.107
2024-12-11,126,1,소방관,CGV,2259,7357,0.307,584,3084,0.189
2024-12-11,126,1,소방관,롯데시네마,1252,4228,0.296,436,1788,0.244
2024-12-11,126,1,소방관,메가박스,1016,3859,0.263,287,1745,0.164
2024-12-11,126,1,소방관,씨네Q,60,232,0.259,18,104,0.173
2024-12-11,126,1,소방관,기타,203,861,0.236,110,587,0.187
2024-12-11,126,1,소방관,전체,4790,16537,0.29,1435,7308,0.196
2024-12-11,126,2,대가족,CGV,1064,7357,0.145,309,3084,0.1
2024-12-11,126,2,대가족,롯데시네마,1013,4228,0.24,290,1788,0.162
2024-12-11,126,2,대가족,메가박스,764,3859,0.198,215,1745,0.123
2024-12-11,126,2,대가족,씨네Q,43,232,0.185,18,104,0.173
2024-12-11,126,2,대가족,기타,192,861,0.223,107,587,0.182
2024-12-11,126,2,대가족,전체,3076,16537,0.186,939,7308,0.128
2024-12-11,126,3,모아나 2,CGV,972,7357,0.132,315,3084,0.102
2024-12-11,126,3,모아나 2,롯데시네마,627,4228,0.148,222,1788,0.124
2024-12-11,126,3,모아나 2,메가박스,603,3859,0.156,218,1745,0.125
2024-12-11,126,3,모아나 2,씨네Q,51,232,0.22,20,104,0.192
2024-12-11,126,3,모아나 2,기타,130,861,0.151,86,587,0.147
2024-12-11,126,3,모아나 2,전체,2383,16537,0.144,861,7308,0.118
2024-12-11,126,4,위키드,CGV,539,7357,0.073,304,3084,0.099
2024-12-11,126,4,위키드,롯데시네마,387,4228,0.092,187,1788,0.105
2024-12-11,126,4,위키드,메가박스,293,3859,0.076,159,1745,0.091
2024-12-11,126,4,위키드,씨네Q,18,232,0.078,8,104,0.077
2024-12-11,126,4,위키드,기타,16,861,0.019,13,587,0.022
2024-12-11,126,4,위키드,전체,1253,16537,0.076,671,7308,0.092
2024-12-11,126,5,1승,CGV,395,7357,0.054,248,3084,0.08
2024-12-11,126,5,1승,롯데시네마,273,4228,0.065,163,1788,0.091
2024-12-11,126,5,1승,메가박스,218,3859,0.056,137,1745,0.079
2024-12-11,126,5,1승,씨네Q,12,232,0.052,7,104,0.067
2024-12-11,126,5,1승,기타,77,861,0.089,66,587,0.112
2024-12-11,126,5,1승,전체,975,16537,0.059,621,7308,0.085
2024-12-12,127,1,소방관,CGV,2307,7309,0.316,570,3086,0.185
2024-12-12,127,1,소방관,롯데시네마,1316,4200,0.313,459,1808,0.254
2024-12-12,127,1,소방관,메가박스,1073,3784,0.284,306,1778,0.172
2024-12-12,127,1,소방관,씨네Q,65,214,0.304,21,103,0.204
2024-12-12,127,1,소방관,기타,212,853,0.249,112,593,0.189
2024-12-12,127,1,소방관,전체,4973,16360,0.304,1468,7368,0.199
2024-12-12,127,2,대가족,CGV,987,7309,0.135,302,3086,0.098
2024-12-12,127,2,대가족,롯데시네마,913,4200,0.217,270,1808,0.149
2024-12-12,127,2,대가족,메가박스,625,3784,0.165,193,1778,0.109
2024-12-12,127,2,대가족,씨네Q,41,214,0.192,16,103,0.155
2024-12-12,127,2,대가족,기타,178,853,0.209,105,593,0.177
2024-12-12,127,2,대가족,전체,2744,16360,0.168,886,7368,0.12
2024-12-12,127,3,모아나 2,CGV,1005,7309,0.138,337,3086,0.109
2024-12-12,127,3,모아나 2,롯데시네마,611,4200,0.145,212,1808,0.117
2024-12-12,127,3,모아나 2,메가박스,591,3784,0.156,237,1778,0.133
2024-12-12,127,3,모아나 2,씨네Q,35,214,0.164,13,103,0.126
2024-12-12,127,3,모아나 2,기타,109,853,0.128,71,593,0.12
2024-12-12,127,3,모아나 2,전체,2351,16360,0.144,870,7368,0.118
2024-12-12,127,4,위키드,CGV,553,7309,0.076,304,3086,0.099
2024-12-12,127,4,위키드,롯데시네마,391,4200,0.093,191,1808,0.106
2024-12-12,127,4,위키드,메가박스,303,3784,0.08,166,1778,0.093
2024-12-12,127,4,위키드,씨네Q,17,214,0.079,10,103,0.097
2024-12-12,127,4,위키드,기타,15,853,0.018,12,593,0.02
2024-12-12,127,4,위키드,전체,1279,16360,0.078,683,7368,0.093
2024-12-12,127,5,1승,CGV,404,7309,0.055,247,3086,0.08
2024-12-12,127,5,1승,롯데시네마,287,4200,0.068,172,1808,0.095
2024-12-12,127,5,1승,메가박스,228,3784,0.06,136,1778,0.076
2024-12-12,127,5,1승,씨네Q,8,214,0.037,6,103,0.058
2024-12-12,127,5,1승,기타,76,853,0.089,63,593,0.106
2024-12-12,127,5,1승,전체,1003,16360,0.061,624,7368,0.085
2024-12-13,128,1,소방관,CGV,2560,7540,0.34,622,3173,0.196
2024-12-13,128,1,소방관,롯데시네마,1580,4721,0.335,509,1961,0.26
2024-12-13,128,1,소방관,메가박스,1211,4053,0.299,323,1838,0.176
2024-12-13,128,1,소방관,씨네Q,80,250,0.32,25,119,0.21
2024-12-13,128,1,소방관,기타,215,883,0.243,114,608,0.188
2024-12-13,128,1,소방관,전체,5646,17447,0.324,1593,7699,0.207
2024-12-13,128,2,대가족,CGV,873,7540,0.116,276,3173,0.087
2024-12-13,128,2,대가족,롯데시네마,994,4721,0.211,295,1961,0.15
2024-12-13,128,2,대가족,메가박스,636,4053,0.157,188,1838,0.102
2024-12-13,128,2,대가족,씨네Q,43,250,0.172,19,119,0.16
2024-12-13,128,2,대가족,기타,186,883,0.211,111,608,0.183
2024-12-13,128,2,대가족,전체,2732,17447,0.157,889,7699,0.115
2024-12-13,128,3,모아나 2,CGV,1128,7540,0.15,383,3173,0.121
2024-12-13,128,3,모아나 2,롯데시네마,714,4721,0.151,245,1961,0.125
2024-12-13,128,3,모아나 2,메가박스,676,4053,0.167,246,1838,0.134
2024-12-13,128,3,모아나 2,씨네Q,43,250,0.172,19,119,0.16
2024-12-13,128,3,모아나 2,기타,137,883,0.155,87,608,0.143
2024-12-13,128,3,모아나 2,전체,2698,17447,0.155,980,7699,0.127
2024-12-13,128,4,위키드,CGV,594,7540,0.079,322,3173,0.101
2024-12-13,128,4,위키드,롯데시네마,434,4721,0.092,215,1961,0.11
2024-12-13,128,4,위키드,메가박스,327,4053,0.081,174,1838,0.095
2024-12-13,128,4,위키드,씨네Q,18,250,0.072,11,119,0.092
2024-12-13,128,4,위키드,기타,17,883,0.019,14,608,0.023
2024-12-13,128,4,위키드,전체,1390,17447,0.08,736,7699,0.096
2024-12-13,128,5,1승,CGV,461,7540,0.061,310,3173,0.098
2024-12-13,128,5,1승,롯데시네마,263,4721,0.056,158,1961,0.081
2024-12-13,128,5,1승,메가박스,237,4053,0.058,146,1838,0.079
2024-12-13,128,5,1승,씨네Q,11,250,0.044,9,119,0.076
2024-12-13,128,5,1승,기타,79,883,0.089,63,608,0.104
2024-12-13,128,5,1승,전체,1051,17447,0.06,686,7699,0.089
2024-12-14,129,1,소방관,CGV,2822,8004,0.353,631,3171,0.199
2024-12-14,129,1,소방관,롯데시네마,1928,5288,0.365,444,1822,0.244
2024-12-14,129,1,소방관,메가박스,1476,4465,0.331,366,1833,0.2
2024-12-14,129,1,소방관,씨네Q,100,296,0.338,25,123,0.203
2024-12-14,129,1,소방관,기타,244,1013,0.241,128,641,0.2
2024-12-14,129,1,소방관,전체,6570,19066,0.345,1594,7590,0.21
2024-12-14,129,2,모아나 2,CGV,1775,8004,0.222,509,3171,0.161
2024-12-14,129,2,모아나 2,롯데시네마,1319,5288,0.249,374,1822,0.205
2024-12-14,129,2,모아나 2,메가박스,1072,4465,0.24,317,1833,0.173
2024-12-14,129,2,모아나 2,씨네Q,71,296,0.24,23,123,0.187
2024-12-14,129,2,모아나 2,기타,215,1013,0.212,111,641,0.173
2024-12-14,129,2,모아나 2,전체,4452,19066,0.234,1334,7590,0.176
2024-12-14,129,3,대가족,CGV,746,8004,0.093,271,3171,0.085
2024-12-14,129,3,대가족,롯데시네마,846,5288,0.16,218,1822,0.12
2024-12-14,129,3,대가족,메가박스,528,4465,0.118,162,1833,0.088
2024-12-14,129,3,대가족,씨네Q,43,296,0.145,17,123,0.138
2024-12-14,129,3,대가족,기타,213,1013,0.21,115,641,0.179
2024-12-14,129,3,대가족,전체,2376,19066,0.125,783,7590,0.103
2024-12-14,129,4,위키드,CGV,599,8004,0.075,311,3171,0.098
2024-12-14,129,4,위키드,롯데시네마,417,5288,0.079,210,1822,0.115
2024-12-14,129,4,위키드,메가박스,340,4465,0.076,180,1833,0.098
2024-12-14,129,4,위키드,씨네Q,21,296,0.071,12,123,0.098
2024-12-14,129,4,위키드,기타,21,1013,0.021,18,641,0.028
2024-12-14,129,4,위키드,전체,1398,19066,0.073,731,7590,0.096
2024-12-14,129,5,히든페이스,CGV,295,8004,0.037,205,3171,0.065
2024-12-14,129,5,히든페이스,롯데시네마,213,5288,0.04,142,1822,0.078
2024-12-14,129,5,히든페이스,메가박스,177,4465,0.04,121,1833,0.066
2024-12-14,129,5,히든페이스,씨네Q,16,296,0.054,10,123,0.081
2024-12-14,129,5,히든페이스,기타,14,1013,0.014,12,641,0.019
2024-12-14,129,5,히든페이스,전체,715,19066,0.038,490,7590,0.065
2024-12-15,130,1,소방관,CGV,2790,7935,0.352,619,3136,0.197
2024-12-15,130,1,소방관,롯데시네마,1852,5107,0.363,440,1802,0.244
2024-12-15,130,1,소방관,메가박스,1467,4419,0.332,351,1863,0.188
2024-12-15,130,1,소방관,씨네Q,89,289,0.308,22,130,0.169
2024-12-15,130,1,소방관,기타,254,1040,0.244,129,655,0.197
2024-12-15,130,1,소방관,전체,6452,18790,0.343,1561,7586,0.206
2024-12-15,130,2,모아나 2,CGV,1758,7935,0.222,490,3136,0.156
2024-12-15,130,2,모아나 2,롯데시네마,1312,5107,0.257,382,1802,0.212
2024-12-15,130,2,모아나 2,메가박스,1024,4419,0.232,318,1863,0.171
2024-12-15,130,2,모아나 2,씨네Q,72,289,0.249,26,130,0.2
2024-12-15,130,2,모아나 2,기타,210,1040,0.202,105,655,0.16
2024-12-15,130,2,모아나 2,전체,4376,18790,0.233,1321,7586,0.174
2024-12-15,130,3,대가족,CGV,712,7935,0.09,265,3136,0.085
2024-12-15,130,3,대가족,롯데시네마,798,5107,0.156,216,1802,0.12
2024-12-15,130,3,대가족,메가박스,486,4419,0.11,163,1863,0.087
2024-12-15,130,3,대가족,씨네Q,39,289,0.135,18,130,0.138
2024-12-15,130,3,대가족,기타,208,1040,0.2,114,655,0.174
2024-12-15,130,3,대가족,전체,2243,18790,0.119,776,7586,0.102
2024-12-15,130,4,위키드,CGV,613,7935,0.077,313,3136,0.1
2024-12-15,130,4,위키드,롯데시네마,412,5107,0.081,213,1802,0.118
2024-12-15,130,4,위키드,메가박스,348,4419,0.079,178,1863,0.096
2024-12-15,130,4,위키드,씨네Q,21,289,0.073,13,130,0.1
2024-12-15,130,4,위키드,기타,19,1040,0.018,16,655,0.024
2024-12-15,130,4,위키드,전체,1413,18790,0.075,733,7586,0.097
2024-12-15,130,5,1승,CGV,306,7935,0.039,202,3136,0.064
2024-12-15,130,5,1승,롯데시네마,144,5107,0.028,106,1802,0.059
2024-12-15,130,5,1승,메가박스,166,4419,0.038,117,1863,0.063
2024-12-15,130,5,1승,씨네Q,8,289,0.028,7,130,0.054
2024-12-15,130,5,1승,기타,99,1040,0.095,73,655,0.111
2024-12-15,130,5,1승,전체,723,18790,0.038,505,7586,0.067
2024-12-16,131,1,소방관,CGV,2581,7118,0.363,558,2885,0.193
2024-12-16,131,1,소방관,롯데시네마,1582,4101,0.386,411,1651,0.249
2024-12-16,131,1,소방관,메가박스,1219,3704,0.329,302,1712,0.176
2024-12-16,131,1,소방관,씨네Q,69,186,0.371,18,82,0.22
2024-12-16,131,1,소방관,기타,142,556,0.255,71,375,0.189
2024-12-16,131,1,소방관,전체,5593,15665,0.357,1360,6705,0.203
2024-12-16,131,2,모아나 2,CGV,1048,7118,0.147,338,2885,0.117
2024-12-16,131,2,모아나 2,롯데시네마,582,4101,0.142,220,1651,0.133
2024-12-16,131,2,모아나 2,메가박스,540,3704,0.146,213,1712,0.124
2024-12-16,131,2,모아나 2,씨네Q,33,186,0.177,11,82,0.134
2024-12-16,131,2,모아나 2,기타,63,556,0.113,44,375,0.117
2024-12-16,131,2,모아나 2,전체,2266,15665,0.145,826,6705,0.123
2024-12-16,131,3,대가족,CGV,706,7118,0.099,267,2885,0.093
2024-12-16,131,3,대가족,롯데시네마,702,4101,0.171,219,1651,0.133
2024-12-16,131,3,대가족,메가박스,480,3704,0.13,170,1712,0.099
2024-12-16,131,3,대가족,씨네Q,27,186,0.145,11,82,0.134
2024-12-16,131,3,대가족,기타,115,556,0.207,62,375,0.165
2024-12-16,131,3,대가족,전체,2030,15665,0.13,729,6705,0.109
2024-12-16,131,4,위키드,CGV,636,7118,0.089,314,2885,0.109
2024-12-16,131,4,위키드,롯데시네마,396,4101,0.097,205,1651,0.124
2024-12-16,131,4,위키드,메가박스,316,3704,0.085,169,1712,0.099
2024-12-16,131,4,위키드,씨네Q,8,186,0.043,6,82,0.073
2024-12-16,131,4,위키드,기타,7,556,0.013,5,375,0.013
2024-12-16,131,4,위키드,전체,1363,15665,0.087,699,6705,0.104
2024-12-16,131,5,1승,CGV,367,7118,0.052,229,2885,0.079
2024-12-16,131,5,1승,롯데시네마,200,4101,0.049,146,1651,0.088
2024-12-16,131,5,1승,메가박스,184,3704,0.05,135,1712,0.079
2024-12-16,131,5,1승,씨네Q,9,186,0.048,7,82,0.085
2024-12-16,131,5,1승,기타,45,556,0.081,40,375,0.107
2024-12-16,131,5,1승,전체,805,15665,0.051,557,6705,0.083
2024-12-17,132,1,소방관,CGV,2558,7170,0.357,572,2965,0.193
2024-12-17,132,1,소방관,롯데시네마,1557,4062,0.383,410,1685,0.243
2024-12-17,132,1,소방관,메가박스,1184,3723,0.318,313,1765,0.177
2024-12-17,132,1,소방관,씨네Q,71,198,0.359,20,99,0.202
2024-12-17,132,1,소방관,기타,169,661,0.256,90,466,0.193
2024-12-17,132,1,소방관,전체,5539,15814,0.35,1405,6980,0.201
2024-12-17,132,2,모아나 2,CGV,1051,7170,0.147,345,2965,0.116
2024-12-17,132,2,모아나 2,롯데시네마,579,4062,0.143,222,1685,0.132
2024-12-17,132,2,모아나 2,메가박스,536,3723,0.144,209,1765,0.118
2024-12-17,132,2,모아나 2,씨네Q,31,198,0.157,13,99,0.131
2024-12-17,132,2,모아나 2,기타,77,661,0.116,54,466,0.116
2024-12-17,132,2,모아나 2,전체,2274,15814,0.144,843,6980,0.121
2024-12-17,132,3,대가족,CGV,722,7170,0.101,275,2965,0.093
2024-12-17,132,3,대가족,롯데시네마,662,4062,0.163,219,1685,0.13
2024-12-17,132,3,대가족,메가박스,481,3723,0.129,165,1765,0.093
2024-12-17,132,3,대가족,씨네Q,23,198,0.116,12,99,0.121
2024-12-17,132,3,대가족,기타,120,661,0.182,73,466,0.157
2024-12-17,132,3,대가족,전체,2008,15814,0.127,744,6980,0.107
2024-12-17,132,4,위키드,CGV,642,7170,0.09,321,2965,0.108
2024-12-17,132,4,위키드,롯데시네마,398,4062,0.098,213,1685,0.126
2024-12-17,132,4,위키드,메가박스,308,3723,0.083,176,1765,0.1
2024-12-17,132,4,위키드,씨네Q,16,198,0.081,9,99,0.091
2024-12-17,132,4,위키드,기타,8,661,0.012,6,466,0.013
2024-12-17,132,4,위키드,전체,1372,15814,0.087,725,6980,0.104
2024-12-17,132,5,1승,CGV,380,7170,0.053,241,2965,0.081
2024-12-17,132,5,1승,롯데시네마,200,4062,0.049,150,1685,0.089
2024-12-17,132,5,1승,메가박스,202,3723,0.054,135,1765,0.076
2024-12-17,132,5,1승,씨네Q,9,198,0.045,8,99,0.081
2024-12-17,132,5,1승,기타,55,661,0.083,46,466,0.099
2024-12-17,132,5,1승,전체,846,15814,0.053,580,6980,0.083
2024-12-18,133,1,소방관,CGV,2147,7360,0.292,519,2955,0.176
2024-12-18,133,1,소방관,롯데시네마,1045,4242,0.246,314,1915,0.164
2024-12-18,133,1,소방관,메가박스,1074,3917,0.274,286,1743,0.164
2024-12-18,133,1,소방관,씨네Q,53,229,0.231,18,117,0.154
2024-12-18,133,1,소방관,기타,190,817,0.233,113,589,0.192
2024-12-18,133,1,소방관,전체,4509,16565,0.272,1250,7319,0.171
2024-12-18,133,2,무파사: 라이온 킹,CGV,1887,7360,0.256,492,2955,0.166
2024-12-18,133,2,무파사: 라이온 킹,롯데시네마,1021,4242,0.241,321,1915,0.168
2024-12-18,133,2,무파사: 라이온 킹,메가박스,1083,3917,0.276,317,1743,0.182
2024-12-18,133,2,무파사: 라이온 킹,씨네Q,54,229,0.236,20,117,0.171
2024-12-18,133,2,무파사: 라이온 킹,기타,153,817,0.187,93,589,0.158
2024-12-18,133,2,무파사: 라이온 킹,전체,4198,16565,0.253,1243,7319,0.17
2024-12-18,133,3,극장판 짱구는 못말려: 우리들의 공룡일기,CGV,765,7360,0.104,280,2955,0.095
2024-12-18,133,3,극장판 짱구는 못말려: 우리들의 공룡일기,롯데시네마,513,4242,0.121,201,1915,0.105
2024-12-18,133,3,극장판 짱구는 못말려: 우리들의 공룡일기,메가박스,419,3917,0.107,164,1743,0.094
2024-12-18,133,3,극장판 짱구는 못말려: 우리들의 공룡일기,씨네Q,33,229,0.144,14,117,0.12
2024-12-18,133,3,극장판 짱구는 못말려: 우리들의 공룡일기,기타,38,817,0.047,31,589,0.053
2024-12-18,133,3,극장판 짱구는 못말려: 우리들의 공룡일기,전체,1768,16565,0.107,690,7319,0.094
2024-12-18,133,4,모아나 2,CGV,687,7360,0.093,330,2955,0.112
2024-12-18,133,4,모아나 2,롯데시네마,375,4242,0.088,203,1915,0.106
2024-12-18,133,4,모아나 2,메가박스,328,3917,0.084,183,1743,0.105
2024-12-18,133,4,모아나 2,씨네Q,30,229,0.131,17,117,0.145
2024-12-18,133,4,모아나 2,기타,51,817,0.062,40,589,0.068
2024-12-18,133,4,모아나 2,전체,1471,16565,0.089,773,7319,0.106
2024-12-18,133,5,대가족,CGV,245,7360,0.033,187,2955,0.063
2024-12-18,133,5,대가족,롯데시네마,400,4242,0.094,205,1915,0.107
2024-12-18,133,5,대가족,메가박스,160,3917,0.041,118,1743,0.068
2024-12-18,133,5,대가족,씨네Q,12,229,0.052,8,117,0.068
2024-12-18,133,5,대가족,기타,128,817,0.157,89,589,0.151
2024-12-18,133,5,대가족,전체,945,16565,0.057,607,7319,0.083
2024-12-19,134,1,소방관,CGV,2219,7186,0.309,552,2998,0.184
2024-12-19,134,1,소방관,롯데시네마,1075,4190,0.257,332,1954,0.17
2024-12-19,134,1,소방관,메가박스,1124,3798,0.296,303,1760,0.172
2024-12-19,134,1,소방관,씨네Q,61,225,0.271,23,113,0.204
2024-12-19,134,1,소방관,기타,195,802,0.243,114,598,0.191
2024-12-19,134,1,소방관,전체,4674,16201,0.289,1324,7423,0.178
2024-12-19,134,2,무파사: 라이온 킹,CGV,1672,7186,0.233,463,2998,0.154
2024-12-19,134,2,무파사: 라이온 킹,롯데시네마,926,4190,0.221,297,1954,0.152
2024-12-19,134,2,무파사: 라이온 킹,메가박스,883,3798,0.232,294,1760,0.167
2024-12-19,134,2,무파사: 라이온 킹,씨네Q,50,225,0.222,18,113,0.159
2024-12-19,134,2,무파사: 라이온 킹,기타,154,802,0.192,97,598,0.162
2024-12-19,134,2,무파사: 라이온 킹,전체,3685,16201,0.227,1169,7423,0.157
2024-12-19,134,3,극장판 짱구는 못말려: 우리들의 공룡일기,CGV,707,7186,0.098,281,2998,0.094
2024-12-19,134,3,극장판 짱구는 못말려: 우리들의 공룡일기,롯데시네마,512,4190,0.122,207,1954,0.106
2024-12-19,134,3,극장판 짱구는 못말려: 우리들의 공룡일기,메가박스,420,3798,0.111,178,1760,0.101
2024-12-19,134,3,극장판 짱구는 못말려: 우리들의 공룡일기,씨네Q,28,225,0.124,11,113,0.097
2024-12-19,134,3,극장판 짱구는 못말려: 우리들의 공룡일기,기타,35,802,0.044,33,598,0.055
2024-12-19,134,3,극장판 짱구는 못말려: 우리들의 공룡일기,전체,1702,16201,0.105,710,7423,0.096
2024-12-19,134,4,모아나 2,CGV,673,7186,0.094,341,2998,0.114
2024-12-19,134,4,모아나 2,롯데시네마,392,4190,0.094,215,1954,0.11
2024-12-19,134,4,모아나 2,메가박스,340,3798,0.09,191,1760,0.109
2024-12-19,134,4,모아나 2,씨네Q,25,225,0.111,13,113,0.115
2024-12-19,134,4,모아나 2,기타,63,802,0.079,57,598,0.095
2024-12-19,134,4,모아나 2,전체,1493,16201,0.092,817,7423,0.11
2024-12-19,134,5,위키드,CGV,485,7186,0.067,279,2998,0.093
2024-12-19,134,5,위키드,롯데시네마,289,4190,0.069,209,1954,0.107
2024-12-19,134,5,위키드,메가박스,192,3798,0.051,136,1760,0.077
2024-12-19,134,5,위키드,씨네Q,10,225,0.044,7,113,0.062
2024-12-19,134,5,위키드,기타,5,802,0.006,4,598,0.007
2024-12-19,134,5,위키드,전체,981,16201,0.061,635,7423,0.086
2024-12-20,135,1,소방관,CGV,2352,7521,0.313,544,3046,0.179
2024-12-20,135,1,소방관,롯데시네마,1351,4722,0.286,432,2131,0.203
2024-12-20,135,1,소방관,메가박스,1198,3950,0.303,327,1833,0.178
2024-12-20,135,1,소방관,씨네Q,73,250,0.292,26,130,0.2
2024-12-20,135,1,소방관,기타,199,844,0.236,109,593,0.184
2024-12-20,135,1,소방관,전체,5173,17287,0.299,1438,7733,0.186
2024-12-20,135,2,무파사: 라이온 킹,CGV,1693,7521,0.225,458,3046,0.15
2024-12-20,135,2,무파사: 라이온 킹,롯데시네마,928,4722,0.197,302,2131,0.142
2024-12-20,135,2,무파사: 라이온 킹,메가박스,855,3950,0.216,291,1833,0.159
2024-12-20,135,2,무파사: 라이온 킹,씨네Q,44,250,0.176,25,130,0.192
2024-12-20,135,2,무파사: 라이온 킹,기타,178,844,0.211,100,593,0.169
2024-12-20,135,2,무파사: 라이온 킹,전체,3698,17287,0.214,1176,7733,0.152
2024-12-20,135,3,극장판 짱구는 못말려: 우리들의 공룡일기,CGV,740,7521,0.098,287,3046,0.094
2024-12-20,135,3,극장판 짱구는 못말려: 우리들의 공룡일기,롯데시네마,544,4722,0.115,227,2131,0.107
2024-12-20,135,3,극장판 짱구는 못말려: 우리들의 공룡일기,메가박스,445,3950,0.113,187,1833,0.102
2024-12-20,135,3,극장판 짱구는 못말려: 우리들의 공룡일기,씨네Q,43,250,0.172,18,130,0.138
2024-12-20,135,3,극장판 짱구는 못말려: 우리들의 공룡일기,기타,35,844,0.041,34,593,0.057
2024-12-20,135,3,극장판 짱구는 못말려: 우리들의 공룡일기,전체,1807,17287,0.105,753,7733,0.097
2024-12-20,135,4,모아나 2,CGV,724,7521,0.096,348,3046,0.114
2024-12-20,135,4,모아나 2,롯데시네마,481,4722,0.102,242,2131,0.114
2024-12-20,135,4,모아나 2,메가박스,386,3950,0.098,211,1833,0.115
2024-12-20,135,4,모아나 2,씨네Q,28,250,0.112,14,130,0.108
2024-12-20,135,4,모아나 2,기타,64,844,0.076,49,593,0.083
2024-12-20,135,4,모아나 2,전체,1683,17287,0.097,864,7733,0.112
2024-12-20,135,5,위키드,CGV,536,7521,0.071,294,3046,0.097
2024-12-20,135,5,위키드,롯데시네마,346,4722,0.073,220,2131,0.103
2024-12-20,135,5,위키드,메가박스,209,3950,0.053,146,1833,0.08
2024-12-20,135,5,위키드,씨네Q,12,250,0.048,8,130,0.062
2024-12-20,135,5,위키드,기타,7,844,0.008,6,593,0.01
2024-12-20,135,5,위키드,전체,1110,17287,0.064,674,7733,0.087
2024-12-21,136,1,소방관,CGV,2384,8090,0.295,545,3194,0.171
2024-12-21,136,1,소방관,롯데시네마,1577,5392,0.292,367,2028,0.181
2024-12-21,136,1,소방관,메가박스,1297,4515,0.287,316,1897,0.167
2024-12-21,136,1,소방관,씨네Q,88,299,0.294,24,121,0.198
2024-12-21,136,1,소방관,기타,236,1037,0.228,131,701,0.187
2024-12-21,136,1,소방관,전체,5582,19333,0.289,1383,7941,0.174
2024-12-21,136,2,무파사: 라이온 킹,CGV,1605,8090,0.198,432,3194,0.135
2024-12-21,136,2,무파사: 라이온 킹,롯데시네마,984,5392,0.182,280,2028,0.138
2024-12-21,136,2,무파사: 라이온 킹,메가박스,1003,4515,0.222,286,1897,0.151
2024-12-21,136,2,무파사: 라이온 킹,씨네Q,66,299,0.221,21,121,0.174
2024-12-21,136,2,무파사: 라이온 킹,기타,240,1037,0.231,117,701,0.167
2024-12-21,136,2,무파사: 라이온 킹,전체,3898,19333,0.202,1136,7941,0.143
2024-12-21,136,3,모아나 2,CGV,1141,8090,0.141,446,3194,0.14
2024-12-21,136,3,모아나 2,롯데시네마,950,5392,0.176,305,2028,0.15
2024-12-21,136,3,모아나 2,메가박스,585,4515,0.13,263,1897,0.139
2024-12-21,136,3,모아나 2,씨네Q,40,299,0.134,16,121,0.132
2024-12-21,136,3,모아나 2,기타,98,1037,0.095,72,701,0.103
2024-12-21,136,3,모아나 2,전체,2814,19333,0.146,1102,7941,0.139
2024-12-21,136,4,극장판 짱구는 못말려: 우리들의 공룡일기,CGV,993,8090,0.123,363,3194,0.114
2024-12-21,136,4,극장판 짱구는 못말려: 우리들의 공룡일기,롯데시네마,660,5392,0.122,216,2028,0.107
2024-12-21,136,4,극장판 짱구는 못말려: 우리들의 공룡일기,메가박스,557,4515,0.123,210,1897,0.111
2024-12-21,136,4,극장판 짱구는 못말려: 우리들의 공룡일기,씨네Q,45,299,0.151,16,121,0.132
2024-12-21,136,4,극장판 짱구는 못말려: 우리들의 공룡일기,기타,62,1037,0.06,51,701,0.073
2024-12-21,136,4,극장판 짱구는 못말려: 우리들의 공룡일기,전체,2317,19333,0.12,856,7941,0.108
2024-12-21,136,5,위키드,CGV,586,8090,0.072,313,3194,0.098
2024-12-21,136,5,위키드,롯데시네마,332,5392,0.062,204,2028,0.101
2024-12-21,136,5,위키드,메가박스,265,4515,0.059,171,1897,0.09
2024-12-21,136,5,위키드,씨네Q,15,299,0.05,10,121,0.083
2024-12-21,136,5,위키드,기타,11,1037,0.011,10,701,0.014
2024-12-21,136,5,위키드,전체,1209,19333,0.063,708,7941,0.089
2024-12-22,137,1,소방관,CGV,2303,7858,0.293,549,3180,0.173
2024-12-22,137,1,소방관,롯데시네마,1517,5164,0.294,369,2016,0.183
2024-12-22,137,1,소방관,메가박스,1259,4396,0.286,303,1870,0.162
2024-12-22,137,1,소방관,씨네Q,91,285,0.319,23,119,0.193
2024-12-22,137,1,소방관,기타,243,1018,0.239,122,684,0.178
2024-12-22,137,1,소방관,전체,5413,18721,0.289,1366,7869,0.174
2024-12-22,137,2,무파사: 라이온 킹,CGV,1489,7858,0.189,425,3180,0.134
2024-12-22,137,2,무파사: 라이온 킹,롯데시네마,941,5164,0.182,276,2016,0.137
2024-12-22,137,2,무파사: 라이온 킹,메가박스,929,4396,0.211,288,1870,0.154
2024-12-22,137,2,무파사: 라이온 킹,씨네Q,55,285,0.193,20,119,0.168
2024-12-22,137,2,무파사: 라이온 킹,기타,219,1018,0.215,112,684,0.164
2024-12-22,137,2,무파사: 라이온 킹,전체,3633,18721,0.194,1121,7869,0.142
2024-12-22,137,3,모아나 2,CGV,1146,7858,0.146,443,3180,0.139
2024-12-22,137,3,모아나 2,롯데시네마,867,5164,0.168,301,2016,0.149
2024-12-22,137,3,모아나 2,메가박스,581,4396,0.132,250,1870,0.134
2024-12-22,137,3,모아나 2,씨네Q,39,285,0.137,16,119,0.134
2024-12-22,137,3,모아나 2,기타,98,1018,0.096,72,684,0.105
2024-12-22,137,3,모아나 2,전체,2731,18721,0.146,1082,7869,0.138
2024-12-22,137,4,극장판 짱구는 못말려: 우리들의 공룡일기,CGV,977,7858,0.124,366,3180,0.115
2024-12-22,137,4,극장판 짱구는 못말려: 우리들의 공룡일기,롯데시네마,681,5164,0.132,241,2016,0.12
2024-12-22,137,4,극장판 짱구는 못말려: 우리들의 공룡일기,메가박스,558,4396,0.127,204,1870,0.109
2024-12-22,137,4,극장판 짱구는 못말려: 우리들의 공룡일기,씨네Q,42,285,0.147,17,119,0.143
2024-12-22,137,4,극장판 짱구는 못말려: 우리들의 공룡일기,기타,64,1018,0.063,52,684,0.076
2024-12-22,137,4,극장판 짱구는 못말려: 우리들의 공룡일기,전체,2322,18721,0.124,880,7869,0.112
2024-12-22,137,5,위키드,CGV,600,7858,0.076,325,3180,0.102
2024-12-22,137,5,위키드,롯데시네마,315,5164,0.061,199,2016,0.099
2024-12-22,137,5,위키드,메가박스,265,4396,0.06,171,1870,0.091
2024-12-22,137,5,위키드,씨네Q,16,285,0.056,12,119,0.101
2024-12-22,137,5,위키드,기타,9,1018,0.009,8,684,0.012
2024-12-22,137,5,위키드,전체,1205,18721,0.064,715,7869,0.091
2024-12-23,138,1,소방관,CGV,2293,7194,0.319,509,2987,0.17
2024-12-23,138,1,소방관,롯데시네마,1252,4186,0.299,337,1850,0.182
2024-12-23,138,1,소방관,메가박스,1167,3727,0.313,284,1702,0.167
2024-12-23,138,1,소방관,씨네Q,70,199,0.352,20,100,0.2
2024-12-23,138,1,소방관,기타,135,581,0.232,60,407,0.147
2024-12-23,138,1,소방관,전체,4917,15887,0.309,1210,7046,0.172
2024-12-23,138,2,무파사: 라이온 킹,CGV,1194,7194,0.166,400,2987,0.134
2024-12-23,138,2,무파사: 라이온 킹,롯데시네마,681,4186,0.163,243,1850,0.131
2024-12-23,138,2,무파사: 라이온 킹,메가박스,676,3727,0.181,259,1702,0.152
2024-12-23,138,2,무파사: 라이온 킹,씨네Q,31,199,0.156,17,100,0.17
2024-12-23,138,2,무파사: 라이온 킹,기타,104,581,0.179,65,407,0.16
2024-12-23,138,2,무파사: 라이온 킹,전체,2686,15887,0.169,984,7046,0.14
2024-12-23,138,3,극장판 짱구는 못말려: 우리들의 공룡일기,CGV,797,7194,0.111,307,2987,0.103
2024-12-23,138,3,극장판 짱구는 못말려: 우리들의 공룡일기,롯데시네마,523,4186,0.125,199,1850,0.108
2024-12-23,138,3,극장판 짱구는 못말려: 우리들의 공룡일기,메가박스,435,3727,0.117,176,1702,0.103
2024-12-23,138,3,극장판 짱구는 못말려: 우리들의 공룡일기,씨네Q,26,199,0.131,11,100,0.11
2024-12-23,138,3,극장판 짱구는 못말려: 우리들의 공룡일기,기타,25,581,0.043,20,407,0.049
2024-12-23,138,3,극장판 짱구는 못말려: 우리들의 공룡일기,전체,1806,15887,0.114,713,7046,0.101
2024-12-23,138,4,모아나 2,CGV,827,7194,0.115,371,2987,0.124
2024-12-23,138,4,모아나 2,롯데시네마,466,4186,0.111,209,1850,0.113
2024-12-23,138,4,모아나 2,메가박스,371,3727,0.1,188,1702,0.11
2024-12-23,138,4,모아나 2,씨네Q,20,199,0.101,9,100,0.09
2024-12-23,138,4,모아나 2,기타,30,581,0.052,24,407,0.059
2024-12-23,138,4,모아나 2,전체,1714,15887,0.108,801,7046,0.114
2024-12-23,138,5,위키드,CGV,600,7194,0.083,307,2987,0.103
2024-12-23,138,5,위키드,롯데시네마,353,4186,0.084,225,1850,0.122
2024-12-23,138,5,위키드,메가박스,259,3727,0.069,162,1702,0.095
2024-12-23,138,5,위키드,씨네Q,15,199,0.075,13,100,0.13
2024-12-23,138,5,위키드,기타,8,581,0.014,6,407,0.015
2024-12-23,138,5,위키드,전체,1235,15887,0.078,713,7046,0.101
2024-12-24,139,1,하얼빈,CGV,4357,8338,0.523,840,2802,0.3
2024-12-24,139,1,하얼빈,롯데시네마,2996,5426,0.552,640,1801,0.355
2024-12-24,139,1,하얼빈,메가박스,2358,4560,0.517,492,1683,0.292
2024-12-24,139,1,하얼빈,씨네Q,150,292,0.514,34,112,0.304
2024-12-24,139,1,하얼빈,기타,282,823,0.343,109,542,0.201
2024-12-24,139,1,하얼빈,전체,10143,19439,0.522,2115,6940,0.305
2024-12-24,139,2,소방관,CGV,1124,8338,0.135,341,2802,0.122
2024-12-24,139,2,소방관,롯데시네마,891,5426,0.164,232,1801,0.129
2024-12-24,139,2,소방관,메가박스,685,4560,0.15,213,1683,0.127
2024-12-24,139,2,소방관,씨네Q,56,292,0.192,17,112,0.152
2024-12-24,139,2,소방관,기타,78,823,0.095,55,542,0.101
2024-12-24,139,2,소방관,전체,2834,19439,0.146,858,6940,0.124
2024-12-24,139,3,무파사: 라이온 킹,CGV,683,8338,0.082,301,2802,0.107
2024-12-24,139,3,무파사: 라이온 킹,롯데시네마,349,5426,0.064,184,1801,0.102
2024-12-24,139,3,무파사: 라이온 킹,메가박스,346,4560,0.076,183,1683,0.109
2024-12-24,139,3,무파사: 라이온 킹,씨네Q,15,292,0.051,9,112,0.08
2024-12-24,139,3,무파사: 라이온 킹,기타,109,823,0.132,69,542,0.127
2024-12-24,139,3,무파사: 라이온 킹,전체,1502,19439,0.077,746,6940,0.107
2024-12-24,139,4,극장판 짱구는 못말려: 우리들의 공룡일기,CGV,608,8338,0.073,259,2802,0.092
2024-12-24,139,4,극장판 짱구는 못말려: 우리들의 공룡일기,롯데시네마,382,5426,0.07,169,1801,0.094
2024-12-24,139,4,극장판 짱구는 못말려: 우리들의 공룡일기,메가박스,321,4560,0.07,164,1683,0.097
2024-12-24,139,4,극장판 짱구는 못말려: 우리들의 공룡일기,씨네Q,22,292,0.075,13,112,0.116
2024-12-24,139,4,극장판 짱구는 못말려: 우리들의 공룡일기,기타,29,823,0.035,24,542,0.044
2024-12-24,139,4,극장판 짱구는 못말려: 우리들의 공룡일기,전체,1362,19439,0.07,629,6940,0.091
2024-12-24,139,5,모아나 2,CGV,579,8338,0.069,311,2802,0.111
2024-12-24,139,5,모아나 2,롯데시네마,365,5426,0.067,196,1801,0.109
2024-12-24,139,5,모아나 2,메가박스,282,4560,0.062,168,1683,0.1
2024-12-24,139,5,모아나 2,씨네Q,21,292,0.072,12,112,0.107
2024-12-24,139,5,모아나 2,기타,31,823,0.038,27,542,0.05
2024-12-24,139,5,모아나 2,전체,1278,19439,0.066,714,6940,0.103
2024-12-25,140,1,하얼빈,CGV,4021,8563,0.47,803,3173,0.253
2024-12-25,140,1,하얼빈,롯데시네마,2946,5656,0.521,602,1974,0.305
2024-12-25,140,1,하얼빈,메가박스,2330,4865,0.479,476,1811,0.263
2024-12-25,140,1,하얼빈,씨네Q,152,323,0.471,30,122,0.246
2024-12-25,140,1,하얼빈,기타,410,1094,0.375,140,648,0.216
2024-12-25,140,1,하얼빈,전체,9859,20501,0.481,2051,7728,0.265
2024-12-25,140,2,소방관,CGV,1014,8563,0.118,380,3173,0.12
2024-12-25,140,2,소방관,롯데시네마,812,5656,0.144,242,1974,0.123
2024-12-25,140,2,소방관,메가박스,649,4865,0.133,204,1811,0.113
2024-12-25,140,2,소방관,씨네Q,53,323,0.164,20,122,0.164
2024-12-25,140,2,소방관,기타,111,1094,0.101,78,648,0.12
2024-12-25,140,2,소방관,전체,2639,20501,0.129,924,7728,0.12
2024-12-25,140,3,무파사: 라이온 킹,CGV,712,8563,0.083,365,3173,0.115
2024-12-25,140,3,무파사: 라이온 킹,롯데시네마,382,5656,0.068,208,1974,0.105
2024-12-25,140,3,무파사: 라이온 킹,메가박스,402,4865,0.083,220,1811,0.121
2024-12-25,140,3,무파사: 라이온 킹,씨네Q,27,323,0.084,15,122,0.123
2024-12-25,140,3,무파사: 라이온 킹,기타,180,1094,0.165,104,648,0.16
2024-12-25,140,3,무파사: 라이온 킹,전체,1703,20501,0.083,912,7728,0.118
2024-12-25,140,4,극장판 짱구는 못말려: 우리들의 공룡일기,CGV,709,8563,0.083,305,3173,0.096
2024-12-25,140,4,극장판 짱구는 못말려: 우리들의 공룡일기,롯데시네마,429,5656,0.076,202,1974,0.102
2024-12-25,140,4,극장판 짱구는 못말려: 우리들의 공룡일기,메가박스,390,4865,0.08,190,1811,0.105
2024-12-25,140,4,극장판 짱구는 못말려: 우리들의 공룡일기,씨네Q,33,323,0.102,17,122,0.139
2024-12-25,140,4,극장판 짱구는 못말려: 우리들의 공룡일기,기타,63,1094,0.058,46,648,0.071
2024-12-25,140,4,극장판 짱구는 못말려: 우리들의 공룡일기,전체,1624,20501,0.079,760,7728,0.098
2024-12-25,140,5,모아나 2,CGV,647,8563,0.076,339,3173,0.107
2024-12-25,140,5,모아나 2,롯데시네마,449,5656,0.079,230,1974,0.117
2024-12-25,140,5,모아나 2,메가박스,400,4865,0.082,216,1811,0.119
2024-12-25,140,5,모아나 2,씨네Q,23,323,0.071,10,122,0.082
2024-12-25,140,5,모아나 2,기타,44,1094,0.04,34,648,0.052
2024-12-25,140,5,모아나 2,전체,1563,20501,0.076,829,7728,0.107
