date,day,rank,title,open,adm,cum,screens,shows,adm_share,show_share,screen_share
2024-08-07,0,1,파일럿,2024-07-31,131424,2178710,1736,7662,0.3755,0.3878,0.2299
2024-08-07,0,2,사랑의 하츄핑,2024-08-07,57473,107156,1065,2671,0.1642,0.1352,0.1411
2024-08-07,0,3,리볼버,2024-08-07,56016,59623,861,2620,0.16,0.1326,0.114
2024-08-07,0,4,슈퍼배드 4,2024-07-24,22865,1257505,751,1668,0.0653,0.0844,0.0995
2024-08-07,0,5,데드풀과 울버린,2024-07-24,20598,1749718,765,1753,0.0588,0.0887,0.1013
2024-08-07,0,6,인사이드 아웃 2,2024-06-12,13010,8608445,516,803,0.0372,0.0406,0.0683
2024-08-07,0,7,극장총집편 봇치 더 록! 전편,2024-08-07,11565,18326,176,443,0.033,0.0224,0.0233
2024-08-07,0,8,명탐정 코난: 100만 달러의 펜타그램,2024-07-17,9229,675556,296,402,0.0264,0.0203,0.0392
2024-08-07,0,9,탈주,2024-07-03,5515,2513009,386,578,0.0158,0.0293,0.0511
2024-08-07,0,10,빅토리,2024-08-14,3035,14217,17,17,0.0087,0.0009,0.0023
2024-08-08,1,1,파일럿,2024-07-31,127355,2306065,1746,7606,0.4483,0.3898,0.2284
2024-08-08,1,2,사랑의 하츄핑,2024-08-07,35186,142342,1026,2602,0.1239,0.1334,0.1342
2024-08-08,1,3,리볼버,2024-08-07,27490,87113,858,2486,0.0968,0.1274,0.1122
2024-08-08,1,4,슈퍼배드 4,2024-07-24,22082,1279587,758,1648,0.0777,0.0845,0.0991
2024-08-08,1,5,데드풀과 울버린,2024-07-24,19792,1769510,770,1733,0.0697,0.0888,0.1007
2024-08-08,1,6,인사이드 아웃 2,2024-06-12,12948,8621393,562,859,0.0456,0.044,0.0735
2024-08-08,1,7,행복의 나라,2024-08-14,6157,12597,26,26,0.0217,0.0013,0.0034
2024-08-08,1,8,명탐정 코난: 100만 달러의 펜타그램,2024-07-17,5474,681030,307,408,0.0193,0.0209,0.0402
2024-08-08,1,9,탈주,2024-07-03,5308,2518317,421,595,0.0187,0.0305,0.0551
2024-08-08,1,10,극장총집편 봇치 더 록! 전편,2024-08-07,3755,22081,171,390,0.0132,0.02,0.0224
2024-08-09,2,1,파일럿,2024-07-31,147241,2453306,1795,8037,0.4885,0.4009,0.2333
2024-08-09,2,2,사랑의 하츄핑,2024-08-07,33470,175812,1042,2749,0.111,0.1371,0.1354
2024-08-09,2,3,리볼버,2024-08-07,26097,113210,856,2451,0.0866,0.1223,0.1112
2024-08-09,2,4,데드풀과 울버린,2024-07-24,25353,1794863,769,1764,0.0841,0.088,0.0999
2024-08-09,2,5,슈퍼배드 4,2024-07-24,23086,1302673,767,1617,0.0766,0.0807,0.0997
2024-08-09,2,6,인사이드 아웃 2,2024-06-12,13312,8634705,583,889,0.0442,0.0443,0.0758
2024-08-09,2,7,탈주,2024-07-03,6572,2524889,437,654,0.0218,0.0326,0.0568
2024-08-09,2,8,극장총집편 봇치 더 록! 전편,2024-08-07,5389,27470,173,366,0.0179,0.0183,0.0225
2024-08-09,2,9,명탐정 코난: 100만 달러의 펜타그램,2024-07-17,4986,686016,306,406,0.0165,0.0203,0.0398
2024-08-09,2,10,퍼펙트 데이즈,2024-07-03,1874,92524,47,74,0.0062,0.0037,0.0061
2024-08-10,3,1,파일럿,2024-07-31,307553,2760859,1865,8611,0.4713,0.3982,0.2278
2024-08-10,3,2,사랑의 하츄핑,2024-08-07,121522,297334,1153,3617,0.1862,0.1673,0.1408
2024-08-10,3,3,슈퍼배드 4,2024-07-24,46959,1349632,785,1616,0.072,0.0747,0.0959
2024-08-10,3,4,데드풀과 울버린,2024-07-24,46033,1840896,787,1715,0.0705,0.0793,0.0961
2024-08-10,3,5,리볼버,2024-08-07,44163,157373,855,2208,0.0677,0.1021,0.1044
2024-08-10,3,6,인사이드 아웃 2,2024-06-12,24712,8659417,606,915,0.0379,0.0423,0.074
2024-08-10,3,7,탈주,2024-07-03,10277,2535166,416,638,0.0158,0.0295,0.0508
2024-08-10,3,8,극장총집편 봇치 더 록! 전편,2024-08-07,7967,35437,194,364,0.0122,0.0168,0.0237
2024-08-10,3,9,명탐정 코난: 100만 달러의 펜타그램,2024-07-17,7619,693635,286,388,0.0117,0.0179,0.0349
2024-08-10,3,10,트위스터스,2024-08-14,6407,8187,63,144,0.0098,0.0067,0.0077
2024-08-11,4,1,파일럿,2024-07-31,268428,3029287,1842,8137,0.4711,0.3952,0.2297
2024-08-11,4,2,사랑의 하츄핑,2024-08-07,109050,406384,1159,3586,0.1914,0.1742,0.1445
2024-08-11,4,3,슈퍼배드 4,2024-07-24,46075,1395707,775,1563,0.0809,0.0759,0.0966
2024-08-11,4,4,리볼버,2024-08-07,35962,193335,824,2014,0.0631,0.0978,0.1027
2024-08-11,4,5,데드풀과 울버린,2024-07-24,33965,1874861,767,1607,0.0596,0.0781,0.0956
2024-08-11,4,6,인사이드 아웃 2,2024-06-12,24479,8683896,601,896,0.043,0.0435,0.0749
2024-08-11,4,7,탈주,2024-07-03,9114,2544280,393,594,0.016,0.0289,0.049
2024-08-11,4,8,명탐정 코난: 100만 달러의 펜타그램,2024-07-17,7025,700660,284,387,0.0123,0.0188,0.0354
2024-08-11,4,9,극장총집편 봇치 더 록! 전편,2024-08-07,6416,41853,193,340,0.0113,0.0165,0.0241
2024-08-11,4,10,트위스터스,2024-08-14,5972,14159,63,144,0.0105,0.007,0.0079
2024-08-12,5,1,파일럿,2024-07-31,93481,3122768,1667,7476,0.4987,0.4123,0.2374
2024-08-12,5,2,사랑의 하츄핑,2024-08-07,17737,424121,873,2394,0.0946,0.132,0.1243
2024-08-12,5,3,슈퍼배드 4,2024-07-24,14940,1410647,708,1491,0.0797,0.0822,0.1008
2024-08-12,5,4,데드풀과 울버린,2024-07-24,14482,1889343,709,1518,0.0773,0.0837,0.101
2024-08-12,5,5,리볼버,2024-08-07,14477,207812,750,1953,0.0772,0.1077,0.1068
2024-08-12,5,6,인사이드 아웃 2,2024-06-12,10851,8694747,585,930,0.0579,0.0513,0.0833
2024-08-12,5,7,탈주,2024-07-03,5117,2549397,428,663,0.0273,0.0366,0.0609
2024-08-12,5,8,명탐정 코난: 100만 달러의 펜타그램,2024-07-17,3570,704230,288,398,0.019,0.022,0.041
2024-08-12,5,9,극장총집편 봇치 더 록! 전편,2024-08-07,1815,43668,155,310,0.0097,0.0171,0.0221
2024-08-12,5,10,퍼펙트 데이즈,2024-07-03,1458,100401,47,73,0.0078,0.004,0.0067
2024-08-13,6,1,파일럿,2024-07-31,89240,3212008,1682,7432,0.4658,0.407,0.2316
2024-08-13,6,2,슈퍼배드 4,2024-07-24,17333,1427980,752,1549,0.0905,0.0848,0.1036
2024-08-13,6,3,사랑의 하츄핑,2024-08-07,16627,440748,853,2196,0.0868,0.1203,0.1175
2024-08-13,6,4,리볼버,2024-08-07,15323,223135,762,1972,0.08,0.108,0.1049
2024-08-13,6,5,데드풀과 울버린,2024-07-24,14493,1903836,755,1598,0.0757,0.0875,0.104
2024-08-13,6,6,인사이드 아웃 2,2024-06-12,11913,8706660,623,1011,0.0622,0.0554,0.0858
2024-08-13,6,7,탈주,2024-07-03,5165,2554562,433,676,0.027,0.037,0.0596
2024-08-13,6,8,명탐정 코난: 100만 달러의 펜타그램,2024-07-17,3612,707842,303,410,0.0189,0.0225,0.0417
2024-08-13,6,9,필사의 추격,2024-08-21,1822,2860,7,8,0.0095,0.0004,0.001
2024-08-13,6,10,극장총집편 봇치 더 록! 전편,2024-08-07,1672,45340,155,304,0.0087,0.0166,0.0213
2024-08-14,7,1,에이리언: 로물루스,2024-08-14,95354,96500,1108,2839,0.2329,0.1439,0.1461
2024-08-14,7,2,파일럿,2024-07-31,85345,3297353,984,3527,0.2085,0.1788,0.1297
2024-08-14,7,3,행복의 나라,2024-08-14,78391,90988,1096,4463,0.1915,0.2263,0.1445
2024-08-14,7,4,트위스터스,2024-08-14,38801,52960,798,2026,0.0948,0.1027,0.1052
2024-08-14,7,5,빅토리,2024-08-14,36258,53265,776,2786,0.0886,0.1413,0.1023
2024-08-14,7,6,세븐틴 투어 ‘팔로우’ 어게인 투 시네마,2024-08-14,14592,14736,102,211,0.0356,0.0107,0.0134
2024-08-14,7,7,사랑의 하츄핑,2024-08-07,12606,453354,595,1160,0.0308,0.0588,0.0784
2024-08-14,7,8,슈퍼배드 4,2024-07-24,8162,1436142,366,465,0.0199,0.0236,0.0482
2024-08-14,7,9,데드풀과 울버린,2024-07-24,5603,1909439,176,246,0.0137,0.0125,0.0232
2024-08-14,7,10,인사이드 아웃 2,2024-06-12,4969,8711629,198,249,0.0121,0.0126,0.0261
2024-08-15,8,1,파일럿,2024-07-31,204693,3502046,1126,3809,0.2402,0.1826,0.1317
2024-08-15,8,2,에이리언: 로물루스,2024-08-14,159906,256406,1175,2977,0.1877,0.1427,0.1374
2024-08-15,8,3,행복의 나라,2024-08-14,134057,225045,1087,4204,0.1573,0.2015,0.1271
2024-08-15,8,4,사랑의 하츄핑,2024-08-07,92529,545883,802,1799,0.1086,0.0862,0.0938
2024-08-15,8,5,트위스터스,2024-08-14,74376,127336,783,1842,0.0873,0.0883,0.0916
2024-08-15,8,6,빅토리,2024-08-14,51858,105123,789,2579,0.0609,0.1236,0.0923
2024-08-15,8,7,슈퍼배드 4,2024-07-24,29094,1465236,401,547,0.0341,0.0262,0.0469
2024-08-15,8,8,인사이드 아웃 2,2024-06-12,16353,8727982,222,273,0.0192,0.0131,0.026
2024-08-15,8,9,세븐틴 투어 ‘팔로우’ 어게인 투 시네마,2024-08-14,11327,26063,103,202,0.0133,0.0097,0.012
2024-08-15,8,10,10 라이브즈,2024-08-15,11153,12443,191,319,0.0131,0.0153,0.0223
2024-08-16,9,1,에이리언: 로물루스,2024-08-14,104134,360540,1262,3383,0.2672,0.1668,0.1521
2024-08-16,9,2,파일럿,2024-07-31,95764,3597810,1173,4048,0.2458,0.1996,0.1414
2024-08-16,9,3,행복의 나라,2024-08-14,59364,284409,1007,3910,0.1524,0.1928,0.1214
2024-08-16,9,4,트위스터스,2024-08-14,36524,163860,806,1931,0.0937,0.0952,0.0972
2024-08-16,9,5,빅토리,2024-08-14,22458,127581,752,2395,0.0576,0.1181,0.0906
2024-08-16,9,6,사랑의 하츄핑,2024-08-07,15704,561587,623,1199,0.0403,0.0591,0.0751
2024-08-16,9,7,슈퍼배드 4,2024-07-24,8704,1473940,386,496,0.0223,0.0245,0.0465
2024-08-16,9,8,데드풀과 울버린,2024-07-24,6395,1924784,185,250,0.0164,0.0123,0.0223
2024-08-16,9,9,인사이드 아웃 2,2024-06-12,5940,8733922,206,252,0.0152,0.0124,0.0248
2024-08-16,9,10,세븐틴 투어 ‘팔로우’ 어게인 투 시네마,2024-08-14,4752,30815,103,201,0.0122,0.0099,0.0124
2024-08-17,10,1,에이리언: 로물루스,2024-08-14,182739,543279,1410,3861,0.2692,0.1823,0.1555
2024-08-17,10,2,파일럿,2024-07-31,158790,3756600,1340,4517,0.2339,0.2132,0.1478
2024-08-17,10,3,행복의 나라,2024-08-14,88615,373024,982,3476,0.1305,0.1641,0.1083
2024-08-17,10,4,트위스터스,2024-08-14,60844,224704,874,1884,0.0896,0.0889,0.0964
2024-08-17,10,5,사랑의 하츄핑,2024-08-07,54578,616165,810,1737,0.0804,0.082,0.0893
2024-08-17,10,6,빅토리,2024-08-14,37078,164659,719,1955,0.0546,0.0923,0.0793
2024-08-17,10,7,슈퍼배드 4,2024-07-24,18103,1492043,442,609,0.0267,0.0287,0.0487
2024-08-17,10,8,데드풀과 울버린,2024-07-24,10842,1935626,204,273,0.016,0.0129,0.0225
2024-08-17,10,9,인사이드 아웃 2,2024-06-12,10578,8744500,261,334,0.0156,0.0158,0.0288
2024-08-17,10,10,세븐틴 투어 ‘팔로우’ 어게인 투 시네마,2024-08-14,8083,38898,105,209,0.0119,0.0099,0.0116
2024-08-18,11,1,에이리언: 로물루스,2024-08-14,154340,697619,1436,3810,0.2664,0.1876,0.1606
2024-08-18,11,2,파일럿,2024-07-31,129595,3886195,1309,4309,0.2237,0.2122,0.1464
2024-08-18,11,3,행복의 나라,2024-08-14,74604,447628,958,3252,0.1288,0.1601,0.1071
2024-08-18,11,4,사랑의 하츄핑,2024-08-07,55087,671252,816,1714,0.0951,0.0844,0.0912
2024-08-18,11,5,트위스터스,2024-08-14,50317,275021,849,1778,0.0868,0.0876,0.0949
2024-08-18,11,6,빅토리,2024-08-14,30808,195467,704,1790,0.0532,0.0881,0.0787
2024-08-18,11,7,슈퍼배드 4,2024-07-24,16993,1509036,453,598,0.0293,0.0294,0.0506
2024-08-18,11,8,인사이드 아웃 2,2024-06-12,10302,8754802,247,318,0.0178,0.0157,0.0276
2024-08-18,11,9,데드풀과 울버린,2024-07-24,6503,1942129,194,248,0.0112,0.0122,0.0217
2024-08-18,11,10,10 라이브즈,2024-08-15,5334,25700,185,264,0.0092,0.013,0.0207
2024-08-19,12,1,에이리언: 로물루스,2024-08-14,56121,753740,1148,3545,0.2979,0.2054,0.1607
2024-08-19,12,2,파일럿,2024-07-31,40581,3926776,1025,3757,0.2154,0.2176,0.1435
2024-08-19,12,3,행복의 나라,2024-08-14,24587,472215,851,2924,0.1305,0.1694,0.1192
2024-08-19,12,4,트위스터스,2024-08-14,18238,293259,775,1746,0.0968,0.1011,0.1085
2024-08-19,12,5,빅토리,2024-08-14,11915,207382,669,1726,0.0633,0.1,0.0937
2024-08-19,12,6,사랑의 하츄핑,2024-08-07,7651,678903,496,832,0.0406,0.0482,0.0694
2024-08-19,12,7,슈퍼배드 4,2024-07-24,4096,1513132,293,374,0.0217,0.0217,0.041
2024-08-19,12,8,인사이드 아웃 2,2024-06-12,3129,8757931,192,241,0.0166,0.014,0.0269
2024-08-19,12,9,데드풀과 울버린,2024-07-24,3005,1945134,171,238,0.016,0.0138,0.0239
2024-08-19,12,10,마야,2024-08-16,2167,17482,62,87,0.0115,0.005,0.0087
2024-08-20,13,1,에이리언: 로물루스,2024-08-14,49964,803704,1191,3591,0.283,0.2087,0.1637
2024-08-20,13,2,파일럿,2024-07-31,37134,3963910,1043,3694,0.2103,0.2147,0.1433
2024-08-20,13,3,행복의 나라,2024-08-14,23332,495547,870,2845,0.1321,0.1653,0.1196
2024-08-20,13,4,트위스터스,2024-08-14,17142,310401,777,1696,0.0971,0.0986,0.1068
2024-08-20,13,5,빅토리,2024-08-14,14864,222246,668,1794,0.0842,0.1042,0.0918
2024-08-20,13,6,사랑의 하츄핑,2024-08-07,7826,686729,497,826,0.0443,0.048,0.0683
2024-08-20,13,7,슈퍼배드 4,2024-07-24,3535,1516667,291,364,0.02,0.0212,0.04
2024-08-20,13,8,데드풀과 울버린,2024-07-24,2819,1947953,173,238,0.016,0.0138,0.0238
2024-08-20,13,9,인사이드 아웃 2,2024-06-12,2520,8760451,195,240,0.0143,0.0139,0.0268
2024-08-20,13,10,마야,2024-08-16,1676,19158,58,89,0.0095,0.0052,0.008
2024-08-21,14,1,에이리언: 로물루스,2024-08-14,49500,853204,1070,3573,0.2099,0.201,0.1362
2024-08-21,14,2,파일럿,2024-07-31,41393,4005303,963,3284,0.1756,0.1847,0.1226
2024-08-21,14,3,늘봄가든,2024-08-21,33542,34798,638,1477,0.1423,0.0831,0.0812
2024-08-21,14,4,필사의 추격,2024-08-21,20564,23424,623,1547,0.0872,0.087,0.0793
2024-08-21,14,5,행복의 나라,2024-08-14,16971,512518,757,2088,0.072,0.1174,0.0963
2024-08-21,14,6,트위스터스,2024-08-14,14555,324956,708,1366,0.0617,0.0768,0.0901
2024-08-21,14,7,극장판 블루 록 -에피소드 나기-,2024-08-21,9847,13563,276,581,0.0418,0.0327,0.0351
2024-08-21,14,8,빅토리,2024-08-14,8550,230796,642,1102,0.0363,0.062,0.0817
2024-08-21,14,9,세븐틴 투어 ‘팔로우’ 어게인 투 시네마,2024-08-14,6264,52259,93,203,0.0266,0.0114,0.0118
2024-08-21,14,10,사랑의 하츄핑,2024-08-07,5457,692186,435,571,0.0231,0.0321,0.0554
2024-08-22,15,1,에이리언: 로물루스,2024-08-14,46826,900030,1061,3549,0.2504,0.2036,0.1347
2024-08-22,15,2,파일럿,2024-07-31,33096,4038399,931,3160,0.177,0.1813,0.1182
2024-08-22,15,3,늘봄가든,2024-08-21,20386,55184,709,1515,0.109,0.0869,0.09
2024-08-22,15,4,행복의 나라,2024-08-14,17287,529805,752,2051,0.0924,0.1177,0.0955
2024-08-22,15,5,필사의 추격,2024-08-21,13574,36998,634,1453,0.0726,0.0834,0.0805
2024-08-22,15,6,트위스터스,2024-08-14,13045,338001,695,1315,0.0698,0.0754,0.0883
2024-08-22,15,7,빅토리,2024-08-14,8564,239360,641,1105,0.0458,0.0634,0.0814
2024-08-22,15,8,사랑의 하츄핑,2024-08-07,5039,697225,435,573,0.0269,0.0329,0.0552
2024-08-22,15,9,극장판 블루 록 -에피소드 나기-,2024-08-21,3013,16576,253,494,0.0161,0.0283,0.0321
2024-08-22,15,10,세븐틴 투어 ‘팔로우’ 어게인 투 시네마,2024-08-14,2552,54811,93,199,0.0136,0.0114,0.0118
2024-08-23,16,1,에이리언: 로물루스,2024-08-14,65600,965630,1105,3830,0.2779,0.2106,0.1359
2024-08-23,16,2,파일럿,2024-07-31,39938,4078337,939,3313,0.1692,0.1821,0.1155
2024-08-23,16,3,늘봄가든,2024-08-21,31223,86407,810,1735,0.1323,0.0954,0.0996
2024-08-23,16,4,행복의 나라,2024-08-14,18916,548721,740,2027,0.0801,0.1114,0.091
2024-08-23,16,5,트위스터스,2024-08-14,17591,355592,697,1374,0.0745,0.0755,0.0857
2024-08-23,16,6,필사의 추격,2024-08-21,13573,50571,596,1387,0.0575,0.0763,0.0733
2024-08-23,16,7,빅토리,2024-08-14,10636,249996,647,1128,0.0451,0.062,0.0796
2024-08-23,16,8,사랑의 하츄핑,2024-08-07,6170,703395,444,587,0.0261,0.0323,0.0546
2024-08-23,16,9,가필드 더 무비,2024-05-15,4379,339094,124,165,0.0186,0.0091,0.0152
2024-08-23,16,10,극장판 블루 록 -에피소드 나기-,2024-08-21,2712,19288,244,437,0.0115,0.024,0.03
2024-08-24,17,1,에이리언: 로물루스,2024-08-14,149918,1115548,1217,4536,0.2797,0.2254,0.1351
2024-08-24,17,2,파일럿,2024-07-31,93031,4171368,951,3462,0.1736,0.172,0.1056
2024-08-24,17,3,늘봄가든,2024-08-21,65417,151824,871,1920,0.122,0.0954,0.0967
2024-08-24,17,4,사랑의 하츄핑,2024-08-07,43261,746656,727,1305,0.0807,0.0648,0.0807
2024-08-24,17,5,트위스터스,2024-08-14,39765,395357,717,1367,0.0742,0.0679,0.0796
2024-08-24,17,6,행복의 나라,2024-08-14,33989,582710,772,1927,0.0634,0.0957,0.0857
2024-08-24,17,7,빅토리,2024-08-14,23340,273336,669,1117,0.0435,0.0555,0.0743
2024-08-24,17,8,필사의 추격,2024-08-21,16477,67048,626,1262,0.0307,0.0627,0.0695
2024-08-24,17,9,극장판 블루 록 -에피소드 나기-,2024-08-21,11323,30611,262,432,0.0211,0.0215,0.0291
2024-08-24,17,10,슈퍼배드 4,2024-07-24,8007,1530065,260,331,0.0149,0.0164,0.0289
2024-08-25,18,1,에이리언: 로물루스,2024-08-14,126920,1242468,1171,4326,0.2699,0.2237,0.132
2024-08-25,18,2,파일럿,2024-07-31,81667,4253035,937,3290,0.1737,0.1701,0.1057
2024-08-25,18,3,늘봄가든,2024-08-21,52822,204646,875,1905,0.1123,0.0985,0.0987
2024-08-25,18,4,사랑의 하츄핑,2024-08-07,43839,790495,729,1286,0.0932,0.0665,0.0822
2024-08-25,18,5,트위스터스,2024-08-14,34114,429471,686,1288,0.0725,0.0666,0.0774
2024-08-25,18,6,행복의 나라,2024-08-14,31865,614575,762,1796,0.0678,0.0929,0.0859
2024-08-25,18,7,빅토리,2024-08-14,20421,293757,668,1097,0.0434,0.0567,0.0753
2024-08-25,18,8,필사의 추격,2024-08-21,14947,81995,601,1197,0.0318,0.0619,0.0678
2024-08-25,18,9,슈퍼배드 4,2024-07-24,9314,1539379,278,353,0.0198,0.0183,0.0313
2024-08-25,18,10,극장판 블루 록 -에피소드 나기-,2024-08-21,7781,38392,263,415,0.0165,0.0215,0.0297
2024-08-26,19,1,에이리언: 로물루스,2024-08-14,39030,1281498,1020,3638,0.2644,0.2245,0.1367
2024-08-26,19,2,파일럿,2024-07-31,23207,4276242,859,2828,0.1572,0.1745,0.1151
2024-08-26,19,3,늘봄가든,2024-08-21,17613,222259,743,1674,0.1193,0.1033,0.0996
2024-08-26,19,4,트위스터스,2024-08-14,14606,444077,697,1341,0.099,0.0827,0.0934
2024-08-26,19,5,행복의 나라,2024-08-14,12906,627481,687,1694,0.0874,0.1045,0.0921
2024-08-26,19,6,빅토리,2024-08-14,10165,303922,654,1114,0.0689,0.0687,0.0877
2024-08-26,19,7,필사의 추격,2024-08-21,6410,88405,574,1120,0.0434,0.0691,0.0769
2024-08-26,19,8,사랑의 하츄핑,2024-08-07,5264,795759,426,554,0.0357,0.0342,0.0571
2024-08-26,19,9,극장판 블루 록 -에피소드 나기-,2024-08-21,2576,40968,244,356,0.0175,0.022,0.0327
2024-08-26,19,10,데드풀과 울버린,2024-07-24,1331,1962077,113,147,0.009,0.0091,0.0151
2024-08-27,20,1,에이리언: 로물루스,2024-08-14,35014,1316512,1033,3609,0.235,0.2236,0.1367
2024-08-27,20,2,파일럿,2024-07-31,22275,4298517,872,2789,0.1495,0.1728,0.1154
2024-08-27,20,3,늘봄가든,2024-08-21,15822,238081,752,1632,0.1062,0.1011,0.0995
2024-08-27,20,4,트위스터스,2024-08-14,14312,458389,692,1325,0.0961,0.0821,0.0915
2024-08-27,20,5,행복의 나라,2024-08-14,12634,640115,691,1709,0.0848,0.1059,0.0914
2024-08-27,20,6,빅토리,2024-08-14,10270,314192,680,1136,0.0689,0.0704,0.09
2024-08-27,20,7,필사의 추격,2024-08-21,6920,95325,566,1094,0.0464,0.0678,0.0749
2024-08-27,20,8,사랑의 하츄핑,2024-08-07,5645,801404,427,553,0.0379,0.0343,0.0565
2024-08-27,20,9,극장판 블루 록 -에피소드 나기-,2024-08-21,3392,44360,253,375,0.0228,0.0232,0.0335
2024-08-27,20,10,"안녕, 할부지",2024-09-04,2193,2319,9,11,0.0147,0.0007,0.0012
2024-08-28,21,1,에이리언: 로물루스,2024-08-14,63379,1379891,998,3602,0.23,0.211,0.1229
2024-08-28,21,2,임영웅│아임 히어로 더 스타디움,2024-08-28,49718,50179,224,1103,0.1804,0.0646,0.0276
2024-08-28,21,3,파일럿,2024-07-31,38400,4336917,838,2633,0.1393,0.1542,0.1032
2024-08-28,21,4,트위스터스,2024-08-14,17453,475842,492,907,0.0633,0.0531,0.0606
2024-08-28,21,5,늘봄가든,2024-08-21,14259,252340,667,1297,0.0517,0.076,0.0821
2024-08-28,21,6,행복의 나라,2024-08-14,13691,653806,632,1115,0.0497,0.0653,0.0778
2024-08-28,21,7,소년시절의 너,2020-07-09,13036,97570,338,488,0.0473,0.0286,0.0416
2024-08-28,21,8,한국이 싫어서,2024-08-28,11800,15062,588,1302,0.0428,0.0763,0.0724
2024-08-28,21,9,빅토리,2024-08-14,10061,324253,511,764,0.0365,0.0448,0.0629
2024-08-28,21,10,이매지너리,2024-08-28,6410,7233,218,486,0.0233,0.0285,0.0268
2024-08-29,22,1,에이리언: 로물루스,2024-08-14,33600,1413491,984,3445,0.1916,0.2087,0.1216
2024-08-29,22,2,파일럿,2024-07-31,23973,4360890,848,2543,0.1367,0.1541,0.1048
2024-08-29,22,3,임영웅│아임 히어로 더 스타디움,2024-08-28,23837,74016,214,1010,0.1359,0.0612,0.0264
2024-08-29,22,4,트위스터스,2024-08-14,11980,487822,530,957,0.0683,0.058,0.0655
2024-08-29,22,5,늘봄가든,2024-08-21,11391,263731,631,1255,0.065,0.076,0.078
2024-08-29,22,6,소년시절의 너,2020-07-09,10873,108443,382,567,0.062,0.0344,0.0472
2024-08-29,22,7,행복의 나라,2024-08-14,9759,663565,647,1103,0.0556,0.0668,0.08
2024-08-29,22,8,빅토리,2024-08-14,8873,333126,536,802,0.0506,0.0486,0.0662
2024-08-29,22,9,한국이 싫어서,2024-08-28,6216,21278,558,1159,0.0354,0.0702,0.069
2024-08-29,22,10,사랑의 하츄핑,2024-08-07,4889,810694,352,426,0.0279,0.0258,0.0435
2024-08-30,23,1,에이리언: 로물루스,2024-08-14,46594,1460085,1007,3736,0.2522,0.2191,0.1244
2024-08-30,23,2,파일럿,2024-07-31,29762,4390652,854,2730,0.1611,0.1601,0.1055
2024-08-30,23,3,임영웅│아임 히어로 더 스타디움,2024-08-28,20870,94886,210,1018,0.113,0.0597,0.0259
2024-08-30,23,4,트위스터스,2024-08-14,12530,500352,523,1020,0.0678,0.0598,0.0646
2024-08-30,23,5,늘봄가든,2024-08-21,11001,274732,648,1295,0.0595,0.0759,0.0801
2024-08-30,23,6,소년시절의 너,2020-07-09,10467,118910,414,693,0.0567,0.0406,0.0512
2024-08-30,23,7,빅토리,2024-08-14,8979,342105,547,835,0.0486,0.049,0.0676
2024-08-30,23,8,행복의 나라,2024-08-14,6925,670490,611,1038,0.0375,0.0609,0.0755
2024-08-30,23,9,한국이 싫어서,2024-08-28,6087,27365,544,1101,0.0329,0.0646,0.0672
2024-08-30,23,10,사랑의 하츄핑,2024-08-07,4103,814797,356,446,0.0222,0.0262,0.044
2024-08-31,24,1,에이리언: 로물루스,2024-08-14,100045,1560130,1020,4152,0.24,0.2135,0.1128
2024-08-31,24,2,파일럿,2024-07-31,67278,4457930,866,2919,0.1614,0.1501,0.0958
2024-08-31,24,3,임영웅│아임 히어로 더 스타디움,2024-08-28,38955,133841,217,1056,0.0934,0.0543,0.024
2024-08-31,24,4,사랑의 하츄핑,2024-08-07,35029,849826,695,1310,0.084,0.0674,0.0769
2024-08-31,24,5,트위스터스,2024-08-14,31393,531745,552,1077,0.0753,0.0554,0.0611
2024-08-31,24,6,늘봄가든,2024-08-21,29499,304231,683,1581,0.0708,0.0813,0.0755
2024-08-31,24,7,빅토리,2024-08-14,20777,362882,619,955,0.0498,0.0491,0.0685
2024-08-31,24,8,소년시절의 너,2020-07-09,18564,137474,467,818,0.0445,0.0421,0.0517
2024-08-31,24,9,행복의 나라,2024-08-14,11241,681731,619,996,0.027,0.0512,0.0685
2024-08-31,24,10,한국이 싫어서,2024-08-28,8334,35699,558,987,0.02,0.0508,0.0617
2024-09-01,25,1,에이리언: 로물루스,2024-08-14,76577,1636707,1009,3921,0.2267,0.2147,0.1148
2024-09-01,25,2,파일럿,2024-07-31,50909,4508839,840,2752,0.1507,0.1507,0.0956
2024-09-01,25,3,사랑의 하츄핑,2024-08-07,35020,884846,690,1291,0.1037,0.0707,0.0785
2024-09-01,25,4,임영웅│아임 히어로 더 스타디움,2024-08-28,27580,161421,214,984,0.0817,0.0539,0.0243
2024-09-01,25,5,늘봄가든,2024-08-21,25891,330122,676,1466,0.0767,0.0803,0.0769
2024-09-01,25,6,트위스터스,2024-08-14,25451,557196,559,1055,0.0753,0.0578,0.0636
2024-09-01,25,7,소년시절의 너,2020-07-09,18246,155720,461,800,0.054,0.0438,0.0524
2024-09-01,25,8,빅토리,2024-08-14,15984,378866,601,894,0.0473,0.0489,0.0684
2024-09-01,25,9,행복의 나라,2024-08-14,8457,690188,585,914,0.025,0.05,0.0666
2024-09-01,25,10,한국이 싫어서,2024-08-28,5026,40725,526,859,0.0149,0.047,0.0598
2024-09-02,26,1,에이리언: 로물루스,2024-08-14,22195,1658902,931,3294,0.2351,0.2317,0.1328
2024-09-02,26,2,파일럿,2024-07-31,14134,4522973,776,2279,0.1497,0.1603,0.1107
2024-09-02,26,3,임영웅│아임 히어로 더 스타디움,2024-08-28,11488,172909,203,863,0.1217,0.0607,0.029
2024-09-02,26,4,소년시절의 너,2020-07-09,7224,162944,410,757,0.0765,0.0532,0.0585
2024-09-02,26,5,빅토리,2024-08-14,5437,384303,519,843,0.0576,0.0593,0.074
2024-09-02,26,6,늘봄가든,2024-08-21,5307,335429,535,1028,0.0562,0.0723,0.0763
2024-09-02,26,7,트위스터스,2024-08-14,4887,562083,474,842,0.0518,0.0592,0.0676
2024-09-02,26,8,행복의 나라,2024-08-14,3068,693256,500,781,0.0325,0.0549,0.0713
2024-09-02,26,9,한국이 싫어서,2024-08-28,2413,43138,451,741,0.0256,0.0521,0.0643
2024-09-02,26,10,"안녕, 할부지",2024-09-04,2217,6164,10,10,0.0235,0.0007,0.0014
2024-09-03,27,1,에이리언: 로물루스,2024-08-14,19788,1678690,925,3111,0.2059,0.2227,0.1316
2024-09-03,27,2,파일럿,2024-07-31,12609,4535582,765,2222,0.1312,0.1591,0.1089
2024-09-03,27,3,임영웅│아임 히어로 더 스타디움,2024-08-28,12035,184944,203,870,0.1252,0.0623,0.0289
2024-09-03,27,4,빅토리,2024-08-14,10202,394505,541,856,0.1061,0.0613,0.077
2024-09-03,27,5,소년시절의 너,2020-07-09,6929,169873,417,759,0.0721,0.0543,0.0593
2024-09-03,27,6,늘봄가든,2024-08-21,4825,340254,545,1000,0.0502,0.0716,0.0776
2024-09-03,27,7,트위스터스,2024-08-14,4632,566715,470,825,0.0482,0.0591,0.0669
2024-09-03,27,8,행복의 나라,2024-08-14,3262,696518,495,768,0.0339,0.055,0.0704
2024-09-03,27,9,한국이 싫어서,2024-08-28,3160,46298,476,771,0.0329,0.0552,0.0677
2024-09-03,27,10,사랑의 하츄핑,2024-08-07,2579,889588,315,388,0.0268,0.0278,0.0448
2024-09-04,28,1,"안녕, 할부지",2024-09-04,39555,45719,1021,3251,0.2523,0.2015,0.1365
2024-09-04,28,2,비틀쥬스 비틀쥬스,2024-09-04,21784,22162,787,2509,0.1389,0.1555,0.1052
2024-09-04,28,3,에이리언: 로물루스,2024-08-14,18780,1697470,787,2554,0.1198,0.1583,0.1052
2024-09-04,28,4,파일럿,2024-07-31,11673,4547255,682,1690,0.0745,0.1047,0.0912
2024-09-04,28,5,임영웅│아임 히어로 더 스타디움,2024-08-28,11163,196107,187,679,0.0712,0.0421,0.025
2024-09-04,28,6,소년시절의 너,2020-07-09,6454,176327,371,626,0.0412,0.0388,0.0496
2024-09-04,28,7,트위스터스,2024-08-14,5638,572353,368,663,0.036,0.0411,0.0492
2024-09-04,28,8,레드불 T1 다큐멘터리 : 함께 날아오르다,2024-09-04,5022,5022,46,87,0.032,0.0054,0.0062
2024-09-04,28,9,빅토리,2024-08-14,4766,399271,397,549,0.0304,0.034,0.0531
2024-09-04,28,10,늘봄가든,2024-08-21,3705,343959,400,612,0.0236,0.0379,0.0535
2024-09-05,29,1,"안녕, 할부지",2024-09-04,16698,62417,906,2723,0.1298,0.1733,0.1199
2024-09-05,29,2,룩백,2024-09-05,16206,23322,184,916,0.126,0.0583,0.0243
2024-09-05,29,3,에이리언: 로물루스,2024-08-14,15652,1713122,764,2410,0.1217,0.1534,0.1011
2024-09-05,29,4,비틀쥬스 비틀쥬스,2024-09-04,10693,32855,740,1977,0.0831,0.1258,0.0979
2024-09-05,29,5,파일럿,2024-07-31,10307,4557562,688,1589,0.0801,0.1011,0.091
2024-09-05,29,6,임영웅│아임 히어로 더 스타디움,2024-08-28,7812,203919,180,632,0.0607,0.0402,0.0238
2024-09-05,29,7,빅토리,2024-08-14,5839,405110,377,512,0.0454,0.0326,0.0499
2024-09-05,29,8,소년시절의 너,2020-07-09,5469,181796,358,569,0.0425,0.0362,0.0474
2024-09-05,29,9,트위스터스,2024-08-14,4737,577090,355,617,0.0368,0.0393,0.047
2024-09-05,29,10,코마다 위스키 패밀리,2024-09-05,3084,3390,150,237,0.024,0.0151,0.0198
2024-09-06,30,1,에이리언: 로물루스,2024-08-14,22830,1735952,820,2727,0.1622,0.1661,0.1053
2024-09-06,30,2,"안녕, 할부지",2024-09-04,17685,80102,878,2810,0.1256,0.1711,0.1128
2024-09-06,30,3,룩백,2024-09-05,12779,36101,188,922,0.0908,0.0561,0.0242
2024-09-06,30,4,파일럿,2024-07-31,12753,4570315,719,1698,0.0906,0.1034,0.0924
2024-09-06,30,5,비틀쥬스 비틀쥬스,2024-09-04,11719,44574,747,1964,0.0833,0.1196,0.096
2024-09-06,30,6,빅토리,2024-08-14,7432,412542,404,548,0.0528,0.0334,0.0519
2024-09-06,30,7,트위스터스,2024-08-14,6922,584012,371,664,0.0492,0.0404,0.0477
2024-09-06,30,8,소년시절의 너,2020-07-09,6845,188641,373,600,0.0486,0.0365,0.0479
2024-09-06,30,9,임영웅│아임 히어로 더 스타디움,2024-08-28,6631,210550,183,599,0.0471,0.0365,0.0235
2024-09-06,30,10,늘봄가든,2024-08-21,4956,351825,405,613,0.0352,0.0373,0.052
2024-09-07,31,1,에이리언: 로물루스,2024-08-14,52888,1788840,861,3039,0.1775,0.1575,0.099
2024-09-07,31,2,"안녕, 할부지",2024-09-04,39947,120049,863,3226,0.1341,0.1671,0.0992
2024-09-07,31,3,파일럿,2024-07-31,30541,4600856,761,1978,0.1025,0.1025,0.0875
2024-09-07,31,4,사랑의 하츄핑,2024-08-07,22295,920608,633,1166,0.0748,0.0604,0.0728
2024-09-07,31,5,비틀쥬스 비틀쥬스,2024-09-04,20828,65402,762,2033,0.0699,0.1053,0.0876
2024-09-07,31,6,룩백,2024-09-05,19840,55941,206,1030,0.0666,0.0534,0.0237
2024-09-07,31,7,임영웅│아임 히어로 더 스타디움,2024-08-28,14869,225419,184,646,0.0499,0.0335,0.0211
2024-09-07,31,8,트위스터스,2024-08-14,13223,597235,392,698,0.0444,0.0362,0.0451
2024-09-07,31,9,소년시절의 너,2020-07-09,13167,201808,398,644,0.0442,0.0334,0.0457
2024-09-07,31,10,빅토리,2024-08-14,10892,423434,401,577,0.0366,0.0299,0.0461
2024-09-08,32,1,에이리언: 로물루스,2024-08-14,43645,1832485,824,2907,0.1705,0.1585,0.0975
2024-09-08,32,2,"안녕, 할부지",2024-09-04,31160,151209,849,2950,0.1218,0.1608,0.1005
2024-09-08,32,3,파일럿,2024-07-31,27457,4628313,724,1906,0.1073,0.1039,0.0857
2024-09-08,32,4,사랑의 하츄핑,2024-08-07,24767,945375,643,1180,0.0968,0.0643,0.0761
2024-09-08,32,5,룩백,2024-09-05,17291,73232,206,1003,0.0676,0.0547,0.0244
2024-09-08,32,6,비틀쥬스 비틀쥬스,2024-09-04,16921,82323,754,1891,0.0661,0.1031,0.0893
2024-09-08,32,7,소년시절의 너,2020-07-09,12922,214730,388,621,0.0505,0.0338,0.0459
2024-09-08,32,8,트위스터스,2024-08-14,11327,608562,375,650,0.0443,0.0354,0.0444
2024-09-08,32,9,빅토리,2024-08-14,9088,432522,401,560,0.0355,0.0305,0.0475
2024-09-08,32,10,늘봄가든,2024-08-21,8806,370853,433,683,0.0344,0.0372,0.0513
2024-09-09,33,1,에이리언: 로물루스,2024-08-14,13306,1845791,739,2333,0.1656,0.1713,0.1098
2024-09-09,33,2,파일럿,2024-07-31,8739,4637052,615,1488,0.1088,0.1092,0.0914
2024-09-09,33,3,"안녕, 할부지",2024-09-04,7255,158464,693,2048,0.0903,0.1503,0.103
2024-09-09,33,4,룩백,2024-09-05,6712,79944,179,864,0.0835,0.0634,0.0266
2024-09-09,33,5,빅토리,2024-08-14,6460,438982,397,556,0.0804,0.0408,0.059
2024-09-09,33,6,소년시절의 너,2020-07-09,5638,220368,384,638,0.0702,0.0468,0.0571
2024-09-09,33,7,비틀쥬스 비틀쥬스,2024-09-04,5343,87666,632,1433,0.0665,0.1052,0.0939
2024-09-09,33,8,임영웅│아임 히어로 더 스타디움,2024-08-28,3631,237837,171,530,0.0452,0.0389,0.0254
2024-09-09,33,9,트위스터스,2024-08-14,3165,611727,349,605,0.0394,0.0444,0.0519
2024-09-09,33,10,베테랑2,2024-09-13,2474,2764,7,8,0.0308,0.0006,0.001
2024-09-10,34,1,빅토리,2024-08-14,13189,452171,444,623,0.1599,0.0466,0.0654
2024-09-10,34,2,에이리언: 로물루스,2024-08-14,10640,1856431,749,2210,0.129,0.1652,0.1103
2024-09-10,34,3,파일럿,2024-07-31,8088,4645140,626,1437,0.098,0.1074,0.0922
2024-09-10,34,4,"안녕, 할부지",2024-09-04,7316,165780,701,1959,0.0887,0.1465,0.1032
2024-09-10,34,5,룩백,2024-09-05,6295,86239,189,870,0.0763,0.065,0.0278
2024-09-10,34,6,비틀쥬스 비틀쥬스,2024-09-04,5307,92973,624,1399,0.0643,0.1046,0.0919
2024-09-10,34,7,소년시절의 너,2020-07-09,4840,225208,378,620,0.0587,0.0464,0.0557
2024-09-10,34,8,임영웅│아임 히어로 더 스타디움,2024-08-28,4024,241861,178,563,0.0488,0.0421,0.0262
2024-09-10,34,9,트위스터스,2024-08-14,3598,615325,330,571,0.0436,0.0427,0.0486
2024-09-10,34,10,늘봄가든,2024-08-21,2038,375009,327,443,0.0247,0.0331,0.0482
2024-09-11,35,1,빅토리,2024-08-14,13602,465773,465,722,0.138,0.0524,0.0728
2024-09-11,35,2,에이리언: 로물루스,2024-08-14,11162,1867593,746,2239,0.1132,0.1624,0.1167
2024-09-11,35,3,파일럿,2024-07-31,8237,4653377,610,1519,0.0836,0.1102,0.0955
2024-09-11,35,4,"안녕, 할부지",2024-09-04,7421,173201,669,1868,0.0753,0.1355,0.1047
2024-09-11,35,5,스픽 노 이블,2024-09-11,7405,7571,552,1704,0.0751,0.1236,0.0864
2024-09-11,35,6,룩백,2024-09-05,6196,92435,181,814,0.0628,0.059,0.0283
2024-09-11,35,7,임영웅│아임 히어로 더 스타디움,2024-08-28,5417,247278,124,421,0.0549,0.0305,0.0194
2024-09-11,35,8,소년시절의 너,2020-07-09,5061,230269,365,650,0.0513,0.0471,0.0571
2024-09-11,35,9,비틀쥬스 비틀쥬스,2024-09-04,4154,97127,493,1000,0.0421,0.0725,0.0772
2024-09-11,35,10,베테랑2,2024-09-13,4043,6807,19,20,0.041,0.0015,0.003
2024-09-12,36,1,빅토리,2024-08-14,15048,480821,453,686,0.1402,0.0504,0.0698
2024-09-12,36,2,베테랑2,2024-09-13,11689,18496,61,65,0.1089,0.0048,0.0094
2024-09-12,36,3,에이리언: 로물루스,2024-08-14,10494,1878087,745,2233,0.0978,0.1641,0.1148
2024-09-12,36,4,룩백,2024-09-05,9165,101600,197,911,0.0854,0.067,0.0304
2024-09-12,36,5,파일럿,2024-07-31,7885,4661262,613,1511,0.0735,0.1111,0.0945
2024-09-12,36,6,"안녕, 할부지",2024-09-04,7512,180713,684,1722,0.07,0.1266,0.1054
2024-09-12,36,7,스픽 노 이블,2024-09-11,5627,13198,518,1513,0.0524,0.1112,0.0799
2024-09-12,36,8,소년시절의 너,2020-07-09,5453,235722,360,623,0.0508,0.0458,0.0555
2024-09-12,36,9,캐시 아웃,2024-09-12,4511,4984,185,314,0.042,0.0231,0.0285
2024-09-12,36,10,비틀쥬스 비틀쥬스,2024-09-04,3574,100701,492,951,0.0333,0.0699,0.0758
2024-09-13,37,1,베테랑2,2024-09-13,497498,515994,2682,13450,0.9003,0.7097,0.4081
2024-09-13,37,2,룩백,2024-09-05,7532,109132,216,534,0.0136,0.0282,0.0329
2024-09-13,37,3,에이리언: 로물루스,2024-08-14,6325,1884412,434,676,0.0114,0.0357,0.066
2024-09-13,37,4,"안녕, 할부지",2024-09-04,4392,185105,408,546,0.0079,0.0288,0.0621
2024-09-13,37,5,우리가 끝이야,2024-09-13,3566,3566,154,285,0.0065,0.015,0.0234
2024-09-13,37,6,스픽 노 이블,2024-09-11,3032,16230,441,658,0.0055,0.0347,0.0671
2024-09-13,37,7,빅토리,2024-08-14,2955,483776,129,140,0.0053,0.0074,0.0196
2024-09-13,37,8,소년시절의 너,2020-07-09,2466,238188,118,151,0.0045,0.008,0.018
2024-09-13,37,9,사랑의 하츄핑,2024-08-07,2456,953684,271,332,0.0044,0.0175,0.0412
2024-09-13,37,10,오지: 사라진 숲을 찾아서,2024-09-13,1968,2292,141,232,0.0036,0.0122,0.0215
2024-09-14,38,1,베테랑2,2024-09-13,755086,1271080,2668,13928,0.8431,0.6713,0.3643
2024-09-14,38,2,브레드이발소: 빵스타의 탄생,2024-09-14,27048,44762,400,958,0.0302,0.0462,0.0546
2024-09-14,38,3,사랑의 하츄핑,2024-08-07,18727,972411,478,680,0.0209,0.0328,0.0653
2024-09-14,38,4,룩백,2024-09-05,14806,123938,225,533,0.0165,0.0257,0.0307
2024-09-14,38,5,에이리언: 로물루스,2024-08-14,12173,1896585,392,546,0.0136,0.0263,0.0535
2024-09-14,38,6,"안녕, 할부지",2024-09-04,7804,192909,366,465,0.0087,0.0224,0.05
2024-09-14,38,7,오지: 사라진 숲을 찾아서,2024-09-13,7436,9728,210,320,0.0083,0.0154,0.0287
2024-09-14,38,8,임영웅│아임 히어로 더 스타디움,2024-08-28,6640,259001,107,210,0.0074,0.0101,0.0146
2024-09-14,38,9,스픽 노 이블,2024-09-11,5666,21896,458,641,0.0063,0.0309,0.0625
2024-09-14,38,10,소년시절의 너,2020-07-09,4235,242423,109,145,0.0047,0.007,0.0149
2024-09-15,39,1,베테랑2,2024-09-13,824702,2095782,2691,13983,0.8559,0.6737,0.3662
2024-09-15,39,2,브레드이발소: 빵스타의 탄생,2024-09-14,25735,70497,382,922,0.0267,0.0444,0.052
2024-09-15,39,3,사랑의 하츄핑,2024-08-07,21313,993724,496,697,0.0221,0.0336,0.0675
2024-09-15,39,4,에이리언: 로물루스,2024-08-14,14307,1910892,389,535,0.0148,0.0258,0.0529
2024-09-15,39,5,룩백,2024-09-05,11853,135791,223,544,0.0123,0.0262,0.0303
2024-09-15,39,6,오지: 사라진 숲을 찾아서,2024-09-13,8588,18316,214,332,0.0089,0.016,0.0291
2024-09-15,39,7,"안녕, 할부지",2024-09-04,8460,201369,388,486,0.0088,0.0234,0.0528
2024-09-15,39,8,스픽 노 이블,2024-09-11,5191,27087,455,617,0.0054,0.0297,0.0619
2024-09-15,39,9,소년시절의 너,2020-07-09,4332,246755,115,146,0.0045,0.007,0.0157
2024-09-15,39,10,파일럿,2024-07-31,4276,4670062,179,212,0.0044,0.0102,0.0244
2024-09-16,40,1,베테랑2,2024-09-13,764681,2860463,2685,14021,0.8593,0.6792,0.3714
2024-09-16,40,2,브레드이발소: 빵스타의 탄생,2024-09-14,20647,91144,367,877,0.0232,0.0425,0.0508
2024-09-16,40,3,사랑의 하츄핑,2024-08-07,20461,1014185,510,740,0.023,0.0358,0.0705
2024-09-16,40,4,에이리언: 로물루스,2024-08-14,15799,1926691,397,551,0.0178,0.0267,0.0549
2024-09-16,40,5,룩백,2024-09-05,9895,145686,218,548,0.0111,0.0265,0.0302
2024-09-16,40,6,"안녕, 할부지",2024-09-04,8225,209594,380,476,0.0092,0.0231,0.0526
2024-09-16,40,7,파일럿,2024-07-31,5544,4675606,187,221,0.0062,0.0107,0.0259
2024-09-16,40,8,오지: 사라진 숲을 찾아서,2024-09-13,5076,23392,201,315,0.0057,0.0153,0.0278
2024-09-16,40,9,임영웅│아임 히어로 더 스타디움,2024-08-28,4915,268047,106,212,0.0055,0.0103,0.0147
2024-09-16,40,10,스픽 노 이블,2024-09-11,4519,31606,424,567,0.0051,0.0275,0.0587
2024-09-17,41,1,베테랑2,2024-09-13,854175,3714638,2679,13968,0.8678,0.6809,0.3734
2024-09-17,41,2,사랑의 하츄핑,2024-08-07,20362,1034547,512,749,0.0207,0.0365,0.0714
2024-09-17,41,3,브레드이발소: 빵스타의 탄생,2024-09-14,19230,110374,344,831,0.0195,0.0405,0.048
2024-09-17,41,4,에이리언: 로물루스,2024-08-14,17233,1943924,406,563,0.0175,0.0274,0.0566
2024-09-17,41,5,룩백,2024-09-05,8843,154529,223,551,0.009,0.0269,0.0311
2024-09-17,41,6,"안녕, 할부지",2024-09-04,8273,217867,383,478,0.0084,0.0233,0.0534
2024-09-17,41,7,파일럿,2024-07-31,7763,4683369,190,239,0.0079,0.0117,0.0265
2024-09-17,41,8,임영웅│아임 히어로 더 스타디움,2024-08-28,6323,274370,112,214,0.0064,0.0104,0.0156
2024-09-17,41,9,스픽 노 이블,2024-09-11,5420,37026,421,556,0.0055,0.0271,0.0587
2024-09-17,41,10,오지: 사라진 숲을 찾아서,2024-09-13,5021,28413,197,304,0.0051,0.0148,0.0275
2024-09-18,42,1,베테랑2,2024-09-13,738619,4453257,2647,13139,0.7968,0.658,0.3607
2024-09-18,42,2,사랑의 하츄핑,2024-08-07,32769,1067316,495,712,0.0354,0.0357,0.0674
2024-09-18,42,3,브레드이발소: 빵스타의 탄생,2024-09-14,32232,142606,351,796,0.0348,0.0399,0.0478
2024-09-18,42,4,비긴 어게인,2014-08-13,19650,3502420,353,472,0.0212,0.0236,0.0481
2024-09-18,42,5,정국: 아이 엠 스틸,2024-09-18,11867,12114,94,380,0.0128,0.019,0.0128
2024-09-18,42,6,룩백,2024-09-05,11430,165959,231,504,0.0123,0.0252,0.0315
2024-09-18,42,7,에이리언: 로물루스,2024-08-14,10493,1954417,343,446,0.0113,0.0223,0.0467
2024-09-18,42,8,임영웅│아임 히어로 더 스타디움,2024-08-28,8853,283223,98,176,0.0096,0.0088,0.0134
2024-09-18,42,9,오지: 사라진 숲을 찾아서,2024-09-13,7067,35480,201,306,0.0076,0.0153,0.0274
2024-09-18,42,10,"안녕, 할부지",2024-09-04,6830,224697,274,335,0.0074,0.0168,0.0373
2024-09-19,43,1,베테랑2,2024-09-13,233283,4686540,2439,11377,0.8168,0.6536,0.3739
2024-09-19,43,2,룩백,2024-09-05,9428,175387,239,550,0.033,0.0316,0.0366
2024-09-19,43,3,비긴 어게인,2014-08-13,9048,3511468,403,673,0.0317,0.0387,0.0618
2024-09-19,43,4,에이리언: 로물루스,2024-08-14,4756,1959173,385,563,0.0167,0.0323,0.059
2024-09-19,43,5,정국: 아이 엠 스틸,2024-09-18,2997,15111,86,346,0.0105,0.0199,0.0132
2024-09-19,43,6,임영웅│아임 히어로 더 스타디움,2024-08-28,2886,286109,78,131,0.0101,0.0075,0.012
2024-09-19,43,7,소년시절의 너,2020-07-09,2307,261565,143,194,0.0081,0.0111,0.0219
2024-09-19,43,8,"안녕, 할부지",2024-09-04,2241,226938,273,331,0.0078,0.019,0.0418
2024-09-19,43,9,브레드이발소: 빵스타의 탄생,2024-09-14,1736,144342,203,294,0.0061,0.0169,0.0311
2024-09-19,43,10,사랑의 하츄핑,2024-08-07,1648,1068964,196,231,0.0058,0.0133,0.03
2024-09-20,44,1,베테랑2,2024-09-13,218067,4904607,2482,11776,0.7834,0.6541,0.3679
2024-09-20,44,2,비긴 어게인,2014-08-13,11295,3522763,425,702,0.0406,0.039,0.063
2024-09-20,44,3,룩백,2024-09-05,6170,181557,238,550,0.0222,0.0306,0.0353
2024-09-20,44,4,에이리언: 로물루스,2024-08-14,5441,1964614,400,598,0.0195,0.0332,0.0593
2024-09-20,44,5,임영웅│아임 히어로 더 스타디움,2024-08-28,3079,289188,101,154,0.0111,0.0086,0.015
2024-09-20,44,6,소년시절의 너,2020-07-09,2801,264366,145,196,0.0101,0.0109,0.0215
2024-09-20,44,7,정국: 아이 엠 스틸,2024-09-18,2406,17517,91,309,0.0086,0.0172,0.0135
2024-09-20,44,8,새벽의 모든,2024-09-18,2404,7889,105,136,0.0086,0.0076,0.0156
2024-09-20,44,9,브레드이발소: 빵스타의 탄생,2024-09-14,2345,146687,241,341,0.0084,0.0189,0.0357
2024-09-20,44,10,사랑의 하츄핑,2024-08-07,2257,1071221,217,251,0.0081,0.0139,0.0322
2024-09-21,45,1,베테랑2,2024-09-13,386734,5291341,2520,12296,0.7308,0.6305,0.3411
2024-09-21,45,2,브레드이발소: 빵스타의 탄생,2024-09-14,20305,166992,409,858,0.0384,0.044,0.0554
2024-09-21,45,3,사랑의 하츄핑,2024-08-07,20018,1091239,443,642,0.0378,0.0329,0.06
2024-09-21,45,4,비긴 어게인,2014-08-13,17543,3540306,420,655,0.0331,0.0336,0.0569
2024-09-21,45,5,룩백,2024-09-05,10932,192489,245,546,0.0207,0.028,0.0332
2024-09-21,45,6,에이리언: 로물루스,2024-08-14,9126,1973740,373,518,0.0172,0.0266,0.0505
2024-09-21,45,7,트랜스포머 ONE,2024-09-25,6170,30263,223,365,0.0117,0.0187,0.0302
2024-09-21,45,8,와일드 로봇,2024-10-01,5579,5579,32,32,0.0105,0.0016,0.0043
2024-09-21,45,9,"안녕, 할부지",2024-09-04,5355,234485,228,277,0.0101,0.0142,0.0309
2024-09-21,45,10,임영웅│아임 히어로 더 스타디움,2024-08-28,5174,294362,99,157,0.0098,0.0081,0.0134
2024-09-22,46,1,베테랑2,2024-09-13,309695,5601036,2497,11745,0.7122,0.6249,0.3413
2024-09-22,46,2,사랑의 하츄핑,2024-08-07,21435,1112674,464,683,0.0493,0.0363,0.0634
2024-09-22,46,3,브레드이발소: 빵스타의 탄생,2024-09-14,18205,185197,427,885,0.0419,0.0471,0.0584
2024-09-22,46,4,비긴 어게인,2014-08-13,15494,3555800,433,674,0.0356,0.0359,0.0592
2024-09-22,46,5,룩백,2024-09-05,9015,201504,247,549,0.0207,0.0292,0.0338
2024-09-22,46,6,트랜스포머 ONE,2024-09-25,6536,36799,237,378,0.015,0.0201,0.0324
2024-09-22,46,7,에이리언: 로물루스,2024-08-14,6272,1980012,359,478,0.0144,0.0254,0.0491
2024-09-22,46,8,와일드 로봇,2024-10-01,5363,10942,30,30,0.0123,0.0016,0.0041
2024-09-22,46,9,임영웅│아임 히어로 더 스타디움,2024-08-28,4689,299051,105,155,0.0108,0.0082,0.0144
2024-09-22,46,10,오지: 사라진 숲을 찾아서,2024-09-13,4476,46784,161,252,0.0103,0.0134,0.022
2024-09-23,47,1,베테랑2,2024-09-13,99916,5700952,2327,10014,0.7364,0.6567,0.3842
2024-09-23,47,2,비긴 어게인,2014-08-13,6480,3562280,436,764,0.0478,0.0501,0.072
2024-09-23,47,3,대도시의 사랑법,2024-10-01,4356,4356,16,20,0.0321,0.0013,0.0026
2024-09-23,47,4,룩백,2024-09-05,3340,204844,225,506,0.0246,0.0332,0.0371
2024-09-23,47,5,에이리언: 로물루스,2024-08-14,2137,1982149,370,518,0.0158,0.034,0.0611
2024-09-23,47,6,"안녕, 할부지",2024-09-04,1454,239366,231,275,0.0107,0.018,0.0381
2024-09-23,47,7,소년시절의 너,2020-07-09,1432,274602,150,203,0.0106,0.0133,0.0248
2024-09-23,47,8,임영웅│아임 히어로 더 스타디움,2024-08-28,1303,300354,94,140,0.0096,0.0092,0.0155
2024-09-23,47,9,브레드이발소: 빵스타의 탄생,2024-09-14,1280,186477,146,181,0.0094,0.0119,0.0241
2024-09-23,47,10,사랑의 하츄핑,2024-08-07,974,1113648,177,199,0.0072,0.0131,0.0292
2024-09-24,48,1,베테랑2,2024-09-13,88771,5789723,2344,9836,0.7225,0.6514,0.3807
2024-09-24,48,2,비긴 어게인,2014-08-13,5811,3568091,451,765,0.0473,0.0507,0.0732
2024-09-24,48,3,룩백,2024-09-05,2754,207598,217,475,0.0224,0.0315,0.0352
2024-09-24,48,4,에이리언: 로물루스,2024-08-14,2069,1984218,350,492,0.0168,0.0326,0.0568
2024-09-24,48,5,임영웅│아임 히어로 더 스타디움,2024-08-28,1596,301950,98,150,0.013,0.0099,0.0159
2024-09-24,48,6,"안녕, 할부지",2024-09-04,1508,240874,247,293,0.0123,0.0194,0.0401
2024-09-24,48,7,새벽의 모든,2024-09-18,1469,14535,108,138,0.012,0.0091,0.0175
2024-09-24,48,8,소년시절의 너,2020-07-09,1441,276043,153,206,0.0117,0.0136,0.0248
2024-09-24,48,9,파일럿,2024-07-31,1256,4696763,155,180,0.0102,0.0119,0.0252
2024-09-24,48,10,사랑의 하츄핑,2024-08-07,1164,1114812,187,206,0.0095,0.0136,0.0304
2024-09-25,49,1,베테랑2,2024-09-13,132449,5922172,2120,8636,0.6292,0.5244,0.3303
2024-09-25,49,2,트랜스포머 ONE,2024-09-25,24008,60807,951,3095,0.1141,0.1879,0.1482
2024-09-25,49,3,비긴 어게인,2014-08-13,9855,3577946,454,695,0.0468,0.0422,0.0707
2024-09-25,49,4,로봇 드림,2024-03-13,5238,53440,134,249,0.0249,0.0151,0.0209
2024-09-25,49,5,정국: 아이 엠 스틸,2024-09-18,5034,28719,86,148,0.0239,0.009,0.0134
2024-09-25,49,6,극장총집편 봇치 더 록! 후편,2024-09-25,4787,5784,173,368,0.0227,0.0223,0.027
2024-09-25,49,7,룩백,2024-09-05,4468,212066,210,448,0.0212,0.0272,0.0327
2024-09-25,49,8,에이리언: 로물루스,2024-08-14,2074,1986292,274,358,0.0099,0.0217,0.0427
2024-09-25,49,9,소년시절의 너,2020-07-09,1614,277657,127,155,0.0077,0.0094,0.0198
2024-09-25,49,10,브레드이발소: 빵스타의 탄생,2024-09-14,1331,188675,151,175,0.0063,0.0106,0.0235
2024-09-26,50,1,베테랑2,2024-09-13,75957,5998129,2033,8112,0.6216,0.5302,0.3325
2024-09-26,50,2,트랜스포머 ONE,2024-09-25,12010,72817,910,2734,0.0983,0.1787,0.1488
2024-09-26,50,3,비긴 어게인,2014-08-13,7540,3585486,469,781,0.0617,0.051,0.0767
2024-09-26,50,4,룩백,2024-09-05,3211,215277,216,470,0.0263,0.0307,0.0353
2024-09-26,50,5,정국: 아이 엠 스틸,2024-09-18,1708,30427,74,135,0.014,0.0088,0.0121
2024-09-26,50,6,에이리언: 로물루스,2024-08-14,1546,1987838,264,349,0.0127,0.0228,0.0432
2024-09-26,50,7,극장총집편 봇치 더 록! 후편,2024-09-25,1198,6982,146,262,0.0098,0.0171,0.0239
2024-09-26,50,8,브레드이발소: 빵스타의 탄생,2024-09-14,1125,189800,144,159,0.0092,0.0104,0.0235
2024-09-26,50,9,사랑의 하츄핑,2024-08-07,1107,1117073,144,162,0.0091,0.0106,0.0235
2024-09-26,50,10,소년시절의 너,2020-07-09,1075,278732,125,161,0.0088,0.0105,0.0204
2024-09-27,51,1,베테랑2,2024-09-13,93990,6092119,2025,8532,0.5947,0.5207,0.3143
2024-09-27,51,2,트랜스포머 ONE,2024-09-25,17028,89845,906,2942,0.1077,0.1795,0.1406
2024-09-27,51,3,비긴 어게인,2014-08-13,9293,3594779,475,806,0.0588,0.0492,0.0737
2024-09-27,51,4,더 커버넌트,2024-09-27,6012,6320,230,357,0.038,0.0218,0.0357
2024-09-27,51,5,룩백,2024-09-05,3992,219269,223,464,0.0253,0.0283,0.0346
2024-09-27,51,6,에이리언: 로물루스,2024-08-14,2297,1990135,269,348,0.0145,0.0212,0.0418
2024-09-27,51,7,브레드이발소: 빵스타의 탄생,2024-09-14,2216,192016,172,197,0.014,0.012,0.0267
2024-09-27,51,8,소년시절의 너,2020-07-09,1675,280407,124,164,0.0106,0.01,0.0192
2024-09-27,51,9,극장총집편 봇치 더 록! 후편,2024-09-25,1365,8347,147,255,0.0086,0.0156,0.0228
2024-09-27,51,10,사랑의 하츄핑,2024-08-07,1291,1118364,165,185,0.0082,0.0113,0.0256
2024-09-28,52,1,베테랑2,2024-09-13,171298,6263417,2008,9026,0.5323,0.4759,0.2792
2024-09-28,52,2,트랜스포머 ONE,2024-09-25,55347,145192,1052,3833,0.172,0.2021,0.1463
2024-09-28,52,3,비긴 어게인,2014-08-13,14958,3609737,464,828,0.0465,0.0437,0.0645
2024-09-28,52,4,사랑의 하츄핑,2024-08-07,13454,1131818,430,631,0.0418,0.0333,0.0598
2024-09-28,52,5,브레드이발소: 빵스타의 탄생,2024-09-14,8828,200844,297,550,0.0274,0.029,0.0413
2024-09-28,52,6,극장총집편 봇치 더 록! 후편,2024-09-25,8738,17085,183,340,0.0272,0.0179,0.0254
2024-09-28,52,7,룩백,2024-09-05,6675,225944,234,516,0.0207,0.0272,0.0325
2024-09-28,52,8,더 커버넌트,2024-09-27,4633,10953,221,312,0.0144,0.0164,0.0307
2024-09-28,52,9,에이리언: 로물루스,2024-08-14,3512,1993647,257,330,0.0109,0.0174,0.0357
2024-09-28,52,10,정국: 아이 엠 스틸,2024-09-18,3486,34877,72,123,0.0108,0.0065,0.01
2024-09-29,53,1,베테랑2,2024-09-13,148391,6411808,1973,8618,0.5216,0.4717,0.277
2024-09-29,53,2,트랜스포머 ONE,2024-09-25,52652,197844,1060,3716,0.1851,0.2034,0.1488
2024-09-29,53,3,사랑의 하츄핑,2024-08-07,14668,1146486,443,651,0.0516,0.0356,0.0622
2024-09-29,53,4,비긴 어게인,2014-08-13,14391,3624128,473,821,0.0506,0.0449,0.0664
2024-09-29,53,5,브레드이발소: 빵스타의 탄생,2024-09-14,9204,210048,304,556,0.0324,0.0304,0.0427
2024-09-29,53,6,룩백,2024-09-05,5363,231307,230,504,0.0189,0.0276,0.0323
2024-09-29,53,7,더 커버넌트,2024-09-27,4308,15261,223,299,0.0151,0.0164,0.0313
2024-09-29,53,8,정국: 아이 엠 스틸,2024-09-18,3700,38577,69,121,0.013,0.0066,0.0097
2024-09-29,53,9,극장총집편 봇치 더 록! 후편,2024-09-25,3430,20515,177,283,0.0121,0.0155,0.0249
2024-09-29,53,10,에이리언: 로물루스,2024-08-14,2884,1996531,251,320,0.0101,0.0175,0.0352
2024-09-30,54,1,베테랑2,2024-09-13,77575,6489383,1891,8010,0.5885,0.5091,0.3047
2024-09-30,54,2,트랜스포머 ONE,2024-09-25,14651,212495,875,2810,0.1111,0.1786,0.141
2024-09-30,54,3,비긴 어게인,2014-08-13,8974,3633102,471,896,0.0681,0.0569,0.0759
2024-09-30,54,4,더 커버넌트,2024-09-27,3012,18273,224,336,0.0229,0.0214,0.0361
2024-09-30,54,5,룩백,2024-09-05,2485,233792,200,442,0.0189,0.0281,0.0322
2024-09-30,54,6,대도시의 사랑법,2024-10-01,2484,9053,106,106,0.0188,0.0067,0.0171
2024-09-30,54,7,에이리언: 로물루스,2024-08-14,2099,1998630,280,368,0.0159,0.0234,0.0451
2024-09-30,54,8,빅토리,2024-08-14,1958,503486,31,34,0.0149,0.0022,0.005
2024-09-30,54,9,"안녕, 할부지",2024-09-04,1726,250528,158,196,0.0131,0.0125,0.0255
2024-09-30,54,10,파일럿,2024-07-31,1588,4702206,87,97,0.012,0.0062,0.014
2024-10-01,55,1,조커: 폴리 아 되,2024-10-01,166506,167130,1385,5368,0.3476,0.2852,0.1967
2024-10-01,55,2,베테랑2,2024-09-13,114342,6603725,1067,4012,0.2387,0.2132,0.1516
2024-10-01,55,3,와일드 로봇,2024-10-01,53494,64608,819,2311,0.1117,0.1228,0.1163
2024-10-01,55,4,대도시의 사랑법,2024-10-01,52696,61749,850,2880,0.11,0.153,0.1207
2024-10-01,55,5,트랜스포머 ONE,2024-09-25,30435,242930,596,1096,0.0635,0.0582,0.0847
2024-10-01,55,6,"극장판 엉덩이 탐정: 안녕, 나의 영원한 친구",2024-10-01,12993,16045,263,601,0.0271,0.0319,0.0374
2024-10-01,55,7,사랑의 하츄핑,2024-08-07,12680,1160207,263,327,0.0265,0.0174,0.0374
2024-10-01,55,8,브레드이발소: 빵스타의 탄생,2024-09-14,8492,219401,170,231,0.0177,0.0123,0.0241
2024-10-01,55,9,비긴 어게인,2014-08-13,8228,3641330,242,341,0.0172,0.0181,0.0344
2024-10-01,55,10,룩백,2024-09-05,3562,237354,193,304,0.0074,0.0162,0.0274
2024-10-02,56,1,베테랑2,2024-09-13,59901,6663626,1113,3847,0.3044,0.2232,0.163
2024-10-02,56,2,조커: 폴리 아 되,2024-10-01,57694,224824,1327,4761,0.2932,0.2763,0.1943
2024-10-02,56,3,대도시의 사랑법,2024-10-01,29396,91145,858,2705,0.1494,0.157,0.1257
2024-10-02,56,4,명탐정 코난: 시한장치의 마천루,2024-10-02,11802,16338,551,1257,0.06,0.0729,0.0807
2024-10-02,56,5,와일드 로봇,2024-10-01,10398,75006,721,1611,0.0528,0.0935,0.1056
2024-10-02,56,6,트랜스포머 ONE,2024-09-25,4885,247815,479,768,0.0248,0.0446,0.0702
2024-10-02,56,7,비긴 어게인,2014-08-13,4035,3645365,241,319,0.0205,0.0185,0.0353
2024-10-02,56,8,룩백,2024-09-05,1840,239194,171,266,0.0094,0.0154,0.025
2024-10-02,56,9,극장총집편 봇치 더 록! 후편,2024-09-25,1559,24625,95,143,0.0079,0.0083,0.0139
2024-10-02,56,10,정국: 아이 엠 스틸,2024-09-18,1323,40763,32,46,0.0067,0.0027,0.0047
2024-10-03,57,1,베테랑2,2024-09-13,110330,6773956,1157,4000,0.2592,0.2111,0.1487
2024-10-03,57,2,조커: 폴리 아 되,2024-10-01,90875,315699,1311,4621,0.2135,0.2438,0.1685
2024-10-03,57,3,와일드 로봇,2024-10-01,64382,139388,951,2354,0.1513,0.1242,0.1222
2024-10-03,57,4,대도시의 사랑법,2024-10-01,52404,143549,869,2666,0.1231,0.1407,0.1117
2024-10-03,57,5,트랜스포머 ONE,2024-09-25,26243,274058,663,1110,0.0617,0.0586,0.0852
2024-10-03,57,6,명탐정 코난: 시한장치의 마천루,2024-10-02,18784,35122,554,1116,0.0441,0.0589,0.0712
2024-10-03,57,7,사랑의 하츄핑,2024-08-07,11522,1172455,287,353,0.0271,0.0186,0.0369
2024-10-03,57,8,"극장판 엉덩이 탐정: 안녕, 나의 영원한 친구",2024-10-01,9580,26466,253,556,0.0225,0.0293,0.0325
2024-10-03,57,9,비긴 어게인,2014-08-13,8594,3653959,272,366,0.0202,0.0193,0.035
2024-10-03,57,10,브레드이발소: 빵스타의 탄생,2024-09-14,7289,227674,168,209,0.0171,0.011,0.0216
2024-10-04,58,1,베테랑2,2024-09-13,64215,6838171,1181,4303,0.3083,0.2391,0.1648
2024-10-04,58,2,조커: 폴리 아 되,2024-10-01,45435,361134,1166,4022,0.2182,0.2235,0.1627
2024-10-04,58,3,대도시의 사랑법,2024-10-01,29417,172966,819,2665,0.1413,0.1481,0.1143
2024-10-04,58,4,와일드 로봇,2024-10-01,26098,165486,880,2308,0.1253,0.1283,0.1228
2024-10-04,58,5,트랜스포머 ONE,2024-09-25,10010,284068,609,1051,0.0481,0.0584,0.085
2024-10-04,58,6,명탐정 코난: 시한장치의 마천루,2024-10-02,6797,41919,516,944,0.0326,0.0525,0.072
2024-10-04,58,7,비긴 어게인,2014-08-13,5534,3659493,296,430,0.0266,0.0239,0.0413
2024-10-04,58,8,사랑의 하츄핑,2024-08-07,3517,1175972,225,279,0.0169,0.0155,0.0314
2024-10-04,58,9,"극장판 엉덩이 탐정: 안녕, 나의 영원한 친구",2024-10-01,2462,28928,186,385,0.0118,0.0214,0.026
2024-10-04,58,10,룩백,2024-09-05,2396,246300,190,307,0.0115,0.0171,0.0265
2024-10-05,59,1,베테랑2,2024-09-13,87719,6925890,1317,4604,0.2987,0.2446,0.1684
2024-10-05,59,2,조커: 폴리 아 되,2024-10-01,60917,422051,1137,3603,0.2075,0.1914,0.1454
2024-10-05,59,3,대도시의 사랑법,2024-10-01,46086,219052,856,2646,0.1569,0.1406,0.1095
2024-10-05,59,4,와일드 로봇,2024-10-01,38817,204303,1046,2732,0.1322,0.1451,0.1338
2024-10-05,59,5,트랜스포머 ONE,2024-09-25,13177,297245,699,1238,0.0449,0.0658,0.0894
2024-10-05,59,6,명탐정 코난: 시한장치의 마천루,2024-10-02,8072,49991,526,902,0.0275,0.0479,0.0673
2024-10-05,59,7,비긴 어게인,2014-08-13,7554,3667047,312,447,0.0257,0.0237,0.0399
2024-10-05,59,8,사랑의 하츄핑,2024-08-07,6211,1182183,344,454,0.0212,0.0241,0.044
2024-10-05,59,9,"극장판 엉덩이 탐정: 안녕, 나의 영원한 친구",2024-10-01,3604,32532,211,451,0.0123,0.024,0.027
2024-10-05,59,10,브레드이발소: 빵스타의 탄생,2024-09-14,3193,233121,183,236,0.0109,0.0125,0.0234
2024-10-06,60,1,베테랑2,2024-09-13,74173,7000063,1283,4333,0.2833,0.2446,0.1679
2024-10-06,60,2,대도시의 사랑법,2024-10-01,45136,264188,849,2558,0.1724,0.1444,0.1111
2024-10-06,60,3,와일드 로봇,2024-10-01,43230,247533,1062,2637,0.1651,0.1488,0.139
2024-10-06,60,4,조커: 폴리 아 되,2024-10-01,43170,465221,1109,3274,0.1649,0.1848,0.1451
2024-10-06,60,5,트랜스포머 ONE,2024-09-25,13544,310789,684,1198,0.0517,0.0676,0.0895
2024-10-06,60,6,사랑의 하츄핑,2024-08-07,7117,1189300,350,456,0.0272,0.0257,0.0458
2024-10-06,60,7,명탐정 코난: 시한장치의 마천루,2024-10-02,6492,56483,517,813,0.0248,0.0459,0.0677
2024-10-06,60,8,비긴 어게인,2014-08-13,6236,3673283,305,425,0.0238,0.024,0.0399
2024-10-06,60,9,브레드이발소: 빵스타의 탄생,2024-09-14,3618,236739,179,238,0.0138,0.0134,0.0234
2024-10-06,60,10,"극장판 엉덩이 탐정: 안녕, 나의 영원한 친구",2024-10-01,3342,35874,220,452,0.0128,0.0255,0.0288
2024-10-07,61,1,베테랑2,2024-09-13,28304,7028367,1079,3878,0.3105,0.287,0.1872
2024-10-07,61,2,대도시의 사랑법,2024-10-01,19871,284059,808,2464,0.218,0.1824,0.1402
2024-10-07,61,3,조커: 폴리 아 되,2024-10-01,14204,479425,967,2784,0.1558,0.2061,0.1678
2024-10-07,61,4,와일드 로봇,2024-10-01,6482,254015,685,1434,0.0711,0.1061,0.1189
2024-10-07,61,5,보통의 가족,2024-10-16,4062,4503,14,14,0.0446,0.001,0.0024
2024-10-07,61,6,비긴 어게인,2014-08-13,2771,3676054,287,427,0.0304,0.0316,0.0498
2024-10-07,61,7,6시간 후 너는 죽는다,2024-10-16,2094,2094,8,11,0.023,0.0008,0.0014
2024-10-07,61,8,트랜스포머 ONE,2024-09-25,1991,312780,384,580,0.0218,0.0429,0.0666
2024-10-07,61,9,명탐정 코난: 시한장치의 마천루,2024-10-02,1636,58119,364,513,0.0179,0.038,0.0632
2024-10-07,61,10,룩백,2024-09-05,1174,253179,163,251,0.0129,0.0186,0.0283
2024-10-08,62,1,베테랑2,2024-09-13,34501,7062868,1129,4101,0.3093,0.282,0.1797
2024-10-08,62,2,대도시의 사랑법,2024-10-01,25032,309091,875,2661,0.2244,0.183,0.1393
2024-10-08,62,3,조커: 폴리 아 되,2024-10-01,16430,495855,987,2751,0.1473,0.1892,0.1571
2024-10-08,62,4,와일드 로봇,2024-10-01,10681,264696,735,1616,0.0958,0.1111,0.117
2024-10-08,62,5,비긴 어게인,2014-08-13,3645,3679699,298,442,0.0327,0.0304,0.0474
2024-10-08,62,6,트랜스포머 ONE,2024-09-25,3388,316168,430,649,0.0304,0.0446,0.0684
2024-10-08,62,7,명탐정 코난: 시한장치의 마천루,2024-10-02,2483,60602,415,603,0.0223,0.0415,0.0661
2024-10-08,62,8,룩백,2024-09-05,1599,254778,181,284,0.0143,0.0195,0.0288
2024-10-08,62,9,더 커버넌트,2024-09-27,1586,27698,78,94,0.0142,0.0065,0.0124
2024-10-08,62,10,임영웅│아임 히어로 더 스타디움,2024-08-28,919,319240,38,42,0.0082,0.0029,0.006
2024-10-09,63,1,와일드 로봇,2024-10-01,66629,331325,983,2878,0.2115,0.1595,0.1207
2024-10-09,63,2,베테랑2,2024-09-13,66328,7129196,1077,3839,0.2106,0.2128,0.1323
2024-10-09,63,3,대도시의 사랑법,2024-10-01,53208,362299,1101,3007,0.1689,0.1667,0.1352
2024-10-09,63,4,조커: 폴리 아 되,2024-10-01,28754,524609,828,2190,0.0913,0.1214,0.1017
2024-10-09,63,5,노트북,2004-11-26,20294,671739,451,735,0.0644,0.0407,0.0554
2024-10-09,63,6,트랜스포머 ONE,2024-09-25,13459,329627,575,962,0.0427,0.0533,0.0706
2024-10-09,63,7,사랑의 하츄핑,2024-08-07,10372,1200785,354,486,0.0329,0.0269,0.0435
2024-10-09,63,8,명탐정 코난: 시한장치의 마천루,2024-10-02,8255,68857,471,647,0.0262,0.0359,0.0578
2024-10-09,63,9,비긴 어게인,2014-08-13,5318,3685017,261,350,0.0169,0.0194,0.0321
2024-10-09,63,10,브레드이발소: 빵스타의 탄생,2024-09-14,5235,243279,181,251,0.0166,0.0139,0.0222
2024-10-10,64,1,베테랑2,2024-09-13,23165,7152361,1050,3471,0.2615,0.2569,0.1625
2024-10-10,64,2,대도시의 사랑법,2024-10-01,19075,381374,987,2775,0.2153,0.2054,0.1527
2024-10-10,64,3,조커: 폴리 아 되,2024-10-01,8331,532940,747,1779,0.0941,0.1317,0.1156
2024-10-10,64,4,와일드 로봇,2024-10-01,7247,338572,690,1437,0.0818,0.1064,0.1068
2024-10-10,64,5,노트북,2004-11-26,5704,677443,427,714,0.0644,0.0528,0.0661
2024-10-10,64,6,6시간 후 너는 죽는다,2024-10-16,4538,6632,15,19,0.0512,0.0014,0.0023
2024-10-10,64,7,비긴 어게인,2014-08-13,1824,3686841,246,327,0.0206,0.0242,0.0381
2024-10-10,64,8,더 커버넌트,2024-09-27,1682,32118,94,116,0.019,0.0086,0.0145
2024-10-10,64,9,명탐정 코난: 시한장치의 마천루,2024-10-02,1596,70453,337,423,0.018,0.0313,0.0522
2024-10-10,64,10,할머니가 죽기 전 백만장자가 되는 법,2024-10-09,1585,4407,146,282,0.0179,0.0209,0.0226
2024-10-11,65,1,베테랑2,2024-09-13,36151,7188512,1069,3774,0.2821,0.2514,0.1541
2024-10-11,65,2,대도시의 사랑법,2024-10-01,27520,408894,1033,3083,0.2147,0.2054,0.149
2024-10-11,65,3,와일드 로봇,2024-10-01,14680,353252,768,1755,0.1145,0.1169,0.1107
2024-10-11,65,4,조커: 폴리 아 되,2024-10-01,12871,545811,757,1882,0.1004,0.1254,0.1092
2024-10-11,65,5,노트북,2004-11-26,9100,686543,469,800,0.071,0.0533,0.0676
2024-10-11,65,6,트랜스포머 ONE,2024-09-25,3725,334834,407,567,0.0291,0.0378,0.0587
2024-10-11,65,7,비긴 어게인,2014-08-13,3389,3690230,287,370,0.0264,0.0246,0.0414
2024-10-11,65,8,명탐정 코난: 시한장치의 마천루,2024-10-02,2541,72994,382,492,0.0198,0.0328,0.0551
2024-10-11,65,9,더 커버넌트,2024-09-27,2153,34271,93,121,0.0168,0.0081,0.0134
2024-10-11,65,10,룩백,2024-09-05,1927,261642,177,258,0.015,0.0172,0.0255
2024-10-12,66,1,베테랑2,2024-09-13,60016,7248528,1021,3570,0.241,0.1991,0.1266
2024-10-12,66,2,대도시의 사랑법,2024-10-01,48734,457628,1014,3187,0.1957,0.1777,0.1257
2024-10-12,66,3,와일드 로봇,2024-10-01,42719,395971,1047,2972,0.1716,0.1657,0.1298
2024-10-12,66,4,조커: 폴리 아 되,2024-10-01,20120,565931,771,1751,0.0808,0.0976,0.0956
2024-10-12,66,5,노트북,2004-11-26,15805,702348,561,953,0.0635,0.0531,0.0695
2024-10-12,66,6,너의 색,2024-10-12,10913,11314,269,938,0.0438,0.0523,0.0333
2024-10-12,66,7,트랜스포머 ONE,2024-09-25,7042,341876,516,782,0.0283,0.0436,0.064
2024-10-12,66,8,사랑의 하츄핑,2024-08-07,5139,1206790,321,420,0.0206,0.0234,0.0398
2024-10-12,66,9,명탐정 코난: 시한장치의 마천루,2024-10-02,4176,77170,401,502,0.0168,0.028,0.0497
2024-10-12,66,10,비긴 어게인,2014-08-13,4108,3694338,251,336,0.0165,0.0187,0.0311
2024-10-13,67,1,베테랑2,2024-09-13,49789,7298317,1016,3388,0.2235,0.198,0.1289
2024-10-13,67,2,대도시의 사랑법,2024-10-01,44680,502308,988,3056,0.2006,0.1786,0.1254
2024-10-13,67,3,와일드 로봇,2024-10-01,41651,437622,1036,2884,0.187,0.1686,0.1315
2024-10-13,67,4,노트북,2004-11-26,15729,718077,555,946,0.0706,0.0553,0.0704
2024-10-13,67,5,조커: 폴리 아 되,2024-10-01,14615,580546,746,1602,0.0656,0.0936,0.0947
2024-10-13,67,6,너의 색,2024-10-12,7669,18983,259,856,0.0344,0.05,0.0329
2024-10-13,67,7,트랜스포머 ONE,2024-09-25,7465,349341,535,786,0.0335,0.0459,0.0679
2024-10-13,67,8,사랑의 하츄핑,2024-08-07,5862,1212652,333,433,0.0263,0.0253,0.0423
2024-10-13,67,9,더 커버넌트,2024-09-27,4206,41568,103,136,0.0189,0.0079,0.0131
2024-10-13,67,10,명탐정 코난: 시한장치의 마천루,2024-10-02,3655,80825,391,464,0.0164,0.0271,0.0496
2024-10-14,68,1,베테랑2,2024-09-13,19929,7318246,925,2963,0.2735,0.2368,0.1547
2024-10-14,68,2,대도시의 사랑법,2024-10-01,17866,520174,869,2699,0.2452,0.2157,0.1453
2024-10-14,68,3,노트북,2004-11-26,6452,724529,488,857,0.0886,0.0685,0.0816
2024-10-14,68,4,와일드 로봇,2024-10-01,6062,443684,647,1378,0.0832,0.1101,0.1082
2024-10-14,68,5,조커: 폴리 아 되,2024-10-01,5970,586516,635,1293,0.0819,0.1033,0.1062
2024-10-14,68,6,너의 색,2024-10-12,2287,21270,200,596,0.0314,0.0476,0.0335
2024-10-14,68,7,비긴 어게인,2014-08-13,1730,3699612,234,314,0.0237,0.0251,0.0391
2024-10-14,68,8,트랜스포머 ONE,2024-09-25,1299,350640,295,376,0.0178,0.0301,0.0493
2024-10-14,68,9,룩백,2024-09-05,1062,270293,159,230,0.0146,0.0184,0.0266
2024-10-14,68,10,명탐정 코난: 시한장치의 마천루,2024-10-02,896,81721,269,303,0.0123,0.0242,0.045
2024-10-15,69,1,베테랑2,2024-09-13,20212,7338458,936,2945,0.2659,0.2352,0.1531
2024-10-15,69,2,대도시의 사랑법,2024-10-01,16496,536670,871,2663,0.217,0.2126,0.1425
2024-10-15,69,3,와일드 로봇,2024-10-01,7602,451286,640,1317,0.1,0.1052,0.1047
2024-10-15,69,4,노트북,2004-11-26,6432,730961,491,888,0.0846,0.0709,0.0803
2024-10-15,69,5,조커: 폴리 아 되,2024-10-01,4946,591462,635,1250,0.0651,0.0998,0.1039
2024-10-15,69,6,너의 색,2024-10-12,2125,23395,199,550,0.028,0.0439,0.0325
2024-10-15,69,7,비긴 어게인,2014-08-13,1788,3701400,242,324,0.0235,0.0259,0.0396
2024-10-15,69,8,트랜스포머 ONE,2024-09-25,1621,352261,303,399,0.0213,0.0319,0.0496
2024-10-15,69,9,명탐정 코난: 시한장치의 마천루,2024-10-02,1024,82745,281,321,0.0135,0.0256,0.046
2024-10-15,69,10,최소한의 선의,2024-10-30,985,1111,5,5,0.013,0.0004,0.0008
2024-10-16,70,1,보통의 가족,2024-10-16,42429,52634,1277,4714,0.2934,0.3138,0.192
2024-10-16,70,2,대도시의 사랑법,2024-10-01,17495,554165,713,2076,0.121,0.1382,0.1072
2024-10-16,70,3,베테랑2,2024-09-13,15402,7353860,782,2039,0.1065,0.1357,0.1176
2024-10-16,70,4,6시간 후 너는 죽는다,2024-10-16,11612,22040,252,547,0.0803,0.0364,0.0379
2024-10-16,70,5,스마일 2,2024-10-16,8137,8479,549,1204,0.0563,0.0801,0.0825
2024-10-16,70,6,임영웅│아임 히어로 더 스타디움,2024-08-28,6852,333876,48,105,0.0474,0.007,0.0072
2024-10-16,70,7,와일드 로봇,2024-10-01,6370,457656,456,696,0.0441,0.0463,0.0686
2024-10-16,70,8,"하이라이트: 라이츠 고 온, 어게인 인 시네마",2024-10-16,5289,5289,86,237,0.0366,0.0158,0.0129
2024-10-16,70,9,노트북,2004-11-26,4878,735839,357,563,0.0337,0.0375,0.0537
2024-10-16,70,10,엘리자벳: 더 뮤지컬 라이브,2024-10-16,2659,3037,18,72,0.0184,0.0048,0.0027
2024-10-17,71,1,보통의 가족,2024-10-16,30191,82825,1029,3778,0.2688,0.2526,0.1489
2024-10-17,71,2,더러운 돈에 손대지 마라,2024-10-17,15711,17056,796,2302,0.1399,0.1539,0.1152
2024-10-17,71,3,베테랑2,2024-09-13,12296,7366156,705,1775,0.1095,0.1187,0.102
2024-10-17,71,4,대도시의 사랑법,2024-10-01,10831,564996,653,1622,0.0964,0.1085,0.0945
2024-10-17,71,5,스마일 2,2024-10-16,5186,13665,493,980,0.0462,0.0655,0.0714
2024-10-17,71,6,와일드 로봇,2024-10-01,4701,462357,385,531,0.0419,0.0355,0.0557
2024-10-17,71,7,노트북,2004-11-26,3799,739638,324,465,0.0338,0.0311,0.0469
2024-10-17,71,8,엘리자벳: 더 뮤지컬 라이브,2024-10-16,3573,6610,121,241,0.0318,0.0161,0.0175
2024-10-17,71,9,임영웅│아임 히어로 더 스타디움,2024-08-28,3342,337218,47,100,0.0298,0.0067,0.0068
2024-10-17,71,10,조커: 폴리 아 되,2024-10-01,2141,596063,290,353,0.0191,0.0236,0.042
2024-10-18,72,1,보통의 가족,2024-10-16,46599,129424,1071,4108,0.2957,0.2564,0.145
2024-10-18,72,2,베테랑2,2024-09-13,20909,7387065,787,2017,0.1327,0.1259,0.1066
2024-10-18,72,3,대도시의 사랑법,2024-10-01,15941,580937,720,1816,0.1012,0.1133,0.0975
2024-10-18,72,4,더러운 돈에 손대지 마라,2024-10-17,15834,32890,772,2197,0.1005,0.1371,0.1045
2024-10-18,72,5,와일드 로봇,2024-10-01,10949,473306,481,694,0.0695,0.0433,0.0651
2024-10-18,72,6,스마일 2,2024-10-16,5874,19539,485,950,0.0373,0.0593,0.0657
2024-10-18,72,7,노트북,2004-11-26,5706,745344,349,497,0.0362,0.031,0.0473
2024-10-18,72,8,조커: 폴리 아 되,2024-10-01,3514,599577,319,403,0.0223,0.0252,0.0432
2024-10-18,72,9,엘리자벳: 더 뮤지컬 라이브,2024-10-16,2903,9513,125,243,0.0184,0.0152,0.0169
2024-10-18,72,10,6시간 후 너는 죽는다,2024-10-16,2669,26500,229,375,0.0169,0.0234,0.031
2024-10-19,73,1,보통의 가족,2024-10-16,86867,216291,1068,4187,0.318,0.2328,0.1294
2024-10-19,73,2,와일드 로봇,2024-10-01,32353,505659,791,1768,0.1184,0.0983,0.0958
2024-10-19,73,3,대도시의 사랑법,2024-10-01,30760,611697,780,2025,0.1126,0.1126,0.0945
2024-10-19,73,4,베테랑2,2024-09-13,29395,7416460,770,2122,0.1076,0.118,0.0933
2024-10-19,73,5,더러운 돈에 손대지 마라,2024-10-17,16687,49577,747,2030,0.0611,0.1129,0.0905
2024-10-19,73,6,노트북,2004-11-26,10268,755612,363,529,0.0376,0.0294,0.044
2024-10-19,73,7,스마일 2,2024-10-16,8916,28455,498,945,0.0326,0.0526,0.0603
2024-10-19,73,8,엘리자벳: 더 뮤지컬 라이브,2024-10-16,5017,14530,129,268,0.0184,0.0149,0.0156
2024-10-19,73,9,아이브 더 퍼스트 월드투어 인 시네마,2024-10-16,4105,8406,64,122,0.015,0.0068,0.0078
2024-10-19,73,10,6시간 후 너는 죽는다,2024-10-16,3924,30424,233,380,0.0144,0.0211,0.0282
2024-10-20,74,1,보통의 가족,2024-10-16,73432,289723,1087,4075,0.3036,0.2334,0.132
2024-10-20,74,2,와일드 로봇,2024-10-01,31308,536967,780,1747,0.1295,0.1001,0.0947
2024-10-20,74,3,대도시의 사랑법,2024-10-01,26542,638239,776,2004,0.1097,0.1148,0.0942
2024-10-20,74,4,베테랑2,2024-09-13,25098,7441558,773,2050,0.1038,0.1174,0.0939
2024-10-20,74,5,더러운 돈에 손대지 마라,2024-10-17,14296,63873,729,1879,0.0591,0.1076,0.0885
2024-10-20,74,6,노트북,2004-11-26,10923,766535,377,550,0.0452,0.0315,0.0458
2024-10-20,74,7,스마일 2,2024-10-16,6501,34956,490,883,0.0269,0.0506,0.0595
2024-10-20,74,8,아이브 더 퍼스트 월드투어 인 시네마,2024-10-16,6043,14449,70,128,0.025,0.0073,0.0085
2024-10-20,74,9,엘리자벳: 더 뮤지컬 라이브,2024-10-16,4461,18991,129,257,0.0184,0.0147,0.0157
2024-10-20,74,10,사랑의 하츄핑,2024-08-07,4306,1222520,249,294,0.0178,0.0168,0.0302
2024-10-21,75,1,보통의 가족,2024-10-16,24513,314236,970,3496,0.3227,0.2659,0.1521
2024-10-21,75,2,대도시의 사랑법,2024-10-01,10207,648446,665,1725,0.1344,0.1312,0.1042
2024-10-21,75,3,베테랑2,2024-09-13,8491,7450049,693,1698,0.1118,0.1291,0.1086
2024-10-21,75,4,더러운 돈에 손대지 마라,2024-10-17,5017,68890,590,1414,0.066,0.1075,0.0925
2024-10-21,75,5,와일드 로봇,2024-10-01,3491,540458,389,567,0.046,0.0431,0.061
2024-10-21,75,6,노트북,2004-11-26,3309,769844,351,494,0.0436,0.0376,0.055
2024-10-21,75,7,스마일 2,2024-10-16,3107,38063,416,703,0.0409,0.0535,0.0652
2024-10-21,75,8,6시간 후 너는 죽는다,2024-10-16,1552,35135,192,307,0.0204,0.0233,0.0301
2024-10-21,75,9,임영웅│아임 히어로 더 스타디움,2024-08-28,1435,347724,48,97,0.0189,0.0074,0.0075
2024-10-21,75,10,조커: 폴리 아 되,2024-10-01,1214,607550,252,295,0.016,0.0224,0.0395
2024-10-22,76,1,보통의 가족,2024-10-16,29786,344022,1019,3661,0.2965,0.2634,0.1492
2024-10-22,76,2,베테랑2,2024-09-13,11133,7461182,716,1800,0.1108,0.1295,0.1048
2024-10-22,76,3,대도시의 사랑법,2024-10-01,10805,659251,695,1770,0.1076,0.1273,0.1018
2024-10-22,76,4,더러운 돈에 손대지 마라,2024-10-17,6362,75252,626,1468,0.0633,0.1056,0.0917
2024-10-22,76,5,와일드 로봇,2024-10-01,4765,545223,434,616,0.0474,0.0443,0.0636
2024-10-22,76,6,노트북,2004-11-26,4661,774505,390,551,0.0464,0.0396,0.0571
2024-10-22,76,7,아마존 활명수,2024-10-30,3814,3814,11,13,0.038,0.0009,0.0016
2024-10-22,76,8,스마일 2,2024-10-16,3434,41497,440,738,0.0342,0.0531,0.0644
2024-10-22,76,9,임영웅│아임 히어로 더 스타디움,2024-08-28,2491,350215,51,104,0.0248,0.0075,0.0075
2024-10-22,76,10,파일럿,2024-07-31,2117,4710803,14,17,0.0211,0.0012,0.0021
2024-10-23,77,1,베놈: 라스트 댄스,2024-10-23,127645,129139,1656,7484,0.6239,0.4641,0.2481
2024-10-23,77,2,보통의 가족,2024-10-16,20635,364657,810,2514,0.1009,0.1559,0.1213
2024-10-23,77,3,대도시의 사랑법,2024-10-01,9857,669108,579,1080,0.0482,0.067,0.0867
2024-10-23,77,4,베테랑2,2024-09-13,5010,7466192,469,846,0.0245,0.0525,0.0703
2024-10-23,77,5,오후 네시,2024-10-23,3357,3731,230,321,0.0164,0.0199,0.0345
2024-10-23,77,6,아이브 더 퍼스트 월드투어 인 시네마,2024-10-16,3086,18406,61,86,0.0151,0.0053,0.0091
2024-10-23,77,7,더러운 돈에 손대지 마라,2024-10-17,2926,78178,384,535,0.0143,0.0332,0.0575
2024-10-23,77,8,아마존 활명수,2024-10-30,2911,6725,14,14,0.0142,0.0009,0.0021
2024-10-23,77,9,와일드 로봇,2024-10-01,2886,548109,220,271,0.0141,0.0168,0.033
2024-10-23,77,10,노트북,2004-11-26,2310,776815,184,214,0.0113,0.0133,0.0276
2024-10-24,78,1,베놈: 라스트 댄스,2024-10-23,78281,207420,1628,7141,0.5095,0.4504,0.2408
2024-10-24,78,2,보통의 가족,2024-10-16,17785,382442,811,2502,0.1157,0.1578,0.12
2024-10-24,78,3,대도시의 사랑법,2024-10-01,10862,679970,614,1141,0.0707,0.072,0.0908
2024-10-24,78,4,아마존 활명수,2024-10-30,5299,12024,24,24,0.0345,0.0015,0.0035
2024-10-24,78,5,베테랑2,2024-09-13,4701,7470893,491,867,0.0306,0.0547,0.0726
2024-10-24,78,6,세상 참 예쁜 오드리,2024-10-24,2966,3537,172,207,0.0193,0.0131,0.0254
2024-10-24,78,7,오후 네시,2024-10-23,2886,6617,218,297,0.0188,0.0187,0.0322
2024-10-24,78,8,와일드 로봇,2024-10-01,2733,550842,210,266,0.0178,0.0168,0.0311
2024-10-24,78,9,노트북,2004-11-26,2484,779299,183,220,0.0162,0.0139,0.0271
2024-10-24,78,10,룸 넥스트 도어,2024-10-23,1638,4236,142,366,0.0107,0.0231,0.021
2024-10-25,79,1,베놈: 라스트 댄스,2024-10-23,117771,325191,1663,7489,0.5701,0.4496,0.2348
2024-10-25,79,2,보통의 가족,2024-10-16,23555,405997,814,2591,0.114,0.1556,0.1149
2024-10-25,79,3,대도시의 사랑법,2024-10-01,14627,694597,641,1221,0.0708,0.0733,0.0905
2024-10-25,79,4,와일드 로봇,2024-10-01,7406,558248,291,346,0.0359,0.0208,0.0411
2024-10-25,79,5,베테랑2,2024-09-13,6116,7477009,503,914,0.0296,0.0549,0.071
2024-10-25,79,6,노트북,2004-11-26,3263,782562,201,250,0.0158,0.015,0.0284
2024-10-25,79,7,더 킬러스,2024-10-23,2130,6807,108,205,0.0103,0.0123,0.0152
2024-10-25,79,8,집이 없어 - 악연의 시작,,1896,1896,58,96,0.0092,0.0058,0.0082
2024-10-25,79,9,스마일 2,2024-10-16,1894,45794,168,189,0.0092,0.0113,0.0237
2024-10-25,79,10,더러운 돈에 손대지 마라,2024-10-17,1880,81253,285,365,0.0091,0.0219,0.0402
2024-10-26,80,1,베놈: 라스트 댄스,2024-10-23,248153,573344,1663,8027,0.6273,0.4321,0.2135
2024-10-26,80,2,보통의 가족,2024-10-16,42240,448237,818,2717,0.1068,0.1463,0.105
2024-10-26,80,3,대도시의 사랑법,2024-10-01,24041,718638,713,1403,0.0608,0.0755,0.0915
2024-10-26,80,4,와일드 로봇,2024-10-01,17222,575470,609,1068,0.0435,0.0575,0.0782
2024-10-26,80,5,베테랑2,2024-09-13,9572,7486581,507,839,0.0242,0.0452,0.0651
2024-10-26,80,6,노트북,2004-11-26,6426,788988,220,305,0.0162,0.0164,0.0282
2024-10-26,80,7,리틀 엠마,2024-10-25,4204,6121,200,339,0.0106,0.0183,0.0257
2024-10-26,80,8,엘리자벳: 더 뮤지컬 라이브,2024-10-16,2736,27639,108,156,0.0069,0.0084,0.0139
2024-10-26,80,9,마이펫의 컴백홈 어드벤처,2024-10-23,2689,4342,153,286,0.0068,0.0154,0.0196
2024-10-26,80,10,스마일 2,2024-10-16,2435,48229,179,200,0.0062,0.0108,0.023
2024-10-27,81,1,베놈: 라스트 댄스,2024-10-23,218530,791874,1663,7813,0.5914,0.4296,0.2143
2024-10-27,81,2,보통의 가족,2024-10-16,40403,488640,798,2606,0.1093,0.1433,0.1028
2024-10-27,81,3,대도시의 사랑법,2024-10-01,22588,741226,700,1373,0.0611,0.0755,0.0902
2024-10-27,81,4,와일드 로봇,2024-10-01,20914,596384,622,1102,0.0566,0.0606,0.0802
2024-10-27,81,5,베테랑2,2024-09-13,14930,7501511,521,839,0.0404,0.0461,0.0671
2024-10-27,81,6,노트북,2004-11-26,7319,796307,227,306,0.0198,0.0168,0.0293
2024-10-27,81,7,리틀 엠마,2024-10-25,4510,10631,212,349,0.0122,0.0192,0.0273
2024-10-27,81,8,마이펫의 컴백홈 어드벤처,2024-10-23,3405,7747,161,303,0.0092,0.0167,0.0207
2024-10-27,81,9,브레드이발소: 빵스타의 탄생,2024-09-14,2863,262251,50,52,0.0077,0.0029,0.0064
2024-10-27,81,10,엘리자벳: 더 뮤지컬 라이브,2024-10-16,2808,30447,114,159,0.0076,0.0087,0.0147
2024-10-28,82,1,베놈: 라스트 댄스,2024-10-23,54394,846268,1538,6442,0.4867,0.442,0.241
2024-10-28,82,2,보통의 가족,2024-10-16,14866,503506,734,2326,0.133,0.1596,0.115
2024-10-28,82,3,대도시의 사랑법,2024-10-01,9685,750911,624,1279,0.0867,0.0878,0.0978
2024-10-28,82,4,아마존 활명수,2024-10-30,6516,18540,28,28,0.0583,0.0019,0.0044
2024-10-28,82,5,베테랑2,2024-09-13,3986,7505497,471,793,0.0357,0.0544,0.0738
2024-10-28,82,6,노트북,2004-11-26,2492,798799,214,286,0.0223,0.0196,0.0335
2024-10-28,82,7,와일드 로봇,2024-10-01,2423,598807,240,297,0.0217,0.0204,0.0376
2024-10-28,82,8,오후 네시,2024-10-23,1830,14342,210,263,0.0164,0.018,0.0329
2024-10-28,82,9,룸 넥스트 도어,2024-10-23,1484,12167,143,324,0.0133,0.0222,0.0224
2024-10-28,82,10,청설,2024-11-06,1182,1182,4,6,0.0106,0.0004,0.0006
2024-10-29,83,1,베놈: 라스트 댄스,2024-10-23,49388,895656,1544,6310,0.4441,0.4248,0.2322
2024-10-29,83,2,보통의 가족,2024-10-16,15774,519280,783,2378,0.1418,0.1601,0.1178
2024-10-29,83,3,대도시의 사랑법,2024-10-01,10339,761250,643,1315,0.093,0.0885,0.0967
2024-10-29,83,4,오후 네시,2024-10-23,4523,18865,249,323,0.0407,0.0217,0.0374
2024-10-29,83,5,베테랑2,2024-09-13,4404,7509901,494,848,0.0396,0.0571,0.0743
2024-10-29,83,6,노트북,2004-11-26,2731,801530,230,303,0.0246,0.0204,0.0346
2024-10-29,83,7,와일드 로봇,2024-10-01,2713,601520,244,292,0.0244,0.0197,0.0367
2024-10-29,83,8,연소일기,2024-11-13,1597,2045,8,8,0.0144,0.0005,0.0012
2024-10-29,83,9,룸 넥스트 도어,2024-10-23,1542,13709,143,328,0.0139,0.0221,0.0215
2024-10-29,83,10,스마일 2,2024-10-16,1274,52585,177,190,0.0115,0.0128,0.0266
2024-10-30,84,1,아마존 활명수,2024-10-30,88302,106842,1479,6095,0.3682,0.3687,0.2201
2024-10-30,84,2,베놈: 라스트 댄스,2024-10-23,64910,960566,1181,4230,0.2707,0.2559,0.1758
2024-10-30,84,3,보통의 가족,2024-10-16,15612,534892,644,1493,0.0651,0.0903,0.0958
2024-10-30,84,4,날씨의 아이,2019-10-30,14647,785118,379,575,0.0611,0.0348,0.0564
2024-10-30,84,5,대도시의 사랑법,2024-10-01,11202,772452,523,887,0.0467,0.0537,0.0778
2024-10-30,84,6,롱레그스,2024-10-30,7433,8253,224,425,0.031,0.0257,0.0333
2024-10-30,84,7,연소일기,2024-11-13,4251,6296,21,21,0.0177,0.0013,0.0031
2024-10-30,84,8,와일드 로봇,2024-10-01,2647,604167,162,180,0.011,0.0109,0.0241
2024-10-30,84,9,룸 넥스트 도어,2024-10-23,2341,16050,102,152,0.0098,0.0092,0.0152
2024-10-30,84,10,극장판 하이큐!! 쓰레기장의 결전,2024-05-15,2260,733903,63,67,0.0094,0.0041,0.0094
2024-10-31,85,1,아마존 활명수,2024-10-30,49349,156191,1411,5717,0.3097,0.354,0.2098
2024-10-31,85,2,베놈: 라스트 댄스,2024-10-23,44845,1005411,1168,4123,0.2815,0.2553,0.1737
2024-10-31,85,3,보통의 가족,2024-10-16,13247,548139,668,1574,0.0831,0.0975,0.0993
2024-10-31,85,4,대도시의 사랑법,2024-10-01,10654,783106,560,962,0.0669,0.0596,0.0833
2024-10-31,85,5,날씨의 아이,2019-10-30,7087,792205,383,546,0.0445,0.0338,0.057
2024-10-31,85,6,롱레그스,2024-10-30,4857,13110,229,421,0.0305,0.0261,0.0341
2024-10-31,85,7,하와이 연가,2024-10-30,2444,3852,52,64,0.0153,0.004,0.0077
2024-10-31,85,8,와일드 로봇,2024-10-01,2281,606448,179,196,0.0143,0.0121,0.0266
2024-10-31,85,9,베테랑2,2024-09-13,2040,7514196,254,330,0.0128,0.0204,0.0378
2024-10-31,85,10,노트북,2004-11-26,2039,805807,125,159,0.0128,0.0098,0.0186
2024-11-01,86,1,베놈: 라스트 댄스,2024-10-23,60657,1066068,1198,4460,0.3374,0.2639,0.1745
2024-11-01,86,2,아마존 활명수,2024-10-30,50834,207025,1411,5767,0.2827,0.3413,0.2055
2024-11-01,86,3,보통의 가족,2024-10-16,12879,561018,661,1508,0.0716,0.0892,0.0963
2024-11-01,86,4,대도시의 사랑법,2024-10-01,9905,793011,550,957,0.0551,0.0566,0.0801
2024-11-01,86,5,날씨의 아이,2019-10-30,8067,800272,383,560,0.0449,0.0331,0.0558
2024-11-01,86,6,4분 44초,2024-11-01,6562,6562,185,480,0.0365,0.0284,0.0269
2024-11-01,86,7,롱레그스,2024-10-30,4404,17514,238,438,0.0245,0.0259,0.0347
2024-11-01,86,8,와일드 로봇,2024-10-01,2521,608969,165,192,0.014,0.0114,0.024
2024-11-01,86,9,노트북,2004-11-26,2415,808222,131,171,0.0134,0.0101,0.0191
2024-11-01,86,10,오후 네시,2024-10-23,2057,23956,110,124,0.0114,0.0073,0.016
2024-11-02,87,1,베놈: 라스트 댄스,2024-10-23,134872,1200940,1326,5207,0.3772,0.2779,0.1719
2024-11-02,87,2,아마존 활명수,2024-10-30,90599,297624,1375,5941,0.2534,0.3171,0.1782
2024-11-02,87,3,보통의 가족,2024-10-16,19840,580858,638,1354,0.0555,0.0723,0.0827
2024-11-02,87,4,대도시의 사랑법,2024-10-01,15691,808702,548,975,0.0439,0.052,0.071
2024-11-02,87,5,날씨의 아이,2019-10-30,14919,815191,407,612,0.0417,0.0327,0.0528
2024-11-02,87,6,와일드 로봇,2024-10-01,11153,620122,415,640,0.0312,0.0342,0.0538
2024-11-02,87,7,4분 44초,2024-11-01,9630,16192,213,458,0.0269,0.0244,0.0276
2024-11-02,87,8,롱레그스,2024-10-30,6399,23913,276,483,0.0179,0.0258,0.0358
2024-11-02,87,9,노트북,2004-11-26,3864,812086,146,182,0.0108,0.0097,0.0189
2024-11-02,87,10,호두까기 인형과 마술피리,2024-10-30,3802,5494,251,285,0.0106,0.0152,0.0325
2024-11-03,88,1,베놈: 라스트 댄스,2024-10-23,110446,1311386,1326,5148,0.3662,0.2842,0.1742
2024-11-03,88,2,아마존 활명수,2024-10-30,71016,368640,1338,5517,0.2355,0.3046,0.1758
2024-11-03,88,3,보통의 가족,2024-10-16,16738,597596,631,1309,0.0555,0.0723,0.0829
2024-11-03,88,4,대도시의 사랑법,2024-10-01,14783,823485,551,988,0.049,0.0545,0.0724
2024-11-03,88,5,날씨의 아이,2019-10-30,14362,829553,404,619,0.0476,0.0342,0.0531
2024-11-03,88,6,와일드 로봇,2024-10-01,12579,632701,424,654,0.0417,0.0361,0.0557
2024-11-03,88,7,4분 44초,2024-11-01,10071,26263,210,439,0.0334,0.0242,0.0276
2024-11-03,88,8,롱레그스,2024-10-30,5301,29214,257,457,0.0176,0.0252,0.0338
2024-11-03,88,9,노트북,2004-11-26,4094,816180,145,180,0.0136,0.0099,0.0191
2024-11-03,88,10,호두까기 인형과 마술피리,2024-10-30,4028,9522,258,288,0.0134,0.0159,0.0339
2024-11-04,89,1,베놈: 라스트 댄스,2024-10-23,29194,1340580,1139,4078,0.3312,0.2932,0.1871
2024-11-04,89,2,아마존 활명수,2024-10-30,23885,392525,1180,4145,0.2709,0.298,0.1938
2024-11-04,89,3,보통의 가족,2024-10-16,6549,604145,586,1227,0.0743,0.0882,0.0962
2024-11-04,89,4,대도시의 사랑법,2024-10-01,5676,829161,497,911,0.0644,0.0655,0.0816
2024-11-04,89,5,날씨의 아이,2019-10-30,3224,832777,348,485,0.0366,0.0349,0.0572
2024-11-04,89,6,4분 44초,2024-11-01,2352,28615,188,355,0.0267,0.0255,0.0309
2024-11-04,89,7,롱레그스,2024-10-30,1712,30926,210,361,0.0194,0.026,0.0345
2024-11-04,89,8,리틀 엠마,2024-10-25,1208,21245,56,62,0.0137,0.0045,0.0092
2024-11-04,89,9,노트북,2004-11-26,1204,817384,125,159,0.0137,0.0114,0.0205
2024-11-04,89,10,룸 넥스트 도어,2024-10-23,1158,24033,102,151,0.0131,0.0109,0.0168
2024-11-05,90,1,베놈: 라스트 댄스,2024-10-23,25560,1366140,1161,3961,0.2773,0.2885,0.1879
2024-11-05,90,2,아마존 활명수,2024-10-30,23899,416424,1201,4038,0.2593,0.2941,0.1943
2024-11-05,90,3,보통의 가족,2024-10-16,7777,611922,593,1225,0.0844,0.0892,0.096
2024-11-05,90,4,대도시의 사랑법,2024-10-01,5803,834964,511,907,0.063,0.0661,0.0827
2024-11-05,90,5,날씨의 아이,2019-10-30,3165,835942,339,491,0.0343,0.0358,0.0549
2024-11-05,90,6,청설,2024-11-06,3035,9613,11,11,0.0329,0.0008,0.0018
2024-11-05,90,7,롱레그스,2024-10-30,2800,33726,224,389,0.0304,0.0283,0.0362
2024-11-05,90,8,4분 44초,2024-11-01,1840,30455,172,319,0.02,0.0232,0.0278
2024-11-05,90,9,노트북,2004-11-26,1268,818652,125,169,0.0138,0.0123,0.0202
2024-11-05,90,10,글래디에이터 Ⅱ,2024-11-13,1248,1471,1,2,0.0135,0.0001,0.0002
2024-11-06,91,1,청설,2024-11-06,37142,46755,1046,3976,0.2861,0.2661,0.158
2024-11-06,91,2,베놈: 라스트 댄스,2024-10-23,25109,1391249,930,3034,0.1934,0.203,0.1405
2024-11-06,91,3,아마존 활명수,2024-10-30,16793,433217,791,2223,0.1293,0.1488,0.1195
2024-11-06,91,4,레드 원,2024-11-06,8687,8934,574,1168,0.0669,0.0782,0.0867
2024-11-06,91,5,데드라인,2024-11-06,5755,6765,184,365,0.0443,0.0244,0.0278
2024-11-06,91,6,보통의 가족,2024-10-16,4513,616435,431,610,0.0348,0.0408,0.0651
2024-11-06,91,7,대도시의 사랑법,2024-10-01,3868,838832,374,562,0.0298,0.0376,0.0565
2024-11-06,91,8,아노라,2024-11-06,3710,6493,311,492,0.0286,0.0329,0.047
2024-11-06,91,9,아메바 소녀들과 학교괴담: 개교기념일,2024-11-06,3002,4280,203,410,0.0231,0.0274,0.0307
2024-11-06,91,10,날씨의 아이,2019-10-30,2010,837952,216,262,0.0155,0.0175,0.0326
2024-11-07,92,1,청설,2024-11-06,24273,71028,1013,3656,0.2316,0.2566,0.1533
2024-11-07,92,2,베놈: 라스트 댄스,2024-10-23,21445,1412694,921,2974,0.2046,0.2087,0.1394
2024-11-07,92,3,아마존 활명수,2024-10-30,14476,447693,764,2079,0.1381,0.1459,0.1157
2024-11-07,92,4,레드 원,2024-11-06,5812,14746,539,1044,0.0555,0.0733,0.0816
2024-11-07,92,5,보통의 가족,2024-10-16,4238,620673,408,577,0.0404,0.0405,0.0618
2024-11-07,92,6,데드라인,2024-11-06,4167,10932,171,321,0.0398,0.0225,0.0259
2024-11-07,92,7,대도시의 사랑법,2024-10-01,3180,842012,372,540,0.0303,0.0379,0.0563
2024-11-07,92,8,괴물,2023-11-29,3112,541745,67,98,0.0297,0.0069,0.0101
2024-11-07,92,9,아노라,2024-11-06,2303,8796,298,457,0.022,0.0321,0.0451
2024-11-07,92,10,아메바 소녀들과 학교괴담: 개교기념일,2024-11-06,1653,5933,190,350,0.0158,0.0246,0.0288
2024-11-08,93,1,청설,2024-11-06,33540,104568,1034,3977,0.2518,0.256,0.1493
2024-11-08,93,2,베놈: 라스트 댄스,2024-10-23,32646,1445340,1030,3444,0.245,0.2217,0.1488
2024-11-08,93,3,아마존 활명수,2024-10-30,19560,467253,780,2227,0.1468,0.1433,0.1127
2024-11-08,93,4,레드 원,2024-11-06,6780,21526,584,1096,0.0509,0.0705,0.0843
2024-11-08,93,5,데드라인,2024-11-06,5858,16790,182,354,0.044,0.0228,0.0263
2024-11-08,93,6,보통의 가족,2024-10-16,4315,624988,438,647,0.0324,0.0416,0.0633
2024-11-08,93,7,대도시의 사랑법,2024-10-01,4149,846161,370,564,0.0311,0.0363,0.0534
2024-11-08,93,8,아노라,2024-11-06,2905,11701,307,472,0.0218,0.0304,0.0443
2024-11-08,93,9,날씨의 아이,2019-10-30,2023,841545,209,262,0.0152,0.0169,0.0302
2024-11-08,93,10,괴물,2023-11-29,1651,543396,77,115,0.0124,0.0074,0.0111
2024-11-09,94,1,베놈: 라스트 댄스,2024-10-23,73589,1518929,1132,4123,0.2845,0.2273,0.1426
2024-11-09,94,2,청설,2024-11-06,69605,174173,1060,4446,0.2691,0.2451,0.1335
2024-11-09,94,3,아마존 활명수,2024-10-30,31380,498633,767,2427,0.1213,0.1338,0.0966
2024-11-09,94,4,레드 원,2024-11-06,12415,33941,593,1090,0.048,0.0601,0.0747
2024-11-09,94,5,와일드 로봇,2024-10-01,6790,644534,330,459,0.0262,0.0253,0.0416
2024-11-09,94,6,보통의 가족,2024-10-16,6694,631682,445,643,0.0259,0.0355,0.056
2024-11-09,94,7,대도시의 사랑법,2024-10-01,6588,852749,403,599,0.0255,0.033,0.0507
2024-11-09,94,8,아노라,2024-11-06,5315,17016,314,448,0.0205,0.0247,0.0395
2024-11-09,94,9,빌리와 용감한 녀석들: 스노우 베어 구조대,2024-11-07,5287,7961,311,406,0.0204,0.0224,0.0392
2024-11-09,94,10,날씨의 아이,2019-10-30,4465,846010,266,354,0.0173,0.0195,0.0335
2024-11-10,95,1,청설,2024-11-06,65401,239574,1060,4293,0.2789,0.2445,0.135
2024-11-10,95,2,베놈: 라스트 댄스,2024-10-23,61553,1580482,1104,3971,0.2624,0.2261,0.1406
2024-11-10,95,3,아마존 활명수,2024-10-30,28178,526811,752,2302,0.1201,0.1311,0.0958
2024-11-10,95,4,레드 원,2024-11-06,11013,44954,598,1059,0.047,0.0603,0.0762
2024-11-10,95,5,와일드 로봇,2024-10-01,8275,652809,326,458,0.0353,0.0261,0.0415
2024-11-10,95,6,보통의 가족,2024-10-16,6129,637811,429,624,0.0261,0.0355,0.0546
2024-11-10,95,7,대도시의 사랑법,2024-10-01,6091,858840,412,592,0.026,0.0337,0.0525
2024-11-10,95,8,빌리와 용감한 녀석들: 스노우 베어 구조대,2024-11-07,5813,13774,323,420,0.0248,0.0239,0.0411
2024-11-10,95,9,아노라,2024-11-06,5139,22155,314,443,0.0219,0.0252,0.04
2024-11-10,95,10,날씨의 아이,2019-10-30,4503,850513,260,350,0.0192,0.0199,0.0331
2024-11-11,96,1,청설,2024-11-06,23293,262867,982,3635,0.299,0.2755,0.1593
2024-11-11,96,2,베놈: 라스트 댄스,2024-10-23,14766,1595248,915,2867,0.1895,0.2173,0.1485
2024-11-11,96,3,아마존 활명수,2024-10-30,9176,535987,639,1658,0.1178,0.1257,0.1037
2024-11-11,96,4,레드 원,2024-11-06,3682,48636,475,792,0.0473,0.06,0.0771
2024-11-11,96,5,보통의 가족,2024-10-16,3618,641429,391,575,0.0464,0.0436,0.0634
2024-11-11,96,6,아노라,2024-11-06,3142,25297,301,454,0.0403,0.0344,0.0488
2024-11-11,96,7,대도시의 사랑법,2024-10-01,2649,861489,362,527,0.034,0.0399,0.0587
2024-11-11,96,8,아메바 소녀들과 학교괴담: 개교기념일,2024-11-06,1638,15308,181,318,0.021,0.0241,0.0294
2024-11-11,96,9,데드라인,2024-11-06,1424,25980,165,296,0.0183,0.0224,0.0268
2024-11-11,96,10,오후 네시,2024-10-23,1247,36138,37,45,0.016,0.0034,0.006
2024-11-12,97,1,청설,2024-11-06,23159,286026,1018,3594,0.2872,0.2773,0.1625
2024-11-12,97,2,베놈: 라스트 댄스,2024-10-23,12909,1608157,902,2719,0.1601,0.2098,0.144
2024-11-12,97,3,아마존 활명수,2024-10-30,9879,545866,640,1563,0.1225,0.1206,0.1021
2024-11-12,97,4,레드 원,2024-11-06,3824,52460,478,785,0.0474,0.0606,0.0763
2024-11-12,97,5,아노라,2024-11-06,2976,28273,307,456,0.0369,0.0352,0.049
2024-11-12,97,6,대도시의 사랑법,2024-10-01,2525,864014,373,537,0.0313,0.0414,0.0595
2024-11-12,97,7,보통의 가족,2024-10-16,2317,643746,380,532,0.0287,0.041,0.0606
2024-11-12,97,8,아메바 소녀들과 학교괴담: 개교기념일,2024-11-06,2252,17560,193,342,0.0279,0.0264,0.0308
2024-11-12,97,9,글래디에이터 Ⅱ,2024-11-13,1574,3718,11,11,0.0195,0.0008,0.0018
2024-11-12,97,10,사흘,2024-11-14,1339,1553,6,7,0.0166,0.0005,0.001
2024-11-13,98,1,글래디에이터 Ⅱ,2024-11-13,72025,75743,1769,6252,0.427,0.4298,0.2835
2024-11-13,98,2,청설,2024-11-06,32632,318658,810,2503,0.1935,0.1721,0.1298
2024-11-13,98,3,베놈: 라스트 댄스,2024-10-23,13842,1621999,682,1818,0.0821,0.125,0.1093
2024-11-13,98,4,아마존 활명수,2024-10-30,6829,552695,493,732,0.0405,0.0503,0.079
2024-11-13,98,5,"괜찮아, 앨리스",2024-11-13,6229,10487,99,107,0.0369,0.0074,0.0159
2024-11-13,98,6,컨택트,2017-02-02,4221,638371,78,155,0.025,0.0107,0.0125
2024-11-13,98,7,4월이 되면 그녀는,2024-11-13,3720,4376,122,255,0.0221,0.0175,0.0196
2024-11-13,98,8,연소일기,2024-11-13,3633,11898,288,408,0.0215,0.0281,0.0462
2024-11-13,98,9,히든페이스,2024-11-20,3380,3412,17,17,0.02,0.0012,0.0027
2024-11-13,98,10,4분 44초,2024-11-01,1440,43216,167,240,0.0085,0.0165,0.0268
2024-11-14,99,1,글래디에이터 Ⅱ,2024-11-13,48582,124325,1522,5145,0.2654,0.3276,0.2263
2024-11-14,99,2,사흘,2024-11-14,45957,47540,836,3328,0.2511,0.2119,0.1243
2024-11-14,99,3,청설,2024-11-06,32487,351145,824,2217,0.1775,0.1412,0.1225
2024-11-14,99,4,베놈: 라스트 댄스,2024-10-23,13197,1635196,655,1422,0.0721,0.0905,0.0974
2024-11-14,99,5,아마존 활명수,2024-10-30,7402,560097,444,563,0.0404,0.0358,0.066
2024-11-14,99,6,히든페이스,2024-11-20,3714,7126,22,22,0.0203,0.0014,0.0033
2024-11-14,99,7,극장판 오버로드 성왕국편,2024-11-14,2040,2040,78,115,0.0111,0.0073,0.0116
2024-11-14,99,8,4월이 되면 그녀는,2024-11-13,1894,6270,128,243,0.0103,0.0155,0.019
2024-11-14,99,9,연소일기,2024-11-13,1842,13740,266,339,0.0101,0.0216,0.0395
2024-11-14,99,10,괴물,2023-11-29,1789,551835,53,67,0.0098,0.0043,0.0079
2024-11-15,100,1,글래디에이터 Ⅱ,2024-11-13,63058,187383,1561,5604,0.3337,0.3478,0.2298
2024-11-15,100,2,청설,2024-11-06,38239,389384,907,2567,0.2023,0.1593,0.1335
2024-11-15,100,3,사흘,2024-11-14,31032,78572,796,2963,0.1642,0.1839,0.1172
2024-11-15,100,4,베놈: 라스트 댄스,2024-10-23,16211,1651407,664,1486,0.0858,0.0922,0.0977
2024-11-15,100,5,아마존 활명수,2024-10-30,5797,565894,423,574,0.0307,0.0356,0.0623
2024-11-15,100,6,히든페이스,2024-11-20,2600,9726,13,13,0.0138,0.0008,0.0019
2024-11-15,100,7,연소일기,2024-11-13,2181,15921,247,309,0.0115,0.0192,0.0364
2024-11-15,100,8,날씨의 아이,2019-10-30,1782,857053,102,119,0.0094,0.0074,0.015
2024-11-15,100,9,컨택트,2017-02-02,1755,641902,81,130,0.0093,0.0081,0.0119
2024-11-15,100,10,4월이 되면 그녀는,2024-11-13,1739,8009,131,235,0.0092,0.0146,0.0193
2024-11-16,101,1,글래디에이터 Ⅱ,2024-11-13,132337,319720,1542,5892,0.4037,0.3342,0.2097
2024-11-16,101,2,청설,2024-11-06,68430,457814,943,3034,0.2087,0.1721,0.1282
2024-11-16,101,3,사흘,2024-11-14,39956,118528,767,2832,0.1219,0.1606,0.1043
2024-11-16,101,4,베놈: 라스트 댄스,2024-10-23,30096,1681503,674,1603,0.0918,0.0909,0.0916
2024-11-16,101,5,아마존 활명수,2024-10-30,8180,574074,498,721,0.025,0.0409,0.0677
2024-11-16,101,6,와일드 로봇,2024-10-01,5504,663738,235,288,0.0168,0.0163,0.032
2024-11-16,101,7,컨택트,2017-02-02,3603,645505,93,150,0.011,0.0085,0.0126
2024-11-16,101,8,대도시의 사랑법,2024-10-01,2308,870603,134,166,0.007,0.0094,0.0182
2024-11-16,101,9,데드라인,2024-11-06,2278,33621,103,119,0.0069,0.0067,0.014
2024-11-16,101,10,빌리와 용감한 녀석들: 스노우 베어 구조대,2024-11-07,2259,19376,172,215,0.0069,0.0122,0.0234
2024-11-17,102,1,글래디에이터 Ⅱ,2024-11-13,123151,442871,1544,5684,0.4121,0.3334,0.2117
2024-11-17,102,2,청설,2024-11-06,66086,523900,948,3020,0.2211,0.1771,0.13
2024-11-17,102,3,사흘,2024-11-14,31892,150420,752,2576,0.1067,0.1511,0.1031
2024-11-17,102,4,베놈: 라스트 댄스,2024-10-23,27070,1708573,684,1599,0.0906,0.0938,0.0938
2024-11-17,102,5,아마존 활명수,2024-10-30,6821,580895,481,683,0.0228,0.0401,0.066
2024-11-17,102,6,와일드 로봇,2024-10-01,6563,670301,228,285,0.022,0.0167,0.0313
2024-11-17,102,7,컨택트,2017-02-02,3147,648652,92,147,0.0105,0.0086,0.0126
2024-11-17,102,8,빌리와 용감한 녀석들: 스노우 베어 구조대,2024-11-07,2451,21827,173,219,0.0082,0.0128,0.0237
2024-11-17,102,9,대도시의 사랑법,2024-10-01,2306,872909,130,164,0.0077,0.0096,0.0178
2024-11-17,102,10,날씨의 아이,2019-10-30,2092,861320,113,130,0.007,0.0076,0.0155
2024-11-18,103,1,글래디에이터 Ⅱ,2024-11-13,51195,494066,1478,4945,0.4345,0.3577,0.2449
2024-11-18,103,2,청설,2024-11-06,25054,548954,840,2612,0.2126,0.1889,0.1392
2024-11-18,103,3,사흘,2024-11-14,11214,161634,659,1997,0.0952,0.1445,0.1092
2024-11-18,103,4,베놈: 라스트 댄스,2024-10-23,8038,1716611,586,1309,0.0682,0.0947,0.0971
2024-11-18,103,5,아마존 활명수,2024-10-30,3667,584562,362,481,0.0311,0.0348,0.06
2024-11-18,103,6,대도시의 사랑법,2024-10-01,1198,874107,123,152,0.0102,0.011,0.0204
2024-11-18,103,7,날씨의 아이,2019-10-30,1121,862441,100,111,0.0095,0.008,0.0166
2024-11-18,103,8,컨택트,2017-02-02,1018,649670,91,137,0.0086,0.0099,0.0151
2024-11-18,103,9,6시간 후 너는 죽는다,2024-10-16,952,50512,11,13,0.0081,0.0009,0.0018
2024-11-18,103,10,데드라인,2024-11-06,904,36560,81,104,0.0077,0.0075,0.0134
2024-11-19,104,1,글래디에이터 Ⅱ,2024-11-13,37332,531398,1458,4864,0.3549,0.3545,0.24
2024-11-19,104,2,청설,2024-11-06,24521,573475,854,2615,0.2331,0.1906,0.1406
2024-11-19,104,3,사흘,2024-11-14,9927,171561,641,1920,0.0944,0.1399,0.1055
2024-11-19,104,4,베놈: 라스트 댄스,2024-10-23,7880,1724491,587,1242,0.0749,0.0905,0.0966
2024-11-19,104,5,아마존 활명수,2024-10-30,3355,587917,365,504,0.0319,0.0367,0.0601
2024-11-19,104,6,연소일기,2024-11-13,1363,21433,226,266,0.013,0.0194,0.0372
2024-11-19,104,7,날씨의 아이,2019-10-30,1289,863730,104,119,0.0123,0.0087,0.0171
2024-11-19,104,8,대도시의 사랑법,2024-10-01,1276,875383,120,157,0.0121,0.0114,0.0197
2024-11-19,104,9,히든페이스,2024-11-20,1231,11307,8,9,0.0117,0.0007,0.0013
2024-11-19,104,10,컨택트,2017-02-02,906,650576,87,135,0.0086,0.0098,0.0143
2024-11-20,105,1,위키드,2024-11-20,84925,86181,1663,5327,0.3719,0.3608,0.2505
2024-11-20,105,2,히든페이스,2024-11-20,48075,59382,834,2569,0.2105,0.174,0.1256
2024-11-20,105,3,글래디에이터 Ⅱ,2024-11-13,28029,559427,802,2077,0.1228,0.1407,0.1208
2024-11-20,105,4,청설,2024-11-06,21065,594540,701,1584,0.0923,0.1073,0.1056
2024-11-20,105,5,나의 히어로 아카데미아 더 무비: 유어 넥스트,2024-11-20,10077,11454,170,290,0.0441,0.0196,0.0256
2024-11-20,105,6,사흘,2024-11-14,6011,177572,469,659,0.0263,0.0446,0.0707
2024-11-20,105,7,베놈: 라스트 댄스,2024-10-23,3317,1727808,318,402,0.0145,0.0272,0.0479
2024-11-20,105,8,아마존 활명수,2024-10-30,2489,590406,106,117,0.0109,0.0079,0.016
2024-11-20,105,9,"오늘 밤, 세계에서 이 사랑이 사라진다 해도",2022-11-30,1695,1185368,31,33,0.0074,0.0022,0.0047
2024-11-20,105,10,캐롤,2016-02-04,1408,359086,78,103,0.0062,0.007,0.0118
2024-11-21,106,1,위키드,2024-11-20,63398,149579,1655,5143,0.3398,0.3546,0.2489
2024-11-21,106,2,히든페이스,2024-11-20,41524,100906,859,2594,0.2226,0.1788,0.1292
2024-11-21,106,3,글래디에이터 Ⅱ,2024-11-13,26090,585517,824,2094,0.1398,0.1444,0.1239
2024-11-21,106,4,청설,2024-11-06,17337,611877,704,1606,0.0929,0.1107,0.1059
2024-11-21,106,5,나의 히어로 아카데미아 더 무비: 유어 넥스트,2024-11-20,4361,15815,159,250,0.0234,0.0172,0.0239
2024-11-21,106,6,베놈: 라스트 댄스,2024-10-23,3454,1731262,324,409,0.0185,0.0282,0.0487
2024-11-21,106,7,사흘,2024-11-14,3194,180766,406,523,0.0171,0.0361,0.0611
2024-11-21,106,8,아마존 활명수,2024-10-30,2955,593361,119,135,0.0158,0.0093,0.0179
2024-11-21,106,9,대가족,2024-12-11,2524,3345,12,16,0.0135,0.0011,0.0018
2024-11-21,106,10,"오늘 밤, 세계에서 이 사랑이 사라진다 해도",2022-11-30,1639,1187007,34,41,0.0088,0.0028,0.0051
2024-11-22,107,1,위키드,2024-11-20,90844,240423,1729,5555,0.3788,0.3627,0.2561
2024-11-22,107,2,히든페이스,2024-11-20,57320,158226,942,2914,0.239,0.1903,0.1396
2024-11-22,107,3,글래디에이터 Ⅱ,2024-11-13,31135,616652,834,2173,0.1298,0.1419,0.1236
2024-11-22,107,4,청설,2024-11-06,22045,633922,704,1661,0.0919,0.1084,0.1043
2024-11-22,107,5,베놈: 라스트 댄스,2024-10-23,4227,1735489,296,382,0.0176,0.0249,0.0439
2024-11-22,107,6,나의 히어로 아카데미아 더 무비: 유어 넥스트,2024-11-20,4184,19999,169,260,0.0174,0.017,0.025
2024-11-22,107,7,사흘,2024-11-14,4079,184845,409,530,0.017,0.0346,0.0606
2024-11-22,107,8,"오늘 밤, 세계에서 이 사랑이 사라진다 해도",2022-11-30,2329,1189336,44,59,0.0097,0.0039,0.0065
2024-11-22,107,9,아마존 활명수,2024-10-30,2224,595585,99,114,0.0093,0.0074,0.0147
2024-11-22,107,10,캐롤,2016-02-04,1614,361321,62,73,0.0067,0.0048,0.0092
2024-11-23,108,1,위키드,2024-11-20,214829,455252,1803,6325,0.4536,0.3789,0.2512
2024-11-23,108,2,히든페이스,2024-11-20,103285,261511,1072,3253,0.2181,0.1948,0.1494
2024-11-23,108,3,글래디에이터 Ⅱ,2024-11-13,59066,675718,832,2203,0.1247,0.132,0.1159
2024-11-23,108,4,청설,2024-11-06,36309,670231,694,1652,0.0767,0.099,0.0967
2024-11-23,108,5,나의 히어로 아카데미아 더 무비: 유어 넥스트,2024-11-20,14610,34609,177,294,0.0308,0.0176,0.0247
2024-11-23,108,6,베놈: 라스트 댄스,2024-10-23,6583,1742072,285,356,0.0139,0.0213,0.0397
2024-11-23,108,7,"오늘 밤, 세계에서 이 사랑이 사라진다 해도",2022-11-30,6001,1195337,94,143,0.0127,0.0086,0.0131
2024-11-23,108,8,사흘,2024-11-14,5552,190397,366,459,0.0117,0.0275,0.051
2024-11-23,108,9,와일드 로봇,2024-10-01,2614,676172,124,151,0.0055,0.009,0.0173
2024-11-23,108,10,데드라인,2024-11-06,1181,40209,33,43,0.0025,0.0026,0.0046
2024-11-24,109,1,위키드,2024-11-20,195001,650253,1801,6057,0.4538,0.3753,0.2547
2024-11-24,109,2,히든페이스,2024-11-20,92943,354454,1062,3205,0.2163,0.1986,0.1502
2024-11-24,109,3,글래디에이터 Ⅱ,2024-11-13,52549,728267,825,2146,0.1223,0.133,0.1167
2024-11-24,109,4,청설,2024-11-06,33083,703314,701,1598,0.077,0.099,0.0991
2024-11-24,109,5,나의 히어로 아카데미아 더 무비: 유어 넥스트,2024-11-20,9958,44567,166,275,0.0232,0.017,0.0235
2024-11-24,109,6,"오늘 밤, 세계에서 이 사랑이 사라진다 해도",2022-11-30,7769,1203106,100,150,0.0181,0.0093,0.0141
2024-11-24,109,7,베놈: 라스트 댄스,2024-10-23,6457,1748529,284,354,0.015,0.0219,0.0402
2024-11-24,109,8,사흘,2024-11-14,4331,194728,328,400,0.0101,0.0248,0.0464
2024-11-24,109,9,와일드 로봇,2024-10-01,2937,679109,125,149,0.0068,0.0092,0.0177
2024-11-24,109,10,저니 투 베들레헴,2024-11-20,2025,5215,72,74,0.0047,0.0046,0.0102
2024-11-25,110,1,위키드,2024-11-20,54902,705155,1617,5023,0.3683,0.3616,0.2642
2024-11-25,110,2,히든페이스,2024-11-20,40003,394457,913,2977,0.2684,0.2143,0.1492
2024-11-25,110,3,글래디에이터 Ⅱ,2024-11-13,17130,745397,753,1926,0.1149,0.1386,0.123
2024-11-25,110,4,청설,2024-11-06,11744,715058,639,1415,0.0788,0.1019,0.1044
2024-11-25,110,5,소방관,2024-12-04,2748,2962,12,14,0.0184,0.001,0.002
2024-11-25,110,6,나의 히어로 아카데미아 더 무비: 유어 넥스트,2024-11-20,2585,47152,159,242,0.0173,0.0174,0.026
2024-11-25,110,7,"오늘 밤, 세계에서 이 사랑이 사라진다 해도",2022-11-30,2290,1205396,98,148,0.0154,0.0107,0.016
2024-11-25,110,8,베놈: 라스트 댄스,2024-10-23,2192,1750721,260,305,0.0147,0.022,0.0425
2024-11-25,110,9,사흘,2024-11-14,1454,196182,276,327,0.0098,0.0235,0.0451
2024-11-25,110,10,아마존 활명수,2024-10-30,1080,598192,62,67,0.0072,0.0048,0.0101
2024-11-26,111,1,위키드,2024-11-20,52670,757825,1623,5020,0.3419,0.3586,0.2615
2024-11-26,111,2,히든페이스,2024-11-20,41359,435816,928,3020,0.2685,0.2157,0.1495
2024-11-26,111,3,글래디에이터 Ⅱ,2024-11-13,19222,764619,780,1966,0.1248,0.1404,0.1257
2024-11-26,111,4,청설,2024-11-06,12857,727915,646,1412,0.0835,0.1009,0.1041
2024-11-26,111,5,나의 히어로 아카데미아 더 무비: 유어 넥스트,2024-11-20,3434,50586,153,248,0.0223,0.0177,0.0247
2024-11-26,111,6,베놈: 라스트 댄스,2024-10-23,2470,1753191,262,320,0.016,0.0229,0.0422
2024-11-26,111,7,"오늘 밤, 세계에서 이 사랑이 사라진다 해도",2022-11-30,2426,1207822,95,147,0.0157,0.0105,0.0153
2024-11-26,111,8,아마존 활명수,2024-10-30,1788,599980,77,85,0.0116,0.0061,0.0124
2024-11-26,111,9,사흘,2024-11-14,1783,197965,269,311,0.0116,0.0222,0.0433
2024-11-26,111,10,모아나 2,2024-11-27,848,848,3,3,0.0055,0.0002,0.0005
2024-11-27,112,1,모아나 2,2024-11-27,196876,197724,1779,7256,0.5431,0.4424,0.2702
2024-11-27,112,2,위키드,2024-11-20,62302,820127,1179,3034,0.1719,0.185,0.1791
2024-11-27,112,3,히든페이스,2024-11-20,45483,481299,902,2374,0.1255,0.1448,0.137
2024-11-27,112,4,글래디에이터 Ⅱ,2024-11-13,20367,784986,681,1122,0.0562,0.0684,0.1034
2024-11-27,112,5,청설,2024-11-06,8791,736706,473,680,0.0243,0.0415,0.0719
2024-11-27,112,6,나의 히어로 아카데미아 더 무비: 유어 넥스트,2024-11-20,2049,52635,96,151,0.0057,0.0092,0.0146
2024-11-27,112,7,대가족,2024-12-11,1893,5593,11,11,0.0052,0.0007,0.0017
2024-11-27,112,8,백현: 론스달라이트 닷 인 시네마,2024-11-27,1771,1771,77,145,0.0049,0.0088,0.0117
2024-11-27,112,9,여름날의 레몬그라스,2024-11-27,1668,1794,72,94,0.0046,0.0057,0.0109
2024-11-27,112,10,에드워드 호퍼,2024-11-27,1422,1943,111,137,0.0039,0.0084,0.0169
2024-11-28,113,1,모아나 2,2024-11-27,99638,297362,1631,6836,0.4384,0.4265,0.2556
2024-11-28,113,2,위키드,2024-11-20,41001,861128,1126,2997,0.1804,0.187,0.1764
2024-11-28,113,3,히든페이스,2024-11-20,35130,516429,886,2454,0.1546,0.1531,0.1388
2024-11-28,113,4,글래디에이터 Ⅱ,2024-11-13,13494,798480,635,1087,0.0594,0.0678,0.0995
2024-11-28,113,5,청설,2024-11-06,6487,743193,455,626,0.0285,0.0391,0.0713
2024-11-28,113,6,1승,2024-12-04,5050,5290,20,24,0.0222,0.0015,0.0031
2024-11-28,113,7,소방관,2024-12-04,4011,6973,22,22,0.0176,0.0014,0.0034
2024-11-28,113,8,나 혼자만 레벨업 -리어웨이크닝-,2024-11-28,1955,1955,100,194,0.0086,0.0121,0.0157
2024-11-28,113,9,아마존 활명수,2024-10-30,1354,602478,29,29,0.006,0.0018,0.0045
2024-11-28,113,10,여름날의 레몬그라스,2024-11-27,1256,3050,66,86,0.0055,0.0054,0.0103
2024-11-29,114,1,모아나 2,2024-11-27,143828,441190,1728,7394,0.4624,0.4346,0.2628
2024-11-29,114,2,위키드,2024-11-20,64076,925204,1175,3228,0.206,0.1897,0.1787
2024-11-29,114,3,히든페이스,2024-11-20,48809,565238,928,2634,0.1569,0.1548,0.1411
2024-11-29,114,4,글래디에이터 Ⅱ,2024-11-13,16536,815016,656,1110,0.0532,0.0652,0.0998
2024-11-29,114,5,청설,2024-11-06,7615,750808,462,661,0.0245,0.0388,0.0703
2024-11-29,114,6,1승,2024-12-04,7123,12413,30,30,0.0229,0.0018,0.0046
2024-11-29,114,7,아마존 활명수,2024-10-30,1396,603874,24,26,0.0045,0.0015,0.0037
2024-11-29,114,8,나의 히어로 아카데미아 더 무비: 유어 넥스트,2024-11-20,1231,54917,82,114,0.004,0.0067,0.0125
2024-11-29,114,9,괴물,2023-11-29,1024,564291,16,18,0.0033,0.0011,0.0024
2024-11-29,114,10,베놈: 라스트 댄스,2024-10-23,913,1756101,102,109,0.0029,0.0064,0.0155
2024-11-30,115,1,모아나 2,2024-11-27,490096,931286,1974,9352,0.6098,0.4996,0.2927
2024-11-30,115,2,위키드,2024-11-20,146329,1071533,1161,3237,0.1821,0.1729,0.1722
2024-11-30,115,3,히든페이스,2024-11-20,88125,653363,899,2596,0.1096,0.1387,0.1333
2024-11-30,115,4,글래디에이터 Ⅱ,2024-11-13,26948,841964,625,967,0.0335,0.0517,0.0927
2024-11-30,115,5,청설,2024-11-06,14404,765212,416,594,0.0179,0.0317,0.0617
2024-11-30,115,6,대가족,2024-12-11,6090,13147,32,34,0.0076,0.0018,0.0047
2024-11-30,115,7,나의 히어로 아카데미아 더 무비: 유어 넥스트,2024-11-20,3813,58730,90,108,0.0047,0.0058,0.0133
2024-11-30,115,8,1승,2024-12-04,2314,14727,11,18,0.0029,0.001,0.0016
2024-11-30,115,9,"오늘 밤, 세계에서 이 사랑이 사라진다 해도",2022-11-30,1578,1212325,64,84,0.002,0.0045,0.0095
2024-11-30,115,10,나 혼자만 레벨업 -리어웨이크닝-,2024-11-28,1522,4378,91,136,0.0019,0.0073,0.0135
2024-11-30,115,10,베놈: 라스트 댄스,2024-10-23,1522,1757623,93,100,0.0019,0.0053,0.0138
2024-12-01,116,1,모아나 2,2024-11-27,437075,1368361,1985,9068,0.6294,0.5032,0.301
2024-12-01,116,2,위키드,2024-11-20,124144,1195677,1151,3150,0.1788,0.1748,0.1745
2024-12-01,116,3,히든페이스,2024-11-20,72154,725517,890,2475,0.1039,0.1374,0.135
2024-12-01,116,4,글래디에이터 Ⅱ,2024-11-13,20279,862243,609,934,0.0292,0.0518,0.0923
2024-12-01,116,5,청설,2024-11-06,12603,777815,395,548,0.0181,0.0304,0.0599
2024-12-01,116,6,나의 히어로 아카데미아 더 무비: 유어 넥스트,2024-11-20,2510,61240,82,99,0.0036,0.0055,0.0124
2024-12-01,116,7,백현: 론스달라이트 닷 인 시네마,2024-11-27,2345,5987,63,92,0.0034,0.0051,0.0096
2024-12-01,116,8,저니 투 베들레헴,2024-11-20,2207,10194,36,36,0.0032,0.002,0.0055
2024-12-01,116,9,"오늘 밤, 세계에서 이 사랑이 사라진다 해도",2022-11-30,1797,1214122,68,88,0.0026,0.0049,0.0103
2024-12-01,116,10,1승,2024-12-04,1749,16476,13,20,0.0025,0.0011,0.002
2024-12-02,117,1,모아나 2,2024-11-27,61789,1430150,1504,6006,0.4025,0.4039,0.2563
2024-12-02,117,2,위키드,2024-11-20,35021,1230698,1073,2923,0.2281,0.1966,0.1829
2024-12-02,117,3,히든페이스,2024-11-20,27993,753510,850,2639,0.1823,0.1775,0.1449
2024-12-02,117,4,글래디에이터 Ⅱ,2024-11-13,7929,870172,595,1035,0.0516,0.0696,0.1014
2024-12-02,117,5,청설,2024-11-06,5011,782826,427,576,0.0326,0.0387,0.0728
2024-12-02,117,6,대가족,2024-12-11,2594,15741,11,11,0.0169,0.0007,0.0019
2024-12-02,117,7,베놈: 라스트 댄스,2024-10-23,1075,1759962,85,89,0.007,0.006,0.0145
2024-12-02,117,8,나의 히어로 아카데미아 더 무비: 유어 넥스트,2024-11-20,803,62043,79,107,0.0052,0.0072,0.0135
2024-12-02,117,9,에드워드 호퍼,2024-11-27,634,6323,80,103,0.0041,0.0069,0.0136
2024-12-02,117,10,나 혼자만 레벨업 -리어웨이크닝-,2024-11-28,561,6125,91,126,0.0037,0.0085,0.0155
2024-12-03,118,1,모아나 2,2024-11-27,59422,1489572,1535,5877,0.3852,0.3962,0.2559
2024-12-03,118,2,위키드,2024-11-20,33943,1264641,1102,2947,0.22,0.1987,0.1837
2024-12-03,118,3,히든페이스,2024-11-20,27777,781287,877,2666,0.1801,0.1797,0.1462
2024-12-03,118,4,글래디에이터 Ⅱ,2024-11-13,7808,877980,604,1042,0.0506,0.0702,0.1007
2024-12-03,118,5,청설,2024-11-06,3856,786682,417,573,0.025,0.0386,0.0695
2024-12-03,118,6,소방관,2024-12-04,3524,10877,15,15,0.0228,0.001,0.0025
2024-12-03,118,7,여름날의 레몬그라스,2024-11-27,1629,7459,64,89,0.0106,0.006,0.0107
2024-12-03,118,8,에드워드 호퍼,2024-11-27,988,7311,94,116,0.0064,0.0078,0.0157
2024-12-03,118,9,대가족,2024-12-11,945,16686,7,7,0.0061,0.0005,0.0012
2024-12-03,118,10,애시드 레인: 죽음의 비,2024-11-27,849,3915,35,41,0.0055,0.0028,0.0058
2024-12-04,119,1,소방관,2024-12-04,81673,92550,983,3335,0.3027,0.2029,0.1489
2024-12-04,119,2,모아나 2,2024-11-27,55981,1545553,1171,3846,0.2075,0.2339,0.1773
2024-12-04,119,3,1승,2024-12-04,46362,63359,995,3227,0.1718,0.1963,0.1507
2024-12-04,119,4,위키드,2024-11-20,24845,1289486,853,1861,0.0921,0.1132,0.1292
2024-12-04,119,5,히든페이스,2024-11-20,18460,799747,730,1769,0.0684,0.1076,0.1106
2024-12-04,119,6,"플레이브 팬 콘서트 ‘헬로, 아스테룸!’ 앙코르 인 시네마",2024-12-04,12232,12232,62,178,0.0453,0.0108,0.0094
2024-12-04,119,7,대가족,2024-12-11,3187,19873,20,20,0.0118,0.0012,0.003
2024-12-04,119,8,글래디에이터 Ⅱ,2024-11-13,3161,881141,301,374,0.0117,0.0227,0.0456
2024-12-04,119,9,원정빌라,2024-12-04,2421,2860,164,277,0.009,0.0168,0.0248
2024-12-04,119,10,포레스트 검프,1994-10-15,1806,17490,97,142,0.0067,0.0086,0.0147
2024-12-05,120,1,소방관,2024-12-04,82308,174858,1036,3435,0.3545,0.2102,0.1558
2024-12-05,120,2,모아나 2,2024-11-27,49224,1594777,1173,3788,0.212,0.2318,0.1764
2024-12-05,120,3,1승,2024-12-04,29099,92458,978,3036,0.1253,0.1858,0.1471
2024-12-05,120,4,위키드,2024-11-20,24470,1313956,864,1897,0.1054,0.1161,0.1299
2024-12-05,120,5,히든페이스,2024-11-20,17860,817607,717,1763,0.0769,0.1079,0.1078
2024-12-05,120,6,글래디에이터 Ⅱ,2024-11-13,3270,884411,301,373,0.0141,0.0228,0.0453
2024-12-05,120,7,대가족,2024-12-11,2918,22791,14,14,0.0126,0.0009,0.0021
2024-12-05,120,8,"알엠: 라이트 피플, 롱 플레이스",2024-12-05,2147,2289,56,116,0.0092,0.0071,0.0084
2024-12-05,120,9,투모로우바이투게더 : 하이퍼포커스 인 시네마,2024-12-04,2039,3216,70,125,0.0088,0.0077,0.0105
2024-12-05,120,10,청설,2024-11-06,1948,789588,132,150,0.0084,0.0092,0.0199
2024-12-06,121,1,소방관,2024-12-04,112028,286886,1188,3916,0.3622,0.2282,0.175
2024-12-06,121,2,모아나 2,2024-11-27,83346,1678123,1255,4261,0.2695,0.2483,0.1848
2024-12-06,121,3,위키드,2024-11-20,36514,1350470,870,2008,0.1181,0.117,0.1281
2024-12-06,121,4,1승,2024-12-04,27637,120095,876,2830,0.0894,0.1649,0.129
2024-12-06,121,5,히든페이스,2024-11-20,23889,841496,745,1804,0.0772,0.1051,0.1097
2024-12-06,121,6,글래디에이터 Ⅱ,2024-11-13,3757,888168,306,375,0.0121,0.0219,0.0451
2024-12-06,121,7,원정빌라,2024-12-04,2215,6614,156,243,0.0072,0.0142,0.023
2024-12-06,121,8,대가족,2024-12-11,1592,24383,11,11,0.0051,0.0006,0.0016
2024-12-06,121,9,"플레이브 팬 콘서트 ‘헬로, 아스테룸!’ 앙코르 인 시네마",2024-12-04,1564,15429,57,149,0.0051,0.0087,0.0084
2024-12-06,121,10,청설,2024-11-06,1462,791050,130,142,0.0047,0.0083,0.0191
2024-12-07,122,1,모아나 2,2024-11-27,275074,1953197,1696,6780,0.4041,0.3555,0.2338
2024-12-07,122,2,소방관,2024-12-04,218560,505446,1377,4251,0.3211,0.2229,0.1898
2024-12-07,122,3,위키드,2024-11-20,77664,1428134,933,2106,0.1141,0.1104,0.1286
2024-12-07,122,4,1승,2024-12-04,37915,158010,812,2378,0.0557,0.1247,0.1119
2024-12-07,122,5,히든페이스,2024-11-20,34662,876158,706,1421,0.0509,0.0745,0.0973
2024-12-07,122,6,글래디에이터 Ⅱ,2024-11-13,4442,892610,225,260,0.0065,0.0136,0.031
2024-12-07,122,7,"플레이브 팬 콘서트 ‘헬로, 아스테룸!’ 앙코르 인 시네마",2024-12-04,3032,18461,58,158,0.0045,0.0083,0.008
2024-12-07,122,8,원정빌라,2024-12-04,2490,9104,145,193,0.0037,0.0101,0.02
2024-12-07,122,9,포레스트 검프,1994-10-15,1771,21823,93,118,0.0026,0.0062,0.0128
2024-12-07,122,10,나의 히어로 아카데미아 더 무비: 유어 넥스트,2024-11-20,1752,66726,35,42,0.0026,0.0022,0.0048
2024-12-08,123,1,모아나 2,2024-11-27,251924,2205121,1657,6455,0.3875,0.3488,0.2313
2024-12-08,123,2,소방관,2024-12-04,238689,744135,1414,4357,0.3671,0.2354,0.1974
2024-12-08,123,3,위키드,2024-11-20,69881,1498015,932,2056,0.1075,0.1111,0.1301
2024-12-08,123,4,1승,2024-12-04,33887,191897,801,2223,0.0521,0.1201,0.1118
2024-12-08,123,5,히든페이스,2024-11-20,28350,904508,673,1366,0.0436,0.0738,0.0939
2024-12-08,123,6,글래디에이터 Ⅱ,2024-11-13,4482,897092,210,247,0.0069,0.0133,0.0293
2024-12-08,123,7,"플레이브 팬 콘서트 ‘헬로, 아스테룸!’ 앙코르 인 시네마",2024-12-04,1936,20397,54,140,0.003,0.0076,0.0075
2024-12-08,123,8,원정빌라,2024-12-04,1750,10854,134,178,0.0027,0.0096,0.0187
2024-12-08,123,9,청설,2024-11-06,1497,794183,92,109,0.0023,0.0059,0.0128
2024-12-08,123,10,포레스트 검프,1994-10-15,1253,23076,93,122,0.0019,0.0066,0.013
2024-12-09,124,1,소방관,2024-12-04,89397,833532,1183,4193,0.4872,0.2778,0.193
2024-12-09,124,2,모아나 2,2024-11-27,35269,2240390,1078,3421,0.1922,0.2266,0.1758
2024-12-09,124,3,위키드,2024-11-20,21094,1519109,863,1893,0.1149,0.1254,0.1408
2024-12-09,124,4,1승,2024-12-04,12337,204234,747,2044,0.0672,0.1354,0.1218
2024-12-09,124,5,히든페이스,2024-11-20,11346,915854,672,1596,0.0618,0.1057,0.1096
2024-12-09,124,6,글래디에이터 Ⅱ,2024-11-13,2033,899125,265,327,0.0111,0.0217,0.0432
2024-12-09,124,7,대가족,2024-12-11,1287,28436,6,6,0.007,0.0004,0.001
2024-12-09,124,8,여름날의 레몬그라스,2024-11-27,1170,12162,32,43,0.0064,0.0028,0.0052
2024-12-09,124,9,청설,2024-11-06,952,795135,122,132,0.0052,0.0087,0.0199
2024-12-09,124,10,원정빌라,2024-12-04,854,11708,138,203,0.0047,0.0134,0.0225
2024-12-10,125,1,소방관,2024-12-04,86228,919760,1303,4390,0.4593,0.286,0.2036
2024-12-10,125,2,모아나 2,2024-11-27,37586,2277976,1085,3359,0.2002,0.2188,0.1695
2024-12-10,125,3,위키드,2024-11-20,19106,1538215,845,1853,0.1018,0.1207,0.132
2024-12-10,125,4,1승,2024-12-04,16946,221180,763,2035,0.0903,0.1326,0.1192
2024-12-10,125,5,히든페이스,2024-11-20,10426,926280,685,1591,0.0555,0.1037,0.107
2024-12-10,125,6,원정빌라,2024-12-04,2471,14179,151,228,0.0132,0.0149,0.0236
2024-12-10,125,7,글래디에이터 Ⅱ,2024-11-13,2208,901333,269,329,0.0118,0.0214,0.042
2024-12-10,125,8,대가족,2024-12-11,1388,29824,8,8,0.0074,0.0005,0.0013
2024-12-10,125,9,티처스 라운지,2023-12-27,849,6283,7,9,0.0045,0.0006,0.0011
2024-12-10,125,10,포레스트 검프,1994-10-15,771,24551,95,138,0.0041,0.009,0.0148
2024-12-11,126,1,소방관,2024-12-04,96379,1016139,1435,4790,0.357,0.2897,0.1964
2024-12-11,126,2,모아나 2,2024-11-27,40292,2318268,861,2383,0.1493,0.1441,0.1178
2024-12-11,126,3,대가족,2024-12-11,35078,64902,939,3076,0.13,0.186,0.1285
2024-12-11,126,4,위키드,2024-11-20,18685,1556900,671,1253,0.0692,0.0758,0.0918
2024-12-11,126,5,서브스턴스,2024-12-11,9911,13321,372,549,0.0367,0.0332,0.0509
2024-12-11,126,6,극장판 주술회전 0,2022-02-17,8245,673247,190,387,0.0305,0.0234,0.026
2024-12-11,126,7,1승,2024-12-04,7853,229033,621,975,0.0291,0.059,0.085
2024-12-11,126,8,히든페이스,2024-11-20,6990,933270,538,874,0.0259,0.0529,0.0736
2024-12-11,126,9,더 크로우,2024-12-11,5233,5423,200,329,0.0194,0.0199,0.0274
2024-12-11,126,10,인터스텔라,2014-11-06,4762,10347285,25,53,0.0176,0.0032,0.0034
2024-12-12,127,1,소방관,2024-12-04,91615,1107754,1468,4973,0.3825,0.304,0.1992
2024-12-12,127,2,모아나 2,2024-11-27,38168,2356436,870,2351,0.1593,0.1437,0.1181
2024-12-12,127,3,대가족,2024-12-11,23603,88505,887,2745,0.0985,0.1678,0.1204
2024-12-12,127,4,위키드,2024-11-20,18603,1575503,683,1279,0.0777,0.0782,0.0927
2024-12-12,127,5,1승,2024-12-04,10041,239074,624,1003,0.0419,0.0613,0.0847
2024-12-12,127,6,서브스턴스,2024-12-11,8120,21441,355,519,0.0339,0.0317,0.0482
2024-12-12,127,7,히든페이스,2024-11-20,6894,940164,553,892,0.0288,0.0545,0.075
2024-12-12,127,8,퍼스트레이디,2024-12-12,4822,7048,54,74,0.0201,0.0045,0.0073
2024-12-12,127,9,극장판 블루 록 -에피소드 나기-,2024-08-21,3631,100110,22,22,0.0152,0.0013,0.003
2024-12-12,127,10,인터스텔라,2014-11-06,3543,10350828,25,61,0.0148,0.0037,0.0034
2024-12-13,128,1,소방관,2024-12-04,138829,1246583,1593,5646,0.4083,0.3236,0.2069
2024-12-13,128,2,모아나 2,2024-11-27,64229,2420665,980,2698,0.1889,0.1546,0.1273
2024-12-13,128,3,위키드,2024-11-20,29289,1604792,736,1390,0.0861,0.0797,0.0956
2024-12-13,128,4,1승,2024-12-04,26173,265247,686,1051,0.077,0.0602,0.0891
2024-12-13,128,5,대가족,2024-12-11,23909,112414,889,2732,0.0703,0.1566,0.1155
2024-12-13,128,6,히든페이스,2024-11-20,9504,949668,588,912,0.0279,0.0523,0.0764
2024-12-13,128,7,서브스턴스,2024-12-11,9096,30537,349,521,0.0267,0.0299,0.0453
2024-12-13,128,8,퍼스트레이디,2024-12-12,5934,12982,59,106,0.0175,0.0061,0.0077
2024-12-13,128,9,인터스텔라,2014-11-06,4901,10355729,26,63,0.0144,0.0036,0.0034
2024-12-13,128,10,극장판 주술회전 0,2022-02-17,3679,680378,190,322,0.0108,0.0185,0.0247
2024-12-14,129,1,소방관,2024-12-04,259958,1506541,1594,6570,0.429,0.3446,0.21
2024-12-14,129,2,모아나 2,2024-11-27,167887,2588552,1334,4452,0.277,0.2335,0.1757
2024-12-14,129,3,위키드,2024-11-20,51534,1656326,731,1398,0.085,0.0733,0.0963
2024-12-14,129,4,대가족,2024-12-11,38808,151222,783,2376,0.064,0.1246,0.1031
2024-12-14,129,5,히든페이스,2024-11-20,13270,962938,490,715,0.0219,0.0375,0.0646
2024-12-14,129,6,서브스턴스,2024-12-11,12589,43126,352,494,0.0208,0.0259,0.0464
2024-12-14,129,7,1승,2024-12-04,8300,273547,510,714,0.0137,0.0374,0.0672
2024-12-14,129,8,퍼스트레이디,2024-12-12,7623,20605,75,162,0.0126,0.0085,0.0099
2024-12-14,129,9,극장판 주술회전 0,2022-02-17,7098,687476,193,288,0.0117,0.0151,0.0254
2024-12-14,129,10,인터스텔라,2014-11-06,7061,10362790,26,71,0.0117,0.0037,0.0034
2024-12-15,130,1,소방관,2024-12-04,258325,1764866,1561,6452,0.4357,0.3433,0.2057
2024-12-15,130,2,모아나 2,2024-11-27,157331,2745883,1321,4376,0.2653,0.2329,0.1741
2024-12-15,130,3,위키드,2024-11-20,50699,1707025,733,1413,0.0855,0.0752,0.0966
2024-12-15,130,4,대가족,2024-12-11,38236,189458,777,2244,0.0645,0.1194,0.1024
2024-12-15,130,5,퍼스트레이디,2024-12-12,12540,33145,100,206,0.0211,0.011,0.0132
2024-12-15,130,6,서브스턴스,2024-12-11,12234,55360,352,499,0.0206,0.0266,0.0464
2024-12-15,130,7,히든페이스,2024-11-20,11212,974150,488,696,0.0189,0.037,0.0643
2024-12-15,130,8,1승,2024-12-04,8443,281990,505,723,0.0142,0.0385,0.0666
2024-12-15,130,9,인터스텔라,2014-11-06,7604,10370394,26,66,0.0128,0.0035,0.0034
2024-12-15,130,10,극장판 주술회전 0,2022-02-17,6802,694278,196,293,0.0115,0.0156,0.0258
2024-12-16,131,1,소방관,2024-12-04,80049,1844915,1360,5593,0.4321,0.357,0.2028
2024-12-16,131,2,모아나 2,2024-11-27,25370,2771253,826,2266,0.137,0.1446,0.1232
2024-12-16,131,3,위키드,2024-11-20,17420,1724445,699,1363,0.094,0.087,0.1042
2024-12-16,131,4,대가족,2024-12-11,17286,206744,729,2030,0.0933,0.1296,0.1087
2024-12-16,131,5,1승,2024-12-04,7652,289642,557,805,0.0413,0.0514,0.0831
2024-12-16,131,6,서브스턴스,2024-12-11,6320,61680,352,547,0.0341,0.0349,0.0525
2024-12-16,131,7,퍼스트레이디,2024-12-12,5138,38283,91,203,0.0277,0.013,0.0136
2024-12-16,131,8,히든페이스,2024-11-20,4990,979140,512,793,0.0269,0.0506,0.0763
2024-12-16,131,9,인터스텔라,2014-11-06,4248,10374642,26,62,0.0229,0.004,0.0039
2024-12-16,131,10,극장판 주술회전 0,2022-02-17,2192,696470,181,291,0.0118,0.0186,0.027
2024-12-17,132,1,소방관,2024-12-04,79511,1924426,1405,5539,0.3891,0.3502,0.2013
2024-12-17,132,2,모아나 2,2024-11-27,31569,2802822,843,2274,0.1545,0.1438,0.1208
2024-12-17,132,3,위키드,2024-11-20,18732,1743177,725,1372,0.0917,0.0868,0.1039
2024-12-17,132,4,대가족,2024-12-11,18559,225303,744,2008,0.0908,0.127,0.1066
2024-12-17,132,5,1승,2024-12-04,9581,299223,580,846,0.0469,0.0535,0.0831
2024-12-17,132,6,서브스턴스,2024-12-11,7119,68799,368,567,0.0348,0.0359,0.0527
2024-12-17,132,7,인터스텔라,2014-11-06,5654,10380296,26,60,0.0277,0.0038,0.0037
2024-12-17,132,8,히든페이스,2024-11-20,4973,984113,525,794,0.0243,0.0502,0.0752
2024-12-17,132,9,퍼스트레이디,2024-12-12,4367,42650,98,235,0.0214,0.0149,0.014
2024-12-17,132,10,극장판 주술회전 0,2022-02-17,2349,698819,182,293,0.0115,0.0185,0.0261
2024-12-18,133,1,소방관,2024-12-04,81225,2005651,1250,4509,0.2983,0.2722,0.1708
2024-12-18,133,2,무파사: 라이온 킹,2024-12-18,44985,47002,1243,4198,0.1652,0.2534,0.1698
2024-12-18,133,3,극장판 짱구는 못말려: 우리들의 공룡일기,2024-12-18,34975,43143,690,1768,0.1285,0.1067,0.0943
2024-12-18,133,4,모아나 2,2024-11-27,24672,2827494,773,1471,0.0906,0.0888,0.1056
2024-12-18,133,5,대가족,2024-12-11,17918,243221,607,945,0.0658,0.057,0.0829
2024-12-18,133,6,위키드,2024-11-20,15299,1758476,606,916,0.0562,0.0553,0.0828
2024-12-18,133,7,서브스턴스,2024-12-11,6752,75551,301,383,0.0248,0.0231,0.0411
2024-12-18,133,8,정동원 성탄총동원 더 무비,2024-12-18,6496,6496,59,112,0.0239,0.0068,0.0081
2024-12-18,133,9,1승,2024-12-04,6078,305301,205,235,0.0223,0.0142,0.028
2024-12-18,133,10,퍼스트레이디,2024-12-12,3692,46342,117,260,0.0136,0.0157,0.016
2024-12-19,134,1,소방관,2024-12-04,80112,2085763,1324,4674,0.3463,0.2885,0.1783
2024-12-19,134,2,무파사: 라이온 킹,2024-12-18,29231,76233,1169,3685,0.1264,0.2274,0.1575
2024-12-19,134,3,극장판 짱구는 못말려: 우리들의 공룡일기,2024-12-18,23901,67044,710,1702,0.1033,0.105,0.0956
2024-12-19,134,4,모아나 2,2024-11-27,22666,2850160,817,1493,0.098,0.0921,0.11
2024-12-19,134,5,위키드,2024-11-20,16599,1775075,635,981,0.0718,0.0605,0.0855
2024-12-19,134,6,대가족,2024-12-11,10711,253932,594,891,0.0463,0.055,0.08
2024-12-19,134,7,서브스턴스,2024-12-11,7094,82645,302,401,0.0307,0.0248,0.0407
2024-12-19,134,8,하얼빈,2024-12-24,6983,9848,34,37,0.0302,0.0023,0.0046
2024-12-19,134,9,1승,2024-12-04,4000,309301,178,200,0.0173,0.0123,0.024
2024-12-19,134,10,퍼스트레이디,2024-12-12,3665,50007,128,292,0.0158,0.018,0.0172
2024-12-20,135,1,소방관,2024-12-04,105969,2191732,1438,5173,0.3675,0.2992,0.1859
2024-12-20,135,2,무파사: 라이온 킹,2024-12-18,37654,113887,1176,3698,0.1306,0.2139,0.1521
2024-12-20,135,3,모아나 2,2024-11-27,33256,2883416,864,1683,0.1153,0.0973,0.1117
2024-12-20,135,4,극장판 짱구는 못말려: 우리들의 공룡일기,2024-12-18,28678,95722,753,1807,0.0995,0.1045,0.0974
2024-12-20,135,5,위키드,2024-11-20,22332,1797407,674,1110,0.0775,0.0642,0.0871
2024-12-20,135,6,대가족,2024-12-11,10555,264487,575,910,0.0366,0.0526,0.0743
2024-12-20,135,7,서브스턴스,2024-12-11,7901,90546,320,425,0.0274,0.0246,0.0414
2024-12-20,135,8,하얼빈,2024-12-24,6564,16412,45,46,0.0228,0.0027,0.0058
2024-12-20,135,9,1승,2024-12-04,4217,313518,183,206,0.0146,0.0119,0.0237
2024-12-20,135,10,퍼스트레이디,2024-12-12,4043,54050,133,309,0.014,0.0179,0.0172
2024-12-21,136,1,소방관,2024-12-04,210311,2402043,1383,5582,0.3607,0.2887,0.1741
2024-12-21,136,2,무파사: 라이온 킹,2024-12-18,100316,214203,1136,3898,0.172,0.2016,0.143
2024-12-21,136,3,모아나 2,2024-11-27,82698,2966114,1102,2814,0.1418,0.1455,0.1388
2024-12-21,136,4,극장판 짱구는 못말려: 우리들의 공룡일기,2024-12-18,81547,177269,856,2317,0.1398,0.1198,0.1078
2024-12-21,136,5,위키드,2024-11-20,40800,1838207,708,1209,0.07,0.0625,0.0891
2024-12-21,136,6,대가족,2024-12-11,12215,276702,556,770,0.0209,0.0398,0.07
2024-12-21,136,7,서브스턴스,2024-12-11,11307,101853,289,383,0.0194,0.0198,0.0364
2024-12-21,136,8,퍼스트레이디,2024-12-12,6154,60204,142,294,0.0106,0.0152,0.0179
2024-12-21,136,9,히든페이스,2024-11-20,5068,998247,252,300,0.0087,0.0155,0.0317
2024-12-21,136,10,이터널 선샤인,2005-11-10,3708,524969,114,165,0.0064,0.0085,0.0144
2024-12-22,137,1,소방관,2024-12-04,194686,2596729,1366,5413,0.353,0.2891,0.1735
2024-12-22,137,2,무파사: 라이온 킹,2024-12-18,97317,311520,1121,3633,0.1765,0.194,0.1424
2024-12-22,137,3,모아나 2,2024-11-27,82290,3048404,1082,2731,0.1492,0.1459,0.1375
2024-12-22,137,4,극장판 짱구는 못말려: 우리들의 공룡일기,2024-12-18,75926,253195,880,2322,0.1377,0.124,0.1118
2024-12-22,137,5,위키드,2024-11-20,37680,1875887,715,1205,0.0683,0.0644,0.0908
2024-12-22,137,6,대가족,2024-12-11,12896,289598,549,759,0.0234,0.0405,0.0697
2024-12-22,137,7,서브스턴스,2024-12-11,9642,111495,298,381,0.0175,0.0203,0.0379
2024-12-22,137,8,퍼스트레이디,2024-12-12,5943,66147,144,289,0.0108,0.0154,0.0183
2024-12-22,137,9,히든페이스,2024-11-20,3624,1001871,240,280,0.0066,0.015,0.0305
2024-12-22,137,10,이터널 선샤인,2005-11-10,3449,528418,108,160,0.0063,0.0085,0.0137
2024-12-23,138,1,소방관,2024-12-04,65499,2662228,1210,4917,0.3542,0.3095,0.1717
2024-12-23,138,2,무파사: 라이온 킹,2024-12-18,21636,333156,984,2686,0.117,0.169,0.1396
2024-12-23,138,3,극장판 짱구는 못말려: 우리들의 공룡일기,2024-12-18,19387,272582,713,1806,0.1049,0.1137,0.1012
2024-12-23,138,4,모아나 2,2024-11-27,18592,3066996,801,1714,0.1006,0.1079,0.1136
2024-12-23,138,5,위키드,2024-11-20,17265,1893152,713,1235,0.0934,0.0777,0.1012
2024-12-23,138,6,대가족,2024-12-11,8973,298571,525,786,0.0485,0.0495,0.0745
2024-12-23,138,7,서브스턴스,2024-12-11,6447,117942,311,452,0.0349,0.0284,0.0441
2024-12-23,138,8,히든페이스,2024-11-20,3300,1005171,291,358,0.0178,0.0225,0.0413
2024-12-23,138,9,퍼스트레이디,2024-12-12,3028,69175,140,305,0.0164,0.0192,0.0199
2024-12-23,138,10,이터널 선샤인,2005-11-10,2320,530738,103,176,0.0125,0.0111,0.0146
2024-12-24,139,1,하얼빈,2024-12-24,381521,406202,2115,10143,0.6397,0.5217,0.3047
2024-12-24,139,2,소방관,2024-12-04,81132,2743360,859,2835,0.136,0.1458,0.1237
2024-12-24,139,3,무파사: 라이온 킹,2024-12-18,27895,361051,746,1502,0.0468,0.0773,0.1075
2024-12-24,139,4,모아나 2,2024-11-27,26594,3093590,714,1278,0.0446,0.0657,0.1029
2024-12-24,139,5,극장판 짱구는 못말려: 우리들의 공룡일기,2024-12-18,24198,296780,629,1362,0.0406,0.0701,0.0906
2024-12-24,139,6,위키드,2024-11-20,22303,1915455,460,662,0.0374,0.0341,0.0663
2024-12-24,139,7,서브스턴스,2024-12-11,5006,122948,165,195,0.0084,0.01,0.0238
2024-12-24,139,8,대가족,2024-12-11,2665,301236,150,173,0.0045,0.0089,0.0216
2024-12-24,139,9,이터널 선샤인,2005-11-10,2415,533153,77,85,0.004,0.0044,0.0111
2024-12-24,139,10,극장판 주술회전 0,2022-02-17,1987,714104,65,80,0.0033,0.0041,0.0094
2024-12-25,140,1,하얼빈,2024-12-24,847790,1253992,2051,9859,0.545,0.4808,0.2653
2024-12-25,140,2,소방관,2024-12-04,193327,2936687,925,2641,0.1243,0.1288,0.1197
2024-12-25,140,3,모아나 2,2024-11-27,129280,3222870,829,1563,0.0831,0.0762,0.1072
2024-12-25,140,4,극장판 짱구는 못말려: 우리들의 공룡일기,2024-12-18,121765,418545,760,1624,0.0783,0.0792,0.0983
2024-12-25,140,5,무파사: 라이온 킹,2024-12-18,117057,478108,912,1703,0.0753,0.0831,0.118
2024-12-25,140,6,위키드,2024-11-20,42524,1957979,459,656,0.0273,0.032,0.0594
2024-12-25,140,7,니코: 오로라 원정대의 모험,2024-12-25,23797,29937,393,608,0.0153,0.0297,0.0508
2024-12-25,140,8,뽀로로 극장판 바닷속 대모험,2025-01-01,15449,21509,138,202,0.0099,0.0099,0.0179
2024-12-25,140,9,해리 포터와 죽음의 성물1,2010-12-15,14189,2868081,41,193,0.0091,0.0094,0.0053
2024-12-25,140,10,수퍼 소닉,2025-01-01,12446,13201,164,222,0.008,0.0108,0.0212
