month,brand,keyword,searches,geo
2018-11,abib,アビブ,390,JP
2018-12,abib,アビブ,480,JP
2019-01,abib,アビブ,590,JP
2019-02,abib,アビブ,480,JP
2019-03,abib,アビブ,590,JP
2019-04,abib,アビブ,480,JP
2019-05,abib,アビブ,320,JP
2019-06,abib,アビブ,390,JP
2019-07,abib,アビブ,480,JP
2019-08,abib,アビブ,590,JP
2019-09,abib,アビブ,390,JP
2019-10,abib,アビブ,390,JP
2019-11,abib,アビブ,480,JP
2019-12,abib,アビブ,590,JP
2020-01,abib,アビブ,880,JP
2020-02,abib,アビブ,1000,JP
2020-03,abib,アビブ,720,JP
2020-04,abib,アビブ,590,JP
2020-05,abib,アビブ,880,JP
2020-06,abib,アビブ,720,JP
2020-07,abib,アビブ,880,JP
2020-08,abib,アビブ,880,JP
2020-09,abib,アビブ,720,JP
2020-10,abib,アビブ,590,JP
2020-11,abib,アビブ,590,JP
2020-12,abib,アビブ,1000,JP
2021-01,abib,アビブ,1000,JP
2021-02,abib,アビブ,880,JP
2021-03,abib,アビブ,1000,JP
2021-04,abib,アビブ,880,JP
2021-05,abib,アビブ,1300,JP
2021-06,abib,アビブ,1300,JP
2021-07,abib,アビブ,1000,JP
2021-08,abib,アビブ,1000,JP
2021-09,abib,アビブ,1300,JP
2021-10,abib,アビブ,1600,JP
2021-11,abib,アビブ,2400,JP
2021-12,abib,アビブ,1900,JP
2022-01,abib,アビブ,1900,JP
2022-02,abib,アビブ,1300,JP
2022-03,abib,アビブ,1300,JP
2022-04,abib,アビブ,1000,JP
2022-05,abib,アビブ,1000,JP
2022-06,abib,アビブ,1000,JP
2022-07,abib,アビブ,880,JP
2022-08,abib,アビブ,1900,JP
2022-09,abib,アビブ,1900,JP
2022-10,abib,アビブ,1900,JP
2022-11,abib,アビブ,2400,JP
2022-12,abib,アビブ,1600,JP
2023-01,abib,アビブ,1600,JP
2023-02,abib,アビブ,1600,JP
2023-03,abib,アビブ,2900,JP
2023-04,abib,アビブ,1900,JP
2023-05,abib,アビブ,2400,JP
2023-06,abib,アビブ,2900,JP
2023-07,abib,アビブ,2400,JP
2023-08,abib,アビブ,2400,JP
2023-09,abib,アビブ,3600,JP
2023-10,abib,アビブ,1600,JP
2023-11,abib,アビブ,2400,JP
2023-12,abib,アビブ,2400,JP
2024-01,abib,アビブ,2900,JP
2024-02,abib,アビブ,2900,JP
2024-03,abib,アビブ,2900,JP
2024-04,abib,アビブ,1900,JP
2024-05,abib,アビブ,2900,JP
2024-06,abib,アビブ,4400,JP
2024-07,abib,アビブ,3600,JP
2024-08,abib,アビブ,4400,JP
2024-09,abib,アビブ,5400,JP
2024-10,abib,アビブ,3600,JP
2024-11,abib,アビブ,4400,JP
2024-12,abib,アビブ,3600,JP
2025-01,abib,アビブ,2400,JP
2025-02,abib,アビブ,4400,JP
2025-03,abib,アビブ,14800,JP
2025-04,abib,アビブ,8100,JP
2025-05,abib,アビブ,6600,JP
2025-06,abib,アビブ,6600,JP
2025-07,abib,アビブ,5400,JP
2025-08,abib,アビブ,5400,JP
2025-09,abib,アビブ,5400,JP
2025-10,abib,アビブ,4400,JP
2025-11,abib,アビブ,4400,JP
2025-12,abib,アビブ,3600,JP
2026-01,abib,アビブ,5400,JP
2026-02,abib,アビブ,3600,JP
2026-03,abib,アビブ,4400,JP
2026-04,abib,アビブ,2900,JP
2026-05,abib,アビブ,3600,JP
2026-06,abib,アビブ,3600,JP
2026-07,abib,アビブ,2400,JP
2018-11,anua,アヌア,0,JP
2018-12,anua,アヌア,0,JP
2019-01,anua,アヌア,0,JP
2019-02,anua,アヌア,0,JP
2019-03,anua,アヌア,0,JP
2019-04,anua,アヌア,0,JP
2019-05,anua,アヌア,0,JP
2019-06,anua,アヌア,0,JP
2019-07,anua,アヌア,0,JP
2019-08,anua,アヌア,0,JP
2019-09,anua,アヌア,0,JP
2019-10,anua,アヌア,0,JP
2019-11,anua,アヌア,0,JP
2019-12,anua,アヌア,0,JP
2020-01,anua,アヌア,0,JP
2020-02,anua,アヌア,0,JP
2020-03,anua,アヌア,0,JP
2020-04,anua,アヌア,40,JP
2020-05,anua,アヌア,90,JP
2020-06,anua,アヌア,70,JP
2020-07,anua,アヌア,260,JP
2020-08,anua,アヌア,210,JP
2020-09,anua,アヌア,170,JP
2020-10,anua,アヌア,210,JP
2020-11,anua,アヌア,210,JP
2020-12,anua,アヌア,260,JP
2021-01,anua,アヌア,720,JP
2021-02,anua,アヌア,1900,JP
2021-03,anua,アヌア,880,JP
2021-04,anua,アヌア,590,JP
2021-05,anua,アヌア,720,JP
2021-06,anua,アヌア,880,JP
2021-07,anua,アヌア,880,JP
2021-08,anua,アヌア,1600,JP
2021-09,anua,アヌア,1900,JP
2021-10,anua,アヌア,1300,JP
2021-11,anua,アヌア,1900,JP
2021-12,anua,アヌア,1900,JP
2022-01,anua,アヌア,2900,JP
2022-02,anua,アヌア,4400,JP
2022-03,anua,アヌア,6600,JP
2022-04,anua,アヌア,2900,JP
2022-05,anua,アヌア,6600,JP
2022-06,anua,アヌア,6600,JP
2022-07,anua,アヌア,3600,JP
2022-08,anua,アヌア,6600,JP
2022-09,anua,アヌア,8100,JP
2022-10,anua,アヌア,9900,JP
2022-11,anua,アヌア,18100,JP
2022-12,anua,アヌア,12100,JP
2023-01,anua,アヌア,12100,JP
2023-02,anua,アヌア,12100,JP
2023-03,anua,アヌア,18100,JP
2023-04,anua,アヌア,12100,JP
2023-05,anua,アヌア,14800,JP
2023-06,anua,アヌア,22200,JP
2023-07,anua,アヌア,14800,JP
2023-08,anua,アヌア,18100,JP
2023-09,anua,アヌア,22200,JP
2023-10,anua,アヌア,18100,JP
2023-11,anua,アヌア,22200,JP
2023-12,anua,アヌア,22200,JP
2024-01,anua,アヌア,27100,JP
2024-02,anua,アヌア,22200,JP
2024-03,anua,アヌア,27100,JP
2024-04,anua,アヌア,22200,JP
2024-05,anua,アヌア,27100,JP
2024-06,anua,アヌア,40500,JP
2024-07,anua,アヌア,27100,JP
2024-08,anua,アヌア,40500,JP
2024-09,anua,アヌア,49500,JP
2024-10,anua,アヌア,60500,JP
2024-11,anua,アヌア,74000,JP
2024-12,anua,アヌア,60500,JP
2025-01,anua,アヌア,74000,JP
2025-02,anua,アヌア,60500,JP
2025-03,anua,アヌア,74000,JP
2025-04,anua,アヌア,60500,JP
2025-05,anua,アヌア,74000,JP
2025-06,anua,アヌア,74000,JP
2025-07,anua,アヌア,60500,JP
2025-08,anua,アヌア,74000,JP
2025-09,anua,アヌア,74000,JP
2025-10,anua,アヌア,74000,JP
2025-11,anua,アヌア,90500,JP
2025-12,anua,アヌア,90500,JP
2026-01,anua,アヌア,90500,JP
2026-02,anua,アヌア,90500,JP
2026-03,anua,アヌア,90500,JP
2026-04,anua,アヌア,74000,JP
2026-05,anua,アヌア,90500,JP
2026-06,anua,アヌア,90500,JP
2026-07,anua,アヌア,74000,JP
2019-01,beauty of joseon,beauty of joseon,0,JP
2019-02,beauty of joseon,beauty of joseon,10,JP
2019-03,beauty of joseon,beauty of joseon,10,JP
2019-04,beauty of joseon,beauty of joseon,10,JP
2019-05,beauty of joseon,beauty of joseon,0,JP
2019-06,beauty of joseon,beauty of joseon,10,JP
2019-07,beauty of joseon,beauty of joseon,10,JP
2019-08,beauty of joseon,beauty of joseon,10,JP
2019-09,beauty of joseon,beauty of joseon,10,JP
2019-10,beauty of joseon,beauty of joseon,10,JP
2019-11,beauty of joseon,beauty of joseon,10,JP
2019-12,beauty of joseon,beauty of joseon,10,JP
2020-01,beauty of joseon,beauty of joseon,10,JP
2020-02,beauty of joseon,beauty of joseon,10,JP
2020-03,beauty of joseon,beauty of joseon,10,JP
2020-04,beauty of joseon,beauty of joseon,10,JP
2020-05,beauty of joseon,beauty of joseon,20,JP
2020-06,beauty of joseon,beauty of joseon,30,JP
2020-07,beauty of joseon,beauty of joseon,20,JP
2020-08,beauty of joseon,beauty of joseon,20,JP
2020-09,beauty of joseon,beauty of joseon,20,JP
2020-10,beauty of joseon,beauty of joseon,40,JP
2020-11,beauty of joseon,beauty of joseon,50,JP
2020-12,beauty of joseon,beauty of joseon,40,JP
2021-01,beauty of joseon,beauty of joseon,110,JP
2021-02,beauty of joseon,beauty of joseon,70,JP
2021-03,beauty of joseon,beauty of joseon,50,JP
2021-04,beauty of joseon,beauty of joseon,50,JP
2021-05,beauty of joseon,beauty of joseon,40,JP
2021-06,beauty of joseon,beauty of joseon,40,JP
2021-07,beauty of joseon,beauty of joseon,30,JP
2021-08,beauty of joseon,beauty of joseon,40,JP
2021-09,beauty of joseon,beauty of joseon,50,JP
2021-10,beauty of joseon,beauty of joseon,50,JP
2021-11,beauty of joseon,beauty of joseon,50,JP
2021-12,beauty of joseon,beauty of joseon,50,JP
2022-01,beauty of joseon,beauty of joseon,70,JP
2022-02,beauty of joseon,beauty of joseon,110,JP
2022-03,beauty of joseon,beauty of joseon,110,JP
2022-04,beauty of joseon,beauty of joseon,170,JP
2022-05,beauty of joseon,beauty of joseon,320,JP
2022-06,beauty of joseon,beauty of joseon,390,JP
2022-07,beauty of joseon,beauty of joseon,320,JP
2022-08,beauty of joseon,beauty of joseon,480,JP
2022-09,beauty of joseon,beauty of joseon,720,JP
2022-10,beauty of joseon,beauty of joseon,320,JP
2022-11,beauty of joseon,beauty of joseon,590,JP
2022-12,beauty of joseon,beauty of joseon,720,JP
2023-01,beauty of joseon,beauty of joseon,1000,JP
2023-02,beauty of joseon,beauty of joseon,880,JP
2023-03,beauty of joseon,beauty of joseon,1300,JP
2023-04,beauty of joseon,beauty of joseon,1600,JP
2023-05,beauty of joseon,beauty of joseon,1600,JP
2023-06,beauty of joseon,beauty of joseon,1600,JP
2023-07,beauty of joseon,beauty of joseon,1300,JP
2023-08,beauty of joseon,beauty of joseon,1300,JP
2023-09,beauty of joseon,beauty of joseon,1600,JP
2023-10,beauty of joseon,beauty of joseon,1300,JP
2023-11,beauty of joseon,beauty of joseon,1600,JP
2023-12,beauty of joseon,beauty of joseon,1300,JP
2024-01,beauty of joseon,beauty of joseon,1300,JP
2024-02,beauty of joseon,beauty of joseon,1300,JP
2024-03,beauty of joseon,beauty of joseon,1900,JP
2024-04,beauty of joseon,beauty of joseon,2900,JP
2024-05,beauty of joseon,beauty of joseon,3600,JP
2024-06,beauty of joseon,beauty of joseon,2900,JP
2024-07,beauty of joseon,beauty of joseon,2900,JP
2024-08,beauty of joseon,beauty of joseon,2900,JP
2024-09,beauty of joseon,beauty of joseon,3600,JP
2024-10,beauty of joseon,beauty of joseon,3600,JP
2024-11,beauty of joseon,beauty of joseon,3600,JP
2024-12,beauty of joseon,beauty of joseon,2900,JP
2025-01,beauty of joseon,beauty of joseon,2900,JP
2025-02,beauty of joseon,beauty of joseon,2900,JP
2025-03,beauty of joseon,beauty of joseon,4400,JP
2025-04,beauty of joseon,beauty of joseon,4400,JP
2025-05,beauty of joseon,beauty of joseon,4400,JP
2025-06,beauty of joseon,beauty of joseon,3600,JP
2025-07,beauty of joseon,beauty of joseon,3600,JP
2025-08,beauty of joseon,beauty of joseon,2900,JP
2025-09,beauty of joseon,beauty of joseon,3600,JP
2025-10,beauty of joseon,beauty of joseon,4400,JP
2025-11,beauty of joseon,beauty of joseon,4400,JP
2025-12,beauty of joseon,beauty of joseon,3600,JP
2026-01,beauty of joseon,beauty of joseon,3600,JP
2026-02,beauty of joseon,beauty of joseon,3600,JP
2026-03,beauty of joseon,beauty of joseon,4400,JP
2026-04,beauty of joseon,beauty of joseon,4400,JP
2026-05,beauty of joseon,beauty of joseon,5400,JP
2026-06,beauty of joseon,beauty of joseon,4400,JP
2026-07,beauty of joseon,beauty of joseon,3600,JP
2021-04,biodance,バイオダンス,10,JP
2021-05,biodance,バイオダンス,10,JP
2021-06,biodance,バイオダンス,10,JP
2021-07,biodance,バイオダンス,10,JP
2021-08,biodance,バイオダンス,10,JP
2021-09,biodance,バイオダンス,10,JP
2021-10,biodance,バイオダンス,10,JP
2021-11,biodance,バイオダンス,10,JP
2021-12,biodance,バイオダンス,10,JP
2022-01,biodance,バイオダンス,10,JP
2022-02,biodance,バイオダンス,10,JP
2022-03,biodance,バイオダンス,10,JP
2022-04,biodance,バイオダンス,10,JP
2022-05,biodance,バイオダンス,10,JP
2022-06,biodance,バイオダンス,0,JP
2022-07,biodance,バイオダンス,10,JP
2022-08,biodance,バイオダンス,10,JP
2022-09,biodance,バイオダンス,10,JP
2022-10,biodance,バイオダンス,10,JP
2022-11,biodance,バイオダンス,10,JP
2022-12,biodance,バイオダンス,10,JP
2023-01,biodance,バイオダンス,20,JP
2023-02,biodance,バイオダンス,40,JP
2023-03,biodance,バイオダンス,20,JP
2023-04,biodance,バイオダンス,20,JP
2023-05,biodance,バイオダンス,40,JP
2023-06,biodance,バイオダンス,20,JP
2023-07,biodance,バイオダンス,30,JP
2023-08,biodance,バイオダンス,140,JP
2023-09,biodance,バイオダンス,1600,JP
2023-10,biodance,バイオダンス,1000,JP
2023-11,biodance,バイオダンス,1000,JP
2023-12,biodance,バイオダンス,880,JP
2024-01,biodance,バイオダンス,1000,JP
2024-02,biodance,バイオダンス,1900,JP
2024-03,biodance,バイオダンス,1600,JP
2024-04,biodance,バイオダンス,880,JP
2024-05,biodance,バイオダンス,1000,JP
2024-06,biodance,バイオダンス,1300,JP
2024-07,biodance,バイオダンス,1300,JP
2024-08,biodance,バイオダンス,1300,JP
2024-09,biodance,バイオダンス,2400,JP
2024-10,biodance,バイオダンス,5400,JP
2024-11,biodance,バイオダンス,6600,JP
2024-12,biodance,バイオダンス,6600,JP
2025-01,biodance,バイオダンス,5400,JP
2025-02,biodance,バイオダンス,6600,JP
2025-03,biodance,バイオダンス,6600,JP
2025-04,biodance,バイオダンス,5400,JP
2025-05,biodance,バイオダンス,6600,JP
2025-06,biodance,バイオダンス,5400,JP
2025-07,biodance,バイオダンス,4400,JP
2025-08,biodance,バイオダンス,4400,JP
2025-09,biodance,バイオダンス,6600,JP
2025-10,biodance,バイオダンス,6600,JP
2025-11,biodance,バイオダンス,8100,JP
2025-12,biodance,バイオダンス,5400,JP
2026-01,biodance,バイオダンス,6600,JP
2026-02,biodance,バイオダンス,6600,JP
2026-03,biodance,バイオダンス,6600,JP
2026-04,biodance,バイオダンス,6600,JP
2026-05,biodance,バイオダンス,8100,JP
2026-06,biodance,バイオダンス,8100,JP
2026-07,biodance,バイオダンス,8100,JP
2020-03,cosrx,コスアールエックス,390,JP
2020-04,cosrx,コスアールエックス,480,JP
2020-05,cosrx,コスアールエックス,590,JP
2020-06,cosrx,コスアールエックス,390,JP
2020-07,cosrx,コスアールエックス,260,JP
2020-08,cosrx,コスアールエックス,260,JP
2020-09,cosrx,コスアールエックス,260,JP
2020-10,cosrx,コスアールエックス,170,JP
2020-11,cosrx,コスアールエックス,260,JP
2020-12,cosrx,コスアールエックス,210,JP
2021-01,cosrx,コスアールエックス,320,JP
2021-02,cosrx,コスアールエックス,320,JP
2021-03,cosrx,コスアールエックス,320,JP
2021-04,cosrx,コスアールエックス,210,JP
2021-05,cosrx,コスアールエックス,210,JP
2021-06,cosrx,コスアールエックス,480,JP
2021-07,cosrx,コスアールエックス,260,JP
2021-08,cosrx,コスアールエックス,260,JP
2021-09,cosrx,コスアールエックス,480,JP
2021-10,cosrx,コスアールエックス,320,JP
2021-11,cosrx,コスアールエックス,590,JP
2021-12,cosrx,コスアールエックス,390,JP
2022-01,cosrx,コスアールエックス,390,JP
2022-02,cosrx,コスアールエックス,390,JP
2022-03,cosrx,コスアールエックス,390,JP
2022-04,cosrx,コスアールエックス,390,JP
2022-05,cosrx,コスアールエックス,390,JP
2022-06,cosrx,コスアールエックス,320,JP
2022-07,cosrx,コスアールエックス,480,JP
2022-08,cosrx,コスアールエックス,880,JP
2022-09,cosrx,コスアールエックス,880,JP
2022-10,cosrx,コスアールエックス,720,JP
2022-11,cosrx,コスアールエックス,1600,JP
2022-12,cosrx,コスアールエックス,1600,JP
2023-01,cosrx,コスアールエックス,2900,JP
2023-02,cosrx,コスアールエックス,2400,JP
2023-03,cosrx,コスアールエックス,2900,JP
2023-04,cosrx,コスアールエックス,2400,JP
2023-05,cosrx,コスアールエックス,2400,JP
2023-06,cosrx,コスアールエックス,2400,JP
2023-07,cosrx,コスアールエックス,1900,JP
2023-08,cosrx,コスアールエックス,2400,JP
2023-09,cosrx,コスアールエックス,2900,JP
2023-10,cosrx,コスアールエックス,1900,JP
2023-11,cosrx,コスアールエックス,2900,JP
2023-12,cosrx,コスアールエックス,3600,JP
2024-01,cosrx,コスアールエックス,2900,JP
2024-02,cosrx,コスアールエックス,2900,JP
2024-03,cosrx,コスアールエックス,4400,JP
2024-04,cosrx,コスアールエックス,8100,JP
2024-05,cosrx,コスアールエックス,8100,JP
2024-06,cosrx,コスアールエックス,12100,JP
2024-07,cosrx,コスアールエックス,9900,JP
2024-08,cosrx,コスアールエックス,8100,JP
2024-09,cosrx,コスアールエックス,9900,JP
2024-10,cosrx,コスアールエックス,6600,JP
2024-11,cosrx,コスアールエックス,8100,JP
2024-12,cosrx,コスアールエックス,6600,JP
2025-01,cosrx,コスアールエックス,6600,JP
2025-02,cosrx,コスアールエックス,6600,JP
2025-03,cosrx,コスアールエックス,8100,JP
2025-04,cosrx,コスアールエックス,3600,JP
2025-05,cosrx,コスアールエックス,1600,JP
2025-06,cosrx,コスアールエックス,1900,JP
2025-07,cosrx,コスアールエックス,1600,JP
2025-08,cosrx,コスアールエックス,1600,JP
2025-09,cosrx,コスアールエックス,1900,JP
2025-10,cosrx,コスアールエックス,1600,JP
2025-11,cosrx,コスアールエックス,1900,JP
2025-12,cosrx,コスアールエックス,1900,JP
2026-01,cosrx,コスアールエックス,2400,JP
2026-02,cosrx,コスアールエックス,2400,JP
2026-03,cosrx,コスアールエックス,2900,JP
2026-04,cosrx,コスアールエックス,1900,JP
2026-05,cosrx,コスアールエックス,1900,JP
2026-06,cosrx,コスアールエックス,2400,JP
2026-07,cosrx,コスアールエックス,1900,JP
2018-11,d'alba,ダルバ,20,JP
2018-12,d'alba,ダルバ,40,JP
2019-01,d'alba,ダルバ,40,JP
2019-02,d'alba,ダルバ,30,JP
2019-03,d'alba,ダルバ,50,JP
2019-04,d'alba,ダルバ,30,JP
2019-05,d'alba,ダルバ,30,JP
2019-06,d'alba,ダルバ,30,JP
2019-07,d'alba,ダルバ,140,JP
2019-08,d'alba,ダルバ,50,JP
2019-09,d'alba,ダルバ,70,JP
2019-10,d'alba,ダルバ,50,JP
2019-11,d'alba,ダルバ,210,JP
2019-12,d'alba,ダルバ,480,JP
2020-01,d'alba,ダルバ,880,JP
2020-02,d'alba,ダルバ,720,JP
2020-03,d'alba,ダルバ,590,JP
2020-04,d'alba,ダルバ,390,JP
2020-05,d'alba,ダルバ,590,JP
2020-06,d'alba,ダルバ,390,JP
2020-07,d'alba,ダルバ,320,JP
2020-08,d'alba,ダルバ,320,JP
2020-09,d'alba,ダルバ,480,JP
2020-10,d'alba,ダルバ,390,JP
2020-11,d'alba,ダルバ,1000,JP
2020-12,d'alba,ダルバ,1000,JP
2021-01,d'alba,ダルバ,1000,JP
2021-02,d'alba,ダルバ,880,JP
2021-03,d'alba,ダルバ,1900,JP
2021-04,d'alba,ダルバ,720,JP
2021-05,d'alba,ダルバ,1000,JP
2021-06,d'alba,ダルバ,1300,JP
2021-07,d'alba,ダルバ,880,JP
2021-08,d'alba,ダルバ,1900,JP
2021-09,d'alba,ダルバ,2400,JP
2021-10,d'alba,ダルバ,1600,JP
2021-11,d'alba,ダルバ,3600,JP
2021-12,d'alba,ダルバ,2400,JP
2022-01,d'alba,ダルバ,1900,JP
2022-02,d'alba,ダルバ,2400,JP
2022-03,d'alba,ダルバ,2900,JP
2022-04,d'alba,ダルバ,1900,JP
2022-05,d'alba,ダルバ,2900,JP
2022-06,d'alba,ダルバ,2900,JP
2022-07,d'alba,ダルバ,1600,JP
2022-08,d'alba,ダルバ,2400,JP
2022-09,d'alba,ダルバ,2400,JP
2022-10,d'alba,ダルバ,1600,JP
2022-11,d'alba,ダルバ,3600,JP
2022-12,d'alba,ダルバ,2900,JP
2023-01,d'alba,ダルバ,2400,JP
2023-02,d'alba,ダルバ,2900,JP
2023-03,d'alba,ダルバ,5400,JP
2023-04,d'alba,ダルバ,2900,JP
2023-05,d'alba,ダルバ,4400,JP
2023-06,d'alba,ダルバ,6600,JP
2023-07,d'alba,ダルバ,8100,JP
2023-08,d'alba,ダルバ,5400,JP
2023-09,d'alba,ダルバ,8100,JP
2023-10,d'alba,ダルバ,5400,JP
2023-11,d'alba,ダルバ,9900,JP
2023-12,d'alba,ダルバ,9900,JP
2024-01,d'alba,ダルバ,9900,JP
2024-02,d'alba,ダルバ,12100,JP
2024-03,d'alba,ダルバ,14800,JP
2024-04,d'alba,ダルバ,9900,JP
2024-05,d'alba,ダルバ,14800,JP
2024-06,d'alba,ダルバ,14800,JP
2024-07,d'alba,ダルバ,12100,JP
2024-08,d'alba,ダルバ,14800,JP
2024-09,d'alba,ダルバ,18100,JP
2024-10,d'alba,ダルバ,18100,JP
2024-11,d'alba,ダルバ,33100,JP
2024-12,d'alba,ダルバ,33100,JP
2025-01,d'alba,ダルバ,33100,JP
2025-02,d'alba,ダルバ,40500,JP
2025-03,d'alba,ダルバ,49500,JP
2025-04,d'alba,ダルバ,33100,JP
2025-05,d'alba,ダルバ,40500,JP
2025-06,d'alba,ダルバ,40500,JP
2025-07,d'alba,ダルバ,33100,JP
2025-08,d'alba,ダルバ,33100,JP
2025-09,d'alba,ダルバ,40500,JP
2025-10,d'alba,ダルバ,33100,JP
2025-11,d'alba,ダルバ,60500,JP
2025-12,d'alba,ダルバ,60500,JP
2026-01,d'alba,ダルバ,49500,JP
2026-02,d'alba,ダルバ,49500,JP
2026-03,d'alba,ダルバ,49500,JP
2026-04,d'alba,ダルバ,33100,JP
2026-05,d'alba,ダルバ,40500,JP
2026-06,d'alba,ダルバ,40500,JP
2026-07,d'alba,ダルバ,33100,JP
2026-08,d'alba,ダルバ,33100,JP
2018-11,laneige,ラネージュ,6600,JP
2018-12,laneige,ラネージュ,6600,JP
2019-01,laneige,ラネージュ,6600,JP
2019-02,laneige,ラネージュ,6600,JP
2019-03,laneige,ラネージュ,8100,JP
2019-04,laneige,ラネージュ,6600,JP
2019-05,laneige,ラネージュ,6600,JP
2019-06,laneige,ラネージュ,6600,JP
2019-07,laneige,ラネージュ,5400,JP
2019-08,laneige,ラネージュ,6600,JP
2019-09,laneige,ラネージュ,6600,JP
2019-10,laneige,ラネージュ,6600,JP
2019-11,laneige,ラネージュ,8100,JP
2019-12,laneige,ラネージュ,8100,JP
2020-01,laneige,ラネージュ,8100,JP
2020-02,laneige,ラネージュ,8100,JP
2020-03,laneige,ラネージュ,8100,JP
2020-04,laneige,ラネージュ,8100,JP
2020-05,laneige,ラネージュ,9900,JP
2020-06,laneige,ラネージュ,8100,JP
2020-07,laneige,ラネージュ,12100,JP
2020-08,laneige,ラネージュ,14800,JP
2020-09,laneige,ラネージュ,14800,JP
2020-10,laneige,ラネージュ,14800,JP
2020-11,laneige,ラネージュ,14800,JP
2020-12,laneige,ラネージュ,22200,JP
2021-01,laneige,ラネージュ,18100,JP
2021-02,laneige,ラネージュ,18100,JP
2021-03,laneige,ラネージュ,27100,JP
2021-04,laneige,ラネージュ,18100,JP
2021-05,laneige,ラネージュ,18100,JP
2021-06,laneige,ラネージュ,22200,JP
2021-07,laneige,ラネージュ,18100,JP
2021-08,laneige,ラネージュ,18100,JP
2021-09,laneige,ラネージュ,27100,JP
2021-10,laneige,ラネージュ,22200,JP
2021-11,laneige,ラネージュ,27100,JP
2021-12,laneige,ラネージュ,22200,JP
2022-01,laneige,ラネージュ,18100,JP
2022-02,laneige,ラネージュ,22200,JP
2022-03,laneige,ラネージュ,18100,JP
2022-04,laneige,ラネージュ,14800,JP
2022-05,laneige,ラネージュ,14800,JP
2022-06,laneige,ラネージュ,18100,JP
2022-07,laneige,ラネージュ,14800,JP
2022-08,laneige,ラネージュ,14800,JP
2022-09,laneige,ラネージュ,18100,JP
2022-10,laneige,ラネージュ,18100,JP
2022-11,laneige,ラネージュ,22200,JP
2022-12,laneige,ラネージュ,18100,JP
2023-01,laneige,ラネージュ,18100,JP
2023-02,laneige,ラネージュ,18100,JP
2023-03,laneige,ラネージュ,22200,JP
2023-04,laneige,ラネージュ,22200,JP
2023-05,laneige,ラネージュ,22200,JP
2023-06,laneige,ラネージュ,18100,JP
2023-07,laneige,ラネージュ,22200,JP
2023-08,laneige,ラネージュ,22200,JP
2023-09,laneige,ラネージュ,22200,JP
2023-10,laneige,ラネージュ,27100,JP
2023-11,laneige,ラネージュ,33100,JP
2023-12,laneige,ラネージュ,33100,JP
2024-01,laneige,ラネージュ,27100,JP
2024-02,laneige,ラネージュ,27100,JP
2024-03,laneige,ラネージュ,33100,JP
2024-04,laneige,ラネージュ,27100,JP
2024-05,laneige,ラネージュ,33100,JP
2024-06,laneige,ラネージュ,33100,JP
2024-07,laneige,ラネージュ,33100,JP
2024-08,laneige,ラネージュ,33100,JP
2024-09,laneige,ラネージュ,49500,JP
2024-10,laneige,ラネージュ,60500,JP
2024-11,laneige,ラネージュ,60500,JP
2024-12,laneige,ラネージュ,49500,JP
2025-01,laneige,ラネージュ,40500,JP
2025-02,laneige,ラネージュ,49500,JP
2025-03,laneige,ラネージュ,49500,JP
2025-04,laneige,ラネージュ,40500,JP
2025-05,laneige,ラネージュ,49500,JP
2025-06,laneige,ラネージュ,40500,JP
2025-07,laneige,ラネージュ,40500,JP
2025-08,laneige,ラネージュ,40500,JP
2025-09,laneige,ラネージュ,40500,JP
2025-10,laneige,ラネージュ,40500,JP
2025-11,laneige,ラネージュ,60500,JP
2025-12,laneige,ラネージュ,49500,JP
2026-01,laneige,ラネージュ,49500,JP
2026-02,laneige,ラネージュ,40500,JP
2026-03,laneige,ラネージュ,49500,JP
2026-04,laneige,ラネージュ,49500,JP
2026-05,laneige,ラネージュ,40500,JP
2026-06,laneige,ラネージュ,40500,JP
2026-07,laneige,ラネージュ,40500,JP
2018-12,madeca cream,センテリアン24,1300,JP
2019-01,madeca cream,センテリアン24,2900,JP
2019-02,madeca cream,センテリアン24,2400,JP
2019-03,madeca cream,センテリアン24,2400,JP
2019-04,madeca cream,センテリアン24,2400,JP
2019-05,madeca cream,センテリアン24,3600,JP
2019-06,madeca cream,センテリアン24,2400,JP
2019-07,madeca cream,センテリアン24,1900,JP
2019-08,madeca cream,センテリアン24,1900,JP
2019-09,madeca cream,センテリアン24,1900,JP
2019-10,madeca cream,センテリアン24,1900,JP
2019-11,madeca cream,センテリアン24,2900,JP
2019-12,madeca cream,センテリアン24,2900,JP
2020-01,madeca cream,センテリアン24,3600,JP
2020-02,madeca cream,センテリアン24,3600,JP
2020-03,madeca cream,センテリアン24,2900,JP
2020-04,madeca cream,センテリアン24,2900,JP
2020-05,madeca cream,センテリアン24,3600,JP
2020-06,madeca cream,センテリアン24,2900,JP
2020-07,madeca cream,センテリアン24,1900,JP
2020-08,madeca cream,センテリアン24,1900,JP
2020-09,madeca cream,センテリアン24,1900,JP
2020-10,madeca cream,センテリアン24,2400,JP
2020-11,madeca cream,センテリアン24,2900,JP
2020-12,madeca cream,センテリアン24,2400,JP
2021-01,madeca cream,センテリアン24,2900,JP
2021-02,madeca cream,センテリアン24,2900,JP
2021-03,madeca cream,センテリアン24,2900,JP
2021-04,madeca cream,センテリアン24,2400,JP
2021-05,madeca cream,センテリアン24,2900,JP
2021-06,madeca cream,センテリアン24,2900,JP
2021-07,madeca cream,センテリアン24,2400,JP
2021-08,madeca cream,センテリアン24,2400,JP
2021-09,madeca cream,センテリアン24,2400,JP
2021-10,madeca cream,センテリアン24,1900,JP
2021-11,madeca cream,センテリアン24,2900,JP
2021-12,madeca cream,センテリアン24,2400,JP
2022-01,madeca cream,センテリアン24,2900,JP
2022-02,madeca cream,センテリアン24,2900,JP
2022-03,madeca cream,センテリアン24,2400,JP
2022-04,madeca cream,センテリアン24,1900,JP
2022-05,madeca cream,センテリアン24,2400,JP
2022-06,madeca cream,センテリアン24,2400,JP
2022-07,madeca cream,センテリアン24,1900,JP
2022-08,madeca cream,センテリアン24,2400,JP
2022-09,madeca cream,センテリアン24,2400,JP
2022-10,madeca cream,センテリアン24,1900,JP
2022-11,madeca cream,センテリアン24,2900,JP
2022-12,madeca cream,センテリアン24,2900,JP
2023-01,madeca cream,センテリアン24,2900,JP
2023-02,madeca cream,センテリアン24,2900,JP
2023-03,madeca cream,センテリアン24,3600,JP
2023-04,madeca cream,センテリアン24,2400,JP
2023-05,madeca cream,センテリアン24,3600,JP
2023-06,madeca cream,センテリアン24,3600,JP
2023-07,madeca cream,センテリアン24,2400,JP
2023-08,madeca cream,センテリアン24,3600,JP
2023-09,madeca cream,センテリアン24,4400,JP
2023-10,madeca cream,センテリアン24,2900,JP
2023-11,madeca cream,センテリアン24,4400,JP
2023-12,madeca cream,センテリアン24,4400,JP
2024-01,madeca cream,センテリアン24,4400,JP
2024-02,madeca cream,センテリアン24,4400,JP
2024-03,madeca cream,センテリアン24,4400,JP
2024-04,madeca cream,センテリアン24,3600,JP
2024-05,madeca cream,センテリアン24,3600,JP
2024-06,madeca cream,センテリアン24,4400,JP
2024-07,madeca cream,センテリアン24,2900,JP
2024-08,madeca cream,センテリアン24,3600,JP
2024-09,madeca cream,センテリアン24,4400,JP
2024-10,madeca cream,センテリアン24,2900,JP
2024-11,madeca cream,センテリアン24,4400,JP
2024-12,madeca cream,センテリアン24,3600,JP
2025-01,madeca cream,センテリアン24,3600,JP
2025-02,madeca cream,センテリアン24,3600,JP
2025-03,madeca cream,センテリアン24,4400,JP
2025-04,madeca cream,センテリアン24,2400,JP
2025-05,madeca cream,センテリアン24,2900,JP
2025-06,madeca cream,センテリアン24,2900,JP
2025-07,madeca cream,センテリアン24,2400,JP
2025-08,madeca cream,センテリアン24,2900,JP
2025-09,madeca cream,センテリアン24,3600,JP
2025-10,madeca cream,センテリアン24,2900,JP
2025-11,madeca cream,センテリアン24,4400,JP
2025-12,madeca cream,センテリアン24,4400,JP
2026-01,madeca cream,センテリアン24,4400,JP
2026-02,madeca cream,センテリアン24,8100,JP
2026-03,madeca cream,センテリアン24,6600,JP
2026-04,madeca cream,センテリアン24,4400,JP
2026-05,madeca cream,センテリアン24,6600,JP
2026-06,madeca cream,センテリアン24,5400,JP
2026-07,madeca cream,センテリアン24,4400,JP
2018-11,manyo,魔女工場,1000,JP
2018-12,manyo,魔女工場,1300,JP
2019-01,manyo,魔女工場,1600,JP
2019-02,manyo,魔女工場,1300,JP
2019-03,manyo,魔女工場,1600,JP
2019-04,manyo,魔女工場,1900,JP
2019-05,manyo,魔女工場,1900,JP
2019-06,manyo,魔女工場,1300,JP
2019-07,manyo,魔女工場,1300,JP
2019-08,manyo,魔女工場,1300,JP
2019-09,manyo,魔女工場,1300,JP
2019-10,manyo,魔女工場,1600,JP
2019-11,manyo,魔女工場,1900,JP
2019-12,manyo,魔女工場,1600,JP
2020-01,manyo,魔女工場,1900,JP
2020-02,manyo,魔女工場,1900,JP
2020-03,manyo,魔女工場,1900,JP
2020-04,manyo,魔女工場,2400,JP
2020-05,manyo,魔女工場,2900,JP
2020-06,manyo,魔女工場,2900,JP
2020-07,manyo,魔女工場,4400,JP
2020-08,manyo,魔女工場,4400,JP
2020-09,manyo,魔女工場,6600,JP
2020-10,manyo,魔女工場,5400,JP
2020-11,manyo,魔女工場,6600,JP
2020-12,manyo,魔女工場,8100,JP
2021-01,manyo,魔女工場,14800,JP
2021-02,manyo,魔女工場,12100,JP
2021-03,manyo,魔女工場,12100,JP
2021-04,manyo,魔女工場,9900,JP
2021-05,manyo,魔女工場,12100,JP
2021-06,manyo,魔女工場,18100,JP
2021-07,manyo,魔女工場,18100,JP
2021-08,manyo,魔女工場,22200,JP
2021-09,manyo,魔女工場,33100,JP
2021-10,manyo,魔女工場,18100,JP
2021-11,manyo,魔女工場,33100,JP
2021-12,manyo,魔女工場,33100,JP
2022-01,manyo,魔女工場,27100,JP
2022-02,manyo,魔女工場,33100,JP
2022-03,manyo,魔女工場,40500,JP
2022-04,manyo,魔女工場,22200,JP
2022-05,manyo,魔女工場,33100,JP
2022-06,manyo,魔女工場,33100,JP
2022-07,manyo,魔女工場,33100,JP
2022-08,manyo,魔女工場,40500,JP
2022-09,manyo,魔女工場,40500,JP
2022-10,manyo,魔女工場,27100,JP
2022-11,manyo,魔女工場,40500,JP
2022-12,manyo,魔女工場,27100,JP
2023-01,manyo,魔女工場,27100,JP
2023-02,manyo,魔女工場,27100,JP
2023-03,manyo,魔女工場,33100,JP
2023-04,manyo,魔女工場,27100,JP
2023-05,manyo,魔女工場,27100,JP
2023-06,manyo,魔女工場,33100,JP
2023-07,manyo,魔女工場,22200,JP
2023-08,manyo,魔女工場,27100,JP
2023-09,manyo,魔女工場,27100,JP
2023-10,manyo,魔女工場,22200,JP
2023-11,manyo,魔女工場,27100,JP
2023-12,manyo,魔女工場,27100,JP
2024-01,manyo,魔女工場,22200,JP
2024-02,manyo,魔女工場,22200,JP
2024-03,manyo,魔女工場,27100,JP
2024-04,manyo,魔女工場,14800,JP
2024-05,manyo,魔女工場,18100,JP
2024-06,manyo,魔女工場,18100,JP
2024-07,manyo,魔女工場,14800,JP
2024-08,manyo,魔女工場,14800,JP
2024-09,manyo,魔女工場,14800,JP
2024-10,manyo,魔女工場,12100,JP
2024-11,manyo,魔女工場,12100,JP
2024-12,manyo,魔女工場,9900,JP
2025-01,manyo,魔女工場,9900,JP
2025-02,manyo,魔女工場,8100,JP
2025-03,manyo,魔女工場,8100,JP
2025-04,manyo,魔女工場,6600,JP
2025-05,manyo,魔女工場,6600,JP
2025-06,manyo,魔女工場,6600,JP
2025-07,manyo,魔女工場,5400,JP
2025-08,manyo,魔女工場,5400,JP
2025-09,manyo,魔女工場,5400,JP
2025-10,manyo,魔女工場,3600,JP
2025-11,manyo,魔女工場,4400,JP
2025-12,manyo,魔女工場,4400,JP
2026-01,manyo,魔女工場,3600,JP
2026-02,manyo,魔女工場,3600,JP
2026-03,manyo,魔女工場,4400,JP
2026-04,manyo,魔女工場,2900,JP
2026-05,manyo,魔女工場,3600,JP
2026-06,manyo,魔女工場,2900,JP
2026-07,manyo,魔女工場,2900,JP
2018-11,medicube,メディキューブ,1900,JP
2018-12,medicube,メディキューブ,1600,JP
2019-01,medicube,メディキューブ,1600,JP
2019-02,medicube,メディキューブ,1300,JP
2019-03,medicube,メディキューブ,1600,JP
2019-04,medicube,メディキューブ,1000,JP
2019-05,medicube,メディキューブ,1000,JP
2019-06,medicube,メディキューブ,880,JP
2019-07,medicube,メディキューブ,880,JP
2019-08,medicube,メディキューブ,1600,JP
2019-09,medicube,メディキューブ,2900,JP
2019-10,medicube,メディキューブ,2400,JP
2019-11,medicube,メディキューブ,2400,JP
2019-12,medicube,メディキューブ,2900,JP
2020-01,medicube,メディキューブ,6600,JP
2020-02,medicube,メディキューブ,5400,JP
2020-03,medicube,メディキューブ,5400,JP
2020-04,medicube,メディキューブ,9900,JP
2020-05,medicube,メディキューブ,18100,JP
2020-06,medicube,メディキューブ,12100,JP
2020-07,medicube,メディキューブ,12100,JP
2020-08,medicube,メディキューブ,9900,JP
2020-09,medicube,メディキューブ,9900,JP
2020-10,medicube,メディキューブ,8100,JP
2020-11,medicube,メディキューブ,14800,JP
2020-12,medicube,メディキューブ,12100,JP
2021-01,medicube,メディキューブ,22200,JP
2021-02,medicube,メディキューブ,14800,JP
2021-03,medicube,メディキューブ,14800,JP
2021-04,medicube,メディキューブ,12100,JP
2021-05,medicube,メディキューブ,14800,JP
2021-06,medicube,メディキューブ,14800,JP
2021-07,medicube,メディキューブ,14800,JP
2021-08,medicube,メディキューブ,14800,JP
2021-09,medicube,メディキューブ,14800,JP
2021-10,medicube,メディキューブ,9900,JP
2021-11,medicube,メディキューブ,12100,JP
2021-12,medicube,メディキューブ,9900,JP
2022-01,medicube,メディキューブ,14800,JP
2022-02,medicube,メディキューブ,12100,JP
2022-03,medicube,メディキューブ,12100,JP
2022-04,medicube,メディキューブ,18100,JP
2022-05,medicube,メディキューブ,33100,JP
2022-06,medicube,メディキューブ,22200,JP
2022-07,medicube,メディキューブ,18100,JP
2022-08,medicube,メディキューブ,22200,JP
2022-09,medicube,メディキューブ,18100,JP
2022-10,medicube,メディキューブ,12100,JP
2022-11,medicube,メディキューブ,14800,JP
2022-12,medicube,メディキューブ,14800,JP
2023-01,medicube,メディキューブ,18100,JP
2023-02,medicube,メディキューブ,18100,JP
2023-03,medicube,メディキューブ,22200,JP
2023-04,medicube,メディキューブ,18100,JP
2023-05,medicube,メディキューブ,40500,JP
2023-06,medicube,メディキューブ,27100,JP
2023-07,medicube,メディキューブ,27100,JP
2023-08,medicube,メディキューブ,22200,JP
2023-09,medicube,メディキューブ,22200,JP
2023-10,medicube,メディキューブ,18100,JP
2023-11,medicube,メディキューブ,22200,JP
2023-12,medicube,メディキューブ,18100,JP
2024-01,medicube,メディキューブ,22200,JP
2024-02,medicube,メディキューブ,22200,JP
2024-03,medicube,メディキューブ,27100,JP
2024-04,medicube,メディキューブ,22200,JP
2024-05,medicube,メディキューブ,27100,JP
2024-06,medicube,メディキューブ,27100,JP
2024-07,medicube,メディキューブ,33100,JP
2024-08,medicube,メディキューブ,33100,JP
2024-09,medicube,メディキューブ,40500,JP
2024-10,medicube,メディキューブ,27100,JP
2024-11,medicube,メディキューブ,49500,JP
2024-12,medicube,メディキューブ,40500,JP
2025-01,medicube,メディキューブ,49500,JP
2025-02,medicube,メディキューブ,60500,JP
2025-03,medicube,メディキューブ,90500,JP
2025-04,medicube,メディキューブ,90500,JP
2025-05,medicube,メディキューブ,110000,JP
2025-06,medicube,メディキューブ,110000,JP
2025-07,medicube,メディキューブ,90500,JP
2025-08,medicube,メディキューブ,135000,JP
2025-09,medicube,メディキューブ,135000,JP
2025-10,medicube,メディキューブ,110000,JP
2025-11,medicube,メディキューブ,135000,JP
2025-12,medicube,メディキューブ,135000,JP
2026-01,medicube,メディキューブ,110000,JP
2026-02,medicube,メディキューブ,165000,JP
2026-03,medicube,メディキューブ,165000,JP
2026-04,medicube,メディキューブ,110000,JP
2026-05,medicube,メディキューブ,135000,JP
2026-06,medicube,メディキューブ,135000,JP
2026-07,medicube,メディキューブ,135000,JP
2019-08,mixsoon,ミクスン,0,JP
2019-09,mixsoon,ミクスン,0,JP
2019-10,mixsoon,ミクスン,0,JP
2019-11,mixsoon,ミクスン,0,JP
2019-12,mixsoon,ミクスン,0,JP
2020-01,mixsoon,ミクスン,0,JP
2020-02,mixsoon,ミクスン,0,JP
2020-03,mixsoon,ミクスン,0,JP
2020-04,mixsoon,ミクスン,0,JP
2020-05,mixsoon,ミクスン,0,JP
2020-06,mixsoon,ミクスン,0,JP
2020-07,mixsoon,ミクスン,0,JP
2020-08,mixsoon,ミクスン,0,JP
2020-09,mixsoon,ミクスン,0,JP
2020-10,mixsoon,ミクスン,0,JP
2020-11,mixsoon,ミクスン,0,JP
2020-12,mixsoon,ミクスン,0,JP
2021-01,mixsoon,ミクスン,0,JP
2021-02,mixsoon,ミクスン,10,JP
2021-03,mixsoon,ミクスン,10,JP
2021-04,mixsoon,ミクスン,10,JP
2021-05,mixsoon,ミクスン,20,JP
2021-06,mixsoon,ミクスン,30,JP
2021-07,mixsoon,ミクスン,70,JP
2021-08,mixsoon,ミクスン,170,JP
2021-09,mixsoon,ミクスン,210,JP
2021-10,mixsoon,ミクスン,260,JP
2021-11,mixsoon,ミクスン,260,JP
2021-12,mixsoon,ミクスン,260,JP
2022-01,mixsoon,ミクスン,390,JP
2022-02,mixsoon,ミクスン,260,JP
2022-03,mixsoon,ミクスン,260,JP
2022-04,mixsoon,ミクスン,110,JP
2022-05,mixsoon,ミクスン,110,JP
2022-06,mixsoon,ミクスン,140,JP
2022-07,mixsoon,ミクスン,110,JP
2022-08,mixsoon,ミクスン,260,JP
2022-09,mixsoon,ミクスン,210,JP
2022-10,mixsoon,ミクスン,260,JP
2022-11,mixsoon,ミクスン,140,JP
2022-12,mixsoon,ミクスン,70,JP
2023-01,mixsoon,ミクスン,90,JP
2023-02,mixsoon,ミクスン,70,JP
2023-03,mixsoon,ミクスン,70,JP
2023-04,mixsoon,ミクスン,70,JP
2023-05,mixsoon,ミクスン,70,JP
2023-06,mixsoon,ミクスン,70,JP
2023-07,mixsoon,ミクスン,50,JP
2023-08,mixsoon,ミクスン,50,JP
2023-09,mixsoon,ミクスン,90,JP
2023-10,mixsoon,ミクスン,210,JP
2023-11,mixsoon,ミクスン,140,JP
2023-12,mixsoon,ミクスン,110,JP
2024-01,mixsoon,ミクスン,110,JP
2024-02,mixsoon,ミクスン,70,JP
2024-03,mixsoon,ミクスン,140,JP
2024-04,mixsoon,ミクスン,70,JP
2024-05,mixsoon,ミクスン,90,JP
2024-06,mixsoon,ミクスン,70,JP
2024-07,mixsoon,ミクスン,50,JP
2024-08,mixsoon,ミクスン,70,JP
2024-09,mixsoon,ミクスン,90,JP
2024-10,mixsoon,ミクスン,110,JP
2024-11,mixsoon,ミクスン,90,JP
2024-12,mixsoon,ミクスン,70,JP
2025-01,mixsoon,ミクスン,70,JP
2025-02,mixsoon,ミクスン,1000,JP
2025-03,mixsoon,ミクスン,880,JP
2025-04,mixsoon,ミクスン,480,JP
2025-05,mixsoon,ミクスン,1000,JP
2025-06,mixsoon,ミクスン,880,JP
2025-07,mixsoon,ミクスン,590,JP
2025-08,mixsoon,ミクスン,590,JP
2025-09,mixsoon,ミクスン,390,JP
2025-10,mixsoon,ミクスン,390,JP
2025-11,mixsoon,ミクスン,880,JP
2025-12,mixsoon,ミクスン,880,JP
2026-01,mixsoon,ミクスン,480,JP
2026-02,mixsoon,ミクスン,590,JP
2026-03,mixsoon,ミクスン,1000,JP
2026-04,mixsoon,ミクスン,880,JP
2026-05,mixsoon,ミクスン,1300,JP
2026-06,mixsoon,ミクスン,1000,JP
2026-07,mixsoon,ミクスン,1000,JP
2026-08,mixsoon,ミクスン,1300,JP
2018-04,numbuzin,ナンバーズイン,0,JP
2018-05,numbuzin,ナンバーズイン,0,JP
2018-06,numbuzin,ナンバーズイン,0,JP
2018-07,numbuzin,ナンバーズイン,0,JP
2018-08,numbuzin,ナンバーズイン,0,JP
2018-09,numbuzin,ナンバーズイン,0,JP
2018-10,numbuzin,ナンバーズイン,0,JP
2018-11,numbuzin,ナンバーズイン,0,JP
2018-12,numbuzin,ナンバーズイン,0,JP
2019-01,numbuzin,ナンバーズイン,0,JP
2019-02,numbuzin,ナンバーズイン,0,JP
2019-03,numbuzin,ナンバーズイン,0,JP
2019-04,numbuzin,ナンバーズイン,0,JP
2019-05,numbuzin,ナンバーズイン,0,JP
2019-06,numbuzin,ナンバーズイン,0,JP
2019-07,numbuzin,ナンバーズイン,0,JP
2019-08,numbuzin,ナンバーズイン,0,JP
2019-09,numbuzin,ナンバーズイン,0,JP
2019-10,numbuzin,ナンバーズイン,0,JP
2019-11,numbuzin,ナンバーズイン,0,JP
2019-12,numbuzin,ナンバーズイン,0,JP
2020-01,numbuzin,ナンバーズイン,0,JP
2020-02,numbuzin,ナンバーズイン,0,JP
2020-03,numbuzin,ナンバーズイン,0,JP
2020-04,numbuzin,ナンバーズイン,0,JP
2020-05,numbuzin,ナンバーズイン,0,JP
2020-06,numbuzin,ナンバーズイン,0,JP
2020-07,numbuzin,ナンバーズイン,0,JP
2020-08,numbuzin,ナンバーズイン,0,JP
2020-09,numbuzin,ナンバーズイン,0,JP
2020-10,numbuzin,ナンバーズイン,0,JP
2020-11,numbuzin,ナンバーズイン,1300,JP
2020-12,numbuzin,ナンバーズイン,1300,JP
2021-01,numbuzin,ナンバーズイン,3600,JP
2021-02,numbuzin,ナンバーズイン,8100,JP
2021-03,numbuzin,ナンバーズイン,8100,JP
2021-04,numbuzin,ナンバーズイン,6600,JP
2021-05,numbuzin,ナンバーズイン,12100,JP
2021-06,numbuzin,ナンバーズイン,18100,JP
2021-07,numbuzin,ナンバーズイン,33100,JP
2021-08,numbuzin,ナンバーズイン,22200,JP
2021-09,numbuzin,ナンバーズイン,22200,JP
2021-10,numbuzin,ナンバーズイン,18100,JP
2021-11,numbuzin,ナンバーズイン,40500,JP
2021-12,numbuzin,ナンバーズイン,40500,JP
2022-01,numbuzin,ナンバーズイン,40500,JP
2022-02,numbuzin,ナンバーズイン,40500,JP
2022-03,numbuzin,ナンバーズイン,33100,JP
2022-04,numbuzin,ナンバーズイン,22200,JP
2022-05,numbuzin,ナンバーズイン,33100,JP
2022-06,numbuzin,ナンバーズイン,22200,JP
2022-07,numbuzin,ナンバーズイン,18100,JP
2022-08,numbuzin,ナンバーズイン,40500,JP
2022-09,numbuzin,ナンバーズイン,33100,JP
2022-10,numbuzin,ナンバーズイン,27100,JP
2022-11,numbuzin,ナンバーズイン,33100,JP
2022-12,numbuzin,ナンバーズイン,27100,JP
2023-01,numbuzin,ナンバーズイン,27100,JP
2023-02,numbuzin,ナンバーズイン,27100,JP
2023-03,numbuzin,ナンバーズイン,33100,JP
2023-04,numbuzin,ナンバーズイン,22200,JP
2023-05,numbuzin,ナンバーズイン,33100,JP
2023-06,numbuzin,ナンバーズイン,33100,JP
2023-07,numbuzin,ナンバーズイン,33100,JP
2023-08,numbuzin,ナンバーズイン,33100,JP
2023-09,numbuzin,ナンバーズイン,49500,JP
2023-10,numbuzin,ナンバーズイン,33100,JP
2023-11,numbuzin,ナンバーズイン,49500,JP
2023-12,numbuzin,ナンバーズイン,40500,JP
2024-01,numbuzin,ナンバーズイン,49500,JP
2024-02,numbuzin,ナンバーズイン,60500,JP
2024-03,numbuzin,ナンバーズイン,74000,JP
2024-04,numbuzin,ナンバーズイン,49500,JP
2024-05,numbuzin,ナンバーズイン,74000,JP
2024-06,numbuzin,ナンバーズイン,74000,JP
2024-07,numbuzin,ナンバーズイン,60500,JP
2024-08,numbuzin,ナンバーズイン,74000,JP
2024-09,numbuzin,ナンバーズイン,90500,JP
2024-10,numbuzin,ナンバーズイン,60500,JP
2024-11,numbuzin,ナンバーズイン,60500,JP
2024-12,numbuzin,ナンバーズイン,49500,JP
2025-01,numbuzin,ナンバーズイン,60500,JP
2025-02,numbuzin,ナンバーズイン,60500,JP
2025-03,numbuzin,ナンバーズイン,60500,JP
2025-04,numbuzin,ナンバーズイン,49500,JP
2025-05,numbuzin,ナンバーズイン,60500,JP
2025-06,numbuzin,ナンバーズイン,49500,JP
2025-07,numbuzin,ナンバーズイン,40500,JP
2025-08,numbuzin,ナンバーズイン,49500,JP
2025-09,numbuzin,ナンバーズイン,49500,JP
2025-10,numbuzin,ナンバーズイン,49500,JP
2025-11,numbuzin,ナンバーズイン,40500,JP
2025-12,numbuzin,ナンバーズイン,33100,JP
2026-01,numbuzin,ナンバーズイン,33100,JP
2026-02,numbuzin,ナンバーズイン,40500,JP
2026-03,numbuzin,ナンバーズイン,40500,JP
2026-04,numbuzin,ナンバーズイン,33100,JP
2026-05,numbuzin,ナンバーズイン,49500,JP
2026-06,numbuzin,ナンバーズイン,40500,JP
2026-07,numbuzin,ナンバーズイン,33100,JP
2020-05,reedle shot,リードル ショット,0,JP
2020-06,reedle shot,リードル ショット,0,JP
2020-07,reedle shot,リードル ショット,0,JP
2020-08,reedle shot,リードル ショット,0,JP
2020-09,reedle shot,リードル ショット,0,JP
2020-10,reedle shot,リードル ショット,0,JP
2020-11,reedle shot,リードル ショット,0,JP
2020-12,reedle shot,リードル ショット,0,JP
2021-01,reedle shot,リードル ショット,0,JP
2021-02,reedle shot,リードル ショット,0,JP
2021-03,reedle shot,リードル ショット,0,JP
2021-04,reedle shot,リードル ショット,0,JP
2021-05,reedle shot,リードル ショット,0,JP
2021-06,reedle shot,リードル ショット,0,JP
2021-07,reedle shot,リードル ショット,0,JP
2021-08,reedle shot,リードル ショット,0,JP
2021-09,reedle shot,リードル ショット,0,JP
2021-10,reedle shot,リードル ショット,0,JP
2021-11,reedle shot,リードル ショット,0,JP
2021-12,reedle shot,リードル ショット,0,JP
2022-01,reedle shot,リードル ショット,0,JP
2022-02,reedle shot,リードル ショット,0,JP
2022-03,reedle shot,リードル ショット,0,JP
2022-04,reedle shot,リードル ショット,0,JP
2022-05,reedle shot,リードル ショット,0,JP
2022-06,reedle shot,リードル ショット,0,JP
2022-07,reedle shot,リードル ショット,0,JP
2022-08,reedle shot,リードル ショット,0,JP
2022-09,reedle shot,リードル ショット,0,JP
2022-10,reedle shot,リードル ショット,0,JP
2022-11,reedle shot,リードル ショット,0,JP
2022-12,reedle shot,リードル ショット,0,JP
2023-01,reedle shot,リードル ショット,0,JP
2023-02,reedle shot,リードル ショット,70,JP
2023-03,reedle shot,リードル ショット,1600,JP
2023-04,reedle shot,リードル ショット,2400,JP
2023-05,reedle shot,リードル ショット,4400,JP
2023-06,reedle shot,リードル ショット,27100,JP
2023-07,reedle shot,リードル ショット,40500,JP
2023-08,reedle shot,リードル ショット,60500,JP
2023-09,reedle shot,リードル ショット,135000,JP
2023-10,reedle shot,リードル ショット,74000,JP
2023-11,reedle shot,リードル ショット,90500,JP
2023-12,reedle shot,リードル ショット,110000,JP
2024-01,reedle shot,リードル ショット,90500,JP
2024-02,reedle shot,リードル ショット,74000,JP
2024-03,reedle shot,リードル ショット,110000,JP
2024-04,reedle shot,リードル ショット,74000,JP
2024-05,reedle shot,リードル ショット,90500,JP
2024-06,reedle shot,リードル ショット,110000,JP
2024-07,reedle shot,リードル ショット,74000,JP
2024-08,reedle shot,リードル ショット,135000,JP
2024-09,reedle shot,リードル ショット,135000,JP
2024-10,reedle shot,リードル ショット,135000,JP
2024-11,reedle shot,リードル ショット,135000,JP
2024-12,reedle shot,リードル ショット,135000,JP
2025-01,reedle shot,リードル ショット,135000,JP
2025-02,reedle shot,リードル ショット,110000,JP
2025-03,reedle shot,リードル ショット,110000,JP
2025-04,reedle shot,リードル ショット,74000,JP
2025-05,reedle shot,リードル ショット,60500,JP
2025-06,reedle shot,リードル ショット,60500,JP
2025-07,reedle shot,リードル ショット,49500,JP
2025-08,reedle shot,リードル ショット,60500,JP
2025-09,reedle shot,リードル ショット,60500,JP
2025-10,reedle shot,リードル ショット,60500,JP
2025-11,reedle shot,リードル ショット,49500,JP
2025-12,reedle shot,リードル ショット,74000,JP
2026-01,reedle shot,リードル ショット,60500,JP
2026-02,reedle shot,リードル ショット,40500,JP
2026-03,reedle shot,リードル ショット,40500,JP
2026-04,reedle shot,リードル ショット,33100,JP
2026-05,reedle shot,リードル ショット,40500,JP
2026-06,reedle shot,リードル ショット,60500,JP
2026-07,reedle shot,リードル ショット,33100,JP
2018-02,round lab,ラウンドラボ,0,JP
2018-03,round lab,ラウンドラボ,0,JP
2018-04,round lab,ラウンドラボ,0,JP
2018-05,round lab,ラウンドラボ,0,JP
2018-06,round lab,ラウンドラボ,0,JP
2018-07,round lab,ラウンドラボ,0,JP
2018-08,round lab,ラウンドラボ,0,JP
2018-09,round lab,ラウンドラボ,0,JP
2018-10,round lab,ラウンドラボ,0,JP
2018-11,round lab,ラウンドラボ,0,JP
2018-12,round lab,ラウンドラボ,0,JP
2019-01,round lab,ラウンドラボ,0,JP
2019-02,round lab,ラウンドラボ,0,JP
2019-03,round lab,ラウンドラボ,0,JP
2019-04,round lab,ラウンドラボ,0,JP
2019-05,round lab,ラウンドラボ,0,JP
2019-06,round lab,ラウンドラボ,0,JP
2019-07,round lab,ラウンドラボ,0,JP
2019-08,round lab,ラウンドラボ,0,JP
2019-09,round lab,ラウンドラボ,0,JP
2019-10,round lab,ラウンドラボ,0,JP
2019-11,round lab,ラウンドラボ,0,JP
2019-12,round lab,ラウンドラボ,0,JP
2020-01,round lab,ラウンドラボ,0,JP
2020-02,round lab,ラウンドラボ,0,JP
2020-03,round lab,ラウンドラボ,0,JP
2020-04,round lab,ラウンドラボ,30,JP
2020-05,round lab,ラウンドラボ,50,JP
2020-06,round lab,ラウンドラボ,40,JP
2020-07,round lab,ラウンドラボ,40,JP
2020-08,round lab,ラウンドラボ,30,JP
2020-09,round lab,ラウンドラボ,40,JP
2020-10,round lab,ラウンドラボ,20,JP
2020-11,round lab,ラウンドラボ,70,JP
2020-12,round lab,ラウンドラボ,50,JP
2021-01,round lab,ラウンドラボ,90,JP
2021-02,round lab,ラウンドラボ,140,JP
2021-03,round lab,ラウンドラボ,170,JP
2021-04,round lab,ラウンドラボ,110,JP
2021-05,round lab,ラウンドラボ,110,JP
2021-06,round lab,ラウンドラボ,90,JP
2021-07,round lab,ラウンドラボ,70,JP
2021-08,round lab,ラウンドラボ,170,JP
2021-09,round lab,ラウンドラボ,110,JP
2021-10,round lab,ラウンドラボ,70,JP
2021-11,round lab,ラウンドラボ,90,JP
2021-12,round lab,ラウンドラボ,50,JP
2022-01,round lab,ラウンドラボ,70,JP
2022-02,round lab,ラウンドラボ,70,JP
2022-03,round lab,ラウンドラボ,90,JP
2022-04,round lab,ラウンドラボ,70,JP
2022-05,round lab,ラウンドラボ,90,JP
2022-06,round lab,ラウンドラボ,90,JP
2022-07,round lab,ラウンドラボ,110,JP
2022-08,round lab,ラウンドラボ,140,JP
2022-09,round lab,ラウンドラボ,140,JP
2022-10,round lab,ラウンドラボ,140,JP
2022-11,round lab,ラウンドラボ,320,JP
2022-12,round lab,ラウンドラボ,140,JP
2023-01,round lab,ラウンドラボ,170,JP
2023-02,round lab,ラウンドラボ,170,JP
2023-03,round lab,ラウンドラボ,260,JP
2023-04,round lab,ラウンドラボ,170,JP
2023-05,round lab,ラウンドラボ,320,JP
2023-06,round lab,ラウンドラボ,480,JP
2023-07,round lab,ラウンドラボ,480,JP
2023-08,round lab,ラウンドラボ,320,JP
2023-09,round lab,ラウンドラボ,390,JP
2023-10,round lab,ラウンドラボ,320,JP
2023-11,round lab,ラウンドラボ,390,JP
2023-12,round lab,ラウンドラボ,480,JP
2024-01,round lab,ラウンドラボ,480,JP
2024-02,round lab,ラウンドラボ,390,JP
2024-03,round lab,ラウンドラボ,590,JP
2024-04,round lab,ラウンドラボ,480,JP
2024-05,round lab,ラウンドラボ,590,JP
2024-06,round lab,ラウンドラボ,720,JP
2024-07,round lab,ラウンドラボ,480,JP
2024-08,round lab,ラウンドラボ,590,JP
2024-09,round lab,ラウンドラボ,720,JP
2024-10,round lab,ラウンドラボ,590,JP
2024-11,round lab,ラウンドラボ,1000,JP
2024-12,round lab,ラウンドラボ,880,JP
2025-01,round lab,ラウンドラボ,1000,JP
2025-02,round lab,ラウンドラボ,1300,JP
2025-03,round lab,ラウンドラボ,1900,JP
2025-04,round lab,ラウンドラボ,1300,JP
2025-05,round lab,ラウンドラボ,1300,JP
2025-06,round lab,ラウンドラボ,1600,JP
2025-07,round lab,ラウンドラボ,1000,JP
2025-08,round lab,ラウンドラボ,1000,JP
2025-09,round lab,ラウンドラボ,880,JP
2025-10,round lab,ラウンドラボ,720,JP
2025-11,round lab,ラウンドラボ,880,JP
2025-12,round lab,ラウンドラボ,720,JP
2026-01,round lab,ラウンドラボ,720,JP
2026-02,round lab,ラウンドラボ,880,JP
2026-03,round lab,ラウンドラボ,1000,JP
2026-04,round lab,ラウンドラボ,1000,JP
2026-05,round lab,ラウンドラボ,1600,JP
2026-06,round lab,ラウンドラボ,1000,JP
2026-07,round lab,ラウンドラボ,880,JP
2018-11,skin1004,スキン1004,10,JP
2018-12,skin1004,スキン1004,10,JP
2019-01,skin1004,スキン1004,10,JP
2019-02,skin1004,スキン1004,10,JP
2019-03,skin1004,スキン1004,20,JP
2019-04,skin1004,スキン1004,10,JP
2019-05,skin1004,スキン1004,0,JP
2019-06,skin1004,スキン1004,10,JP
2019-07,skin1004,スキン1004,10,JP
2019-08,skin1004,スキン1004,10,JP
2019-09,skin1004,スキン1004,10,JP
2019-10,skin1004,スキン1004,20,JP
2019-11,skin1004,スキン1004,10,JP
2019-12,skin1004,スキン1004,10,JP
2020-01,skin1004,スキン1004,10,JP
2020-02,skin1004,スキン1004,20,JP
2020-03,skin1004,スキン1004,20,JP
2020-04,skin1004,スキン1004,10,JP
2020-05,skin1004,スキン1004,20,JP
2020-06,skin1004,スキン1004,10,JP
2020-07,skin1004,スキン1004,30,JP
2020-08,skin1004,スキン1004,90,JP
2020-09,skin1004,スキン1004,50,JP
2020-10,skin1004,スキン1004,50,JP
2020-11,skin1004,スキン1004,40,JP
2020-12,skin1004,スキン1004,10,JP
2021-01,skin1004,スキン1004,50,JP
2021-02,skin1004,スキン1004,50,JP
2021-03,skin1004,スキン1004,20,JP
2021-04,skin1004,スキン1004,20,JP
2021-05,skin1004,スキン1004,30,JP
2021-06,skin1004,スキン1004,40,JP
2021-07,skin1004,スキン1004,30,JP
2021-08,skin1004,スキン1004,40,JP
2021-09,skin1004,スキン1004,50,JP
2021-10,skin1004,スキン1004,20,JP
2021-11,skin1004,スキン1004,40,JP
2021-12,skin1004,スキン1004,70,JP
2022-01,skin1004,スキン1004,90,JP
2022-02,skin1004,スキン1004,90,JP
2022-03,skin1004,スキン1004,140,JP
2022-04,skin1004,スキン1004,140,JP
2022-05,skin1004,スキン1004,140,JP
2022-06,skin1004,スキン1004,140,JP
2022-07,skin1004,スキン1004,90,JP
2022-08,skin1004,スキン1004,90,JP
2022-09,skin1004,スキン1004,50,JP
2022-10,skin1004,スキン1004,70,JP
2022-11,skin1004,スキン1004,110,JP
2022-12,skin1004,スキン1004,90,JP
2023-01,skin1004,スキン1004,90,JP
2023-02,skin1004,スキン1004,70,JP
2023-03,skin1004,スキン1004,90,JP
2023-04,skin1004,スキン1004,50,JP
2023-05,skin1004,スキン1004,50,JP
2023-06,skin1004,スキン1004,70,JP
2023-07,skin1004,スキン1004,50,JP
2023-08,skin1004,スキン1004,110,JP
2023-09,skin1004,スキン1004,170,JP
2023-10,skin1004,スキン1004,90,JP
2023-11,skin1004,スキン1004,140,JP
2023-12,skin1004,スキン1004,170,JP
2024-01,skin1004,スキン1004,210,JP
2024-02,skin1004,スキン1004,260,JP
2024-03,skin1004,スキン1004,480,JP
2024-04,skin1004,スキン1004,210,JP
2024-05,skin1004,スキン1004,390,JP
2024-06,skin1004,スキン1004,590,JP
2024-07,skin1004,スキン1004,590,JP
2024-08,skin1004,スキン1004,590,JP
2024-09,skin1004,スキン1004,720,JP
2024-10,skin1004,スキン1004,390,JP
2024-11,skin1004,スキン1004,720,JP
2024-12,skin1004,スキン1004,720,JP
2025-01,skin1004,スキン1004,590,JP
2025-02,skin1004,スキン1004,720,JP
2025-03,skin1004,スキン1004,880,JP
2025-04,skin1004,スキン1004,720,JP
2025-05,skin1004,スキン1004,1000,JP
2025-06,skin1004,スキン1004,1300,JP
2025-07,skin1004,スキン1004,880,JP
2025-08,skin1004,スキン1004,1900,JP
2025-09,skin1004,スキン1004,3600,JP
2025-10,skin1004,スキン1004,2400,JP
2025-11,skin1004,スキン1004,2400,JP
2025-12,skin1004,スキン1004,1000,JP
2026-01,skin1004,スキン1004,1000,JP
2026-02,skin1004,スキン1004,1300,JP
2026-03,skin1004,スキン1004,1300,JP
2026-04,skin1004,スキン1004,1300,JP
2026-05,skin1004,スキン1004,3600,JP
2026-06,skin1004,スキン1004,3600,JP
2026-07,skin1004,スキン1004,2400,JP
2019-03,tirtir,ティルティル,70,JP
2019-04,tirtir,ティルティル,50,JP
2019-05,tirtir,ティルティル,40,JP
2019-06,tirtir,ティルティル,50,JP
2019-07,tirtir,ティルティル,50,JP
2019-08,tirtir,ティルティル,40,JP
2019-09,tirtir,ティルティル,40,JP
2019-10,tirtir,ティルティル,50,JP
2019-11,tirtir,ティルティル,70,JP
2019-12,tirtir,ティルティル,90,JP
2020-01,tirtir,ティルティル,110,JP
2020-02,tirtir,ティルティル,140,JP
2020-03,tirtir,ティルティル,720,JP
2020-04,tirtir,ティルティル,1000,JP
2020-05,tirtir,ティルティル,2900,JP
2020-06,tirtir,ティルティル,1300,JP
2020-07,tirtir,ティルティル,720,JP
2020-08,tirtir,ティルティル,1000,JP
2020-09,tirtir,ティルティル,590,JP
2020-10,tirtir,ティルティル,590,JP
2020-11,tirtir,ティルティル,1600,JP
2020-12,tirtir,ティルティル,1300,JP
2021-01,tirtir,ティルティル,1300,JP
2021-02,tirtir,ティルティル,1900,JP
2021-03,tirtir,ティルティル,1600,JP
2021-04,tirtir,ティルティル,1600,JP
2021-05,tirtir,ティルティル,1900,JP
2021-06,tirtir,ティルティル,1600,JP
2021-07,tirtir,ティルティル,1600,JP
2021-08,tirtir,ティルティル,1900,JP
2021-09,tirtir,ティルティル,2400,JP
2021-10,tirtir,ティルティル,9900,JP
2021-11,tirtir,ティルティル,9900,JP
2021-12,tirtir,ティルティル,9900,JP
2022-01,tirtir,ティルティル,18100,JP
2022-02,tirtir,ティルティル,27100,JP
2022-03,tirtir,ティルティル,33100,JP
2022-04,tirtir,ティルティル,27100,JP
2022-05,tirtir,ティルティル,60500,JP
2022-06,tirtir,ティルティル,90500,JP
2022-07,tirtir,ティルティル,60500,JP
2022-08,tirtir,ティルティル,90500,JP
2022-09,tirtir,ティルティル,90500,JP
2022-10,tirtir,ティルティル,60500,JP
2022-11,tirtir,ティルティル,90500,JP
2022-12,tirtir,ティルティル,90500,JP
2023-01,tirtir,ティルティル,90500,JP
2023-02,tirtir,ティルティル,74000,JP
2023-03,tirtir,ティルティル,110000,JP
2023-04,tirtir,ティルティル,110000,JP
2023-05,tirtir,ティルティル,90500,JP
2023-06,tirtir,ティルティル,90500,JP
2023-07,tirtir,ティルティル,74000,JP
2023-08,tirtir,ティルティル,74000,JP
2023-09,tirtir,ティルティル,90500,JP
2023-10,tirtir,ティルティル,60500,JP
2023-11,tirtir,ティルティル,110000,JP
2023-12,tirtir,ティルティル,110000,JP
2024-01,tirtir,ティルティル,90500,JP
2024-02,tirtir,ティルティル,90500,JP
2024-03,tirtir,ティルティル,110000,JP
2024-04,tirtir,ティルティル,74000,JP
2024-05,tirtir,ティルティル,90500,JP
2024-06,tirtir,ティルティル,90500,JP
2024-07,tirtir,ティルティル,74000,JP
2024-08,tirtir,ティルティル,74000,JP
2024-09,tirtir,ティルティル,60500,JP
2024-10,tirtir,ティルティル,60500,JP
2024-11,tirtir,ティルティル,60500,JP
2024-12,tirtir,ティルティル,60500,JP
2025-01,tirtir,ティルティル,60500,JP
2025-02,tirtir,ティルティル,74000,JP
2025-03,tirtir,ティルティル,60500,JP
2025-04,tirtir,ティルティル,49500,JP
2025-05,tirtir,ティルティル,49500,JP
2025-06,tirtir,ティルティル,49500,JP
2025-07,tirtir,ティルティル,40500,JP
2025-08,tirtir,ティルティル,40500,JP
2025-09,tirtir,ティルティル,40500,JP
2025-10,tirtir,ティルティル,33100,JP
2025-11,tirtir,ティルティル,60500,JP
2025-12,tirtir,ティルティル,40500,JP
2026-01,tirtir,ティルティル,33100,JP
2026-02,tirtir,ティルティル,27100,JP
2026-03,tirtir,ティルティル,33100,JP
2026-04,tirtir,ティルティル,27100,JP
2026-05,tirtir,ティルティル,33100,JP
2026-06,tirtir,ティルティル,33100,JP
2026-07,tirtir,ティルティル,27100,JP
2026-08,tirtir,ティルティル,27100,JP
2018-11,torriden,トリデン,90,JP
2018-12,torriden,トリデン,50,JP
2019-01,torriden,トリデン,70,JP
2019-02,torriden,トリデン,50,JP
2019-03,torriden,トリデン,70,JP
2019-04,torriden,トリデン,70,JP
2019-05,torriden,トリデン,50,JP
2019-06,torriden,トリデン,70,JP
2019-07,torriden,トリデン,70,JP
2019-08,torriden,トリデン,90,JP
2019-09,torriden,トリデン,70,JP
2019-10,torriden,トリデン,70,JP
2019-11,torriden,トリデン,70,JP
2019-12,torriden,トリデン,90,JP
2020-01,torriden,トリデン,110,JP
2020-02,torriden,トリデン,110,JP
2020-03,torriden,トリデン,110,JP
2020-04,torriden,トリデン,90,JP
2020-05,torriden,トリデン,90,JP
2020-06,torriden,トリデン,170,JP
2020-07,torriden,トリデン,110,JP
2020-08,torriden,トリデン,140,JP
2020-09,torriden,トリデン,140,JP
2020-10,torriden,トリデン,140,JP
2020-11,torriden,トリデン,170,JP
2020-12,torriden,トリデン,210,JP
2021-01,torriden,トリデン,210,JP
2021-02,torriden,トリデン,260,JP
2021-03,torriden,トリデン,390,JP
2021-04,torriden,トリデン,390,JP
2021-05,torriden,トリデン,590,JP
2021-06,torriden,トリデン,720,JP
2021-07,torriden,トリデン,720,JP
2021-08,torriden,トリデン,880,JP
2021-09,torriden,トリデン,1000,JP
2021-10,torriden,トリデン,1600,JP
2021-11,torriden,トリデン,1900,JP
2021-12,torriden,トリデン,1300,JP
2022-01,torriden,トリデン,1300,JP
2022-02,torriden,トリデン,1600,JP
2022-03,torriden,トリデン,1600,JP
2022-04,torriden,トリデン,1300,JP
2022-05,torriden,トリデン,1300,JP
2022-06,torriden,トリデン,1300,JP
2022-07,torriden,トリデン,880,JP
2022-08,torriden,トリデン,1600,JP
2022-09,torriden,トリデン,1600,JP
2022-10,torriden,トリデン,1000,JP
2022-11,torriden,トリデン,1600,JP
2022-12,torriden,トリデン,3600,JP
2023-01,torriden,トリデン,2400,JP
2023-02,torriden,トリデン,2400,JP
2023-03,torriden,トリデン,3600,JP
2023-04,torriden,トリデン,3600,JP
2023-05,torriden,トリデン,4400,JP
2023-06,torriden,トリデン,5400,JP
2023-07,torriden,トリデン,4400,JP
2023-08,torriden,トリデン,5400,JP
2023-09,torriden,トリデン,8100,JP
2023-10,torriden,トリデン,6600,JP
2023-11,torriden,トリデン,9900,JP
2023-12,torriden,トリデン,12100,JP
2024-01,torriden,トリデン,12100,JP
2024-02,torriden,トリデン,14800,JP
2024-03,torriden,トリデン,22200,JP
2024-04,torriden,トリデン,18100,JP
2024-05,torriden,トリデン,27100,JP
2024-06,torriden,トリデン,27100,JP
2024-07,torriden,トリデン,22200,JP
2024-08,torriden,トリデン,27100,JP
2024-09,torriden,トリデン,27100,JP
2024-10,torriden,トリデン,22200,JP
2024-11,torriden,トリデン,33100,JP
2024-12,torriden,トリデン,33100,JP
2025-01,torriden,トリデン,33100,JP
2025-02,torriden,トリデン,33100,JP
2025-03,torriden,トリデン,40500,JP
2025-04,torriden,トリデン,33100,JP
2025-05,torriden,トリデン,40500,JP
2025-06,torriden,トリデン,27100,JP
2025-07,torriden,トリデン,27100,JP
2025-08,torriden,トリデン,33100,JP
2025-09,torriden,トリデン,33100,JP
2025-10,torriden,トリデン,49500,JP
2025-11,torriden,トリデン,40500,JP
2025-12,torriden,トリデン,40500,JP
2026-01,torriden,トリデン,40500,JP
2026-02,torriden,トリデン,27100,JP
2026-03,torriden,トリデン,33100,JP
2026-04,torriden,トリデン,27100,JP
2026-05,torriden,トリデン,27100,JP
2026-06,torriden,トリデン,27100,JP
2026-07,torriden,トリデン,22200,JP
2018-11,abib,abib,1600,US
2018-12,abib,abib,2400,US
2019-01,abib,abib,4400,US
2019-02,abib,abib,2900,US
2019-03,abib,abib,3600,US
2019-04,abib,abib,2900,US
2019-05,abib,abib,1600,US
2019-06,abib,abib,1600,US
2019-07,abib,abib,1600,US
2019-08,abib,abib,1600,US
2019-09,abib,abib,1900,US
2019-10,abib,abib,2400,US
2019-11,abib,abib,1600,US
2019-12,abib,abib,2900,US
2020-01,abib,abib,3600,US
2020-02,abib,abib,2900,US
2020-03,abib,abib,3600,US
2020-04,abib,abib,3600,US
2020-05,abib,abib,2400,US
2020-06,abib,abib,1900,US
2020-07,abib,abib,2400,US
2020-08,abib,abib,2400,US
2020-09,abib,abib,2400,US
2020-10,abib,abib,1900,US
2020-11,abib,abib,1900,US
2020-12,abib,abib,2900,US
2021-01,abib,abib,3600,US
2021-02,abib,abib,2400,US
2021-03,abib,abib,3600,US
2021-04,abib,abib,1900,US
2021-05,abib,abib,1600,US
2021-06,abib,abib,2400,US
2021-07,abib,abib,1900,US
2021-08,abib,abib,1900,US
2021-09,abib,abib,1900,US
2021-10,abib,abib,2400,US
2021-11,abib,abib,2400,US
2021-12,abib,abib,2900,US
2022-01,abib,abib,4400,US
2022-02,abib,abib,2900,US
2022-03,abib,abib,3600,US
2022-04,abib,abib,4400,US
2022-05,abib,abib,2400,US
2022-06,abib,abib,2400,US
2022-07,abib,abib,2400,US
2022-08,abib,abib,3600,US
2022-09,abib,abib,3600,US
2022-10,abib,abib,2900,US
2022-11,abib,abib,3600,US
2022-12,abib,abib,3600,US
2023-01,abib,abib,5400,US
2023-02,abib,abib,4400,US
2023-03,abib,abib,5400,US
2023-04,abib,abib,4400,US
2023-05,abib,abib,3600,US
2023-06,abib,abib,3600,US
2023-07,abib,abib,4400,US
2023-08,abib,abib,3600,US
2023-09,abib,abib,2900,US
2023-10,abib,abib,2900,US
2023-11,abib,abib,4400,US
2023-12,abib,abib,4400,US
2024-01,abib,abib,5400,US
2024-02,abib,abib,4400,US
2024-03,abib,abib,6600,US
2024-04,abib,abib,5400,US
2024-05,abib,abib,4400,US
2024-06,abib,abib,4400,US
2024-07,abib,abib,5400,US
2024-08,abib,abib,4400,US
2024-09,abib,abib,4400,US
2024-10,abib,abib,4400,US
2024-11,abib,abib,5400,US
2024-12,abib,abib,6600,US
2025-01,abib,abib,8100,US
2025-02,abib,abib,6600,US
2025-03,abib,abib,6600,US
2025-04,abib,abib,8100,US
2025-05,abib,abib,8100,US
2025-06,abib,abib,6600,US
2025-07,abib,abib,8100,US
2025-08,abib,abib,6600,US
2025-09,abib,abib,6600,US
2025-10,abib,abib,9900,US
2025-11,abib,abib,9900,US
2025-12,abib,abib,9900,US
2026-01,abib,abib,9900,US
2026-02,abib,abib,8100,US
2026-03,abib,abib,9900,US
2026-04,abib,abib,9900,US
2026-05,abib,abib,9900,US
2026-06,abib,abib,8100,US
2026-07,abib,abib,8100,US
2019-08,anua,anua,390,US
2019-09,anua,anua,480,US
2019-10,anua,anua,390,US
2019-11,anua,anua,390,US
2019-12,anua,anua,390,US
2020-01,anua,anua,390,US
2020-02,anua,anua,390,US
2020-03,anua,anua,390,US
2020-04,anua,anua,480,US
2020-05,anua,anua,480,US
2020-06,anua,anua,480,US
2020-07,anua,anua,590,US
2020-08,anua,anua,480,US
2020-09,anua,anua,590,US
2020-10,anua,anua,480,US
2020-11,anua,anua,590,US
2020-12,anua,anua,480,US
2021-01,anua,anua,590,US
2021-02,anua,anua,2400,US
2021-03,anua,anua,720,US
2021-04,anua,anua,720,US
2021-05,anua,anua,590,US
2021-06,anua,anua,720,US
2021-07,anua,anua,590,US
2021-08,anua,anua,480,US
2021-09,anua,anua,480,US
2021-10,anua,anua,590,US
2021-11,anua,anua,480,US
2021-12,anua,anua,480,US
2022-01,anua,anua,590,US
2022-02,anua,anua,590,US
2022-03,anua,anua,590,US
2022-04,anua,anua,590,US
2022-05,anua,anua,590,US
2022-06,anua,anua,590,US
2022-07,anua,anua,720,US
2022-08,anua,anua,590,US
2022-09,anua,anua,590,US
2022-10,anua,anua,590,US
2022-11,anua,anua,590,US
2022-12,anua,anua,720,US
2023-01,anua,anua,720,US
2023-02,anua,anua,880,US
2023-03,anua,anua,1000,US
2023-04,anua,anua,1300,US
2023-05,anua,anua,1900,US
2023-06,anua,anua,2900,US
2023-07,anua,anua,12100,US
2023-08,anua,anua,22200,US
2023-09,anua,anua,18100,US
2023-10,anua,anua,12100,US
2023-11,anua,anua,22200,US
2023-12,anua,anua,33100,US
2024-01,anua,anua,49500,US
2024-02,anua,anua,33100,US
2024-03,anua,anua,33100,US
2024-04,anua,anua,40500,US
2024-05,anua,anua,40500,US
2024-06,anua,anua,49500,US
2024-07,anua,anua,49500,US
2024-08,anua,anua,49500,US
2024-09,anua,anua,40500,US
2024-10,anua,anua,40500,US
2024-11,anua,anua,49500,US
2024-12,anua,anua,49500,US
2025-01,anua,anua,60500,US
2025-02,anua,anua,60500,US
2025-03,anua,anua,60500,US
2025-04,anua,anua,49500,US
2025-05,anua,anua,49500,US
2025-06,anua,anua,49500,US
2025-07,anua,anua,60500,US
2025-08,anua,anua,60500,US
2025-09,anua,anua,60500,US
2025-10,anua,anua,49500,US
2025-11,anua,anua,60500,US
2025-12,anua,anua,60500,US
2026-01,anua,anua,60500,US
2026-02,anua,anua,60500,US
2026-03,anua,anua,74000,US
2026-04,anua,anua,60500,US
2026-05,anua,anua,60500,US
2026-06,anua,anua,74000,US
2026-07,anua,anua,60500,US
2026-08,anua,anua,74000,US
2018-10,beauty of joseon,beauty of joseon,70,US
2018-11,beauty of joseon,beauty of joseon,90,US
2018-12,beauty of joseon,beauty of joseon,90,US
2019-01,beauty of joseon,beauty of joseon,260,US
2019-02,beauty of joseon,beauty of joseon,210,US
2019-03,beauty of joseon,beauty of joseon,170,US
2019-04,beauty of joseon,beauty of joseon,210,US
2019-05,beauty of joseon,beauty of joseon,210,US
2019-06,beauty of joseon,beauty of joseon,170,US
2019-07,beauty of joseon,beauty of joseon,210,US
2019-08,beauty of joseon,beauty of joseon,140,US
2019-09,beauty of joseon,beauty of joseon,140,US
2019-10,beauty of joseon,beauty of joseon,170,US
2019-11,beauty of joseon,beauty of joseon,170,US
2019-12,beauty of joseon,beauty of joseon,170,US
2020-01,beauty of joseon,beauty of joseon,170,US
2020-02,beauty of joseon,beauty of joseon,260,US
2020-03,beauty of joseon,beauty of joseon,210,US
2020-04,beauty of joseon,beauty of joseon,590,US
2020-05,beauty of joseon,beauty of joseon,590,US
2020-06,beauty of joseon,beauty of joseon,590,US
2020-07,beauty of joseon,beauty of joseon,1000,US
2020-08,beauty of joseon,beauty of joseon,1000,US
2020-09,beauty of joseon,beauty of joseon,1000,US
2020-10,beauty of joseon,beauty of joseon,1000,US
2020-11,beauty of joseon,beauty of joseon,2900,US
2020-12,beauty of joseon,beauty of joseon,1900,US
2021-01,beauty of joseon,beauty of joseon,2400,US
2021-02,beauty of joseon,beauty of joseon,2400,US
2021-03,beauty of joseon,beauty of joseon,2400,US
2021-04,beauty of joseon,beauty of joseon,1900,US
2021-05,beauty of joseon,beauty of joseon,1900,US
2021-06,beauty of joseon,beauty of joseon,1900,US
2021-07,beauty of joseon,beauty of joseon,2400,US
2021-08,beauty of joseon,beauty of joseon,2400,US
2021-09,beauty of joseon,beauty of joseon,1600,US
2021-10,beauty of joseon,beauty of joseon,2400,US
2021-11,beauty of joseon,beauty of joseon,3600,US
2021-12,beauty of joseon,beauty of joseon,5400,US
2022-01,beauty of joseon,beauty of joseon,6600,US
2022-02,beauty of joseon,beauty of joseon,8100,US
2022-03,beauty of joseon,beauty of joseon,8100,US
2022-04,beauty of joseon,beauty of joseon,14800,US
2022-05,beauty of joseon,beauty of joseon,18100,US
2022-06,beauty of joseon,beauty of joseon,22200,US
2022-07,beauty of joseon,beauty of joseon,27100,US
2022-08,beauty of joseon,beauty of joseon,27100,US
2022-09,beauty of joseon,beauty of joseon,22200,US
2022-10,beauty of joseon,beauty of joseon,22200,US
2022-11,beauty of joseon,beauty of joseon,27100,US
2022-12,beauty of joseon,beauty of joseon,33100,US
2023-01,beauty of joseon,beauty of joseon,60500,US
2023-02,beauty of joseon,beauty of joseon,49500,US
2023-03,beauty of joseon,beauty of joseon,60500,US
2023-04,beauty of joseon,beauty of joseon,74000,US
2023-05,beauty of joseon,beauty of joseon,74000,US
2023-06,beauty of joseon,beauty of joseon,74000,US
2023-07,beauty of joseon,beauty of joseon,74000,US
2023-08,beauty of joseon,beauty of joseon,74000,US
2023-09,beauty of joseon,beauty of joseon,60500,US
2023-10,beauty of joseon,beauty of joseon,49500,US
2023-11,beauty of joseon,beauty of joseon,74000,US
2023-12,beauty of joseon,beauty of joseon,74000,US
2024-01,beauty of joseon,beauty of joseon,110000,US
2024-02,beauty of joseon,beauty of joseon,90500,US
2024-03,beauty of joseon,beauty of joseon,110000,US
2024-04,beauty of joseon,beauty of joseon,110000,US
2024-05,beauty of joseon,beauty of joseon,110000,US
2024-06,beauty of joseon,beauty of joseon,135000,US
2024-07,beauty of joseon,beauty of joseon,135000,US
2024-08,beauty of joseon,beauty of joseon,110000,US
2024-09,beauty of joseon,beauty of joseon,90500,US
2024-10,beauty of joseon,beauty of joseon,110000,US
2024-11,beauty of joseon,beauty of joseon,135000,US
2024-12,beauty of joseon,beauty of joseon,110000,US
2025-01,beauty of joseon,beauty of joseon,110000,US
2025-02,beauty of joseon,beauty of joseon,110000,US
2025-03,beauty of joseon,beauty of joseon,135000,US
2025-04,beauty of joseon,beauty of joseon,135000,US
2025-05,beauty of joseon,beauty of joseon,135000,US
2025-06,beauty of joseon,beauty of joseon,135000,US
2025-07,beauty of joseon,beauty of joseon,110000,US
2025-08,beauty of joseon,beauty of joseon,110000,US
2025-09,beauty of joseon,beauty of joseon,90500,US
2025-10,beauty of joseon,beauty of joseon,90500,US
2025-11,beauty of joseon,beauty of joseon,110000,US
2025-12,beauty of joseon,beauty of joseon,110000,US
2026-01,beauty of joseon,beauty of joseon,110000,US
2026-02,beauty of joseon,beauty of joseon,90500,US
2026-03,beauty of joseon,beauty of joseon,110000,US
2026-04,beauty of joseon,beauty of joseon,110000,US
2026-05,beauty of joseon,beauty of joseon,110000,US
2026-06,beauty of joseon,beauty of joseon,110000,US
2026-07,beauty of joseon,beauty of joseon,110000,US
2018-10,biodance,biodance,210,US
2018-11,biodance,biodance,170,US
2018-12,biodance,biodance,140,US
2019-01,biodance,biodance,210,US
2019-02,biodance,biodance,210,US
2019-03,biodance,biodance,170,US
2019-04,biodance,biodance,170,US
2019-05,biodance,biodance,170,US
2019-06,biodance,biodance,140,US
2019-07,biodance,biodance,140,US
2019-08,biodance,biodance,170,US
2019-09,biodance,biodance,110,US
2019-10,biodance,biodance,90,US
2019-11,biodance,biodance,70,US
2019-12,biodance,biodance,50,US
2020-01,biodance,biodance,70,US
2020-02,biodance,biodance,90,US
2020-03,biodance,biodance,70,US
2020-04,biodance,biodance,50,US
2020-05,biodance,biodance,40,US
2020-06,biodance,biodance,70,US
2020-07,biodance,biodance,50,US
2020-08,biodance,biodance,40,US
2020-09,biodance,biodance,50,US
2020-10,biodance,biodance,50,US
2020-11,biodance,biodance,40,US
2020-12,biodance,biodance,50,US
2021-01,biodance,biodance,50,US
2021-02,biodance,biodance,40,US
2021-03,biodance,biodance,70,US
2021-04,biodance,biodance,40,US
2021-05,biodance,biodance,70,US
2021-06,biodance,biodance,70,US
2021-07,biodance,biodance,50,US
2021-08,biodance,biodance,70,US
2021-09,biodance,biodance,70,US
2021-10,biodance,biodance,90,US
2021-11,biodance,biodance,90,US
2021-12,biodance,biodance,90,US
2022-01,biodance,biodance,90,US
2022-02,biodance,biodance,70,US
2022-03,biodance,biodance,110,US
2022-04,biodance,biodance,140,US
2022-05,biodance,biodance,90,US
2022-06,biodance,biodance,140,US
2022-07,biodance,biodance,170,US
2022-08,biodance,biodance,140,US
2022-09,biodance,biodance,170,US
2022-10,biodance,biodance,140,US
2022-11,biodance,biodance,170,US
2022-12,biodance,biodance,210,US
2023-01,biodance,biodance,260,US
2023-02,biodance,biodance,260,US
2023-03,biodance,biodance,590,US
2023-04,biodance,biodance,390,US
2023-05,biodance,biodance,480,US
2023-06,biodance,biodance,320,US
2023-07,biodance,biodance,390,US
2023-08,biodance,biodance,480,US
2023-09,biodance,biodance,1300,US
2023-10,biodance,biodance,1300,US
2023-11,biodance,biodance,3600,US
2023-12,biodance,biodance,4400,US
2024-01,biodance,biodance,6600,US
2024-02,biodance,biodance,4400,US
2024-03,biodance,biodance,5400,US
2024-04,biodance,biodance,6600,US
2024-05,biodance,biodance,6600,US
2024-06,biodance,biodance,9900,US
2024-07,biodance,biodance,12100,US
2024-08,biodance,biodance,9900,US
2024-09,biodance,biodance,8100,US
2024-10,biodance,biodance,9900,US
2024-11,biodance,biodance,14800,US
2024-12,biodance,biodance,14800,US
2025-01,biodance,biodance,12100,US
2025-02,biodance,biodance,9900,US
2025-03,biodance,biodance,9900,US
2025-04,biodance,biodance,12100,US
2025-05,biodance,biodance,12100,US
2025-06,biodance,biodance,9900,US
2025-07,biodance,biodance,14800,US
2025-08,biodance,biodance,12100,US
2025-09,biodance,biodance,12100,US
2025-10,biodance,biodance,14800,US
2025-11,biodance,biodance,18100,US
2025-12,biodance,biodance,27100,US
2026-01,biodance,biodance,22200,US
2026-02,biodance,biodance,18100,US
2026-03,biodance,biodance,22200,US
2026-04,biodance,biodance,27100,US
2026-05,biodance,biodance,27100,US
2026-06,biodance,biodance,40500,US
2026-07,biodance,biodance,33100,US
2026-08,biodance,biodance,33100,US
2018-11,cosrx,cosrx,18100,US
2018-12,cosrx,cosrx,18100,US
2019-01,cosrx,cosrx,22200,US
2019-02,cosrx,cosrx,22200,US
2019-03,cosrx,cosrx,22200,US
2019-04,cosrx,cosrx,22200,US
2019-05,cosrx,cosrx,22200,US
2019-06,cosrx,cosrx,22200,US
2019-07,cosrx,cosrx,22200,US
2019-08,cosrx,cosrx,22200,US
2019-09,cosrx,cosrx,22200,US
2019-10,cosrx,cosrx,22200,US
2019-11,cosrx,cosrx,27100,US
2019-12,cosrx,cosrx,22200,US
2020-01,cosrx,cosrx,27100,US
2020-02,cosrx,cosrx,22200,US
2020-03,cosrx,cosrx,22200,US
2020-04,cosrx,cosrx,33100,US
2020-05,cosrx,cosrx,33100,US
2020-06,cosrx,cosrx,27100,US
2020-07,cosrx,cosrx,33100,US
2020-08,cosrx,cosrx,27100,US
2020-09,cosrx,cosrx,33100,US
2020-10,cosrx,cosrx,27100,US
2020-11,cosrx,cosrx,27100,US
2020-12,cosrx,cosrx,27100,US
2021-01,cosrx,cosrx,33100,US
2021-02,cosrx,cosrx,33100,US
2021-03,cosrx,cosrx,40500,US
2021-04,cosrx,cosrx,40500,US
2021-05,cosrx,cosrx,27100,US
2021-06,cosrx,cosrx,27100,US
2021-07,cosrx,cosrx,27100,US
2021-08,cosrx,cosrx,27100,US
2021-09,cosrx,cosrx,22200,US
2021-10,cosrx,cosrx,27100,US
2021-11,cosrx,cosrx,40500,US
2021-12,cosrx,cosrx,33100,US
2022-01,cosrx,cosrx,49500,US
2022-02,cosrx,cosrx,40500,US
2022-03,cosrx,cosrx,40500,US
2022-04,cosrx,cosrx,33100,US
2022-05,cosrx,cosrx,33100,US
2022-06,cosrx,cosrx,40500,US
2022-07,cosrx,cosrx,49500,US
2022-08,cosrx,cosrx,49500,US
2022-09,cosrx,cosrx,40500,US
2022-10,cosrx,cosrx,49500,US
2022-11,cosrx,cosrx,74000,US
2022-12,cosrx,cosrx,60500,US
2023-01,cosrx,cosrx,74000,US
2023-02,cosrx,cosrx,60500,US
2023-03,cosrx,cosrx,60500,US
2023-04,cosrx,cosrx,60500,US
2023-05,cosrx,cosrx,60500,US
2023-06,cosrx,cosrx,60500,US
2023-07,cosrx,cosrx,90500,US
2023-08,cosrx,cosrx,90500,US
2023-09,cosrx,cosrx,74000,US
2023-10,cosrx,cosrx,74000,US
2023-11,cosrx,cosrx,90500,US
2023-12,cosrx,cosrx,90500,US
2024-01,cosrx,cosrx,90500,US
2024-02,cosrx,cosrx,74000,US
2024-03,cosrx,cosrx,90500,US
2024-04,cosrx,cosrx,74000,US
2024-05,cosrx,cosrx,60500,US
2024-06,cosrx,cosrx,60500,US
2024-07,cosrx,cosrx,74000,US
2024-08,cosrx,cosrx,60500,US
2024-09,cosrx,cosrx,60500,US
2024-10,cosrx,cosrx,60500,US
2024-11,cosrx,cosrx,60500,US
2024-12,cosrx,cosrx,74000,US
2025-01,cosrx,cosrx,60500,US
2025-02,cosrx,cosrx,49500,US
2025-03,cosrx,cosrx,60500,US
2025-04,cosrx,cosrx,49500,US
2025-05,cosrx,cosrx,49500,US
2025-06,cosrx,cosrx,40500,US
2025-07,cosrx,cosrx,49500,US
2025-08,cosrx,cosrx,49500,US
2025-09,cosrx,cosrx,40500,US
2025-10,cosrx,cosrx,49500,US
2025-11,cosrx,cosrx,60500,US
2025-12,cosrx,cosrx,60500,US
2026-01,cosrx,cosrx,60500,US
2026-02,cosrx,cosrx,49500,US
2026-03,cosrx,cosrx,49500,US
2026-04,cosrx,cosrx,49500,US
2026-05,cosrx,cosrx,49500,US
2026-06,cosrx,cosrx,49500,US
2026-07,cosrx,cosrx,40500,US
2018-11,d'alba,d'alba,210,US
2018-12,d'alba,d'alba,210,US
2019-01,d'alba,d'alba,260,US
2019-02,d'alba,d'alba,320,US
2019-03,d'alba,d'alba,480,US
2019-04,d'alba,d'alba,390,US
2019-05,d'alba,d'alba,320,US
2019-06,d'alba,d'alba,320,US
2019-07,d'alba,d'alba,320,US
2019-08,d'alba,d'alba,320,US
2019-09,d'alba,d'alba,320,US
2019-10,d'alba,d'alba,390,US
2019-11,d'alba,d'alba,390,US
2019-12,d'alba,d'alba,390,US
2020-01,d'alba,d'alba,480,US
2020-02,d'alba,d'alba,480,US
2020-03,d'alba,d'alba,480,US
2020-04,d'alba,d'alba,720,US
2020-05,d'alba,d'alba,590,US
2020-06,d'alba,d'alba,880,US
2020-07,d'alba,d'alba,720,US
2020-08,d'alba,d'alba,480,US
2020-09,d'alba,d'alba,480,US
2020-10,d'alba,d'alba,480,US
2020-11,d'alba,d'alba,590,US
2020-12,d'alba,d'alba,590,US
2021-01,d'alba,d'alba,590,US
2021-02,d'alba,d'alba,880,US
2021-03,d'alba,d'alba,720,US
2021-04,d'alba,d'alba,720,US
2021-05,d'alba,d'alba,720,US
2021-06,d'alba,d'alba,720,US
2021-07,d'alba,d'alba,720,US
2021-08,d'alba,d'alba,880,US
2021-09,d'alba,d'alba,2900,US
2021-10,d'alba,d'alba,5400,US
2021-11,d'alba,d'alba,5400,US
2021-12,d'alba,d'alba,5400,US
2022-01,d'alba,d'alba,6600,US
2022-02,d'alba,d'alba,6600,US
2022-03,d'alba,d'alba,6600,US
2022-04,d'alba,d'alba,8100,US
2022-05,d'alba,d'alba,6600,US
2022-06,d'alba,d'alba,6600,US
2022-07,d'alba,d'alba,6600,US
2022-08,d'alba,d'alba,8100,US
2022-09,d'alba,d'alba,6600,US
2022-10,d'alba,d'alba,6600,US
2022-11,d'alba,d'alba,6600,US
2022-12,d'alba,d'alba,8100,US
2023-01,d'alba,d'alba,9900,US
2023-02,d'alba,d'alba,9900,US
2023-03,d'alba,d'alba,12100,US
2023-04,d'alba,d'alba,12100,US
2023-05,d'alba,d'alba,9900,US
2023-06,d'alba,d'alba,9900,US
2023-07,d'alba,d'alba,9900,US
2023-08,d'alba,d'alba,9900,US
2023-09,d'alba,d'alba,9900,US
2023-10,d'alba,d'alba,12100,US
2023-11,d'alba,d'alba,18100,US
2023-12,d'alba,d'alba,14800,US
2024-01,d'alba,d'alba,14800,US
2024-02,d'alba,d'alba,14800,US
2024-03,d'alba,d'alba,18100,US
2024-04,d'alba,d'alba,18100,US
2024-05,d'alba,d'alba,18100,US
2024-06,d'alba,d'alba,18100,US
2024-07,d'alba,d'alba,14800,US
2024-08,d'alba,d'alba,18100,US
2024-09,d'alba,d'alba,18100,US
2024-10,d'alba,d'alba,18100,US
2024-11,d'alba,d'alba,22200,US
2024-12,d'alba,d'alba,18100,US
2025-01,d'alba,d'alba,18100,US
2025-02,d'alba,d'alba,18100,US
2025-03,d'alba,d'alba,22200,US
2025-04,d'alba,d'alba,22200,US
2025-05,d'alba,d'alba,22200,US
2025-06,d'alba,d'alba,22200,US
2025-07,d'alba,d'alba,22200,US
2025-08,d'alba,d'alba,18100,US
2025-09,d'alba,d'alba,27100,US
2025-10,d'alba,d'alba,27100,US
2025-11,d'alba,d'alba,27100,US
2025-12,d'alba,d'alba,27100,US
2026-01,d'alba,d'alba,27100,US
2026-02,d'alba,d'alba,22200,US
2026-03,d'alba,d'alba,27100,US
2026-04,d'alba,d'alba,27100,US
2026-05,d'alba,d'alba,33100,US
2026-06,d'alba,d'alba,27100,US
2026-07,d'alba,d'alba,27100,US
2026-08,d'alba,d'alba,27100,US
2018-04,isntree,isntree,480,US
2018-05,isntree,isntree,480,US
2018-06,isntree,isntree,480,US
2018-07,isntree,isntree,320,US
2018-08,isntree,isntree,320,US
2018-09,isntree,isntree,320,US
2018-10,isntree,isntree,390,US
2018-11,isntree,isntree,590,US
2018-12,isntree,isntree,480,US
2019-01,isntree,isntree,480,US
2019-02,isntree,isntree,390,US
2019-03,isntree,isntree,480,US
2019-04,isntree,isntree,480,US
2019-05,isntree,isntree,720,US
2019-06,isntree,isntree,590,US
2019-07,isntree,isntree,720,US
2019-08,isntree,isntree,590,US
2019-09,isntree,isntree,590,US
2019-10,isntree,isntree,880,US
2019-11,isntree,isntree,880,US
2019-12,isntree,isntree,590,US
2020-01,isntree,isntree,720,US
2020-02,isntree,isntree,720,US
2020-03,isntree,isntree,880,US
2020-04,isntree,isntree,1000,US
2020-05,isntree,isntree,1600,US
2020-06,isntree,isntree,2400,US
2020-07,isntree,isntree,3600,US
2020-08,isntree,isntree,3600,US
2020-09,isntree,isntree,2400,US
2020-10,isntree,isntree,1900,US
2020-11,isntree,isntree,2400,US
2020-12,isntree,isntree,1900,US
2021-01,isntree,isntree,2400,US
2021-02,isntree,isntree,6600,US
2021-03,isntree,isntree,4400,US
2021-04,isntree,isntree,4400,US
2021-05,isntree,isntree,3600,US
2021-06,isntree,isntree,2900,US
2021-07,isntree,isntree,3600,US
2021-08,isntree,isntree,2900,US
2021-09,isntree,isntree,2400,US
2021-10,isntree,isntree,2900,US
2021-11,isntree,isntree,4400,US
2021-12,isntree,isntree,3600,US
2022-01,isntree,isntree,5400,US
2022-02,isntree,isntree,5400,US
2022-03,isntree,isntree,6600,US
2022-04,isntree,isntree,8100,US
2022-05,isntree,isntree,8100,US
2022-06,isntree,isntree,8100,US
2022-07,isntree,isntree,8100,US
2022-08,isntree,isntree,6600,US
2022-09,isntree,isntree,5400,US
2022-10,isntree,isntree,4400,US
2022-11,isntree,isntree,6600,US
2022-12,isntree,isntree,6600,US
2023-01,isntree,isntree,6600,US
2023-02,isntree,isntree,5400,US
2023-03,isntree,isntree,8100,US
2023-04,isntree,isntree,9900,US
2023-05,isntree,isntree,8100,US
2023-06,isntree,isntree,9900,US
2023-07,isntree,isntree,9900,US
2023-08,isntree,isntree,8100,US
2023-09,isntree,isntree,6600,US
2023-10,isntree,isntree,5400,US
2023-11,isntree,isntree,6600,US
2023-12,isntree,isntree,6600,US
2024-01,isntree,isntree,6600,US
2024-02,isntree,isntree,6600,US
2024-03,isntree,isntree,6600,US
2024-04,isntree,isntree,8100,US
2024-05,isntree,isntree,6600,US
2024-06,isntree,isntree,6600,US
2024-07,isntree,isntree,6600,US
2024-08,isntree,isntree,6600,US
2024-09,isntree,isntree,4400,US
2024-10,isntree,isntree,3600,US
2024-11,isntree,isntree,4400,US
2024-12,isntree,isntree,3600,US
2025-01,isntree,isntree,4400,US
2025-02,isntree,isntree,3600,US
2025-03,isntree,isntree,4400,US
2025-04,isntree,isntree,4400,US
2025-05,isntree,isntree,4400,US
2025-06,isntree,isntree,4400,US
2025-07,isntree,isntree,4400,US
2025-08,isntree,isntree,3600,US
2025-09,isntree,isntree,2900,US
2025-10,isntree,isntree,2900,US
2025-11,isntree,isntree,2900,US
2025-12,isntree,isntree,2900,US
2026-01,isntree,isntree,2900,US
2026-02,isntree,isntree,2400,US
2026-03,isntree,isntree,3600,US
2026-04,isntree,isntree,3600,US
2026-05,isntree,isntree,3600,US
2026-06,isntree,isntree,3600,US
2026-07,isntree,isntree,3600,US
2026-08,isntree,isntree,3600,US
2018-10,laneige,laneige,27100,US
2018-11,laneige,laneige,33100,US
2018-12,laneige,laneige,33100,US
2019-01,laneige,laneige,33100,US
2019-02,laneige,laneige,33100,US
2019-03,laneige,laneige,33100,US
2019-04,laneige,laneige,33100,US
2019-05,laneige,laneige,33100,US
2019-06,laneige,laneige,33100,US
2019-07,laneige,laneige,40500,US
2019-08,laneige,laneige,33100,US
2019-09,laneige,laneige,33100,US
2019-10,laneige,laneige,33100,US
2019-11,laneige,laneige,49500,US
2019-12,laneige,laneige,60500,US
2020-01,laneige,laneige,49500,US
2020-02,laneige,laneige,40500,US
2020-03,laneige,laneige,40500,US
2020-04,laneige,laneige,60500,US
2020-05,laneige,laneige,49500,US
2020-06,laneige,laneige,33100,US
2020-07,laneige,laneige,40500,US
2020-08,laneige,laneige,40500,US
2020-09,laneige,laneige,33100,US
2020-10,laneige,laneige,33100,US
2020-11,laneige,laneige,60500,US
2020-12,laneige,laneige,60500,US
2021-01,laneige,laneige,60500,US
2021-02,laneige,laneige,49500,US
2021-03,laneige,laneige,49500,US
2021-04,laneige,laneige,60500,US
2021-05,laneige,laneige,49500,US
2021-06,laneige,laneige,40500,US
2021-07,laneige,laneige,40500,US
2021-08,laneige,laneige,40500,US
2021-09,laneige,laneige,40500,US
2021-10,laneige,laneige,49500,US
2021-11,laneige,laneige,90500,US
2021-12,laneige,laneige,90500,US
2022-01,laneige,laneige,90500,US
2022-02,laneige,laneige,74000,US
2022-03,laneige,laneige,74000,US
2022-04,laneige,laneige,74000,US
2022-05,laneige,laneige,60500,US
2022-06,laneige,laneige,60500,US
2022-07,laneige,laneige,74000,US
2022-08,laneige,laneige,60500,US
2022-09,laneige,laneige,74000,US
2022-10,laneige,laneige,110000,US
2022-11,laneige,laneige,201000,US
2022-12,laneige,laneige,165000,US
2023-01,laneige,laneige,135000,US
2023-02,laneige,laneige,90500,US
2023-03,laneige,laneige,90500,US
2023-04,laneige,laneige,90500,US
2023-05,laneige,laneige,90500,US
2023-06,laneige,laneige,74000,US
2023-07,laneige,laneige,90500,US
2023-08,laneige,laneige,90500,US
2023-09,laneige,laneige,90500,US
2023-10,laneige,laneige,110000,US
2023-11,laneige,laneige,246000,US
2023-12,laneige,laneige,246000,US
2024-01,laneige,laneige,201000,US
2024-02,laneige,laneige,165000,US
2024-03,laneige,laneige,165000,US
2024-04,laneige,laneige,135000,US
2024-05,laneige,laneige,135000,US
2024-06,laneige,laneige,135000,US
2024-07,laneige,laneige,135000,US
2024-08,laneige,laneige,110000,US
2024-09,laneige,laneige,135000,US
2024-10,laneige,laneige,165000,US
2024-11,laneige,laneige,301000,US
2024-12,laneige,laneige,301000,US
2025-01,laneige,laneige,165000,US
2025-02,laneige,laneige,165000,US
2025-03,laneige,laneige,165000,US
2025-04,laneige,laneige,201000,US
2025-05,laneige,laneige,165000,US
2025-06,laneige,laneige,135000,US
2025-07,laneige,laneige,135000,US
2025-08,laneige,laneige,135000,US
2025-09,laneige,laneige,110000,US
2025-10,laneige,laneige,135000,US
2025-11,laneige,laneige,246000,US
2025-12,laneige,laneige,246000,US
2026-01,laneige,laneige,201000,US
2026-02,laneige,laneige,135000,US
2026-03,laneige,laneige,110000,US
2026-04,laneige,laneige,90500,US
2026-05,laneige,laneige,90500,US
2026-06,laneige,laneige,74000,US
2026-07,laneige,laneige,90500,US
2026-08,laneige,laneige,74000,US
2018-10,madeca cream,madeca cream,210,US
2018-11,madeca cream,madeca cream,170,US
2018-12,madeca cream,madeca cream,210,US
2019-01,madeca cream,madeca cream,170,US
2019-02,madeca cream,madeca cream,170,US
2019-03,madeca cream,madeca cream,170,US
2019-04,madeca cream,madeca cream,110,US
2019-05,madeca cream,madeca cream,110,US
2019-06,madeca cream,madeca cream,140,US
2019-07,madeca cream,madeca cream,140,US
2019-08,madeca cream,madeca cream,170,US
2019-09,madeca cream,madeca cream,170,US
2019-10,madeca cream,madeca cream,140,US
2019-11,madeca cream,madeca cream,170,US
2019-12,madeca cream,madeca cream,140,US
2020-01,madeca cream,madeca cream,140,US
2020-02,madeca cream,madeca cream,90,US
2020-03,madeca cream,madeca cream,90,US
2020-04,madeca cream,madeca cream,140,US
2020-05,madeca cream,madeca cream,170,US
2020-06,madeca cream,madeca cream,210,US
2020-07,madeca cream,madeca cream,210,US
2020-08,madeca cream,madeca cream,140,US
2020-09,madeca cream,madeca cream,110,US
2020-10,madeca cream,madeca cream,140,US
2020-11,madeca cream,madeca cream,170,US
2020-12,madeca cream,madeca cream,140,US
2021-01,madeca cream,madeca cream,210,US
2021-02,madeca cream,madeca cream,140,US
2021-03,madeca cream,madeca cream,140,US
2021-04,madeca cream,madeca cream,110,US
2021-05,madeca cream,madeca cream,140,US
2021-06,madeca cream,madeca cream,170,US
2021-07,madeca cream,madeca cream,140,US
2021-08,madeca cream,madeca cream,110,US
2021-09,madeca cream,madeca cream,110,US
2021-10,madeca cream,madeca cream,140,US
2021-11,madeca cream,madeca cream,260,US
2021-12,madeca cream,madeca cream,210,US
2022-01,madeca cream,madeca cream,210,US
2022-02,madeca cream,madeca cream,140,US
2022-03,madeca cream,madeca cream,210,US
2022-04,madeca cream,madeca cream,140,US
2022-05,madeca cream,madeca cream,210,US
2022-06,madeca cream,madeca cream,140,US
2022-07,madeca cream,madeca cream,210,US
2022-08,madeca cream,madeca cream,170,US
2022-09,madeca cream,madeca cream,170,US
2022-10,madeca cream,madeca cream,170,US
2022-11,madeca cream,madeca cream,260,US
2022-12,madeca cream,madeca cream,320,US
2023-01,madeca cream,madeca cream,320,US
2023-02,madeca cream,madeca cream,210,US
2023-03,madeca cream,madeca cream,260,US
2023-04,madeca cream,madeca cream,320,US
2023-05,madeca cream,madeca cream,260,US
2023-06,madeca cream,madeca cream,260,US
2023-07,madeca cream,madeca cream,1300,US
2023-08,madeca cream,madeca cream,720,US
2023-09,madeca cream,madeca cream,480,US
2023-10,madeca cream,madeca cream,480,US
2023-11,madeca cream,madeca cream,590,US
2023-12,madeca cream,madeca cream,720,US
2024-01,madeca cream,madeca cream,720,US
2024-02,madeca cream,madeca cream,720,US
2024-03,madeca cream,madeca cream,720,US
2024-04,madeca cream,madeca cream,880,US
2024-05,madeca cream,madeca cream,880,US
2024-06,madeca cream,madeca cream,1000,US
2024-07,madeca cream,madeca cream,1000,US
2024-08,madeca cream,madeca cream,720,US
2024-09,madeca cream,madeca cream,720,US
2024-10,madeca cream,madeca cream,720,US
2024-11,madeca cream,madeca cream,1000,US
2024-12,madeca cream,madeca cream,1300,US
2025-01,madeca cream,madeca cream,1000,US
2025-02,madeca cream,madeca cream,720,US
2025-03,madeca cream,madeca cream,1300,US
2025-04,madeca cream,madeca cream,1900,US
2025-05,madeca cream,madeca cream,1600,US
2025-06,madeca cream,madeca cream,1600,US
2025-07,madeca cream,madeca cream,6600,US
2025-08,madeca cream,madeca cream,8100,US
2025-09,madeca cream,madeca cream,14800,US
2025-10,madeca cream,madeca cream,12100,US
2025-11,madeca cream,madeca cream,18100,US
2025-12,madeca cream,madeca cream,33100,US
2026-01,madeca cream,madeca cream,33100,US
2026-02,madeca cream,madeca cream,22200,US
2026-03,madeca cream,madeca cream,22200,US
2026-04,madeca cream,madeca cream,22200,US
2026-05,madeca cream,madeca cream,22200,US
2026-06,madeca cream,madeca cream,22200,US
2026-07,madeca cream,madeca cream,27100,US
2018-10,manyo,manyo,260,US
2018-11,manyo,manyo,210,US
2018-12,manyo,manyo,390,US
2019-01,manyo,manyo,260,US
2019-02,manyo,manyo,260,US
2019-03,manyo,manyo,320,US
2019-04,manyo,manyo,260,US
2019-05,manyo,manyo,320,US
2019-06,manyo,manyo,320,US
2019-07,manyo,manyo,320,US
2019-08,manyo,manyo,320,US
2019-09,manyo,manyo,320,US
2019-10,manyo,manyo,390,US
2019-11,manyo,manyo,390,US
2019-12,manyo,manyo,480,US
2020-01,manyo,manyo,480,US
2020-02,manyo,manyo,480,US
2020-03,manyo,manyo,720,US
2020-04,manyo,manyo,720,US
2020-05,manyo,manyo,880,US
2020-06,manyo,manyo,1000,US
2020-07,manyo,manyo,880,US
2020-08,manyo,manyo,720,US
2020-09,manyo,manyo,720,US
2020-10,manyo,manyo,720,US
2020-11,manyo,manyo,880,US
2020-12,manyo,manyo,720,US
2021-01,manyo,manyo,1300,US
2021-02,manyo,manyo,880,US
2021-03,manyo,manyo,1000,US
2021-04,manyo,manyo,720,US
2021-05,manyo,manyo,880,US
2021-06,manyo,manyo,720,US
2021-07,manyo,manyo,880,US
2021-08,manyo,manyo,880,US
2021-09,manyo,manyo,1000,US
2021-10,manyo,manyo,1000,US
2021-11,manyo,manyo,1000,US
2021-12,manyo,manyo,1000,US
2022-01,manyo,manyo,1300,US
2022-02,manyo,manyo,1000,US
2022-03,manyo,manyo,1300,US
2022-04,manyo,manyo,1300,US
2022-05,manyo,manyo,1600,US
2022-06,manyo,manyo,1600,US
2022-07,manyo,manyo,1900,US
2022-08,manyo,manyo,1900,US
2022-09,manyo,manyo,1900,US
2022-10,manyo,manyo,1900,US
2022-11,manyo,manyo,4400,US
2022-12,manyo,manyo,3600,US
2023-01,manyo,manyo,2900,US
2023-02,manyo,manyo,2400,US
2023-03,manyo,manyo,4400,US
2023-04,manyo,manyo,4400,US
2023-05,manyo,manyo,4400,US
2023-06,manyo,manyo,4400,US
2023-07,manyo,manyo,6600,US
2023-08,manyo,manyo,5400,US
2023-09,manyo,manyo,3600,US
2023-10,manyo,manyo,3600,US
2023-11,manyo,manyo,5400,US
2023-12,manyo,manyo,5400,US
2024-01,manyo,manyo,8100,US
2024-02,manyo,manyo,5400,US
2024-03,manyo,manyo,5400,US
2024-04,manyo,manyo,4400,US
2024-05,manyo,manyo,4400,US
2024-06,manyo,manyo,5400,US
2024-07,manyo,manyo,8100,US
2024-08,manyo,manyo,8100,US
2024-09,manyo,manyo,5400,US
2024-10,manyo,manyo,4400,US
2024-11,manyo,manyo,5400,US
2024-12,manyo,manyo,4400,US
2025-01,manyo,manyo,4400,US
2025-02,manyo,manyo,3600,US
2025-03,manyo,manyo,4400,US
2025-04,manyo,manyo,4400,US
2025-05,manyo,manyo,4400,US
2025-06,manyo,manyo,4400,US
2025-07,manyo,manyo,5400,US
2025-08,manyo,manyo,5400,US
2025-09,manyo,manyo,5400,US
2025-10,manyo,manyo,4400,US
2025-11,manyo,manyo,5400,US
2025-12,manyo,manyo,4400,US
2026-01,manyo,manyo,4400,US
2026-02,manyo,manyo,3600,US
2026-03,manyo,manyo,3600,US
2026-04,manyo,manyo,4400,US
2026-05,manyo,manyo,4400,US
2026-06,manyo,manyo,4400,US
2026-07,manyo,manyo,5400,US
2018-10,medicube,medicube,1600,US
2018-11,medicube,medicube,1300,US
2018-12,medicube,medicube,1000,US
2019-01,medicube,medicube,1000,US
2019-02,medicube,medicube,720,US
2019-03,medicube,medicube,720,US
2019-04,medicube,medicube,720,US
2019-05,medicube,medicube,590,US
2019-06,medicube,medicube,720,US
2019-07,medicube,medicube,3600,US
2019-08,medicube,medicube,2400,US
2019-09,medicube,medicube,2900,US
2019-10,medicube,medicube,3600,US
2019-11,medicube,medicube,3600,US
2019-12,medicube,medicube,2900,US
2020-01,medicube,medicube,4400,US
2020-02,medicube,medicube,3600,US
2020-03,medicube,medicube,6600,US
2020-04,medicube,medicube,12100,US
2020-05,medicube,medicube,18100,US
2020-06,medicube,medicube,18100,US
2020-07,medicube,medicube,18100,US
2020-08,medicube,medicube,18100,US
2020-09,medicube,medicube,12100,US
2020-10,medicube,medicube,12100,US
2020-11,medicube,medicube,14800,US
2020-12,medicube,medicube,12100,US
2021-01,medicube,medicube,14800,US
2021-02,medicube,medicube,18100,US
2021-03,medicube,medicube,18100,US
2021-04,medicube,medicube,14800,US
2021-05,medicube,medicube,14800,US
2021-06,medicube,medicube,14800,US
2021-07,medicube,medicube,14800,US
2021-08,medicube,medicube,14800,US
2021-09,medicube,medicube,12100,US
2021-10,medicube,medicube,12100,US
2021-11,medicube,medicube,18100,US
2021-12,medicube,medicube,12100,US
2022-01,medicube,medicube,14800,US
2022-02,medicube,medicube,12100,US
2022-03,medicube,medicube,14800,US
2022-04,medicube,medicube,14800,US
2022-05,medicube,medicube,14800,US
2022-06,medicube,medicube,14800,US
2022-07,medicube,medicube,18100,US
2022-08,medicube,medicube,14800,US
2022-09,medicube,medicube,18100,US
2022-10,medicube,medicube,18100,US
2022-11,medicube,medicube,33100,US
2022-12,medicube,medicube,22200,US
2023-01,medicube,medicube,22200,US
2023-02,medicube,medicube,22200,US
2023-03,medicube,medicube,27100,US
2023-04,medicube,medicube,27100,US
2023-05,medicube,medicube,33100,US
2023-06,medicube,medicube,27100,US
2023-07,medicube,medicube,40500,US
2023-08,medicube,medicube,49500,US
2023-09,medicube,medicube,40500,US
2023-10,medicube,medicube,40500,US
2023-11,medicube,medicube,110000,US
2023-12,medicube,medicube,49500,US
2024-01,medicube,medicube,74000,US
2024-02,medicube,medicube,74000,US
2024-03,medicube,medicube,74000,US
2024-04,medicube,medicube,60500,US
2024-05,medicube,medicube,60500,US
2024-06,medicube,medicube,74000,US
2024-07,medicube,medicube,90500,US
2024-08,medicube,medicube,90500,US
2024-09,medicube,medicube,90500,US
2024-10,medicube,medicube,90500,US
2024-11,medicube,medicube,201000,US
2024-12,medicube,medicube,165000,US
2025-01,medicube,medicube,165000,US
2025-02,medicube,medicube,135000,US
2025-03,medicube,medicube,201000,US
2025-04,medicube,medicube,201000,US
2025-05,medicube,medicube,201000,US
2025-06,medicube,medicube,165000,US
2025-07,medicube,medicube,301000,US
2025-08,medicube,medicube,246000,US
2025-09,medicube,medicube,201000,US
2025-10,medicube,medicube,246000,US
2025-11,medicube,medicube,368000,US
2025-12,medicube,medicube,368000,US
2026-01,medicube,medicube,368000,US
2026-02,medicube,medicube,301000,US
2026-03,medicube,medicube,368000,US
2026-04,medicube,medicube,368000,US
2026-05,medicube,medicube,301000,US
2026-06,medicube,medicube,368000,US
2026-07,medicube,medicube,368000,US
2026-08,medicube,medicube,368000,US
2018-02,mixsoon,mixsoon,0,US
2018-03,mixsoon,mixsoon,0,US
2018-04,mixsoon,mixsoon,0,US
2018-05,mixsoon,mixsoon,0,US
2018-06,mixsoon,mixsoon,0,US
2018-07,mixsoon,mixsoon,0,US
2018-08,mixsoon,mixsoon,0,US
2018-09,mixsoon,mixsoon,0,US
2018-10,mixsoon,mixsoon,0,US
2018-11,mixsoon,mixsoon,0,US
2018-12,mixsoon,mixsoon,0,US
2019-01,mixsoon,mixsoon,0,US
2019-02,mixsoon,mixsoon,0,US
2019-03,mixsoon,mixsoon,0,US
2019-04,mixsoon,mixsoon,0,US
2019-05,mixsoon,mixsoon,0,US
2019-06,mixsoon,mixsoon,0,US
2019-07,mixsoon,mixsoon,0,US
2019-08,mixsoon,mixsoon,0,US
2019-09,mixsoon,mixsoon,0,US
2019-10,mixsoon,mixsoon,0,US
2019-11,mixsoon,mixsoon,0,US
2019-12,mixsoon,mixsoon,0,US
2020-01,mixsoon,mixsoon,0,US
2020-02,mixsoon,mixsoon,0,US
2020-03,mixsoon,mixsoon,10,US
2020-04,mixsoon,mixsoon,10,US
2020-05,mixsoon,mixsoon,10,US
2020-06,mixsoon,mixsoon,10,US
2020-07,mixsoon,mixsoon,10,US
2020-08,mixsoon,mixsoon,10,US
2020-09,mixsoon,mixsoon,10,US
2020-10,mixsoon,mixsoon,30,US
2020-11,mixsoon,mixsoon,30,US
2020-12,mixsoon,mixsoon,40,US
2021-01,mixsoon,mixsoon,40,US
2021-02,mixsoon,mixsoon,30,US
2021-03,mixsoon,mixsoon,70,US
2021-04,mixsoon,mixsoon,40,US
2021-05,mixsoon,mixsoon,170,US
2021-06,mixsoon,mixsoon,170,US
2021-07,mixsoon,mixsoon,170,US
2021-08,mixsoon,mixsoon,170,US
2021-09,mixsoon,mixsoon,260,US
2021-10,mixsoon,mixsoon,260,US
2021-11,mixsoon,mixsoon,320,US
2021-12,mixsoon,mixsoon,480,US
2022-01,mixsoon,mixsoon,480,US
2022-02,mixsoon,mixsoon,320,US
2022-03,mixsoon,mixsoon,260,US
2022-04,mixsoon,mixsoon,390,US
2022-05,mixsoon,mixsoon,480,US
2022-06,mixsoon,mixsoon,480,US
2022-07,mixsoon,mixsoon,480,US
2022-08,mixsoon,mixsoon,390,US
2022-09,mixsoon,mixsoon,480,US
2022-10,mixsoon,mixsoon,480,US
2022-11,mixsoon,mixsoon,480,US
2022-12,mixsoon,mixsoon,480,US
2023-01,mixsoon,mixsoon,480,US
2023-02,mixsoon,mixsoon,390,US
2023-03,mixsoon,mixsoon,720,US
2023-04,mixsoon,mixsoon,720,US
2023-05,mixsoon,mixsoon,1000,US
2023-06,mixsoon,mixsoon,880,US
2023-07,mixsoon,mixsoon,1000,US
2023-08,mixsoon,mixsoon,1300,US
2023-09,mixsoon,mixsoon,1900,US
2023-10,mixsoon,mixsoon,3600,US
2023-11,mixsoon,mixsoon,18100,US
2023-12,mixsoon,mixsoon,33100,US
2024-01,mixsoon,mixsoon,40500,US
2024-02,mixsoon,mixsoon,22200,US
2024-03,mixsoon,mixsoon,18100,US
2024-04,mixsoon,mixsoon,18100,US
2024-05,mixsoon,mixsoon,14800,US
2024-06,mixsoon,mixsoon,14800,US
2024-07,mixsoon,mixsoon,22200,US
2024-08,mixsoon,mixsoon,14800,US
2024-09,mixsoon,mixsoon,12100,US
2024-10,mixsoon,mixsoon,9900,US
2024-11,mixsoon,mixsoon,12100,US
2024-12,mixsoon,mixsoon,33100,US
2025-01,mixsoon,mixsoon,49500,US
2025-02,mixsoon,mixsoon,27100,US
2025-03,mixsoon,mixsoon,33100,US
2025-04,mixsoon,mixsoon,33100,US
2025-05,mixsoon,mixsoon,27100,US
2025-06,mixsoon,mixsoon,22200,US
2025-07,mixsoon,mixsoon,22200,US
2025-08,mixsoon,mixsoon,22200,US
2025-09,mixsoon,mixsoon,22200,US
2025-10,mixsoon,mixsoon,22200,US
2025-11,mixsoon,mixsoon,27100,US
2025-12,mixsoon,mixsoon,27100,US
2026-01,mixsoon,mixsoon,22200,US
2026-02,mixsoon,mixsoon,18100,US
2026-03,mixsoon,mixsoon,18100,US
2026-04,mixsoon,mixsoon,14800,US
2026-05,mixsoon,mixsoon,14800,US
2026-06,mixsoon,mixsoon,14800,US
2026-07,mixsoon,mixsoon,14800,US
2026-08,mixsoon,mixsoon,14800,US
2018-10,numbuzin,numbuzin,0,US
2018-11,numbuzin,numbuzin,0,US
2018-12,numbuzin,numbuzin,0,US
2019-01,numbuzin,numbuzin,0,US
2019-02,numbuzin,numbuzin,0,US
2019-03,numbuzin,numbuzin,0,US
2019-04,numbuzin,numbuzin,0,US
2019-05,numbuzin,numbuzin,0,US
2019-06,numbuzin,numbuzin,0,US
2019-07,numbuzin,numbuzin,0,US
2019-08,numbuzin,numbuzin,0,US
2019-09,numbuzin,numbuzin,0,US
2019-10,numbuzin,numbuzin,0,US
2019-11,numbuzin,numbuzin,20,US
2019-12,numbuzin,numbuzin,30,US
2020-01,numbuzin,numbuzin,70,US
2020-02,numbuzin,numbuzin,30,US
2020-03,numbuzin,numbuzin,30,US
2020-04,numbuzin,numbuzin,170,US
2020-05,numbuzin,numbuzin,110,US
2020-06,numbuzin,numbuzin,110,US
2020-07,numbuzin,numbuzin,110,US
2020-08,numbuzin,numbuzin,90,US
2020-09,numbuzin,numbuzin,50,US
2020-10,numbuzin,numbuzin,90,US
2020-11,numbuzin,numbuzin,140,US
2020-12,numbuzin,numbuzin,140,US
2021-01,numbuzin,numbuzin,260,US
2021-02,numbuzin,numbuzin,260,US
2021-03,numbuzin,numbuzin,210,US
2021-04,numbuzin,numbuzin,320,US
2021-05,numbuzin,numbuzin,390,US
2021-06,numbuzin,numbuzin,1600,US
2021-07,numbuzin,numbuzin,3600,US
2021-08,numbuzin,numbuzin,2900,US
2021-09,numbuzin,numbuzin,2400,US
2021-10,numbuzin,numbuzin,1600,US
2021-11,numbuzin,numbuzin,1300,US
2021-12,numbuzin,numbuzin,1300,US
2022-01,numbuzin,numbuzin,1300,US
2022-02,numbuzin,numbuzin,2900,US
2022-03,numbuzin,numbuzin,6600,US
2022-04,numbuzin,numbuzin,2900,US
2022-05,numbuzin,numbuzin,5400,US
2022-06,numbuzin,numbuzin,6600,US
2022-07,numbuzin,numbuzin,8100,US
2022-08,numbuzin,numbuzin,6600,US
2022-09,numbuzin,numbuzin,5400,US
2022-10,numbuzin,numbuzin,18100,US
2022-11,numbuzin,numbuzin,22200,US
2022-12,numbuzin,numbuzin,22200,US
2023-01,numbuzin,numbuzin,27100,US
2023-02,numbuzin,numbuzin,18100,US
2023-03,numbuzin,numbuzin,18100,US
2023-04,numbuzin,numbuzin,12100,US
2023-05,numbuzin,numbuzin,12100,US
2023-06,numbuzin,numbuzin,12100,US
2023-07,numbuzin,numbuzin,12100,US
2023-08,numbuzin,numbuzin,9900,US
2023-09,numbuzin,numbuzin,12100,US
2023-10,numbuzin,numbuzin,12100,US
2023-11,numbuzin,numbuzin,14800,US
2023-12,numbuzin,numbuzin,14800,US
2024-01,numbuzin,numbuzin,18100,US
2024-02,numbuzin,numbuzin,14800,US
2024-03,numbuzin,numbuzin,14800,US
2024-04,numbuzin,numbuzin,12100,US
2024-05,numbuzin,numbuzin,12100,US
2024-06,numbuzin,numbuzin,12100,US
2024-07,numbuzin,numbuzin,12100,US
2024-08,numbuzin,numbuzin,9900,US
2024-09,numbuzin,numbuzin,8100,US
2024-10,numbuzin,numbuzin,8100,US
2024-11,numbuzin,numbuzin,9900,US
2024-12,numbuzin,numbuzin,8100,US
2025-01,numbuzin,numbuzin,9900,US
2025-02,numbuzin,numbuzin,6600,US
2025-03,numbuzin,numbuzin,9900,US
2025-04,numbuzin,numbuzin,8100,US
2025-05,numbuzin,numbuzin,8100,US
2025-06,numbuzin,numbuzin,6600,US
2025-07,numbuzin,numbuzin,8100,US
2025-08,numbuzin,numbuzin,8100,US
2025-09,numbuzin,numbuzin,8100,US
2025-10,numbuzin,numbuzin,9900,US
2025-11,numbuzin,numbuzin,12100,US
2025-12,numbuzin,numbuzin,12100,US
2026-01,numbuzin,numbuzin,14800,US
2026-02,numbuzin,numbuzin,14800,US
2026-03,numbuzin,numbuzin,14800,US
2026-04,numbuzin,numbuzin,14800,US
2026-05,numbuzin,numbuzin,12100,US
2026-06,numbuzin,numbuzin,14800,US
2026-07,numbuzin,numbuzin,18100,US
2026-08,numbuzin,numbuzin,14800,US
2020-05,reedle shot,reedle shot,0,US
2020-06,reedle shot,reedle shot,0,US
2020-07,reedle shot,reedle shot,0,US
2020-08,reedle shot,reedle shot,0,US
2020-09,reedle shot,reedle shot,0,US
2020-10,reedle shot,reedle shot,0,US
2020-11,reedle shot,reedle shot,0,US
2020-12,reedle shot,reedle shot,0,US
2021-01,reedle shot,reedle shot,0,US
2021-02,reedle shot,reedle shot,0,US
2021-03,reedle shot,reedle shot,0,US
2021-04,reedle shot,reedle shot,0,US
2021-05,reedle shot,reedle shot,0,US
2021-06,reedle shot,reedle shot,0,US
2021-07,reedle shot,reedle shot,0,US
2021-08,reedle shot,reedle shot,0,US
2021-09,reedle shot,reedle shot,0,US
2021-10,reedle shot,reedle shot,0,US
2021-11,reedle shot,reedle shot,0,US
2021-12,reedle shot,reedle shot,0,US
2022-01,reedle shot,reedle shot,0,US
2022-02,reedle shot,reedle shot,0,US
2022-03,reedle shot,reedle shot,0,US
2022-04,reedle shot,reedle shot,0,US
2022-05,reedle shot,reedle shot,0,US
2022-06,reedle shot,reedle shot,0,US
2022-07,reedle shot,reedle shot,0,US
2022-08,reedle shot,reedle shot,0,US
2022-09,reedle shot,reedle shot,0,US
2022-10,reedle shot,reedle shot,0,US
2022-11,reedle shot,reedle shot,0,US
2022-12,reedle shot,reedle shot,0,US
2023-01,reedle shot,reedle shot,0,US
2023-02,reedle shot,reedle shot,0,US
2023-03,reedle shot,reedle shot,0,US
2023-04,reedle shot,reedle shot,10,US
2023-05,reedle shot,reedle shot,10,US
2023-06,reedle shot,reedle shot,20,US
2023-07,reedle shot,reedle shot,70,US
2023-08,reedle shot,reedle shot,140,US
2023-09,reedle shot,reedle shot,140,US
2023-10,reedle shot,reedle shot,110,US
2023-11,reedle shot,reedle shot,260,US
2023-12,reedle shot,reedle shot,720,US
2024-01,reedle shot,reedle shot,1300,US
2024-02,reedle shot,reedle shot,3600,US
2024-03,reedle shot,reedle shot,1600,US
2024-04,reedle shot,reedle shot,1600,US
2024-05,reedle shot,reedle shot,1900,US
2024-06,reedle shot,reedle shot,2900,US
2024-07,reedle shot,reedle shot,6600,US
2024-08,reedle shot,reedle shot,4400,US
2024-09,reedle shot,reedle shot,5400,US
2024-10,reedle shot,reedle shot,5400,US
2024-11,reedle shot,reedle shot,5400,US
2024-12,reedle shot,reedle shot,8100,US
2025-01,reedle shot,reedle shot,8100,US
2025-02,reedle shot,reedle shot,6600,US
2025-03,reedle shot,reedle shot,6600,US
2025-04,reedle shot,reedle shot,5400,US
2025-05,reedle shot,reedle shot,5400,US
2025-06,reedle shot,reedle shot,6600,US
2025-07,reedle shot,reedle shot,6600,US
2025-08,reedle shot,reedle shot,6600,US
2025-09,reedle shot,reedle shot,6600,US
2025-10,reedle shot,reedle shot,9900,US
2025-11,reedle shot,reedle shot,12100,US
2025-12,reedle shot,reedle shot,14800,US
2026-01,reedle shot,reedle shot,14800,US
2026-02,reedle shot,reedle shot,12100,US
2026-03,reedle shot,reedle shot,12100,US
2026-04,reedle shot,reedle shot,9900,US
2026-05,reedle shot,reedle shot,9900,US
2026-06,reedle shot,reedle shot,9900,US
2026-07,reedle shot,reedle shot,9900,US
2018-11,round lab,round lab,50,US
2018-12,round lab,round lab,70,US
2019-01,round lab,round lab,110,US
2019-02,round lab,round lab,90,US
2019-03,round lab,round lab,110,US
2019-04,round lab,round lab,90,US
2019-05,round lab,round lab,70,US
2019-06,round lab,round lab,70,US
2019-07,round lab,round lab,140,US
2019-08,round lab,round lab,140,US
2019-09,round lab,round lab,170,US
2019-10,round lab,round lab,210,US
2019-11,round lab,round lab,260,US
2019-12,round lab,round lab,260,US
2020-01,round lab,round lab,260,US
2020-02,round lab,round lab,260,US
2020-03,round lab,round lab,390,US
2020-04,round lab,round lab,590,US
2020-05,round lab,round lab,880,US
2020-06,round lab,round lab,720,US
2020-07,round lab,round lab,1300,US
2020-08,round lab,round lab,590,US
2020-09,round lab,round lab,480,US
2020-10,round lab,round lab,480,US
2020-11,round lab,round lab,590,US
2020-12,round lab,round lab,720,US
2021-01,round lab,round lab,720,US
2021-02,round lab,round lab,590,US
2021-03,round lab,round lab,880,US
2021-04,round lab,round lab,1000,US
2021-05,round lab,round lab,880,US
2021-06,round lab,round lab,720,US
2021-07,round lab,round lab,720,US
2021-08,round lab,round lab,590,US
2021-09,round lab,round lab,590,US
2021-10,round lab,round lab,720,US
2021-11,round lab,round lab,720,US
2021-12,round lab,round lab,720,US
2022-01,round lab,round lab,880,US
2022-02,round lab,round lab,880,US
2022-03,round lab,round lab,880,US
2022-04,round lab,round lab,880,US
2022-05,round lab,round lab,880,US
2022-06,round lab,round lab,880,US
2022-07,round lab,round lab,1000,US
2022-08,round lab,round lab,1300,US
2022-09,round lab,round lab,1000,US
2022-10,round lab,round lab,1000,US
2022-11,round lab,round lab,1900,US
2022-12,round lab,round lab,1900,US
2023-01,round lab,round lab,2900,US
2023-02,round lab,round lab,3600,US
2023-03,round lab,round lab,5400,US
2023-04,round lab,round lab,8100,US
2023-05,round lab,round lab,9900,US
2023-06,round lab,round lab,9900,US
2023-07,round lab,round lab,12100,US
2023-08,round lab,round lab,14800,US
2023-09,round lab,round lab,12100,US
2023-10,round lab,round lab,9900,US
2023-11,round lab,round lab,14800,US
2023-12,round lab,round lab,12100,US
2024-01,round lab,round lab,14800,US
2024-02,round lab,round lab,14800,US
2024-03,round lab,round lab,14800,US
2024-04,round lab,round lab,14800,US
2024-05,round lab,round lab,14800,US
2024-06,round lab,round lab,14800,US
2024-07,round lab,round lab,18100,US
2024-08,round lab,round lab,14800,US
2024-09,round lab,round lab,14800,US
2024-10,round lab,round lab,14800,US
2024-11,round lab,round lab,18100,US
2024-12,round lab,round lab,18100,US
2025-01,round lab,round lab,18100,US
2025-02,round lab,round lab,14800,US
2025-03,round lab,round lab,18100,US
2025-04,round lab,round lab,14800,US
2025-05,round lab,round lab,14800,US
2025-06,round lab,round lab,14800,US
2025-07,round lab,round lab,14800,US
2025-08,round lab,round lab,14800,US
2025-09,round lab,round lab,12100,US
2025-10,round lab,round lab,12100,US
2025-11,round lab,round lab,18100,US
2025-12,round lab,round lab,18100,US
2026-01,round lab,round lab,18100,US
2026-02,round lab,round lab,14800,US
2026-03,round lab,round lab,18100,US
2026-04,round lab,round lab,18100,US
2026-05,round lab,round lab,14800,US
2026-06,round lab,round lab,14800,US
2026-07,round lab,round lab,14800,US
2018-11,skin1004,skin1004,50,US
2018-12,skin1004,skin1004,50,US
2019-01,skin1004,skin1004,110,US
2019-02,skin1004,skin1004,70,US
2019-03,skin1004,skin1004,140,US
2019-04,skin1004,skin1004,90,US
2019-05,skin1004,skin1004,140,US
2019-06,skin1004,skin1004,110,US
2019-07,skin1004,skin1004,110,US
2019-08,skin1004,skin1004,110,US
2019-09,skin1004,skin1004,140,US
2019-10,skin1004,skin1004,110,US
2019-11,skin1004,skin1004,110,US
2019-12,skin1004,skin1004,170,US
2020-01,skin1004,skin1004,260,US
2020-02,skin1004,skin1004,210,US
2020-03,skin1004,skin1004,210,US
2020-04,skin1004,skin1004,260,US
2020-05,skin1004,skin1004,480,US
2020-06,skin1004,skin1004,390,US
2020-07,skin1004,skin1004,390,US
2020-08,skin1004,skin1004,260,US
2020-09,skin1004,skin1004,320,US
2020-10,skin1004,skin1004,260,US
2020-11,skin1004,skin1004,260,US
2020-12,skin1004,skin1004,320,US
2021-01,skin1004,skin1004,390,US
2021-02,skin1004,skin1004,320,US
2021-03,skin1004,skin1004,390,US
2021-04,skin1004,skin1004,390,US
2021-05,skin1004,skin1004,390,US
2021-06,skin1004,skin1004,480,US
2021-07,skin1004,skin1004,720,US
2021-08,skin1004,skin1004,720,US
2021-09,skin1004,skin1004,720,US
2021-10,skin1004,skin1004,880,US
2021-11,skin1004,skin1004,1000,US
2021-12,skin1004,skin1004,1000,US
2022-01,skin1004,skin1004,1600,US
2022-02,skin1004,skin1004,1300,US
2022-03,skin1004,skin1004,1300,US
2022-04,skin1004,skin1004,1000,US
2022-05,skin1004,skin1004,1000,US
2022-06,skin1004,skin1004,1000,US
2022-07,skin1004,skin1004,1600,US
2022-08,skin1004,skin1004,1000,US
2022-09,skin1004,skin1004,1000,US
2022-10,skin1004,skin1004,1000,US
2022-11,skin1004,skin1004,2400,US
2022-12,skin1004,skin1004,1600,US
2023-01,skin1004,skin1004,1900,US
2023-02,skin1004,skin1004,1900,US
2023-03,skin1004,skin1004,2400,US
2023-04,skin1004,skin1004,2400,US
2023-05,skin1004,skin1004,2900,US
2023-06,skin1004,skin1004,2900,US
2023-07,skin1004,skin1004,3600,US
2023-08,skin1004,skin1004,4400,US
2023-09,skin1004,skin1004,3600,US
2023-10,skin1004,skin1004,4400,US
2023-11,skin1004,skin1004,8100,US
2023-12,skin1004,skin1004,6600,US
2024-01,skin1004,skin1004,12100,US
2024-02,skin1004,skin1004,12100,US
2024-03,skin1004,skin1004,14800,US
2024-04,skin1004,skin1004,22200,US
2024-05,skin1004,skin1004,22200,US
2024-06,skin1004,skin1004,18100,US
2024-07,skin1004,skin1004,22200,US
2024-08,skin1004,skin1004,22200,US
2024-09,skin1004,skin1004,18100,US
2024-10,skin1004,skin1004,18100,US
2024-11,skin1004,skin1004,40500,US
2024-12,skin1004,skin1004,33100,US
2025-01,skin1004,skin1004,27100,US
2025-02,skin1004,skin1004,33100,US
2025-03,skin1004,skin1004,33100,US
2025-04,skin1004,skin1004,27100,US
2025-05,skin1004,skin1004,22200,US
2025-06,skin1004,skin1004,22200,US
2025-07,skin1004,skin1004,22200,US
2025-08,skin1004,skin1004,22200,US
2025-09,skin1004,skin1004,27100,US
2025-10,skin1004,skin1004,22200,US
2025-11,skin1004,skin1004,40500,US
2025-12,skin1004,skin1004,27100,US
2026-01,skin1004,skin1004,27100,US
2026-02,skin1004,skin1004,22200,US
2026-03,skin1004,skin1004,22200,US
2026-04,skin1004,skin1004,22200,US
2026-05,skin1004,skin1004,22200,US
2026-06,skin1004,skin1004,33100,US
2026-07,skin1004,skin1004,33100,US
2018-11,tirtir,tirtir,30,US
2018-12,tirtir,tirtir,50,US
2019-01,tirtir,tirtir,140,US
2019-02,tirtir,tirtir,70,US
2019-03,tirtir,tirtir,50,US
2019-04,tirtir,tirtir,50,US
2019-05,tirtir,tirtir,50,US
2019-06,tirtir,tirtir,50,US
2019-07,tirtir,tirtir,50,US
2019-08,tirtir,tirtir,210,US
2019-09,tirtir,tirtir,170,US
2019-10,tirtir,tirtir,140,US
2019-11,tirtir,tirtir,140,US
2019-12,tirtir,tirtir,170,US
2020-01,tirtir,tirtir,170,US
2020-02,tirtir,tirtir,210,US
2020-03,tirtir,tirtir,170,US
2020-04,tirtir,tirtir,1600,US
2020-05,tirtir,tirtir,1600,US
2020-06,tirtir,tirtir,720,US
2020-07,tirtir,tirtir,720,US
2020-08,tirtir,tirtir,590,US
2020-09,tirtir,tirtir,260,US
2020-10,tirtir,tirtir,260,US
2020-11,tirtir,tirtir,390,US
2020-12,tirtir,tirtir,260,US
2021-01,tirtir,tirtir,260,US
2021-02,tirtir,tirtir,260,US
2021-03,tirtir,tirtir,320,US
2021-04,tirtir,tirtir,320,US
2021-05,tirtir,tirtir,210,US
2021-06,tirtir,tirtir,320,US
2021-07,tirtir,tirtir,210,US
2021-08,tirtir,tirtir,320,US
2021-09,tirtir,tirtir,320,US
2021-10,tirtir,tirtir,320,US
2021-11,tirtir,tirtir,260,US
2021-12,tirtir,tirtir,260,US
2022-01,tirtir,tirtir,480,US
2022-02,tirtir,tirtir,390,US
2022-03,tirtir,tirtir,480,US
2022-04,tirtir,tirtir,390,US
2022-05,tirtir,tirtir,390,US
2022-06,tirtir,tirtir,590,US
2022-07,tirtir,tirtir,880,US
2022-08,tirtir,tirtir,590,US
2022-09,tirtir,tirtir,590,US
2022-10,tirtir,tirtir,590,US
2022-11,tirtir,tirtir,720,US
2022-12,tirtir,tirtir,720,US
2023-01,tirtir,tirtir,1000,US
2023-02,tirtir,tirtir,880,US
2023-03,tirtir,tirtir,880,US
2023-04,tirtir,tirtir,1600,US
2023-05,tirtir,tirtir,1900,US
2023-06,tirtir,tirtir,1900,US
2023-07,tirtir,tirtir,1900,US
2023-08,tirtir,tirtir,1600,US
2023-09,tirtir,tirtir,1900,US
2023-10,tirtir,tirtir,2400,US
2023-11,tirtir,tirtir,8100,US
2023-12,tirtir,tirtir,8100,US
2024-01,tirtir,tirtir,9900,US
2024-02,tirtir,tirtir,14800,US
2024-03,tirtir,tirtir,18100,US
2024-04,tirtir,tirtir,20400000,US
2024-05,tirtir,tirtir,20400000,US
2024-06,tirtir,tirtir,24900000,US
2024-07,tirtir,tirtir,24900000,US
2024-08,tirtir,tirtir,24900000,US
2024-09,tirtir,tirtir,20400000,US
2024-10,tirtir,tirtir,40500,US
2024-11,tirtir,tirtir,20400000,US
2024-12,tirtir,tirtir,20400000,US
2025-01,tirtir,tirtir,20400000,US
2025-02,tirtir,tirtir,16600000,US
2025-03,tirtir,tirtir,33100,US
2025-04,tirtir,tirtir,33100,US
2025-05,tirtir,tirtir,40500,US
2025-06,tirtir,tirtir,40500,US
2025-07,tirtir,tirtir,40500,US
2025-08,tirtir,tirtir,40500,US
2025-09,tirtir,tirtir,33100,US
2025-10,tirtir,tirtir,40500,US
2025-11,tirtir,tirtir,74000,US
2025-12,tirtir,tirtir,40500,US
2026-01,tirtir,tirtir,40500,US
2026-02,tirtir,tirtir,33100,US
2026-03,tirtir,tirtir,33100,US
2026-04,tirtir,tirtir,33100,US
2026-05,tirtir,tirtir,33100,US
2026-06,tirtir,tirtir,33100,US
2026-07,tirtir,tirtir,27100,US
2026-08,tirtir,tirtir,27100,US
2019-08,torriden,torriden,20,US
2019-09,torriden,torriden,40,US
2019-10,torriden,torriden,30,US
2019-11,torriden,torriden,50,US
2019-12,torriden,torriden,70,US
2020-01,torriden,torriden,90,US
2020-02,torriden,torriden,50,US
2020-03,torriden,torriden,70,US
2020-04,torriden,torriden,70,US
2020-05,torriden,torriden,50,US
2020-06,torriden,torriden,50,US
2020-07,torriden,torriden,50,US
2020-08,torriden,torriden,40,US
2020-09,torriden,torriden,50,US
2020-10,torriden,torriden,70,US
2020-11,torriden,torriden,70,US
2020-12,torriden,torriden,70,US
2021-01,torriden,torriden,70,US
2021-02,torriden,torriden,90,US
2021-03,torriden,torriden,90,US
2021-04,torriden,torriden,90,US
2021-05,torriden,torriden,70,US
2021-06,torriden,torriden,140,US
2021-07,torriden,torriden,140,US
2021-08,torriden,torriden,110,US
2021-09,torriden,torriden,90,US
2021-10,torriden,torriden,140,US
2021-11,torriden,torriden,140,US
2021-12,torriden,torriden,140,US
2022-01,torriden,torriden,210,US
2022-02,torriden,torriden,170,US
2022-03,torriden,torriden,210,US
2022-04,torriden,torriden,260,US
2022-05,torriden,torriden,390,US
2022-06,torriden,torriden,2400,US
2022-07,torriden,torriden,320,US
2022-08,torriden,torriden,320,US
2022-09,torriden,torriden,320,US
2022-10,torriden,torriden,210,US
2022-11,torriden,torriden,260,US
2022-12,torriden,torriden,480,US
2023-01,torriden,torriden,480,US
2023-02,torriden,torriden,480,US
2023-03,torriden,torriden,1300,US
2023-04,torriden,torriden,1600,US
2023-05,torriden,torriden,1600,US
2023-06,torriden,torriden,2400,US
2023-07,torriden,torriden,2400,US
2023-08,torriden,torriden,2900,US
2023-09,torriden,torriden,6600,US
2023-10,torriden,torriden,4400,US
2023-11,torriden,torriden,6600,US
2023-12,torriden,torriden,5400,US
2024-01,torriden,torriden,6600,US
2024-02,torriden,torriden,5400,US
2024-03,torriden,torriden,5400,US
2024-04,torriden,torriden,6600,US
2024-05,torriden,torriden,6600,US
2024-06,torriden,torriden,6600,US
2024-07,torriden,torriden,8100,US
2024-08,torriden,torriden,8100,US
2024-09,torriden,torriden,8100,US
2024-10,torriden,torriden,9900,US
2024-11,torriden,torriden,9900,US
2024-12,torriden,torriden,9900,US
2025-01,torriden,torriden,9900,US
2025-02,torriden,torriden,9900,US
2025-03,torriden,torriden,14800,US
2025-04,torriden,torriden,12100,US
2025-05,torriden,torriden,12100,US
2025-06,torriden,torriden,12100,US
2025-07,torriden,torriden,12100,US
2025-08,torriden,torriden,14800,US
2025-09,torriden,torriden,12100,US
2025-10,torriden,torriden,14800,US
2025-11,torriden,torriden,14800,US
2025-12,torriden,torriden,14800,US
2026-01,torriden,torriden,18100,US
2026-02,torriden,torriden,18100,US
2026-03,torriden,torriden,22200,US
2026-04,torriden,torriden,22200,US
2026-05,torriden,torriden,22200,US
2026-06,torriden,torriden,22200,US
2026-07,torriden,torriden,22200,US
