date,brand,keyword,value
2021-09-05,madeca cream,madeca cream,0
2021-09-12,madeca cream,madeca cream,0
2021-09-19,madeca cream,madeca cream,0
2021-09-26,madeca cream,madeca cream,0
2021-10-03,madeca cream,madeca cream,0
2021-10-10,madeca cream,madeca cream,0
2021-10-17,madeca cream,madeca cream,0
2021-10-24,madeca cream,madeca cream,0
2021-10-31,madeca cream,madeca cream,0
2021-11-07,madeca cream,madeca cream,0
2021-11-14,madeca cream,madeca cream,0
2021-11-21,madeca cream,madeca cream,0
2021-11-28,madeca cream,madeca cream,0
2021-12-05,madeca cream,madeca cream,0
2021-12-12,madeca cream,madeca cream,0
2021-12-19,madeca cream,madeca cream,0
2021-12-26,madeca cream,madeca cream,0
2022-01-02,madeca cream,madeca cream,0
2022-01-09,madeca cream,madeca cream,0
2022-01-16,madeca cream,madeca cream,0
2022-01-23,madeca cream,madeca cream,0
2022-01-30,madeca cream,madeca cream,0
2022-02-06,madeca cream,madeca cream,0
2022-02-13,madeca cream,madeca cream,0
2022-02-20,madeca cream,madeca cream,0
2022-02-27,madeca cream,madeca cream,0
2022-03-06,madeca cream,madeca cream,0
2022-03-13,madeca cream,madeca cream,0
2022-03-20,madeca cream,madeca cream,0
2022-03-27,madeca cream,madeca cream,0
2022-04-03,madeca cream,madeca cream,0
2022-04-10,madeca cream,madeca cream,0
2022-04-17,madeca cream,madeca cream,0
2022-04-24,madeca cream,madeca cream,0
2022-05-01,madeca cream,madeca cream,0
2022-05-08,madeca cream,madeca cream,0
2022-05-15,madeca cream,madeca cream,0
2022-05-22,madeca cream,madeca cream,0
2022-05-29,madeca cream,madeca cream,0
2022-06-05,madeca cream,madeca cream,0
2022-06-12,madeca cream,madeca cream,0
2022-06-19,madeca cream,madeca cream,0
2022-06-26,madeca cream,madeca cream,0
2022-07-03,madeca cream,madeca cream,0
2022-07-10,madeca cream,madeca cream,0
2022-07-17,madeca cream,madeca cream,0
2022-07-24,madeca cream,madeca cream,0
2022-07-31,madeca cream,madeca cream,0
2022-08-07,madeca cream,madeca cream,0
2022-08-14,madeca cream,madeca cream,0
2022-08-21,madeca cream,madeca cream,0
2022-08-28,madeca cream,madeca cream,0
2022-09-04,madeca cream,madeca cream,0
2022-09-11,madeca cream,madeca cream,0
2022-09-18,madeca cream,madeca cream,0
2022-09-25,madeca cream,madeca cream,0
2022-10-02,madeca cream,madeca cream,0
2022-10-09,madeca cream,madeca cream,0
2022-10-16,madeca cream,madeca cream,0
2022-10-23,madeca cream,madeca cream,0
2022-10-30,madeca cream,madeca cream,0
2022-11-06,madeca cream,madeca cream,0
2022-11-13,madeca cream,madeca cream,0
2022-11-20,madeca cream,madeca cream,0
2022-11-27,madeca cream,madeca cream,0
2022-12-04,madeca cream,madeca cream,0
2022-12-11,madeca cream,madeca cream,0
2022-12-18,madeca cream,madeca cream,0
2022-12-25,madeca cream,madeca cream,0
2023-01-01,madeca cream,madeca cream,0
2023-01-08,madeca cream,madeca cream,0
2023-01-15,madeca cream,madeca cream,0
2023-01-22,madeca cream,madeca cream,0
2023-01-29,madeca cream,madeca cream,0
2023-02-05,madeca cream,madeca cream,0
2023-02-12,madeca cream,madeca cream,0
2023-02-19,madeca cream,madeca cream,0
2023-02-26,madeca cream,madeca cream,0
2023-03-05,madeca cream,madeca cream,0
2023-03-12,madeca cream,madeca cream,0
2023-03-19,madeca cream,madeca cream,0
2023-03-26,madeca cream,madeca cream,0
2023-04-02,madeca cream,madeca cream,0
2023-04-09,madeca cream,madeca cream,0
2023-04-16,madeca cream,madeca cream,0
2023-04-23,madeca cream,madeca cream,0
2023-04-30,madeca cream,madeca cream,0
2023-05-07,madeca cream,madeca cream,0
2023-05-14,madeca cream,madeca cream,0
2023-05-21,madeca cream,madeca cream,0
2023-05-28,madeca cream,madeca cream,0
2023-06-04,madeca cream,madeca cream,0
2023-06-11,madeca cream,madeca cream,0
2023-06-18,madeca cream,madeca cream,0
2023-06-25,madeca cream,madeca cream,0
2023-07-02,madeca cream,madeca cream,0
2023-07-09,madeca cream,madeca cream,0
2023-07-16,madeca cream,madeca cream,0
2023-07-23,madeca cream,madeca cream,0
2023-07-30,madeca cream,madeca cream,0
2023-08-06,madeca cream,madeca cream,0
2023-08-13,madeca cream,madeca cream,0
2023-08-20,madeca cream,madeca cream,0
2023-08-27,madeca cream,madeca cream,0
2023-09-03,madeca cream,madeca cream,0
2023-09-10,madeca cream,madeca cream,0
2023-09-17,madeca cream,madeca cream,0
2023-09-24,madeca cream,madeca cream,0
2023-10-01,madeca cream,madeca cream,0
2023-10-08,madeca cream,madeca cream,0
2023-10-15,madeca cream,madeca cream,0
2023-10-22,madeca cream,madeca cream,0
2023-10-29,madeca cream,madeca cream,0
2023-11-05,madeca cream,madeca cream,0
2023-11-12,madeca cream,madeca cream,0
2023-11-19,madeca cream,madeca cream,0
2023-11-26,madeca cream,madeca cream,0
2023-12-03,madeca cream,madeca cream,0
2023-12-10,madeca cream,madeca cream,0
2023-12-17,madeca cream,madeca cream,17
2023-12-24,madeca cream,madeca cream,0
2023-12-31,madeca cream,madeca cream,0
2024-01-07,madeca cream,madeca cream,0
2024-01-14,madeca cream,madeca cream,0
2024-01-21,madeca cream,madeca cream,0
2024-01-28,madeca cream,madeca cream,0
2024-02-04,madeca cream,madeca cream,0
2024-02-11,madeca cream,madeca cream,0
2024-02-18,madeca cream,madeca cream,0
2024-02-25,madeca cream,madeca cream,0
2024-03-03,madeca cream,madeca cream,0
2024-03-10,madeca cream,madeca cream,0
2024-03-17,madeca cream,madeca cream,0
2024-03-24,madeca cream,madeca cream,0
2024-03-31,madeca cream,madeca cream,0
2024-04-07,madeca cream,madeca cream,0
2024-04-14,madeca cream,madeca cream,0
2024-04-21,madeca cream,madeca cream,0
2024-04-28,madeca cream,madeca cream,0
2024-05-05,madeca cream,madeca cream,0
2024-05-12,madeca cream,madeca cream,0
2024-05-19,madeca cream,madeca cream,0
2024-05-26,madeca cream,madeca cream,0
2024-06-02,madeca cream,madeca cream,0
2024-06-09,madeca cream,madeca cream,0
2024-06-16,madeca cream,madeca cream,0
2024-06-23,madeca cream,madeca cream,0
2024-06-30,madeca cream,madeca cream,0
2024-07-07,madeca cream,madeca cream,11
2024-07-14,madeca cream,madeca cream,0
2024-07-21,madeca cream,madeca cream,0
2024-07-28,madeca cream,madeca cream,0
2024-08-04,madeca cream,madeca cream,0
2024-08-11,madeca cream,madeca cream,0
2024-08-18,madeca cream,madeca cream,0
2024-08-25,madeca cream,madeca cream,0
2024-09-01,madeca cream,madeca cream,0
2024-09-08,madeca cream,madeca cream,0
2024-09-15,madeca cream,madeca cream,0
2024-09-22,madeca cream,madeca cream,0
2024-09-29,madeca cream,madeca cream,0
2024-10-06,madeca cream,madeca cream,0
2024-10-13,madeca cream,madeca cream,0
2024-10-20,madeca cream,madeca cream,0
2024-10-27,madeca cream,madeca cream,0
2024-11-03,madeca cream,madeca cream,0
2024-11-10,madeca cream,madeca cream,0
2024-11-17,madeca cream,madeca cream,0
2024-11-24,madeca cream,madeca cream,0
2024-12-01,madeca cream,madeca cream,0
2024-12-08,madeca cream,madeca cream,0
2024-12-15,madeca cream,madeca cream,0
2024-12-22,madeca cream,madeca cream,0
2024-12-29,madeca cream,madeca cream,0
2025-01-05,madeca cream,madeca cream,0
2025-01-12,madeca cream,madeca cream,0
2025-01-19,madeca cream,madeca cream,0
2025-01-26,madeca cream,madeca cream,0
2025-02-02,madeca cream,madeca cream,0
2025-02-09,madeca cream,madeca cream,0
2025-02-16,madeca cream,madeca cream,0
2025-02-23,madeca cream,madeca cream,0
2025-03-02,madeca cream,madeca cream,0
2025-03-09,madeca cream,madeca cream,0
2025-03-16,madeca cream,madeca cream,0
2025-03-23,madeca cream,madeca cream,0
2025-03-30,madeca cream,madeca cream,0
2025-04-06,madeca cream,madeca cream,0
2025-04-13,madeca cream,madeca cream,14
2025-04-20,madeca cream,madeca cream,0
2025-04-27,madeca cream,madeca cream,0
2025-05-04,madeca cream,madeca cream,0
2025-05-11,madeca cream,madeca cream,0
2025-05-18,madeca cream,madeca cream,0
2025-05-25,madeca cream,madeca cream,0
2025-06-01,madeca cream,madeca cream,0
2025-06-08,madeca cream,madeca cream,0
2025-06-15,madeca cream,madeca cream,0
2025-06-22,madeca cream,madeca cream,0
2025-06-29,madeca cream,madeca cream,0
2025-07-06,madeca cream,madeca cream,15
2025-07-13,madeca cream,madeca cream,14
2025-07-20,madeca cream,madeca cream,23
2025-07-27,madeca cream,madeca cream,13
2025-08-03,madeca cream,madeca cream,0
2025-08-10,madeca cream,madeca cream,17
2025-08-17,madeca cream,madeca cream,19
2025-08-24,madeca cream,madeca cream,25
2025-08-31,madeca cream,madeca cream,60
2025-09-07,madeca cream,madeca cream,41
2025-09-14,madeca cream,madeca cream,18
2025-09-21,madeca cream,madeca cream,21
2025-09-28,madeca cream,madeca cream,39
2025-10-05,madeca cream,madeca cream,26
2025-10-12,madeca cream,madeca cream,15
2025-10-19,madeca cream,madeca cream,41
2025-10-26,madeca cream,madeca cream,38
2025-11-02,madeca cream,madeca cream,26
2025-11-09,madeca cream,madeca cream,43
2025-11-16,madeca cream,madeca cream,57
2025-11-23,madeca cream,madeca cream,68
2025-11-30,madeca cream,madeca cream,91
2025-12-07,madeca cream,madeca cream,60
2025-12-14,madeca cream,madeca cream,66
2025-12-21,madeca cream,madeca cream,89
2025-12-28,madeca cream,madeca cream,96
2026-01-04,madeca cream,madeca cream,65
2026-01-11,madeca cream,madeca cream,81
2026-01-18,madeca cream,madeca cream,54
2026-01-25,madeca cream,madeca cream,68
2026-02-01,madeca cream,madeca cream,64
2026-02-08,madeca cream,madeca cream,56
2026-02-15,madeca cream,madeca cream,60
2026-02-22,madeca cream,madeca cream,78
2026-03-01,madeca cream,madeca cream,54
2026-03-08,madeca cream,madeca cream,68
2026-03-15,madeca cream,madeca cream,63
2026-03-22,madeca cream,madeca cream,65
2026-03-29,madeca cream,madeca cream,80
2026-04-05,madeca cream,madeca cream,83
2026-04-12,madeca cream,madeca cream,82
2026-04-19,madeca cream,madeca cream,80
2026-04-26,madeca cream,madeca cream,75
2026-05-03,madeca cream,madeca cream,74
2026-05-10,madeca cream,madeca cream,81
2026-05-17,madeca cream,madeca cream,57
2026-05-24,madeca cream,madeca cream,55
2026-05-31,madeca cream,madeca cream,59
2026-06-07,madeca cream,madeca cream,64
2026-06-14,madeca cream,madeca cream,68
2026-06-21,madeca cream,madeca cream,98
2026-06-28,madeca cream,madeca cream,81
2026-07-05,madeca cream,madeca cream,89
2026-07-12,madeca cream,madeca cream,75
2026-07-19,madeca cream,madeca cream,76
2026-07-26,madeca cream,madeca cream,53
2026-08-02,madeca cream,madeca cream,65
2026-08-09,madeca cream,madeca cream,72
2026-08-16,madeca cream,madeca cream,93
2026-08-23,madeca cream,madeca cream,90
2026-08-30,madeca cream,madeca cream,100
2026-09-06,madeca cream,madeca cream,84
2021-09-05,reedle shot,reedle shot,0
2021-09-12,reedle shot,reedle shot,0
2021-09-19,reedle shot,reedle shot,0
2021-09-26,reedle shot,reedle shot,0
2021-10-03,reedle shot,reedle shot,0
2021-10-10,reedle shot,reedle shot,0
2021-10-17,reedle shot,reedle shot,0
2021-10-24,reedle shot,reedle shot,0
2021-10-31,reedle shot,reedle shot,0
2021-11-07,reedle shot,reedle shot,0
2021-11-14,reedle shot,reedle shot,0
2021-11-21,reedle shot,reedle shot,0
2021-11-28,reedle shot,reedle shot,0
2021-12-05,reedle shot,reedle shot,0
2021-12-12,reedle shot,reedle shot,0
2021-12-19,reedle shot,reedle shot,0
2021-12-26,reedle shot,reedle shot,0
2022-01-02,reedle shot,reedle shot,0
2022-01-09,reedle shot,reedle shot,0
2022-01-16,reedle shot,reedle shot,0
2022-01-23,reedle shot,reedle shot,0
2022-01-30,reedle shot,reedle shot,0
2022-02-06,reedle shot,reedle shot,0
2022-02-13,reedle shot,reedle shot,0
2022-02-20,reedle shot,reedle shot,0
2022-02-27,reedle shot,reedle shot,0
2022-03-06,reedle shot,reedle shot,0
2022-03-13,reedle shot,reedle shot,0
2022-03-20,reedle shot,reedle shot,0
2022-03-27,reedle shot,reedle shot,0
2022-04-03,reedle shot,reedle shot,0
2022-04-10,reedle shot,reedle shot,0
2022-04-17,reedle shot,reedle shot,0
2022-04-24,reedle shot,reedle shot,0
2022-05-01,reedle shot,reedle shot,0
2022-05-08,reedle shot,reedle shot,0
2022-05-15,reedle shot,reedle shot,0
2022-05-22,reedle shot,reedle shot,0
2022-05-29,reedle shot,reedle shot,0
2022-06-05,reedle shot,reedle shot,0
2022-06-12,reedle shot,reedle shot,0
2022-06-19,reedle shot,reedle shot,0
2022-06-26,reedle shot,reedle shot,0
2022-07-03,reedle shot,reedle shot,0
2022-07-10,reedle shot,reedle shot,0
2022-07-17,reedle shot,reedle shot,0
2022-07-24,reedle shot,reedle shot,0
2022-07-31,reedle shot,reedle shot,0
2022-08-07,reedle shot,reedle shot,0
2022-08-14,reedle shot,reedle shot,0
2022-08-21,reedle shot,reedle shot,0
2022-08-28,reedle shot,reedle shot,0
2022-09-04,reedle shot,reedle shot,0
2022-09-11,reedle shot,reedle shot,0
2022-09-18,reedle shot,reedle shot,0
2022-09-25,reedle shot,reedle shot,0
2022-10-02,reedle shot,reedle shot,0
2022-10-09,reedle shot,reedle shot,0
2022-10-16,reedle shot,reedle shot,0
2022-10-23,reedle shot,reedle shot,0
2022-10-30,reedle shot,reedle shot,0
2022-11-06,reedle shot,reedle shot,0
2022-11-13,reedle shot,reedle shot,0
2022-11-20,reedle shot,reedle shot,0
2022-11-27,reedle shot,reedle shot,0
2022-12-04,reedle shot,reedle shot,0
2022-12-11,reedle shot,reedle shot,0
2022-12-18,reedle shot,reedle shot,0
2022-12-25,reedle shot,reedle shot,0
2023-01-01,reedle shot,reedle shot,0
2023-01-08,reedle shot,reedle shot,0
2023-01-15,reedle shot,reedle shot,0
2023-01-22,reedle shot,reedle shot,0
2023-01-29,reedle shot,reedle shot,0
2023-02-05,reedle shot,reedle shot,0
2023-02-12,reedle shot,reedle shot,0
2023-02-19,reedle shot,reedle shot,0
2023-02-26,reedle shot,reedle shot,0
2023-03-05,reedle shot,reedle shot,0
2023-03-12,reedle shot,reedle shot,0
2023-03-19,reedle shot,reedle shot,0
2023-03-26,reedle shot,reedle shot,0
2023-04-02,reedle shot,reedle shot,0
2023-04-09,reedle shot,reedle shot,0
2023-04-16,reedle shot,reedle shot,0
2023-04-23,reedle shot,reedle shot,0
2023-04-30,reedle shot,reedle shot,0
2023-05-07,reedle shot,reedle shot,0
2023-05-14,reedle shot,reedle shot,0
2023-05-21,reedle shot,reedle shot,0
2023-05-28,reedle shot,reedle shot,0
2023-06-04,reedle shot,reedle shot,0
2023-06-11,reedle shot,reedle shot,0
2023-06-18,reedle shot,reedle shot,0
2023-06-25,reedle shot,reedle shot,0
2023-07-02,reedle shot,reedle shot,0
2023-07-09,reedle shot,reedle shot,0
2023-07-16,reedle shot,reedle shot,0
2023-07-23,reedle shot,reedle shot,0
2023-07-30,reedle shot,reedle shot,0
2023-08-06,reedle shot,reedle shot,0
2023-08-13,reedle shot,reedle shot,0
2023-08-20,reedle shot,reedle shot,0
2023-08-27,reedle shot,reedle shot,0
2023-09-03,reedle shot,reedle shot,0
2023-09-10,reedle shot,reedle shot,0
2023-09-17,reedle shot,reedle shot,0
2023-09-24,reedle shot,reedle shot,0
2023-10-01,reedle shot,reedle shot,0
2023-10-08,reedle shot,reedle shot,0
2023-10-15,reedle shot,reedle shot,0
2023-10-22,reedle shot,reedle shot,0
2023-10-29,reedle shot,reedle shot,0
2023-11-05,reedle shot,reedle shot,0
2023-11-12,reedle shot,reedle shot,0
2023-11-19,reedle shot,reedle shot,0
2023-11-26,reedle shot,reedle shot,0
2023-12-03,reedle shot,reedle shot,0
2023-12-10,reedle shot,reedle shot,0
2023-12-17,reedle shot,reedle shot,0
2023-12-24,reedle shot,reedle shot,0
2023-12-31,reedle shot,reedle shot,0
2024-01-07,reedle shot,reedle shot,0
2024-01-14,reedle shot,reedle shot,0
2024-01-21,reedle shot,reedle shot,0
2024-01-28,reedle shot,reedle shot,0
2024-02-04,reedle shot,reedle shot,0
2024-02-11,reedle shot,reedle shot,16
2024-02-18,reedle shot,reedle shot,0
2024-02-25,reedle shot,reedle shot,0
2024-03-03,reedle shot,reedle shot,0
2024-03-10,reedle shot,reedle shot,0
2024-03-17,reedle shot,reedle shot,0
2024-03-24,reedle shot,reedle shot,0
2024-03-31,reedle shot,reedle shot,0
2024-04-07,reedle shot,reedle shot,0
2024-04-14,reedle shot,reedle shot,0
2024-04-21,reedle shot,reedle shot,0
2024-04-28,reedle shot,reedle shot,0
2024-05-05,reedle shot,reedle shot,0
2024-05-12,reedle shot,reedle shot,0
2024-05-19,reedle shot,reedle shot,0
2024-05-26,reedle shot,reedle shot,0
2024-06-02,reedle shot,reedle shot,11
2024-06-09,reedle shot,reedle shot,0
2024-06-16,reedle shot,reedle shot,14
2024-06-23,reedle shot,reedle shot,13
2024-06-30,reedle shot,reedle shot,18
2024-07-07,reedle shot,reedle shot,14
2024-07-14,reedle shot,reedle shot,32
2024-07-21,reedle shot,reedle shot,14
2024-07-28,reedle shot,reedle shot,15
2024-08-04,reedle shot,reedle shot,17
2024-08-11,reedle shot,reedle shot,0
2024-08-18,reedle shot,reedle shot,14
2024-08-25,reedle shot,reedle shot,18
2024-09-01,reedle shot,reedle shot,15
2024-09-08,reedle shot,reedle shot,11
2024-09-15,reedle shot,reedle shot,18
2024-09-22,reedle shot,reedle shot,14
2024-09-29,reedle shot,reedle shot,26
2024-10-06,reedle shot,reedle shot,21
2024-10-13,reedle shot,reedle shot,16
2024-10-20,reedle shot,reedle shot,21
2024-10-27,reedle shot,reedle shot,22
2024-11-03,reedle shot,reedle shot,21
2024-11-10,reedle shot,reedle shot,16
2024-11-17,reedle shot,reedle shot,29
2024-11-24,reedle shot,reedle shot,27
2024-12-01,reedle shot,reedle shot,23
2024-12-08,reedle shot,reedle shot,21
2024-12-15,reedle shot,reedle shot,21
2024-12-22,reedle shot,reedle shot,28
2024-12-29,reedle shot,reedle shot,28
2025-01-05,reedle shot,reedle shot,25
2025-01-12,reedle shot,reedle shot,33
2025-01-19,reedle shot,reedle shot,22
2025-01-26,reedle shot,reedle shot,23
2025-02-02,reedle shot,reedle shot,30
2025-02-09,reedle shot,reedle shot,13
2025-02-16,reedle shot,reedle shot,25
2025-02-23,reedle shot,reedle shot,30
2025-03-02,reedle shot,reedle shot,30
2025-03-09,reedle shot,reedle shot,22
2025-03-16,reedle shot,reedle shot,28
2025-03-23,reedle shot,reedle shot,26
2025-03-30,reedle shot,reedle shot,31
2025-04-06,reedle shot,reedle shot,28
2025-04-13,reedle shot,reedle shot,24
2025-04-20,reedle shot,reedle shot,19
2025-04-27,reedle shot,reedle shot,31
2025-05-04,reedle shot,reedle shot,21
2025-05-11,reedle shot,reedle shot,30
2025-05-18,reedle shot,reedle shot,28
2025-05-25,reedle shot,reedle shot,34
2025-06-01,reedle shot,reedle shot,29
2025-06-08,reedle shot,reedle shot,31
2025-06-15,reedle shot,reedle shot,26
2025-06-22,reedle shot,reedle shot,22
2025-06-29,reedle shot,reedle shot,21
2025-07-06,reedle shot,reedle shot,52
2025-07-13,reedle shot,reedle shot,44
2025-07-20,reedle shot,reedle shot,36
2025-07-27,reedle shot,reedle shot,35
2025-08-03,reedle shot,reedle shot,37
2025-08-10,reedle shot,reedle shot,35
2025-08-17,reedle shot,reedle shot,44
2025-08-24,reedle shot,reedle shot,38
2025-08-31,reedle shot,reedle shot,39
2025-09-07,reedle shot,reedle shot,37
2025-09-14,reedle shot,reedle shot,41
2025-09-21,reedle shot,reedle shot,35
2025-09-28,reedle shot,reedle shot,35
2025-10-05,reedle shot,reedle shot,42
2025-10-12,reedle shot,reedle shot,41
2025-10-19,reedle shot,reedle shot,38
2025-10-26,reedle shot,reedle shot,41
2025-11-02,reedle shot,reedle shot,42
2025-11-09,reedle shot,reedle shot,39
2025-11-16,reedle shot,reedle shot,43
2025-11-23,reedle shot,reedle shot,48
2025-11-30,reedle shot,reedle shot,60
2025-12-07,reedle shot,reedle shot,36
2025-12-14,reedle shot,reedle shot,36
2025-12-21,reedle shot,reedle shot,48
2025-12-28,reedle shot,reedle shot,53
2026-01-04,reedle shot,reedle shot,55
2026-01-11,reedle shot,reedle shot,61
2026-01-18,reedle shot,reedle shot,58
2026-01-25,reedle shot,reedle shot,42
2026-02-01,reedle shot,reedle shot,47
2026-02-08,reedle shot,reedle shot,45
2026-02-15,reedle shot,reedle shot,33
2026-02-22,reedle shot,reedle shot,50
2026-03-01,reedle shot,reedle shot,49
2026-03-08,reedle shot,reedle shot,33
2026-03-15,reedle shot,reedle shot,49
2026-03-22,reedle shot,reedle shot,54
2026-03-29,reedle shot,reedle shot,77
2026-04-05,reedle shot,reedle shot,96
2026-04-12,reedle shot,reedle shot,100
2026-04-19,reedle shot,reedle shot,69
2026-04-26,reedle shot,reedle shot,60
2026-05-03,reedle shot,reedle shot,58
2026-05-10,reedle shot,reedle shot,79
2026-05-17,reedle shot,reedle shot,72
2026-05-24,reedle shot,reedle shot,57
2026-05-31,reedle shot,reedle shot,57
2026-06-07,reedle shot,reedle shot,52
2026-06-14,reedle shot,reedle shot,57
2026-06-21,reedle shot,reedle shot,77
2026-06-28,reedle shot,reedle shot,46
2026-07-05,reedle shot,reedle shot,58
2026-07-12,reedle shot,reedle shot,60
2026-07-19,reedle shot,reedle shot,50
2026-07-26,reedle shot,reedle shot,50
2026-08-02,reedle shot,reedle shot,52
2026-08-09,reedle shot,reedle shot,42
2026-08-16,reedle shot,reedle shot,51
2026-08-23,reedle shot,reedle shot,53
2026-08-30,reedle shot,reedle shot,43
2026-09-06,reedle shot,reedle shot,53
2021-09-05,medicube,medicube,0
2021-09-12,medicube,medicube,1
2021-09-19,medicube,medicube,0
2021-09-26,medicube,medicube,0
2021-10-03,medicube,medicube,0
2021-10-10,medicube,medicube,1
2021-10-17,medicube,medicube,1
2021-10-24,medicube,medicube,0
2021-10-31,medicube,medicube,1
2021-11-07,medicube,medicube,0
2021-11-14,medicube,medicube,0
2021-11-21,medicube,medicube,1
2021-11-28,medicube,medicube,0
2021-12-05,medicube,medicube,0
2021-12-12,medicube,medicube,0
2021-12-19,medicube,medicube,0
2021-12-26,medicube,medicube,1
2022-01-02,medicube,medicube,1
2022-01-09,medicube,medicube,1
2022-01-16,medicube,medicube,1
2022-01-23,medicube,medicube,1
2022-01-30,medicube,medicube,0
2022-02-06,medicube,medicube,0
2022-02-13,medicube,medicube,1
2022-02-20,medicube,medicube,1
2022-02-27,medicube,medicube,1
2022-03-06,medicube,medicube,0
2022-03-13,medicube,medicube,1
2022-03-20,medicube,medicube,1
2022-03-27,medicube,medicube,0
2022-04-03,medicube,medicube,0
2022-04-10,medicube,medicube,1
2022-04-17,medicube,medicube,0
2022-04-24,medicube,medicube,1
2022-05-01,medicube,medicube,1
2022-05-08,medicube,medicube,1
2022-05-15,medicube,medicube,1
2022-05-22,medicube,medicube,1
2022-05-29,medicube,medicube,1
2022-06-05,medicube,medicube,0
2022-06-12,medicube,medicube,1
2022-06-19,medicube,medicube,0
2022-06-26,medicube,medicube,1
2022-07-03,medicube,medicube,1
2022-07-10,medicube,medicube,1
2022-07-17,medicube,medicube,1
2022-07-24,medicube,medicube,1
2022-07-31,medicube,medicube,0
2022-08-07,medicube,medicube,1
2022-08-14,medicube,medicube,0
2022-08-21,medicube,medicube,0
2022-08-28,medicube,medicube,0
2022-09-04,medicube,medicube,1
2022-09-11,medicube,medicube,0
2022-09-18,medicube,medicube,0
2022-09-25,medicube,medicube,0
2022-10-02,medicube,medicube,1
2022-10-09,medicube,medicube,1
2022-10-16,medicube,medicube,1
2022-10-23,medicube,medicube,1
2022-10-30,medicube,medicube,0
2022-11-06,medicube,medicube,1
2022-11-13,medicube,medicube,0
2022-11-20,medicube,medicube,1
2022-11-27,medicube,medicube,1
2022-12-04,medicube,medicube,0
2022-12-11,medicube,medicube,1
2022-12-18,medicube,medicube,1
2022-12-25,medicube,medicube,1
2023-01-01,medicube,medicube,1
2023-01-08,medicube,medicube,1
2023-01-15,medicube,medicube,1
2023-01-22,medicube,medicube,1
2023-01-29,medicube,medicube,1
2023-02-05,medicube,medicube,1
2023-02-12,medicube,medicube,1
2023-02-19,medicube,medicube,1
2023-02-26,medicube,medicube,1
2023-03-05,medicube,medicube,1
2023-03-12,medicube,medicube,1
2023-03-19,medicube,medicube,1
2023-03-26,medicube,medicube,1
2023-04-02,medicube,medicube,1
2023-04-09,medicube,medicube,1
2023-04-16,medicube,medicube,1
2023-04-23,medicube,medicube,1
2023-04-30,medicube,medicube,1
2023-05-07,medicube,medicube,1
2023-05-14,medicube,medicube,1
2023-05-21,medicube,medicube,1
2023-05-28,medicube,medicube,1
2023-06-04,medicube,medicube,0
2023-06-11,medicube,medicube,2
2023-06-18,medicube,medicube,1
2023-06-25,medicube,medicube,1
2023-07-02,medicube,medicube,2
2023-07-09,medicube,medicube,1
2023-07-16,medicube,medicube,1
2023-07-23,medicube,medicube,2
2023-07-30,medicube,medicube,2
2023-08-06,medicube,medicube,2
2023-08-13,medicube,medicube,1
2023-08-20,medicube,medicube,2
2023-08-27,medicube,medicube,2
2023-09-03,medicube,medicube,2
2023-09-10,medicube,medicube,1
2023-09-17,medicube,medicube,2
2023-09-24,medicube,medicube,1
2023-10-01,medicube,medicube,2
2023-10-08,medicube,medicube,2
2023-10-15,medicube,medicube,1
2023-10-22,medicube,medicube,2
2023-10-29,medicube,medicube,1
2023-11-05,medicube,medicube,3
2023-11-12,medicube,medicube,3
2023-11-19,medicube,medicube,4
2023-11-26,medicube,medicube,3
2023-12-03,medicube,medicube,2
2023-12-10,medicube,medicube,2
2023-12-17,medicube,medicube,2
2023-12-24,medicube,medicube,2
2023-12-31,medicube,medicube,3
2024-01-07,medicube,medicube,3
2024-01-14,medicube,medicube,3
2024-01-21,medicube,medicube,3
2024-01-28,medicube,medicube,3
2024-02-04,medicube,medicube,2
2024-02-11,medicube,medicube,3
2024-02-18,medicube,medicube,3
2024-02-25,medicube,medicube,3
2024-03-03,medicube,medicube,3
2024-03-10,medicube,medicube,3
2024-03-17,medicube,medicube,3
2024-03-24,medicube,medicube,3
2024-03-31,medicube,medicube,2
2024-04-07,medicube,medicube,2
2024-04-14,medicube,medicube,2
2024-04-21,medicube,medicube,2
2024-04-28,medicube,medicube,2
2024-05-05,medicube,medicube,3
2024-05-12,medicube,medicube,3
2024-05-19,medicube,medicube,2
2024-05-26,medicube,medicube,4
2024-06-02,medicube,medicube,4
2024-06-09,medicube,medicube,4
2024-06-16,medicube,medicube,6
2024-06-23,medicube,medicube,9
2024-06-30,medicube,medicube,6
2024-07-07,medicube,medicube,7
2024-07-14,medicube,medicube,10
2024-07-21,medicube,medicube,15
2024-07-28,medicube,medicube,12
2024-08-04,medicube,medicube,11
2024-08-11,medicube,medicube,9
2024-08-18,medicube,medicube,7
2024-08-25,medicube,medicube,9
2024-09-01,medicube,medicube,7
2024-09-08,medicube,medicube,8
2024-09-15,medicube,medicube,8
2024-09-22,medicube,medicube,9
2024-09-29,medicube,medicube,6
2024-10-06,medicube,medicube,10
2024-10-13,medicube,medicube,7
2024-10-20,medicube,medicube,8
2024-10-27,medicube,medicube,8
2024-11-03,medicube,medicube,8
2024-11-10,medicube,medicube,11
2024-11-17,medicube,medicube,13
2024-11-24,medicube,medicube,19
2024-12-01,medicube,medicube,15
2024-12-08,medicube,medicube,12
2024-12-15,medicube,medicube,13
2024-12-22,medicube,medicube,19
2024-12-29,medicube,medicube,21
2025-01-05,medicube,medicube,18
2025-01-12,medicube,medicube,15
2025-01-19,medicube,medicube,15
2025-01-26,medicube,medicube,13
2025-02-02,medicube,medicube,13
2025-02-09,medicube,medicube,16
2025-02-16,medicube,medicube,18
2025-02-23,medicube,medicube,17
2025-03-02,medicube,medicube,16
2025-03-09,medicube,medicube,18
2025-03-16,medicube,medicube,22
2025-03-23,medicube,medicube,26
2025-03-30,medicube,medicube,24
2025-04-06,medicube,medicube,21
2025-04-13,medicube,medicube,22
2025-04-20,medicube,medicube,20
2025-04-27,medicube,medicube,20
2025-05-04,medicube,medicube,20
2025-05-11,medicube,medicube,19
2025-05-18,medicube,medicube,18
2025-05-25,medicube,medicube,19
2025-06-01,medicube,medicube,21
2025-06-08,medicube,medicube,19
2025-06-15,medicube,medicube,19
2025-06-22,medicube,medicube,18
2025-06-29,medicube,medicube,17
2025-07-06,medicube,medicube,38
2025-07-13,medicube,medicube,33
2025-07-20,medicube,medicube,25
2025-07-27,medicube,medicube,26
2025-08-03,medicube,medicube,27
2025-08-10,medicube,medicube,29
2025-08-17,medicube,medicube,30
2025-08-24,medicube,medicube,28
2025-08-31,medicube,medicube,26
2025-09-07,medicube,medicube,22
2025-09-14,medicube,medicube,22
2025-09-21,medicube,medicube,26
2025-09-28,medicube,medicube,24
2025-10-05,medicube,medicube,35
2025-10-12,medicube,medicube,29
2025-10-19,medicube,medicube,28
2025-10-26,medicube,medicube,27
2025-11-02,medicube,medicube,32
2025-11-09,medicube,medicube,33
2025-11-16,medicube,medicube,38
2025-11-23,medicube,medicube,56
2025-11-30,medicube,medicube,49
2025-12-07,medicube,medicube,43
2025-12-14,medicube,medicube,40
2025-12-21,medicube,medicube,49
2025-12-28,medicube,medicube,60
2026-01-04,medicube,medicube,51
2026-01-11,medicube,medicube,44
2026-01-18,medicube,medicube,45
2026-01-25,medicube,medicube,42
2026-02-01,medicube,medicube,43
2026-02-08,medicube,medicube,39
2026-02-15,medicube,medicube,44
2026-02-22,medicube,medicube,46
2026-03-01,medicube,medicube,44
2026-03-08,medicube,medicube,42
2026-03-15,medicube,medicube,45
2026-03-22,medicube,medicube,60
2026-03-29,medicube,medicube,80
2026-04-05,medicube,medicube,79
2026-04-12,medicube,medicube,97
2026-04-19,medicube,medicube,81
2026-04-26,medicube,medicube,67
2026-05-03,medicube,medicube,66
2026-05-10,medicube,medicube,72
2026-05-17,medicube,medicube,72
2026-05-24,medicube,medicube,65
2026-05-31,medicube,medicube,65
2026-06-07,medicube,medicube,65
2026-06-14,medicube,medicube,70
2026-06-21,medicube,medicube,100
2026-06-28,medicube,medicube,65
2026-07-05,medicube,medicube,60
2026-07-12,medicube,medicube,58
2026-07-19,medicube,medicube,65
2026-07-26,medicube,medicube,64
2026-08-02,medicube,medicube,62
2026-08-09,medicube,medicube,64
2026-08-16,medicube,medicube,64
2026-08-23,medicube,medicube,62
2026-08-30,medicube,medicube,62
2026-09-06,medicube,medicube,61
2021-09-05,anua,anua,0
2021-09-12,anua,anua,1
2021-09-19,anua,anua,0
2021-09-26,anua,anua,0
2021-10-03,anua,anua,0
2021-10-10,anua,anua,0
2021-10-17,anua,anua,0
2021-10-24,anua,anua,0
2021-10-31,anua,anua,0
2021-11-07,anua,anua,0
2021-11-14,anua,anua,0
2021-11-21,anua,anua,0
2021-11-28,anua,anua,0
2021-12-05,anua,anua,0
2021-12-12,anua,anua,0
2021-12-19,anua,anua,0
2021-12-26,anua,anua,0
2022-01-02,anua,anua,0
2022-01-09,anua,anua,0
2022-01-16,anua,anua,0
2022-01-23,anua,anua,0
2022-01-30,anua,anua,0
2022-02-06,anua,anua,0
2022-02-13,anua,anua,0
2022-02-20,anua,anua,0
2022-02-27,anua,anua,0
2022-03-06,anua,anua,0
2022-03-13,anua,anua,0
2022-03-20,anua,anua,0
2022-03-27,anua,anua,0
2022-04-03,anua,anua,0
2022-04-10,anua,anua,0
2022-04-17,anua,anua,0
2022-04-24,anua,anua,0
2022-05-01,anua,anua,0
2022-05-08,anua,anua,0
2022-05-15,anua,anua,0
2022-05-22,anua,anua,0
2022-05-29,anua,anua,0
2022-06-05,anua,anua,0
2022-06-12,anua,anua,0
2022-06-19,anua,anua,0
2022-06-26,anua,anua,0
2022-07-03,anua,anua,0
2022-07-10,anua,anua,0
2022-07-17,anua,anua,0
2022-07-24,anua,anua,0
2022-07-31,anua,anua,0
2022-08-07,anua,anua,0
2022-08-14,anua,anua,0
2022-08-21,anua,anua,0
2022-08-28,anua,anua,0
2022-09-04,anua,anua,0
2022-09-11,anua,anua,1
2022-09-18,anua,anua,0
2022-09-25,anua,anua,0
2022-10-02,anua,anua,0
2022-10-09,anua,anua,0
2022-10-16,anua,anua,0
2022-10-23,anua,anua,0
2022-10-30,anua,anua,0
2022-11-06,anua,anua,0
2022-11-13,anua,anua,0
2022-11-20,anua,anua,0
2022-11-27,anua,anua,0
2022-12-04,anua,anua,0
2022-12-11,anua,anua,0
2022-12-18,anua,anua,0
2022-12-25,anua,anua,0
2023-01-01,anua,anua,0
2023-01-08,anua,anua,0
2023-01-15,anua,anua,0
2023-01-22,anua,anua,0
2023-01-29,anua,anua,0
2023-02-05,anua,anua,0
2023-02-12,anua,anua,0
2023-02-19,anua,anua,1
2023-02-26,anua,anua,0
2023-03-05,anua,anua,1
2023-03-12,anua,anua,1
2023-03-19,anua,anua,1
2023-03-26,anua,anua,1
2023-04-02,anua,anua,1
2023-04-09,anua,anua,2
2023-04-16,anua,anua,2
2023-04-23,anua,anua,2
2023-04-30,anua,anua,1
2023-05-07,anua,anua,2
2023-05-14,anua,anua,2
2023-05-21,anua,anua,2
2023-05-28,anua,anua,2
2023-06-04,anua,anua,3
2023-06-11,anua,anua,3
2023-06-18,anua,anua,4
2023-06-25,anua,anua,6
2023-07-02,anua,anua,5
2023-07-09,anua,anua,5
2023-07-16,anua,anua,6
2023-07-23,anua,anua,17
2023-07-30,anua,anua,17
2023-08-06,anua,anua,15
2023-08-13,anua,anua,14
2023-08-20,anua,anua,16
2023-08-27,anua,anua,15
2023-09-03,anua,anua,11
2023-09-10,anua,anua,13
2023-09-17,anua,anua,13
2023-09-24,anua,anua,11
2023-10-01,anua,anua,9
2023-10-08,anua,anua,9
2023-10-15,anua,anua,8
2023-10-22,anua,anua,9
2023-10-29,anua,anua,10
2023-11-05,anua,anua,14
2023-11-12,anua,anua,16
2023-11-19,anua,anua,19
2023-11-26,anua,anua,19
2023-12-03,anua,anua,18
2023-12-10,anua,anua,18
2023-12-17,anua,anua,21
2023-12-24,anua,anua,41
2023-12-31,anua,anua,35
2024-01-07,anua,anua,28
2024-01-14,anua,anua,30
2024-01-21,anua,anua,26
2024-01-28,anua,anua,24
2024-02-04,anua,anua,28
2024-02-11,anua,anua,24
2024-02-18,anua,anua,26
2024-02-25,anua,anua,23
2024-03-03,anua,anua,25
2024-03-10,anua,anua,23
2024-03-17,anua,anua,23
2024-03-24,anua,anua,26
2024-03-31,anua,anua,30
2024-04-07,anua,anua,26
2024-04-14,anua,anua,27
2024-04-21,anua,anua,25
2024-04-28,anua,anua,24
2024-05-05,anua,anua,28
2024-05-12,anua,anua,25
2024-05-19,anua,anua,31
2024-05-26,anua,anua,29
2024-06-02,anua,anua,31
2024-06-09,anua,anua,32
2024-06-16,anua,anua,32
2024-06-23,anua,anua,38
2024-06-30,anua,anua,38
2024-07-07,anua,anua,39
2024-07-14,anua,anua,39
2024-07-21,anua,anua,36
2024-07-28,anua,anua,31
2024-08-04,anua,anua,31
2024-08-11,anua,anua,38
2024-08-18,anua,anua,35
2024-08-25,anua,anua,32
2024-09-01,anua,anua,31
2024-09-08,anua,anua,28
2024-09-15,anua,anua,30
2024-09-22,anua,anua,25
2024-09-29,anua,anua,26
2024-10-06,anua,anua,30
2024-10-13,anua,anua,26
2024-10-20,anua,anua,29
2024-10-27,anua,anua,26
2024-11-03,anua,anua,25
2024-11-10,anua,anua,27
2024-11-17,anua,anua,31
2024-11-24,anua,anua,40
2024-12-01,anua,anua,39
2024-12-08,anua,anua,30
2024-12-15,anua,anua,34
2024-12-22,anua,anua,42
2024-12-29,anua,anua,51
2025-01-05,anua,anua,47
2025-01-12,anua,anua,37
2025-01-19,anua,anua,37
2025-01-26,anua,anua,33
2025-02-02,anua,anua,39
2025-02-09,anua,anua,49
2025-02-16,anua,anua,58
2025-02-23,anua,anua,49
2025-03-02,anua,anua,51
2025-03-09,anua,anua,50
2025-03-16,anua,anua,42
2025-03-23,anua,anua,46
2025-03-30,anua,anua,41
2025-04-06,anua,anua,38
2025-04-13,anua,anua,39
2025-04-20,anua,anua,39
2025-04-27,anua,anua,36
2025-05-04,anua,anua,35
2025-05-11,anua,anua,35
2025-05-18,anua,anua,34
2025-05-25,anua,anua,41
2025-06-01,anua,anua,38
2025-06-08,anua,anua,36
2025-06-15,anua,anua,38
2025-06-22,anua,anua,35
2025-06-29,anua,anua,46
2025-07-06,anua,anua,51
2025-07-13,anua,anua,46
2025-07-20,anua,anua,41
2025-07-27,anua,anua,45
2025-08-03,anua,anua,40
2025-08-10,anua,anua,39
2025-08-17,anua,anua,37
2025-08-24,anua,anua,35
2025-08-31,anua,anua,39
2025-09-07,anua,anua,39
2025-09-14,anua,anua,34
2025-09-21,anua,anua,37
2025-09-28,anua,anua,35
2025-10-05,anua,anua,45
2025-10-12,anua,anua,38
2025-10-19,anua,anua,36
2025-10-26,anua,anua,32
2025-11-02,anua,anua,34
2025-11-09,anua,anua,37
2025-11-16,anua,anua,48
2025-11-23,anua,anua,62
2025-11-30,anua,anua,51
2025-12-07,anua,anua,43
2025-12-14,anua,anua,40
2025-12-21,anua,anua,54
2025-12-28,anua,anua,60
2026-01-04,anua,anua,52
2026-01-11,anua,anua,46
2026-01-18,anua,anua,49
2026-01-25,anua,anua,52
2026-02-01,anua,anua,46
2026-02-08,anua,anua,43
2026-02-15,anua,anua,46
2026-02-22,anua,anua,46
2026-03-01,anua,anua,49
2026-03-08,anua,anua,55
2026-03-15,anua,anua,56
2026-03-22,anua,anua,75
2026-03-29,anua,anua,93
2026-04-05,anua,anua,95
2026-04-12,anua,anua,100
2026-04-19,anua,anua,81
2026-04-26,anua,anua,71
2026-05-03,anua,anua,65
2026-05-10,anua,anua,73
2026-05-17,anua,anua,71
2026-05-24,anua,anua,65
2026-05-31,anua,anua,71
2026-06-07,anua,anua,72
2026-06-14,anua,anua,68
2026-06-21,anua,anua,97
2026-06-28,anua,anua,65
2026-07-05,anua,anua,59
2026-07-12,anua,anua,53
2026-07-19,anua,anua,58
2026-07-26,anua,anua,56
2026-08-02,anua,anua,58
2026-08-09,anua,anua,52
2026-08-16,anua,anua,53
2026-08-23,anua,anua,54
2026-08-30,anua,anua,56
2026-09-06,anua,anua,52
2021-09-05,cosrx,cosrx,7
2021-09-12,cosrx,cosrx,9
2021-09-19,cosrx,cosrx,10
2021-09-26,cosrx,cosrx,9
2021-10-03,cosrx,cosrx,9
2021-10-10,cosrx,cosrx,8
2021-10-17,cosrx,cosrx,11
2021-10-24,cosrx,cosrx,9
2021-10-31,cosrx,cosrx,10
2021-11-07,cosrx,cosrx,10
2021-11-14,cosrx,cosrx,11
2021-11-21,cosrx,cosrx,14
2021-11-28,cosrx,cosrx,12
2021-12-05,cosrx,cosrx,9
2021-12-12,cosrx,cosrx,8
2021-12-19,cosrx,cosrx,10
2021-12-26,cosrx,cosrx,12
2022-01-02,cosrx,cosrx,18
2022-01-09,cosrx,cosrx,16
2022-01-16,cosrx,cosrx,16
2022-01-23,cosrx,cosrx,12
2022-01-30,cosrx,cosrx,14
2022-02-06,cosrx,cosrx,16
2022-02-13,cosrx,cosrx,15
2022-02-20,cosrx,cosrx,16
2022-02-27,cosrx,cosrx,16
2022-03-06,cosrx,cosrx,17
2022-03-13,cosrx,cosrx,18
2022-03-20,cosrx,cosrx,15
2022-03-27,cosrx,cosrx,15
2022-04-03,cosrx,cosrx,15
2022-04-10,cosrx,cosrx,17
2022-04-17,cosrx,cosrx,14
2022-04-24,cosrx,cosrx,15
2022-05-01,cosrx,cosrx,14
2022-05-08,cosrx,cosrx,16
2022-05-15,cosrx,cosrx,14
2022-05-22,cosrx,cosrx,15
2022-05-29,cosrx,cosrx,16
2022-06-05,cosrx,cosrx,15
2022-06-12,cosrx,cosrx,15
2022-06-19,cosrx,cosrx,15
2022-06-26,cosrx,cosrx,16
2022-07-03,cosrx,cosrx,17
2022-07-10,cosrx,cosrx,18
2022-07-17,cosrx,cosrx,18
2022-07-24,cosrx,cosrx,20
2022-07-31,cosrx,cosrx,20
2022-08-07,cosrx,cosrx,21
2022-08-14,cosrx,cosrx,18
2022-08-21,cosrx,cosrx,18
2022-08-28,cosrx,cosrx,19
2022-09-04,cosrx,cosrx,19
2022-09-11,cosrx,cosrx,16
2022-09-18,cosrx,cosrx,18
2022-09-25,cosrx,cosrx,15
2022-10-02,cosrx,cosrx,16
2022-10-09,cosrx,cosrx,18
2022-10-16,cosrx,cosrx,16
2022-10-23,cosrx,cosrx,18
2022-10-30,cosrx,cosrx,16
2022-11-06,cosrx,cosrx,17
2022-11-13,cosrx,cosrx,20
2022-11-20,cosrx,cosrx,31
2022-11-27,cosrx,cosrx,24
2022-12-04,cosrx,cosrx,21
2022-12-11,cosrx,cosrx,20
2022-12-18,cosrx,cosrx,22
2022-12-25,cosrx,cosrx,27
2023-01-01,cosrx,cosrx,25
2023-01-08,cosrx,cosrx,25
2023-01-15,cosrx,cosrx,26
2023-01-22,cosrx,cosrx,23
2023-01-29,cosrx,cosrx,25
2023-02-05,cosrx,cosrx,26
2023-02-12,cosrx,cosrx,23
2023-02-19,cosrx,cosrx,28
2023-02-26,cosrx,cosrx,27
2023-03-05,cosrx,cosrx,27
2023-03-12,cosrx,cosrx,27
2023-03-19,cosrx,cosrx,24
2023-03-26,cosrx,cosrx,24
2023-04-02,cosrx,cosrx,24
2023-04-09,cosrx,cosrx,24
2023-04-16,cosrx,cosrx,22
2023-04-23,cosrx,cosrx,21
2023-04-30,cosrx,cosrx,23
2023-05-07,cosrx,cosrx,20
2023-05-14,cosrx,cosrx,20
2023-05-21,cosrx,cosrx,22
2023-05-28,cosrx,cosrx,24
2023-06-04,cosrx,cosrx,28
2023-06-11,cosrx,cosrx,26
2023-06-18,cosrx,cosrx,30
2023-06-25,cosrx,cosrx,28
2023-07-02,cosrx,cosrx,30
2023-07-09,cosrx,cosrx,41
2023-07-16,cosrx,cosrx,35
2023-07-23,cosrx,cosrx,33
2023-07-30,cosrx,cosrx,33
2023-08-06,cosrx,cosrx,34
2023-08-13,cosrx,cosrx,39
2023-08-20,cosrx,cosrx,32
2023-08-27,cosrx,cosrx,35
2023-09-03,cosrx,cosrx,33
2023-09-10,cosrx,cosrx,31
2023-09-17,cosrx,cosrx,28
2023-09-24,cosrx,cosrx,29
2023-10-01,cosrx,cosrx,30
2023-10-08,cosrx,cosrx,36
2023-10-15,cosrx,cosrx,33
2023-10-22,cosrx,cosrx,26
2023-10-29,cosrx,cosrx,28
2023-11-05,cosrx,cosrx,31
2023-11-12,cosrx,cosrx,30
2023-11-19,cosrx,cosrx,46
2023-11-26,cosrx,cosrx,39
2023-12-03,cosrx,cosrx,28
2023-12-10,cosrx,cosrx,33
2023-12-17,cosrx,cosrx,35
2023-12-24,cosrx,cosrx,42
2023-12-31,cosrx,cosrx,39
2024-01-07,cosrx,cosrx,35
2024-01-14,cosrx,cosrx,38
2024-01-21,cosrx,cosrx,41
2024-01-28,cosrx,cosrx,31
2024-02-04,cosrx,cosrx,31
2024-02-11,cosrx,cosrx,32
2024-02-18,cosrx,cosrx,39
2024-02-25,cosrx,cosrx,33
2024-03-03,cosrx,cosrx,32
2024-03-10,cosrx,cosrx,40
2024-03-17,cosrx,cosrx,42
2024-03-24,cosrx,cosrx,41
2024-03-31,cosrx,cosrx,35
2024-04-07,cosrx,cosrx,34
2024-04-14,cosrx,cosrx,32
2024-04-21,cosrx,cosrx,34
2024-04-28,cosrx,cosrx,29
2024-05-05,cosrx,cosrx,28
2024-05-12,cosrx,cosrx,30
2024-05-19,cosrx,cosrx,29
2024-05-26,cosrx,cosrx,33
2024-06-02,cosrx,cosrx,31
2024-06-09,cosrx,cosrx,27
2024-06-16,cosrx,cosrx,28
2024-06-23,cosrx,cosrx,30
2024-06-30,cosrx,cosrx,28
2024-07-07,cosrx,cosrx,30
2024-07-14,cosrx,cosrx,41
2024-07-21,cosrx,cosrx,30
2024-07-28,cosrx,cosrx,28
2024-08-04,cosrx,cosrx,27
2024-08-11,cosrx,cosrx,29
2024-08-18,cosrx,cosrx,26
2024-08-25,cosrx,cosrx,25
2024-09-01,cosrx,cosrx,28
2024-09-08,cosrx,cosrx,24
2024-09-15,cosrx,cosrx,26
2024-09-22,cosrx,cosrx,24
2024-09-29,cosrx,cosrx,25
2024-10-06,cosrx,cosrx,29
2024-10-13,cosrx,cosrx,24
2024-10-20,cosrx,cosrx,25
2024-10-27,cosrx,cosrx,23
2024-11-03,cosrx,cosrx,23
2024-11-10,cosrx,cosrx,28
2024-11-17,cosrx,cosrx,29
2024-11-24,cosrx,cosrx,37
2024-12-01,cosrx,cosrx,33
2024-12-08,cosrx,cosrx,26
2024-12-15,cosrx,cosrx,31
2024-12-22,cosrx,cosrx,36
2024-12-29,cosrx,cosrx,34
2025-01-05,cosrx,cosrx,35
2025-01-12,cosrx,cosrx,33
2025-01-19,cosrx,cosrx,35
2025-01-26,cosrx,cosrx,30
2025-02-02,cosrx,cosrx,29
2025-02-09,cosrx,cosrx,24
2025-02-16,cosrx,cosrx,28
2025-02-23,cosrx,cosrx,27
2025-03-02,cosrx,cosrx,32
2025-03-09,cosrx,cosrx,32
2025-03-16,cosrx,cosrx,27
2025-03-23,cosrx,cosrx,32
2025-03-30,cosrx,cosrx,30
2025-04-06,cosrx,cosrx,27
2025-04-13,cosrx,cosrx,26
2025-04-20,cosrx,cosrx,27
2025-04-27,cosrx,cosrx,24
2025-05-04,cosrx,cosrx,26
2025-05-11,cosrx,cosrx,25
2025-05-18,cosrx,cosrx,25
2025-05-25,cosrx,cosrx,29
2025-06-01,cosrx,cosrx,26
2025-06-08,cosrx,cosrx,25
2025-06-15,cosrx,cosrx,23
2025-06-22,cosrx,cosrx,28
2025-06-29,cosrx,cosrx,29
2025-07-06,cosrx,cosrx,28
2025-07-13,cosrx,cosrx,30
2025-07-20,cosrx,cosrx,29
2025-07-27,cosrx,cosrx,40
2025-08-03,cosrx,cosrx,30
2025-08-10,cosrx,cosrx,26
2025-08-17,cosrx,cosrx,27
2025-08-24,cosrx,cosrx,25
2025-08-31,cosrx,cosrx,23
2025-09-07,cosrx,cosrx,22
2025-09-14,cosrx,cosrx,24
2025-09-21,cosrx,cosrx,21
2025-09-28,cosrx,cosrx,22
2025-10-05,cosrx,cosrx,29
2025-10-12,cosrx,cosrx,21
2025-10-19,cosrx,cosrx,24
2025-10-26,cosrx,cosrx,25
2025-11-02,cosrx,cosrx,28
2025-11-09,cosrx,cosrx,30
2025-11-16,cosrx,cosrx,32
2025-11-23,cosrx,cosrx,33
2025-11-30,cosrx,cosrx,33
2025-12-07,cosrx,cosrx,30
2025-12-14,cosrx,cosrx,26
2025-12-21,cosrx,cosrx,31
2025-12-28,cosrx,cosrx,36
2026-01-04,cosrx,cosrx,31
2026-01-11,cosrx,cosrx,31
2026-01-18,cosrx,cosrx,30
2026-01-25,cosrx,cosrx,30
2026-02-01,cosrx,cosrx,31
2026-02-08,cosrx,cosrx,28
2026-02-15,cosrx,cosrx,31
2026-02-22,cosrx,cosrx,30
2026-03-01,cosrx,cosrx,34
2026-03-08,cosrx,cosrx,31
2026-03-15,cosrx,cosrx,36
2026-03-22,cosrx,cosrx,53
2026-03-29,cosrx,cosrx,81
2026-04-05,cosrx,cosrx,90
2026-04-12,cosrx,cosrx,100
2026-04-19,cosrx,cosrx,70
2026-04-26,cosrx,cosrx,54
2026-05-03,cosrx,cosrx,47
2026-05-10,cosrx,cosrx,55
2026-05-17,cosrx,cosrx,53
2026-05-24,cosrx,cosrx,49
2026-05-31,cosrx,cosrx,46
2026-06-07,cosrx,cosrx,44
2026-06-14,cosrx,cosrx,42
2026-06-21,cosrx,cosrx,55
2026-06-28,cosrx,cosrx,36
2026-07-05,cosrx,cosrx,34
2026-07-12,cosrx,cosrx,28
2026-07-19,cosrx,cosrx,29
2026-07-26,cosrx,cosrx,26
2026-08-02,cosrx,cosrx,29
2026-08-09,cosrx,cosrx,34
2026-08-16,cosrx,cosrx,28
2026-08-23,cosrx,cosrx,27
2026-08-30,cosrx,cosrx,27
2026-09-06,cosrx,cosrx,29
2021-09-05,tirtir,tirtir,0
2021-09-12,tirtir,tirtir,0
2021-09-19,tirtir,tirtir,0
2021-09-26,tirtir,tirtir,0
2021-10-03,tirtir,tirtir,0
2021-10-10,tirtir,tirtir,0
2021-10-17,tirtir,tirtir,0
2021-10-24,tirtir,tirtir,0
2021-10-31,tirtir,tirtir,0
2021-11-07,tirtir,tirtir,0
2021-11-14,tirtir,tirtir,0
2021-11-21,tirtir,tirtir,0
2021-11-28,tirtir,tirtir,0
2021-12-05,tirtir,tirtir,0
2021-12-12,tirtir,tirtir,0
2021-12-19,tirtir,tirtir,0
2021-12-26,tirtir,tirtir,0
2022-01-02,tirtir,tirtir,0
2022-01-09,tirtir,tirtir,0
2022-01-16,tirtir,tirtir,0
2022-01-23,tirtir,tirtir,0
2022-01-30,tirtir,tirtir,0
2022-02-06,tirtir,tirtir,0
2022-02-13,tirtir,tirtir,0
2022-02-20,tirtir,tirtir,0
2022-02-27,tirtir,tirtir,0
2022-03-06,tirtir,tirtir,0
2022-03-13,tirtir,tirtir,0
2022-03-20,tirtir,tirtir,0
2022-03-27,tirtir,tirtir,0
2022-04-03,tirtir,tirtir,0
2022-04-10,tirtir,tirtir,0
2022-04-17,tirtir,tirtir,0
2022-04-24,tirtir,tirtir,0
2022-05-01,tirtir,tirtir,0
2022-05-08,tirtir,tirtir,0
2022-05-15,tirtir,tirtir,0
2022-05-22,tirtir,tirtir,0
2022-05-29,tirtir,tirtir,0
2022-06-05,tirtir,tirtir,0
2022-06-12,tirtir,tirtir,0
2022-06-19,tirtir,tirtir,0
2022-06-26,tirtir,tirtir,0
2022-07-03,tirtir,tirtir,0
2022-07-10,tirtir,tirtir,0
2022-07-17,tirtir,tirtir,0
2022-07-24,tirtir,tirtir,0
2022-07-31,tirtir,tirtir,0
2022-08-07,tirtir,tirtir,0
2022-08-14,tirtir,tirtir,0
2022-08-21,tirtir,tirtir,0
2022-08-28,tirtir,tirtir,0
2022-09-04,tirtir,tirtir,0
2022-09-11,tirtir,tirtir,0
2022-09-18,tirtir,tirtir,0
2022-09-25,tirtir,tirtir,0
2022-10-02,tirtir,tirtir,0
2022-10-09,tirtir,tirtir,0
2022-10-16,tirtir,tirtir,0
2022-10-23,tirtir,tirtir,0
2022-10-30,tirtir,tirtir,0
2022-11-06,tirtir,tirtir,0
2022-11-13,tirtir,tirtir,0
2022-11-20,tirtir,tirtir,0
2022-11-27,tirtir,tirtir,0
2022-12-04,tirtir,tirtir,0
2022-12-11,tirtir,tirtir,0
2022-12-18,tirtir,tirtir,0
2022-12-25,tirtir,tirtir,0
2023-01-01,tirtir,tirtir,0
2023-01-08,tirtir,tirtir,0
2023-01-15,tirtir,tirtir,0
2023-01-22,tirtir,tirtir,0
2023-01-29,tirtir,tirtir,0
2023-02-05,tirtir,tirtir,0
2023-02-12,tirtir,tirtir,0
2023-02-19,tirtir,tirtir,0
2023-02-26,tirtir,tirtir,0
2023-03-05,tirtir,tirtir,0
2023-03-12,tirtir,tirtir,0
2023-03-19,tirtir,tirtir,0
2023-03-26,tirtir,tirtir,0
2023-04-02,tirtir,tirtir,0
2023-04-09,tirtir,tirtir,0
2023-04-16,tirtir,tirtir,0
2023-04-23,tirtir,tirtir,0
2023-04-30,tirtir,tirtir,0
2023-05-07,tirtir,tirtir,0
2023-05-14,tirtir,tirtir,0
2023-05-21,tirtir,tirtir,0
2023-05-28,tirtir,tirtir,0
2023-06-04,tirtir,tirtir,0
2023-06-11,tirtir,tirtir,0
2023-06-18,tirtir,tirtir,0
2023-06-25,tirtir,tirtir,0
2023-07-02,tirtir,tirtir,0
2023-07-09,tirtir,tirtir,9
2023-07-16,tirtir,tirtir,6
2023-07-23,tirtir,tirtir,0
2023-07-30,tirtir,tirtir,0
2023-08-06,tirtir,tirtir,0
2023-08-13,tirtir,tirtir,0
2023-08-20,tirtir,tirtir,0
2023-08-27,tirtir,tirtir,0
2023-09-03,tirtir,tirtir,0
2023-09-10,tirtir,tirtir,0
2023-09-17,tirtir,tirtir,0
2023-09-24,tirtir,tirtir,0
2023-10-01,tirtir,tirtir,0
2023-10-08,tirtir,tirtir,0
2023-10-15,tirtir,tirtir,0
2023-10-22,tirtir,tirtir,5
2023-10-29,tirtir,tirtir,6
2023-11-05,tirtir,tirtir,9
2023-11-12,tirtir,tirtir,10
2023-11-19,tirtir,tirtir,18
2023-11-26,tirtir,tirtir,14
2023-12-03,tirtir,tirtir,12
2023-12-10,tirtir,tirtir,15
2023-12-17,tirtir,tirtir,17
2023-12-24,tirtir,tirtir,20
2023-12-31,tirtir,tirtir,14
2024-01-07,tirtir,tirtir,17
2024-01-14,tirtir,tirtir,16
2024-01-21,tirtir,tirtir,19
2024-01-28,tirtir,tirtir,11
2024-02-04,tirtir,tirtir,19
2024-02-11,tirtir,tirtir,19
2024-02-18,tirtir,tirtir,21
2024-02-25,tirtir,tirtir,13
2024-03-03,tirtir,tirtir,15
2024-03-10,tirtir,tirtir,18
2024-03-17,tirtir,tirtir,14
2024-03-24,tirtir,tirtir,17
2024-03-31,tirtir,tirtir,17
2024-04-07,tirtir,tirtir,31
2024-04-14,tirtir,tirtir,21
2024-04-21,tirtir,tirtir,19
2024-04-28,tirtir,tirtir,23
2024-05-05,tirtir,tirtir,26
2024-05-12,tirtir,tirtir,27
2024-05-19,tirtir,tirtir,33
2024-05-26,tirtir,tirtir,44
2024-06-02,tirtir,tirtir,63
2024-06-09,tirtir,tirtir,52
2024-06-16,tirtir,tirtir,40
2024-06-23,tirtir,tirtir,40
2024-06-30,tirtir,tirtir,49
2024-07-07,tirtir,tirtir,41
2024-07-14,tirtir,tirtir,51
2024-07-21,tirtir,tirtir,34
2024-07-28,tirtir,tirtir,33
2024-08-04,tirtir,tirtir,26
2024-08-11,tirtir,tirtir,29
2024-08-18,tirtir,tirtir,34
2024-08-25,tirtir,tirtir,25
2024-09-01,tirtir,tirtir,32
2024-09-08,tirtir,tirtir,27
2024-09-15,tirtir,tirtir,28
2024-09-22,tirtir,tirtir,22
2024-09-29,tirtir,tirtir,26
2024-10-06,tirtir,tirtir,42
2024-10-13,tirtir,tirtir,25
2024-10-20,tirtir,tirtir,23
2024-10-27,tirtir,tirtir,32
2024-11-03,tirtir,tirtir,27
2024-11-10,tirtir,tirtir,33
2024-11-17,tirtir,tirtir,36
2024-11-24,tirtir,tirtir,60
2024-12-01,tirtir,tirtir,36
2024-12-08,tirtir,tirtir,31
2024-12-15,tirtir,tirtir,34
2024-12-22,tirtir,tirtir,43
2024-12-29,tirtir,tirtir,36
2025-01-05,tirtir,tirtir,33
2025-01-12,tirtir,tirtir,31
2025-01-19,tirtir,tirtir,42
2025-01-26,tirtir,tirtir,34
2025-02-02,tirtir,tirtir,30
2025-02-09,tirtir,tirtir,42
2025-02-16,tirtir,tirtir,37
2025-02-23,tirtir,tirtir,34
2025-03-02,tirtir,tirtir,30
2025-03-09,tirtir,tirtir,32
2025-03-16,tirtir,tirtir,32
2025-03-23,tirtir,tirtir,37
2025-03-30,tirtir,tirtir,36
2025-04-06,tirtir,tirtir,38
2025-04-13,tirtir,tirtir,40
2025-04-20,tirtir,tirtir,31
2025-04-27,tirtir,tirtir,38
2025-05-04,tirtir,tirtir,34
2025-05-11,tirtir,tirtir,43
2025-05-18,tirtir,tirtir,33
2025-05-25,tirtir,tirtir,49
2025-06-01,tirtir,tirtir,54
2025-06-08,tirtir,tirtir,37
2025-06-15,tirtir,tirtir,42
2025-06-22,tirtir,tirtir,34
2025-06-29,tirtir,tirtir,37
2025-07-06,tirtir,tirtir,79
2025-07-13,tirtir,tirtir,39
2025-07-20,tirtir,tirtir,46
2025-07-27,tirtir,tirtir,44
2025-08-03,tirtir,tirtir,43
2025-08-10,tirtir,tirtir,44
2025-08-17,tirtir,tirtir,50
2025-08-24,tirtir,tirtir,39
2025-08-31,tirtir,tirtir,38
2025-09-07,tirtir,tirtir,33
2025-09-14,tirtir,tirtir,33
2025-09-21,tirtir,tirtir,37
2025-09-28,tirtir,tirtir,44
2025-10-05,tirtir,tirtir,43
2025-10-12,tirtir,tirtir,42
2025-10-19,tirtir,tirtir,47
2025-10-26,tirtir,tirtir,43
2025-11-02,tirtir,tirtir,48
2025-11-09,tirtir,tirtir,53
2025-11-16,tirtir,tirtir,69
2025-11-23,tirtir,tirtir,77
2025-11-30,tirtir,tirtir,57
2025-12-07,tirtir,tirtir,43
2025-12-14,tirtir,tirtir,56
2025-12-21,tirtir,tirtir,62
2025-12-28,tirtir,tirtir,63
2026-01-04,tirtir,tirtir,49
2026-01-11,tirtir,tirtir,45
2026-01-18,tirtir,tirtir,43
2026-01-25,tirtir,tirtir,52
2026-02-01,tirtir,tirtir,45
2026-02-08,tirtir,tirtir,35
2026-02-15,tirtir,tirtir,41
2026-02-22,tirtir,tirtir,37
2026-03-01,tirtir,tirtir,39
2026-03-08,tirtir,tirtir,43
2026-03-15,tirtir,tirtir,52
2026-03-22,tirtir,tirtir,54
2026-03-29,tirtir,tirtir,79
2026-04-05,tirtir,tirtir,78
2026-04-12,tirtir,tirtir,100
2026-04-19,tirtir,tirtir,74
2026-04-26,tirtir,tirtir,51
2026-05-03,tirtir,tirtir,59
2026-05-10,tirtir,tirtir,65
2026-05-17,tirtir,tirtir,71
2026-05-24,tirtir,tirtir,59
2026-05-31,tirtir,tirtir,54
2026-06-07,tirtir,tirtir,51
2026-06-14,tirtir,tirtir,45
2026-06-21,tirtir,tirtir,65
2026-06-28,tirtir,tirtir,47
2026-07-05,tirtir,tirtir,51
2026-07-12,tirtir,tirtir,38
2026-07-19,tirtir,tirtir,31
2026-07-26,tirtir,tirtir,31
2026-08-02,tirtir,tirtir,39
2026-08-09,tirtir,tirtir,28
2026-08-16,tirtir,tirtir,30
2026-08-23,tirtir,tirtir,31
2026-08-30,tirtir,tirtir,33
2026-09-06,tirtir,tirtir,32
2021-09-05,beauty of joseon,beauty of joseon,0
2021-09-12,beauty of joseon,beauty of joseon,0
2021-09-19,beauty of joseon,beauty of joseon,0
2021-09-26,beauty of joseon,beauty of joseon,0
2021-10-03,beauty of joseon,beauty of joseon,0
2021-10-10,beauty of joseon,beauty of joseon,0
2021-10-17,beauty of joseon,beauty of joseon,0
2021-10-24,beauty of joseon,beauty of joseon,0
2021-10-31,beauty of joseon,beauty of joseon,0
2021-11-07,beauty of joseon,beauty of joseon,0
2021-11-14,beauty of joseon,beauty of joseon,0
2021-11-21,beauty of joseon,beauty of joseon,0
2021-11-28,beauty of joseon,beauty of joseon,0
2021-12-05,beauty of joseon,beauty of joseon,0
2021-12-12,beauty of joseon,beauty of joseon,0
2021-12-19,beauty of joseon,beauty of joseon,0
2021-12-26,beauty of joseon,beauty of joseon,3
2022-01-02,beauty of joseon,beauty of joseon,4
2022-01-09,beauty of joseon,beauty of joseon,0
2022-01-16,beauty of joseon,beauty of joseon,2
2022-01-23,beauty of joseon,beauty of joseon,0
2022-01-30,beauty of joseon,beauty of joseon,3
2022-02-06,beauty of joseon,beauty of joseon,3
2022-02-13,beauty of joseon,beauty of joseon,4
2022-02-20,beauty of joseon,beauty of joseon,3
2022-02-27,beauty of joseon,beauty of joseon,3
2022-03-06,beauty of joseon,beauty of joseon,4
2022-03-13,beauty of joseon,beauty of joseon,4
2022-03-20,beauty of joseon,beauty of joseon,4
2022-03-27,beauty of joseon,beauty of joseon,4
2022-04-03,beauty of joseon,beauty of joseon,4
2022-04-10,beauty of joseon,beauty of joseon,5
2022-04-17,beauty of joseon,beauty of joseon,6
2022-04-24,beauty of joseon,beauty of joseon,6
2022-05-01,beauty of joseon,beauty of joseon,5
2022-05-08,beauty of joseon,beauty of joseon,4
2022-05-15,beauty of joseon,beauty of joseon,6
2022-05-22,beauty of joseon,beauty of joseon,8
2022-05-29,beauty of joseon,beauty of joseon,5
2022-06-05,beauty of joseon,beauty of joseon,9
2022-06-12,beauty of joseon,beauty of joseon,7
2022-06-19,beauty of joseon,beauty of joseon,9
2022-06-26,beauty of joseon,beauty of joseon,7
2022-07-03,beauty of joseon,beauty of joseon,9
2022-07-10,beauty of joseon,beauty of joseon,9
2022-07-17,beauty of joseon,beauty of joseon,11
2022-07-24,beauty of joseon,beauty of joseon,10
2022-07-31,beauty of joseon,beauty of joseon,10
2022-08-07,beauty of joseon,beauty of joseon,11
2022-08-14,beauty of joseon,beauty of joseon,9
2022-08-21,beauty of joseon,beauty of joseon,10
2022-08-28,beauty of joseon,beauty of joseon,8
2022-09-04,beauty of joseon,beauty of joseon,8
2022-09-11,beauty of joseon,beauty of joseon,8
2022-09-18,beauty of joseon,beauty of joseon,8
2022-09-25,beauty of joseon,beauty of joseon,9
2022-10-02,beauty of joseon,beauty of joseon,8
2022-10-09,beauty of joseon,beauty of joseon,6
2022-10-16,beauty of joseon,beauty of joseon,8
2022-10-23,beauty of joseon,beauty of joseon,7
2022-10-30,beauty of joseon,beauty of joseon,8
2022-11-06,beauty of joseon,beauty of joseon,9
2022-11-13,beauty of joseon,beauty of joseon,7
2022-11-20,beauty of joseon,beauty of joseon,15
2022-11-27,beauty of joseon,beauty of joseon,12
2022-12-04,beauty of joseon,beauty of joseon,11
2022-12-11,beauty of joseon,beauty of joseon,9
2022-12-18,beauty of joseon,beauty of joseon,11
2022-12-25,beauty of joseon,beauty of joseon,18
2023-01-01,beauty of joseon,beauty of joseon,20
2023-01-08,beauty of joseon,beauty of joseon,17
2023-01-15,beauty of joseon,beauty of joseon,19
2023-01-22,beauty of joseon,beauty of joseon,16
2023-01-29,beauty of joseon,beauty of joseon,16
2023-02-05,beauty of joseon,beauty of joseon,16
2023-02-12,beauty of joseon,beauty of joseon,17
2023-02-19,beauty of joseon,beauty of joseon,19
2023-02-26,beauty of joseon,beauty of joseon,19
2023-03-05,beauty of joseon,beauty of joseon,17
2023-03-12,beauty of joseon,beauty of joseon,18
2023-03-19,beauty of joseon,beauty of joseon,22
2023-03-26,beauty of joseon,beauty of joseon,18
2023-04-02,beauty of joseon,beauty of joseon,19
2023-04-09,beauty of joseon,beauty of joseon,20
2023-04-16,beauty of joseon,beauty of joseon,23
2023-04-23,beauty of joseon,beauty of joseon,22
2023-04-30,beauty of joseon,beauty of joseon,21
2023-05-07,beauty of joseon,beauty of joseon,23
2023-05-14,beauty of joseon,beauty of joseon,23
2023-05-21,beauty of joseon,beauty of joseon,25
2023-05-28,beauty of joseon,beauty of joseon,27
2023-06-04,beauty of joseon,beauty of joseon,24
2023-06-11,beauty of joseon,beauty of joseon,23
2023-06-18,beauty of joseon,beauty of joseon,25
2023-06-25,beauty of joseon,beauty of joseon,25
2023-07-02,beauty of joseon,beauty of joseon,21
2023-07-09,beauty of joseon,beauty of joseon,31
2023-07-16,beauty of joseon,beauty of joseon,22
2023-07-23,beauty of joseon,beauty of joseon,25
2023-07-30,beauty of joseon,beauty of joseon,29
2023-08-06,beauty of joseon,beauty of joseon,28
2023-08-13,beauty of joseon,beauty of joseon,30
2023-08-20,beauty of joseon,beauty of joseon,21
2023-08-27,beauty of joseon,beauty of joseon,21
2023-09-03,beauty of joseon,beauty of joseon,21
2023-09-10,beauty of joseon,beauty of joseon,19
2023-09-17,beauty of joseon,beauty of joseon,17
2023-09-24,beauty of joseon,beauty of joseon,19
2023-10-01,beauty of joseon,beauty of joseon,17
2023-10-08,beauty of joseon,beauty of joseon,20
2023-10-15,beauty of joseon,beauty of joseon,20
2023-10-22,beauty of joseon,beauty of joseon,18
2023-10-29,beauty of joseon,beauty of joseon,17
2023-11-05,beauty of joseon,beauty of joseon,21
2023-11-12,beauty of joseon,beauty of joseon,22
2023-11-19,beauty of joseon,beauty of joseon,35
2023-11-26,beauty of joseon,beauty of joseon,27
2023-12-03,beauty of joseon,beauty of joseon,23
2023-12-10,beauty of joseon,beauty of joseon,23
2023-12-17,beauty of joseon,beauty of joseon,27
2023-12-24,beauty of joseon,beauty of joseon,35
2023-12-31,beauty of joseon,beauty of joseon,34
2024-01-07,beauty of joseon,beauty of joseon,31
2024-01-14,beauty of joseon,beauty of joseon,31
2024-01-21,beauty of joseon,beauty of joseon,29
2024-01-28,beauty of joseon,beauty of joseon,29
2024-02-04,beauty of joseon,beauty of joseon,32
2024-02-11,beauty of joseon,beauty of joseon,26
2024-02-18,beauty of joseon,beauty of joseon,35
2024-02-25,beauty of joseon,beauty of joseon,30
2024-03-03,beauty of joseon,beauty of joseon,31
2024-03-10,beauty of joseon,beauty of joseon,32
2024-03-17,beauty of joseon,beauty of joseon,38
2024-03-24,beauty of joseon,beauty of joseon,35
2024-03-31,beauty of joseon,beauty of joseon,34
2024-04-07,beauty of joseon,beauty of joseon,32
2024-04-14,beauty of joseon,beauty of joseon,35
2024-04-21,beauty of joseon,beauty of joseon,35
2024-04-28,beauty of joseon,beauty of joseon,32
2024-05-05,beauty of joseon,beauty of joseon,31
2024-05-12,beauty of joseon,beauty of joseon,31
2024-05-19,beauty of joseon,beauty of joseon,32
2024-05-26,beauty of joseon,beauty of joseon,38
2024-06-02,beauty of joseon,beauty of joseon,42
2024-06-09,beauty of joseon,beauty of joseon,38
2024-06-16,beauty of joseon,beauty of joseon,41
2024-06-23,beauty of joseon,beauty of joseon,39
2024-06-30,beauty of joseon,beauty of joseon,39
2024-07-07,beauty of joseon,beauty of joseon,37
2024-07-14,beauty of joseon,beauty of joseon,42
2024-07-21,beauty of joseon,beauty of joseon,39
2024-07-28,beauty of joseon,beauty of joseon,34
2024-08-04,beauty of joseon,beauty of joseon,33
2024-08-11,beauty of joseon,beauty of joseon,34
2024-08-18,beauty of joseon,beauty of joseon,35
2024-08-25,beauty of joseon,beauty of joseon,37
2024-09-01,beauty of joseon,beauty of joseon,35
2024-09-08,beauty of joseon,beauty of joseon,32
2024-09-15,beauty of joseon,beauty of joseon,30
2024-09-22,beauty of joseon,beauty of joseon,29
2024-09-29,beauty of joseon,beauty of joseon,27
2024-10-06,beauty of joseon,beauty of joseon,33
2024-10-13,beauty of joseon,beauty of joseon,46
2024-10-20,beauty of joseon,beauty of joseon,32
2024-10-27,beauty of joseon,beauty of joseon,26
2024-11-03,beauty of joseon,beauty of joseon,30
2024-11-10,beauty of joseon,beauty of joseon,32
2024-11-17,beauty of joseon,beauty of joseon,34
2024-11-24,beauty of joseon,beauty of joseon,48
2024-12-01,beauty of joseon,beauty of joseon,36
2024-12-08,beauty of joseon,beauty of joseon,30
2024-12-15,beauty of joseon,beauty of joseon,36
2024-12-22,beauty of joseon,beauty of joseon,41
2024-12-29,beauty of joseon,beauty of joseon,45
2025-01-05,beauty of joseon,beauty of joseon,38
2025-01-12,beauty of joseon,beauty of joseon,34
2025-01-19,beauty of joseon,beauty of joseon,35
2025-01-26,beauty of joseon,beauty of joseon,37
2025-02-02,beauty of joseon,beauty of joseon,38
2025-02-09,beauty of joseon,beauty of joseon,32
2025-02-16,beauty of joseon,beauty of joseon,37
2025-02-23,beauty of joseon,beauty of joseon,37
2025-03-02,beauty of joseon,beauty of joseon,35
2025-03-09,beauty of joseon,beauty of joseon,47
2025-03-16,beauty of joseon,beauty of joseon,40
2025-03-23,beauty of joseon,beauty of joseon,40
2025-03-30,beauty of joseon,beauty of joseon,46
2025-04-06,beauty of joseon,beauty of joseon,49
2025-04-13,beauty of joseon,beauty of joseon,46
2025-04-20,beauty of joseon,beauty of joseon,41
2025-04-27,beauty of joseon,beauty of joseon,40
2025-05-04,beauty of joseon,beauty of joseon,40
2025-05-11,beauty of joseon,beauty of joseon,43
2025-05-18,beauty of joseon,beauty of joseon,42
2025-05-25,beauty of joseon,beauty of joseon,46
2025-06-01,beauty of joseon,beauty of joseon,43
2025-06-08,beauty of joseon,beauty of joseon,45
2025-06-15,beauty of joseon,beauty of joseon,41
2025-06-22,beauty of joseon,beauty of joseon,41
2025-06-29,beauty of joseon,beauty of joseon,40
2025-07-06,beauty of joseon,beauty of joseon,48
2025-07-13,beauty of joseon,beauty of joseon,46
2025-07-20,beauty of joseon,beauty of joseon,46
2025-07-27,beauty of joseon,beauty of joseon,51
2025-08-03,beauty of joseon,beauty of joseon,39
2025-08-10,beauty of joseon,beauty of joseon,35
2025-08-17,beauty of joseon,beauty of joseon,36
2025-08-24,beauty of joseon,beauty of joseon,31
2025-08-31,beauty of joseon,beauty of joseon,33
2025-09-07,beauty of joseon,beauty of joseon,27
2025-09-14,beauty of joseon,beauty of joseon,27
2025-09-21,beauty of joseon,beauty of joseon,26
2025-09-28,beauty of joseon,beauty of joseon,25
2025-10-05,beauty of joseon,beauty of joseon,35
2025-10-12,beauty of joseon,beauty of joseon,30
2025-10-19,beauty of joseon,beauty of joseon,26
2025-10-26,beauty of joseon,beauty of joseon,29
2025-11-02,beauty of joseon,beauty of joseon,35
2025-11-09,beauty of joseon,beauty of joseon,37
2025-11-16,beauty of joseon,beauty of joseon,31
2025-11-23,beauty of joseon,beauty of joseon,49
2025-11-30,beauty of joseon,beauty of joseon,41
2025-12-07,beauty of joseon,beauty of joseon,36
2025-12-14,beauty of joseon,beauty of joseon,33
2025-12-21,beauty of joseon,beauty of joseon,38
2025-12-28,beauty of joseon,beauty of joseon,45
2026-01-04,beauty of joseon,beauty of joseon,34
2026-01-11,beauty of joseon,beauty of joseon,35
2026-01-18,beauty of joseon,beauty of joseon,40
2026-01-25,beauty of joseon,beauty of joseon,40
2026-02-01,beauty of joseon,beauty of joseon,40
2026-02-08,beauty of joseon,beauty of joseon,31
2026-02-15,beauty of joseon,beauty of joseon,31
2026-02-22,beauty of joseon,beauty of joseon,33
2026-03-01,beauty of joseon,beauty of joseon,35
2026-03-08,beauty of joseon,beauty of joseon,44
2026-03-15,beauty of joseon,beauty of joseon,44
2026-03-22,beauty of joseon,beauty of joseon,58
2026-03-29,beauty of joseon,beauty of joseon,79
2026-04-05,beauty of joseon,beauty of joseon,87
2026-04-12,beauty of joseon,beauty of joseon,100
2026-04-19,beauty of joseon,beauty of joseon,75
2026-04-26,beauty of joseon,beauty of joseon,56
2026-05-03,beauty of joseon,beauty of joseon,61
2026-05-10,beauty of joseon,beauty of joseon,76
2026-05-17,beauty of joseon,beauty of joseon,81
2026-05-24,beauty of joseon,beauty of joseon,73
2026-05-31,beauty of joseon,beauty of joseon,68
2026-06-07,beauty of joseon,beauty of joseon,70
2026-06-14,beauty of joseon,beauty of joseon,63
2026-06-21,beauty of joseon,beauty of joseon,76
2026-06-28,beauty of joseon,beauty of joseon,57
2026-07-05,beauty of joseon,beauty of joseon,53
2026-07-12,beauty of joseon,beauty of joseon,42
2026-07-19,beauty of joseon,beauty of joseon,40
2026-07-26,beauty of joseon,beauty of joseon,40
2026-08-02,beauty of joseon,beauty of joseon,43
2026-08-09,beauty of joseon,beauty of joseon,40
2026-08-16,beauty of joseon,beauty of joseon,31
2026-08-23,beauty of joseon,beauty of joseon,35
2026-08-30,beauty of joseon,beauty of joseon,30
2026-09-06,beauty of joseon,beauty of joseon,30
2021-09-05,torriden,torriden,0
2021-09-12,torriden,torriden,0
2021-09-19,torriden,torriden,0
2021-09-26,torriden,torriden,0
2021-10-03,torriden,torriden,0
2021-10-10,torriden,torriden,0
2021-10-17,torriden,torriden,0
2021-10-24,torriden,torriden,0
2021-10-31,torriden,torriden,0
2021-11-07,torriden,torriden,0
2021-11-14,torriden,torriden,0
2021-11-21,torriden,torriden,0
2021-11-28,torriden,torriden,0
2021-12-05,torriden,torriden,0
2021-12-12,torriden,torriden,0
2021-12-19,torriden,torriden,0
2021-12-26,torriden,torriden,0
2022-01-02,torriden,torriden,0
2022-01-09,torriden,torriden,0
2022-01-16,torriden,torriden,0
2022-01-23,torriden,torriden,0
2022-01-30,torriden,torriden,0
2022-02-06,torriden,torriden,0
2022-02-13,torriden,torriden,0
2022-02-20,torriden,torriden,0
2022-02-27,torriden,torriden,0
2022-03-06,torriden,torriden,0
2022-03-13,torriden,torriden,0
2022-03-20,torriden,torriden,0
2022-03-27,torriden,torriden,0
2022-04-03,torriden,torriden,0
2022-04-10,torriden,torriden,0
2022-04-17,torriden,torriden,0
2022-04-24,torriden,torriden,0
2022-05-01,torriden,torriden,0
2022-05-08,torriden,torriden,0
2022-05-15,torriden,torriden,0
2022-05-22,torriden,torriden,0
2022-05-29,torriden,torriden,0
2022-06-05,torriden,torriden,8
2022-06-12,torriden,torriden,0
2022-06-19,torriden,torriden,0
2022-06-26,torriden,torriden,0
2022-07-03,torriden,torriden,0
2022-07-10,torriden,torriden,0
2022-07-17,torriden,torriden,0
2022-07-24,torriden,torriden,0
2022-07-31,torriden,torriden,0
2022-08-07,torriden,torriden,0
2022-08-14,torriden,torriden,0
2022-08-21,torriden,torriden,0
2022-08-28,torriden,torriden,0
2022-09-04,torriden,torriden,0
2022-09-11,torriden,torriden,0
2022-09-18,torriden,torriden,0
2022-09-25,torriden,torriden,0
2022-10-02,torriden,torriden,0
2022-10-09,torriden,torriden,0
2022-10-16,torriden,torriden,0
2022-10-23,torriden,torriden,0
2022-10-30,torriden,torriden,0
2022-11-06,torriden,torriden,0
2022-11-13,torriden,torriden,0
2022-11-20,torriden,torriden,0
2022-11-27,torriden,torriden,0
2022-12-04,torriden,torriden,0
2022-12-11,torriden,torriden,0
2022-12-18,torriden,torriden,0
2022-12-25,torriden,torriden,0
2023-01-01,torriden,torriden,0
2023-01-08,torriden,torriden,0
2023-01-15,torriden,torriden,0
2023-01-22,torriden,torriden,0
2023-01-29,torriden,torriden,0
2023-02-05,torriden,torriden,0
2023-02-12,torriden,torriden,0
2023-02-19,torriden,torriden,0
2023-02-26,torriden,torriden,0
2023-03-05,torriden,torriden,0
2023-03-12,torriden,torriden,0
2023-03-19,torriden,torriden,0
2023-03-26,torriden,torriden,0
2023-04-02,torriden,torriden,0
2023-04-09,torriden,torriden,8
2023-04-16,torriden,torriden,0
2023-04-23,torriden,torriden,0
2023-04-30,torriden,torriden,6
2023-05-07,torriden,torriden,0
2023-05-14,torriden,torriden,0
2023-05-21,torriden,torriden,0
2023-05-28,torriden,torriden,7
2023-06-04,torriden,torriden,8
2023-06-11,torriden,torriden,11
2023-06-18,torriden,torriden,19
2023-06-25,torriden,torriden,17
2023-07-02,torriden,torriden,15
2023-07-09,torriden,torriden,18
2023-07-16,torriden,torriden,14
2023-07-23,torriden,torriden,10
2023-07-30,torriden,torriden,6
2023-08-06,torriden,torriden,17
2023-08-13,torriden,torriden,12
2023-08-20,torriden,torriden,10
2023-08-27,torriden,torriden,10
2023-09-03,torriden,torriden,11
2023-09-10,torriden,torriden,18
2023-09-17,torriden,torriden,20
2023-09-24,torriden,torriden,15
2023-10-01,torriden,torriden,17
2023-10-08,torriden,torriden,18
2023-10-15,torriden,torriden,13
2023-10-22,torriden,torriden,12
2023-10-29,torriden,torriden,20
2023-11-05,torriden,torriden,17
2023-11-12,torriden,torriden,18
2023-11-19,torriden,torriden,22
2023-11-26,torriden,torriden,25
2023-12-03,torriden,torriden,25
2023-12-10,torriden,torriden,10
2023-12-17,torriden,torriden,24
2023-12-24,torriden,torriden,25
2023-12-31,torriden,torriden,24
2024-01-07,torriden,torriden,20
2024-01-14,torriden,torriden,26
2024-01-21,torriden,torriden,32
2024-01-28,torriden,torriden,22
2024-02-04,torriden,torriden,18
2024-02-11,torriden,torriden,21
2024-02-18,torriden,torriden,23
2024-02-25,torriden,torriden,22
2024-03-03,torriden,torriden,27
2024-03-10,torriden,torriden,20
2024-03-17,torriden,torriden,22
2024-03-24,torriden,torriden,21
2024-03-31,torriden,torriden,21
2024-04-07,torriden,torriden,17
2024-04-14,torriden,torriden,25
2024-04-21,torriden,torriden,20
2024-04-28,torriden,torriden,14
2024-05-05,torriden,torriden,20
2024-05-12,torriden,torriden,20
2024-05-19,torriden,torriden,15
2024-05-26,torriden,torriden,22
2024-06-02,torriden,torriden,28
2024-06-09,torriden,torriden,19
2024-06-16,torriden,torriden,22
2024-06-23,torriden,torriden,22
2024-06-30,torriden,torriden,27
2024-07-07,torriden,torriden,22
2024-07-14,torriden,torriden,28
2024-07-21,torriden,torriden,17
2024-07-28,torriden,torriden,24
2024-08-04,torriden,torriden,35
2024-08-11,torriden,torriden,24
2024-08-18,torriden,torriden,20
2024-08-25,torriden,torriden,26
2024-09-01,torriden,torriden,29
2024-09-08,torriden,torriden,18
2024-09-15,torriden,torriden,22
2024-09-22,torriden,torriden,26
2024-09-29,torriden,torriden,27
2024-10-06,torriden,torriden,25
2024-10-13,torriden,torriden,20
2024-10-20,torriden,torriden,24
2024-10-27,torriden,torriden,25
2024-11-03,torriden,torriden,18
2024-11-10,torriden,torriden,25
2024-11-17,torriden,torriden,27
2024-11-24,torriden,torriden,41
2024-12-01,torriden,torriden,25
2024-12-08,torriden,torriden,29
2024-12-15,torriden,torriden,32
2024-12-22,torriden,torriden,42
2024-12-29,torriden,torriden,37
2025-01-05,torriden,torriden,36
2025-01-12,torriden,torriden,37
2025-01-19,torriden,torriden,35
2025-01-26,torriden,torriden,30
2025-02-02,torriden,torriden,33
2025-02-09,torriden,torriden,47
2025-02-16,torriden,torriden,50
2025-02-23,torriden,torriden,39
2025-03-02,torriden,torriden,36
2025-03-09,torriden,torriden,37
2025-03-16,torriden,torriden,38
2025-03-23,torriden,torriden,38
2025-03-30,torriden,torriden,40
2025-04-06,torriden,torriden,46
2025-04-13,torriden,torriden,34
2025-04-20,torriden,torriden,33
2025-04-27,torriden,torriden,35
2025-05-04,torriden,torriden,29
2025-05-11,torriden,torriden,44
2025-05-18,torriden,torriden,40
2025-05-25,torriden,torriden,34
2025-06-01,torriden,torriden,33
2025-06-08,torriden,torriden,27
2025-06-15,torriden,torriden,33
2025-06-22,torriden,torriden,35
2025-06-29,torriden,torriden,29
2025-07-06,torriden,torriden,60
2025-07-13,torriden,torriden,41
2025-07-20,torriden,torriden,46
2025-07-27,torriden,torriden,39
2025-08-03,torriden,torriden,32
2025-08-10,torriden,torriden,34
2025-08-17,torriden,torriden,29
2025-08-24,torriden,torriden,29
2025-08-31,torriden,torriden,32
2025-09-07,torriden,torriden,26
2025-09-14,torriden,torriden,28
2025-09-21,torriden,torriden,25
2025-09-28,torriden,torriden,24
2025-10-05,torriden,torriden,30
2025-10-12,torriden,torriden,34
2025-10-19,torriden,torriden,35
2025-10-26,torriden,torriden,38
2025-11-02,torriden,torriden,38
2025-11-09,torriden,torriden,40
2025-11-16,torriden,torriden,38
2025-11-23,torriden,torriden,46
2025-11-30,torriden,torriden,40
2025-12-07,torriden,torriden,38
2025-12-14,torriden,torriden,37
2025-12-21,torriden,torriden,35
2025-12-28,torriden,torriden,41
2026-01-04,torriden,torriden,33
2026-01-11,torriden,torriden,39
2026-01-18,torriden,torriden,51
2026-01-25,torriden,torriden,43
2026-02-01,torriden,torriden,50
2026-02-08,torriden,torriden,41
2026-02-15,torriden,torriden,51
2026-02-22,torriden,torriden,44
2026-03-01,torriden,torriden,49
2026-03-08,torriden,torriden,53
2026-03-15,torriden,torriden,52
2026-03-22,torriden,torriden,53
2026-03-29,torriden,torriden,89
2026-04-05,torriden,torriden,96
2026-04-12,torriden,torriden,100
2026-04-19,torriden,torriden,88
2026-04-26,torriden,torriden,76
2026-05-03,torriden,torriden,82
2026-05-10,torriden,torriden,79
2026-05-17,torriden,torriden,88
2026-05-24,torriden,torriden,68
2026-05-31,torriden,torriden,88
2026-06-07,torriden,torriden,69
2026-06-14,torriden,torriden,60
2026-06-21,torriden,torriden,95
2026-06-28,torriden,torriden,61
2026-07-05,torriden,torriden,58
2026-07-12,torriden,torriden,52
2026-07-19,torriden,torriden,55
2026-07-26,torriden,torriden,57
2026-08-02,torriden,torriden,61
2026-08-09,torriden,torriden,44
2026-08-16,torriden,torriden,54
2026-08-23,torriden,torriden,49
2026-08-30,torriden,torriden,50
2026-09-06,torriden,torriden,46
2021-09-05,skin1004,skin1004,0
2021-09-12,skin1004,skin1004,0
2021-09-19,skin1004,skin1004,0
2021-09-26,skin1004,skin1004,0
2021-10-03,skin1004,skin1004,0
2021-10-10,skin1004,skin1004,0
2021-10-17,skin1004,skin1004,0
2021-10-24,skin1004,skin1004,0
2021-10-31,skin1004,skin1004,0
2021-11-07,skin1004,skin1004,0
2021-11-14,skin1004,skin1004,0
2021-11-21,skin1004,skin1004,0
2021-11-28,skin1004,skin1004,0
2021-12-05,skin1004,skin1004,0
2021-12-12,skin1004,skin1004,0
2021-12-19,skin1004,skin1004,0
2021-12-26,skin1004,skin1004,0
2022-01-02,skin1004,skin1004,3
2022-01-09,skin1004,skin1004,0
2022-01-16,skin1004,skin1004,0
2022-01-23,skin1004,skin1004,0
2022-01-30,skin1004,skin1004,0
2022-02-06,skin1004,skin1004,0
2022-02-13,skin1004,skin1004,0
2022-02-20,skin1004,skin1004,0
2022-02-27,skin1004,skin1004,0
2022-03-06,skin1004,skin1004,0
2022-03-13,skin1004,skin1004,0
2022-03-20,skin1004,skin1004,0
2022-03-27,skin1004,skin1004,2
2022-04-03,skin1004,skin1004,0
2022-04-10,skin1004,skin1004,0
2022-04-17,skin1004,skin1004,0
2022-04-24,skin1004,skin1004,0
2022-05-01,skin1004,skin1004,0
2022-05-08,skin1004,skin1004,0
2022-05-15,skin1004,skin1004,0
2022-05-22,skin1004,skin1004,0
2022-05-29,skin1004,skin1004,0
2022-06-05,skin1004,skin1004,0
2022-06-12,skin1004,skin1004,0
2022-06-19,skin1004,skin1004,0
2022-06-26,skin1004,skin1004,0
2022-07-03,skin1004,skin1004,0
2022-07-10,skin1004,skin1004,0
2022-07-17,skin1004,skin1004,0
2022-07-24,skin1004,skin1004,0
2022-07-31,skin1004,skin1004,0
2022-08-07,skin1004,skin1004,0
2022-08-14,skin1004,skin1004,0
2022-08-21,skin1004,skin1004,0
2022-08-28,skin1004,skin1004,0
2022-09-04,skin1004,skin1004,0
2022-09-11,skin1004,skin1004,0
2022-09-18,skin1004,skin1004,0
2022-09-25,skin1004,skin1004,0
2022-10-02,skin1004,skin1004,0
2022-10-09,skin1004,skin1004,0
2022-10-16,skin1004,skin1004,0
2022-10-23,skin1004,skin1004,0
2022-10-30,skin1004,skin1004,0
2022-11-06,skin1004,skin1004,0
2022-11-13,skin1004,skin1004,0
2022-11-20,skin1004,skin1004,0
2022-11-27,skin1004,skin1004,0
2022-12-04,skin1004,skin1004,0
2022-12-11,skin1004,skin1004,0
2022-12-18,skin1004,skin1004,0
2022-12-25,skin1004,skin1004,0
2023-01-01,skin1004,skin1004,0
2023-01-08,skin1004,skin1004,3
2023-01-15,skin1004,skin1004,0
2023-01-22,skin1004,skin1004,0
2023-01-29,skin1004,skin1004,0
2023-02-05,skin1004,skin1004,0
2023-02-12,skin1004,skin1004,0
2023-02-19,skin1004,skin1004,0
2023-02-26,skin1004,skin1004,0
2023-03-05,skin1004,skin1004,0
2023-03-12,skin1004,skin1004,0
2023-03-19,skin1004,skin1004,0
2023-03-26,skin1004,skin1004,2
2023-04-02,skin1004,skin1004,3
2023-04-09,skin1004,skin1004,2
2023-04-16,skin1004,skin1004,3
2023-04-23,skin1004,skin1004,4
2023-04-30,skin1004,skin1004,3
2023-05-07,skin1004,skin1004,3
2023-05-14,skin1004,skin1004,0
2023-05-21,skin1004,skin1004,2
2023-05-28,skin1004,skin1004,4
2023-06-04,skin1004,skin1004,3
2023-06-11,skin1004,skin1004,3
2023-06-18,skin1004,skin1004,4
2023-06-25,skin1004,skin1004,4
2023-07-02,skin1004,skin1004,3
2023-07-09,skin1004,skin1004,6
2023-07-16,skin1004,skin1004,6
2023-07-23,skin1004,skin1004,5
2023-07-30,skin1004,skin1004,3
2023-08-06,skin1004,skin1004,4
2023-08-13,skin1004,skin1004,3
2023-08-20,skin1004,skin1004,6
2023-08-27,skin1004,skin1004,4
2023-09-03,skin1004,skin1004,3
2023-09-10,skin1004,skin1004,4
2023-09-17,skin1004,skin1004,0
2023-09-24,skin1004,skin1004,0
2023-10-01,skin1004,skin1004,4
2023-10-08,skin1004,skin1004,4
2023-10-15,skin1004,skin1004,3
2023-10-22,skin1004,skin1004,3
2023-10-29,skin1004,skin1004,6
2023-11-05,skin1004,skin1004,6
2023-11-12,skin1004,skin1004,6
2023-11-19,skin1004,skin1004,12
2023-11-26,skin1004,skin1004,10
2023-12-03,skin1004,skin1004,7
2023-12-10,skin1004,skin1004,10
2023-12-17,skin1004,skin1004,10
2023-12-24,skin1004,skin1004,13
2023-12-31,skin1004,skin1004,15
2024-01-07,skin1004,skin1004,11
2024-01-14,skin1004,skin1004,10
2024-01-21,skin1004,skin1004,10
2024-01-28,skin1004,skin1004,10
2024-02-04,skin1004,skin1004,9
2024-02-11,skin1004,skin1004,8
2024-02-18,skin1004,skin1004,11
2024-02-25,skin1004,skin1004,10
2024-03-03,skin1004,skin1004,10
2024-03-10,skin1004,skin1004,12
2024-03-17,skin1004,skin1004,10
2024-03-24,skin1004,skin1004,16
2024-03-31,skin1004,skin1004,12
2024-04-07,skin1004,skin1004,17
2024-04-14,skin1004,skin1004,15
2024-04-21,skin1004,skin1004,15
2024-04-28,skin1004,skin1004,15
2024-05-05,skin1004,skin1004,19
2024-05-12,skin1004,skin1004,15
2024-05-19,skin1004,skin1004,14
2024-05-26,skin1004,skin1004,18
2024-06-02,skin1004,skin1004,19
2024-06-09,skin1004,skin1004,19
2024-06-16,skin1004,skin1004,20
2024-06-23,skin1004,skin1004,20
2024-06-30,skin1004,skin1004,18
2024-07-07,skin1004,skin1004,21
2024-07-14,skin1004,skin1004,20
2024-07-21,skin1004,skin1004,17
2024-07-28,skin1004,skin1004,18
2024-08-04,skin1004,skin1004,20
2024-08-11,skin1004,skin1004,19
2024-08-18,skin1004,skin1004,18
2024-08-25,skin1004,skin1004,19
2024-09-01,skin1004,skin1004,17
2024-09-08,skin1004,skin1004,15
2024-09-15,skin1004,skin1004,14
2024-09-22,skin1004,skin1004,16
2024-09-29,skin1004,skin1004,17
2024-10-06,skin1004,skin1004,15
2024-10-13,skin1004,skin1004,11
2024-10-20,skin1004,skin1004,10
2024-10-27,skin1004,skin1004,11
2024-11-03,skin1004,skin1004,12
2024-11-10,skin1004,skin1004,17
2024-11-17,skin1004,skin1004,16
2024-11-24,skin1004,skin1004,27
2024-12-01,skin1004,skin1004,17
2024-12-08,skin1004,skin1004,13
2024-12-15,skin1004,skin1004,17
2024-12-22,skin1004,skin1004,19
2024-12-29,skin1004,skin1004,23
2025-01-05,skin1004,skin1004,21
2025-01-12,skin1004,skin1004,19
2025-01-19,skin1004,skin1004,16
2025-01-26,skin1004,skin1004,19
2025-02-02,skin1004,skin1004,19
2025-02-09,skin1004,skin1004,20
2025-02-16,skin1004,skin1004,21
2025-02-23,skin1004,skin1004,22
2025-03-02,skin1004,skin1004,23
2025-03-09,skin1004,skin1004,23
2025-03-16,skin1004,skin1004,16
2025-03-23,skin1004,skin1004,22
2025-03-30,skin1004,skin1004,18
2025-04-06,skin1004,skin1004,21
2025-04-13,skin1004,skin1004,21
2025-04-20,skin1004,skin1004,20
2025-04-27,skin1004,skin1004,19
2025-05-04,skin1004,skin1004,24
2025-05-11,skin1004,skin1004,18
2025-05-18,skin1004,skin1004,19
2025-05-25,skin1004,skin1004,25
2025-06-01,skin1004,skin1004,24
2025-06-08,skin1004,skin1004,22
2025-06-15,skin1004,skin1004,21
2025-06-22,skin1004,skin1004,22
2025-06-29,skin1004,skin1004,22
2025-07-06,skin1004,skin1004,18
2025-07-13,skin1004,skin1004,26
2025-07-20,skin1004,skin1004,31
2025-07-27,skin1004,skin1004,32
2025-08-03,skin1004,skin1004,23
2025-08-10,skin1004,skin1004,21
2025-08-17,skin1004,skin1004,15
2025-08-24,skin1004,skin1004,19
2025-08-31,skin1004,skin1004,18
2025-09-07,skin1004,skin1004,12
2025-09-14,skin1004,skin1004,13
2025-09-21,skin1004,skin1004,15
2025-09-28,skin1004,skin1004,18
2025-10-05,skin1004,skin1004,14
2025-10-12,skin1004,skin1004,18
2025-10-19,skin1004,skin1004,17
2025-10-26,skin1004,skin1004,16
2025-11-02,skin1004,skin1004,18
2025-11-09,skin1004,skin1004,18
2025-11-16,skin1004,skin1004,19
2025-11-23,skin1004,skin1004,35
2025-11-30,skin1004,skin1004,23
2025-12-07,skin1004,skin1004,19
2025-12-14,skin1004,skin1004,18
2025-12-21,skin1004,skin1004,25
2025-12-28,skin1004,skin1004,27
2026-01-04,skin1004,skin1004,24
2026-01-11,skin1004,skin1004,27
2026-01-18,skin1004,skin1004,27
2026-01-25,skin1004,skin1004,24
2026-02-01,skin1004,skin1004,24
2026-02-08,skin1004,skin1004,25
2026-02-15,skin1004,skin1004,21
2026-02-22,skin1004,skin1004,21
2026-03-01,skin1004,skin1004,26
2026-03-08,skin1004,skin1004,26
2026-03-15,skin1004,skin1004,27
2026-03-22,skin1004,skin1004,40
2026-03-29,skin1004,skin1004,78
2026-04-05,skin1004,skin1004,87
2026-04-12,skin1004,skin1004,100
2026-04-19,skin1004,skin1004,71
2026-04-26,skin1004,skin1004,53
2026-05-03,skin1004,skin1004,49
2026-05-10,skin1004,skin1004,68
2026-05-17,skin1004,skin1004,75
2026-05-24,skin1004,skin1004,54
2026-05-31,skin1004,skin1004,49
2026-06-07,skin1004,skin1004,53
2026-06-14,skin1004,skin1004,53
2026-06-21,skin1004,skin1004,64
2026-06-28,skin1004,skin1004,38
2026-07-05,skin1004,skin1004,39
2026-07-12,skin1004,skin1004,32
2026-07-19,skin1004,skin1004,32
2026-07-26,skin1004,skin1004,29
2026-08-02,skin1004,skin1004,28
2026-08-09,skin1004,skin1004,28
2026-08-16,skin1004,skin1004,26
2026-08-23,skin1004,skin1004,28
2026-08-30,skin1004,skin1004,28
2026-09-06,skin1004,skin1004,22
2021-09-05,round lab,round lab,0
2021-09-12,round lab,round lab,0
2021-09-19,round lab,round lab,0
2021-09-26,round lab,round lab,0
2021-10-03,round lab,round lab,0
2021-10-10,round lab,round lab,0
2021-10-17,round lab,round lab,0
2021-10-24,round lab,round lab,0
2021-10-31,round lab,round lab,0
2021-11-07,round lab,round lab,0
2021-11-14,round lab,round lab,0
2021-11-21,round lab,round lab,0
2021-11-28,round lab,round lab,0
2021-12-05,round lab,round lab,0
2021-12-12,round lab,round lab,0
2021-12-19,round lab,round lab,0
2021-12-26,round lab,round lab,0
2022-01-02,round lab,round lab,0
2022-01-09,round lab,round lab,4
2022-01-16,round lab,round lab,0
2022-01-23,round lab,round lab,0
2022-01-30,round lab,round lab,0
2022-02-06,round lab,round lab,0
2022-02-13,round lab,round lab,0
2022-02-20,round lab,round lab,0
2022-02-27,round lab,round lab,0
2022-03-06,round lab,round lab,0
2022-03-13,round lab,round lab,3
2022-03-20,round lab,round lab,0
2022-03-27,round lab,round lab,3
2022-04-03,round lab,round lab,4
2022-04-10,round lab,round lab,2
2022-04-17,round lab,round lab,0
2022-04-24,round lab,round lab,0
2022-05-01,round lab,round lab,0
2022-05-08,round lab,round lab,0
2022-05-15,round lab,round lab,0
2022-05-22,round lab,round lab,0
2022-05-29,round lab,round lab,3
2022-06-05,round lab,round lab,0
2022-06-12,round lab,round lab,0
2022-06-19,round lab,round lab,0
2022-06-26,round lab,round lab,0
2022-07-03,round lab,round lab,0
2022-07-10,round lab,round lab,4
2022-07-17,round lab,round lab,0
2022-07-24,round lab,round lab,0
2022-07-31,round lab,round lab,0
2022-08-07,round lab,round lab,3
2022-08-14,round lab,round lab,0
2022-08-21,round lab,round lab,0
2022-08-28,round lab,round lab,0
2022-09-04,round lab,round lab,0
2022-09-11,round lab,round lab,0
2022-09-18,round lab,round lab,0
2022-09-25,round lab,round lab,0
2022-10-02,round lab,round lab,0
2022-10-09,round lab,round lab,0
2022-10-16,round lab,round lab,0
2022-10-23,round lab,round lab,3
2022-10-30,round lab,round lab,3
2022-11-06,round lab,round lab,0
2022-11-13,round lab,round lab,0
2022-11-20,round lab,round lab,0
2022-11-27,round lab,round lab,0
2022-12-04,round lab,round lab,0
2022-12-11,round lab,round lab,0
2022-12-18,round lab,round lab,3
2022-12-25,round lab,round lab,3
2023-01-01,round lab,round lab,5
2023-01-08,round lab,round lab,4
2023-01-15,round lab,round lab,4
2023-01-22,round lab,round lab,3
2023-01-29,round lab,round lab,4
2023-02-05,round lab,round lab,6
2023-02-12,round lab,round lab,4
2023-02-19,round lab,round lab,6
2023-02-26,round lab,round lab,6
2023-03-05,round lab,round lab,7
2023-03-12,round lab,round lab,5
2023-03-19,round lab,round lab,7
2023-03-26,round lab,round lab,8
2023-04-02,round lab,round lab,9
2023-04-09,round lab,round lab,8
2023-04-16,round lab,round lab,7
2023-04-23,round lab,round lab,8
2023-04-30,round lab,round lab,8
2023-05-07,round lab,round lab,9
2023-05-14,round lab,round lab,6
2023-05-21,round lab,round lab,10
2023-05-28,round lab,round lab,9
2023-06-04,round lab,round lab,11
2023-06-11,round lab,round lab,9
2023-06-18,round lab,round lab,8
2023-06-25,round lab,round lab,10
2023-07-02,round lab,round lab,11
2023-07-09,round lab,round lab,9
2023-07-16,round lab,round lab,14
2023-07-23,round lab,round lab,12
2023-07-30,round lab,round lab,17
2023-08-06,round lab,round lab,14
2023-08-13,round lab,round lab,12
2023-08-20,round lab,round lab,13
2023-08-27,round lab,round lab,14
2023-09-03,round lab,round lab,11
2023-09-10,round lab,round lab,10
2023-09-17,round lab,round lab,10
2023-09-24,round lab,round lab,10
2023-10-01,round lab,round lab,8
2023-10-08,round lab,round lab,9
2023-10-15,round lab,round lab,11
2023-10-22,round lab,round lab,8
2023-10-29,round lab,round lab,8
2023-11-05,round lab,round lab,10
2023-11-12,round lab,round lab,10
2023-11-19,round lab,round lab,14
2023-11-26,round lab,round lab,14
2023-12-03,round lab,round lab,9
2023-12-10,round lab,round lab,11
2023-12-17,round lab,round lab,9
2023-12-24,round lab,round lab,17
2023-12-31,round lab,round lab,17
2024-01-07,round lab,round lab,19
2024-01-14,round lab,round lab,14
2024-01-21,round lab,round lab,15
2024-01-28,round lab,round lab,16
2024-02-04,round lab,round lab,13
2024-02-11,round lab,round lab,14
2024-02-18,round lab,round lab,17
2024-02-25,round lab,round lab,16
2024-03-03,round lab,round lab,14
2024-03-10,round lab,round lab,16
2024-03-17,round lab,round lab,15
2024-03-24,round lab,round lab,13
2024-03-31,round lab,round lab,16
2024-04-07,round lab,round lab,17
2024-04-14,round lab,round lab,21
2024-04-21,round lab,round lab,20
2024-04-28,round lab,round lab,14
2024-05-05,round lab,round lab,15
2024-05-12,round lab,round lab,17
2024-05-19,round lab,round lab,19
2024-05-26,round lab,round lab,16
2024-06-02,round lab,round lab,17
2024-06-09,round lab,round lab,15
2024-06-16,round lab,round lab,18
2024-06-23,round lab,round lab,20
2024-06-30,round lab,round lab,19
2024-07-07,round lab,round lab,20
2024-07-14,round lab,round lab,22
2024-07-21,round lab,round lab,17
2024-07-28,round lab,round lab,19
2024-08-04,round lab,round lab,17
2024-08-11,round lab,round lab,17
2024-08-18,round lab,round lab,19
2024-08-25,round lab,round lab,20
2024-09-01,round lab,round lab,21
2024-09-08,round lab,round lab,14
2024-09-15,round lab,round lab,14
2024-09-22,round lab,round lab,13
2024-09-29,round lab,round lab,17
2024-10-06,round lab,round lab,15
2024-10-13,round lab,round lab,21
2024-10-20,round lab,round lab,22
2024-10-27,round lab,round lab,17
2024-11-03,round lab,round lab,19
2024-11-10,round lab,round lab,20
2024-11-17,round lab,round lab,17
2024-11-24,round lab,round lab,26
2024-12-01,round lab,round lab,17
2024-12-08,round lab,round lab,21
2024-12-15,round lab,round lab,21
2024-12-22,round lab,round lab,22
2024-12-29,round lab,round lab,22
2025-01-05,round lab,round lab,21
2025-01-12,round lab,round lab,19
2025-01-19,round lab,round lab,22
2025-01-26,round lab,round lab,17
2025-02-02,round lab,round lab,20
2025-02-09,round lab,round lab,17
2025-02-16,round lab,round lab,22
2025-02-23,round lab,round lab,22
2025-03-02,round lab,round lab,24
2025-03-09,round lab,round lab,24
2025-03-16,round lab,round lab,24
2025-03-23,round lab,round lab,25
2025-03-30,round lab,round lab,26
2025-04-06,round lab,round lab,21
2025-04-13,round lab,round lab,22
2025-04-20,round lab,round lab,20
2025-04-27,round lab,round lab,23
2025-05-04,round lab,round lab,19
2025-05-11,round lab,round lab,18
2025-05-18,round lab,round lab,19
2025-05-25,round lab,round lab,23
2025-06-01,round lab,round lab,26
2025-06-08,round lab,round lab,18
2025-06-15,round lab,round lab,21
2025-06-22,round lab,round lab,21
2025-06-29,round lab,round lab,21
2025-07-06,round lab,round lab,29
2025-07-13,round lab,round lab,25
2025-07-20,round lab,round lab,28
2025-07-27,round lab,round lab,30
2025-08-03,round lab,round lab,26
2025-08-10,round lab,round lab,28
2025-08-17,round lab,round lab,22
2025-08-24,round lab,round lab,19
2025-08-31,round lab,round lab,22
2025-09-07,round lab,round lab,15
2025-09-14,round lab,round lab,23
2025-09-21,round lab,round lab,23
2025-09-28,round lab,round lab,20
2025-10-05,round lab,round lab,19
2025-10-12,round lab,round lab,18
2025-10-19,round lab,round lab,17
2025-10-26,round lab,round lab,17
2025-11-02,round lab,round lab,23
2025-11-09,round lab,round lab,21
2025-11-16,round lab,round lab,23
2025-11-23,round lab,round lab,32
2025-11-30,round lab,round lab,29
2025-12-07,round lab,round lab,17
2025-12-14,round lab,round lab,21
2025-12-21,round lab,round lab,25
2025-12-28,round lab,round lab,27
2026-01-04,round lab,round lab,25
2026-01-11,round lab,round lab,24
2026-01-18,round lab,round lab,24
2026-01-25,round lab,round lab,24
2026-02-01,round lab,round lab,27
2026-02-08,round lab,round lab,25
2026-02-15,round lab,round lab,26
2026-02-22,round lab,round lab,26
2026-03-01,round lab,round lab,25
2026-03-08,round lab,round lab,25
2026-03-15,round lab,round lab,24
2026-03-22,round lab,round lab,41
2026-03-29,round lab,round lab,80
2026-04-05,round lab,round lab,98
2026-04-12,round lab,round lab,100
2026-04-19,round lab,round lab,74
2026-04-26,round lab,round lab,52
2026-05-03,round lab,round lab,55
2026-05-10,round lab,round lab,75
2026-05-17,round lab,round lab,78
2026-05-24,round lab,round lab,57
2026-05-31,round lab,round lab,63
2026-06-07,round lab,round lab,62
2026-06-14,round lab,round lab,53
2026-06-21,round lab,round lab,67
2026-06-28,round lab,round lab,46
2026-07-05,round lab,round lab,46
2026-07-12,round lab,round lab,31
2026-07-19,round lab,round lab,29
2026-07-26,round lab,round lab,34
2026-08-02,round lab,round lab,32
2026-08-09,round lab,round lab,30
2026-08-16,round lab,round lab,29
2026-08-23,round lab,round lab,26
2026-08-30,round lab,round lab,25
2026-09-06,round lab,round lab,24
2021-09-05,biodance,biodance,0
2021-09-12,biodance,biodance,0
2021-09-19,biodance,biodance,0
2021-09-26,biodance,biodance,0
2021-10-03,biodance,biodance,0
2021-10-10,biodance,biodance,0
2021-10-17,biodance,biodance,0
2021-10-24,biodance,biodance,0
2021-10-31,biodance,biodance,0
2021-11-07,biodance,biodance,0
2021-11-14,biodance,biodance,0
2021-11-21,biodance,biodance,0
2021-11-28,biodance,biodance,0
2021-12-05,biodance,biodance,0
2021-12-12,biodance,biodance,0
2021-12-19,biodance,biodance,0
2021-12-26,biodance,biodance,0
2022-01-02,biodance,biodance,0
2022-01-09,biodance,biodance,0
2022-01-16,biodance,biodance,0
2022-01-23,biodance,biodance,0
2022-01-30,biodance,biodance,0
2022-02-06,biodance,biodance,0
2022-02-13,biodance,biodance,0
2022-02-20,biodance,biodance,0
2022-02-27,biodance,biodance,0
2022-03-06,biodance,biodance,0
2022-03-13,biodance,biodance,0
2022-03-20,biodance,biodance,0
2022-03-27,biodance,biodance,0
2022-04-03,biodance,biodance,0
2022-04-10,biodance,biodance,0
2022-04-17,biodance,biodance,0
2022-04-24,biodance,biodance,0
2022-05-01,biodance,biodance,0
2022-05-08,biodance,biodance,0
2022-05-15,biodance,biodance,0
2022-05-22,biodance,biodance,0
2022-05-29,biodance,biodance,0
2022-06-05,biodance,biodance,0
2022-06-12,biodance,biodance,0
2022-06-19,biodance,biodance,0
2022-06-26,biodance,biodance,0
2022-07-03,biodance,biodance,0
2022-07-10,biodance,biodance,0
2022-07-17,biodance,biodance,0
2022-07-24,biodance,biodance,0
2022-07-31,biodance,biodance,0
2022-08-07,biodance,biodance,0
2022-08-14,biodance,biodance,0
2022-08-21,biodance,biodance,0
2022-08-28,biodance,biodance,0
2022-09-04,biodance,biodance,0
2022-09-11,biodance,biodance,0
2022-09-18,biodance,biodance,0
2022-09-25,biodance,biodance,0
2022-10-02,biodance,biodance,0
2022-10-09,biodance,biodance,0
2022-10-16,biodance,biodance,0
2022-10-23,biodance,biodance,0
2022-10-30,biodance,biodance,0
2022-11-06,biodance,biodance,0
2022-11-13,biodance,biodance,0
2022-11-20,biodance,biodance,0
2022-11-27,biodance,biodance,0
2022-12-04,biodance,biodance,0
2022-12-11,biodance,biodance,0
2022-12-18,biodance,biodance,0
2022-12-25,biodance,biodance,0
2023-01-01,biodance,biodance,0
2023-01-08,biodance,biodance,0
2023-01-15,biodance,biodance,0
2023-01-22,biodance,biodance,0
2023-01-29,biodance,biodance,0
2023-02-05,biodance,biodance,0
2023-02-12,biodance,biodance,0
2023-02-19,biodance,biodance,0
2023-02-26,biodance,biodance,0
2023-03-05,biodance,biodance,0
2023-03-12,biodance,biodance,0
2023-03-19,biodance,biodance,0
2023-03-26,biodance,biodance,0
2023-04-02,biodance,biodance,0
2023-04-09,biodance,biodance,0
2023-04-16,biodance,biodance,0
2023-04-23,biodance,biodance,0
2023-04-30,biodance,biodance,0
2023-05-07,biodance,biodance,0
2023-05-14,biodance,biodance,0
2023-05-21,biodance,biodance,0
2023-05-28,biodance,biodance,0
2023-06-04,biodance,biodance,0
2023-06-11,biodance,biodance,0
2023-06-18,biodance,biodance,0
2023-06-25,biodance,biodance,0
2023-07-02,biodance,biodance,0
2023-07-09,biodance,biodance,0
2023-07-16,biodance,biodance,0
2023-07-23,biodance,biodance,0
2023-07-30,biodance,biodance,0
2023-08-06,biodance,biodance,0
2023-08-13,biodance,biodance,0
2023-08-20,biodance,biodance,0
2023-08-27,biodance,biodance,0
2023-09-03,biodance,biodance,0
2023-09-10,biodance,biodance,0
2023-09-17,biodance,biodance,8
2023-09-24,biodance,biodance,4
2023-10-01,biodance,biodance,0
2023-10-08,biodance,biodance,0
2023-10-15,biodance,biodance,0
2023-10-22,biodance,biodance,0
2023-10-29,biodance,biodance,10
2023-11-05,biodance,biodance,14
2023-11-12,biodance,biodance,13
2023-11-19,biodance,biodance,13
2023-11-26,biodance,biodance,6
2023-12-03,biodance,biodance,7
2023-12-10,biodance,biodance,17
2023-12-17,biodance,biodance,16
2023-12-24,biodance,biodance,23
2023-12-31,biodance,biodance,53
2024-01-07,biodance,biodance,40
2024-01-14,biodance,biodance,26
2024-01-21,biodance,biodance,17
2024-01-28,biodance,biodance,14
2024-02-04,biodance,biodance,24
2024-02-11,biodance,biodance,14
2024-02-18,biodance,biodance,19
2024-02-25,biodance,biodance,18
2024-03-03,biodance,biodance,13
2024-03-10,biodance,biodance,17
2024-03-17,biodance,biodance,14
2024-03-24,biodance,biodance,27
2024-03-31,biodance,biodance,20
2024-04-07,biodance,biodance,14
2024-04-14,biodance,biodance,15
2024-04-21,biodance,biodance,25
2024-04-28,biodance,biodance,22
2024-05-05,biodance,biodance,17
2024-05-12,biodance,biodance,27
2024-05-19,biodance,biodance,20
2024-05-26,biodance,biodance,15
2024-06-02,biodance,biodance,22
2024-06-09,biodance,biodance,36
2024-06-16,biodance,biodance,33
2024-06-23,biodance,biodance,40
2024-06-30,biodance,biodance,33
2024-07-07,biodance,biodance,42
2024-07-14,biodance,biodance,46
2024-07-21,biodance,biodance,36
2024-07-28,biodance,biodance,40
2024-08-04,biodance,biodance,29
2024-08-11,biodance,biodance,28
2024-08-18,biodance,biodance,31
2024-08-25,biodance,biodance,27
2024-09-01,biodance,biodance,31
2024-09-08,biodance,biodance,20
2024-09-15,biodance,biodance,28
2024-09-22,biodance,biodance,23
2024-09-29,biodance,biodance,20
2024-10-06,biodance,biodance,27
2024-10-13,biodance,biodance,23
2024-10-20,biodance,biodance,21
2024-10-27,biodance,biodance,16
2024-11-03,biodance,biodance,20
2024-11-10,biodance,biodance,23
2024-11-17,biodance,biodance,33
2024-11-24,biodance,biodance,45
2024-12-01,biodance,biodance,42
2024-12-08,biodance,biodance,44
2024-12-15,biodance,biodance,50
2024-12-22,biodance,biodance,77
2024-12-29,biodance,biodance,51
2025-01-05,biodance,biodance,43
2025-01-12,biodance,biodance,33
2025-01-19,biodance,biodance,38
2025-01-26,biodance,biodance,28
2025-02-02,biodance,biodance,24
2025-02-09,biodance,biodance,21
2025-02-16,biodance,biodance,27
2025-02-23,biodance,biodance,25
2025-03-02,biodance,biodance,25
2025-03-09,biodance,biodance,24
2025-03-16,biodance,biodance,30
2025-03-23,biodance,biodance,25
2025-03-30,biodance,biodance,26
2025-04-06,biodance,biodance,28
2025-04-13,biodance,biodance,30
2025-04-20,biodance,biodance,33
2025-04-27,biodance,biodance,28
2025-05-04,biodance,biodance,30
2025-05-11,biodance,biodance,24
2025-05-18,biodance,biodance,24
2025-05-25,biodance,biodance,24
2025-06-01,biodance,biodance,30
2025-06-08,biodance,biodance,24
2025-06-15,biodance,biodance,21
2025-06-22,biodance,biodance,23
2025-06-29,biodance,biodance,18
2025-07-06,biodance,biodance,36
2025-07-13,biodance,biodance,32
2025-07-20,biodance,biodance,31
2025-07-27,biodance,biodance,34
2025-08-03,biodance,biodance,31
2025-08-10,biodance,biodance,32
2025-08-17,biodance,biodance,28
2025-08-24,biodance,biodance,25
2025-08-31,biodance,biodance,31
2025-09-07,biodance,biodance,30
2025-09-14,biodance,biodance,31
2025-09-21,biodance,biodance,25
2025-09-28,biodance,biodance,24
2025-10-05,biodance,biodance,39
2025-10-12,biodance,biodance,34
2025-10-19,biodance,biodance,35
2025-10-26,biodance,biodance,30
2025-11-02,biodance,biodance,42
2025-11-09,biodance,biodance,43
2025-11-16,biodance,biodance,48
2025-11-23,biodance,biodance,67
2025-11-30,biodance,biodance,65
2025-12-07,biodance,biodance,57
2025-12-14,biodance,biodance,65
2025-12-21,biodance,biodance,76
2025-12-28,biodance,biodance,82
2026-01-04,biodance,biodance,63
2026-01-11,biodance,biodance,49
2026-01-18,biodance,biodance,57
2026-01-25,biodance,biodance,54
2026-02-01,biodance,biodance,45
2026-02-08,biodance,biodance,50
2026-02-15,biodance,biodance,45
2026-02-22,biodance,biodance,53
2026-03-01,biodance,biodance,41
2026-03-08,biodance,biodance,49
2026-03-15,biodance,biodance,54
2026-03-22,biodance,biodance,59
2026-03-29,biodance,biodance,87
2026-04-05,biodance,biodance,95
2026-04-12,biodance,biodance,98
2026-04-19,biodance,biodance,74
2026-04-26,biodance,biodance,72
2026-05-03,biodance,biodance,78
2026-05-10,biodance,biodance,81
2026-05-17,biodance,biodance,80
2026-05-24,biodance,biodance,78
2026-05-31,biodance,biodance,78
2026-06-07,biodance,biodance,66
2026-06-14,biodance,biodance,72
2026-06-21,biodance,biodance,100
2026-06-28,biodance,biodance,69
2026-07-05,biodance,biodance,67
2026-07-12,biodance,biodance,61
2026-07-19,biodance,biodance,60
2026-07-26,biodance,biodance,63
2026-08-02,biodance,biodance,58
2026-08-09,biodance,biodance,75
2026-08-16,biodance,biodance,65
2026-08-23,biodance,biodance,72
2026-08-30,biodance,biodance,54
2026-09-06,biodance,biodance,60
2021-09-05,d'alba,d'alba,0
2021-09-12,d'alba,d'alba,0
2021-09-19,d'alba,d'alba,0
2021-09-26,d'alba,d'alba,0
2021-10-03,d'alba,d'alba,0
2021-10-10,d'alba,d'alba,0
2021-10-17,d'alba,d'alba,0
2021-10-24,d'alba,d'alba,0
2021-10-31,d'alba,d'alba,0
2021-11-07,d'alba,d'alba,0
2021-11-14,d'alba,d'alba,0
2021-11-21,d'alba,d'alba,0
2021-11-28,d'alba,d'alba,0
2021-12-05,d'alba,d'alba,0
2021-12-12,d'alba,d'alba,0
2021-12-19,d'alba,d'alba,0
2021-12-26,d'alba,d'alba,0
2022-01-02,d'alba,d'alba,0
2022-01-09,d'alba,d'alba,0
2022-01-16,d'alba,d'alba,0
2022-01-23,d'alba,d'alba,0
2022-01-30,d'alba,d'alba,0
2022-02-06,d'alba,d'alba,0
2022-02-13,d'alba,d'alba,0
2022-02-20,d'alba,d'alba,0
2022-02-27,d'alba,d'alba,0
2022-03-06,d'alba,d'alba,0
2022-03-13,d'alba,d'alba,0
2022-03-20,d'alba,d'alba,0
2022-03-27,d'alba,d'alba,0
2022-04-03,d'alba,d'alba,0
2022-04-10,d'alba,d'alba,16
2022-04-17,d'alba,d'alba,0
2022-04-24,d'alba,d'alba,0
2022-05-01,d'alba,d'alba,0
2022-05-08,d'alba,d'alba,0
2022-05-15,d'alba,d'alba,0
2022-05-22,d'alba,d'alba,0
2022-05-29,d'alba,d'alba,19
2022-06-05,d'alba,d'alba,0
2022-06-12,d'alba,d'alba,0
2022-06-19,d'alba,d'alba,0
2022-06-26,d'alba,d'alba,0
2022-07-03,d'alba,d'alba,0
2022-07-10,d'alba,d'alba,0
2022-07-17,d'alba,d'alba,0
2022-07-24,d'alba,d'alba,0
2022-07-31,d'alba,d'alba,12
2022-08-07,d'alba,d'alba,0
2022-08-14,d'alba,d'alba,0
2022-08-21,d'alba,d'alba,0
2022-08-28,d'alba,d'alba,0
2022-09-04,d'alba,d'alba,0
2022-09-11,d'alba,d'alba,0
2022-09-18,d'alba,d'alba,0
2022-09-25,d'alba,d'alba,0
2022-10-02,d'alba,d'alba,0
2022-10-09,d'alba,d'alba,0
2022-10-16,d'alba,d'alba,0
2022-10-23,d'alba,d'alba,0
2022-10-30,d'alba,d'alba,0
2022-11-06,d'alba,d'alba,0
2022-11-13,d'alba,d'alba,0
2022-11-20,d'alba,d'alba,0
2022-11-27,d'alba,d'alba,0
2022-12-04,d'alba,d'alba,0
2022-12-11,d'alba,d'alba,0
2022-12-18,d'alba,d'alba,0
2022-12-25,d'alba,d'alba,0
2023-01-01,d'alba,d'alba,0
2023-01-08,d'alba,d'alba,0
2023-01-15,d'alba,d'alba,0
2023-01-22,d'alba,d'alba,0
2023-01-29,d'alba,d'alba,0
2023-02-05,d'alba,d'alba,41
2023-02-12,d'alba,d'alba,27
2023-02-19,d'alba,d'alba,24
2023-02-26,d'alba,d'alba,21
2023-03-05,d'alba,d'alba,17
2023-03-12,d'alba,d'alba,0
2023-03-19,d'alba,d'alba,11
2023-03-26,d'alba,d'alba,13
2023-04-02,d'alba,d'alba,13
2023-04-09,d'alba,d'alba,16
2023-04-16,d'alba,d'alba,18
2023-04-23,d'alba,d'alba,22
2023-04-30,d'alba,d'alba,13
2023-05-07,d'alba,d'alba,17
2023-05-14,d'alba,d'alba,0
2023-05-21,d'alba,d'alba,18
2023-05-28,d'alba,d'alba,0
2023-06-04,d'alba,d'alba,17
2023-06-11,d'alba,d'alba,12
2023-06-18,d'alba,d'alba,0
2023-06-25,d'alba,d'alba,16
2023-07-02,d'alba,d'alba,19
2023-07-09,d'alba,d'alba,0
2023-07-16,d'alba,d'alba,23
2023-07-23,d'alba,d'alba,23
2023-07-30,d'alba,d'alba,13
2023-08-06,d'alba,d'alba,23
2023-08-13,d'alba,d'alba,0
2023-08-20,d'alba,d'alba,0
2023-08-27,d'alba,d'alba,0
2023-09-03,d'alba,d'alba,0
2023-09-10,d'alba,d'alba,0
2023-09-17,d'alba,d'alba,17
2023-09-24,d'alba,d'alba,0
2023-10-01,d'alba,d'alba,16
2023-10-08,d'alba,d'alba,33
2023-10-15,d'alba,d'alba,50
2023-10-22,d'alba,d'alba,31
2023-10-29,d'alba,d'alba,40
2023-11-05,d'alba,d'alba,51
2023-11-12,d'alba,d'alba,31
2023-11-19,d'alba,d'alba,64
2023-11-26,d'alba,d'alba,65
2023-12-03,d'alba,d'alba,35
2023-12-10,d'alba,d'alba,45
2023-12-17,d'alba,d'alba,61
2023-12-24,d'alba,d'alba,37
2023-12-31,d'alba,d'alba,60
2024-01-07,d'alba,d'alba,50
2024-01-14,d'alba,d'alba,35
2024-01-21,d'alba,d'alba,28
2024-01-28,d'alba,d'alba,28
2024-02-04,d'alba,d'alba,24
2024-02-11,d'alba,d'alba,13
2024-02-18,d'alba,d'alba,34
2024-02-25,d'alba,d'alba,52
2024-03-03,d'alba,d'alba,32
2024-03-10,d'alba,d'alba,21
2024-03-17,d'alba,d'alba,24
2024-03-24,d'alba,d'alba,28
2024-03-31,d'alba,d'alba,30
2024-04-07,d'alba,d'alba,25
2024-04-14,d'alba,d'alba,27
2024-04-21,d'alba,d'alba,21
2024-04-28,d'alba,d'alba,22
2024-05-05,d'alba,d'alba,0
2024-05-12,d'alba,d'alba,23
2024-05-19,d'alba,d'alba,24
2024-05-26,d'alba,d'alba,23
2024-06-02,d'alba,d'alba,26
2024-06-09,d'alba,d'alba,21
2024-06-16,d'alba,d'alba,15
2024-06-23,d'alba,d'alba,22
2024-06-30,d'alba,d'alba,22
2024-07-07,d'alba,d'alba,24
2024-07-14,d'alba,d'alba,33
2024-07-21,d'alba,d'alba,25
2024-07-28,d'alba,d'alba,0
2024-08-04,d'alba,d'alba,18
2024-08-11,d'alba,d'alba,20
2024-08-18,d'alba,d'alba,26
2024-08-25,d'alba,d'alba,31
2024-09-01,d'alba,d'alba,24
2024-09-08,d'alba,d'alba,25
2024-09-15,d'alba,d'alba,18
2024-09-22,d'alba,d'alba,17
2024-09-29,d'alba,d'alba,0
2024-10-06,d'alba,d'alba,19
2024-10-13,d'alba,d'alba,19
2024-10-20,d'alba,d'alba,0
2024-10-27,d'alba,d'alba,0
2024-11-03,d'alba,d'alba,0
2024-11-10,d'alba,d'alba,0
2024-11-17,d'alba,d'alba,0
2024-11-24,d'alba,d'alba,19
2024-12-01,d'alba,d'alba,26
2024-12-08,d'alba,d'alba,0
2024-12-15,d'alba,d'alba,0
2024-12-22,d'alba,d'alba,20
2024-12-29,d'alba,d'alba,27
2025-01-05,d'alba,d'alba,18
2025-01-12,d'alba,d'alba,0
2025-01-19,d'alba,d'alba,16
2025-01-26,d'alba,d'alba,27
2025-02-02,d'alba,d'alba,23
2025-02-09,d'alba,d'alba,15
2025-02-16,d'alba,d'alba,23
2025-02-23,d'alba,d'alba,23
2025-03-02,d'alba,d'alba,30
2025-03-09,d'alba,d'alba,22
2025-03-16,d'alba,d'alba,0
2025-03-23,d'alba,d'alba,32
2025-03-30,d'alba,d'alba,17
2025-04-06,d'alba,d'alba,22
2025-04-13,d'alba,d'alba,23
2025-04-20,d'alba,d'alba,31
2025-04-27,d'alba,d'alba,23
2025-05-04,d'alba,d'alba,34
2025-05-11,d'alba,d'alba,23
2025-05-18,d'alba,d'alba,30
2025-05-25,d'alba,d'alba,30
2025-06-01,d'alba,d'alba,32
2025-06-08,d'alba,d'alba,33
2025-06-15,d'alba,d'alba,32
2025-06-22,d'alba,d'alba,30
2025-06-29,d'alba,d'alba,22
2025-07-06,d'alba,d'alba,39
2025-07-13,d'alba,d'alba,25
2025-07-20,d'alba,d'alba,17
2025-07-27,d'alba,d'alba,21
2025-08-03,d'alba,d'alba,20
2025-08-10,d'alba,d'alba,28
2025-08-17,d'alba,d'alba,32
2025-08-24,d'alba,d'alba,28
2025-08-31,d'alba,d'alba,31
2025-09-07,d'alba,d'alba,28
2025-09-14,d'alba,d'alba,28
2025-09-21,d'alba,d'alba,21
2025-09-28,d'alba,d'alba,24
2025-10-05,d'alba,d'alba,50
2025-10-12,d'alba,d'alba,30
2025-10-19,d'alba,d'alba,37
2025-10-26,d'alba,d'alba,32
2025-11-02,d'alba,d'alba,18
2025-11-09,d'alba,d'alba,21
2025-11-16,d'alba,d'alba,28
2025-11-23,d'alba,d'alba,39
2025-11-30,d'alba,d'alba,27
2025-12-07,d'alba,d'alba,29
2025-12-14,d'alba,d'alba,30
2025-12-21,d'alba,d'alba,29
2025-12-28,d'alba,d'alba,34
2026-01-04,d'alba,d'alba,39
2026-01-11,d'alba,d'alba,37
2026-01-18,d'alba,d'alba,46
2026-01-25,d'alba,d'alba,46
2026-02-01,d'alba,d'alba,50
2026-02-08,d'alba,d'alba,46
2026-02-15,d'alba,d'alba,45
2026-02-22,d'alba,d'alba,51
2026-03-01,d'alba,d'alba,31
2026-03-08,d'alba,d'alba,26
2026-03-15,d'alba,d'alba,40
2026-03-22,d'alba,d'alba,55
2026-03-29,d'alba,d'alba,93
2026-04-05,d'alba,d'alba,99
2026-04-12,d'alba,d'alba,100
2026-04-19,d'alba,d'alba,74
2026-04-26,d'alba,d'alba,55
2026-05-03,d'alba,d'alba,69
2026-05-10,d'alba,d'alba,70
2026-05-17,d'alba,d'alba,64
2026-05-24,d'alba,d'alba,55
2026-05-31,d'alba,d'alba,47
2026-06-07,d'alba,d'alba,41
2026-06-14,d'alba,d'alba,59
2026-06-21,d'alba,d'alba,61
2026-06-28,d'alba,d'alba,32
2026-07-05,d'alba,d'alba,39
2026-07-12,d'alba,d'alba,52
2026-07-19,d'alba,d'alba,44
2026-07-26,d'alba,d'alba,39
2026-08-02,d'alba,d'alba,35
2026-08-09,d'alba,d'alba,42
2026-08-16,d'alba,d'alba,35
2026-08-23,d'alba,d'alba,41
2026-08-30,d'alba,d'alba,36
2026-09-06,d'alba,d'alba,27
2021-09-05,manyo,manyo,0
2021-09-12,manyo,manyo,0
2021-09-19,manyo,manyo,0
2021-09-26,manyo,manyo,0
2021-10-03,manyo,manyo,21
2021-10-10,manyo,manyo,0
2021-10-17,manyo,manyo,18
2021-10-24,manyo,manyo,0
2021-10-31,manyo,manyo,0
2021-11-07,manyo,manyo,0
2021-11-14,manyo,manyo,0
2021-11-21,manyo,manyo,0
2021-11-28,manyo,manyo,0
2021-12-05,manyo,manyo,0
2021-12-12,manyo,manyo,0
2021-12-19,manyo,manyo,0
2021-12-26,manyo,manyo,0
2022-01-02,manyo,manyo,0
2022-01-09,manyo,manyo,0
2022-01-16,manyo,manyo,0
2022-01-23,manyo,manyo,0
2022-01-30,manyo,manyo,0
2022-02-06,manyo,manyo,0
2022-02-13,manyo,manyo,0
2022-02-20,manyo,manyo,0
2022-02-27,manyo,manyo,14
2022-03-06,manyo,manyo,0
2022-03-13,manyo,manyo,0
2022-03-20,manyo,manyo,0
2022-03-27,manyo,manyo,12
2022-04-03,manyo,manyo,0
2022-04-10,manyo,manyo,0
2022-04-17,manyo,manyo,13
2022-04-24,manyo,manyo,0
2022-05-01,manyo,manyo,0
2022-05-08,manyo,manyo,13
2022-05-15,manyo,manyo,0
2022-05-22,manyo,manyo,17
2022-05-29,manyo,manyo,0
2022-06-05,manyo,manyo,0
2022-06-12,manyo,manyo,0
2022-06-19,manyo,manyo,0
2022-06-26,manyo,manyo,0
2022-07-03,manyo,manyo,26
2022-07-10,manyo,manyo,22
2022-07-17,manyo,manyo,21
2022-07-24,manyo,manyo,21
2022-07-31,manyo,manyo,17
2022-08-07,manyo,manyo,20
2022-08-14,manyo,manyo,0
2022-08-21,manyo,manyo,0
2022-08-28,manyo,manyo,14
2022-09-04,manyo,manyo,16
2022-09-11,manyo,manyo,0
2022-09-18,manyo,manyo,0
2022-09-25,manyo,manyo,0
2022-10-02,manyo,manyo,0
2022-10-09,manyo,manyo,0
2022-10-16,manyo,manyo,0
2022-10-23,manyo,manyo,26
2022-10-30,manyo,manyo,15
2022-11-06,manyo,manyo,19
2022-11-13,manyo,manyo,19
2022-11-20,manyo,manyo,45
2022-11-27,manyo,manyo,17
2022-12-04,manyo,manyo,20
2022-12-11,manyo,manyo,0
2022-12-18,manyo,manyo,15
2022-12-25,manyo,manyo,27
2023-01-01,manyo,manyo,29
2023-01-08,manyo,manyo,0
2023-01-15,manyo,manyo,0
2023-01-22,manyo,manyo,18
2023-01-29,manyo,manyo,15
2023-02-05,manyo,manyo,17
2023-02-12,manyo,manyo,15
2023-02-19,manyo,manyo,20
2023-02-26,manyo,manyo,18
2023-03-05,manyo,manyo,27
2023-03-12,manyo,manyo,0
2023-03-19,manyo,manyo,23
2023-03-26,manyo,manyo,22
2023-04-02,manyo,manyo,39
2023-04-09,manyo,manyo,38
2023-04-16,manyo,manyo,29
2023-04-23,manyo,manyo,43
2023-04-30,manyo,manyo,30
2023-05-07,manyo,manyo,36
2023-05-14,manyo,manyo,37
2023-05-21,manyo,manyo,40
2023-05-28,manyo,manyo,53
2023-06-04,manyo,manyo,54
2023-06-11,manyo,manyo,46
2023-06-18,manyo,manyo,46
2023-06-25,manyo,manyo,53
2023-07-02,manyo,manyo,63
2023-07-09,manyo,manyo,79
2023-07-16,manyo,manyo,54
2023-07-23,manyo,manyo,68
2023-07-30,manyo,manyo,71
2023-08-06,manyo,manyo,81
2023-08-13,manyo,manyo,70
2023-08-20,manyo,manyo,53
2023-08-27,manyo,manyo,36
2023-09-03,manyo,manyo,56
2023-09-10,manyo,manyo,41
2023-09-17,manyo,manyo,47
2023-09-24,manyo,manyo,37
2023-10-01,manyo,manyo,29
2023-10-08,manyo,manyo,47
2023-10-15,manyo,manyo,44
2023-10-22,manyo,manyo,37
2023-10-29,manyo,manyo,47
2023-11-05,manyo,manyo,36
2023-11-12,manyo,manyo,43
2023-11-19,manyo,manyo,60
2023-11-26,manyo,manyo,64
2023-12-03,manyo,manyo,44
2023-12-10,manyo,manyo,38
2023-12-17,manyo,manyo,40
2023-12-24,manyo,manyo,65
2023-12-31,manyo,manyo,72
2024-01-07,manyo,manyo,75
2024-01-14,manyo,manyo,90
2024-01-21,manyo,manyo,70
2024-01-28,manyo,manyo,90
2024-02-04,manyo,manyo,69
2024-02-11,manyo,manyo,61
2024-02-18,manyo,manyo,55
2024-02-25,manyo,manyo,47
2024-03-03,manyo,manyo,68
2024-03-10,manyo,manyo,44
2024-03-17,manyo,manyo,57
2024-03-24,manyo,manyo,55
2024-03-31,manyo,manyo,55
2024-04-07,manyo,manyo,47
2024-04-14,manyo,manyo,54
2024-04-21,manyo,manyo,53
2024-04-28,manyo,manyo,40
2024-05-05,manyo,manyo,38
2024-05-12,manyo,manyo,52
2024-05-19,manyo,manyo,55
2024-05-26,manyo,manyo,50
2024-06-02,manyo,manyo,45
2024-06-09,manyo,manyo,42
2024-06-16,manyo,manyo,32
2024-06-23,manyo,manyo,64
2024-06-30,manyo,manyo,47
2024-07-07,manyo,manyo,77
2024-07-14,manyo,manyo,76
2024-07-21,manyo,manyo,70
2024-07-28,manyo,manyo,100
2024-08-04,manyo,manyo,84
2024-08-11,manyo,manyo,66
2024-08-18,manyo,manyo,73
2024-08-25,manyo,manyo,58
2024-09-01,manyo,manyo,58
2024-09-08,manyo,manyo,53
2024-09-15,manyo,manyo,46
2024-09-22,manyo,manyo,47
2024-09-29,manyo,manyo,55
2024-10-06,manyo,manyo,53
2024-10-13,manyo,manyo,36
2024-10-20,manyo,manyo,42
2024-10-27,manyo,manyo,33
2024-11-03,manyo,manyo,29
2024-11-10,manyo,manyo,40
2024-11-17,manyo,manyo,38
2024-11-24,manyo,manyo,69
2024-12-01,manyo,manyo,31
2024-12-08,manyo,manyo,39
2024-12-15,manyo,manyo,36
2024-12-22,manyo,manyo,43
2024-12-29,manyo,manyo,49
2025-01-05,manyo,manyo,39
2025-01-12,manyo,manyo,36
2025-01-19,manyo,manyo,49
2025-01-26,manyo,manyo,38
2025-02-02,manyo,manyo,46
2025-02-09,manyo,manyo,37
2025-02-16,manyo,manyo,54
2025-02-23,manyo,manyo,48
2025-03-02,manyo,manyo,46
2025-03-09,manyo,manyo,53
2025-03-16,manyo,manyo,55
2025-03-23,manyo,manyo,50
2025-03-30,manyo,manyo,40
2025-04-06,manyo,manyo,35
2025-04-13,manyo,manyo,65
2025-04-20,manyo,manyo,35
2025-04-27,manyo,manyo,39
2025-05-04,manyo,manyo,34
2025-05-11,manyo,manyo,35
2025-05-18,manyo,manyo,41
2025-05-25,manyo,manyo,45
2025-06-01,manyo,manyo,48
2025-06-08,manyo,manyo,48
2025-06-15,manyo,manyo,38
2025-06-22,manyo,manyo,37
2025-06-29,manyo,manyo,59
2025-07-06,manyo,manyo,52
2025-07-13,manyo,manyo,68
2025-07-20,manyo,manyo,66
2025-07-27,manyo,manyo,69
2025-08-03,manyo,manyo,69
2025-08-10,manyo,manyo,78
2025-08-17,manyo,manyo,67
2025-08-24,manyo,manyo,50
2025-08-31,manyo,manyo,57
2025-09-07,manyo,manyo,62
2025-09-14,manyo,manyo,47
2025-09-21,manyo,manyo,58
2025-09-28,manyo,manyo,47
2025-10-05,manyo,manyo,45
2025-10-12,manyo,manyo,53
2025-10-19,manyo,manyo,41
2025-10-26,manyo,manyo,66
2025-11-02,manyo,manyo,63
2025-11-09,manyo,manyo,78
2025-11-16,manyo,manyo,64
2025-11-23,manyo,manyo,65
2025-11-30,manyo,manyo,60
2025-12-07,manyo,manyo,56
2025-12-14,manyo,manyo,50
2025-12-21,manyo,manyo,58
2025-12-28,manyo,manyo,76
2026-01-04,manyo,manyo,66
2026-01-11,manyo,manyo,62
2026-01-18,manyo,manyo,33
2026-01-25,manyo,manyo,46
2026-02-01,manyo,manyo,38
2026-02-08,manyo,manyo,38
2026-02-15,manyo,manyo,39
2026-02-22,manyo,manyo,58
2026-03-01,manyo,manyo,53
2026-03-08,manyo,manyo,38
2026-03-15,manyo,manyo,55
2026-03-22,manyo,manyo,39
2026-03-29,manyo,manyo,50
2026-04-05,manyo,manyo,30
2026-04-12,manyo,manyo,46
2026-04-19,manyo,manyo,43
2026-04-26,manyo,manyo,48
2026-05-03,manyo,manyo,45
2026-05-10,manyo,manyo,49
2026-05-17,manyo,manyo,52
2026-05-24,manyo,manyo,51
2026-05-31,manyo,manyo,63
2026-06-07,manyo,manyo,74
2026-06-14,manyo,manyo,63
2026-06-21,manyo,manyo,85
2026-06-28,manyo,manyo,50
2026-07-05,manyo,manyo,47
2026-07-12,manyo,manyo,63
2026-07-19,manyo,manyo,49
2026-07-26,manyo,manyo,59
2026-08-02,manyo,manyo,43
2026-08-09,manyo,manyo,53
2026-08-16,manyo,manyo,60
2026-08-23,manyo,manyo,57
2026-08-30,manyo,manyo,51
2026-09-06,manyo,manyo,45
2021-09-05,mixsoon,mixsoon,0
2021-09-12,mixsoon,mixsoon,0
2021-09-19,mixsoon,mixsoon,0
2021-09-26,mixsoon,mixsoon,0
2021-10-03,mixsoon,mixsoon,0
2021-10-10,mixsoon,mixsoon,0
2021-10-17,mixsoon,mixsoon,0
2021-10-24,mixsoon,mixsoon,0
2021-10-31,mixsoon,mixsoon,0
2021-11-07,mixsoon,mixsoon,0
2021-11-14,mixsoon,mixsoon,0
2021-11-21,mixsoon,mixsoon,0
2021-11-28,mixsoon,mixsoon,0
2021-12-05,mixsoon,mixsoon,0
2021-12-12,mixsoon,mixsoon,0
2021-12-19,mixsoon,mixsoon,0
2021-12-26,mixsoon,mixsoon,0
2022-01-02,mixsoon,mixsoon,0
2022-01-09,mixsoon,mixsoon,0
2022-01-16,mixsoon,mixsoon,0
2022-01-23,mixsoon,mixsoon,0
2022-01-30,mixsoon,mixsoon,0
2022-02-06,mixsoon,mixsoon,0
2022-02-13,mixsoon,mixsoon,0
2022-02-20,mixsoon,mixsoon,0
2022-02-27,mixsoon,mixsoon,0
2022-03-06,mixsoon,mixsoon,0
2022-03-13,mixsoon,mixsoon,0
2022-03-20,mixsoon,mixsoon,0
2022-03-27,mixsoon,mixsoon,0
2022-04-03,mixsoon,mixsoon,0
2022-04-10,mixsoon,mixsoon,0
2022-04-17,mixsoon,mixsoon,0
2022-04-24,mixsoon,mixsoon,0
2022-05-01,mixsoon,mixsoon,0
2022-05-08,mixsoon,mixsoon,0
2022-05-15,mixsoon,mixsoon,0
2022-05-22,mixsoon,mixsoon,9
2022-05-29,mixsoon,mixsoon,0
2022-06-05,mixsoon,mixsoon,0
2022-06-12,mixsoon,mixsoon,0
2022-06-19,mixsoon,mixsoon,0
2022-06-26,mixsoon,mixsoon,0
2022-07-03,mixsoon,mixsoon,0
2022-07-10,mixsoon,mixsoon,0
2022-07-17,mixsoon,mixsoon,0
2022-07-24,mixsoon,mixsoon,0
2022-07-31,mixsoon,mixsoon,0
2022-08-07,mixsoon,mixsoon,0
2022-08-14,mixsoon,mixsoon,0
2022-08-21,mixsoon,mixsoon,0
2022-08-28,mixsoon,mixsoon,0
2022-09-04,mixsoon,mixsoon,0
2022-09-11,mixsoon,mixsoon,0
2022-09-18,mixsoon,mixsoon,0
2022-09-25,mixsoon,mixsoon,0
2022-10-02,mixsoon,mixsoon,0
2022-10-09,mixsoon,mixsoon,0
2022-10-16,mixsoon,mixsoon,0
2022-10-23,mixsoon,mixsoon,0
2022-10-30,mixsoon,mixsoon,0
2022-11-06,mixsoon,mixsoon,0
2022-11-13,mixsoon,mixsoon,0
2022-11-20,mixsoon,mixsoon,0
2022-11-27,mixsoon,mixsoon,0
2022-12-04,mixsoon,mixsoon,0
2022-12-11,mixsoon,mixsoon,0
2022-12-18,mixsoon,mixsoon,0
2022-12-25,mixsoon,mixsoon,0
2023-01-01,mixsoon,mixsoon,0
2023-01-08,mixsoon,mixsoon,0
2023-01-15,mixsoon,mixsoon,0
2023-01-22,mixsoon,mixsoon,0
2023-01-29,mixsoon,mixsoon,0
2023-02-05,mixsoon,mixsoon,0
2023-02-12,mixsoon,mixsoon,0
2023-02-19,mixsoon,mixsoon,0
2023-02-26,mixsoon,mixsoon,0
2023-03-05,mixsoon,mixsoon,0
2023-03-12,mixsoon,mixsoon,0
2023-03-19,mixsoon,mixsoon,0
2023-03-26,mixsoon,mixsoon,0
2023-04-02,mixsoon,mixsoon,0
2023-04-09,mixsoon,mixsoon,0
2023-04-16,mixsoon,mixsoon,0
2023-04-23,mixsoon,mixsoon,0
2023-04-30,mixsoon,mixsoon,0
2023-05-07,mixsoon,mixsoon,0
2023-05-14,mixsoon,mixsoon,0
2023-05-21,mixsoon,mixsoon,0
2023-05-28,mixsoon,mixsoon,0
2023-06-04,mixsoon,mixsoon,0
2023-06-11,mixsoon,mixsoon,0
2023-06-18,mixsoon,mixsoon,0
2023-06-25,mixsoon,mixsoon,0
2023-07-02,mixsoon,mixsoon,0
2023-07-09,mixsoon,mixsoon,0
2023-07-16,mixsoon,mixsoon,0
2023-07-23,mixsoon,mixsoon,0
2023-07-30,mixsoon,mixsoon,7
2023-08-06,mixsoon,mixsoon,0
2023-08-13,mixsoon,mixsoon,0
2023-08-20,mixsoon,mixsoon,0
2023-08-27,mixsoon,mixsoon,0
2023-09-03,mixsoon,mixsoon,0
2023-09-10,mixsoon,mixsoon,0
2023-09-17,mixsoon,mixsoon,0
2023-09-24,mixsoon,mixsoon,9
2023-10-01,mixsoon,mixsoon,6
2023-10-08,mixsoon,mixsoon,6
2023-10-15,mixsoon,mixsoon,0
2023-10-22,mixsoon,mixsoon,0
2023-10-29,mixsoon,mixsoon,6
2023-11-05,mixsoon,mixsoon,11
2023-11-12,mixsoon,mixsoon,10
2023-11-19,mixsoon,mixsoon,21
2023-11-26,mixsoon,mixsoon,37
2023-12-03,mixsoon,mixsoon,34
2023-12-10,mixsoon,mixsoon,26
2023-12-17,mixsoon,mixsoon,22
2023-12-24,mixsoon,mixsoon,38
2023-12-31,mixsoon,mixsoon,44
2024-01-07,mixsoon,mixsoon,30
2024-01-14,mixsoon,mixsoon,37
2024-01-21,mixsoon,mixsoon,28
2024-01-28,mixsoon,mixsoon,29
2024-02-04,mixsoon,mixsoon,28
2024-02-11,mixsoon,mixsoon,27
2024-02-18,mixsoon,mixsoon,27
2024-02-25,mixsoon,mixsoon,28
2024-03-03,mixsoon,mixsoon,30
2024-03-10,mixsoon,mixsoon,24
2024-03-17,mixsoon,mixsoon,25
2024-03-24,mixsoon,mixsoon,29
2024-03-31,mixsoon,mixsoon,29
2024-04-07,mixsoon,mixsoon,25
2024-04-14,mixsoon,mixsoon,30
2024-04-21,mixsoon,mixsoon,34
2024-04-28,mixsoon,mixsoon,29
2024-05-05,mixsoon,mixsoon,29
2024-05-12,mixsoon,mixsoon,24
2024-05-19,mixsoon,mixsoon,23
2024-05-26,mixsoon,mixsoon,27
2024-06-02,mixsoon,mixsoon,22
2024-06-09,mixsoon,mixsoon,25
2024-06-16,mixsoon,mixsoon,23
2024-06-23,mixsoon,mixsoon,32
2024-06-30,mixsoon,mixsoon,38
2024-07-07,mixsoon,mixsoon,40
2024-07-14,mixsoon,mixsoon,31
2024-07-21,mixsoon,mixsoon,28
2024-07-28,mixsoon,mixsoon,30
2024-08-04,mixsoon,mixsoon,21
2024-08-11,mixsoon,mixsoon,33
2024-08-18,mixsoon,mixsoon,24
2024-08-25,mixsoon,mixsoon,28
2024-09-01,mixsoon,mixsoon,22
2024-09-08,mixsoon,mixsoon,28
2024-09-15,mixsoon,mixsoon,21
2024-09-22,mixsoon,mixsoon,18
2024-09-29,mixsoon,mixsoon,17
2024-10-06,mixsoon,mixsoon,23
2024-10-13,mixsoon,mixsoon,19
2024-10-20,mixsoon,mixsoon,20
2024-10-27,mixsoon,mixsoon,23
2024-11-03,mixsoon,mixsoon,19
2024-11-10,mixsoon,mixsoon,21
2024-11-17,mixsoon,mixsoon,17
2024-11-24,mixsoon,mixsoon,36
2024-12-01,mixsoon,mixsoon,30
2024-12-08,mixsoon,mixsoon,26
2024-12-15,mixsoon,mixsoon,37
2024-12-22,mixsoon,mixsoon,50
2024-12-29,mixsoon,mixsoon,66
2025-01-05,mixsoon,mixsoon,49
2025-01-12,mixsoon,mixsoon,36
2025-01-19,mixsoon,mixsoon,41
2025-01-26,mixsoon,mixsoon,31
2025-02-02,mixsoon,mixsoon,33
2025-02-09,mixsoon,mixsoon,33
2025-02-16,mixsoon,mixsoon,47
2025-02-23,mixsoon,mixsoon,33
2025-03-02,mixsoon,mixsoon,27
2025-03-09,mixsoon,mixsoon,25
2025-03-16,mixsoon,mixsoon,28
2025-03-23,mixsoon,mixsoon,27
2025-03-30,mixsoon,mixsoon,45
2025-04-06,mixsoon,mixsoon,26
2025-04-13,mixsoon,mixsoon,41
2025-04-20,mixsoon,mixsoon,39
2025-04-27,mixsoon,mixsoon,33
2025-05-04,mixsoon,mixsoon,35
2025-05-11,mixsoon,mixsoon,31
2025-05-18,mixsoon,mixsoon,31
2025-05-25,mixsoon,mixsoon,25
2025-06-01,mixsoon,mixsoon,30
2025-06-08,mixsoon,mixsoon,19
2025-06-15,mixsoon,mixsoon,30
2025-06-22,mixsoon,mixsoon,32
2025-06-29,mixsoon,mixsoon,25
2025-07-06,mixsoon,mixsoon,36
2025-07-13,mixsoon,mixsoon,38
2025-07-20,mixsoon,mixsoon,32
2025-07-27,mixsoon,mixsoon,37
2025-08-03,mixsoon,mixsoon,40
2025-08-10,mixsoon,mixsoon,32
2025-08-17,mixsoon,mixsoon,35
2025-08-24,mixsoon,mixsoon,35
2025-08-31,mixsoon,mixsoon,23
2025-09-07,mixsoon,mixsoon,38
2025-09-14,mixsoon,mixsoon,31
2025-09-21,mixsoon,mixsoon,34
2025-09-28,mixsoon,mixsoon,28
2025-10-05,mixsoon,mixsoon,25
2025-10-12,mixsoon,mixsoon,28
2025-10-19,mixsoon,mixsoon,36
2025-10-26,mixsoon,mixsoon,32
2025-11-02,mixsoon,mixsoon,35
2025-11-09,mixsoon,mixsoon,30
2025-11-16,mixsoon,mixsoon,42
2025-11-23,mixsoon,mixsoon,41
2025-11-30,mixsoon,mixsoon,40
2025-12-07,mixsoon,mixsoon,47
2025-12-14,mixsoon,mixsoon,48
2025-12-21,mixsoon,mixsoon,44
2025-12-28,mixsoon,mixsoon,50
2026-01-04,mixsoon,mixsoon,42
2026-01-11,mixsoon,mixsoon,36
2026-01-18,mixsoon,mixsoon,36
2026-01-25,mixsoon,mixsoon,36
2026-02-01,mixsoon,mixsoon,29
2026-02-08,mixsoon,mixsoon,31
2026-02-15,mixsoon,mixsoon,33
2026-02-22,mixsoon,mixsoon,31
2026-03-01,mixsoon,mixsoon,27
2026-03-08,mixsoon,mixsoon,35
2026-03-15,mixsoon,mixsoon,46
2026-03-22,mixsoon,mixsoon,68
2026-03-29,mixsoon,mixsoon,70
2026-04-05,mixsoon,mixsoon,83
2026-04-12,mixsoon,mixsoon,100
2026-04-19,mixsoon,mixsoon,83
2026-04-26,mixsoon,mixsoon,65
2026-05-03,mixsoon,mixsoon,52
2026-05-10,mixsoon,mixsoon,66
2026-05-17,mixsoon,mixsoon,63
2026-05-24,mixsoon,mixsoon,58
2026-05-31,mixsoon,mixsoon,53
2026-06-07,mixsoon,mixsoon,54
2026-06-14,mixsoon,mixsoon,48
2026-06-21,mixsoon,mixsoon,54
2026-06-28,mixsoon,mixsoon,45
2026-07-05,mixsoon,mixsoon,44
2026-07-12,mixsoon,mixsoon,33
2026-07-19,mixsoon,mixsoon,35
2026-07-26,mixsoon,mixsoon,32
2026-08-02,mixsoon,mixsoon,34
2026-08-09,mixsoon,mixsoon,31
2026-08-16,mixsoon,mixsoon,24
2026-08-23,mixsoon,mixsoon,26
2026-08-30,mixsoon,mixsoon,25
2026-09-06,mixsoon,mixsoon,24
2021-09-05,numbuzin,numbuzin,0
2021-09-12,numbuzin,numbuzin,0
2021-09-19,numbuzin,numbuzin,0
2021-09-26,numbuzin,numbuzin,0
2021-10-03,numbuzin,numbuzin,0
2021-10-10,numbuzin,numbuzin,0
2021-10-17,numbuzin,numbuzin,0
2021-10-24,numbuzin,numbuzin,0
2021-10-31,numbuzin,numbuzin,0
2021-11-07,numbuzin,numbuzin,0
2021-11-14,numbuzin,numbuzin,0
2021-11-21,numbuzin,numbuzin,0
2021-11-28,numbuzin,numbuzin,0
2021-12-05,numbuzin,numbuzin,0
2021-12-12,numbuzin,numbuzin,0
2021-12-19,numbuzin,numbuzin,0
2021-12-26,numbuzin,numbuzin,0
2022-01-02,numbuzin,numbuzin,0
2022-01-09,numbuzin,numbuzin,0
2022-01-16,numbuzin,numbuzin,0
2022-01-23,numbuzin,numbuzin,0
2022-01-30,numbuzin,numbuzin,0
2022-02-06,numbuzin,numbuzin,0
2022-02-13,numbuzin,numbuzin,0
2022-02-20,numbuzin,numbuzin,0
2022-02-27,numbuzin,numbuzin,0
2022-03-06,numbuzin,numbuzin,0
2022-03-13,numbuzin,numbuzin,0
2022-03-20,numbuzin,numbuzin,0
2022-03-27,numbuzin,numbuzin,9
2022-04-03,numbuzin,numbuzin,0
2022-04-10,numbuzin,numbuzin,0
2022-04-17,numbuzin,numbuzin,0
2022-04-24,numbuzin,numbuzin,0
2022-05-01,numbuzin,numbuzin,0
2022-05-08,numbuzin,numbuzin,0
2022-05-15,numbuzin,numbuzin,0
2022-05-22,numbuzin,numbuzin,0
2022-05-29,numbuzin,numbuzin,0
2022-06-05,numbuzin,numbuzin,12
2022-06-12,numbuzin,numbuzin,0
2022-06-19,numbuzin,numbuzin,0
2022-06-26,numbuzin,numbuzin,10
2022-07-03,numbuzin,numbuzin,0
2022-07-10,numbuzin,numbuzin,0
2022-07-17,numbuzin,numbuzin,0
2022-07-24,numbuzin,numbuzin,0
2022-07-31,numbuzin,numbuzin,0
2022-08-07,numbuzin,numbuzin,0
2022-08-14,numbuzin,numbuzin,0
2022-08-21,numbuzin,numbuzin,0
2022-08-28,numbuzin,numbuzin,0
2022-09-04,numbuzin,numbuzin,0
2022-09-11,numbuzin,numbuzin,11
2022-09-18,numbuzin,numbuzin,11
2022-09-25,numbuzin,numbuzin,0
2022-10-02,numbuzin,numbuzin,10
2022-10-09,numbuzin,numbuzin,18
2022-10-16,numbuzin,numbuzin,17
2022-10-23,numbuzin,numbuzin,23
2022-10-30,numbuzin,numbuzin,17
2022-11-06,numbuzin,numbuzin,15
2022-11-13,numbuzin,numbuzin,36
2022-11-20,numbuzin,numbuzin,26
2022-11-27,numbuzin,numbuzin,26
2022-12-04,numbuzin,numbuzin,33
2022-12-11,numbuzin,numbuzin,30
2022-12-18,numbuzin,numbuzin,32
2022-12-25,numbuzin,numbuzin,30
2023-01-01,numbuzin,numbuzin,34
2023-01-08,numbuzin,numbuzin,39
2023-01-15,numbuzin,numbuzin,32
2023-01-22,numbuzin,numbuzin,40
2023-01-29,numbuzin,numbuzin,35
2023-02-05,numbuzin,numbuzin,32
2023-02-12,numbuzin,numbuzin,31
2023-02-19,numbuzin,numbuzin,23
2023-02-26,numbuzin,numbuzin,20
2023-03-05,numbuzin,numbuzin,24
2023-03-12,numbuzin,numbuzin,25
2023-03-19,numbuzin,numbuzin,36
2023-03-26,numbuzin,numbuzin,30
2023-04-02,numbuzin,numbuzin,23
2023-04-09,numbuzin,numbuzin,28
2023-04-16,numbuzin,numbuzin,21
2023-04-23,numbuzin,numbuzin,28
2023-04-30,numbuzin,numbuzin,23
2023-05-07,numbuzin,numbuzin,25
2023-05-14,numbuzin,numbuzin,26
2023-05-21,numbuzin,numbuzin,22
2023-05-28,numbuzin,numbuzin,31
2023-06-04,numbuzin,numbuzin,31
2023-06-11,numbuzin,numbuzin,26
2023-06-18,numbuzin,numbuzin,28
2023-06-25,numbuzin,numbuzin,27
2023-07-02,numbuzin,numbuzin,31
2023-07-09,numbuzin,numbuzin,28
2023-07-16,numbuzin,numbuzin,18
2023-07-23,numbuzin,numbuzin,25
2023-07-30,numbuzin,numbuzin,33
2023-08-06,numbuzin,numbuzin,27
2023-08-13,numbuzin,numbuzin,16
2023-08-20,numbuzin,numbuzin,22
2023-08-27,numbuzin,numbuzin,11
2023-09-03,numbuzin,numbuzin,24
2023-09-10,numbuzin,numbuzin,31
2023-09-17,numbuzin,numbuzin,34
2023-09-24,numbuzin,numbuzin,28
2023-10-01,numbuzin,numbuzin,26
2023-10-08,numbuzin,numbuzin,39
2023-10-15,numbuzin,numbuzin,30
2023-10-22,numbuzin,numbuzin,28
2023-10-29,numbuzin,numbuzin,24
2023-11-05,numbuzin,numbuzin,26
2023-11-12,numbuzin,numbuzin,34
2023-11-19,numbuzin,numbuzin,54
2023-11-26,numbuzin,numbuzin,19
2023-12-03,numbuzin,numbuzin,23
2023-12-10,numbuzin,numbuzin,35
2023-12-17,numbuzin,numbuzin,30
2023-12-24,numbuzin,numbuzin,32
2023-12-31,numbuzin,numbuzin,45
2024-01-07,numbuzin,numbuzin,31
2024-01-14,numbuzin,numbuzin,35
2024-01-21,numbuzin,numbuzin,39
2024-01-28,numbuzin,numbuzin,32
2024-02-04,numbuzin,numbuzin,32
2024-02-11,numbuzin,numbuzin,40
2024-02-18,numbuzin,numbuzin,43
2024-02-25,numbuzin,numbuzin,31
2024-03-03,numbuzin,numbuzin,36
2024-03-10,numbuzin,numbuzin,30
2024-03-17,numbuzin,numbuzin,33
2024-03-24,numbuzin,numbuzin,46
2024-03-31,numbuzin,numbuzin,43
2024-04-07,numbuzin,numbuzin,30
2024-04-14,numbuzin,numbuzin,36
2024-04-21,numbuzin,numbuzin,37
2024-04-28,numbuzin,numbuzin,29
2024-05-05,numbuzin,numbuzin,39
2024-05-12,numbuzin,numbuzin,32
2024-05-19,numbuzin,numbuzin,40
2024-05-26,numbuzin,numbuzin,42
2024-06-02,numbuzin,numbuzin,31
2024-06-09,numbuzin,numbuzin,39
2024-06-16,numbuzin,numbuzin,44
2024-06-23,numbuzin,numbuzin,35
2024-06-30,numbuzin,numbuzin,42
2024-07-07,numbuzin,numbuzin,43
2024-07-14,numbuzin,numbuzin,45
2024-07-21,numbuzin,numbuzin,42
2024-07-28,numbuzin,numbuzin,41
2024-08-04,numbuzin,numbuzin,33
2024-08-11,numbuzin,numbuzin,37
2024-08-18,numbuzin,numbuzin,40
2024-08-25,numbuzin,numbuzin,37
2024-09-01,numbuzin,numbuzin,30
2024-09-08,numbuzin,numbuzin,31
2024-09-15,numbuzin,numbuzin,35
2024-09-22,numbuzin,numbuzin,28
2024-09-29,numbuzin,numbuzin,23
2024-10-06,numbuzin,numbuzin,36
2024-10-13,numbuzin,numbuzin,30
2024-10-20,numbuzin,numbuzin,43
2024-10-27,numbuzin,numbuzin,24
2024-11-03,numbuzin,numbuzin,38
2024-11-10,numbuzin,numbuzin,35
2024-11-17,numbuzin,numbuzin,34
2024-11-24,numbuzin,numbuzin,40
2024-12-01,numbuzin,numbuzin,37
2024-12-08,numbuzin,numbuzin,30
2024-12-15,numbuzin,numbuzin,39
2024-12-22,numbuzin,numbuzin,31
2024-12-29,numbuzin,numbuzin,44
2025-01-05,numbuzin,numbuzin,40
2025-01-12,numbuzin,numbuzin,15
2025-01-19,numbuzin,numbuzin,38
2025-01-26,numbuzin,numbuzin,29
2025-02-02,numbuzin,numbuzin,30
2025-02-09,numbuzin,numbuzin,30
2025-02-16,numbuzin,numbuzin,33
2025-02-23,numbuzin,numbuzin,26
2025-03-02,numbuzin,numbuzin,32
2025-03-09,numbuzin,numbuzin,38
2025-03-16,numbuzin,numbuzin,35
2025-03-23,numbuzin,numbuzin,34
2025-03-30,numbuzin,numbuzin,34
2025-04-06,numbuzin,numbuzin,27
2025-04-13,numbuzin,numbuzin,32
2025-04-20,numbuzin,numbuzin,39
2025-04-27,numbuzin,numbuzin,22
2025-05-04,numbuzin,numbuzin,28
2025-05-11,numbuzin,numbuzin,17
2025-05-18,numbuzin,numbuzin,34
2025-05-25,numbuzin,numbuzin,37
2025-06-01,numbuzin,numbuzin,24
2025-06-08,numbuzin,numbuzin,25
2025-06-15,numbuzin,numbuzin,30
2025-06-22,numbuzin,numbuzin,24
2025-06-29,numbuzin,numbuzin,39
2025-07-06,numbuzin,numbuzin,41
2025-07-13,numbuzin,numbuzin,29
2025-07-20,numbuzin,numbuzin,37
2025-07-27,numbuzin,numbuzin,24
2025-08-03,numbuzin,numbuzin,16
2025-08-10,numbuzin,numbuzin,18
2025-08-17,numbuzin,numbuzin,25
2025-08-24,numbuzin,numbuzin,35
2025-08-31,numbuzin,numbuzin,35
2025-09-07,numbuzin,numbuzin,29
2025-09-14,numbuzin,numbuzin,22
2025-09-21,numbuzin,numbuzin,22
2025-09-28,numbuzin,numbuzin,33
2025-10-05,numbuzin,numbuzin,26
2025-10-12,numbuzin,numbuzin,29
2025-10-19,numbuzin,numbuzin,38
2025-10-26,numbuzin,numbuzin,30
2025-11-02,numbuzin,numbuzin,37
2025-11-09,numbuzin,numbuzin,22
2025-11-16,numbuzin,numbuzin,41
2025-11-23,numbuzin,numbuzin,48
2025-11-30,numbuzin,numbuzin,33
2025-12-07,numbuzin,numbuzin,21
2025-12-14,numbuzin,numbuzin,39
2025-12-21,numbuzin,numbuzin,37
2025-12-28,numbuzin,numbuzin,54
2026-01-04,numbuzin,numbuzin,60
2026-01-11,numbuzin,numbuzin,56
2026-01-18,numbuzin,numbuzin,48
2026-01-25,numbuzin,numbuzin,41
2026-02-01,numbuzin,numbuzin,40
2026-02-08,numbuzin,numbuzin,42
2026-02-15,numbuzin,numbuzin,41
2026-02-22,numbuzin,numbuzin,45
2026-03-01,numbuzin,numbuzin,39
2026-03-08,numbuzin,numbuzin,39
2026-03-15,numbuzin,numbuzin,55
2026-03-22,numbuzin,numbuzin,57
2026-03-29,numbuzin,numbuzin,82
2026-04-05,numbuzin,numbuzin,91
2026-04-12,numbuzin,numbuzin,100
2026-04-19,numbuzin,numbuzin,85
2026-04-26,numbuzin,numbuzin,60
2026-05-03,numbuzin,numbuzin,54
2026-05-10,numbuzin,numbuzin,77
2026-05-17,numbuzin,numbuzin,61
2026-05-24,numbuzin,numbuzin,69
2026-05-31,numbuzin,numbuzin,70
2026-06-07,numbuzin,numbuzin,54
2026-06-14,numbuzin,numbuzin,62
2026-06-21,numbuzin,numbuzin,78
2026-06-28,numbuzin,numbuzin,52
2026-07-05,numbuzin,numbuzin,60
2026-07-12,numbuzin,numbuzin,45
2026-07-19,numbuzin,numbuzin,42
2026-07-26,numbuzin,numbuzin,40
2026-08-02,numbuzin,numbuzin,44
2026-08-09,numbuzin,numbuzin,53
2026-08-16,numbuzin,numbuzin,51
2026-08-23,numbuzin,numbuzin,32
2026-08-30,numbuzin,numbuzin,46
2026-09-06,numbuzin,numbuzin,43
2021-09-05,abib,abib,0
2021-09-12,abib,abib,0
2021-09-19,abib,abib,0
2021-09-26,abib,abib,0
2021-10-03,abib,abib,0
2021-10-10,abib,abib,0
2021-10-17,abib,abib,0
2021-10-24,abib,abib,0
2021-10-31,abib,abib,0
2021-11-07,abib,abib,0
2021-11-14,abib,abib,0
2021-11-21,abib,abib,0
2021-11-28,abib,abib,0
2021-12-05,abib,abib,0
2021-12-12,abib,abib,0
2021-12-19,abib,abib,0
2021-12-26,abib,abib,0
2022-01-02,abib,abib,0
2022-01-09,abib,abib,0
2022-01-16,abib,abib,0
2022-01-23,abib,abib,0
2022-01-30,abib,abib,0
2022-02-06,abib,abib,0
2022-02-13,abib,abib,0
2022-02-20,abib,abib,0
2022-02-27,abib,abib,0
2022-03-06,abib,abib,0
2022-03-13,abib,abib,0
2022-03-20,abib,abib,0
2022-03-27,abib,abib,0
2022-04-03,abib,abib,0
2022-04-10,abib,abib,11
2022-04-17,abib,abib,12
2022-04-24,abib,abib,9
2022-05-01,abib,abib,11
2022-05-08,abib,abib,0
2022-05-15,abib,abib,0
2022-05-22,abib,abib,0
2022-05-29,abib,abib,0
2022-06-05,abib,abib,0
2022-06-12,abib,abib,0
2022-06-19,abib,abib,0
2022-06-26,abib,abib,0
2022-07-03,abib,abib,17
2022-07-10,abib,abib,12
2022-07-17,abib,abib,0
2022-07-24,abib,abib,0
2022-07-31,abib,abib,13
2022-08-07,abib,abib,0
2022-08-14,abib,abib,0
2022-08-21,abib,abib,0
2022-08-28,abib,abib,0
2022-09-04,abib,abib,0
2022-09-11,abib,abib,0
2022-09-18,abib,abib,0
2022-09-25,abib,abib,0
2022-10-02,abib,abib,0
2022-10-09,abib,abib,0
2022-10-16,abib,abib,0
2022-10-23,abib,abib,0
2022-10-30,abib,abib,0
2022-11-06,abib,abib,0
2022-11-13,abib,abib,0
2022-11-20,abib,abib,16
2022-11-27,abib,abib,15
2022-12-04,abib,abib,0
2022-12-11,abib,abib,0
2022-12-18,abib,abib,0
2022-12-25,abib,abib,0
2023-01-01,abib,abib,0
2023-01-08,abib,abib,12
2023-01-15,abib,abib,0
2023-01-22,abib,abib,10
2023-01-29,abib,abib,0
2023-02-05,abib,abib,0
2023-02-12,abib,abib,13
2023-02-19,abib,abib,11
2023-02-26,abib,abib,0
2023-03-05,abib,abib,12
2023-03-12,abib,abib,11
2023-03-19,abib,abib,13
2023-03-26,abib,abib,14
2023-04-02,abib,abib,0
2023-04-09,abib,abib,10
2023-04-16,abib,abib,10
2023-04-23,abib,abib,10
2023-04-30,abib,abib,16
2023-05-07,abib,abib,13
2023-05-14,abib,abib,15
2023-05-21,abib,abib,0
2023-05-28,abib,abib,15
2023-06-04,abib,abib,0
2023-06-11,abib,abib,17
2023-06-18,abib,abib,11
2023-06-25,abib,abib,20
2023-07-02,abib,abib,18
2023-07-09,abib,abib,27
2023-07-16,abib,abib,19
2023-07-23,abib,abib,16
2023-07-30,abib,abib,18
2023-08-06,abib,abib,18
2023-08-13,abib,abib,11
2023-08-20,abib,abib,12
2023-08-27,abib,abib,0
2023-09-03,abib,abib,0
2023-09-10,abib,abib,11
2023-09-17,abib,abib,11
2023-09-24,abib,abib,0
2023-10-01,abib,abib,0
2023-10-08,abib,abib,0
2023-10-15,abib,abib,0
2023-10-22,abib,abib,13
2023-10-29,abib,abib,11
2023-11-05,abib,abib,10
2023-11-12,abib,abib,0
2023-11-19,abib,abib,21
2023-11-26,abib,abib,18
2023-12-03,abib,abib,19
2023-12-10,abib,abib,23
2023-12-17,abib,abib,16
2023-12-24,abib,abib,18
2023-12-31,abib,abib,22
2024-01-07,abib,abib,18
2024-01-14,abib,abib,21
2024-01-21,abib,abib,13
2024-01-28,abib,abib,14
2024-02-04,abib,abib,14
2024-02-11,abib,abib,16
2024-02-18,abib,abib,0
2024-02-25,abib,abib,12
2024-03-03,abib,abib,14
2024-03-10,abib,abib,16
2024-03-17,abib,abib,13
2024-03-24,abib,abib,25
2024-03-31,abib,abib,14
2024-04-07,abib,abib,25
2024-04-14,abib,abib,22
2024-04-21,abib,abib,21
2024-04-28,abib,abib,33
2024-05-05,abib,abib,20
2024-05-12,abib,abib,26
2024-05-19,abib,abib,27
2024-05-26,abib,abib,23
2024-06-02,abib,abib,28
2024-06-09,abib,abib,33
2024-06-16,abib,abib,29
2024-06-23,abib,abib,21
2024-06-30,abib,abib,31
2024-07-07,abib,abib,21
2024-07-14,abib,abib,34
2024-07-21,abib,abib,22
2024-07-28,abib,abib,24
2024-08-04,abib,abib,25
2024-08-11,abib,abib,20
2024-08-18,abib,abib,32
2024-08-25,abib,abib,14
2024-09-01,abib,abib,24
2024-09-08,abib,abib,21
2024-09-15,abib,abib,0
2024-09-22,abib,abib,20
2024-09-29,abib,abib,12
2024-10-06,abib,abib,22
2024-10-13,abib,abib,17
2024-10-20,abib,abib,18
2024-10-27,abib,abib,22
2024-11-03,abib,abib,15
2024-11-10,abib,abib,18
2024-11-17,abib,abib,28
2024-11-24,abib,abib,34
2024-12-01,abib,abib,33
2024-12-08,abib,abib,0
2024-12-15,abib,abib,24
2024-12-22,abib,abib,36
2024-12-29,abib,abib,26
2025-01-05,abib,abib,32
2025-01-12,abib,abib,34
2025-01-19,abib,abib,28
2025-01-26,abib,abib,33
2025-02-02,abib,abib,28
2025-02-09,abib,abib,19
2025-02-16,abib,abib,29
2025-02-23,abib,abib,27
2025-03-02,abib,abib,28
2025-03-09,abib,abib,25
2025-03-16,abib,abib,20
2025-03-23,abib,abib,31
2025-03-30,abib,abib,29
2025-04-06,abib,abib,35
2025-04-13,abib,abib,39
2025-04-20,abib,abib,50
2025-04-27,abib,abib,59
2025-05-04,abib,abib,66
2025-05-11,abib,abib,65
2025-05-18,abib,abib,39
2025-05-25,abib,abib,49
2025-06-01,abib,abib,27
2025-06-08,abib,abib,28
2025-06-15,abib,abib,28
2025-06-22,abib,abib,34
2025-06-29,abib,abib,25
2025-07-06,abib,abib,41
2025-07-13,abib,abib,37
2025-07-20,abib,abib,36
2025-07-27,abib,abib,37
2025-08-03,abib,abib,31
2025-08-10,abib,abib,31
2025-08-17,abib,abib,24
2025-08-24,abib,abib,29
2025-08-31,abib,abib,39
2025-09-07,abib,abib,20
2025-09-14,abib,abib,23
2025-09-21,abib,abib,28
2025-09-28,abib,abib,38
2025-10-05,abib,abib,38
2025-10-12,abib,abib,60
2025-10-19,abib,abib,39
2025-10-26,abib,abib,28
2025-11-02,abib,abib,52
2025-11-09,abib,abib,62
2025-11-16,abib,abib,45
2025-11-23,abib,abib,81
2025-11-30,abib,abib,71
2025-12-07,abib,abib,54
2025-12-14,abib,abib,56
2025-12-21,abib,abib,59
2025-12-28,abib,abib,58
2026-01-04,abib,abib,47
2026-01-11,abib,abib,42
2026-01-18,abib,abib,46
2026-01-25,abib,abib,46
2026-02-01,abib,abib,34
2026-02-08,abib,abib,45
2026-02-15,abib,abib,44
2026-02-22,abib,abib,61
2026-03-01,abib,abib,46
2026-03-08,abib,abib,64
2026-03-15,abib,abib,51
2026-03-22,abib,abib,56
2026-03-29,abib,abib,99
2026-04-05,abib,abib,100
2026-04-12,abib,abib,92
2026-04-19,abib,abib,64
2026-04-26,abib,abib,70
2026-05-03,abib,abib,66
2026-05-10,abib,abib,93
2026-05-17,abib,abib,79
2026-05-24,abib,abib,45
2026-05-31,abib,abib,56
2026-06-07,abib,abib,63
2026-06-14,abib,abib,66
2026-06-21,abib,abib,87
2026-06-28,abib,abib,67
2026-07-05,abib,abib,50
2026-07-12,abib,abib,46
2026-07-19,abib,abib,42
2026-07-26,abib,abib,49
2026-08-02,abib,abib,44
2026-08-09,abib,abib,55
2026-08-16,abib,abib,50
2026-08-23,abib,abib,41
2026-08-30,abib,abib,43
2026-09-06,abib,abib,37
2021-09-05,isntree,isntree,0
2021-09-12,isntree,isntree,0
2021-09-19,isntree,isntree,0
2021-09-26,isntree,isntree,15
2021-10-03,isntree,isntree,22
2021-10-10,isntree,isntree,0
2021-10-17,isntree,isntree,19
2021-10-24,isntree,isntree,0
2021-10-31,isntree,isntree,19
2021-11-07,isntree,isntree,0
2021-11-14,isntree,isntree,19
2021-11-21,isntree,isntree,0
2021-11-28,isntree,isntree,0
2021-12-05,isntree,isntree,0
2021-12-12,isntree,isntree,0
2021-12-19,isntree,isntree,16
2021-12-26,isntree,isntree,24
2022-01-02,isntree,isntree,23
2022-01-09,isntree,isntree,29
2022-01-16,isntree,isntree,27
2022-01-23,isntree,isntree,21
2022-01-30,isntree,isntree,0
2022-02-06,isntree,isntree,28
2022-02-13,isntree,isntree,33
2022-02-20,isntree,isntree,36
2022-02-27,isntree,isntree,31
2022-03-06,isntree,isntree,18
2022-03-13,isntree,isntree,30
2022-03-20,isntree,isntree,39
2022-03-27,isntree,isntree,33
2022-04-03,isntree,isntree,36
2022-04-10,isntree,isntree,34
2022-04-17,isntree,isntree,42
2022-04-24,isntree,isntree,38
2022-05-01,isntree,isntree,34
2022-05-08,isntree,isntree,37
2022-05-15,isntree,isntree,42
2022-05-22,isntree,isntree,46
2022-05-29,isntree,isntree,38
2022-06-05,isntree,isntree,38
2022-06-12,isntree,isntree,36
2022-06-19,isntree,isntree,61
2022-06-26,isntree,isntree,38
2022-07-03,isntree,isntree,37
2022-07-10,isntree,isntree,38
2022-07-17,isntree,isntree,39
2022-07-24,isntree,isntree,45
2022-07-31,isntree,isntree,29
2022-08-07,isntree,isntree,41
2022-08-14,isntree,isntree,37
2022-08-21,isntree,isntree,45
2022-08-28,isntree,isntree,30
2022-09-04,isntree,isntree,27
2022-09-11,isntree,isntree,33
2022-09-18,isntree,isntree,32
2022-09-25,isntree,isntree,31
2022-10-02,isntree,isntree,32
2022-10-09,isntree,isntree,32
2022-10-16,isntree,isntree,19
2022-10-23,isntree,isntree,22
2022-10-30,isntree,isntree,29
2022-11-06,isntree,isntree,17
2022-11-13,isntree,isntree,29
2022-11-20,isntree,isntree,43
2022-11-27,isntree,isntree,34
2022-12-04,isntree,isntree,25
2022-12-11,isntree,isntree,29
2022-12-18,isntree,isntree,26
2022-12-25,isntree,isntree,30
2023-01-01,isntree,isntree,22
2023-01-08,isntree,isntree,34
2023-01-15,isntree,isntree,42
2023-01-22,isntree,isntree,29
2023-01-29,isntree,isntree,26
2023-02-05,isntree,isntree,34
2023-02-12,isntree,isntree,27
2023-02-19,isntree,isntree,38
2023-02-26,isntree,isntree,42
2023-03-05,isntree,isntree,42
2023-03-12,isntree,isntree,37
2023-03-19,isntree,isntree,50
2023-03-26,isntree,isntree,51
2023-04-02,isntree,isntree,53
2023-04-09,isntree,isntree,56
2023-04-16,isntree,isntree,51
2023-04-23,isntree,isntree,43
2023-04-30,isntree,isntree,42
2023-05-07,isntree,isntree,54
2023-05-14,isntree,isntree,62
2023-05-21,isntree,isntree,49
2023-05-28,isntree,isntree,57
2023-06-04,isntree,isntree,48
2023-06-11,isntree,isntree,47
2023-06-18,isntree,isntree,50
2023-06-25,isntree,isntree,59
2023-07-02,isntree,isntree,42
2023-07-09,isntree,isntree,64
2023-07-16,isntree,isntree,52
2023-07-23,isntree,isntree,62
2023-07-30,isntree,isntree,47
2023-08-06,isntree,isntree,44
2023-08-13,isntree,isntree,43
2023-08-20,isntree,isntree,45
2023-08-27,isntree,isntree,38
2023-09-03,isntree,isntree,45
2023-09-10,isntree,isntree,46
2023-09-17,isntree,isntree,39
2023-09-24,isntree,isntree,32
2023-10-01,isntree,isntree,28
2023-10-08,isntree,isntree,35
2023-10-15,isntree,isntree,27
2023-10-22,isntree,isntree,37
2023-10-29,isntree,isntree,31
2023-11-05,isntree,isntree,38
2023-11-12,isntree,isntree,38
2023-11-19,isntree,isntree,78
2023-11-26,isntree,isntree,36
2023-12-03,isntree,isntree,31
2023-12-10,isntree,isntree,21
2023-12-17,isntree,isntree,49
2023-12-24,isntree,isntree,47
2023-12-31,isntree,isntree,39
2024-01-07,isntree,isntree,47
2024-01-14,isntree,isntree,45
2024-01-21,isntree,isntree,45
2024-01-28,isntree,isntree,39
2024-02-04,isntree,isntree,35
2024-02-11,isntree,isntree,39
2024-02-18,isntree,isntree,37
2024-02-25,isntree,isntree,47
2024-03-03,isntree,isntree,43
2024-03-10,isntree,isntree,54
2024-03-17,isntree,isntree,44
2024-03-24,isntree,isntree,64
2024-03-31,isntree,isntree,38
2024-04-07,isntree,isntree,52
2024-04-14,isntree,isntree,44
2024-04-21,isntree,isntree,55
2024-04-28,isntree,isntree,39
2024-05-05,isntree,isntree,42
2024-05-12,isntree,isntree,40
2024-05-19,isntree,isntree,44
2024-05-26,isntree,isntree,43
2024-06-02,isntree,isntree,62
2024-06-09,isntree,isntree,59
2024-06-16,isntree,isntree,55
2024-06-23,isntree,isntree,53
2024-06-30,isntree,isntree,56
2024-07-07,isntree,isntree,42
2024-07-14,isntree,isntree,48
2024-07-21,isntree,isntree,36
2024-07-28,isntree,isntree,49
2024-08-04,isntree,isntree,40
2024-08-11,isntree,isntree,47
2024-08-18,isntree,isntree,40
2024-08-25,isntree,isntree,46
2024-09-01,isntree,isntree,35
2024-09-08,isntree,isntree,33
2024-09-15,isntree,isntree,32
2024-09-22,isntree,isntree,33
2024-09-29,isntree,isntree,27
2024-10-06,isntree,isntree,36
2024-10-13,isntree,isntree,26
2024-10-20,isntree,isntree,29
2024-10-27,isntree,isntree,33
2024-11-03,isntree,isntree,32
2024-11-10,isntree,isntree,27
2024-11-17,isntree,isntree,33
2024-11-24,isntree,isntree,40
2024-12-01,isntree,isntree,39
2024-12-08,isntree,isntree,20
2024-12-15,isntree,isntree,41
2024-12-22,isntree,isntree,34
2024-12-29,isntree,isntree,38
2025-01-05,isntree,isntree,30
2025-01-12,isntree,isntree,38
2025-01-19,isntree,isntree,44
2025-01-26,isntree,isntree,34
2025-02-02,isntree,isntree,34
2025-02-09,isntree,isntree,23
2025-02-16,isntree,isntree,38
2025-02-23,isntree,isntree,46
2025-03-02,isntree,isntree,34
2025-03-09,isntree,isntree,29
2025-03-16,isntree,isntree,44
2025-03-23,isntree,isntree,37
2025-03-30,isntree,isntree,25
2025-04-06,isntree,isntree,36
2025-04-13,isntree,isntree,45
2025-04-20,isntree,isntree,47
2025-04-27,isntree,isntree,36
2025-05-04,isntree,isntree,44
2025-05-11,isntree,isntree,35
2025-05-18,isntree,isntree,30
2025-05-25,isntree,isntree,54
2025-06-01,isntree,isntree,38
2025-06-08,isntree,isntree,45
2025-06-15,isntree,isntree,40
2025-06-22,isntree,isntree,35
2025-06-29,isntree,isntree,48
2025-07-06,isntree,isntree,48
2025-07-13,isntree,isntree,41
2025-07-20,isntree,isntree,54
2025-07-27,isntree,isntree,38
2025-08-03,isntree,isntree,54
2025-08-10,isntree,isntree,45
2025-08-17,isntree,isntree,43
2025-08-24,isntree,isntree,32
2025-08-31,isntree,isntree,40
2025-09-07,isntree,isntree,32
2025-09-14,isntree,isntree,21
2025-09-21,isntree,isntree,24
2025-09-28,isntree,isntree,22
2025-10-05,isntree,isntree,37
2025-10-12,isntree,isntree,36
2025-10-19,isntree,isntree,29
2025-10-26,isntree,isntree,21
2025-11-02,isntree,isntree,24
2025-11-09,isntree,isntree,34
2025-11-16,isntree,isntree,25
2025-11-23,isntree,isntree,36
2025-11-30,isntree,isntree,19
2025-12-07,isntree,isntree,25
2025-12-14,isntree,isntree,21
2025-12-21,isntree,isntree,25
2025-12-28,isntree,isntree,28
2026-01-04,isntree,isntree,32
2026-01-11,isntree,isntree,16
2026-01-18,isntree,isntree,33
2026-01-25,isntree,isntree,27
2026-02-01,isntree,isntree,28
2026-02-08,isntree,isntree,29
2026-02-15,isntree,isntree,30
2026-02-22,isntree,isntree,30
2026-03-01,isntree,isntree,31
2026-03-08,isntree,isntree,34
2026-03-15,isntree,isntree,43
2026-03-22,isntree,isntree,44
2026-03-29,isntree,isntree,71
2026-04-05,isntree,isntree,83
2026-04-12,isntree,isntree,100
2026-04-19,isntree,isntree,81
2026-04-26,isntree,isntree,44
2026-05-03,isntree,isntree,29
2026-05-10,isntree,isntree,59
2026-05-17,isntree,isntree,51
2026-05-24,isntree,isntree,62
2026-05-31,isntree,isntree,61
2026-06-07,isntree,isntree,43
2026-06-14,isntree,isntree,49
2026-06-21,isntree,isntree,59
2026-06-28,isntree,isntree,40
2026-07-05,isntree,isntree,43
2026-07-12,isntree,isntree,41
2026-07-19,isntree,isntree,25
2026-07-26,isntree,isntree,28
2026-08-02,isntree,isntree,52
2026-08-09,isntree,isntree,30
2026-08-16,isntree,isntree,28
2026-08-23,isntree,isntree,27
2026-08-30,isntree,isntree,24
2026-09-06,isntree,isntree,23
2021-09-05,laneige,laneige,7
2021-09-12,laneige,laneige,8
2021-09-19,laneige,laneige,9
2021-09-26,laneige,laneige,7
2021-10-03,laneige,laneige,8
2021-10-10,laneige,laneige,9
2021-10-17,laneige,laneige,10
2021-10-24,laneige,laneige,10
2021-10-31,laneige,laneige,11
2021-11-07,laneige,laneige,14
2021-11-14,laneige,laneige,14
2021-11-21,laneige,laneige,21
2021-11-28,laneige,laneige,20
2021-12-05,laneige,laneige,18
2021-12-12,laneige,laneige,19
2021-12-19,laneige,laneige,23
2021-12-26,laneige,laneige,23
2022-01-02,laneige,laneige,24
2022-01-09,laneige,laneige,19
2022-01-16,laneige,laneige,17
2022-01-23,laneige,laneige,18
2022-01-30,laneige,laneige,17
2022-02-06,laneige,laneige,17
2022-02-13,laneige,laneige,14
2022-02-20,laneige,laneige,16
2022-02-27,laneige,laneige,13
2022-03-06,laneige,laneige,13
2022-03-13,laneige,laneige,14
2022-03-20,laneige,laneige,13
2022-03-27,laneige,laneige,13
2022-04-03,laneige,laneige,14
2022-04-10,laneige,laneige,14
2022-04-17,laneige,laneige,14
2022-04-24,laneige,laneige,12
2022-05-01,laneige,laneige,12
2022-05-08,laneige,laneige,12
2022-05-15,laneige,laneige,12
2022-05-22,laneige,laneige,10
2022-05-29,laneige,laneige,11
2022-06-05,laneige,laneige,11
2022-06-12,laneige,laneige,11
2022-06-19,laneige,laneige,12
2022-06-26,laneige,laneige,13
2022-07-03,laneige,laneige,13
2022-07-10,laneige,laneige,20
2022-07-17,laneige,laneige,15
2022-07-24,laneige,laneige,17
2022-07-31,laneige,laneige,15
2022-08-07,laneige,laneige,15
2022-08-14,laneige,laneige,13
2022-08-21,laneige,laneige,15
2022-08-28,laneige,laneige,13
2022-09-04,laneige,laneige,15
2022-09-11,laneige,laneige,14
2022-09-18,laneige,laneige,14
2022-09-25,laneige,laneige,17
2022-10-02,laneige,laneige,18
2022-10-09,laneige,laneige,30
2022-10-16,laneige,laneige,23
2022-10-23,laneige,laneige,21
2022-10-30,laneige,laneige,21
2022-11-06,laneige,laneige,27
2022-11-13,laneige,laneige,33
2022-11-20,laneige,laneige,53
2022-11-27,laneige,laneige,44
2022-12-04,laneige,laneige,42
2022-12-11,laneige,laneige,45
2022-12-18,laneige,laneige,51
2022-12-25,laneige,laneige,47
2023-01-01,laneige,laneige,33
2023-01-08,laneige,laneige,28
2023-01-15,laneige,laneige,31
2023-01-22,laneige,laneige,26
2023-01-29,laneige,laneige,25
2023-02-05,laneige,laneige,24
2023-02-12,laneige,laneige,21
2023-02-19,laneige,laneige,23
2023-02-26,laneige,laneige,21
2023-03-05,laneige,laneige,21
2023-03-12,laneige,laneige,21
2023-03-19,laneige,laneige,20
2023-03-26,laneige,laneige,20
2023-04-02,laneige,laneige,18
2023-04-09,laneige,laneige,18
2023-04-16,laneige,laneige,18
2023-04-23,laneige,laneige,20
2023-04-30,laneige,laneige,17
2023-05-07,laneige,laneige,17
2023-05-14,laneige,laneige,17
2023-05-21,laneige,laneige,19
2023-05-28,laneige,laneige,18
2023-06-04,laneige,laneige,16
2023-06-11,laneige,laneige,16
2023-06-18,laneige,laneige,18
2023-06-25,laneige,laneige,19
2023-07-02,laneige,laneige,19
2023-07-09,laneige,laneige,28
2023-07-16,laneige,laneige,19
2023-07-23,laneige,laneige,20
2023-07-30,laneige,laneige,21
2023-08-06,laneige,laneige,20
2023-08-13,laneige,laneige,19
2023-08-20,laneige,laneige,19
2023-08-27,laneige,laneige,18
2023-09-03,laneige,laneige,19
2023-09-10,laneige,laneige,18
2023-09-17,laneige,laneige,18
2023-09-24,laneige,laneige,18
2023-10-01,laneige,laneige,19
2023-10-08,laneige,laneige,28
2023-10-15,laneige,laneige,24
2023-10-22,laneige,laneige,24
2023-10-29,laneige,laneige,27
2023-11-05,laneige,laneige,35
2023-11-12,laneige,laneige,34
2023-11-19,laneige,laneige,58
2023-11-26,laneige,laneige,66
2023-12-03,laneige,laneige,51
2023-12-10,laneige,laneige,52
2023-12-17,laneige,laneige,59
2023-12-24,laneige,laneige,54
2023-12-31,laneige,laneige,39
2024-01-07,laneige,laneige,37
2024-01-14,laneige,laneige,44
2024-01-21,laneige,laneige,43
2024-01-28,laneige,laneige,33
2024-02-04,laneige,laneige,32
2024-02-11,laneige,laneige,30
2024-02-18,laneige,laneige,34
2024-02-25,laneige,laneige,31
2024-03-03,laneige,laneige,28
2024-03-10,laneige,laneige,28
2024-03-17,laneige,laneige,25
2024-03-24,laneige,laneige,32
2024-03-31,laneige,laneige,28
2024-04-07,laneige,laneige,25
2024-04-14,laneige,laneige,25
2024-04-21,laneige,laneige,24
2024-04-28,laneige,laneige,24
2024-05-05,laneige,laneige,25
2024-05-12,laneige,laneige,22
2024-05-19,laneige,laneige,21
2024-05-26,laneige,laneige,22
2024-06-02,laneige,laneige,21
2024-06-09,laneige,laneige,22
2024-06-16,laneige,laneige,20
2024-06-23,laneige,laneige,22
2024-06-30,laneige,laneige,22
2024-07-07,laneige,laneige,22
2024-07-14,laneige,laneige,30
2024-07-21,laneige,laneige,22
2024-07-28,laneige,laneige,21
2024-08-04,laneige,laneige,20
2024-08-11,laneige,laneige,22
2024-08-18,laneige,laneige,21
2024-08-25,laneige,laneige,19
2024-09-01,laneige,laneige,21
2024-09-08,laneige,laneige,22
2024-09-15,laneige,laneige,20
2024-09-22,laneige,laneige,19
2024-09-29,laneige,laneige,21
2024-10-06,laneige,laneige,30
2024-10-13,laneige,laneige,39
2024-10-20,laneige,laneige,77
2024-10-27,laneige,laneige,100
2024-11-03,laneige,laneige,78
2024-11-10,laneige,laneige,56
2024-11-17,laneige,laneige,47
2024-11-24,laneige,laneige,78
2024-12-01,laneige,laneige,63
2024-12-08,laneige,laneige,61
2024-12-15,laneige,laneige,60
2024-12-22,laneige,laneige,59
2024-12-29,laneige,laneige,40
2025-01-05,laneige,laneige,36
2025-01-12,laneige,laneige,32
2025-01-19,laneige,laneige,33
2025-01-26,laneige,laneige,29
2025-02-02,laneige,laneige,31
2025-02-09,laneige,laneige,40
2025-02-16,laneige,laneige,38
2025-02-23,laneige,laneige,34
2025-03-02,laneige,laneige,32
2025-03-09,laneige,laneige,30
2025-03-16,laneige,laneige,28
2025-03-23,laneige,laneige,31
2025-03-30,laneige,laneige,32
2025-04-06,laneige,laneige,35
2025-04-13,laneige,laneige,31
2025-04-20,laneige,laneige,26
2025-04-27,laneige,laneige,25
2025-05-04,laneige,laneige,27
2025-05-11,laneige,laneige,29
2025-05-18,laneige,laneige,27
2025-05-25,laneige,laneige,25
2025-06-01,laneige,laneige,24
2025-06-08,laneige,laneige,23
2025-06-15,laneige,laneige,23
2025-06-22,laneige,laneige,22
2025-06-29,laneige,laneige,22
2025-07-06,laneige,laneige,34
2025-07-13,laneige,laneige,28
2025-07-20,laneige,laneige,25
2025-07-27,laneige,laneige,23
2025-08-03,laneige,laneige,25
2025-08-10,laneige,laneige,23
2025-08-17,laneige,laneige,23
2025-08-24,laneige,laneige,23
2025-08-31,laneige,laneige,23
2025-09-07,laneige,laneige,20
2025-09-14,laneige,laneige,18
2025-09-21,laneige,laneige,19
2025-09-28,laneige,laneige,20
2025-10-05,laneige,laneige,21
2025-10-12,laneige,laneige,19
2025-10-19,laneige,laneige,22
2025-10-26,laneige,laneige,21
2025-11-02,laneige,laneige,25
2025-11-09,laneige,laneige,32
2025-11-16,laneige,laneige,33
2025-11-23,laneige,laneige,53
2025-11-30,laneige,laneige,46
2025-12-07,laneige,laneige,44
2025-12-14,laneige,laneige,48
2025-12-21,laneige,laneige,44
2025-12-28,laneige,laneige,35
2026-01-04,laneige,laneige,28
2026-01-11,laneige,laneige,26
2026-01-18,laneige,laneige,27
2026-01-25,laneige,laneige,39
2026-02-01,laneige,laneige,30
2026-02-08,laneige,laneige,26
2026-02-15,laneige,laneige,25
2026-02-22,laneige,laneige,22
2026-03-01,laneige,laneige,21
2026-03-08,laneige,laneige,21
2026-03-15,laneige,laneige,22
2026-03-22,laneige,laneige,30
2026-03-29,laneige,laneige,45
2026-04-05,laneige,laneige,44
2026-04-12,laneige,laneige,49
2026-04-19,laneige,laneige,37
2026-04-26,laneige,laneige,30
2026-05-03,laneige,laneige,29
2026-05-10,laneige,laneige,31
2026-05-17,laneige,laneige,23
2026-05-24,laneige,laneige,23
2026-05-31,laneige,laneige,20
2026-06-07,laneige,laneige,19
2026-06-14,laneige,laneige,20
2026-06-21,laneige,laneige,24
2026-06-28,laneige,laneige,17
2026-07-05,laneige,laneige,18
2026-07-12,laneige,laneige,19
2026-07-19,laneige,laneige,21
2026-07-26,laneige,laneige,20
2026-08-02,laneige,laneige,16
2026-08-09,laneige,laneige,15
2026-08-16,laneige,laneige,15
2026-08-23,laneige,laneige,14
2026-08-30,laneige,laneige,15
2026-09-06,laneige,laneige,15
