ticker,name,date,title,press,url,collected
100840,SNT에너지,2026-09-28 10:11,"[리포트 브리핑]SNT에너지, '북미 및 중동 등에서 수주확대 본격화' Not Rated - iM증권",newspim.com,https://news.google.com/rss/articles/CBMiXEFVX3lxTE4wMXllWUdjcDN3YS0xc0hCX01WYVAyel9qUnpsWG0tR1BNWmRJRklQUHg3XzFTeV9LdnNySGZMT3dQaTl3cGI0akF2cnFZa1k0Und3ZmJLUjNXZFZG?oc=5,2026-09-28
111770,영원무역,2026-09-28 10:01,"노스페이스 화이트라벨, 새 홍보대사에 '올데이프로젝트'",패션비즈,https://news.google.com/rss/articles/CBMiUEFVX3lxTE16STZvWEU0WlRmTWszbi1mUDhQWi1kcTJXYzdMdVdOdG9BWmYtMTkyZ1JwbHVMRVlSbDdCYndqQmdGTE1vT2tTZjViOWdTX1pO?oc=5,2026-09-28
207940,삼성바이오로직스,2026-09-28 09:47,"삼성바이오로직스, 바이오의약품 제조 공정 혁신 전략 공개",청년의사,https://news.google.com/rss/articles/CBMicEFVX3lxTE5XNFI4dm9sSXZ0eUpEX1hOZzdRbnJacTJ5Q0tVN3VPZEF4MG90NmhBU3ZLUlRySVNuS1Nha0lUSVIwZFRWVG52V2Fsb3JHY1hlWWM5VXdmaHV6bTIteWl6LWNnUEJFZjFLaGFpZEtGeEbSAXNBVV95cUxOZS0zaDExUXMySzZ4MzltQndZQjNvbm9odm9ucHRUWDlNeWw1ZVRqWmtYUlV3NUV0TDRvOVFRYjdidjhIUTh3MmFGWmhvaE5Zd0M3czF3WEFLekVHM1VCZ05pa2dhNzc1VWQ3UlZRSGhSdXNz?oc=5,2026-09-28
009420,한올바이오파마,2026-09-28 09:39,"[특징주] 한올바이오파마, 파트너사 CLE 개발중단에 장초반 급락",연합뉴스,https://news.google.com/rss/articles/CBMiW0FVX3lxTFA3OUVQM1QycnRNVmdJSVVVWnRCZVRINkpHU3RES3lFaFJBVTl6ZDdXdVZSTWZBdFNvSEV5TEo3WW8wLUNDeGVlZ1U4SE1BMFJndzF5NkNHMzFfaUXSAWBBVV95cUxOUTVnTVpkU083OXlqQUhJRWhyT2hseXphVDFrbmQ0WjNHcW5TbURfWGZveElxaHQzTUx5WEg5VkRsU1ZQRFhIcUptYk1pMFdjOFlSdVFMRkZiVXFTMm5Fdzk?oc=5,2026-09-28
111770,영원무역,2026-09-28 09:29,올데이 프로젝트가 입은 노스페이스…화이트라벨 FW 화보 공개,매일경제,https://news.google.com/rss/articles/CBMiVkFVX3lxTE1iaW43YlFBN0FMcWtSSTRfSTJWRUpLMTlfRllJc2FsMFBoOFdlSHhiUzNvcnlkMURwSjJSc1pXR0RFRnN1SnkyQ29DNkpiZVNZRXpWcll3?oc=5,2026-09-28
207940,삼성바이오로직스,2026-09-28 09:28,"삼성바이오로직스, 2026 BPI서 바이오의약품 제조 공정 혁신 성과 공개",v.daum.net,https://news.google.com/rss/articles/CBMiT0FVX3lxTE9XRXowMGhsMTZZUDJBSEdKZzl1RGxuYXlXaDQ0MzBLQ2QxVFZxTVFJek1rcTBjLVBQMGpTUWZnOEhxREg5c2RWSWtnbHFYMlU?oc=5,2026-09-28
207940,삼성바이오로직스,2026-09-28 09:15,"삼성바이오로직스, '바이오프로세스 인터내셔널' 9년 연속 참가...전주기 지원역량 소개",팍스경제TV,https://news.google.com/rss/articles/CBMiaEFVX3lxTFBmNms0T0pNbnk1Wi1NVHZBdlEyVkZ6Qko0cVU0N3NfbDh4S1hRYkJyUmZPVl9TWkZFTmpZVmhRVmRMNlg5WWtyeHVKTE95aDhrUjVDV3JZMmZuV3pmd3dIUWdzTDB6MjRJ?oc=5,2026-09-28
037270,YG PLUS,2026-09-28 09:12,"'2026 국가유산 미디어아트 통영' 세병관 주제곡 '별길: 빛의 시대', 지난 26일 전 세계 정식 발매",한산신문,https://news.google.com/rss/articles/CBMibkFVX3lxTFB6WmJDRDlJUlBWSTVaTHZqemwwOUdoVmY4RTlIemk3dEprYXlUSHJWQ3lVRzlzQjBKZmJQaWxIR0RURmd6MTN4MWJ1NnJXanhVQnlYWDRWbUxYT2Y4TlI1MmZiVFVwc0pEZWRZUjF3?oc=5,2026-09-28
009420,한올바이오파마,2026-09-28 08:54,"[모닝 리포트] 한올바이오파마, CLE 개발 중단에도 신약가치 영향 '제한적'",newspim.com,https://news.google.com/rss/articles/CBMiXEFVX3lxTE9PQ19fSkhyY3U2SF96MVpHTE5vTmd0b1RDN3BlYlE3d2YwdkJ6azUzNnhlNHFyeW9pRkxfS2NJVWJ6a29WZjFPTUpJbkk1Z1RnMkZFYTUyZFU1ZHF2?oc=5,2026-09-28
207940,삼성바이오로직스,2026-09-28 08:49,"삼성바이오로직스, 통합 CMC 공정 공개…개발기간 3.5개월 단축",hitnews.co.kr,https://news.google.com/rss/articles/CBMia0FVX3lxTE9JMV9XQXc0TXFKby1FaTNTYVc1YTBvSE9PanhxTzA5cWVtWnI0Y2c1eUM3Rnp3bnBvWEtCNEZYOURtR3R2VkktRnYxQXVtRXF1cVVMTkQwRVh0cmRib2p3T3c0blNTUkMyNm0w?oc=5,2026-09-28
207940,삼성바이오로직스,2026-09-28 08:47,"삼성바이오, 글로벌 콘퍼런스서 제조공정 혁신 전략 알렸다",연합뉴스,https://news.google.com/rss/articles/CBMiW0FVX3lxTE5TREJpajlsNjdNTUxSVW5rOEhLLU5TOHNudkhBWDlHeFY0eXBaSjZ0OTdyZElWclhQYjduZ0VMbllZUW9kZzBpYzJ2UVcyWlVnTVIzUU92dlBDWmvSAWBBVV95cUxNcVFmSGlEQkNlenlIMEdCVlBQeVZaM0MxWGx3ZnNsVk5WaWlvcHVFTzFKX0Y4TFlLUTJBb1lOV19pZnlDek5lN0RDWW5iWHRPREZ0TEM4VVZJc3NLSDJBdEo?oc=5,2026-09-28
207940,삼성바이오로직스,2026-09-28 08:46,"삼성바이오로직스, 美 BPI서 '공정 혁신' 공개…개발기간 3.5개월 단축",뉴스1,https://news.google.com/rss/articles/CBMiZkFVX3lxTE4xeWE4X0doZnpJT3VlYlVsRWNCRG1PeHpQNEVqbHJSYU95c25DWlE3TEdDdHladWRTTnI5T2hhWk1YWlN5NkhwN3E2QlNERDctMEExYkYyVXQ1YlN4d25WYU5NZWF2QdIBZkFVX3lxTE4xeWE4X0doZnpJT3VlYlVsRWNCRG1PeHpQNEVqbHJSYU95c25DWlE3TEdDdHladWRTTnI5T2hhWk1YWlN5NkhwN3E2QlNERDctMEExYkYyVXQ1YlN4d25WYU5NZWF2QQ?oc=5,2026-09-28
419530,SAMG엔터,2026-09-28 08:46,"SAMG엔터, '메탈카드봇W' 中 전역 방영…""주요 TV·OTT 동시 공개""",프라임경제,https://news.google.com/rss/articles/CBMibEFVX3lxTE5ZRGdDdlRaLWVMMnUzRWR2aHU4YWktLUV0Sk5oV0NCYzRoQUEybXlNRUhaam1wVGxGQUJ2aGJNTWZZaHlCaUxOU0FWaVZsWEY1SWNLeUFkRGo3Uy1UdHd6SjlFajdpNlBQY1Bvbg?oc=5,2026-09-28
241710,코스메카코리아,2026-09-28 08:44,"코스메카코리아, 대규모 공장 증설·지배구조 단순화…글로벌 확장 초석 : 네이버 블로그",Naver Blog,https://news.google.com/rss/articles/CBMijwFBVV95cUxQZnA2Mmtsd3N1VDZ5cXVtdmpYM1VueTNQbGRCZXVSaWxKckkzYlpmNVRCSUhKYm9tRG1ZVktGNmRET1RmeEtMel9ENzRRV1lpSnU1aG9NWE9rQ0RrVWJvUWRJOEM4Q0tCMFE4andScGxoVjFOWVY3UHFIc2kzdFY5LVg3eHlyVTItNGQ0aDAtSQ?oc=5,2026-09-28
207940,삼성바이오로직스,2026-09-28 08:43,"삼성바이오로직스, 2026 BPI 참가…의약품 제조·공정 혁신 공개 - 머니투데이",머니투데이,https://news.google.com/rss/articles/CBMiakFVX3lxTE1sT01YWUFfNkxzMEF6WnJBS09Ma3pQajhUMjJXNExPV3RENWsxTVp0WnFaaHpHbGJidDB1NTRSNkcyR3BXcF84LVhyNldseUk3LWRwOGVHa1hrckpVMFQ4SGVfeUlfbG1kRkHSAW9BVV95cUxOMFJmWExZNDQyNkNDUUZRLTBTWDFzT2NCem1mT0lmV2c2SUVlV0pWcVRTWWJkYWtEUkQtUWl5YXloTDdwZjBjRG10MUdkVDhoUE1RSjh1TGV1NjNSNFBhdlp2Z2JRN2JVSVVjMDB5dFk?oc=5,2026-09-28
419530,SAMG엔터,2026-09-28 08:40,"SAMG엔터 ‘메탈카드봇W’, 중국 방영 시작",bntnews.co.kr,https://news.google.com/rss/articles/CBMiZEFVX3lxTE52SFV1aG1haHJZRUI1LWkxUHRzdl9ZdFVWMlRGSkJxc0tIWWx3d0ZjVXR5YUpNNF8wZTJFX0R0TXhnV3hJa2NVYk8xY3ZKVlpwblRKRlo3TzJ0NXhxVFREazFQWno?oc=5,2026-09-28
009420,한올바이오파마,2026-09-28 08:38,"IBK증권, 한올바이오파마 목표가↓…""파트너사 CLE 개발 중단""",v.daum.net,https://news.google.com/rss/articles/CBMiT0FVX3lxTE5qYnY3VEVfWHo2NVU2OV82N3NZWjJwQ2d3em12OGlqWGVlbUtCcExleks5YVp5SVdfeHVVeU5hdTVGNFhGZlBZVHRTRmpDbkk?oc=5,2026-09-28
207940,삼성바이오로직스,2026-09-28 08:37,"삼성바이오로직스, BPI서 공정 혁신 공개…개발기간 3.5개월 단축",newspim.com,https://news.google.com/rss/articles/CBMiXEFVX3lxTE9yWTAzUGtmcnVTOW85ckJPLWh3YTdyN2o3cEl0a0FUY2NpVHlkTEVLdlpkY3Q0RzJNMllfYXFpbm9HUXVBOUx1WXh4dkZ6b3lNTC1sVzJiUEIydjVk?oc=5,2026-09-28
009420,한올바이오파마,2026-09-28 08:36,"한올바이오파마, ‘아이메로프루바트’ 피부홍반 루푸스 적응증 개발 중단",서울경제TV,https://news.google.com/rss/articles/CBMiZEFVX3lxTE1lODVQZWpYZHdPTzh2SGFtUFlBME9yNkZLWlpZLUJ2T1hSZV8wR1RLTVVuUXdhSW9md2E0Y240WlRBUGFuRXRSNFVFd1psVGlhWDJKQUhOVW4wOWl1NWxqTlBMUXg?oc=5,2026-09-28
161890,한국콜마,2026-09-28 08:35,"한국콜마, 블루엠텍 인수…‘AI·데이터’ 기반 유통부터 HK이노엔 시너지까지",팜이데일리,https://news.google.com/rss/articles/CBMibkFVX3lxTE4zb0pZTzlnU2Rud3llc21QbzFEVGUyaW9MY3pEQWxYSFh0VGJSMmF3M0hvUW5ReXMwUHhTQzlNUFFXQk5FdXFVX2ZmYlhFLS1Pd1JhZmpFdW53Zjl2X0NBZk4tbUJBV0xVZnEyNFJB?oc=5,2026-09-28
241710,코스메카코리아,2026-09-28 08:29,"[종목 탐구] 코스메카코리아, K더마·인디브랜드 해외판매 확대로 성장 이어갈까",dailyinvest.kr,https://news.google.com/rss/articles/CBMib0FVX3lxTFBVZXFSb19mVWZuOHd3bFgtWTNwNG5UenRBclF4X3BMSW0yUWZJbGxLWDJRS21rUXdvSXo3S2tzZkhxc0N4VHJsdlJxMVVKYkFEWVVPVzJBU3FlQUc0eFZjdnpwcGpGZ0RrNlp3aEFjNNIBb0FVX3lxTFBVZXFSb19mVWZuOHd3bFgtWTNwNG5UenRBclF4X3BMSW0yUWZJbGxLWDJRS21rUXdvSXo3S2tzZkhxc0N4VHJsdlJxMVVKYkFEWVVPVzJBU3FlQUc0eFZjdnpwcGpGZ0RrNlp3aEFjNA?oc=5,2026-09-28
241710,코스메카코리아,2026-09-28 08:07,"코스메카코리아, 4Q부터 본격 실적 반등 전망…목표가 25%↑-유안타 - 머니투데이",머니투데이,https://news.google.com/rss/articles/CBMibkFVX3lxTFBycE1RNzh3cTRLUGFNSWRDNlEyajU5MTRwZTVJcXdUNklEQ3RNblVuSURyWTFIaG5UblpmaG5XaWtvV1BiYnYyaF9fdndnal9samwxX1ZFUW5Nbml1dnFUTTVLQUdSaThqVWFPTDNB0gFuQVVfeXFMUHJwTVE3OHdxNEtQYU1JZEM2UTJqNTkxNHBlNUlxd1Q2SURDdE1uVW5JRHJZMUhoblRuWmZobldpa29XUGJidjJoX192d2dqX2xqbDFfVkVRbk1uaXV2cVRNNUtBR1JpOGpVYU9MM0E?oc=5,2026-09-28
241710,코스메카코리아,2026-09-28 07:41,"코스메카코리아, 3Q 눈높이 낮춰도 성장 유효…목표가↑-유안타",edaily.co.kr,https://news.google.com/rss/articles/CBMigAFBVV95cUxOd0dubkhKN3Y2bnZObzZRb3lISzVBcnpuWUdPS3plX2dyQXZiN1FFcWJ5cjhjYUZhV2l4V2ZjMV9xSW8xbF9ZTkZSdklmMG5DdUFZSHBZbTI3RzFXMlJ3UjM3R2dHcGo4cms0NDVWa2txUWhWclVzQW1qdVgxdTZGVg?oc=5,2026-09-28
041830,인바디,2026-09-28 06:34,"차기철 인바디 회장 “아직 전성기 안 왔다…2030년, 매출 5000억원 목표”",더바이오,https://news.google.com/rss/articles/CBMicEFVX3lxTE10QmFwMlNvZGZxTF9WbVBveWlWYlBPY18wbTNlWnRrTkoyM3F0cVFrb0NkdTdrcGZWWGo1ZWpLZFZEc183eUxLTk1OQUw0TnlrcmFvVHZHa3F0LUZOZDVObllyVlhHYWJUTWxYOHdmX2LSAXBBVV95cUxNdEJhcDJTb2RmcUxfVm1Qb3lpVmJQT2NfMG0zZVp0a05KMjNxdHFRa29DZHU3a3BmVlhqNWVqS2RWRHNfN3lMS05NTkFMNE55a3Jhb1R2R2txdC1GTmQ1Tm5ZclZYR2FiVE1sWDh3Zl9i?oc=5,2026-09-28
041830,인바디,2026-09-28 06:12,“인바디 전성시대 아직 안왔다”…매출 1조 향해 간다,청년의사,https://news.google.com/rss/articles/CBMic0FVX3lxTE1vcFpUVHE2Y2ZyTUJjLTJaa2wtelkxWmtlZ2NrMmN6UEJCSmVVdkVxTEpfYVlOaUNsRkxicWZpazhnbV9qSE1XdkIxOWVhSlZDZWhHVmxTeXFkYmwxWjNaWkczTDFiazdDb2gwck1wdVZMeE3SAXNBVV95cUxNb3BaVFRxNmNmck1CYy0yWmtsLXpZMVprZWdjazJjelBCQkplVXZFcUxKX2FZTmlDbEZMYnFmaWs4Z21fakhNV3ZCMTllYUpWQ2VoR1ZsU3lxZGJsMVozWlpHM0wxYms3Q29oMHJNcHVWTHhN?oc=5,2026-09-28
041830,인바디,2026-09-28 05:50,“인바디 전성기 아직 안 왔다. 체성분 기술 고도화로 매출 1조원 시대 연다”,의사신문,https://news.google.com/rss/articles/CBMib0FVX3lxTE1jVm13WWRNMzJYNzZfbzJmNW41N1NzX1pfa04xdTVjMXlSY0ZRckhodmdtaVdVcmlBaWJVVkJXdVhqM0Z6LVJocENqZmlPd3R2Ui1wdjRCOUJfQTlkNy1QUVgzOFdiX2lDUVlhWmlNVQ?oc=5,2026-09-28
041830,인바디,2026-09-28 05:50,"30주년 맞은 인바디 차기철 회장 ""아직 전성기는 오지 않았다…매출 1조 향해""",bosa.co.kr,https://news.google.com/rss/articles/CBMiakFVX3lxTE1zeWlhdV9fd2FGNEVDYXNXMnkwNHZyRVM5ZXN2QmRXU2ZtWVcxcmZPenFDREw4RVZRMkFMTlBvTldlcjFaWUd0dWFRdXhHMGN4aDJIWndfelNRM0I1VVR3X3dnYkNVWVF0SVE?oc=5,2026-09-28
041830,인바디,2026-09-28 05:49,"창립 30周 인바디, 3000억 넘어 ‘5000억 목표’",데일리메디,https://news.google.com/rss/articles/CBMiaEFVX3lxTFBKRl8wSEpHLWxSXzRTeFVaT0pmalFXN2lWN1dLTlF0ZHRsTUVBRi1fb3kwei13WlNUT2VyRXA2MzNtbHF0S1YwSDVlNlp0Mm5OUDJva2hEaXRmWFdUOGg4cWo5S3BvbXll?oc=5,2026-09-28
241710,코스메카코리아,2026-09-27 16:43,코스메카코리아 투자분석 2026. 09. 27,주달,https://news.google.com/rss/articles/CBMic0FVX3lxTFBwYjgxT3dycVhjVlJ1S2dOd2VMYW9RSkVRNjlsOFJkdkRGUUMzeDJwLWFtTll0cnlaY2VpRVRMekVhZEZxWWxkU2ZoTmc1alpGVm1kZzFGRU14MVRGc1dEWjl3SDBLSDN5anl6NFh2SW80VDg?oc=5,2026-09-28
306200,세아제강,2026-09-27 16:41,세아제강지주 투자분석 2026. 09. 27,주달,https://news.google.com/rss/articles/CBMic0FVX3lxTFA1a3VyakhKdUZZeElTdEdKMWtLdHM3QW9iYnpUUW4yN0ZERUp0WkxsRXFheV8wMWk5RWgxOEkzVzJxcUdaRzFNR1ROcDU1TmVweXlEX0luZkRnRWZpUEFya3dveU02RTNSc1B1U3I4U1hxUFU?oc=5,2026-09-28
207940,삼성바이오로직스,2026-09-27 16:04,"존 림 삼성바이오로직스 대표, 글로벌 협력으로 K바이오 외연 확장",v.daum.net,https://news.google.com/rss/articles/CBMiVEFVX3lxTE9hY05RTzVyVjdKRkpxbFZ3X0l2UlNzcFZHbnpCSlpJenhUa1JnMnFTMHR5by1jQ0dyNjRxbTJOelJaRWt5SzhQeGdXa19SU0s4MFV5dg?oc=5,2026-09-28
018310,삼목에스폼,2026-09-27 11:55,"[공시] 9월 28일, 코스닥 상장사 51개 종목 자사주 매수 신청",뉴스티앤티,https://news.google.com/rss/articles/CBMiakFVX3lxTFB2V2ZTbUx0NUlsV3QtYk9mVmxOVlhUNGFIeXlHUExhSmZrWU9Bb1RDdzhIcmRyc0lWM3FZajhKMHpkdWQ3Qk03YjM0Z0RobHRNN0V6QVlCY2d1Rk9oMTFLMjRVLWNhZ0NjbGc?oc=5,2026-09-28
009420,한올바이오파마,2026-09-27 09:56,"[바이오e종목] 한올바이오파마, ‘루푸스’ 임상 중단…신약 개발 난항 - 조선비즈",biz.chosun.com,https://news.google.com/rss/articles/CBMimwFBVV95cUxQaGptZVpUNHJRZlh1Q0pXNmRPbGtuZEpBdXU3b09oMWVWZ2tPRlE2TXJtOHNIeU1aTHpkdldwdnA3V2tNdjUyV2tXQXBWMW9yVWx5eWFySWNkSDJwYm5BRmRXTDN2YlBhNjdrWjI3dVRLUU90dFFvZ2RjYlZmM003dHZ5czFWaTUxMXowb21fYklUcXkxU0NaV1FkNNIBmwFBVV95cUxQaGptZVpUNHJRZlh1Q0pXNmRPbGtuZEpBdXU3b09oMWVWZ2tPRlE2TXJtOHNIeU1aTHpkdldwdnA3V2tNdjUyV2tXQXBWMW9yVWx5eWFySWNkSDJwYm5BRmRXTDN2YlBhNjdrWjI3dVRLUU90dFFvZ2RjYlZmM003dHZ5czFWaTUxMXowb21fYklUcXkxU0NaV1FkNA?oc=5,2026-09-28
004490,세방전지,2026-09-26 10:07,ESS 시장 팽창 모멘텀… 전력변환 및 배터리 관련주 차별화 장세 뚜렷,pinpointnews.co.kr,https://news.google.com/rss/articles/CBMid0FVX3lxTFB0OWRsNkZpWUJuTnpUaEdOZmNlSUtmamJKRHhhYVhLOFNpTmt4OS1lUHFXLVJsMndPR1N4RVJvbng1T0dVQnFkMWVta0wtd1VtSXdQMHZoclQ1M21PazZvTTB1SFdqZHRfV3pjSXZXRExuNURhdS1R0gF3QVVfeXFMUHQ5ZGw2RmlZQm5OelRoR05mY2VJS2ZqYkpEeGFhWEs4U2lOa3g5LWVQcVctUmwyd09HU3hFUm9ueDVPR1VCcWQxZW1rTC13VW1Jd1AwdmhyVDUzbU9rNm9NMHVIV2pkdF9XemNJdldETG41RGF1LVE?oc=5,2026-09-28
004490,세방전지,2026-09-26 09:47,2차전지株 일제히 휘파람... 로봇 배터리부터 핵심 소재까지 매수세 확산,pinpointnews.co.kr,https://news.google.com/rss/articles/CBMic0FVX3lxTFBLV3dRSGdVM29CWG9VLU93NXNiX1BWdjFhdV9DQ2NYOUI4ZUpPVzB0bVgzZEZiOS1SZk9yYUg4OG44SE9adURGNVdBYVJOZU1BVDl0TkdZWHJJZUp3WUprT3ZLX0lKYUF5OXFLZko3R2t0bEnSAXdBVV95cUxQRnRjaTd2cmRmVTBIQWVxcjVKd1lRb3laY0F4UjF2SllmSkRCVlQ3eF9WTkZNeG04ZWcwVnRJd24zTlNaRDB0XzVPNUFRZ2ZER29tQ2NCUjA1UmRDM21DWnZNQnNEVjE1akR4Ti1rdVEyYmRwSTdubw?oc=5,2026-09-28
192820,코스맥스,2026-09-26 08:33,"""단순 제조 넘어 원천 R&D로""… 로레알, 韓 코스맥스와 '차세대 뷰티' 개발 MOU 체결",글로벌이코노믹,https://news.google.com/rss/articles/CBMiiAFBVV95cUxOdmVWRU8yYWZJMTBCQV82UWdwZEpzYm1NTnNRbi1lTENQTEM3SEVDNUE5b1ZibkE0SnBxc0pWMUloZ3JSRTdxeWdCbW5uaWEtb3pLZE5ucTRENTlrc1lScGQzRXRVTXRMRGh0andzZHgxeV90alp2eUhZX0ctOFM3TmY0c0xJd1Fn?oc=5,2026-09-28
161890,한국콜마,2026-09-26 06:00,"[K뷰티의 숨은 거인, 한국콜마②] 키우기 끝, 다듬기 시작...계열사마다 '제 색깔' 다시 입힌다",ebn.co.kr,https://news.google.com/rss/articles/CBMiaEFVX3lxTE1HVHg1MFNSeEN3QWNIelFWMjMwdEx3aGtYUjloOXFOaVFmRm5NYzVsSXI1TkRmVDVJdWdCUVhULVZqeUZnRFptZFBwQURDcDhBc2lJOC1kSzBUNWdIa1JzLUd3T0o5TWNP?oc=5,2026-09-28
001040,CJ,2026-09-26 03:35,"""미식에 어울리는 전통주는 왜 없을까""…CJ가 찾은 해답 '자리'",연합인포맥스,https://news.google.com/rss/articles/CBMicEFVX3lxTE9wdGVHRlRtMTc2dHdHbWc0cjBRSzNHc0ZYYnFnakpjQjg4VXRWX05JUXRyY3AteDdvSEc4RGYzUXR1Q1VHMEl1QU81VFBWdks2ZWNpODNKWkxTcGNmZW9EblZVRW9hYl9OOHV3TnN4WVc?oc=5,2026-09-28
037270,YG PLUS,2026-09-25 21:57,배당선 방식인지 확인하는 f1 24 게임 구조 안내,Calgary Roughnecks,https://news.google.com/rss/articles/CBMif0FVX3lxTE5iOENMc2FWbjItM2xDTlgzUjFSY0ZYd2VIeHNsQzZSOTRKOUVUa0pPSkdqYlpqV0JNSWJmanFaem5HUXR1dDA0RzdHb0dxVE13TDRVMVJBR0VwaUZhY01McVFuZ1BFOHdZdmNxV2d6dUt3eTFZSHFuUlNKYXROQmM?oc=5,2026-09-28
257720,실리콘투,2026-09-25 19:20,실리콘투 투자분석 2026. 09. 25,주달,https://news.google.com/rss/articles/CBMic0FVX3lxTE5QUk5FanRjZnRlYUZhd2RMSkdEWWc4T0U2YUlPR0p3YjFDZmgteFpoZEhaZW5GXzNBN3pGSUdvcnBxZ2RMS0xDTFl0X0IwbFRxUlhtazFrY29XLVpHN0hvOEtNOFRaTUc3NTU4TlFmVTJJZWs?oc=5,2026-09-28
306200,세아제강,2026-09-25 16:20,세아제강 투자분석 2026. 09. 25,주달,https://news.google.com/rss/articles/CBMic0FVX3lxTE8wV0RKQXBicEhNa3QxREQ4OFZmZTVORlJQdzF2VFEzejdRVG5wLXFaWTZVa3daSUZHTkJVWnA4Szd1dC1ZZ3M3cl91Z1JFU3BvNFJTbWVWOGR6dUlEcDBjVXFSajVLdmw4dFlDdkN0TWR6dGc?oc=5,2026-09-28
111770,영원무역,2026-09-25 15:09,첫 화면에서 보이는 위너라마 카지노 무료 스핀 주요 메뉴 지도,Calgary Roughnecks,https://news.google.com/rss/articles/CBMiigJBVV95cUxQcEpCNmgtbXh0QUxMZXJMeDJGaGV5ZXU4NGxCX3dSN3BpdmU2UXdfcDI1eHdDRFY5LUxDdC1pdDhiNmRBTnZLUVVYbWZPc25qNXpLUFp6RjB0Q0xjZm1sNm5xTW92blc1M09ZUUZxN3g4M1dqZTRiTEJ1WjViRkNEMGU1RlJsM042YlJUOTVxRzFHQUNiWmtUQVBUaGtnNF9BM2tNejN4MWJ3S0R6YUt4VTNpZ1k5WnM1WnFfbEpUVVREWGplbEhVZkttS25uMDVVMzdwLUxkdVlhOWlFS0pZRUxCNEN2emVKMUJRMC1BNDNsMlZtNGNIQm1HTGxIdUtXcjZzcFdfd1p1UQ?oc=5,2026-09-28
207940,삼성바이오로직스,2026-09-25 12:00,[비즈톡톡] 삼성바이오로직스 통상임금 재판 공전…삼성화재 영향? - 조선비즈,biz.chosun.com,https://news.google.com/rss/articles/CBMihwFBVV95cUxQNFY3RVRvejB2VWk5UXozczlqb2Y1SXNGYlJmX3IxNGpOQ0cxQ2NDOGZnTF9hMm5jRm1seHpTeDJRXzlkYWxmdUxmdllXU0VSX0NtcmFwcDc0cWc5SXBKNUJUdi1JdFlZVEs4clpkSDNicW85OU8zNDU4LWpqRF93LXJGbmkxNHfSAZsBQVVfeXFMTkFjY3gzUUdrVDJ3alloeEl1MVpxV1VOdVRHZmFhYVloWG41LTJZWG1KMzd4bnNNRFdhanBac0w3M3NLcm5HSWJLcDlFcmtoaFN6UlA5Q2RIZHQydE5UQ3A0OHRyZGRYT055bnRfSTNXRUpjZUpaQ1RRdzlvOXZ3SkF5akZiRDlzRDNhcDZDQ1FuZnJqdFo2Wmc1bVE?oc=5,2026-09-28
001040,CJ,2026-09-25 10:41,"“취준생 주목”…CJ·신세계·오리온·동원, 신입 채용 본격화",전자신문,https://news.google.com/rss/articles/CBMiTkFVX3lxTE9sNHFiUWZiLXltVXBfbVBjV1dESTZaVTNqNjlBeVJ1SjdLTXpOSld5bGhOM01SQ0NtN2hKRjJuZVdDaXF1VUZ2T3p4OEpPUQ?oc=5,2026-09-28
257720,실리콘투,2026-09-25 10:30,잘나가던 불닭·K뷰티 환율에 울상…그래도 사라는 증권가 - 머니투데이,머니투데이,https://news.google.com/rss/articles/CBMibkFVX3lxTE9qR3JYa2FlTmdnR1IwQ0JJTVlvNV9rZ3pZeUdTZU9VMlpxZVVyUFRVdERXUVh1aElrSlRTTEJQOWQ3UHRoUVVSY3JFMF9PZ3RRZGJPYW0xRFl1R1h3LVVaZl9teGJZOXVSX25KbEpn0gFuQVVfeXFMT2pHclhrYWVOZ2dHUjBDQklNWW81X2tnell5R1NlT1UyWnFlVXJQVFV0RFdRWHVoSWtKVFNMQlA5ZDdQdGhRVVJjckUwX09ndFFkYk9hbTFEWXVHWHctVVpmX214Ylk5dVJfbkpsSmc?oc=5,2026-09-28
122870,와이지엔터테인먼트,2026-09-25 09:36,빅뱅 월드투어에 베이비몬스터까지…YG엔터 쌍끌이 성장,pinpointnews.co.kr,https://news.google.com/rss/articles/CBMic0FVX3lxTE15SVMtbU42SEVfdVJFcXBMM2R0Tm1TbXFFejhtT1BMLWM2UmI5Smd1VmN6VFNrNXpvT3Q5QjY0WnBnQldDMUlPSVNvSU1ZMHVBc2ZiTjhhZXFMbVFSUUdQNXRERElMLWNLN1N1QjJKZ3VPbEHSAXdBVV95cUxNMnoxVURZQlUtemVYdTVvNmNJMi16bVdINXpNa1l5Ni1kbGRGLWgxZFd3ZnJuZjRkRWgwZnVjMF9BM0hKN25KRGMwWTVkazBQSHRScXNET3AxT2tOeEl1Q3R1MUhMMXI1aGQ5eEt6LVFoaDNPSlJ4QQ?oc=5,2026-09-28
009420,한올바이오파마,2026-09-25 07:35,"한올바이오파마 ""피부홍반 루푸스 임상 실패""...새롭게 눈 돌리는 곳은?",financialpost.co.kr,https://news.google.com/rss/articles/CBMidEFVX3lxTE9pSUt6bjltWGpTLW81dHNVQnB1Mk0zNlNvOFF3TFF5blpCQmNDMWV6Zk9qa2t6cVNoNG5hdjhzUG5PRGtzcHhMUlpwaERBbVJDbmxiS1NjTFVVc1lROUZsbHZ6WktNWWxHZU5DdnN0QUhKTHJ2?oc=5,2026-09-28
192820,코스맥스,2026-09-25 07:03,"코스맥스, 10년간 매출 4.5배·수출 3배…R&D 투자 12배 확대",v.daum.net,https://news.google.com/rss/articles/CBMiS0FVX3lxTE5XcURFQmxLcTZ1MzlGVUhFQnBYQ25qUGFUTjlsRXdKMkhZU2ZjQTh5eVF6YmdaNENqMi1WRFJISXdNdUFJRFIzenVGWQ?oc=5,2026-09-28
241710,코스메카코리아,2026-09-25 07:00,"코스메카코리아, 대규모 공장 증설·지배구조 단순화…글로벌 확장 초석",딜사이트,https://news.google.com/rss/articles/CBMiT0FVX3lxTE5NZkZJV3N3eEVhRmVyZDZseVh0bjhKclIzLWgyTkpOaEhBaF8zTFdZNVNtWWhLeWtoX1k2SDZFODFjRXFKT1dTLVMxMm12R0k?oc=5,2026-09-28
306200,세아제강,2026-09-25 06:47,"美 상무부, 한국 강관 덤핑세율 확정…넥스틸 29.9%·세아제강 9.8% 격차",글로벌이코노믹,https://news.google.com/rss/articles/CBMiiAFBVV95cUxQVmtOX2VRVm1ycW95aWpKNERTNjN3TTh0SEwwNjdiZTJhRVJ6VWZLRVJOUHdTWkZybl83TmRqTWd0Zk5wbXdhOW41SFp0VkhoUFlVei1LdHNxTE55OF9LTmFyUjRXWjdLLVpXZWd5YW53T0NiM2xFaXhFOGhIR2dvWXpiblR1bkl1?oc=5,2026-09-28
001040,CJ,2026-09-25 06:16,"K푸드 이어 K주류로…CJ, 뉴욕서 프리미엄 증류주 ‘자리’ 선보여",조선일보,https://news.google.com/rss/articles/CBMiiAFBVV95cUxOZlVwQ3MwUmpxZTFYN2pmQzdpeEE2OUM0N3YwTGlDVUZ5VWRJQUt5dmhCUXI0ZEljN1NTbklMYzZNeDYwSnAwSFhVM1UxeTNuYTJVam5kS09FcmpmN2s3bEs0a2hrOGZMSFlUcWpiSENIc2k4QmJ1NnMxRnZNcnJCMUpqMVRVRl9n?oc=5,2026-09-28
111770,영원무역,2026-09-24 21:52,영원무역 투자분석 2026. 09. 24,주달,https://news.google.com/rss/articles/CBMic0FVX3lxTE5rajk1SFZRaHBvVURQajRwcFZLdnhIM1BLazVNM201Y3pRZmgtc2I3b0I1YktPX3hQQTJJVGkxTlhXd0hQYW1vOXlEZnBWV1Bta0M3LUFUQkM2ZVZZTTFSSThYSnFUOTFNeWJoRE9BWFhYRW8?oc=5,2026-09-28
013030,하이록코리아,2026-09-24 20:50,하이록코리아 투자분석 2026. 09. 24,주달,https://news.google.com/rss/articles/CBMic0FVX3lxTE1nZ1l3Ym9UbnZFQ2JiZTd2eElFRDhvdFBWQzBpRVVyVnFQTmxyendhWEhuVTJfS09PWTBwaS1EYTdLR185dnVILTV6TDBXRVU3bzV3SmVqbWRJQldwLWlZSWE4WVRCSHRQbEhQT1FzbmNXYTA?oc=5,2026-09-28
018310,삼목에스폼,2026-09-24 19:50,삼목에스폼 투자분석 2026. 09. 24,주달,https://news.google.com/rss/articles/CBMic0FVX3lxTFBsVTFBcTRtMDBZajNfMHFMRXoyRWF2TFA4Rk96Z2tkTTFpMzd2NmZCbkxaWnJ2Q1hqb05VVVFvMlFwekpEcERoazhTdGpDcmVNdHlaa3BjSUhqeXcyd1BBeDJrNFN3MEV5ZE9qQVlSajU2c3c?oc=5,2026-09-28
161890,한국콜마,2026-09-24 17:23,한국콜마 투자분석 2026. 09. 24,주달,https://news.google.com/rss/articles/CBMic0FVX3lxTFBYaEdqVFZOVUwyRU5CQmJCLURmSWtNZHctYzcyMkd6WjMxQ0JYNEtkcmdhR2dQUVJ5enpsM3hVNFh4OFMzNE5OTkN6aG9TYWNpR2lHWTJGNkxBRXN4Z2NucXFlRm9fYTJnVmtzM3poV2VNMnc?oc=5,2026-09-28
241710,코스메카코리아,2026-09-24 15:49,"한국 화장품 세계로 뻗자…코스메카코리아, 미국서도 두 자릿수 수익률",pinpointnews.co.kr,https://news.google.com/rss/articles/CBMic0FVX3lxTE01VjhGTHZQR3JEa09JRVdiT25IanphNk1kR3J2d09SdDBoeG9tMGE4XzZsb2k3ek9HWVNkMVhuZDhMRGRZcEk1eWdaSzBJenVLX2tMTl9qU3ZWdG9LMUhsQzBKWWkxYzdObVhYcEE2NnMtbEnSAXdBVV95cUxNQWZUVVp4UnRGM05VQnBrbU5tdHg0SFkwUEN6UlBpMWE5dUczN1Z4XzRUQVhOWG1HcXRsQTk1OEtSWENfV0Rmd3N0bC1pemoyY1RES3VCYVc4N3BzN1RXYm50VTA5R0pWcGFzZTE2Rzhac0h6eGpaWQ?oc=5,2026-09-28
041830,인바디,2026-09-24 15:33,"'인바디 측정 불가' 신지 ""세차가 왜 이렇게 힘드냐"" - 머니투데이",머니투데이,https://news.google.com/rss/articles/CBMic0FVX3lxTE10czlWcC05SWVxZDg3dkJmZWhldFNMRWtqbzhZTUNQdUs5elljRWg1dHhzUE55SDloUVhLMjJTRjYyTVhZbXFZYndtNEFvb19kOGlEN19adEFEZVV1RmlqU25kVlIzbk1ndC1vZ1Y0SFFXYmPSAXhBVV95cUxNOFA1UVkxRUhCUDBNeGV5WHJ6U3ZSc3lSRGlLMTYyaUMwQ3N1MXFrbWdfZi1jNWlCRXQwb2hyem5RX3dkVW5vbWpMVnE1TDZlZ0pfTl9wOHd2WkcwMkppcnVSVWtBQzJFQTlUWTlOMTQtX0xuU3gza00?oc=5,2026-09-28
122870,와이지엔터테인먼트,2026-09-24 15:31,"다국적 7인조 걸그룹 베이비몬스터, 日 교세라 돔서 9만 관객 동원",edaily.co.kr,https://news.google.com/rss/articles/CBMigAFBVV95cUxNTnZnUDVrYnNsMS1RRDNVbm1KZ185NWUySFhIOUgzdGVuUjY3Nk5TcXVsMFM0RVJ2TjRMNXFUTmxvRXQwRzJVQ1RlS09LNHhta0JqWXZlUy1jcEhuZ09ka3VGekRKLWFIWW42cy0xejhpZDBvb3hHTTdGUThzQXR1NA?oc=5,2026-09-28
009420,한올바이오파마,2026-09-24 11:39,한올바이오 ‘아이메로프루바트’ 루푸스 임상 2b상 1차 지표 미충족…개발 중단,팜이데일리,https://news.google.com/rss/articles/CBMibkFVX3lxTE1DMVF1ZHlrY1RFWThTRmVoSWpBZDZ4YnhCbGV5SmxmaEV5SGs3eV9wOXJWSXZMUThMaTAySVBIVjVKQWpCQWJnTlE0bXV0QndrUWxwMVY4Y1kxTFRfQjFORDkyNk1zM0pkMVJOZ2xn?oc=5,2026-09-28
086450,동국제약,2026-09-24 10:56,"동국제약, ‘유레스코정’ 중남미 13개국 라이선스 계약 체결",MEDI:GATE NEWS,https://news.google.com/rss/articles/CBMiV0FVX3lxTE95Y3FSV1I2MVBiWVlLZW52TjlRR0RTd0RIZmxJWlRxaUE4aGhKekRFdUJvNDU2OVhRQ0c1WkVkZVg3Um40OER6cWZyMlVhRlZUS0lKQmRqdw?oc=5,2026-09-28
009420,한올바이오파마,2026-09-24 10:49,"한올바이오파마, ‘루푸스 피부 홍반’ 치료제 임상 중단…“통계적 유의성 확보 못해” - 조선비즈",biz.chosun.com,https://news.google.com/rss/articles/CBMihwFBVV95cUxPX0pKX1huWVFKZm00OEtSam9XMHZmWUZCaG5OQjNELXBFbWFSWDVDdjlEZ0FZMjRuZ1ktQWVXMEVoRVdfdjA0blhWX2NBdW94clR6dURQTjhnQ29nQW1MVllaSHU1YXozUlhObDNtYjIzMmM5ZHVMZ1RpZWVyc2dlekgzVzlpZWvSAZsBQVVfeXFMUGh5VFJpMlJsS29jdUl3YTJ4dE4zRkpXWU5NNUl1YlMyZTEwMEs5bVVHaDl1ODFtN2ZrdmRQYjlrMTdvOTNRS2RtalRTVVVYd3Vyd0RIX2ZaVVFJYndqc2xCMnNSVzR3c1JDNzR0Q2NHa2w3VDRwNEF4YlZiTHJnQzQ5UjI3bDllZURGNlVwVHl0WS1HZ01sM2VwbWc?oc=5,2026-09-28
009420,한올바이오파마,2026-09-24 10:37,"한올바이오 ""피부홍반 루푸스 임상 실패…개발 중단""",뉴시스,https://news.google.com/rss/articles/CBMieEFVX3lxTE5vdXlzSHFqRTVfQUJuVFFGWHhTVGhjVmRBOFRBSC1qcWdYdy1uZjhrbkNPMmVhcE51RzhDRE1fa2RwRnZTUjJWellYOXJfbTYyc0JuU0hnZU9oMGQ4alNWZmpLQ01ERXo2X203WlR1aDVrbktZSnhLTtIBeEFVX3lxTE5vdXlzSHFqRTVfQUJuVFFGWHhTVGhjVmRBOFRBSC1qcWdYdy1uZjhrbkNPMmVhcE51RzhDRE1fa2RwRnZTUjJWellYOXJfbTYyc0JuU0hnZU9oMGQ4alNWZmpLQ01ERXo2X203WlR1aDVrbktZSnhLTg?oc=5,2026-09-28
419530,SAMG엔터,2026-09-24 10:33,플레이 화면과 홍보 이미지를 구분해 보는 월드컵 토토,Calgary Roughnecks,https://news.google.com/rss/articles/CBMi3gFBVV95cUxPbjREMkRCX1ZBNXlwOTg5OURnUTFVcFhEWm1qcVNCWUFFQnd4SmpNYU9vXzh0WEl1UmFoQkxSb045enRLQ0V2d0RvWV9aZUN0QzRub01na1dSUHRJbGxCdjBCazBRY0FfM2h5cHQ3anlBLUNKZFpxVTgxaFQwUUtkSEtJUVRaa2hWUHR6WGc4d1RFbExHWTd1a1QySVBVREd1OF9RVThOMUszd1RFTG5jejBxSTQyWlZpZG5iLXlIemtpWWpFalhydF8wMnljd2l5NTZvY0xlak5iaEZ0OVE?oc=5,2026-09-28
009420,한올바이오파마,2026-09-24 10:13,"한올바이오파마, ‘아이메로프루바트’ 개발 방향 변경",메드월드뉴스,https://news.google.com/rss/articles/CBMibkFVX3lxTE91azJQNXQybVJyMmstN0VhZ2lhLWdsSjFSMnR2VENXZ2t2Z1o4dzR4enNEOXU1UXptYTJLbWxBRzJpZEtIVE5pU0JmVnFzOEFqaXFfRFhfNWhqenhfQUVDdFlETXZ0VTFRY3pKUVB3?oc=5,2026-09-28
009420,한올바이오파마,2026-09-24 09:18,한올 기술수출 '아이메로프루바트' 루푸스 개념입증 임상 실패,hitnews.co.kr,https://news.google.com/rss/articles/CBMia0FVX3lxTFAwSmJBUmNOSUxWd01ydGlkaXJ5N2tocEdXc1VkVDlxdTNOT1FTbkxmLXRmLTlBQ2NNb3M5dV95TWNkamdRQ0Q5WlBBc0wxbGhDaWpvZ2VQcUdybUdJRm5OOVRGYk9PY19Makpn?oc=5,2026-09-28
041830,인바디,2026-09-24 07:47,"‘인바디 측정 불가’ 신지, 근육량 늘어났나..“무게 20kg까지 쳐” (어떠신지)",v.daum.net,https://news.google.com/rss/articles/CBMiS0FVX3lxTE9IWGFwVTJkT1ZEeDBLeXcwX2dFT0xfQmFjMno4WGp6Y2Uybkd0X3dtS3poVlhWQkRzVWtEZ3huQ1JMNkRoTG5JajJVNA?oc=5,2026-09-28
009420,한올바이오파마,2026-09-24 07:33,"한올바이오파마 기술수출 신약, 피부 루푸스 임상 실패…적응증 개발 중단",헬스코리아뉴스,https://news.google.com/rss/articles/CBMiZ0FVX3lxTE00UkdoaFdEWGZiVlRJRTJqWm02YXc1ZVlnUi1rbmJ0SmM0ZDNDU2FROFAzdEpYbS1oc1BBdEY3Q0FRUFBQVXhzZDFsZjg4MmRGMmFGZjF0TERKeG1ESm55ajdkOUFmYjA?oc=5,2026-09-28
257720,실리콘투,2026-09-24 07:03,[주간 코스닥 기관] ISC·브이엠·파두 사고 실리콘투·SFA반도체 팔았다,pinpointnews.co.kr,https://news.google.com/rss/articles/CBMic0FVX3lxTE94UnRaZnFjT0FmYURzbWt5Z0VJaGxOZVFoUnI3ellfQi1faGp5czB1Qm00d0pyRmVaNXhDSjFlcy0zQVdlQW9zaG9KcWtON1V4ZXBsVDAtQkg5R3ZXNVBxMXhGZk9GWG9aRDNsR1lpT2NHTTjSAXdBVV95cUxNZXg5U0ZTTFFLNzZXT0FSbWM2X1k4Tmd2b2R6eWZSUTIxVXZMbEhYZl9KQzBURTl2aURwY0N4TTFaRkRnb1dwbUdoWEpQaTNVNnAxLUhBRmptbkdMOC1nT2kwSUxjbE9zZEt6VWw5SkwxX3p2OXpDbw?oc=5,2026-09-28
086450,동국제약,2026-09-24 06:25,"동국제약 “유레스코, 전립선약 시장 76% 장악”",데일리메디,https://news.google.com/rss/articles/CBMiaEFVX3lxTE11M2FZNjFsbUp6NWdYa0FaLUdDTGpaaXpZZVZXZjNkMGVPdFo2SDFRZ0t4OUUtMkVhQ0p2TDc0Ql93V3VNR1hBOVJPMElYZl9qV25YR0g0RU9mUEFDRDZTcjlrcVpDbWM5?oc=5,2026-09-28
111770,영원무역,2026-09-24 05:00,창사 이래 적자는 없다…현대백화점 95분기 등 15곳 '無적자 신화',파이낸셜포스트,https://news.google.com/rss/articles/CBMidEFVX3lxTFBZSzBkMFBDdURBR1FUR2FwdWZjaFdobDJxcnJIUnhvUEZ4cWtuVEFmd2tZT2dPeHR4dkI2ZDlPMXJkZWVoSzVJT0N2RDB5eGVDdzhqTEJnNEhDVGcwbzFqaTV5VW9yNDJ3ZllCR2ppU1hia3lK?oc=5,2026-09-28
018310,삼목에스폼,2026-09-23 23:53,삼목에스폼 투자분석 2026. 09. 10,주달,https://news.google.com/rss/articles/CBMic0FVX3lxTE9JaWtGbkxkcXlVQ0hHblM3elRxcm5kU2JtbmJGM3RsTGVJM0JUWExDVHQyRFhBM0pSTDdfTHJuUmRRTmo5WE1hSUxXUEtkZ0JieFA0Ykhvbm83MmJKb21LVHhMQzBjd1VsRXpBd2pmNUFHYVU?oc=5,2026-09-28
037270,YG PLUS,2026-09-23 23:07,"국가유산 미디어아트 통영 세병관 주제곡 '별빛', 26일 전 세계 정식 발매",뉴시스,https://news.google.com/rss/articles/CBMiYEFVX3lxTE9ENVZ6RlRjOU9JUGlsUFEySkQ4U1BRVF9fZ2hyTnJ2UVk2aWt1MWZMcURocFp1aVQ0ZmhVb29tdy1obDZVcm1jRWNiQ29IdDVWQXdxM2l2VERxYzlOWWdaMtIBeEFVX3lxTE5iaXl1U1F2ajFteUVpcEhIUlhlbnZYS2FkOFJBeU5QYk9sV1l5RUhWUEU3Mml1LW9WWVA2RXdtbEVRUGppdWRuODdaejREZHM0NGpCWHpqUFJrLTkxSkIyNm12YWt6YTNkbzZIZlRUXzVuSm5hQWs4Wg?oc=5,2026-09-28
122870,와이지엔터테인먼트,2026-09-23 17:25,와이지엔터테인먼트 투자분석 2026. 09. 23,주달,https://news.google.com/rss/articles/CBMic0FVX3lxTE5RU0F6WVByZmFjREVFNjdvcUJDUU5iVUo0VXNXV1l6aHpialRXanBSdG9nM0JnUXdqd1k2Q05XZzRraTg4aThmcDRheEw0a0NtSFZYSEFHSVo3RnBpcDJ4RTVVS1k1bV9ZMm9BRndheVNwblE?oc=5,2026-09-28
122870,와이지엔터테인먼트,2026-09-23 16:00,YG 사회공헌 핵심 '접근성'...돈 벌고 이미지 올리고 [엔터코노미],MTN 머니투데이방송,https://news.google.com/rss/articles/CBMiZEFVX3lxTFBXdnc4ajVSWUdwMzJZOUs2Y0JIUWVDTFY1bHRQb2NkOUVmUjcwMW5qT0tzOElZV2hoOVRTUmFSSU1Sb1E5MGRCYnN3eTlEXzVYd2ViUG0xNHhpZThoZEpCNEcwckY?oc=5,2026-09-28
086450,동국제약,2026-09-23 16:00,"[경력채용] 종근당, 동국제약, 동구바이오제약, 국제약품, 한국비엔씨",hitnews.co.kr,https://news.google.com/rss/articles/CBMia0FVX3lxTE5LaTZWYWlhV0JHREpTcXJwTkIxSnpYbGxZVEZyMWlMUE1aY1l1ZEVDZ0lPOUp1QnZfaUwtOEtfb0l0NFFTNG1IaTI3NHNsYlVQWXd0eHBVY1o2Y1MxR245V0NySjl6VGphMmcw?oc=5,2026-09-28
001040,CJ,2026-09-23 14:43,美 뉴욕 문 두드리는 K-증류주…CJ제일제당 ‘자리’ 출시,농민신문,https://news.google.com/rss/articles/CBMiWkFVX3lxTE1wTGJMXy1HTXNIUTlMeTN3RzNsc3FDd1VPZlFjS0Vqc0ltbnEwMzdhNmw1anNkQ3F2SnBXZ2prZm1xdzZxTVpLYWJCc1JZY3IzUy00dnF6M1hGUQ?oc=5,2026-09-28
139480,이마트,2026-09-23 14:22,"이마트, 경기도와 ‘신선한 그냥드림’…3년간 6억원 지원",농민신문,https://news.google.com/rss/articles/CBMiWkFVX3lxTE9xZk1qTmo0XzdObjUtWmVnTXltTjBWUXcyVlU3RjE2M2kxaWdOZWZVUFVJNTBuQ2g2alozNURvS0t2cTVmR3JvVmxKRWkzZjl6aTJSbHJaSmJfdw?oc=5,2026-09-28
086450,동국제약,2026-09-23 13:37,"동국제약 개량신약 '유레스코', 동일성분 시장 독주",비즈워치,https://news.google.com/rss/articles/CBMib0FVX3lxTFB6YnYzTkRZcktpMVZuRUVRZHRsbmNucHJCdDBNY3BxTDNETTFmR0hWVFZPVW50MEFVcWlUV0x5eHlVRXBWWHQ2SGE3b3hJMW9LVUNXaU9yMU9UTnBsaXVHSW1uMVJ2NjVhSUI5OEpSZw?oc=5,2026-09-28
139480,이마트,2026-09-23 13:07,"이마트, 지역 농가 돕고 취약계층 먹거리 지원…3년간 6억원 지원",JTBC,https://news.google.com/rss/articles/CBMiVEFVX3lxTE9DWHZXcnpCb0xkUWRfSXZIQ1VQTk9ha0FxLXpPNkphMnlxb3RLOURoUUZhZzdEYzZya1Z2SEVTNVNGcUkzc2M1TjlYNnBwQ0kyMnd0Rg?oc=5,2026-09-28
139480,이마트,2026-09-23 11:30,"[똑똑한유통] 이마트, 동원그룹, 골든블루, 쿠팡 착한상점, 롯데웰푸드, 전국한우협회-롯데GRS",에너지경제신문,https://news.google.com/rss/articles/CBMiW0FVX3lxTE9yUUxfUUpRc0liNkxLcGowRzFwaWMxUzhQal84ZWJxVlJlTndYNGk5ZzFWMXA5Sk5OQVpoSkN2c3JWXzhVcGxUeUhGZ2pIb2tGWU5pZXhmc0syYjQ?oc=5,2026-09-28
111770,영원무역,2026-09-23 11:28,대기업 33% 5년 이상 흑자 행진…7곳은 26년 간 無적자,서울이코노미뉴스,https://news.google.com/rss/articles/CBMibkFVX3lxTE9yN2k5NEFwcUxTR3JXNlN6bnQ3NTgyNmZJNFpDeDZXdFYyNUJxQWE1aVBtVEEtYW9iUmtpYkRkVmI2cTZTalN0dUxWZ1NER1QtNktseDFUNlpXajE0aWdFa1dsQWV0aVljblRabUFn?oc=5,2026-09-28
086450,동국제약,2026-09-23 11:24,"동국제약 '유레스코', 전립선 복합제 시장 76.3% 선점",약사공론,https://news.google.com/rss/articles/CBMibEFVX3lxTFBJc1laVTVJWmRzVzlhbW9JZE9Rb1Fyb3dSZjZqbUJEUzBSWDFiN29fTkFCRkpxYTNpMEJHYjRGSEdfRjlXcjZhX1cxS013MzY1eEdtcW9JU2pvNnZVRFdvRUtQT2NORnZxNl9GaA?oc=5,2026-09-28
139480,이마트,2026-09-23 11:20,"이마트, 취약계층 영양 불균형 개선…경기도와 ‘그냥드림’ 지원",디지털데일리,https://news.google.com/rss/articles/CBMiZEFVX3lxTE5lZS0zdUJzbEVHX3Z3YkswZ2NiWk1ub1VuTVQxN0lCa2wzUjJmSjZKRk5vY3lYZHJoMVMwVGplOEJkTThaTldiRXdscE9ST2l0Q0laV2x6OTRxWjZtdXB4Z3ZlMUI?oc=5,2026-09-28
306200,세아제강,2026-09-23 11:18,"""세아제강, 美 데이터센터 건설과 LNG 수요 증가에 수혜""",철강금속신문,https://news.google.com/rss/articles/CBMiZEFVX3lxTE5jNEtEa3JSakhrRXBMSXFuaUYxVERoVVFBbWktb0VqRHBfYl9vZ1B6dHVuY1QtNExxSzVneVlITUNZQWtsZG5UV0k0cXNlUEM4c3YweVFUc0JRaUhrUjNxcFI3TkU?oc=5,2026-09-28
086450,동국제약,2026-09-23 11:02,"동국제약 ‘유레스코정’, 두타스테리드·타다라필 복합제 시장 점유율 1위",한국의약통신,https://news.google.com/rss/articles/CBMia0FVX3lxTE9WbzUzWTBnR2RiSXRwVUIzUmktMEVLUGl3VGxEeGhhZlNzOUxobzN1X3ZtWE9oNFV4NzhlVVRWRFIzZDVVWGxHeVN1QUgyQlRHV3huMEZjdE0xeC1MNEpiSDVkZndxVS0xcEtz?oc=5,2026-09-28
086450,동국제약,2026-09-23 10:58,"동국제약 '유레스코정', 동일 성분 복합제 시장 점유율 1위 - 머니투데이",머니투데이,https://news.google.com/rss/articles/CBMiakFVX3lxTE05SF8welVReUR1VkNpbUZvUlFWbUlvaGJUcXNOUEROR29tMks5ZE9jQlZvQWExOEI4dDdkUW0wSjJDbjMzMEVkUERYQ3NyN21RbWRHOWlRdENJa0JoUTl4SFhzUHZ4Nk93YlHSAW9BVV95cUxNcFp0UXk5X2pidV9kT21xRzJNa0MwaHZCYzBMdWNkcHlPcFpkV0hub25RZVF6QU8xUmpnZGlJRnA5MFZJQTFmTzZiT1dRV0ZLOVExV2JDVnFSSUF3WWN0MGlkbmxWMUZ2YkFnRmU5OTg?oc=5,2026-09-28
004490,세방전지,2026-09-23 10:10,고려아연 현대모비스 등 7개사 106분기 연속 흑자…배터리 화학업체 고전,국제신문,https://news.google.com/rss/articles/CBMijgFBVV95cUxNR0NTd3R3elB1VmZTaVo0ODYtbjd0MDVkelktMUxuUzh2SkptS3VnVS01cnhUVmpFakNiZ1FpTWd4YWphZTJqamNkYTVpUlFYeW9raVJ3M0M0QlNsTDV3R3ExaTZjdFBRWVlVQ1NiSkF1clprT1pJLXd0Z0REZ09zcThkUDBvRXZPTEl3dy1R?oc=5,2026-09-28
306200,세아제강,2026-09-23 09:28,"[리포트 브리핑]세아제강, '강관 병목 발생 중' 목표가 200,000원 - 다올투자증권",newspim.com,https://news.google.com/rss/articles/CBMiXEFVX3lxTE5xRkhLYkg5Vzh5VXg5VmJ0dDhGRTZZV2dvY3hCMFBoc3RURTUxUE1FNmd2V0ZWQ0tVS0daa2gxTmxMdXdEal9ROHplQVc0ZHp5T2x0blRHU0NRZktC?oc=5,2026-09-28
037270,YG PLUS,2026-09-23 09:28,"'제주 출신' 밴드 더 라스트 라이브, 데뷔 6개월 만에 첫 EP 발표",starnewskorea.com,https://news.google.com/rss/articles/CBMidEFVX3lxTFAwS0xjb0xpWFNsTGZmZVVvV01aMlhXWkN5UlhNZk80NklneFJNX1c2VHJXSmVFWndzcFNlazFmcGNRXzV3eTdOME1KUVYtMEJnSVFkam1zTmRjMDJFRlp6MTlMTmpVbHhsbW1OQUJXWGx0QkpX?oc=5,2026-09-28
041830,인바디,2026-09-23 09:20,"한국투자증권 ""인바디, 미국 병원향 매출 증가.. 신규 수요 확대""",글로벌이코노믹,https://news.google.com/rss/articles/CBMiiAFBVV95cUxPV1hub0c4R2Nidk85UkZSczc0RjlCcmtWQ24zQkxYcllNckVmNHBYaDBrRHNNWXkxVFdRZTNtNWVDbExaZG1OVnVKd3UyR3VKdzdQdWdiV1U5b1o5SlpmdzVDRmo1Q211VXV5ME05elotNmEtRGRyTmJqWkxkaUpPRFBJQm9Zd0Nn?oc=5,2026-09-28
302440,SK바이오사이언스,2026-09-23 09:00,"SK바이오사이언스 GBP511, 글로벌 1/2상 신규 모집 종료…연말 1차 평가",PRESS9,https://news.google.com/rss/articles/CBMiZkFVX3lxTE1NbnJ3ajRIQ3FJeUIyZThIV1VseDJQeGVYYjBocFpqdUtVd0w0amxpMERLY0pJY0hSOHN0TDM1Y2ZaUjA4Z1JnX0ptYmNsTEdOaTBXaklUcncweEd2cW9BSXF5RjlwQQ?oc=5,2026-09-28
306200,세아제강,2026-09-23 08:57,"[모닝 리포트] 세아제강, 미국향 수출 호조에 강관 수익성 방어…""병목 생성 중""",newspim.com,https://news.google.com/rss/articles/CBMiXEFVX3lxTE1BVGpFQThqNkdHNnZ1YVBtY2VrVGNYNWQ0LTFpS3lUWkhFRWIwcWNTVnZqOWgyY3lrcm1jZUFybGFjUTZiQ1BwbFp0SEZNVmRkY1E0a2pwYU5UdkY4?oc=5,2026-09-28
004490,세방전지,2026-09-23 08:57,"고려아연·KT&G 등 7곳, 106분기 ""연속 흑자""…LG엔솔은 20분기째 '적자'",청년일보,https://news.google.com/rss/articles/CBMiZ0FVX3lxTE1HZFJHZ3ZsLTRBWjZwTzcwTzAtYUc1TWgydVJxTFpfZ1hPeTlPS1Q4clJPV1g5Z2FGOV9lNGNZcHBTc3dIWUJqRVdEbVU1U0RBMV9wcmp4QklHdC1uVHZnRGVWZE5qYmc?oc=5,2026-09-28
139480,이마트,2026-09-23 08:43,"이마트, 경기도와 '신선한 그냥드림'…3년간 6억원 지원",매일경제 마켓,https://news.google.com/rss/articles/CBMiUkFVX3lxTFBGTFRHUlpTZHc4ckZTa1ZEb216TnNzZUJiQVB1Z2tFd2gxYm9tZU1hOW5SYkRmMVFJYThUblB6bzQ4UzBIczZRSEhtSkdrbHlBa2c?oc=5,2026-09-28
306200,세아제강,2026-09-23 08:28,"다올투자證 ""세아제강, 美 데이터센터·LNG 수요 증가 수혜""",v.daum.net,https://news.google.com/rss/articles/CBMiVEFVX3lxTE9jZzNlY2FBeVdjQmNPZDBISjZLS2dWN2lyU1ZNQm5vSmIyNzhEZGEzUDNOY25zRmwwaXZpU1JqMGh3SjJxQ3pBc1pEQVhmQUNxMGFkNw?oc=5,2026-09-28
265740,엔에프씨,2026-09-23 08:10,"[서치 e종목] 엔에프씨, 국내 ODM 호황 업고 올해 '매출 1000억원 시대' 열까",dailyinvest.kr,https://news.google.com/rss/articles/CBMia0FVX3lxTE45SlNxRERSeUUtcVJYcEliVUVLVy1HTVFldTZYWlRYTzRaNWd2d1RyT0M2VnRHYWxESlFHNnd1YTBtek9wNlJVYW5xWVN4RmRVTnlVaFpROExvT0U0TUtGV2wyWWR3eC11ZDVR0gFvQVVfeXFMT0VPbkh3LV9BNGcwaE9oTGdELW02QmZfY1RUT3hSWE1sNWI2NGxNZUpKM1NlZDlzU2NQX3Z1aHgwYmxrZldjUUZNS0o0UFlYSURyN1BIWjdRdVFxbnZvWmhLRkpBVm9XeFdhT3R3UVpJ?oc=5,2026-09-28
207940,삼성바이오로직스,2026-09-23 07:40,4년만에 대규모 유증 삼성바이오…주주 관점서 살펴보니,비즈워치,https://news.google.com/rss/articles/CBMib0FVX3lxTE92U2VzU2VsM2luaEpVazdXMF9pUXhybG00d01jcktJWXN6Z3cyZmtrc3JnMWdwZXp4Y19hbF9tZUR5bzJJeXNaaGxwd2V5ZXZNN2QxUlJrMkZpV3NobXZuMG5DRThTckZsOHFKeXpOSQ?oc=5,2026-09-28
257720,실리콘투,2026-09-23 07:02,"실리콘투가 먼저 알아봤다…김수민 마리엔메이 대표 ""K뷰티 지금부터가 진짜""[인터뷰]",v.daum.net,https://news.google.com/rss/articles/CBMiT0FVX3lxTE9ERzRPdGNiQlVSaXdsVGZhWTJBUkkta2EtV1dYR2pJYkdvWVFpSGFlaEtYTnNTY0JIQUVkR19XdnZab0Roay12V1djc0NLRTA?oc=5,2026-09-28
207940,삼성바이오로직스,2026-09-23 07:00,"[CEO워치] 존 림 사장 리더십 통했다…삼성바이오로직스, 누적 수주 219억달러 돌파",CEO스코어데일리,https://news.google.com/rss/articles/CBMiaEFVX3lxTE92d3UydFMyS2hwMFk0ZWVxZkM1Uk9iRnFBekNpeTFsUDlBTS1DVDJ4a3p3ZWt1OWNJNlVRd2FlODJ0UDJzTkV3ODliWWlzbUw5cDJjb0xwbXByeWxNV1FJdDJqTHl2ZkI1?oc=5,2026-09-28
257720,실리콘투,2026-09-22 23:46,실리콘투 투자분석 2026. 09. 11,주달,https://news.google.com/rss/articles/CBMic0FVX3lxTE4tVkpvb215Z0VoLVpFX3ZRd1J6TnBoRkVBemRGWDdFWmlpRGU2TE5VWktJd2ZkTHRFenp6alp5bWdNbl9HcW9YVE5CMWpWN2J2UXA3Rkd6TFp1Nk9OZVBBanU0YXNOMmFaQTlIcldhRWhRMXc?oc=5,2026-09-28
031430,신세계인터내셔날,2026-09-22 23:27,"[똑똑한패션] 신세계인터 브루넬로 쿠치넬리, 무신사 스탠다드, 신성통상 탑텐, 이랜드 후아유",에너지경제신문,https://news.google.com/rss/articles/CBMiW0FVX3lxTE1yUDQ5MGtYejVPTXZfNVBKNjZqdmN5SmdEUHlxMkZ2RS1ZM2hvanBIVGw3YW83RWZGeXJpLXRtXzdLNGIxSEd5VUlIQkZMYzFPZ1BGd3JFUGlnNnc?oc=5,2026-09-28
018310,삼목에스폼,2026-09-22 21:26,"[공시] 9월 23일, 코스닥 상장사 58개 종목 자사주 매매 신청",뉴스티앤티,https://news.google.com/rss/articles/CBMiakFVX3lxTE14dnZxd1lBVjdxcmFKcVlYaHFWWFBkNGVqM3dsVHEyTk9zQVk4VVBoZ2dVamE2NVd1c1hlQkNGR2FiMnk2YXNjTXpTeTJJUU1jSHRHTFZOVUVCQ2htcEN3cXE3d2dSYTJMaVE?oc=5,2026-09-28
092730,네오팜,2026-09-22 20:15,네오팜 투자분석 2026. 09. 22,주달,https://news.google.com/rss/articles/CBMic0FVX3lxTE1pVlYxZG5uRWVYRU9zZ2QyZGp4RUdDQzJFb0k1WnZpcEFRNjgtTnNsRWlpdGpFN084Z3VpeFpzRnc5M3phV243Mk5xQnVwbnd4UjN3ckdXRDlQdXBNaGo4MU54dHpXbk5LOWlFbXN1UEZYTk0?oc=5,2026-09-28
001040,CJ,2026-09-22 18:29,[CJ 4DPLEX 채용 이야기_③] 현직자가 들려주는 CJ 4DPLEX 직무 이야기,CJ 뉴스룸,https://news.google.com/rss/articles/CBMiwgJBVV95cUxNRHZJV1FobjFDYlVUQl9SZHBRSElJdFRWZlVWUEYtQ2dMWjlyX1NnVnJvbERybzRmcjJxVTU0VnY4VWwwcTQyUHFXdDJwb0VVUklpMFU1ZE1JOTdYaTlzNms1WFJ3MEVaS0ZyZGQtTTJ3WmdlV1RSeUEyOEVSUUlxdldPVVgwcDlnM1lJNkdHRG1LakNTN2hvdkZjeFA5RjZvYzhvODB2b0RvYWVuYzJ0MHFZWTl6VGx3dGhja3dfT2puSHRMVkM2NnN5eHcyUGc3b3BxVnpKY1Bfak8zRUZ5dkU0TUhZcUJSUElmY1BOOU0wa3dsVjFTT1I1c3piWXBycy1aLVllT0p5ZHV6blN6NFpOUXlHV0ZKdmROeFVUc2dWbjVneUNIX01kRzMyUXdIcWEwZFNHT01wTGJ5aE1Wek9B?oc=5,2026-09-28
175330,JB금융지주,2026-09-22 18:14,JB금융지주 투자분석 2026. 09. 22,주달,https://news.google.com/rss/articles/CBMic0FVX3lxTFAzclNZMGhGa2dOWF9tU3J6enJQeEVVZEx1UVZYTzZRMmRQS3RsZGJLcHhNZUNUSHZDekpQbUlXcEZVcmFBUFQxdFNSb2tNSjQ4aHM2blJub3FxN3JGMlZVeWRxdGJNNUhTd04tR0Z6Vm5oM28?oc=5,2026-09-28
086450,동국제약,2026-09-22 17:57,동국제약 '장기지속형 주사제' 글로벌 사업화 시동,약사공론,https://news.google.com/rss/articles/CBMibEFVX3lxTE5TaGtjckQtWXQzYWtCcXR3NDlrM2R6ckFHOENud3N2MDdleEhPWEF4RUUtVUtrZ1FjQzRWWjZVSmhpcXh0M3ZxLXg0MHdhanV1WjJpZFg0bzZVcmgyYWg0Vm1nSmwxUE5qNVN0VA?oc=5,2026-09-28
139480,이마트,2026-09-22 17:50,"고기는 이마트, 과일은 롯데마트…막판 반값 할인전",SBS Biz,https://news.google.com/rss/articles/CBMiU0FVX3lxTE14R2U1QVBFUEhwX0Zmdi1ONWFja1VBUjhranRrX1E2QW14bEFaeW91U21SeXJaY01EZkpoV1lpUy0zeUs4dVZXakVSVHcyUy0tMWdB0gFYQVVfeXFMT1FhX3E4UTliSmdCTk5Kem9MZHNBTkdsbjlBX2dXNTdrSnJ5a2U1eWsycUNXYjQ2bVBNYXhOWk1MMU9GWEE2TWQ4RkVyVTJWOTkxclQ3SDlBag?oc=5,2026-09-28
207940,삼성바이오로직스,2026-09-22 17:45,"삼성바이오로직스 노조 ""단체행동 준비…3차 사후조정 후 일시 결정"" - 머니투데이",머니투데이,https://news.google.com/rss/articles/CBMiakFVX3lxTFByRHlDbUVfSlY2bndLTzhlYlk2SzFrZzZfYXRTbmVGUkdFcXlrWjFGTXJ0UzdjU0lKeVF2M0htYXFuMjEteDkyUm9rZmxqOVVPRmlLRHFpbnFhT3BhM3NtamZpV0VqX255MVHSAW9BVV95cUxPZzE0R1pCc2luOXFCYmlTWVdQcW1aY1BxbFVoZDJQN1I0Vk13VFZ6QXRwY0kyQWp0TWZaeWJ5SWhaVE92OGdGS0VRRmY5eVpScVoxZThiMlZ2X1ByblZRUkhzaWdTdXB6RllGTGp5Z00?oc=5,2026-09-28
192820,코스맥스,2026-09-22 17:35,"코스맥스그룹, 2026 하반기 공채 개막…AI 활용 역량 가산점",insidevina.com,https://news.google.com/rss/articles/CBMibEFVX3lxTE5KRGVmcjNPZ29ldnpjbXJfTFk1X0dadnBWXzZETndCVmtTNUVmSEhXYlJnT0t2TWlSOHNVNlA1dW1jSFNnaDcwUmsxanJpdlFNbENqM2N5MVh2eTN1WFlCOFJBcy1VMEVXdTgtbQ?oc=5,2026-09-28
139480,이마트,2026-09-22 17:05,"[마켓] 3만원대 패딩도 판매…이마트24, 옷가게 변신",경제타임스,https://news.google.com/rss/articles/CBMiU0FVX3lxTE9qb1gyUmpzVkZtb29mc0wwaVEzUTdLRWNWT2xiY0lFSFhuX1R6RnYzdHJ3SVU4U3EwQ3ZNcU42QUlrLTJNQWJGMk01Snd5RlU5a2t3?oc=5,2026-09-28
139480,이마트,2026-09-22 16:32,"이마트, 24일부터 추석 먹거리 최대 50% 할인",newspim.com,https://news.google.com/rss/articles/CBMiXEFVX3lxTE9RUDhqRGlXQW14Wi1PdEJJbHgweHB3YlI4U1VqbjlORzIyQmM0QUhrSlRoMWhRdFo2ekwwVWdpQWx4NFZCVjN5aHpiM1ZuR0ZpYUtRNGRhcm93eG1x?oc=5,2026-09-28
086450,동국제약,2026-09-22 15:38,"동국제약, 유럽서 장기지속형 주사제 알린다…해외사업 확대",v.daum.net,https://news.google.com/rss/articles/CBMiS0FVX3lxTFBvUEdxM2t6VWNtWjVhSjJ0b2FhQXdSd3BkV0pSOEJSZUVzMFFPVzE1bkNQbFVNMWJIOW1WWXdQQzBsekR1SXg0Q3E0WQ?oc=5,2026-09-28
001040,CJ,2026-09-22 14:18,"CJ가 만든 증류주 '자리', 뉴욕에 깃발 꽂았다",비즈워치,https://news.google.com/rss/articles/CBMibEFVX3lxTE5WNWhKRGdNTS1XMTN0R2RjY0NJUWF0R2RiX1BGVjVhb1JWRi0xRTlJNlJreDQxa1IySGFIX0hIS3gxaldXdnk2UjF2WFphX21SSV9zN0NDaUNKcVd5TjlBanRiRTlGUlZNYW53VQ?oc=5,2026-09-28
419530,SAMG엔터,2026-09-22 13:49,"플레이브, '캐치! 티니핑' 일곱 번째 시즌 OST '하트 스테이지' 21일 발매",톱셀럽뉴스,https://news.google.com/rss/articles/CBMia0FVX3lxTE1DNGJPOTNOT2NGREFlRTZHYXVCRHlXcXZqbTBiQ0M4Qnh5RUI2MmRGcHBBd0EwazNMVHBod0RSTmQxWnpjNVNDMVhIa0Y0OThMd0V5VGljSnJBaUN5bGZFdDNiVVdTdk9SZVR3?oc=5,2026-09-28
139480,이마트,2026-09-22 12:22,"[포토] 추석 먹거리, 이마트에서 장만하세요",대한경제,https://news.google.com/rss/articles/CBMic0FVX3lxTE9uLWI5bmpsLXRjUTBzeFI0ZmlKYU1vbC01WXAtYjlrYWpRQWhaRTk0RmlkOEdoNjRYU3ptSGNVaWpVX0tzQ3I2VDFiOXRfWmI3WUVCZDlUNU5BWmFHa1NKWWEtLXBueVo5UFlyYlNYYWs2eWM?oc=5,2026-09-28
139480,이마트,2026-09-22 11:59,"이마트, 추석 연휴 맞이 먹거리 할인전",연합뉴스,https://news.google.com/rss/articles/CBMiW0FVX3lxTE83VGwybTJ4c1JVTHNuSlQ3LTRuOUNsZXhBd0hEbnFYR2xISW0zQW41TFQxYWowQU50bUswUVpidlpWbGJ0aVNfQ0k3N1hjc1NQTFc5OGJHaHpMMk3SAWBBVV95cUxNeWV6TkhhR1QwZUlwR0otWmMzWm9iYzAwc1JHT0Z3RmhZUFk0aHZyZDdyR1AteWI2ZkF2MDM0WS1uYWxtOTE3UnMzOXFTSU92OTBLT1ZhdkRnNklianVnUGk?oc=5,2026-09-28
009420,한올바이오파마,2026-09-22 11:48,"“연매출 6조 신약 원개발사 한올바이오파마 … '로열티 대박' 기대감도 크다""",한국경제,https://news.google.com/rss/articles/CBMiWkFVX3lxTE12MHFDMnZFUzNEV2VKb0NZdHA5blZBUmVWaFgzOEM4QjRCQUt5MTd4WXZzbTYxQmtMOHhPZUhLQnV1QTBfekdleGxSdHVvMTU0X05naEROTVc3dw?oc=5,2026-09-28
161890,한국콜마,2026-09-22 11:19,K뷰티 선봉장 ‘선크림’…한국콜마가 바꿔놓은 자외선차단제 공식,파이낸셜리뷰,https://news.google.com/rss/articles/CBMidEFVX3lxTE9hZkRaQ29mUjVPX3pSVVVvd1p0WDdsemJNTlFXTVh3eGtsN2lnRkVyczFqVGptNGFsako0R3hjZTdjN281eDJFdTRPQ2p3NDBoVDRLeUd5NkZid1ZpM3JGeDdTR1RZdW12d2dHQUtpTXdtRnVG?oc=5,2026-09-28
139480,이마트,2026-09-22 10:32,“인력난 외면하고 노조 탄압” 이마트 신제주점 노조 반발,제주의소리,https://news.google.com/rss/articles/CBMia0FVX3lxTE5mcWpNNlJoZ1pybGtxYms0eER6LXFTd0NFYTA0QXF0TFJRb1BvYmdaZEV4Vm1PVFpibEltekdRWXNuVUVGcEstcHdMejYxSGJoaGczVGF0emp0QjNkYWUwVzctVDZRbF8xSktV?oc=5,2026-09-28
175330,JB금융지주,2026-09-22 10:22,"JB금융지주, '2026 한국IR대상' 우수상…2년 연속 쾌거",전민일보,https://news.google.com/rss/articles/CBMibEFVX3lxTE1Bd3g2Ylp6X0FxWURfZ3IyRmZMWjFRUHpEYnNwSVF1UDY4YlUwVk1Bem9ZWlFUa1dMNHZjNVVCdU9QbmNzaUgtNnNWWHpvd2NGZllKNXFrMUp4TzE5OG5sTUpOVW0zQTcycEppMg?oc=5,2026-09-28
086450,동국제약,2026-09-22 10:15,"동국제약, 밀라노 'CPHI 2026' 출격... 장기지속형 주사 기술 알린다",팜뉴스,https://news.google.com/rss/articles/CBMibEFVX3lxTE4wRy1ZWUJ1bjBaYXR0RUc0VHc0UFhXR3NMZHE2X0c5WlQxNzd3RFViampPdlYwcDcwY3JJOHVjSjU0dWhRczVDXzdidnphRWpmTnpXUEZOd0ZxMHRLYnBQMHJKVXVaa3pWeXR2Vg?oc=5,2026-09-28
139480,이마트,2026-09-22 09:41,"이마트24, “군고구마부터 경량패딩까지”…동절기 상품 조기 출시",전자신문,https://news.google.com/rss/articles/CBMiTkFVX3lxTE1hUFVWbzQxQ3IxZGdwNFc5QTBLMk9wQTRLQm5OQ3RfQmFtbnpFSm9uVzBpaGJfalRYY2FTbm90NzhtQ0NXVFNsWi0zYXJvZw?oc=5,2026-09-28
001040,CJ,2026-09-22 09:14,"CJ푸드빌, 대졸 신입 채용설명회…브랜드 체험·현직자 멘토링",연합뉴스,https://news.google.com/rss/articles/CBMiW0FVX3lxTFAyaTdXMy1UTFFRMi05aHlGMFVtTVNPMXZXQ0xfRU1aYmU1ZGlwYlpHN3VoQmRKYUp0SmFCM3hLVmVBbGdXWl9mbU5GNnhnS3FVX3lTWFlYU3J4QknSAWBBVV95cUxPOC15ZGczLV9ad19mQXF5ejZ1VWppX0FqMlhHeXk2NW9IN3dEX2U3a1A1OVkwaU12b2Q0N0RKbFpjRzl2Z0NBWDhycE9UbkNHc2hQbnlDbmtONmJSbnc1amg?oc=5,2026-09-28
122870,와이지엔터테인먼트,2026-09-22 08:44,"[리포트 브리핑]와이지엔터테인먼트, 'BigBang, BlackPink, BabyMonster 그 다음은' 목표가 63,000원 - SK증권",newspim.com,https://news.google.com/rss/articles/CBMiXEFVX3lxTE5kRmdYdzVlOXdicjVOZjBGUExTYTlCN3gxVW5tQWtDQk1ZRV9RUjl2ZHVRcVYySEYwUWZfWnpaclo3bkl4cjBBZnktSUZKOUdWeVVjQmowa0FqaDll?oc=5,2026-09-28
122870,와이지엔터테인먼트,2026-09-22 08:40,"SK증권 ""엔터株, 본업 탄탄...반등 열쇠는 저연차 IP""",financialpost.co.kr,https://news.google.com/rss/articles/CBMidEFVX3lxTE96ZU1nT25hM0JVckhMVlZ5Y2ZieUtxNkdadzl6QThkOTZCanNBWHlNMHZRR3NZbjVmWDdnbjRKbC1mODJOamtQc3g3MF8yY1NaYmh1QlFLbnRSUXVHWGoxQ2VmMmFNbmhVSkpSbmpxUkJYbTRq?oc=5,2026-09-28
111770,영원무역,2026-09-22 06:46,"영원무역그룹 1억달러 기부 기념, 월드비전에 기념 현판 세워져",패션포스트,https://news.google.com/rss/articles/CBMitgFBVV95cUxOaDUtRnhHYjJ1R2lYUXo5Uy1iRzZkYmViTUZWZTFCOVU3c01FbWFzaDRXTU9SbUNjbk9CVWZkUWNwd0h4b0E2eWZ2ZXJWWGNKbE5VT2lxWEJHY0k0ai1nOWZSeUJUc0I3WGVQV1hmODVkdlp0UHozZDZfU2tDcC1fTUdIS2dick0xR3FIZjVzMXEyNDBYTjU5NXR3SE9hWWZCNzJXRE5nc0h6OXQ2LWFMcG9ZQjJ4Zw?oc=5,2026-09-28
161890,한국콜마,2026-09-22 06:36,"한국콜마, 세종에 1733억원 투자…중국 공장 철수 후 국내 복귀",약업닷컴,https://news.google.com/rss/articles/CBMipAFBVV95cUxQZnN0RUQzRlRUY2k4Q20wWGNuNXljOUMtTVg5ZGwwQU5BUmdGbFJwWXM0bnM2YUo0SE5BRjZyZDhSQXh0d3AxWks0RHZ4bUFHNFBvaTJRbDltTTh0OWJ4QUxjQzJPZTh1N1g3WVdtUF9na004UmVwVDhnTnloaERoaEtkUUsxSXpmUFFMWVRqaUF2bVpDdmpHR1VFYy1JOElKYUJtUA?oc=5,2026-09-28
001040,CJ,2026-09-21 18:59,"CJ 채용 자소서 작성법, 인지능력검사·인성검사 후기",잡플래닛,https://news.google.com/rss/articles/CBMiWkFVX3lxTE42aGtaR0laOVF5dzZNUng5aEEyVW5Fb00wUFdEUHRHNXY1N25PbHg4bTUzaU5mdE5LeGVzLXVVbnVzNUlVMUQwaVk4NVl4OF96bExPVTc3T0tydw?oc=5,2026-09-28
207940,삼성바이오로직스,2026-09-21 18:27,삼성바이오 2차 사후 조정…결렬 땐 단체 행동 가능성 - 조선비즈,biz.chosun.com,https://news.google.com/rss/articles/CBMihwFBVV95cUxORjJmVmVvOTRxRGM1cmgwWmdNR21jYkdiN1BxOWdCeXZqUkJXbFJ1Q0pKUHFhY0hBX3ZNZThSaUFDbjFqczhVRnRxMTQydHpwSnJNUWFlam9VeG5YSjEzUHpTMXAwM3VmSTBWcjcweVJrYUVwRmdQc1NhVEp5a256SmJXbUJrU1HSAZsBQVVfeXFMTTZCZDlsX0h3NzFtSlU3SENleHZCdFlEYUhsU1p0RkRQa051MDNwYjF6WTFWMDZXM0JnN2xLbmlSQTQwZGp2M0xRX0RaMHdPcWo2S0VWMmF6TEhCSmh3QW1fckF0UnFkQk1kTG9qbnRwbEs2UHNJY0Ftb1AwYmxUcTRKVTFORWc2UEJCQ0gyU3BILVNNZkl5X3dmdzg?oc=5,2026-09-28
241710,코스메카코리아,2026-09-21 17:05,"코스메카코리아, 화장품 디자인·상표권 분쟁 대응 강화…전사 준법교육 실시",뉴스탭,https://news.google.com/rss/articles/CBMibEFVX3lxTFA0SjFBT0VPWGVsV3ZwM01qajZpTUZiV3N5MVlrSlJTZURhT2JUbWJGc2h0b0l0WEdoT1RlS041Z2dLZVpJYTlmT1d1aWdEWU1fVmdXS1FuS043TUttejhneTRSRjdlQnVQemU1WA?oc=5,2026-09-28
302440,SK바이오사이언스,2026-09-21 16:55,"[마감분석] SK바이오사이언스, 특별한 호재 없이 1%대 상승 마감 : 기업주식정보",재경일보,https://news.google.com/rss/articles/CBMiSkFVX3lxTE1rbUpLaTNSZWNMOTlUd2VDUE5OUmxRems5T0NXdUx1ejlEOXVPcmRKUzFOSGVDbU01ZlNvd085OHVpUXpPeDZqcmR3?oc=5,2026-09-28
175330,JB금융지주,2026-09-21 16:48,"[금융 풍향계] ‘주주환원·소통’..JB금융지주, 2년 연속 IR 우수상 外",에너지경제신문,https://news.google.com/rss/articles/CBMiW0FVX3lxTE9mWmJfaXJPVlNXNzBCWVNjM2pZbFBFeE1kcWVicUlGcm9KU00wTUFPOVROVV9XSlQ5Q1FIYW9hdG5vZzllVEdMUVRZUDNuVFdiclgyNkNuckNfY00?oc=5,2026-09-28
161890,한국콜마,2026-09-21 16:45,"한국콜마, 특별한 호재 없이 14만5천원대 강보합 마감 : 기업주식정보",재경일보,https://news.google.com/rss/articles/CBMiSkFVX3lxTE9mUUtWYVF3Ukpmb0tFV1BCVWJPSnFQcThrckc2NTBkQlNJdHFpZElBeDV3by1CVElGVTdpdFg3a3VxVVBhaW0zZmhn?oc=5,2026-09-28
192820,코스맥스,2026-09-21 16:42,"코스맥스그룹, 2026 하반기 신입사원 공채",서울신문,https://news.google.com/rss/articles/CBMib0FVX3lxTE9rY3ByWE5yTlNZZWpBdGdYcXBUVF9oNWZ5RTl3X1EtbWdvdDczal9PbnBlbXpqQjBhVmFFR0xBOFZUYkd4NGRDSWIwQUp2Y1pnUEtnV1loWDV0LTI4N29Wclc2UW83WUZtanlVVjZFMA?oc=5,2026-09-28
111770,영원무역,2026-09-21 16:00,[이슈]美 공급망 재편이 바꾼 'K-벤더' 경쟁력,국제섬유신문,https://news.google.com/rss/articles/CBMiZ0FVX3lxTE96b1BVeFF6T3ZyRk44Z3NGUUtJQlZVY1hPTG1IRmFXVUtENDFURTB1dEMtVEZya29wUnlxNWN5MWtMX2RmcGtUWDBMejdHNjA2ekptSDFPU3MtU1lpWWR0aGJUNHp6TFU?oc=5,2026-09-28
241710,코스메카코리아,2026-09-21 14:41,"코스메카코리아, 전 임직원 대상 ‘준법·윤리경영 교육’ 했다",세종경제뉴스,https://news.google.com/rss/articles/CBMibEFVX3lxTE9YYTlCNDlmTklIcHpDcVV0ejJ5cHc4MDRNMEdHbEFKWVBjaWUzMUMwNEpZRnhwRjlBcVdlenRjVDEydzJHcTdvQWtqbGVjLXgxODhkRVc1Uy1kZUM4WFNvZV8wck9VX1FKLTZxWNIBcEFVX3lxTE9HVFlKQTBoZzJqMGRkcUFkNXQ0RjVvb0JZRnZaSnJBMktnRkJKVFhVbXlwX1RqUXFpYlZONWNZeXBnMUtDSUJUbFhDbUlaM1lRSkZyQ1NzSnkta0I5amdKRkdzVE1ocFN3YUtIdFlpM0o?oc=5,2026-09-28
175330,JB금융지주,2026-09-21 14:26,"JB금융지주, ‘2026 한국IR대상’ 우수상...2년 연속 선정",뉴스퀘스트,https://news.google.com/rss/articles/CBMib0FVX3lxTE5lSUpjWV9oVFNrVmdTd21uZjdJQThXRWk3VThYVGxVX0pfUERXc1RnU1pReDRreWhsNUtBVnpiYnJWQWhZRVUtZHlQMDBOSW44dmcwU0lSUk5ZZXdXNms4d2pFZDA5UHhzLTRYY2FPSQ?oc=5,2026-09-28
175330,JB금융지주,2026-09-21 14:21,"JB금융, '한국 IR대상' 우수상…유가증권시장 기업 부문",뉴시스,https://news.google.com/rss/articles/CBMiYEFVX3lxTFBaZERRYkl0YzhiNXc1Tnd6NGJYNXFIOUNzdzEwdFpuYUhtMWRzZEtMY2VFM2xUMFQ0S21vNkxBanM1cjNVTjZKYnlSaWYwelpSY3U5TjJXVjljcDJDd2NQaNIBeEFVX3lxTE9UZE1NYnA4cTByRzB3Vk1rSXc0a3FpNmdsSVRHWHh5Mk04R09neXFFT2ZQenBlMHJxZWlmSkpNVURRcXFjYkVXTThEYXBiUzlyR2FxUkFqeF9lTmVsVG5qZXEzalhsWnFtWlc3YTNJVzFNVjVSYmlsSQ?oc=5,2026-09-28
175330,JB금융지주,2026-09-21 14:13,"JB금융지주, '한국IR대상' 우수상…2년 연속 IR 우수기업",newspim.com,https://news.google.com/rss/articles/CBMiXEFVX3lxTE5OSE1kc3dhUERzSHJNQjl2ZFNVelVtTVcwMEZTVjRfQktVaExnQUxDWWlsa2VJUllzWV9Zd1hPaXdlci15ZXF1bExHblB0NzFVOW1NQ0k4aElyRFAt?oc=5,2026-09-28
175330,JB금융지주,2026-09-21 13:41,"JB금융지주, ‘2026 한국IR대상’ 우수상…2년 연속 IR 우수기업 선정",Korea IT Times,https://news.google.com/rss/articles/CBMicEFVX3lxTE1hRk1UVXpmZXpGTG5zX1ZKU1VfWEU5STBUYmI3NWJ5V2oyN3hLWk1LSjQzWHFQNWlkWlhzb19RaFVKZXlFU3RJOTBxdkd2MWo1V21TckF1TUpsVTlLb1JQS2hDRXBzTXdJUnRQNm5tLV8?oc=5,2026-09-28
041830,인바디,2026-09-21 13:37,‘체성분분석=인바디’ 글로벌 표준 탄생의 현장을 가다,후생신보,https://news.google.com/rss/articles/CBMiREFVX3lxTE9xMHVWTjk5S09BYlVvRkN3d1RFWXFqLUtCdzJ2ZFRWQXNJeW1HbTVnLWdzcENTTlZ6RTA2dHFtb1p0UWs5?oc=5,2026-09-28
175330,JB금융지주,2026-09-21 13:28,"JB금융, IR 소통·주주환원 성과 2년 연속 인정받아",popcornnews.net,https://news.google.com/rss/articles/CBMib0FVX3lxTE1YSzl4Z011VXRUZ3duVnZ5UHI4cVF2OFNQcFpkbWhZMDViaUc3RFRMTDlSazQzcGFmODBteDVTT2pzSjNvYkdfdUx4cTRTUXhudzZwOHZteG83Q3ZLajdOYTZ4c3hhX1VhNjlaUFJfTdIBckFVX3lxTE0xZ3dIUDRVVEVMTlAxYjhST1RLdkw1M1JYMjE0MzhoT3VFQTQ0RlNXQXc0aWFwMXJUXzJHZm9hS1JfS1VUX082NWtIRkRZbWhqQlJBMTBvSGVpQWFLMTZmRXFlSk5fWDFjS21EYU5wNjVhdw?oc=5,2026-09-28
001040,CJ,2026-09-21 13:22,"CJ대한통운, 리얼월드와 물류 피지컬AI 상용화 속도 낸다",물류신문,https://news.google.com/rss/articles/CBMia0FVX3lxTE9oVmU5aW5ta1hOQi01dDZnTGlZZE55U1hVdURURWw5cnJyMkNreGZyNk9sU01jdkhyMWZzRl9JbzE3Sjc1VE5mQlVqZmhLSVo4ZFVxZU05bjd4ZzNHRTlKSHBsNjJtYjhpTDln?oc=5,2026-09-28
175330,JB금융지주,2026-09-21 13:14,"JB금융지주, 한국IR대상 유가증권시장 기업부문 우수상 수상",fetv.co.kr,https://news.google.com/rss/articles/CBMiaEFVX3lxTE51bDBKZFE2dU5UNjdOdnJINUhSRGZTWm1nclpVa1BUUlFfNkhKWkdQLVMtTzI5bFVXWktuQml4QVlZc0hpemdJM3ExTFJDVzlUQW0tV1Fja0VkX3pWMzBPVE1KUW5BMFNv?oc=5,2026-09-28
241710,코스메카코리아,2026-09-21 12:20,"코스메카코리아, 전 임직원 준법·윤리경영 교육",THE K BEAUTY SCIENCE,https://news.google.com/rss/articles/CBMiakFVX3lxTE1FNlhvU29KMFRSdV9yb3d3U211dTlCcm5Kb0xPSTBWTnZFcHZ2ZUduUDlqd09GWk4tVVZkV1pvaF9NZ1dKQjFnQl82VHhRamNLODRaTU5jMnRqSXcxQVJReTJvbjZiQ3lCaHc?oc=5,2026-09-28
192820,코스맥스,2026-09-21 12:06,"코스맥스그룹, 하반기 신입 공개채용…AI 활용 역량 우대",starnewskorea.com,https://news.google.com/rss/articles/CBMif0FVX3lxTE9IQV9Yc3QwbkY2MEpXVVk2NzNlX0NKRS1OLXJwc0FWcHA0SVo5Skk3U1VISjNkb3FkZ3BIM01VVjVDbi1YNDU1RVZCd1RZSVRBdndhN01mQ3F2VGtRR1dPNjZWZjhlTmNoSmZDYmgtWDJjUE9EcWI4MHM1bnJ6Vm8?oc=5,2026-09-28
004490,세방전지,2026-09-21 11:48,대한전선·가온전선·세방전지 동반 약세…전기·전선 관련주 장중 흐름은,CBC뉴스,https://news.google.com/rss/articles/CBMiaEFVX3lxTE01NWdRLUxYeml5UXRyeTVhcWhjNVU1RnhOaXlHRUl3cUZkSUE1RllmX25BRGFaOTUyYy11ZXlJeV8zVUZCeGtTWEtHRE1GSlJOalRvYk0yX2hEMmJ5M2ZVLWtjZkotVU1n?oc=5,2026-09-28
241710,코스메카코리아,2026-09-21 11:33,"코스메카코리아, 임직원 대상 ‘컴플라이언스 및 윤리경영 교육’ 실시",충청일보,https://news.google.com/rss/articles/CBMicEFVX3lxTFBWMlRBdnpTaWtwNWlpWTVwS3JSM2RmQTNkcjNwbzVuZlktVGYtazRGcnRYbWs3S0lyYnVxVTZRVzdSa3lkTHRVaks4bVc4RnNIbWYxWkdyeVdEWENtelVMNzMwTGVSZ01OWFBaemlGemg?oc=5,2026-09-28
420570,제이투케이바이오,2026-09-21 11:30,"휴림에이텍, 3년 락업 해제⋯추가 유증 앞두고 수급 변수",v.daum.net,https://news.google.com/rss/articles/CBMiRkFVX3lxTE1wVmJUS2gzOVFNTEo1TXFQNmdINzFwSEwxOVB2OXFoMHhvVk5zeFkzWktjTDE3bDVjdjlGZVU0eUw3eU1sLVE?oc=5,2026-09-28
419530,SAMG엔터,2026-09-21 11:14,SAMG엔터 투자분석 2026. 09. 20,주달,https://news.google.com/rss/articles/CBMic0FVX3lxTFBYRDgyV1h2eXhpT1A4WldwejRCOTd4YkY5NXBvbEJkcWs0c0Z1MEZHZTFKWEtvX2VWYVh6Y0V5ZFpYOHktR3MtRGZodENRdVcxcklXU1JXeHpDT3Y4M1NXbW80a0JITzJqLUY0cDl6MDV1b00?oc=5,2026-09-28
111770,영원무역,2026-09-21 10:52,영원무역홀딩스 투자분석 2026. 09. 20,주달,https://news.google.com/rss/articles/CBMic0FVX3lxTE9rdlhGc3RIOFY4T3pWT2JQTzVIclpXNlJyOG5IYl9OM09KOW1kNFVyTEt1blFzeGNIelZGWXRoSkQ1dGUzeVBVVWlfdVpMakc1STNMNHFDeXgyaV9WZGl0WU54TE1jUHcxMkhOOURPS21KZWc?oc=5,2026-09-28
192820,코스맥스,2026-09-21 10:38,"코스맥스그룹, 하반기 신입 공개채용…AI 활용 역량 인재 우대 - 머니투데이",머니투데이,https://news.google.com/rss/articles/CBMiakFVX3lxTE9LVE9zVjltWnJkUlBYeTlzZFc2dVZoX2plQnR6WVRvWkVKUUYtTTdRZ0I0MHBSZVJCMHR3ZkRWODJFcDJwQWRBZGc3UzBkSGtYZkkzeW8yeVVFVXg5YWVXRW5Gb0J2VXgtTmfSAW9BVV95cUxNc09vOHlJZldHRGNPMmtuTmZvalRZX1pYWGFWWDhzLTgxa2lxUXloenJoZUIwbzdfMkdfa3FPMEZnMnFhdUktRnM4Ykl1bHh4TDB5dDdlWEkwYTRjV2huczlFNi1kQk9lMTBybzkySW8?oc=5,2026-09-28
257720,실리콘투,2026-09-21 10:10,"K뷰티, 만드는 기업보다 파는 기업이 웃는다",중소기업신문,https://news.google.com/rss/articles/CBMibkFVX3lxTE9PRTktY2NSc1A4b0xzY2pCU0s5NDUzelBBZ2VTZlpUMUJMcjVhZTRPSWR4cXRXc3NaSE1DNHYyZS1XOUtldjBLTlJwSTI3ZEVrc1Q3T0IweUFPYWRkN1RSdERLdUpueGVtV2hBS2pB?oc=5,2026-09-28
001040,CJ,2026-09-21 10:07,“추석 택배 22일 발송 마감”…CJ·롯데·한진 주요 택배사 '24~26일 휴뮤',edaily.co.kr,https://news.google.com/rss/articles/CBMigAFBVV95cUxPVXJyVjJScW1Jb3Nka1VMSWJNWW5KZWRVSkFzNUhscjJ6bnhESjh2dVQxVkJlVjVaR3poQlF1UGFiSzNpcTJnOURrenlFeV9HZkZhTm5FNW03R3gxbkhGcC16NFdMUWt4ai1rQm1pRlpvQndHNzJjeHRndFVNeDdfeQ?oc=5,2026-09-28
139480,이마트,2026-09-21 09:59,[Weekly 편의점·마트] 세븐·CU·이마트·롯데하이마트 등,오늘경제,https://news.google.com/rss/articles/CBMic0FVX3lxTE1FbnFlZjVWNE1IdVhWeDRxMmpkdHpKT0g1MzVpeEp5MS1aa3czS2VPMERyanp5TUhUdTFKMVlPY0gzR2R4dFYwbVlvVFp5amJUcUlqS29PbkV3WkhPUkRBSFNraEM4Ym9DVkw1YXlJRUY5dkE?oc=5,2026-09-28
175330,JB금융지주,2026-09-21 09:57,"JB금융, ‘2026 한국IR대상’ 우수상…주주환원 50% 승부수 통했다",v.daum.net,https://news.google.com/rss/articles/CBMiVEFVX3lxTE9nb1NmNDNwNmJSbTZjc2NKY05TWmsxTTBEWUFPTHJGeG9lTXZXUExQeVk5VVhHQjlabTBvV01yZHgzR3ZMeHE1NXZnc2NjYmtNRklxQw?oc=5,2026-09-28
175330,JB금융지주,2026-09-21 09:47,"JB금융지주, '2026 한국IR대상' 우수상...2년 연속 수상",financialpost.co.kr,https://news.google.com/rss/articles/CBMidEFVX3lxTE5PR0R2dnhoTk9JWDVyX0FkNjJkS3RYRkdlUnJRSGluQjhNR19zY2phTnNJaXhWSno3RWdUeXVuM1p2eTUzTFk1bW9aaEpiMEplOW5wRWEtNENVX1lPNlA2RW9BdGhPbW80V0dFNXdxczNQUDB5?oc=5,2026-09-28
001040,CJ,2026-09-21 09:45,"AI시대 인재상 찾는다…CJ제일제당, 첫 쌍방향 채용행사",v.daum.net,https://news.google.com/rss/articles/CBMiT0FVX3lxTE5sN0FfbjhYb1RQc0hqNWFuVUdfZzY0RTJMeXFHQ0VBcHNPLW9lV25hSnVCekxSZjhUbWhWZTdlMkpMWFhkOG9wWmxFWElPUTA?oc=5,2026-09-28
111770,영원무역,2026-09-21 09:43,영원무역 주가 상승...3분기 OEM 매출 증가 전망,gukjenews.com,https://news.google.com/rss/articles/CBMibkFVX3lxTE9WYjQ5LWpGZTNzbmwycXRieFFBbFBzeE52SVhZal8tSEd3UzFOQzJreTVERnc0b1VvOUNyVDdzUHg1VHJQWjNUQzRuNWJOOWFkZ1llOHdHRERVUnUxRnpjMFBObWtnOG03LWJuVnJn?oc=5,2026-09-28
001040,CJ,2026-09-21 09:37,"CJ제일제당, 첫 통합 채용 콘퍼런스 'CJ UNBOUND' 개최",v.daum.net,https://news.google.com/rss/articles/CBMiS0FVX3lxTE1wNWpUcDFhOEFsdUJ6MGZBUlNYVUYxUmNIekc0bURieHFHbjRoWThtbHBVTzRWcEhXbThESDI4RTNIVzV3NDFCcGdRTQ?oc=5,2026-09-28
175330,JB금융지주,2026-09-21 09:37,"JB금융지주, ‘2026 한국IR대상’ 우수상 수상",매일일보,https://news.google.com/rss/articles/CBMiZEFVX3lxTE9wd180Zk9hQ3Etd3JGUXNrNF9zSG9JNDRVQWNGSllwYnBsVVRqZDhHZXV0THBYaHRscXAyazhnbVNyVE9DZG1la2J0YmZXSkh1S0xiX0dVTE0tYjJlcVV5c0pLbTjSAWhBVV95cUxQZmlOQWIzNGduLWphaFBCc1hkUHlEU0tzemxrT3RjZmRvbENwQ2VrVkQ4ZzB1cUVEUHBDaWRaQWVUWlZSYy03a3hSYmFpbEQwVk1Cc0otSlIwbHJXUDZBTnBfU3dLWHZqbw?oc=5,2026-09-28
192820,코스맥스,2026-09-21 09:30,"[똑똑한케어] 코스맥스그룹, 센녹, 이미인, 아모레퍼시픽, 더블유케어 단아로",에너지경제신문,https://news.google.com/rss/articles/CBMiY0FVX3lxTE9VRDV0TlgyZmtQM0ZVUHNPMkgzZnRtQXc4STlTX09BcGxTWFBNWk1nWnZKQWFaMWRaNndFNHRDR1lya1dKRHQydHpaRUNWRVJ1MTFtSHNkWGdPVzRZZHAybUtkNA?oc=5,2026-09-28
175330,JB금융지주,2026-09-21 09:27,"JB금융지주, ‘2026 한국IR대상’ 우수상…2년 연속 IR 우수기업",파이낸셜투데이,https://news.google.com/rss/articles/CBMiakFVX3lxTE0tLW92WkFCTFVSU3FsZmdhQjlGT1g3VENmZEZjVDFURFVLY3F4NXM3bGNiQ21qTGNMMFlzaXFpZzU2MWJjcGp2ZjZZQkZKWnJUd01VSUVzTkRUQU9NMDFsTUpKWUhnX2JoNFHSAW5BVV95cUxNMUc3bnFEdTZ5OFpqUVlDWWpGLVpLS2VFeHktX1dLell6SFpjWFRjenhCM2lBZV9jMkU2QU5HX2t4d3VmRU9tZ2s3Y3R6bzhVWjlyYlFuZ1RyX0xJRks1aEdiVVJzTWtVX3plUnVfQQ?oc=5,2026-09-28
175330,JB금융지주,2026-09-21 09:26,"JB금융지주, '2026 한국IR대상' 우수상…2년 연속 수상",전자신문,https://news.google.com/rss/articles/CBMiTkFVX3lxTFBRTUprRDJ6dDZTUDdpSXkxRTFXWHROTzVBMUNjRVBUajJfYVZXaDlESEFBQ3VKWFNlYVNRN2RpamlXaEIyYjVRSWhRcUw5UQ?oc=5,2026-09-28
420570,제이투케이바이오,2026-09-21 09:19,9월 1~20일 수출 714억달러로 역대 최대…반도체 비중 47.8%,스페셜타임스,https://news.google.com/rss/articles/CBMic0FVX3lxTE9COVJVTlJrMDgyRC15TFNmV2Zka256WHJ1MzZoam9LbG9vc3FRaTRSbGNRWGRraHp5OUYzVVY0TlE2OXNLLV80NnpYaE1QQUZxY0xBdlA2WG41UzhhQWFia2ZsSDZHaXpwU0w4VGZnbmhMZ3M?oc=5,2026-09-28
265740,엔에프씨,2026-09-21 09:18,[MK 골든크로스 돌파종목 : 비트컴퓨터(032850) & 미원화학(134380)],매일경제,https://news.google.com/rss/articles/CBMiUkFVX3lxTE9Walo2Tzh0cndGOHZqYzVndDNualBvUk9CRGItZ1IyZlo2ZnVRdXdYWTZ0N085U0x0aEttV1A2U09pWVV4LU9ZZUdMT285Zm15QkE?oc=5,2026-09-28
192820,코스맥스,2026-09-21 09:11,K뷰티 호황에 채용문 활짝… 콜마 이어 코스맥스도 하반기 공채 - 조선비즈,biz.chosun.com,https://news.google.com/rss/articles/CBMikwFBVV95cUxQZTZnaVg4VEFlSGtUd25uLVE1cmd1V0JBWldwN21fNWpCTDFYTVFISTluRlhYOEZ3eWMzMU4xUmpKTy1wNWpyVjZXZ2NabldySTV1SFhnTzRyN0puR01zX3dpSG5xX21MMkx3YmRzX05pclUtaW5jOVVhUlk3NEdqaTRGRzZESGZDdmhxY0RjZzk1eDjSAacBQVVfeXFMTzVORk9qMnBLNTJ0aG1kUTlpQVNYOU41WEJrclRGaENCVXEwVEFOeFJydUJ1elpoMk1ReGI1RnREUV9XeF9xRzFPY05DNXZQa1JRRS1jX3h5ZnJISHA2MzJMVi1BaWRjSXhfTHo3ZWdJTUVuVHdlazlEVGo0MUZRSER6bEJ5SEFJVVZ2ZEI2QlA2VUt6SjhuLUtGSnVRYlY1R1ZQYkxzbmc?oc=5,2026-09-28
420570,제이투케이바이오,2026-09-21 09:10,"[속보] 9월 1∼20일 수출 714억달러 기록, 전년 대비 78.3% 급증",스페셜타임스,https://news.google.com/rss/articles/CBMic0FVX3lxTE16cDZLdk0wcHU4YTVEVVdUQTZJU3hyUGppUThCTXF3cFpIdFJ3VW5sUDdiZE5ZSHV6QU5QR09WdlR2WURaRl9wRE1hNW1LeG5iTkpmLTJCRWxhUlBNV250cXhrWnhUbkpFaXdQRUtNRjNlMWs?oc=5,2026-09-28
419530,SAMG엔터,2026-09-21 09:01,"SAMG엔터, ‘캐치! 티니핑’ 시즌7 11월 방송",edaily.co.kr,https://news.google.com/rss/articles/CBMigAFBVV95cUxOWGdRR3hEMVJmMWdMUFc3UmdjRGlxM3VSTEo3X2xMZ1hEWGxSaWdKbURYckVYa05wRjFOdGVHYzRVX0tGbGYxT092Mk5McjRyazZTLXZNZzBrT3RyM1ZZLTg3UmJGTUhGT1g1QkJHaUVvQlB4U0h1ZDlwZG9DQU5SMQ?oc=5,2026-09-28
175330,JB금융지주,2026-09-21 08:59,"JB금융, 2026 한국IR대상 우수상…2년 연속 수상",ajunews.com,https://news.google.com/rss/articles/CBMiWkFVX3lxTFBHYkVoUkQyQklubGJNdWV0SGEyLW9GNWpGWVNTR2d2WHp1NkpaNGE3T0s4ZWZtX1NGMkNOeFBDYk92aXdMeVpveE5Zck5ZNHRHNlJHVUF2NTA2UdIBWEFVX3lxTE9STWpmNWNmWkU0SzNJZHhoVkJZWDUzTXBDUkZtSUJXd1VzQlNTTy16U2F4a1FFby0zSXVwdjV4aGZMVVNUX01qSlFjY3BpemZ5WnVqOGU4X1o?oc=5,2026-09-28
192820,코스맥스,2026-09-21 08:45,"코스맥스그룹, 하반기 신입사원 공채…AI 활용 역량 우대",연합뉴스,https://news.google.com/rss/articles/CBMiW0FVX3lxTE0wTkVJaG5vRlZ6ZHl4M0RJbVBheFBGZFRETjNtTEFlRG9BSjRRZ0l3ek5qWUtDYVpKMG5IUC1DeHBJT29QOFpNa01uc2ZfZ1pmcGpSc1NrRUtLa28?oc=5,2026-09-28
419530,SAMG엔터,2026-09-21 08:42,SAMG엔터 '캐치! 티니핑' 시즌7 11월 공개…플레이브가 OST 부른다,asiae.co.kr,https://news.google.com/rss/articles/CBMiYEFVX3lxTE1ZWnh0T3NNMEVwTWQtaU1kbVJXTi1qYWZSYWNQTi1tTGRLX2hpejVuRmRDZTdUZmJrSmJQV3RTQUJDTXdxNDE0ak93blJCY3p5UGF1ZjJ4dEJ2OU1rMVNiNQ?oc=5,2026-09-28
192820,코스맥스,2026-09-21 08:41,"한투증권, 코스맥스 목표가↑…""3분기 실적 시장 기대 부합""",연합뉴스,https://news.google.com/rss/articles/CBMiW0FVX3lxTE5XNXBIR3dNR3FoVExlV1F6dGVYTVg1Uno4REJDZ1dMbWJwbG5VNU1KTElEX2JmZ2xRc3JWamtjZW44Q09rVF9KNDlGX3QxcHJKTjJPZldWN0l3ckHSAWBBVV95cUxNc0Z2U1JDMHc2WVdPTjdQMkdQTExQWTBSeGNsNW1PcXhkR2Q2ODZjRDBaakdURkotU1BmRGRGQkk2bWlZUXlDNlZ4R2dGc2c4NUFTNkRwZjIwNHlvV2t4UE8?oc=5,2026-09-28
192820,코스맥스,2026-09-21 08:38,"코스맥스, 하반기 공채…AI 역량 인재 우대",KB Think,https://news.google.com/rss/articles/CBMickFVX3lxTE9yVVp1VmhVdlJ4c2pwMjhJTTZjekVybEZGRVVoSjhySWVaZ2xTeGZ4eUd2dzhaX0J0VXNtYmVtbnY0TjdKQVl1dTc0NzdjZ1RrNGdRQ0Ntb0FWbDgzRG5PcEN4T3pZdE5PNUZfeFlBNXJIZw?oc=5,2026-09-28
265740,엔에프씨,2026-09-21 07:59,[전날 애프터마켓] 이엔셀 추가 상승 상한가…삼전·SK하닉 소폭 반납,v.daum.net,https://news.google.com/rss/articles/CBMiS0FVX3lxTE5fYnlUMURMai1WcVpRSDA1bjBjT05PdjJDQ25YWDV5X2pITXNHS09lUGdVN0FSdmJCYVZGOWxWZ1J6b0FJTllLRUgxYw?oc=5,2026-09-28
111770,영원무역,2026-09-21 07:48,"신한투자증권 “섬유·의복, 소비 둔화에 차별화 필요…한섬·영원무역 등 주목”",이투데이,https://news.google.com/rss/articles/CBMiVEFVX3lxTE80X0x5YWxhaFVfTVVONnhsbFpvM1AxVWhVUHoyUFZhVWdFdkZYbU1PUlFwR0JhemtDdmtJWmpsTXNGaXRuY3dnTnJza01GVEUzeUtQaQ?oc=5,2026-09-28
041830,인바디,2026-09-21 07:08,"""우리는 세계 최고의 기계를 만든다""…인바디 30년 만든 천안공장의 고집",MEDI:GATE NEWS,https://news.google.com/rss/articles/CBMiVEFVX3lxTE93QlNRMFktdml0YkxMSE4tVmU1QmVLZjhoUUhlUHVtWUo0bFBrVTJyMWlVWXRWWkY5SHZ6YkQ4aXR6clQ0UUx5YmhLVmtSQVAxc1A0NA?oc=5,2026-09-28
018310,삼목에스폼,2026-09-21 06:46,"인테리어 상장기업 브랜드평판 9월 빅데이터 분석... 1위 KCC, 2위 한샘, 3위 LX하우시스",pinpointnews.co.kr,https://news.google.com/rss/articles/CBMic0FVX3lxTE9WQnlNbDBjV0daQVViV0x6eVlpN0NUZUZYT0FsSVAxQ0xTYjRmelFNMWszc2F6eXM1WWlHcVRkN1k1Ym5rZFZ5VUVjSXVoaGZ5Q29fd2N3cmtfYjMtd2h4SzdLU0hIVlp4QnNrT3lRTk1CWDDSAXdBVV95cUxQc2QwSFkzUHNwRDJVbHVPQ1l6RVZNVk5na0FPSUVtMmtDX3Z1bV9VVkJWR1BMazhNZWNYaEc0N192dnc5SXpxTVBnUkNtVk9NVkM1MGVFdlhVT2dFalJwSEl4Y0w1VXIyZmdKOTM2bkpvcXdlN0V6Zw?oc=5,2026-09-28
041830,인바디,2026-09-21 06:12,헬스장 넘어 중환자실·투석실로…논문 6500편이 증명한 '인바디' 확장성,청년의사,https://news.google.com/rss/articles/CBMib0FVX3lxTE5GQmpQZEgyR0hTcl9vTXlJRUpja0RPeE4tcU44Q3FIVDdxS0ZWeE5rOUlDMWROWXVCbWxYanZrZ1BYQ092RVFFcmNPZDlxbnd0XzlDNlFqZVBjZEM4cGd6bUVMS2NJbU91NVZjTDJjd9IBc0FVX3lxTFBLbXJVZWIzaFduVGpxb1NTNDl1OWFsWGJjOGNHbmJDb1pFYW9EaldVSU5lSXVtbk00c201YnJiZ2FDaEFWZENiMlM0WmVHbmhnT3UzcEpNRnY4YUZCSXZ4emhub1dyZmV5MjYyU2pielhGMEE?oc=5,2026-09-28
041830,인바디,2026-09-21 06:00,"한 대에 이름 걸고, 세계로…인바디 30년 만든 공장의 힘",데일리팜,https://news.google.com/rss/articles/CBMiU0FVX3lxTFBwMVRPS1pxdDBGOTFUN09vMmhsMVhMbVJzVXczTE5UbDRocllFd0hzN0duMDdkRGpvaHFOdnVGT0JzbmFWZ0Y3QjRGTE5mQ0hNeUxj?oc=5,2026-09-28
041830,인바디,2026-09-21 05:50,"[현장] 체성분분석 대명사, K-의료기기 혁신의 심장 ‘인바디’ 천안 1공장을 가다",bosa.co.kr,https://news.google.com/rss/articles/CBMiakFVX3lxTFBzaWlmS255Q0RZc3JJQkpHVXNlNER1Tk1mUXJUY3FJenEzWTJIeHU2LTh6eE4wX1RQOVVYNS04Zmg0bGR2VnUzOHJWOWVTeC1USzlwejJzTFNhUW11bV9NMllzN0JjZHRfNEE?oc=5,2026-09-28
037270,YG PLUS,2026-09-20 19:44,YG PLUS 투자분석 2026. 09. 20,주달,https://news.google.com/rss/articles/CBMic0FVX3lxTE94WWNlVXJLY3p4QzRaRHQ0TTNnZElUYlZrblppQndxY29JN1Itd3cxVzdyY1QwcGNKSUduMi0wN3N3N3ZnQzdKOXBkbm1SdWpQWmFsWjFBU05pRkdsWERYU083ZU1CdEJQQ2ZHNFNZUmRLSEU?oc=5,2026-09-28
161890,한국콜마,2026-09-20 17:16,"[특징주] 한국콜마(161890), 선케어 시장 선도 '사상 최대' 분기 실적",인천일보,https://news.google.com/rss/articles/CBMicEFVX3lxTE9RbDNfbVU0b1BUclNjS1FIQ2lXbmlIbzNnc0kya25RUF9sUEhWT1VJWHRHT29yWEJZTHZBUXFxeUlKbVFIZ3FXcEQ5eVVKWWRhZktwc2lDdmM4dVhxaENFcV9WTElQcVJPWHhYWDdFWFY?oc=5,2026-09-28
306200,세아제강,2026-09-20 16:41,세아제강지주 투자분석 2026. 09. 20,주달,https://news.google.com/rss/articles/CBMic0FVX3lxTE5HX0FNVmRRNFdXMUU3N1NGbVdMSVhmZWxpR1NSVWQ0S1Z4NnhHLUpWQURTN18xaDI3WGpkajFEYnBJLVVYeWcxVnFmbm40bjlKRkdrZW41OWllaFdIT1E5ZVh3WTRtbG02LXp1a09PcENlR0k?oc=5,2026-09-28
139480,이마트,2026-09-20 14:09,"""명절 상차림 간편하게""…이마트, 추석 간편 제수용품 할인",진일보,https://news.google.com/rss/articles/CBMib0FVX3lxTFBYQlBYZlhJdTBNTTE3NkF2R3FHVjFBMmZGYS00Qm5UYmRfNG81MFZWS1pLbml0MTZfU1RHUk5YV0x3T3U1Sjh6aDExTW1TaUJjV21DeV9uQlVObE5jdC1vSHpsSWdyUEUzUVdyZXo3aw?oc=5,2026-09-28
308430,셀비온,2026-09-20 09:00,"안국약품-셀비온, 방사성의약품 혁신신약 공동개발 진행",gukjenews.com,https://news.google.com/rss/articles/CBMibkFVX3lxTFB3YWNCbzUtSDJuQjQ4OXFjZ1dqY3NJczRCM1g0M1VjQzVYeVBFejRXTnpxWkZnZm9xQ3ZMOEk4MDdrRi1iZ29LeUZiMTdrT0V0ZWFLMS0yUkVMOUtfQTBIX3pPVXEtNGN0VnI1Z3Jn?oc=5,2026-09-28
139480,이마트,2026-09-20 06:00,"“차례상도 간편하게”…이마트, 추석 제수 간편식 최대 30% 할인",전자신문,https://news.google.com/rss/articles/CBMiTkFVX3lxTE5KYnljRmwzano0V3NVWnh0MGhrSHJRUmpVVUdHQ3pZYmItX2YwMnd4dXRlM3oyWFJOUlVJbERsS2tQMF9fR2NFUEkzMkZYdw?oc=5,2026-09-28
420570,제이투케이바이오,2026-09-19 17:33,제이투케이바이오 투자분석 2026. 09. 19,주달,https://news.google.com/rss/articles/CBMic0FVX3lxTE82UTFVc2twdjVTb0FVWU03bnhoaVN6Nzh2VUlSTWl5VmtBWE1FdC1TbVdvVWJ6dnctaDE3Z00tWlBMeHBGaVM0NVRfUUNpbHBfdGNSZU9NWEd2Z3VDbWdScmNrTEJLc1ljN2VYT0dnb1k2alk?oc=5,2026-09-28
265740,엔에프씨,2026-09-19 17:10,엔에프씨 투자분석 2026. 09. 19,주달,https://news.google.com/rss/articles/CBMic0FVX3lxTFBrMnVZQkpzQ19Uc0dGRl90anhPSG1iVHpFVnliMlo3cERWVjZqN0JVMC1YZVlFanY4WkVoQlJPUWh1emYtZnZ6ejJnS1VueFd4TmNadlNJRjZyWmJ5X3c3SE53by1lUzlORHBRdXh4U2Q2bVU?oc=5,2026-09-28
308430,셀비온,2026-09-19 16:48,셀비온 투자분석 2026. 09. 19,주달,https://news.google.com/rss/articles/CBMic0FVX3lxTE5vZzhQNXAxUF9WU2tKVGdGQ0tuRllaUGlQaU5xQmlBckRnQy02dTlmbjkwbWR4NjlYRlpRbWxsT3lJVC1PRDRMbXNIU1I2ZkEtdm5EbDlzMnJlX1RJdE9yV296U0Vjd0F1R1BKaFl4R0lQa2M?oc=5,2026-09-28
031430,신세계인터내셔날,2026-09-19 16:12,3년 만에 돌아온 텐먼스...신세계가 내세운 것은 [인터뷰],v.daum.net,https://news.google.com/rss/articles/CBMiRkFVX3lxTFBoRm85cXh2Uk1YYUhra1hVTTFxRnFMaGF2djh4elFIYVZZWWtXSm42M1FvbWJkaXNZXzNkMXJmRmFfX3dvemc?oc=5,2026-09-28
257720,실리콘투,2026-09-19 07:23,[주간 코스닥 기관] 올릭스 실리콘투 코스메카코리아 한양디지텍 RFHIC에 '베팅',pinpointnews.co.kr,https://news.google.com/rss/articles/CBMic0FVX3lxTE5zV1ozdmtmczJLTzJXSGN2OTRoUXcydjdJMXdGbVJCTWUzTGlyX0Nic0dSV0FHdHhlSDhRODVvR2NOa0NzTEtVd2FyazM1Y2ZOZHRKRTRvU3Z2YTRsN3pOVjhXbjdOaV9ZM252OW5RR3B5eGPSAXdBVV95cUxNVWlsVEhWam1lMDQ1VGxQWUtuWUZ6eWZuTXZBbmo4VG5CLUYwVDU1b0kyN1N3TGJfMEN6LWdSdjV5VGhXUDYzVjIzRmkzc2lSVC1QYS1TejhGVUJKSkdBNkFITE5XMTI2U19abmdGbHBLMzlFYWZsWQ?oc=5,2026-09-28
111770,영원무역,2026-09-19 05:09,"영원무역, 3D 컬렉션 쇼 진행",패션포스트,https://news.google.com/rss/articles/CBMiekFVX3lxTFBqbUIyM1BSZEZ2a25zbU5HbEdmOUQyZ1hudUFQV3FoLTFoY3c0NDItUVp4RmxLb0NTZXdJdVdrZjctdWZDTWxUT0lTcHlTaFZmT2dxd05lQjB0TGU5Q3ZWZzItYzFieUFSVW1ScUN0UEFUdG5mMm0xTGp3?oc=5,2026-09-28
306200,세아제강,2026-09-19 05:00,세아제강 울린 美 관세 2%,법률신문,https://news.google.com/rss/articles/CBMibkFVX3lxTFBYaS0xejhNWHh3ZmFPVUJ1Uk1QaHZrX1B6bm1Ib3FJY21QVGhaeE4xUVFGQlV1NjhoN1RjSE9EX0FxeUxReldYd2NEdXEtTHhnZ1RqSjlDaXlvNU5rVnRVM1ViZ2o1ZVprMjB5a0RR0gFyQVVfeXFMTWVTVF94UDVJQXdiY3p4cEd1S29CUjAyZXdjNTN1MnEyQWFJcVpWTUFPV1VSNXFrTUs1WTlrc1Q5SGRrSTI3RzMwWDJUem5IbzJweXI5N1AtMmtzTmtsSV9oZE1ZVkZueVJxOVVTV1JJRXNn?oc=5,2026-09-28
257720,실리콘투,2026-09-18 19:55,"주가로 읽는 K-뷰티 대형주: 외국인, 파마리서치·실리콘투 담고 ODM 비중 축소",뷰티경제,https://news.google.com/rss/articles/CBMiakFVX3lxTE85X2JYUklXeElSYm5ybFZUSHk2ckZSZE5qTGYxVUhtTkdMdm1qODgwRW9ZLTc2dXFUcU55R2YzdnYtRmF4d3V1dTQtSmJxWHBpUG5JVkRsUVh1STF5a29JMzBRQ0JLdkpmNFE?oc=5,2026-09-28
041830,인바디,2026-09-18 18:16,"'10kg 감량 大성공' 랄랄, 인바디 결과 보니 '충격'…""이제야 '표준' 찍었는데→비만"" [RE:스타]",v.daum.net,https://news.google.com/rss/articles/CBMiT0FVX3lxTE9CbENtZjNSRkwxMWNBUkcyQW5pUlA1ZnlLNEdpVms0cEc5blg1YjhBSi1CVTYta0lXLXMyV1FfcnZqNnU3OTRiblBwTm1pYjA?oc=5,2026-09-28
265740,엔에프씨,2026-09-18 16:04,[급등락주 짚어보기] 전장부품 계약에 DYP ‘上’…동양·엔에프씨도 실적 기대에 급등,이투데이,https://news.google.com/rss/articles/CBMiVEFVX3lxTFBUa1B3YTNuQV9XYkdieXJlVWVweEpVV1NKY0VFaTdQQlI0SDA0dUZhODYzSXcwNTF6RG91N1liZXktM0ZJdnZGbEpfSlZWNnNMVkstcA?oc=5,2026-09-28
207940,삼성바이오로직스,2026-09-18 16:00,'자율교섭' 재개한 노조…'협상 타결' 없으면 삼성바이오로직스 경쟁력 멍든다,더구루,https://news.google.com/rss/articles/CBMiY0FVX3lxTE9rM3RkcktkbFJkMG1SNHV1YkRLYUU3bHR6d1pDU2pMWVZYLWpqMVh0OERENndjM1lwbjJGTlNUMUlOVURYUERadzRmR0R2ZGRmTXJQUjU5M180bHdNUUE3MEU5aw?oc=5,2026-09-28
041830,인바디,2026-09-18 16:00,“혈액검사로 볼 수 없던 몸속 상황 보며 일본 환자들 놀라워해” [건강한겨레],한겨레,https://news.google.com/rss/articles/CBMia0FVX3lxTFBmUV9mTFZadzdJOEtPS2ZfTlE1ejlFSnRzY21fMmJTSGsyblN5eE8tMEozUnc4OWJaM2hMcEsxVHpxQmtDR3Vvd3V6M1RZcGdzb2FUMEEzRnFaTW9pRmlNUEZpTVpMcV8wcWsw?oc=5,2026-09-28
192820,코스맥스,2026-09-18 16:00,"제네셀, 코스맥스와 줄기세포 배양액 화장품 ODM 계약",서울경제,https://news.google.com/rss/articles/CBMiUkFVX3lxTFBHTWgyVE44enpiVEYzRERSQWZHbHhCMDkydERyOEhMQjFudmRVU3pJeGlMRWRESXp3RXFVdVNldkZrVV9ZVkdTV19Rb1V0b1dxMEHSAVNBVV95cUxQNm9zZ0VfWF9KZVN5WV9zNEViNGNoVTRJMGljZ3RzOF9vVEYtcjlNNXpXenhtWmNWbjNZQ192R2J4d1dkX09Ob3RybFJGNnlvcDZDYw?oc=5,2026-09-28
100840,SNT에너지,2026-09-18 16:00,"SNT에너지, 국내 첫 ‘에너지 전환’ 구미발전소에 HRSG 성공적 공급",한국일보,https://news.google.com/rss/articles/CBMibkFVX3lxTE91bU9URzlRdUpadm80dk1ka2g2M01iNFhKYzNfN2Z3cjRDNFMtYUVvWWZRNTFVeGxjbWdJbUpHbUFtaG1BcDVzTzNnRHE0bjlkMHV2NVJCcU56WGdVcWJhaHJpa0ZPcjBaRVZ4dGRR0gFzQVVfeXFMT2VROTVfVWpZdVB1NEhNVzNQcVVhclRxUDBQaDgtYWxPNHh1aTU0U1AzZFNocW9mSHZ1QzRmdE9tRzVZTDJ2dXhPbG9SLWVDdTlPclNYNXVhbGx0a3V6QlZKU2NVNFQydlpmTkZEU0xKYU1pSQ?oc=5,2026-09-28
004490,세방전지,2026-09-18 16:00,"전남대, ‘AI 최고급 신진연구자 지원사업’ 최종 선정",대학IN,https://news.google.com/rss/articles/CBMibEFVX3lxTE5WS0dvWHJNcnk4aHpjTHN6eVZDUEwzUnJ0a0ZiLWItR1h2NTllOEpwWWtMMTRfZUs5V2F6aUlEMXFkazUwUUxKYVVzM2F4cDZra0tyQnRKRlFaRDBaYy1nR2Q4NDFsLVBvWHlvZNIBcEFVX3lxTE1BcU1EVXBhUXJobWMybWJ4ejBKSUdfWHVaNWFYWExDNkhDVTBTSnpGWG02ZFU0RXc0NFNycjN2UVRtdjUyZjd3MnRGZlVVdkdXUnNnLWRyaVZDRkxwdl9FV0tGU2JISHl2eVcwZ1pQQmY?oc=5,2026-09-28
111770,영원무역,2026-09-18 16:00,美 소비심리 위축에도 잘 나가는 K의류 벤더… 주문 몰리는 이유는 - 조선비즈,biz.chosun.com,https://news.google.com/rss/articles/CBMiigFBVV95cUxNUkVPZjFlOEQyQlItUlFXRmJkMGNXWkNqdUpxbXdiVW5CRWhIZWFnYVFyQmM3dlVIUFZXMGhfTlVpZ01ERHhtMklFVjd0cGh3WGliMFZtMW5rcl83N0pWY2pHbFVhMmFETjRLeHdPOWlQcFRQMUdRUmpsSzd1WV9YYTc2d01fb2syUHfSAZ4BQVVfeXFMTmRVeThMaVFGUExzMDY3bzRrUGN4VllzRmQxVUVJemV4RGhVTE0tVUJ6MmlITVpRdmtkMVN0MUt1YXdkZE1qMmg5YzZSa1RHN1FwTUVyUnJ2SWdBeEVSem5FSkZrRVJTdThhYmRtSjNvbkREblcwWlVFZGlwVV85bWNmSS1JQlI2dTRTWWNTd0FFOWNTYXp6Vk51bjZUd2c?oc=5,2026-09-28
306200,세아제강,2026-09-18 15:02,세아제강 한국산은 상계관세 예치율 0%…베트남 법인은 덤핑마진 15.52%,글로벌이코노믹,https://news.google.com/rss/articles/CBMihwFBVV95cUxQblZ3WkFRNHdjNkozbE45NnNsa0ZueUJWOUxueFFnRHJldFgtN0EwVVJuLVhselRKQW9OX00zbTJuTlhtS1o5bThidG9hV2l4OGh1WHNqS2kwaFJxN1NqTVlxLVRINC1vSDNtdnJnUHM4T2x0OFFUOHZ5VTUyQlZWRFUtSVVTZWc?oc=5,2026-09-28
086450,동국제약,2026-09-18 13:03,"[이엠디] 동국제약, 센텔리안24 '마데카 크림’ 누적 판매 1억 개 돌파 기념 감사제 진행",eMD Medical News,https://news.google.com/rss/articles/CBMiXkFVX3lxTE1BSnVJYlNONFI2WUVpTDhVNmlLalVna2wtTzdNakx5b0E0YVN5elRmOEVhWDZ2RXFFd3hZN3gwZEVNYnNzV2dNZXh1Z29xclB0VVVIY3FTOUFaNTA2d1E?oc=5,2026-09-28
086450,동국제약,2026-09-18 11:34,"수출까지 속도가 붙었다, 동국제약 '마데카 크림' 성장세 가속",hitnews.co.kr,https://news.google.com/rss/articles/CBMia0FVX3lxTE16RFZqejc0ZmZVTWdIQmtObVhOd19feFNtZnJBUGNOY2t2LVdqRkhmMjlqZk95dGdZNFhOcEZmSmJxRzlzOGJQalpxZ0ZGWGVTSUhLRHJKWkFIb295QlZVOUhJUlByeDNNc2NZ?oc=5,2026-09-28
086450,동국제약,2026-09-18 11:29,동국제약 '마데카 크림' 1억개 팔렸다…고객 감사제 진행,v.daum.net,https://news.google.com/rss/articles/CBMiRkFVX3lxTFBiX3dHMTlKVlgyTzBSLVFBMWpoWkY5YzV1MWM5Q2drb21uRzFxSWg3c3JhTFZHZWpOMVVnNDZzQU9uZEtDLUE?oc=5,2026-09-28
265740,엔에프씨,2026-09-18 10:53,"[특징주] 엔에프씨, ODM 낙수효과 기대감·3분기 영업익 63%↑ 전망에 '上'",메트로신문,https://news.google.com/rss/articles/CBMiYEFVX3lxTE5KdVdKTFBvMzdGSExtcGlWUnVJa3pWOHpKamJWMm93TXB5TnFBRFVaVFpndjZkellsakdyMlRLRU1hS0M3ZVBtR3JPc1QxaDlIOFFWX2dPUkZ1OENEc1dPOA?oc=5,2026-09-28
013030,하이록코리아,2026-09-18 10:52,"휴머노이드 관절 움직인다… 엔비알모션, 차세대 감속기 상용화 박차",pinpointnews.co.kr,https://news.google.com/rss/articles/CBMic0FVX3lxTFBUSUhjOXhRQVRVQ05QVkU3Mzl0QVdqQWpWRUZZRld5MXFvUWJqQlJtQ2xtME1TVkZ6ZWNobGJyVURzRmg3RjFvaDNlUzNSX3hYRllrUWJkYjdGRlhfTmVSbmRkaFNGdkI4b2tiZnpFUjBVbDDSAXdBVV95cUxObV9FUEU2b2JYYWt5RVVzc2Jwc0Q3STA0RTZKa1VjWFVtMm5KeWowMWtTdkdPVlh1OWxUUDBpWC13RFpJamdnTDJNbmpHMnpaX3NQbVhyVnZadVlCdVlyQXZjTmx1QXlOd3M3LVRxOUhtd1hNNGV4RQ?oc=5,2026-09-28
192820,코스맥스,2026-09-18 10:41,"“납품 넘어 함께 만든다”…코스맥스·로레알, 20년 동맹 진화",매일경제,https://news.google.com/rss/articles/CBMiVkFVX3lxTFAxU1k3RkxVUjBialpsSjN3NFdCUkdkbktvNDY0TEFqUFhja0VrLUUyYkVZaTlxYm5DUm5lR3hzaEpMLU1rVUpZTGtCSVBibF9sUHZiLVB3?oc=5,2026-09-28
306200,세아제강,2026-09-18 10:18,"[장중수급포착] 세아제강, 외국인 10일 연속 순매수행진... 주가 +0.75%",newspim.com,https://news.google.com/rss/articles/CBMiXEFVX3lxTE54QUFraVo4VEd1Tld0YU1WcUxqaEgxejNlUmxJVFk4VWVac1hKZHBVM1hOMFh1YWRUNjZ5MkxqZmx6TmZLWEdTdGFhbHFON3ZOV180b19IZXhueGxQ?oc=5,2026-09-28
306200,세아제강,2026-09-18 10:08,"상상인증권 ""세아제강지주, 유가 70달러 이상 유지되면 내년까지 수익성 개선세 지속""",비즈니스포스트,https://news.google.com/rss/articles/CBMic0FVX3lxTE95Sk5JaER4d3JwVDZ0VEN5dnZnWWcwOTZNVXdYTlNOYm5rZElldGVUU3VXZ21DcU0zLVA5OUZCa0htamdDQUFsUXJGVzFQTTJEOGh0OUdfMVNhUXVZVkg2QlQ5a0VfbXIwd3U3ZThrNWxQckk?oc=5,2026-09-28
122870,와이지엔터테인먼트,2026-09-18 10:05,“엔터주 바닥 찍었다고?”...‘멀티 IP’로 성장축 넓힌다,매일경제,https://news.google.com/rss/articles/CBMiVEFVX3lxTE1fZUNINTYwSlhXRzg2ZzBSODgyLUtKa3g5UnJDT1RtVlBrWmxEaUxvNWtkRWgxZDQyUGRaTm1IUHZkaF9id3llMnJFMW5jRUl4UEo4Wg?oc=5,2026-09-28
265740,엔에프씨,2026-09-18 09:50,"[MK시그널] 스피어, 우주항공 특수합금 공급 본격화에 따른 성장 기대감 등에 주가 상승세... MK시그널 추천 후 상승률 26.20% 기록",매일경제 마켓,https://news.google.com/rss/articles/CBMiUkFVX3lxTE9QNHpTUUNwb3lEVWhCX2s3Z2VDZ0hUckRRakk4VUxraEI0SE11dXBwXzliSVphQU9rUUtWWU8xUU9yRjFleWJlOS1XREJ3VW4tLWc?oc=5,2026-09-28
265740,엔에프씨,2026-09-18 09:36,"엔에프씨, ODM·소재 성장 기대에 14%대 강세[특징주]",v.daum.net,https://news.google.com/rss/articles/CBMiRkFVX3lxTE1UU3ZtMzNyU05lb3dYSVJLWjRYRExRdDJIRS16TzJuNWxkY3d6c19hWElLeDhlSzUzbks0aWNZTHZmV2RJMFE?oc=5,2026-09-28
265740,엔에프씨,2026-09-18 09:23,"엔에프씨, 14% 급등…""K뷰티 타고 ODM 확대 신소재 성장""",한국경제,https://news.google.com/rss/articles/CBMiWkFVX3lxTE1iVlBZRXBDUnZlUEZabVV0cm1DdWN5RGI5aTRmVkpQV0xBOHdYV2R6R2habjdhVS1MeHM0VHdjSXJUQmtTTlIwakFISG12SjVVTUZxUjhmUVRnUQ?oc=5,2026-09-28
265740,엔에프씨,2026-09-18 09:04,"[특징주] 엔에프씨, 3분기 영업익 63% 증가 전망…ODM 낙수효과에 상승세",이투데이,https://news.google.com/rss/articles/CBMiVEFVX3lxTFAtVlRaQTgyTTJ4RmJkQXBNSm82d3I1RENHM25BZVhMWm0tM05FM0dIMkZNV000aW92em51Q1pBTXdGYVpaRDhBYkZSM0NaZFNWa0p4ZQ?oc=5,2026-09-28
009420,한올바이오파마,2026-09-18 09:00,"[리포트 브리핑]한올바이오파마, '예상 연매출 6조원 신약 원개발사' 목표가 130,000원 - 신한투자증권",newspim.com,https://news.google.com/rss/articles/CBMiXEFVX3lxTFBNNl9zSkNCczMtdlcyNmtubkVNd1JQMkItTHlRTmtETHJieFBXZDAydWdTd19LMldUNWx5ZWJ3cVJOSEE0T2Rrb0tQZTRGZVQ1T1lHcDFxSkNqVXJL?oc=5,2026-09-28
265740,엔에프씨,2026-09-18 09:00,"하나증권 ""엔에프씨, ODM 고객 다변화…3분기 영업익 63%↑ 전망""",이투데이,https://news.google.com/rss/articles/CBMiVEFVX3lxTE43MzNiYmRuQ21neHp6NzcwTkdhT2RxSjcyTTJjR2xFRXZnRHRoeEVMR3pNX1h2X2RkOGlIREtoM05vclVWdmQtSFgzb2RZRmZ5dW94VQ?oc=5,2026-09-28
265740,엔에프씨,2026-09-18 08:30,"[리포트 브리핑]엔에프씨, '거침없는 ODM 사업 확장' Not Rated - 하나증권",newspim.com,https://news.google.com/rss/articles/CBMiXEFVX3lxTE1uZ28wd1pkeGtZSEJ0eFhVZXJQQXBHQ1M0VHYzcFdzSTlHN2dOM3BoVDdVYVRYNG9Hd1pQWThQdXdXVHJnTndVdzFVWDZUUF9zS1JQVU90enR3TG9X?oc=5,2026-09-28
306200,세아제강,2026-09-18 06:00,"세아제강지주, 적자에 빚 급증…버거운 이자[더시그널]",한스경제,https://news.google.com/rss/articles/CBMia0FVX3lxTFBqSVhsMWQyazZFeVZlUmZfQVQtMHowczdjM2pOb3k3cmh0eFlPaWtYdnVLbXFuQ2JBTVdIUHhaZ0R4R2NpMndfMlFpUEZOV3haaThLVVlnd1l6SmxYN1lpSnJldS03UGthWlNr0gFvQVVfeXFMTlI4YmViNDlvSmdvUy1LNzVMVWRBWnVITVE5M0hEQ1VES054NjhVWG1RaExnSDlIaDJRYnZFMUdjU2VvRjZ2LTVkMFZSczZ1Z3Q3ekVtdDRUN09MRXoxSDdrcm5NUzhoNzRDSW1NdGhn?oc=5,2026-09-28
031430,신세계인터내셔날,2026-09-17 17:55,[오늘의 장바구니] 유니클로·신세계인터내셔날·롯데물산 외,프라임경제,https://news.google.com/rss/articles/CBMiY0FVX3lxTE5Wa0t4RGx4elFCQWVWb2pIZmhxSzlKdVZZQkpCU1B6QVBCSkI0SG5kaUI3ajhjVm5lZEdTTW9uVXktQ1NJMzNPdGpVUlVsNjBlc2ZwWWVveTgtY0hBM2YwSmludw?oc=5,2026-09-28
064850,에프앤가이드,2026-09-17 16:41,에프앤가이드-포필러스 맞손…디지털자산 공동 리서치 추진,한국금융신문,https://news.google.com/rss/articles/CBMifEFVX3lxTE11amIzYklaM0llRDE3UzlzWkNiN2l3WDN4VEY1OS0tT1ZtVF9NV0hCcDc4NXRqZDM1eVhSOXB3STlqbG0tNkJmLXRlaXZodXZ1SHBiXzlwM2pJbWJLZTd2WXFIMHBnSDBvYTd5MmxqdmVRSUFPVTFhUkc0UU4?oc=5,2026-09-28
302440,SK바이오사이언스,2026-09-17 16:00,"SK바이오사이언스, 심포지엄서 소아 감염병 예방 전략 공유…RSV·수막구균·백일해 논의",전자신문,https://news.google.com/rss/articles/CBMiTkFVX3lxTE9qcFJPSWZ1dFF0SGd1Um9wc1g5UjRYbDNqeklMZXhNUVN6Si1CcjhYVUhSMUdVa3VJOHpHZHJvZnJVVWotZFdvQ2Y4M1dxZw?oc=5,2026-09-28
064850,에프앤가이드,2026-09-17 16:00,"[게시판] 에프앤가이드·포필러스, 디지털자산 공동 리서치 보고서 발간",연합뉴스,https://news.google.com/rss/articles/CBMiW0FVX3lxTE1ib0VURjBFQ1lWWEl5MkpLSW9KXzdub1pMSW54WEE0MEdsa2xHYjU1SkR4VmpZTEE4TTIwTUdxdmZMRUd2WkozRm4tcms2T1FUamFzeGRTTGpDRVXSAWBBVV95cUxNc2hIb1hEMzlsbzk5QTBSQmdDZkhVZnlQM245ZEhERlE1UGJoaUxvTC1tQWJldWttWlVRSFI0ZExYeUxHY1Rrd1YteEpBdEQ3dXk3Q0J6c19wNkxpUGhYd3o?oc=5,2026-09-28
064850,에프앤가이드,2026-09-17 16:00,"에프앤가이드, 포필러스와 디지털자산 공동 리서치 추진",헤럴드경제,https://news.google.com/rss/articles/CBMiVkFVX3lxTE5kcXNxQ1J6ZkxyUVlEX0ZtaUEtcnpzZWh6RFFOTTRrWmhiQ0NzcnJrbDlzWlJXdzd6QjlJYnpZWnB6MEpYeHB6cXVzZWFWRUtBTHkyeXVR?oc=5,2026-09-28
064850,에프앤가이드,2026-09-17 16:00,"에프앤가이드·포필러스, 디지털자산 공동 리서치 보고서 발간 나서 - 머니투데이",머니투데이,https://news.google.com/rss/articles/CBMiaEFVX3lxTE50T0VMclV4S1pxdmtVTy1YX09PZDhVRWpMbm1YUzA3RzdOTEJCNlA0RHV1angtVk5uQWNhcW92ekd4NUdvTllGMHVXbE9oQjNLd0VGcmhVWno4VHhRSVI0ZHc5dFV5RGlN0gFuQVVfeXFMTUVaRlVELXJQbkNnbkVfUmh2OHFTcll0UzNfUV8yNDZvTW1hNkxxTnMwYkFxbGFGYVpidW56VmZVNmNrSzJtT3FWNmdhS2kwWi1WZFFCTHBFaFJvVENfVnNFX3BSQzV5blRxZnRLVUE?oc=5,2026-09-28
064850,에프앤가이드,2026-09-17 16:00,"에프앤가이드·포필러스, 디지털자산 공동 리서치 보고서 발간 추진",뉴스1,https://news.google.com/rss/articles/CBMiX0FVX3lxTE9kRElxWXJsem0wZEd6S01hU085NGFTVHd5U2Raa3pjTnh2Q1JnRzhnckNodHQzX21xN2JBMW9uMnVSa1R4TTFpSDZmUV9RTkloU2pSVWxsdUdtV0dnUlNB0gFkQVVfeXFMT3NNM09mM0hBcUk0SjMybjZsa1RuWENIX2pLNlFMUnc3U2VUVUZSRDJxU2lxQngxSkdKUzQybE80YWNDVkY4WVlhd3NEUjZmRXdWUXJfRk1BY0lVblZ6SEYxcmZLUA?oc=5,2026-09-28
064850,에프앤가이드,2026-09-17 16:00,"에프앤가이드·포필러스, 디지털자산 공동 리서치 추진…기관 맞춤형 정보 제공 - 조선비즈",biz.chosun.com,https://news.google.com/rss/articles/CBMiiAFBVV95cUxQX1g3VzJSb2ZiUXRfb1JiQ3NRa19uWnpLTWFLdVZya2dUb2ozTm1qb2I4akFpOHVaTExhVmJoblRpdXo3VDBHbFp4UWJEYV9ILWNjZVE2cDc0ZmUyYkxkRFkzTEdoYWNKcXh1eDh1V290dWZNS190bHBsTTRyb21idGZoN1hWQl9W0gGcAUFVX3lxTE1JQ2x6Zm9XRFBBMFFLZkpaTUpoOEVCY0J2aU8wdi1rTjBLQTdfLVdPR0gwY05kOU5WdWNic3NaSWlJNGx3SzhPRGdSa3l0MmhEcm9Md1JmaVR0Q2lucFNudXRVWlJRamFyX1FPWmhSeEE3TjJIck1abklQZXppQUM3UkhTaUtjaVVDVFRiRHRVOXYtWG1aaEh6Z3VaVQ?oc=5,2026-09-28
064850,에프앤가이드,2026-09-17 16:00,"에프앤가이드·포필러스, 디지털자산 공동 리서치 추진",서울경제,https://news.google.com/rss/articles/CBMiUkFVX3lxTE43WmM4cFlNYi1fVk94QU1hUnU0ak1ndVpQSXJNMjNYUi1WdG5XUERxeXNUMUNEMWM5T3gwazAwWEVycF9uc0lTbnl0M2UxOV9rTEHSAVNBVV95cUxNa0VUQnk1Qk9pcEItVVM2Qzd2aktBeGktQndmQldhaGctX0JSMHV6eXhLMWFmUlE1cWx0bk54OUh2Rjd3WU1KMGYtU1drcnZOY0pkVQ?oc=5,2026-09-28
064850,에프앤가이드,2026-09-17 16:00,포필러스·에프앤가이드 '맞손'…가상자산 정보 격차 줄인다,뉴시스,https://news.google.com/rss/articles/CBMiYEFVX3lxTE5Ob3BRZ1pyYXpiZjlnamNmTnc2YzF4aUxkVk9WRzBlS0Jxamh5SDhWSUU5VEt1VkpIR2EwVFZEdnk2VklDVU5ZcmtTM3FMcjk0bzFyeUhWUmdrMkRabzBoVtIBeEFVX3lxTE50MU9kVnVqX1hONVVtbTRkSlNHSVpGNm1ETkFkX0s4UFlITG1mbmVPTnpUbmZfNnRJc0h1eUFvU2NtYnNSNGpjU1VYUHJhYXQ2SDJqVVJIRmduNHJObXdOOGRjSy15TklKUXlDN0YzWllEeTlDQUl5eA?oc=5,2026-09-28
064850,에프앤가이드,2026-09-17 16:00,"에프앤가이드·포필러스, 디지털 자산 공동 리서치 보고서 추진",뉴시스,https://news.google.com/rss/articles/CBMiYEFVX3lxTE5QajJEUEZiY3RCQlg4N29RaHA5SUU3alhNOXpPQTIxZEVPNlcxNkxBS081M0FZb29ENzVrV0NYeV8xOUQ0YXk5aEFhRlA2ZXZHV0NzeGROTFh6RUh5Rng2YdIBeEFVX3lxTE9OM3J0VlBPZ0JwajBpOE9fODNVMmRSdGNnYnI2dUxSZ21ISjBIQ1oxQ29ZUzBjeWJ2NzRkTzZUOWN5R2xSMFgwTl9ESmlhOWdzYllaaGNfRVdGVnR1VzI2Qmd1d1o3dm05djRzVjl5LWtRcXpyU19GZg?oc=5,2026-09-28
031430,신세계인터내셔날,2026-09-17 16:00,"[신세계그룹 인사 풍향계②] 신세계 부문 성과에 '신뢰 기조' 힘 실리나, '리틀 이명희' 정유경 선택 주목",비즈니스포스트,https://news.google.com/rss/articles/CBMic0FVX3lxTE12aGoyQ1JSVDZYV2lpTUk3Q0RickVrMThzeXBKV1NSNmxSNkduamlWTlh6NGFXYThXcVJSQkxoS0lOWUgxY0xBbVVSWGZUYUpkeHZKYURfMGNjRk1YSE10ZU83dTJidDgzWERKa1RybnhRUzQ?oc=5,2026-09-28
031430,신세계인터내셔날,2026-09-17 16:00,"신세계인터내셔날 어그, 새 얼굴에 장원영 발탁…FW 캠페인 공개",전자신문,https://news.google.com/rss/articles/CBMiTkFVX3lxTE90dE5hTlR6b2RZWjAwb05qazVuY2RTTV9kZlZWZE5pUDlLWjFweWNMS1c3d3ZXdVZtV29ham1PNDV1Nmw0anI2OEJjZDJVUQ?oc=5,2026-09-28
031430,신세계인터내셔날,2026-09-17 16:00,"신세계그룹, 2027년 신입사원 공개 채용",신세계그룹 뉴스룸,https://news.google.com/rss/articles/CBMipgFBVV95cUxPRkFHRnVlQkw0V3plcm5kUTdjX0JCU1EzbnhRLVBxU3JQcXA4UGtwcDliNVdrT1MyOHNWTURMMXE0MHRyVnktVlEzYW1rangxQ3VqaWpnTG9rRkNjaDRHdWVHOV81dElOWWtrMWoxYm5OU2hZa0Y0aTdxSXc4VW93VktXWVdOSEFoOWRteEsxYVVMdlhyNVM4TkhVY3A3WjE4cWQtWjNn?oc=5,2026-09-28
257720,실리콘투,2026-09-17 16:00,"[K뷰티 밸류체인 지도]⑧ 실리콘투, 인디 붐 타고 K뷰티 관문으로",bloter.net,https://news.google.com/rss/articles/CBMiaEFVX3lxTE5KYlJMRkU5MEZ2Rms3WmJ1WnV6cE1yamNiLUFVOEpST09zZVp5VE9jdDdRemtEMUJlNzBBSjlRcWZCczdKV29pcXltNjBSdEs1dnV3MFFmMU0zWktYbFlrRTBWMlRqTzYy0gFsQVVfeXFMTjBobDRqOHJYTUp5Mng5a2lzMWF2TEYtOEhfOHFOaVAxV1NzV3F1UGhkcWJOVGpyTXRyUHcyTVFnak5oOVBqaU9XYTdyTDZxS1l0M0x6OU92dXY2SDJPSHpoRVV6aUQ4ampHaFNp?oc=5,2026-09-28
257720,실리콘투,2026-09-17 16:00,"실리콘투, K뷰티의 성장을 유통의 이익으로 바꾸다 | KBR 기업분석",코리아비즈니스리뷰,https://news.google.com/rss/articles/CBMilAFBVV95cUxQWWVkQ3BiLTcxb3RYd0lZWWl3SG0xSzlscThwbWt3RXBCWUxfUlJiWlg3WGVvTGE4RGNUbXpVM0hIMnFKbWctUml5TE1WY2dFNmVPV0FJbUNDMV9MQXp4a19CWktXQm1yT2dNdGstcnA5eC1IMjFTaF9vZ25XeDlWOEhXRG5yVlNIWnhmNFg1Vi11MVpy?oc=5,2026-09-28
161890,한국콜마,2026-09-17 16:00,'K뷰티 순풍'…회사채 시장서 드러난 한국콜마 위상,연합인포맥스,https://news.google.com/rss/articles/CBMicEFVX3lxTE9XaXRpeDJWejdzUzVFNEZ1TDJGeDJqY0pGQmd1WWRhQ1I5U2FCWmlLbTcyNmhuVVBqdENackVWejMxYk9kOTNKY19mMl85Z2VROFhFZ3Z3Z3owUGd3cU5nb0V1eGs0Q2RTY0ZfQnNldGk?oc=5,2026-09-28
161890,한국콜마,2026-09-17 16:00,"농산 부산물→화장품 원료로…코코베리, 한국콜마에 소재 공급 - 머니투데이",머니투데이,https://news.google.com/rss/articles/CBMiakFVX3lxTE52dk9VUExhSFYxaTBGRFhneFlNTFRodXI0TUZuNnVZZXpOSjROYkRXYW1PaHdHQkV2S1dfajVEdk1IMlprUVYyN0dabnBoa2VUdl9HRWVFbGtJWnkzNy1YdE1kR3pPWmxUVGfSAW9BVV95cUxNbFllX0FkMHluSEZqX0Z0RTc1RVpvTzFwalo4Q0ZERURUbGtmM3BCNFkzOHdaSlR2V0ptLTlEa2JNTTFZaFlRdEdkQWJfdFhydjdjejYxSFZkbWZ0VE5DWGl4WVQ1ajdLUXR4eGNUX1E?oc=5,2026-09-28
161890,한국콜마,2026-09-17 16:00,K뷰티 질주 이끄는 `제조의 힘`…한국콜마 최대 실적,매일신문,https://news.google.com/rss/articles/CBMiYkFVX3lxTFB0MnY5WkUxMjZKY050bVF3cEV2THVNcjcyUXB3V1NZUC1CTEFMN1NudjFPRUxvWGpZektLSTM2Wk4weEczS3VSQVVHQmFtbmJXRFFUclMtTkE4ampTQm9EOWtR?oc=5,2026-09-28
192820,코스맥스,2026-09-17 16:00,"[뷰티人] 박천호 코스맥스BTI 연구원장 ""더마화장품, 2~3년 트렌드 될 것""",연합인포맥스,https://news.google.com/rss/articles/CBMicEFVX3lxTE1xNFowaXgyTkEteDh0WmdQT0Ytb0VnV2p4X2IyNnhkZXhiNktBUXAwczA2NEhKaHdTWGVQSkpsV0VidW40amxzaUxFLUhSOUVKOTAxMExzY3NRdHBoRVVGSHZJWVJJbXFIcHBoNE1qMHA?oc=5,2026-09-28
100840,SNT에너지,2026-09-17 16:00,"SNT에너지, 구미 LNG발전소에 722억원 규모 핵심 설비 공급",국민일보,https://news.google.com/rss/articles/CBMiZ0FVX3lxTE54eG5Xb2VQQXE0Mi1Rc3l6VjVfZkRob21hX3NYekFCdE04TkU2RHZjdWhJMlFBdFoyaXJxaEc4dVdMU1JPOGNFZFlNN3pIX203UXMwZ1RRYUU1aC1PdURqcW9IY3pZazDSAWxBVV95cUxQeFlXcl9qTjhuZ2xISDJvMkNkd1drNElfYTB0QURKb3haUG9MbEwzajZ0UmlJbWVqNW9HQXFPcDNrb0hkdXZHQ0FCNzJ1M1RwR0pDenUzRjB1NnNmdTRGR29reHFzbmR3d2JCZ00?oc=5,2026-09-28
086450,동국제약,2026-09-17 16:00,"동국제약 센텔리안24, '마데카 스타톡 세럼 올 타이트' 출시",v.daum.net,https://news.google.com/rss/articles/CBMiVEFVX3lxTE1XaW5SSTlXTnJ6bXpWcWwtSHZ1MU11RXF5bXFfd0JUbzJLTzFMQnB0MFFpU0hSMkR2NHd5WVhyNkdvamt3OUFqeEk5RW5qREF5a3BOTw?oc=5,2026-09-28
092730,네오팜,2026-09-17 16:00,"[모닝 리포트] 네오팜, '더마 명가' 저력…제로이드 앞세워 호실적 전망",newspim.com,https://news.google.com/rss/articles/CBMiXEFVX3lxTFBWWENJOFBiYVlESk1STlBlSHJqWnBDRmZFWkkzZ2pZTUFlVXBVaE5PRzlXUlBROW5DbHhRS1FGTzhucVlxZldtYXZIdFhwZ25oNWFtYWJZSWdXdkpB?oc=5,2026-09-28
092730,네오팜,2026-09-17 16:00,"‘병원 1위’ 제로이드, 올리브영 나오더니 매출 폭발했다…네오팜, 2026년 매출 1600억 돌파 전망",뉴스퀘스트,https://news.google.com/rss/articles/CBMib0FVX3lxTE1nUXhqdm96aHcwTktWSEVFNUxZNVhhSWdJR3NUcURVLWJRVnpGNFZJQTV5NWk0Y19BMkFGS1JsNmF6S2dfNUpOaU96aU1DTXVtZjVnTy13SkFhVUhqZERZc0djZ2NnNWNFdzVUX043NA?oc=5,2026-09-28
420570,제이투케이바이오,2026-09-17 16:00,"[모닝 리포트] ""제이투케이바이오, K뷰티 성장에 원료 주문 확대""",newspim.com,https://news.google.com/rss/articles/CBMiXEFVX3lxTE85ekNIY3V0UjFfaXJncEVjTFNyMUc4Tl9YNkVyd1FUdGN5ZWFUTmdvc0MxQVZNT2ZjbGNaSmR2VWNqbDdaN3NzZ0VBTFlvUlY4b3UwdHg4czAyWC1v?oc=5,2026-09-28
420570,제이투케이바이오,2026-09-17 16:00,"제이투케이바이오, K-뷰티 수출 타고 영업익 3배 전망",데일리팜,https://news.google.com/rss/articles/CBMiUEFVX3lxTE1jZ21aeFN1N19seExxNzd3emNnR0RkRGdVd0FVbG1OYWdKdERCcHAtNGh2OXJEWDJXVUkyOWNZSy1KdklaRWkzRWJtX25zUUtK?oc=5,2026-09-28
100840,SNT에너지,2026-09-17 15:05,SNT에너지 ‘에너지 전환 1호’ 기여,v.daum.net,https://news.google.com/rss/articles/CBMiRkFVX3lxTE1VcjRaWUxXa2liVkEtVzJQYzNGYW1GVml5ck82OUpaMTBiNTlSWktEMU1yLW10a0YyczVpT2NyLWNQWDVoR1E?oc=5,2026-09-28
092730,네오팜,2026-09-17 14:03,큐텐 메가와리 헤어 카테고리 실시간 랭킹 1위,주간신문씨엠엔,https://news.google.com/rss/articles/CBMiZkFVX3lxTFBLV3Q3MHpHdXlWMlBBSTRfVUJzTDhjUlUtN296UEFGMFp3LWwybWpOcmZjNWMtbVkzU0tBcXVJc0hJYkdTTFhIa0xqcHFaN25xU2lTYjFfbDlPLVAtNmR3NURtVWlwZw?oc=5,2026-09-28
419530,SAMG엔터,2026-09-17 13:59,"SAMG엔터 '캐치! 티니핑', 넥슨 메이플스토리 입성",v.daum.net,https://news.google.com/rss/articles/CBMiVEFVX3lxTFB4VmJiUE1Lelo4Q1plZ09qWnpPX1NGNnFFOEZITHNRS2tFNl9CX2dEY3dBblRKQnh6QXpSOXJmRTNhd1FSbm9OaU5GT3ZZNHpuZE9DOQ?oc=5,2026-09-28
013030,하이록코리아,2026-09-17 13:59,미국 조선업 재건에 불붙은 조선기자재주…엔진·LNG선 부품株 불꽃랠리,pinpointnews.co.kr,https://news.google.com/rss/articles/CBMic0FVX3lxTE81ZWlPbGtMTTVxNmFGelh4X29uTWluRkxhTkx5b0tyVjBGUy1BcTY0N3JHNHVoaktHcFRfTHBzWV9saTJpcU5TQXkyUWM1d3BVUjBzREx1Ml9WbG1pVFZwdGhSTFR0MXRvUEFrU2NSYXZmYVXSAXdBVV95cUxPWmllTmdwWW8tRDZldXRiNlBTeFMwS2J1T2x2RzVNQ0NZNnh4SkduMEhjRU8zNm9GVFZpR0V0VnNIVndQWFNJZ2V5b3Q2Qm9YNVIwMVdGVmNFLVNfUTlRQzFkc1lKM014TTdSdVJNMDA2NGQtWkVJTQ?oc=5,2026-09-28
419530,SAMG엔터,2026-09-17 13:45,"[더벨]SAMG엔터 ‘캐치! 티니핑’, 넥슨 메이플스토리와 컬래버 진행 - 머니투데이",머니투데이,https://news.google.com/rss/articles/CBMiaEFVX3lxTE0xeVdxb3dNaGdZNGltZmJmdzU3UHI0N2VkNWdvRm8yS0UwM09wZzNZaW9OcldSTklCWUNJYUloUVIyS2kwaGdsdDk4QWU1dklwc2c0YnBKZ2pPQWwwZUw5YUsycnRiWnNE0gFuQVVfeXFMTmpSX0F2Wk45M2VSZVROeEt0OThHS0Y1TFpDUzF5RUxCN1pnQmtsRjh3eEZCakd2eVBHRlhqY2FlS2d4RmxseXRVdTFYQlBwRTRtZWMtZzlVVUpUWWhNdUtCQU5rMGg1N0hacFA1VHc?oc=5,2026-09-28
100840,SNT에너지,2026-09-17 13:15,SNT에너지 구미발전소에 HRSG·보조기기 공급 - 머니투데이,머니투데이,https://news.google.com/rss/articles/CBMiakFVX3lxTE9oT1k5NEdLQjVaOGlKZzY1Yk5sd1RBeW5Ld21CcExUSk5tUzVhREl5eUZzTEdfeG0xY3NibWtLM2xRWERfMkd0T2RoNjYxWWVUeTBmeWdkZlhRQ1dvd085d1hxSHdVZWdWOGfSAW9BVV95cUxNU3VwVERydWlfZkh4dFRWdFZkZGNfazQ0Sms3R0x4c2Y1cmxUeThCVW1xTkt1eGhHSHNHN3ZJYWprckNTYzZsZ3JKTjVHR0NFWG1lYTlzNFo2YV9uMmZYRmpFcjJIU2pNSWpNam45ZTA?oc=5,2026-09-28
064850,에프앤가이드,2026-09-17 13:00,"에프앤가이드·포필러스, 디지털자산 공동 리서치 발간 추진",디지털애셋,https://news.google.com/rss/articles/CBMickFVX3lxTE1vRTV2SzVzR3JQTDNIRDQydWdXcEM4ellqeUx0cHdaaEpMcU1tdnJzM2xyU2J1dFhybTA5dXFlNllLenVNR1lHSUc3aFJ3aUZRVXpKNVlicUtpNi0tdUxsSERGN0h1a3ZtU3BhZVdDR2tYdw?oc=5,2026-09-28
001040,CJ,2026-09-17 12:59,"CJ ENM, ‘2026 한-폴 브랜드 위크’ 참가… 중동부 유럽 K-콘텐츠 확산 위한 협력 기반 구축",CJ ENM 엔터테인먼트부문,https://news.google.com/rss/articles/CBMiqgNBVV95cUxQamo5M3lmTWVrZmtFbVB6NTVwZTNWM0pxVlpZUzg1ZC16U3J6MTNMRGVMZERoLVZMTV9RaWI3bTJNd3QwVFI3MHVuR3owQldoa1MwU2YyY01LN2daM3FsdElmTkpWcFRncjU5SGJuODlJclFxNlVNZmxJUzkxNmUxZ3VDb2JiYjhISnV4WWpwSzdmMmtPSWgxR2ZEV29oSXdhZHBnUUVmbUd1RkJSYlZzNTJRN1pPSFlqUEdUbGNHcU9NOFdLcTdSY3BtbjhIX094UDU4VXBsSXMxRWhxWW93XzhHTDZqc3N5SWZfY2U4NmhiemVmdzBBOFJ6YUxUb1hVRU1rMnFqZ2NFVXdzVk82Mzcxdk9uVUtoUldQUWV1RTR0ZHlmaTlNWXlIdHNoQnBXd0RYVDc0VjlTa1psaHNIVzVPMTgxUmdWTWxVRDJ4eGc4SkFhcHFNdTdRODhOQWpTaTBLeHlRcVpOcUxHbk84OWRRTXMyRmRUdm9sOVUwaHZoVHVJSnFfYjA3SnNSM3o1ZHRHb0xEaWVsanl0eUJFeHZrQkcxaHFqLXc?oc=5,2026-09-28
013030,하이록코리아,2026-09-17 12:09,"기계 상장기업 2026년 9월 브랜드평판...두산에너빌리티, 레인보우로보틱스, HD건설기계 順",에너지신문,https://news.google.com/rss/articles/CBMickFVX3lxTE03OVMtREQ5LUlFUXkwSmhzRTdqeWZlTVVfQ2ZEdlp2RFlWN2ZFeTdtbFFnTE9ISkhyd2VFX1ZkZXJhWEtoRW1xUzJ6SlA3Z3hXelBFOV9XNG1BMHV1NnlVd3Y4LVRrbE8zbDM4LW01dm1zdw?oc=5,2026-09-28
064850,에프앤가이드,2026-09-17 11:54,"에프앤가이드, 디지털자산 리서치 발간 추진…포필러스와 맞손",이투데이,https://news.google.com/rss/articles/CBMiVEFVX3lxTE1lamlVbUM1eXRLZXloZWtiREMyc1dyYlM2UWdOQUtGcVdkN0N6VE51el9XMzZNaU1qbG9PejRQbm8wNXBnSlhKeXVpWDhxalRBUV9ZOA?oc=5,2026-09-28
092730,네오팜,2026-09-17 11:38,"[장중수급포착] 네오팜, 기관 5일 연속 순매수행진... 주가 +6.67%",newspim.com,https://news.google.com/rss/articles/CBMiXEFVX3lxTE9zX18xazV3THplSXNNaml0RFlUaXprNi1CZ0Qwc3NSQVRKMXRWdWprczRFWXBwa2RLS2NqMDdhdmtyVTFpRDA0R25uVWh2T19MZU53TjItc3JtOGI0?oc=5,2026-09-28
009420,한올바이오파마,2026-09-17 11:21,"한올바이오파마 '아이메로프루바트' 임상 결과에 시선, 박승국 대표 복귀 첫해 성적표 가늠좌",비즈니스포스트,https://news.google.com/rss/articles/CBMic0FVX3lxTE1EN1p5TDhsN0hkOFlITmI1cUZIa0xicVNYUmdCbzlxanhIek9XVFZvTzhpUWlfSENiZy1qaDBVYWJGWk53emJtMks0cFdhYlV5UFJ5V0FxNTYtVFJ6RjFzaXZOdWVER21mVkVTR2RKTjRNWTA?oc=5,2026-09-28
031430,신세계인터내셔날,2026-09-17 11:18,"이번에도 '원영 효과' 통할까...신세계인터내셔날 어그, 장원영 브랜드 앰배서더 발탁",녹색경제신문,https://news.google.com/rss/articles/CBMiaEFVX3lxTE90aHpXaEc2N041RjN5cmpOUlk0bU1mUmRrbmlUUjBaV1dJWUNVNnZSdkFVRWwtVEdXRXp6Vm91dF94UW9kZGl2NTBzOUlXbUJIQV9ZeVY0MUJmUGdYLThkWVdzb2REN1Mt?oc=5,2026-09-28
100840,SNT에너지,2026-09-17 11:13,"SNT에너지, ‘에너지전환1호’ 구미발전소 HRSG 성공적 공급",한국경제,https://news.google.com/rss/articles/CBMiWkFVX3lxTE1nTFNaNHloSlloQWhtcGhvbVRKaUpjQmtIYzRoRUFKMllUU1JjZWlMeFl1eFlHRHQybWZRT1h2ZHZyRUhlR1NCMFAtM2JhY1RtcGNDZFJCTDBxZw?oc=5,2026-09-28
064850,에프앤가이드,2026-09-17 11:06,"에프앤가이드, 포필러스와 ‘디지털자산 투자자보호’ 보고서 발간 계획",v.daum.net,https://news.google.com/rss/articles/CBMiT0FVX3lxTE5qQUpKYnBPUmhJYmJtb0hTVk93NDdrQjlNOVBISU0yZ3ozOEdKRk5FaUUxYnJXc3JFNWhPSjFpRERMemZkSzlINjJ2b0dvZkE?oc=5,2026-09-28
064850,에프앤가이드,2026-09-17 10:37,"에프앤가이드, 디지털자산 리서치 강화…포필러스와 공동 보고서 발간",v.daum.net,https://news.google.com/rss/articles/CBMiRkFVX3lxTFA0S2RhQll5aFFHZ2I2QnBGZmI4N2k0OUZPU3hvOGdXcUdERzdBVjFaczNnTVkyMG5JSHl1TE1VN0NIQldmSkE?oc=5,2026-09-28
064850,에프앤가이드,2026-09-17 10:00,"에프앤가이드·포필러스, 디지털자산 공동 리서치 보고서 발간",한국경제,https://news.google.com/rss/articles/CBMiWkFVX3lxTE1VWVRrWEx3N0ZidEJ2bXMyMVZRTFpZQWVjNnl5eTNXUW5fT2x4YXRoX0I5SWFSOTZPTWRUdWRIMDhLamhFcWxmYXZsZm9OdGtYNWRWMndoZkRlZw?oc=5,2026-09-28
064850,에프앤가이드,2026-09-17 09:59,"에프앤가이드, 포필러스와 디지털자산 공동 리서치 발간 추진",마켓인,https://news.google.com/rss/articles/CBMic0FVX3lxTE50OS1CbTllVHFzRzJHeXpFNmhuaGNYTEc4Yllnc2cwblNzaWlodXk4Q0I2QmllRU5CUHN4WUdsRUloRm5QTTdsb2ZWZDFRYlNPdU5YcXRyZEtWNlpqR3lQRXk1YnlfelV6Wl94WDI5Vk9HYVU?oc=5,2026-09-28
092730,네오팜,2026-09-17 09:41,"네오팜, '더마' 화장품 브랜드 앞세워 매출 호조 전망",v.daum.net,https://news.google.com/rss/articles/CBMiT0FVX3lxTE5mLUNtTWk2akhvUmVlZlVNellOWGQyTV9CSU9ocWpHM3Z1UnpRc2Q2U01VSFNSYUdtREpNVE93Y1Fhb3U0M1dOa2g2d09WNnM?oc=5,2026-09-28
031430,신세계인터내셔날,2026-09-17 09:21,"신세계인터내셔날 어그, 앰배서더로 아이브 장원영 발탁",이투데이,https://news.google.com/rss/articles/CBMiVEFVX3lxTE1RTUxrRTRUNFg3c0J4b2c4QkxCWnVOMzYtVDRPVnl0SVlpOWJVQmRFdVk5WUNxeFdlOHdOaFUzOG93RFJYZFA3RzZLenRobTVIam9uag?oc=5,2026-09-28
018310,삼목에스폼,2026-09-17 08:43,9월 16일 주식시장 주요공시,catchnews.kr,https://news.google.com/rss/articles/CBMia0FVX3lxTE1qcUdONmNjVTNYcXhfMXctbENvSVpzdU5TWmRqaTZoVGFQekhtUFFnc3RwdGFqNFBTSUktaGtZQkQxcS1pMXFlenVTb3FyQloySlY5WDVDTEJ1UXpuQzJXQXVFYWttTzQxNTBF0gFvQVVfeXFMT3BtT1JXellpdDVmX08ycjNIWkpkT3dib2hUT015NW9DSnlQbmRJZlpkS1RnOFJVYWFCM1EwTjRHTWUtX0piRlZXajVzVF9rNFNsSlVsenQ0V1BjTHBkbVJ0ZWRjcUhEOGJTbDE5eTd3?oc=5,2026-09-28
092730,네오팜,2026-09-17 08:31,"[리포트 브리핑]네오팜, '더마 명가의 자부심, 제로이드' Not Rated - 하나증권",newspim.com,https://news.google.com/rss/articles/CBMiXEFVX3lxTE4yay1zRE5HYlNfZFhKUktRNzZBZUJoVV80dmt6bkhIWFdEWmdyMXREbEhfcnBhb1NaU2ZFLUQ3M1Y2c0RsX2VQSmVxV1RPSElqR2lfNVc3UG4wS045?oc=5,2026-09-28
308430,셀비온,2026-09-17 05:00,"RPT 뜨는데 원료는 해외 의존…K바이오, 생산·제조 인프라 키운다",v.daum.net,https://news.google.com/rss/articles/CBMiS0FVX3lxTE1veTg4Y3g2ckFScU95dk1fanUyNTQ2eTVGNXdMUVo4WWlaRE93YkFiREoxdkpqdVJwcC04UjlHWHlNV3JKdm1vU3ZlSQ?oc=5,2026-09-28
018310,삼목에스폼,2026-09-16 18:50,"[0916마감체크] 코스피, 반도체주 강세에 5거래일만 상승... 6700선 회복 By 인포스탁데일리",Investing.com 한국어,https://news.google.com/rss/articles/CBMicEFVX3lxTE1BQzBlY0Q1a0hHZmc4b1JDVDhJd0ktSVdXQllNRWhjTHFkMjBCQ3BlbVJvRkZmN24tNTJUdHlVR0V4SmZvU05ZNFZNdXNtZTNkWFJfZFJDMlZxbUc3bU16bVVDQ0kyWTB2SnZTRWVvaFA?oc=5,2026-09-28
302440,SK바이오사이언스,2026-09-16 16:00,"SK바이오사이언스, 소아청소년 감염병 예방 최신 지견 공유",뉴스1,https://news.google.com/rss/articles/CBMiYEFVX3lxTE51NFhWTjJkYVdiTEQtUlBHOHQ4ZklnUWF4azdpQXBMY0h3NTZucTFEbmRwUFNQQjZIVU9oMEE5RVkyWTJVZXlwS0xTbE9HaW9SRnY4TjhfcHV1c1ZJb2pQUNIBZkFVX3lxTE15NnRnaHRLZ001NTh6TGlJdlVpTXBtS2VKZUFmWnZqZ3dZa0lacWxzSGZHWkF5Y2V4STA0NVZsbDZYNzRhWmZCZm5ZcjNnLUhXMzR3Y1dQY3lMdVhqWDAteXF4TjJwUQ?oc=5,2026-09-28
302440,SK바이오사이언스,2026-09-16 16:00,"SK바이오사이언스, 소아청소년과 대상 감염병 예방 학술 심포지엄 개최",헤럴드경제,https://news.google.com/rss/articles/CBMiVkFVX3lxTE5MaGUzRVFnS3FXdEZuUWFLUnRjd3ZlTmIyLVBJZlJrR2Vjb2V2eG1YYWxSNUhVN3lmSVM3S1I5emlqYUJ5eG4zVnRrOV83dGJrbFQ0MHJR?oc=5,2026-09-28
302440,SK바이오사이언스,2026-09-16 16:00,[SK바이오사이언스] ‘2026 NEW VISION 심포지엄’ 성료-감염병 예방 최신 지견 공유,뉴스더보이스헬스케어,https://news.google.com/rss/articles/CBMib0FVX3lxTFBYaENNTzZrUC1LTm5ONUxHc0F0ZEV6MmFwNXcwQmJLS0UteFdYSnZjNmpNVFVGMUp5ZHp3MlNIWG0yVm1PaDlQdi12bl9CRG84dEtsQTRuenhMbFl2UUI3aFVBbWxMN3o2ZGlBZzNBWQ?oc=5,2026-09-28
302440,SK바이오사이언스,2026-09-16 16:00,"SK바이오사이언스, 소아 감염병 예방 최신 정보 공유",파이낸셜뉴스,https://news.google.com/rss/articles/CBMiWkFVX3lxTE1EcnF6OUVXTUxSNndaQXRWR09QdWN0ZC1CM29nR1lnMEdBUUVsekpnWHNWYXVxYmRwcjJ5UVR6RXZxQV9GaXdOVi0zUUhfSnFfQ29aV183bHJRZw?oc=5,2026-09-28
302440,SK바이오사이언스,2026-09-16 16:00,"""최신 지견 공유""…SK바사, 감염병 심포지엄 개최",뉴시스,https://news.google.com/rss/articles/CBMieEFVX3lxTE5sWXdDYzhPWWxxd0hWUmhvRGl0LTQ1T1JaWWl6RXZkSVhrTldJbmFGeTNpYVI4Q29jQVVJWFRoUTQyWFgzUVVEY2pEc3N4bzRuSXR1bDNNNUwtaDdhc0pMbVBjNmV6cTkzTmNNS2tSUGxvdm1FNXctTdIBeEFVX3lxTE5sWXdDYzhPWWxxd0hWUmhvRGl0LTQ1T1JaWWl6RXZkSVhrTldJbmFGeTNpYVI4Q29jQVVJWFRoUTQyWFgzUVVEY2pEc3N4bzRuSXR1bDNNNUwtaDdhc0pMbVBjNmV6cTkzTmNNS2tSUGxvdm1FNXctTQ?oc=5,2026-09-28
308430,셀비온,2026-09-16 16:00,"고상백 원장 ""의료 AI, 국민이 체감하는 구체적 답 찾아야""",MTN 머니투데이방송,https://news.google.com/rss/articles/CBMiZEFVX3lxTE5WRVZpN1ZyR1F6NTJVeWZfTHN1VmRHcVFoVnU2dkROa2NkbmIzeWlzS1BTTWw1aGMybkRPaEktRFFQaS00T0xLUWdDNEw4VFA3MjFIWndUeU5WMFpiM3BMVUtrWm8?oc=5,2026-09-28
306200,세아제강,2026-09-16 16:00,"美 상무부, 유정용 강관 상계관세 0% 문턱 열었다…세아제강 관세 족쇄 벗고 단독 질주",글로벌이코노믹,https://news.google.com/rss/articles/CBMiiAFBVV95cUxQRWlZV1RDS1BjWjYtRlR1ZU9GRnFtbzhWcDlTeVQtRF9FYjlvbWtuNTRiR2JOWm9pRks5M2JDcDg0RGEzX3U1czRmRWlKejFUZm1Ic09NUEFfTHYyUENuU3ItOHhnNW5jY0dfOUdFTGxKWkphSDB3ZTJqa0llSmdtNTZjUUZZN3lM?oc=5,2026-09-28
306200,세아제강,2026-09-16 16:00,"세아제강, 美 OCTG CVD 예치율 0% 유지...“관세 영향 제한적일 것”",뉴스락,https://news.google.com/rss/articles/CBMibEFVX3lxTE5nVWc1UFhPT0hQS2NRQTZsd1FWZHk0MThVaWZaN2pRdU1EUEZYMHZUZ09TMVVGMWJQQWxObXJNOTd5MmlpNlFYcjUtZGNoanNFV1lucEdPNW1uRXNkWmh6dF9xUkxFSXM0OEEyTA?oc=5,2026-09-28
001040,CJ,2026-09-16 16:00,"CJ그룹, 하반기 신입사원 공채 시작…채용 규모 4년 만에 ’최대’",연합뉴스TV,https://news.google.com/rss/articles/CBMiZ0FVX3lxTE1tLXBtQnNkZ2lDUi1ZY0syUlgtamJpTjMxQVYzaXNrblVBTm1WRzFEaFpFSnNQM3FrVEx6YTM0dlZ5SXBrWFNjeWdCcWhNTGJDakx4MzBaaTF2djFrT2ZlSjF6X3hzUkU?oc=5,2026-09-28
001040,CJ,2026-09-16 16:00,"CJ, 2026년 하반기 신입사원 공개 채용 시작",CJ 뉴스룸,https://news.google.com/rss/articles/CBMi8wFBVV95cUxPa3lfd0ZzUERaM2F3TFFmT1oyN3o2cTNQMkxjMGhmZTRUbVJjNm9Eck04RzhfdXJqckJHTlBvcmE2eEQzcGUzdGVXcUR1ekxRc1BJamVuX3Y4bVN0ZGt2Y2VVandjWU1LLWlVUkVVdC1ERmFIbkFEV0dNV01ITHJ3WlNJSEtVb1hVSkpLZzMyT2dFcUpEbWtKOWkyYUNaOVgxZTNZUUZ4TTZMYUJYNnpvcHhGOVdXVlVZU201NGZacXhwb0lBRjJiNE5RaDg2QUZhM254ZFdBSjRZblhUaW1sVkVqOTJDSVk5TEV4UmNJUUZwbGc?oc=5,2026-09-28
161890,한국콜마,2026-09-16 16:00,"한국콜마 주가, 9월 16일 애프터마켓 150,200원 3.94% 상승",톱스타뉴스,https://news.google.com/rss/articles/CBMickFVX3lxTE1PWHBndEw0ZzlMLU1TVkNocWRNdTM5OUdEMm1BMThzaUwtVnNfdnF1ZXZ0UGV3dlVlaEM3OTIyMVg3ZzVIYXpOVFgxOVpPaHdPYmhtd3RsV2l5UTRSM2o2d0JLVENXODJsUE04MjFCYWJvQQ?oc=5,2026-09-28
192820,코스맥스,2026-09-16 16:00,"제네셀, 코스맥스와 손잡고 줄기세포 화장품 개발…K-뷰티 시장 진출",팜이데일리,https://news.google.com/rss/articles/CBMibkFVX3lxTFBLZ3F0WUkxdFNSc2NDeVhHWE9rSV9tY05OTS16WklBSUtkdndJYURINDFNaTM5bEpoOExoWnpSVDNhTWVCbE1qODBhQTBxS1dmSG5QTXdOckJrWTgxdzhSZzE5dGFhZjV2TGlJS0JR?oc=5,2026-09-28
111770,영원무역,2026-09-16 16:00,"일본 소재기업, 국내 브랜드 시장 공략 ‘열기’",한국섬유신문,https://news.google.com/rss/articles/CBMiaEFVX3lxTE52TTVlMWpBWTVPbWZrTlU4ZDRjNm5jMldHUVVUaHhPN1JSRlhnOWxRM3JaNFRfTlVpVEZreUN4Rzd0XzExa2hlRTlONzU2Y25IUkJUWVJTWnRlMm1MOG51MW5uSWNJTUxw?oc=5,2026-09-28
111770,영원무역,2026-09-16 16:00,"노스페이스, 기능+활용성 강조한 '추석 선물 컬렉션' 출시",패션비즈,https://news.google.com/rss/articles/CBMiUEFVX3lxTE9Kc1JnM3NrY21GQl8zM3NtZWFqZFA1aDU0aWt0eGdOSldSaFFfRVQ1STFNSXpYaFMtSWhfbXdVTUVNQWJBWkl0SkY5ZERsWDRG?oc=5,2026-09-28
018310,삼목에스폼,2026-09-16 16:00,"삼목에스폼, 간접강제 소송 신청인 전원 취하로 종결",데이터투자,https://news.google.com/rss/articles/CBMickFVX3lxTE1WS3FyRWd5Ti0xXy12NklfQngwZVRfVXpRejQzUVZFS1MwLTYwOVhxdDhFdkdEMi1mUWI0RVJGbWYzS0Q5WmFOWXJic3ZVQkhjWWpmTzd0WXp4dWZYcFROaGlpREJNOUJaSXhlbzZHWmxuQQ?oc=5,2026-09-28
302440,SK바이오사이언스,2026-09-16 14:13,"SK바이오사이언스, 소아청소년 감염병 예방 심포지엄 개최",newspim.com,https://news.google.com/rss/articles/CBMiXEFVX3lxTE5vdVl2cjRpWkprWXNNM3d4WUFSQUNMYVZ2TXZpaFFPZHVkb28zN2NYeGFWMElVWnJJNUc0OUVJQUU0cS1leHFvdFNIN2hOdUtpZHRUb255bEZhdnlu?oc=5,2026-09-28
302440,SK바이오사이언스,2026-09-16 09:06,"SK바이오사이언스, 소아 감염병 예방 최신 지견 공유",메디파나뉴스,https://news.google.com/rss/articles/CBMia0FVX3lxTFBCOGNWQjg0SWZoNUk2cHNmNXl5NkM4WUhwT3VkMkZjYWEzNVY2ZVlfZ1FaS1hzd1Y0YnU0cjhEdVExTE9DcHVzS196NWJjMXcwV3FDVXNqQjF1RkpJcmpWcmpCQlpkMHNoTTNj?oc=5,2026-09-28
302440,SK바이오사이언스,2026-09-16 08:25,"SK바이오사이언스, '2026 NEW VISION 심포지엄' 성료…RSV·수막구균 예방 전략 공유",한국경제,https://news.google.com/rss/articles/CBMiWkFVX3lxTE9mQTBhTHpFZ0t5Zjl0YVl3amt0V2lKeHJ2MkhiN2t5eUpNSXpVa2MxZkZUSUVUT1VEc2c0RWZIdVNKc0xORTZqRnZRZVZKSG81S1lWUExjSG1CZw?oc=5,2026-09-28
302440,SK바이오사이언스,2026-09-16 08:14,"SK바이오사이언스, ‘2026 NEW VISION 심포지엄’ 성료",매일일보,https://news.google.com/rss/articles/CBMiZEFVX3lxTE4yR3IxRzJHRnRMU1RZZ1N2Y3d2cEFpdGxEdHZsVm9nUFdRX25PYm5uT3NzT3FCUXhRSzQyck5uYk5qM0FfTF9KeFB3TEtBcGZuSVNqVHpGZktNRUlrLXdjUHZWUU_SAWhBVV95cUxPUi1zN3R3MHJveTVYYV9FLU5MUGlIbk44ZkdPcjJBdnVaS2tKNGhRQ1BuMUhsdXl6WThYWDNrcU1pcC15RDN6QXhiTXJkY3VCUGF1b3pWMzlPWmZuWjU5bUM4Tll1SUdCdg?oc=5,2026-09-28
308430,셀비온,2026-09-15 16:38,"국산신약, 올해만 벌써 3개…‘45호’ 주인공은 누구?",뷰어스,https://news.google.com/rss/articles/CBMiWEFVX3lxTFB6Q0VWSkZHY3BIQkg3QmcyUnh3Z19GVFMwUU1ZRkFPNlZZb0tjRTZ4NW5lWjlfWDNMcWdvQk90aGNqMkR2RUcyNnNHWWFodFVjU2ZhOFhxZTQ?oc=5,2026-09-28
308430,셀비온,2026-09-15 16:00,"셀비온, 저분자 넘어 펩타이드 방사성의약품으로 개발 영역 확장",v.daum.net,https://news.google.com/rss/articles/CBMiRkFVX3lxTE96SVpNVVg1YTRtazhTZk01T1BuNFVHZGtKZDRHT19SMmFQSkRobENDLUgydmtnd2hmWjY5enpyT0c4Zk9WQXc?oc=5,2026-09-28
241710,코스메카코리아,2026-09-15 16:00,"코스메카코리아, 국내 용기 자회사 흡수…반년째 이어진 계열 재배치",v.daum.net,https://news.google.com/rss/articles/CBMiS0FVX3lxTFBFeUdLLUhldGlHT3psWk10R0psZF9sdlNuT2ZLZWItNXp3RmhzXzl0czdPbGliX0U0WG1XRElsTjNzeGp5YVNQNGg0Yw?oc=5,2026-09-28
031430,신세계인터내셔날,2026-09-15 16:00,"신세계인터내셔날, 뉴욕 로맨틱 감성 '씨뉴욕' 국내 첫 공식 매장",v.daum.net,https://news.google.com/rss/articles/CBMiVEFVX3lxTFB1eG9aaVNHU2tBUHczTUNYVE5DYUZERlV1Qk5ldlBaWllpNUFDbGxhZ204VENzNC1XQnNCMVZ3RF9QQTJBNV95Ulh4T3RHSUQzNXdhMg?oc=5,2026-09-28
031430,신세계인터내셔날,2026-09-15 16:00,"신세계인터내셔날, 美 ‘씨뉴욕’ 국내 첫 단독 매장 연다",매일일보,https://news.google.com/rss/articles/CBMiZEFVX3lxTE42TlRxbjVYOTFkZUI5em1NYzNjTTNDOVBXMmFsMXRadHRITEY3RFJkUDJ5TkxabE1nZWNkaGlYUmFqbi05WF82MEFuZXI3WVJiOVNOX1A0VUs4TWxTcEVhanBNdmbSAWhBVV95cUxNTnVzcFFuSi02THhXdzlNbXJzOXVXb0t0WjJMa0JoeW9MdFBnVGFwS242bjctWS00NHpzVzhsQU5XdTFmZE8taWUzcGZRZTZWU3RKMFBKQlhHMHA3ZWNmQlFLRTJCVDhDTQ?oc=5,2026-09-28
031430,신세계인터내셔날,2026-09-15 16:00,"신세계인터내셔날, 신세계 강남에 '씨뉴욕' 국내 첫 단독 매장",연합뉴스,https://news.google.com/rss/articles/CBMiW0FVX3lxTE9YRzJoMWIwaFUwOE5rOUlUeTBWbTZ6VjZIR2gyWUozUjFQb2d2YVA1S2t1cHZDeEUzajNJeG03eDdUNGNhWnhSOWJzcUVkRE5SdS1KdjVsT0M1NTDSAWBBVV95cUxQMWhLa2o4NE5xQ1duZXZJeHh5OFg4OWdqSG9kcURZdDhzWTB4dTVyY2ItY3lvSXJpUGVkWlhGQ3FPeWtzV3N6QjVqaElQRDc5bnpNMVZacmw1Q2JnTDBRTXE?oc=5,2026-09-28
031430,신세계인터내셔날,2026-09-15 16:00,"'로맨틱 뉴요커' 씨뉴욕, 한국 상륙…신세계 강남서 첫 단독 매장",한국경제,https://news.google.com/rss/articles/CBMiWkFVX3lxTE5GRDJqODNTMUQ1cGNGZ2NYWjgyWmYyRkdxMnRHaWJ1ckhUcW9adVV5dWNWbE8xZWxSWFBWUF82Z1BkQ0V1cUlWV1BIQUVOQjFTcUFFWGVKYlN6Zw?oc=5,2026-09-28
031430,신세계인터내셔날,2026-09-15 16:00,"""뉴욕의 로맨틱 빈티지가 서울에""…씨뉴욕, 국내 첫 매장 오픈",v.daum.net,https://news.google.com/rss/articles/CBMiS0FVX3lxTFBtdzVnVlBia1NJMVdfTl9oVFkwU0QzVE5fQTV4eDhBMWVQWHNobzYybDRaTHBBd0l6NGJLVi1ENlZHcWw4WEt1LTh5cw?oc=5,2026-09-28
161890,한국콜마,2026-09-15 16:00,"[오늘Who] 한국콜마 노조 설립에 대응한 전문인력 채용 돌입, 윤상현 고성장 걸맞은 '노사관계' 정립 잰걸음",비즈니스포스트,https://news.google.com/rss/articles/CBMic0FVX3lxTE9maFBXV0VPWEliY1BESy13LVJuQnNXTlBvMlJhLTR4RV9mbktPR0FqaHR4blpXM2pFOHdJbk1QeUhRVzdYVm5QcnR4Q2l6dDFncnNLb2NRTjUwdXBhUHdZMEpJTTZXTk9icExFRGNLWXNoZnc?oc=5,2026-09-28
100840,SNT에너지,2026-09-15 16:00,"SNT에너지, LNG집단에너지사업 HRSG 성공적 공급",경남도민일보,https://news.google.com/rss/articles/CBMiakFVX3lxTE9NUHdYMkRVUEZ0Ty03MnNZMjItVktWM05JbWQtQUN5TzZLYi1SSmJGTzc3em91VG5DODhIMFA1REN1RktRcUFYWDAxQ3lNX29ORnUxbTRRM1JlNUlfYVVyc2lsN2daemVqSGc?oc=5,2026-09-28
031430,신세계인터내셔날,2026-09-15 08:40,"'뉴욕 로맨틱' 입는다…신세계인터, 씨뉴욕 국내 첫 단독 매장 오픈",v.daum.net,https://news.google.com/rss/articles/CBMiRkFVX3lxTE1wVE5CLVdYMFJxMlp5WWdwa1pLT1FGTFBMMWgtTEF1S21DNW1Yd21VdUdpLVZta1FUSEZoOUFYVGJaaldVZlE?oc=5,2026-09-28
419530,SAMG엔터,2026-09-15 08:09,추석 연휴에 티니핑이 판교에 뜬다…24일엔 위시캣까지 함께 퍼레이드,creatorjournal.co.kr,https://news.google.com/rss/articles/CBMic0FVX3lxTFBIa3h1UEFtZVBsLUJpd19OalJmV0VITnB1elR0RmZQOE9xekkycXNsRG05QU9nRDhjSUl3NXkzVWVSQy1QWDc1akVtZFlwb012bmtWaUdiT3k1ZnZjQjhTZ2lOSm12aDl0MDRmOTJ1eHRJYTA?oc=5,2026-09-28
004490,세방전지,2026-09-14 17:35,"세방전지, 자회사 세방리튬배터리에 600억원 대여 결정…북미 ESS 시설투자 자금 지원",디지털투데이,https://news.google.com/rss/articles/CBMie0FVX3lxTE1mUEh1QU95VnJHc1BFYURuVGEyMjFiSFhNdVhLcXQ5M0lYb0FFcW5fb1JDZExMbkZVOTdzajZ0U0JUU3N0VWI2b1c1N3NtTjJHYzgwRndtck9hVXd3ZzBPaTVOekt1VUdfWWhfOGwzQUI4QjFxMXlXNS1Pbw?oc=5,2026-09-28
265740,엔에프씨,2026-09-14 16:31,"[뷰티 강소주 조명] 엔에프씨, 원료에서 ODM으로…클렌징밤 7년 결실",bloter.net,https://news.google.com/rss/articles/CBMiaEFVX3lxTE1qc2ZPY1ZXSjllSlNWTVVtWkZZTDJaMlBGS3ZnVEdIRWRRQ1U0MDdtbWZ4eUhCRUxXcXZnR3ZNUU80UkxORGltTUQ1bngyVFlDOFBwaUplYVNXcEc3YVlxaXlnbkN0Sk9C0gFsQVVfeXFMTUJlRy1meHJ4LUJNcnJNZWNSbktLZFB5ZjBlODc3ZU9fWG11RlU4SHpKMUNsaVE4U2pSc1psWDcxRDllMkNYWjVZZ1Q3T2ZzNVkyend4ZlRaTU9mYlh1THJLTnhrWXhucEl5Z2VF?oc=5,2026-09-28
302440,SK바이오사이언스,2026-09-14 16:00,"SK바사, 국민성장펀드로 R&D 부담 줄어…흑자전환 정조준",비즈워치,https://news.google.com/rss/articles/CBMib0FVX3lxTFBianNDbFlGem1HWm1OZlI2TjVZT3pCQU9Jc3NiWVh4dkZGeXNZSkxhOEdqdkZlM1NEZVVDUWpMNkVZVERSa3JhSzNnRGpaTUlVQUN4bUtBQm5FV3puaTVjS3l2SjZoZnAzVWphWmQwRQ?oc=5,2026-09-28
308430,셀비온,2026-09-14 16:00,"셀비온, 산업부 ‘AI 기반 PRC 개발’ 국책과제 선정…차세대 RPT 정조준",팜이데일리,https://news.google.com/rss/articles/CBMibkFVX3lxTE4xNHo3Q1J5a3paRE9QLVZFZzBNeEZUSE5qSzBDczdJTnVwZ21pZS14RHRrTzloaklndjhTRW84V0FSbEZoRGZiLW80ZVRZTWhhQkRwSVRBRVlVY3hjc0lfRU1HR3RzNDJnSlhleDN3?oc=5,2026-09-28
308430,셀비온,2026-09-14 16:00,"셀비온, 바이오헬스분야 연구개발사업 신규 지원 대상과제 선정",서울경제TV,https://news.google.com/rss/articles/CBMiZEFVX3lxTE1DN0pISE5BZXQ4RVo3UnROZ1R4cHl3amo4LTV6eFdoQ1ktM0RwMnVHUnFBaV9sWi1EUDRhVk9YR3NiaFVCRTYtNHA0aGJkSHoyaEU3dDdUTUVkVFhiLUN5Y2tuSW4?oc=5,2026-09-28
241710,코스메카코리아,2026-09-14 16:00,"코스메카코리아, 美 ODM·포장 지배력 강화…자회사 흡수합병",newspim.com,https://news.google.com/rss/articles/CBMiXEFVX3lxTFBrOE1NYkJNU0ZPdzdFalp6OXhCUzN5eUNpcEV2d3hNMHpuZmdNYW5RTTBfY0o4UkRyNHhjcVVMRU5ndUIwLVczQWZrdm8xNlk1clEtY3F1UzhESzZu?oc=5,2026-09-28
241710,코스메카코리아,2026-09-14 16:00,"K-뷰티 주문 '폭주'…화장품 ODM, 일제히 생산시설 확충",v.daum.net,https://news.google.com/rss/articles/CBMiVEFVX3lxTE1kczNCb0lRa1Vpc0dhdlBGcE5PVEhTSmhYeWw2WUZWS0FzVTI1OFhLbmVMTGdmZWJKd1NQa1V4dlh6LXc1Vm5lTk1GckVXd0drQVlXcw?oc=5,2026-09-28
419530,SAMG엔터,2026-09-14 16:00,"SAMG엔터, 티니핑월드 인 판교·로열부티크 시즌 이벤트",edaily.co.kr,https://news.google.com/rss/articles/CBMigAFBVV95cUxQd3B5cWJYeG85NU5VeTJ0c2RHRXJ1R0tVbktjYnJaWlg5OFVLQm52cko1T3ZOOHJKQXdQck9wWDQ1RUpBLThjd2xPd05xSWdxTW82WGF3MnVqdEQtd0Q3X2F1XzZSNDBpTDNtM2JZcUt2akk4QS1TMGZwb3pvb0R1TQ?oc=5,2026-09-28
419530,SAMG엔터,2026-09-14 16:00,"SAMG엔터, 추석 맞아 티니핑월드·로열부티크 시즌 이벤트",asiae.co.kr,https://news.google.com/rss/articles/CBMiYEFVX3lxTFA0THA1SWdQRkktUzBQUEMxLWlEbXVVLWk4a1dGc1UxQ01aMVFRVXluRE9BTk0tRmpNMklTRUs2R2J6SVFoazNadUNPeHF6QmRQWUFIRVV3amw2Mi1kZF9XZQ?oc=5,2026-09-28
122870,와이지엔터테인먼트,2026-09-14 16:00,"와이지엔터테인먼트, ''G, Tae, 대성이'와 '저연차 IP'들' 증권사 발표에 강세",매일경제 마켓,https://news.google.com/rss/articles/CBMiUkFVX3lxTE1vSVQtalNxVzdQTVJCVUxwQjRuNHlSN3RPa09ILXE4X2F0TFAzTU1xSERmZlhwRDhaUlZFc2hmaDVkaDVaRmd2blZqd1FXdkExSEE?oc=5,2026-09-28
122870,와이지엔터테인먼트,2026-09-14 16:00,"[리포트 브리핑]와이지엔터테인먼트, ''G, Tae, 대성이'와 '저연차 IP'들' 목표가 60,000원 - 상상인증권",newspim.com,https://news.google.com/rss/articles/CBMiXEFVX3lxTE4ydnBvNkdtenF0aXdDdzlLam0ydFgxeDVVZy05dTdKZGgtX3JrS2FMMWhRc1lUZlVZc3lsT0swbEJXaV8zMVZGcVptVFFEcUtwcHpPLTdNU0EtcXFF?oc=5,2026-09-28
257720,실리콘투,2026-09-14 16:00,"[리포트 브리핑]실리콘투, '이번 역은 유럽입니다' 목표가 58,000원 - 상상인증권",newspim.com,https://news.google.com/rss/articles/CBMiXEFVX3lxTFBkTGdPVGhTTUllNnJwYzNRd1Fpa1FIWnhSMXdNYWY0MDhkdDBJZzctcWlWaDNpUS16Q3Y3ZWhzUjIyZWxOWXlHamp5RFNkekZ5LXRURjRQZ0d3MklX?oc=5,2026-09-28
257720,실리콘투,2026-09-14 16:00,"실리콘투 주가, 9월 14일 44,900원 3.22% 상승",톱스타뉴스,https://news.google.com/rss/articles/CBMickFVX3lxTFBURXRrcG45bGUwV0Frdy13Y2xvakQzb2gzdDIxYWhkSzQwdGZfczNPSVkxaUpDcW5EYmROY05KOFNfMmhHQ00yOG9QVUdkM3EtR0xxUndKaDZYNmVBeTBoN0N0SmN3d2tsM2xEVWJGb18zZw?oc=5,2026-09-28
257720,실리콘투,2026-09-14 16:00,[코스닥 기관] 알테오젠·에코프로비엠 던지고 실리콘투 집중 매수,pinpointnews.co.kr,https://news.google.com/rss/articles/CBMic0FVX3lxTFBBTTZkYjY5NWpsd1RkMWdwSzM5VmFkamxWUHh0NzJsVFp0SzQ5aHotbFpBLUQyS25rT3Q1NjJvYVQ0cGdfSVRBcHlNV19ZWFlObGIzTFFQMDhEeFpxdzRzcWdWOGRMNlRqTEE3RXl1Y3Azd2vSAXdBVV95cUxNakJFbnRtU2Y5WVJVNTM2X2pTTW16UjZBZkItVjMtQW14ZjFVMlppM01ldkstMlFHZjRwc1JqbnFGMFNTdjJ2Q0hYcGFiZDB1Z01jTTRCWVU0OEpXcktKVkVVTkE2cWlSZ2ctZUE1UnUzSExaWVdqVQ?oc=5,2026-09-28
257720,실리콘투,2026-09-14 16:00,"""외국인은 쓸어 담는데 임원은 팔았다""…두 달 만에 87% 뛴 'K뷰티株'",v.daum.net,https://news.google.com/rss/articles/CBMiVEFVX3lxTFBBNlFvakRlc3VDampyVlQ0amNTbXFjRUxVMnZTemY3MWE0OERIU3UtVkFyOEo2TmJRRTdWaHFvXzB6NzloaW1jYkcxX29UZnl1QUVFLQ?oc=5,2026-09-28
257720,실리콘투,2026-09-14 16:00,"“주변에 잘 팔리는 물건, 그 기업을 사라”…K뷰티, 남미·중동시장 공략 속도",매일경제,https://news.google.com/rss/articles/CBMiVkFVX3lxTE9pN1ozd3hndEpWcUlHSXdVTzk0cGhUaVExS3dnby1LZmZ6ZTBNMVRWcUVvR3NPRm5qenBEZFdVMmRrZmxwS2liZVgxTm0zbDhLVnVmNl9B?oc=5,2026-09-28
161890,한국콜마,2026-09-14 16:00,"[리포트 브리핑]한국콜마, '늘려도 주문이 찬다' 목표가 170,000원 - 상상인증권",newspim.com,https://news.google.com/rss/articles/CBMiXEFVX3lxTE9xT0x5Y1pISmdERUh6Y3FpTjAzbjRkR1RJRTUzajhTSFV5b3BqTWdDSGZLb0o3ZFNuRHNQdEIwLUlVaVEyUEpndHB1TGRuekZZZUlwYzVvcUc3eXlj?oc=5,2026-09-28
161890,한국콜마,2026-09-14 16:00,한국콜마 '늘려도 주문이 찬다' 증권사 발표에 강세…4.53%,매일경제 마켓,https://news.google.com/rss/articles/CBMiUkFVX3lxTE5QcXM2cldLbmdCaUV2N0JlbnlwR0dpY1BZUzZhRjJuX1NEUHVwLUs4eENoWlRCdWQ0MF9BT2JBVDhTUFJvN0FlYnZNY09rZTRWQ2c?oc=5,2026-09-28
100840,SNT에너지,2026-09-14 16:00,"SNT에너지, 대산 LNG집단에너지사업에 HRSG 공급",중앙일보,https://news.google.com/rss/articles/CBMiVkFVX3lxTE5UVUhZdFc2WU4yczQ1WTZuVTRrSDM4NUJlRnp1NkRja3ZPU0FyNmhTZTRLWVl6Y1J3NUVsb0lFalN5aVBmb3R6MEU2OGVrYjJseXJkOXp3?oc=5,2026-09-28
100840,SNT에너지,2026-09-14 16:00,"SNT에너지, 충남 대산 LNG열병합발전소에 305억 규모 HRSG 공급",연합뉴스,https://news.google.com/rss/articles/CBMiW0FVX3lxTFBoSER2WlhXWGRXdGh2MFNqNlhwc1BMVnhLc1FaNkN1THc2RVBwNlA0RW80NW9vRHhzOVByMkFZSkdJU1ZESFRjTVZNU1hDcldDMW43VnE2VEZFTGfSAWBBVV95cUxOeVZ2S0ZEOGY4Z2p4cmg3Z3lEZnpvbDk5dGg1X0I1Z2VVRXNWM0I0cDJiek12aEJuaTAzb3VIaGhnMGxPMUN6TTlRVy1QT2Z2MnhUNWFNRVNyTkw2cU5YTUI?oc=5,2026-09-28
100840,SNT에너지,2026-09-14 16:00,SNT에너지 대산 LNG집단에너지사업 HRSG 공급 완료 - 머니투데이,머니투데이,https://news.google.com/rss/articles/CBMiakFVX3lxTE5kZFg5LTlPS21lbkY4MVZkNEZkbXRhdkQ5TnFTLUI1U3p2MG53SjFhcjhvRENwVUFma29qZEZ4SzhaMEFtMjR6bklKUGdDa1lHSUxsMTF4UkktX0IwV0Z1NFFSV1hPbGdEZEHSAW9BVV95cUxQcm1pa3ZOSnZLSVhlWjJHUUQ1QU9peV9vYWRpTllfeXk2VjF6OTNadEc4MWtfWFZoOFpWZDBMeUVYS2YxdFhWajgwNkh5RkMyWjFkd0NFQWIzckFRZWd4eXN4TFhqb0FOZmktbWNOYTA?oc=5,2026-09-28
100840,SNT에너지,2026-09-14 16:00,"SNT에너지, 대산 LNG집단에너지사업 HRSG 공급",한국경제,https://news.google.com/rss/articles/CBMiWkFVX3lxTE9ORlFWaVZJTGhfSC1mSU1DWDlVYzR3cFVUTFlNVk40RHRxZXNyc1dadUpONmZ0VUFkMWZCczgzUHF5RGV0WUdKdDBLN0VFUzFzZHNheWtHSGdSdw?oc=5,2026-09-28
100840,SNT에너지,2026-09-14 16:00,"SNT에너지, 대산 LNG 발전소 준공…글로벌 HRSG 시장 입지 확대",서울경제,https://news.google.com/rss/articles/CBMiUkFVX3lxTE82OTdrYXp5OHRDZXoyT25mVG9QVkJiUkhDemtwbzBDVkdmTkd3cy1xR3lTUHFhbWNVa1BKV2JESDFWMl81Q3pLcFlCRE5GbThmLUHSAVNBVV95cUxOSWVySFp4RnhNN2NwTEhEYmlxQ1NqaHpjNzhGVGZUbGtFRy1JTDNQNzRETW9RMGxsQW5aUnR2a2NGa2RhdVZpUWgzRF9weklYRmJkWQ?oc=5,2026-09-28
100840,SNT에너지,2026-09-14 16:00,"SNT에너지, 대산 LNG 사업에 305억원 규모 보일러 공급 완료",마켓인,https://news.google.com/rss/articles/CBMic0FVX3lxTE5MSXRrMDNlcFdCc1lZMDV5LWgta2xaY1BIdEJheUJLRlI1aEpSbFItc1N3RDZwa2p5c1pCcTZHMDJqbmlRaFdvWUx5R2xVNUpaQ29BNUcySTQwUWtuT243bDN6dzAxMUl6WW1zTTU5SjFDZVU?oc=5,2026-09-28
100840,SNT에너지,2026-09-14 16:00,"SNT에너지, 305억 규모 대산 LNG집단에너지 HRSG 공급 완료",이투데이,https://news.google.com/rss/articles/CBMiVEFVX3lxTE1TSmQyNml4dUp3SEtDeHM4NzFLUnhnZ1NzXzRpU3lrbkp0a0VySFgzQVdRclhPeU4tVzF4LThMdENCQUhKbV9RaG12MzZuYjUxSDdqQQ?oc=5,2026-09-28
100840,SNT에너지,2026-09-14 16:00,"SNT에너지, 대산 LNG집단에너지사업 배열회수보일러 공급 완료",국민일보,https://news.google.com/rss/articles/CBMiZ0FVX3lxTE83MWZFbGh6d2xGVEZCUHdQMmNpamlidzI4dV94RlkwTDd0QmxaaVJBZGdnNElfSlh6M0pTc0NkWTBRSzVWNEtvUzRrMjlZZ1dYRVd1V1EtendNdkRpbzc2eWxORFBnNjDSAWxBVV95cUxNdXROZDZmMzNaUUp4d2Rad3hvYVl2ODdSbzg2VG9PMlB2dXU0V1RiaDhCY2tJaWlVZDgzZjlvYXJKV0EteUlhOWFPTHRqWW1abUo2T1JuZjgydEhad1IxZUtoNGdYeUpnNDg5Z2k?oc=5,2026-09-28
004490,세방전지,2026-09-14 16:00,"세방이의순재단, 전남광주통합특별시 지역아동센터 10곳 환경개선 완료",v.daum.net,https://news.google.com/rss/articles/CBMiRkFVX3lxTE9uYU5Sa0k1azFiemxIYlVJOTFMR05wemcxTlA2UlQ0RlhGdU05dzNadmktaXJKTGFEenlmeDNXU0l6N0FFRGc?oc=5,2026-09-28
086450,동국제약,2026-09-14 16:00,"'인사돌부터 메모레인까지'…동국제약, 추석 맞아 가족 건강관리 제안",v.daum.net,https://news.google.com/rss/articles/CBMiT0FVX3lxTFAzT2k5c0h2VnRWeExYTzQ4NDc3dXM3cXlsSURxbWVMdVhnRUNJTDJLeHlYWC1lV2VfazdiN3htdnEyei1MRHdJaEFDX3ZWUnM?oc=5,2026-09-28
265740,엔에프씨,2026-09-14 16:00,"코스메카코리아, 美 ODM·포장 지배력 강화…자회사 흡수합병",newspim.com,https://news.google.com/rss/articles/CBMiXEFVX3lxTFBrOE1NYkJNU0ZPdzdFalp6OXhCUzN5eUNpcEV2d3hNMHpuZmdNYW5RTTBfY0o4UkRyNHhjcVVMRU5ndUIwLVczQWZrdm8xNlk1clEtY3F1UzhESzZu?oc=5,2026-09-28
241710,코스메카코리아,2026-09-14 14:54,"코스메카·에이피알, 자회사 흡수합병…'경영 효율화' 박차",뉴스토마토,https://news.google.com/rss/articles/CBMiYEFVX3lxTE9uZjI4QmtIWl9MVVYtSXdhQW00NVR6NWNBUlVmOUc5bV9sNEdBR05tSlJQZWI5blBNNnpqOUJJODJ4V1FhVlYyQXNzczN0QnRLMmdHTTZPWms3SHlzYXJpZw?oc=5,2026-09-28
265740,엔에프씨,2026-09-14 11:06,[특징주] 수출 호조에 화장품株 동반 강세…아모레퍼시픽 5%↑,newspim.com,https://news.google.com/rss/articles/CBMiXEFVX3lxTE4tNWZILXJaV2dGVktkTFhWU3Y2UEp6bzRMeERwQmR3NEFBNkR1TXBrZzNVTzduSmZGelliZVhtZUwxWUpmQ2dNcjYwMVY3Y2VLUWRPckc3MUR2Qkg4?oc=5,2026-09-28
