ticker,company,roic_sg,roe_sg,ev_sales,ev_ebit,ev_ebitda,per,pbr,sector,industry_group,industry,primary_industry,sic_industry,price,mcap,ev_fcf,ev_sales_src,ev_ebit_src,ev_ebitda_src,per_src
A366030,Nine & Company Inc.,-0.00013469498050391882,-0.01450469498050394,1.57059797036591,10.8567310960895,8.91031863106161,11.7549029736842,1.48661717041955,Consumer Discretionary,Consumer Discretionary Distribution and Retail,Specialty Retail,Apparel Retail,Nonstore Retailers,5550.0,125728.8675,,LTM,LTM,LTM,LTM
A177900,3A Logics Inc.,0.6403344294339357,0.6090324294339357,1.43586335016393,6.73751264307692,,7.41727941176471,0.807798671192447,Information Technology,Semiconductors and Semiconductor Equipment,Semiconductors and Semiconductor Equipment,Semiconductors,Semiconductors and Related Devices,3815.0,36729.293999999994,,2026E,2026E,,2026E
A394800,"3billion, Inc.",3.092409375877778,3.079710375877778,15.3008423670744,,,,7.70075250927488,Health Care,"Pharmaceuticals, Biotechnology and Life Sciences",Biotechnology,Biotechnology,In Vitro and In Vivo Diagnostic Substances,5330.0,169614.20749,,LTM,,,
A060310,"3S KOREA Co., Ltd.",-0.2826425494987715,-0.2863475494987715,2.16316619578628,,,,1.33050493097986,Information Technology,Technology Hardware and Equipment,"Electronic Equipment, Instruments and Components",Electronic Equipment and Instruments,"Industrial Instruments for Measurement, Display, and Control of Process Variables; and Related Products",1069.0,56720.11376,,LTM,,,
A389140,4by4 Inc,-0.15534567530073914,-0.2453206753007392,1.90402019571385,,,,1.89390898726255,Communication Services,Media and Entertainment,Interactive Media and Services,Interactive Media and Services,"Computer Programming, Data Processing, And Other Computer Related Services",4825.0,68851.47137500001,,LTM,,,
A312610,"A.F.W Co., Ltd.",,,,,,,,Consumer Discretionary,Automobiles and Components,Automobile Components,Automotive Parts and Equipment,Motor Vehicle Parts and Accessories,357.0,7231.709016,,,,,
A174900,AbClon Inc.,-0.22237595326338855,-0.27269695326338855,107.75268465299,,,,11.18323162739,Health Care,"Pharmaceuticals, Biotechnology and Life Sciences",Biotechnology,Biotechnology,"Biological Products, Except Diagnostic Substances",27350.0,545690.72815,,LTM,,,
A036010,"ABCO Electronics Co., Ltd.",0.11751965211770064,0.11371765211770063,0.379609261216574,5.83226069604877,3.35602001643571,8.36723795038566,0.784622238971993,Information Technology,Technology Hardware and Equipment,"Electronic Equipment, Instruments and Components",Electronic Components,Electronic Components And Accessories,6820.0,90657.80988,,LTM,LTM,LTM,LTM
A203400,ABION Inc.,-0.32522204968699325,-0.44917704968699335,51.0814858591796,,,,0.984464843316515,Health Care,"Pharmaceuticals, Biotechnology and Life Sciences",Biotechnology,Biotechnology,"Biological Products, Except Diagnostic Substances",676.0,60908.481503999996,,LTM,,,
A129890,"Abko Co., Ltd.",-0.012901756402132702,0.028761243597867303,0.740753884133325,30.9088426424312,21.2144108911672,6.47504189950696,0.803892208903335,Information Technology,Technology Hardware and Equipment,"Technology Hardware, Storage and Peripherals","Technology Hardware, Storage and Peripherals","Computer Peripheral Equipment, not elsewhere classified",1029.0,46866.424458,,LTM,LTM,LTM,LTM
A298380,ABL Bio Inc.,-0.22280274498401054,-0.11221474498401052,50.6719611513483,,,,26.9378000056052,Health Care,"Pharmaceuticals, Biotechnology and Life Sciences",Biotechnology,Biotechnology,"Biological Products, Except Diagnostic Substances",75200.0,4210257.2176,,2026E,,,
A078520,"Able C&C Co., Ltd.",0.164090764016725,0.18857376401672502,1.16039309268618,11.1844252092738,8.93980593672041,12.0097865046452,3.55218652492015,Consumer Staples,Household and Personal Products,Personal Care Products,Personal Care Products,"Perfumes, Cosmetics, and Other Toilet Preparations",11120.0,286050.42408,,LTM,LTM,LTM,LTM
A102120,"ABOV Semiconductor Co., Ltd.",0.02947496818492931,0.015922968184929307,0.820967948467888,19.6022103621513,6.81610503166795,13.4383694686639,1.02239957228691,Information Technology,Semiconductors and Semiconductor Equipment,Semiconductors and Semiconductor Equipment,Semiconductors,Semiconductors and Related Devices,7130.0,117636.11602000002,,LTM,LTM,LTM,LTM
A195990,"RootK Co., Ltd.",-0.4688466403817747,-0.6346866403817747,1.04193806486717,,,,0.354942926920799,Industrials,Capital Goods,Machinery,Industrial Machinery and Supplies and Components,Metalworking Machinery And Equipment,1339.0,21801.995683,,LTM,,,
A003800,Ace Bed Company Limited,0.08842548855826401,0.11462648855826402,0.465420141216321,2.77408470372,2.25448580569746,5.56700746435201,0.446531804494621,Consumer Discretionary,Consumer Durables and Apparel,Household Durables,Home Furnishings,Household Furniture,32200.0,339933.629,,LTM,LTM,LTM,LTM
A088800,Ace Technologies Corp.,-0.30967549417654017,-0.4616584941765402,1.25925835248898,,,,2.22575280457576,Information Technology,Technology Hardware and Equipment,Communications Equipment,Communications Equipment,Radio and Television Broadcasting and Communications Equipment,1796.0,135609.555464,,LTM,,,
A0007C0,Acryl Inc.,,0.4636896578994487,4.71174914859813,56.0174621,17.0900731830508,22.5437415881561,3.11625376926544,Information Technology,Software and Services,Software,Systems Software,Prepackaged Software,15640.0,125594.26736,,2026E,2026E,2026E,2026E
A052790,"Actoz Soft Co.,Ltd.",0.09808349640315403,0.07943449640315403,,,,1.16089253878119,0.157076081085596,Communication Services,Media and Entertainment,Entertainment,Interactive Home Entertainment,Prepackaged Software,3785.0,41349.410395,,,,,LTM
A290740,"ActRO Co., Ltd",0.12794528998670862,0.1092332899867086,0.169001692008114,4.12464525544554,2.28895148791209,6.73241852487136,0.853906220793569,Information Technology,Technology Hardware and Equipment,"Electronic Equipment, Instruments and Components",Electronic Components,Electronic Components And Accessories,7440.0,71211.7368,,2026E,2026E,2026E,2026E
A179530,"ADBiotech Co., Ltd.",-0.39046487716880074,-0.36021787716880077,5.9250327180579,,,,3.2026918845635,Health Care,"Pharmaceuticals, Biotechnology and Life Sciences",Pharmaceuticals,Pharmaceuticals,"Biological Products, Except Diagnostic Substances",2535.0,68319.007965,,LTM,,,
A397810,"ADforus Co., Ltd.",-0.07850825650315582,-0.08028225650315583,0.0899429900884889,1.24696029616567,1.01049767471617,,0.842240338915577,Communication Services,Media and Entertainment,Media,Advertising,Non-operating Establishments,7250.0,29300.896749999996,,LTM,LTM,LTM,
A200710,"ADTechnology Co.,Ltd.",0.5833404088406068,0.5810474088406068,1.44431696953461,15.9875259354978,10.5517671174286,13.4908911866076,2.59697055273755,Information Technology,Semiconductors and Semiconductor Equipment,Semiconductors and Semiconductor Equipment,Semiconductors,Semiconductors and Related Devices,25150.0,326342.0239,,2026E,2026E,2026E,2026E
A121600,"Advanced Nano Products Co., Ltd.",0.341588456610465,0.336551456610465,3.52365571854931,41.3427684243769,22.6006988926491,72.1644368369571,2.30278865647142,Materials,Materials,Chemicals,Specialty Chemicals,"Abrasive, Asbestos, And Miscellaneous Nonmetallic Mineral Products",46800.0,563316.858,,2026E,2026E,2026E,2026E
A265520,Advanced Process Systems Corporation,0.428011921292504,0.42582792129250396,0.329699783536,3.14068326543788,2.79935417944787,5.41883456396724,0.787461314651305,Information Technology,Semiconductors and Semiconductor Equipment,Semiconductors and Semiconductor Equipment,Semiconductor Materials and Equipment,"Special Industry Machinery, not elsewhere classified",18940.0,279356.17396,,2026E,2026E,2026E,2026E
A018250,"Aekyung Industrial Co., Ltd.",0.03443098036083084,0.04961398036083084,0.244236912193585,12.0115886994806,5.20756436999382,11.9460147899797,0.69640354644032,Consumer Staples,Household and Personal Products,Household Products,Household Products,"Soap, Detergents, And Cleaning Preparations; Perfumes, Cosmetics, and Other Toilet Preparations",11230.0,282912.53864000004,,LTM,LTM,LTM,LTM
A161000,"Aekyungchemical Co., Ltd.",-0.01845874105781361,-0.006351741057813612,0.641840894524056,,27.3970518777849,,0.635439573118303,Materials,Materials,Chemicals,Commodity Chemicals,Industrial Organic Chemicals,9100.0,439320.9366,,LTM,,LTM,
A067390,AeroSpace Technology of Korea Inc.,-0.018409998191727135,-0.029309998191727134,1.39289258827394,48.1524163203056,16.0046814288309,,0.664573913780665,Industrials,Capital Goods,Aerospace and Defense,Aerospace and Defense,"Aircraft Parts and Auxiliary Equipment, Not Elsewhere Classified",506.0,206966.236092,,LTM,LTM,LTM,
A013990,Agabang&Company,0.09593173836636595,0.08315973836636596,0.511009165327387,6.69889749805271,4.6277487585216,9.12903722043211,0.637020305080612,Consumer Discretionary,Consumer Durables and Apparel,"Textiles, Apparel and Luxury Goods","Apparel, Accessories and Luxury Goods",Apparel and Other Finished Products Made From Fabrics and Similar Materials,4145.0,114844.24663,,LTM,LTM,LTM,LTM
A060900,"Agent AI Co.,Ltd.",-0.6734579088821995,-0.7273089088821993,1.47008936184408,,,,0.420952174277997,Energy,Energy,"Oil, Gas and Consumable Fuels",Oil and Gas Refining and Marketing,Computers and Computer Peripheral Equipment and Software,3790.0,18508.33614,,LTM,,,
A001540,"Ahn-Gook Pharmaceutical Co., Ltd.",0.12164713241570405,0.11974213241570404,0.411296673135428,6.90218002253429,4.74317133322484,7.56350638423632,0.724592594428336,Health Care,"Pharmaceuticals, Biotechnology and Life Sciences",Pharmaceuticals,Pharmaceuticals,Pharmaceutical Preparations,10520.0,119563.6398,,LTM,LTM,LTM,LTM
A053800,"AhnLab, Inc.",0.13975653522232445,0.17894553522232445,0.896212796682538,6.96640120841953,5.48081940350281,10.6191223658083,1.37854132109253,Information Technology,Software and Services,Software,Systems Software,"Computer Programming, Data Processing, And Other Computer Related Services",56300.0,537102.0,,LTM,LTM,LTM,LTM
A462980,Aijinet Inc.,0.12974849497374374,0.21389649497374374,0.846087284061679,8.62835610701908,6.71786170752901,9.10506029405434,1.2135957671671,Financials,Insurance,Insurance,Insurance Brokers,"Insurance Agents, Brokers, and Service",1464.0,26695.215768,,LTM,LTM,LTM,LTM
A0009K0,Aimed Bio Inc.,0.6704712392052186,0.4549472392052186,24.2475629586123,66.8712788095281,62.7083799444134,44.9416926988661,8.36659789854608,Health Care,"Pharmaceuticals, Biotechnology and Life Sciences",Biotechnology,Biotechnology,"Biological Products, Except Diagnostic Substances",24450.0,1581209.8864499999,,LTM,LTM,LTM,LTM
A298690,"Air Busan Co., Ltd.",-0.2555740017090033,-1.1766100017090033,,,,,0.741648197305733,Industrials,Transportation,Passenger Airlines,Passenger Airlines,"Air Transportation, Scheduled",1450.0,236174.36585,,,,,
A163280,"Airrane Co., Ltd.",0.0537255468252308,0.009751546825230807,1.48401347811661,14.7258763605138,7.06961171236277,,,Industrials,Capital Goods,Machinery,Industrial Machinery and Supplies and Components,"Special Industry Machinery, Except Metalworking",3190.0,43393.81882,,LTM,LTM,LTM,
A095570,"AJ Networks Co.,Ltd.",0.15795634363730382,0.19496234363730383,1.02822253699702,15.7239841708229,5.08698479427188,3.71036846615253,0.422188277957497,Industrials,Capital Goods,Trading Companies and Distributors,Trading Companies and Distributors,Miscellaneous Equipment Rental And Leasing,4325.0,193548.29125,,2026E,2026E,2026E,2026E
A009320,"Ajin Electronic Components Co.,Ltd",0.0754045600388431,0.1600805600388431,0.612750761812209,13.9254595108356,7.28792832827445,11.8784068481775,1.44379873021342,Consumer Discretionary,Automobiles and Components,Automobile Components,Automotive Parts and Equipment,Electronic Components And Accessories,986.0,48609.573220000006,,LTM,LTM,LTM,LTM
A013310,"A-Jin Industrial Co.,Ltd.",-0.0011741055072908325,0.03892489449270917,0.93634896386387,11.0858354475228,5.97494673893494,2.44416450076148,0.254043583033021,Consumer Discretionary,Automobiles and Components,Automobile Components,Automotive Parts and Equipment,Motor Vehicle Parts and Accessories,2385.0,92547.40166999999,,LTM,LTM,LTM,LTM
A059120,"Ajinextek Co., Ltd.",0.3570118024597907,0.2547068024597907,3.61244655942518,21.6671384173944,17.9666055069336,12.5109250394624,2.9553686795167,Information Technology,Semiconductors and Semiconductor Equipment,Semiconductors and Semiconductor Equipment,Semiconductors,Semiconductors and Related Devices,6480.0,118649.22768,,LTM,LTM,LTM,LTM
A027360,"AJU IB INVESTMENT Co., Ltd.",,0.04944251738557688,,,,31.7523689168034,1.65546551446339,Financials,Financial Services,Capital Markets,Asset Management and Custody Banks,"Investors, not elsewhere classified",3330.0,394972.32564,,,,,LTM
A139990,"AJUSTEEL Co.,Ltd",-0.06713704069215432,-0.33227604069215433,0.564564145043813,,34.6707303582948,,0.618849308638332,Materials,Materials,Metals and Mining,Steel,"Steel Works, Blast Furnaces, And Rolling And Finishing Mills",2180.0,82573.15492,,LTM,,LTM,
A006840,"AK Holdings, Inc.",0.032870871839398165,-0.14268612816060183,0.968745137377338,,14.8093673385555,,0.197761826470945,Industrials,Capital Goods,Industrial Conglomerates,Industrial Conglomerates,Conglomerates,7510.0,97971.66745000001,,LTM,,LTM,
A347860,Alchera Inc.,-0.02143888956339758,-0.09607588956339758,2.68157128916277,,,,2.795630050747,Information Technology,Software and Services,Software,Systems Software,Prepackaged Software,1344.0,56654.501568,,LTM,,,
A238120,"Aligned Genetics, Inc.",0.04367744446416889,0.06259544446416887,2.81039882545907,20.6467885727398,15.9019649008735,15.652718726043,1.1549622152464,Health Care,"Pharmaceuticals, Biotechnology and Life Sciences",Life Sciences Tools and Services,Life Sciences Tools and Services,Laboratory Analytical Instruments,2950.0,41943.908299999996,,LTM,LTM,LTM,LTM
A354320,"ALMAC Co., Ltd.",0.24410662616368695,0.19818962616368696,1.3308812545611,18.4105240214286,19.0455162363402,21.0997442455243,1.36599398492397,Consumer Discretionary,Automobiles and Components,Automobile Components,Automotive Parts and Equipment,Motor Vehicle Parts and Accessories,30250.0,193339.27525,,2026E,2026E,LTM,2026E
A297570,Atlas Link Inc.,-0.018626987332320873,-0.009949987332320873,0.995805086615319,,,,0.729645259782953,Information Technology,Technology Hardware and Equipment,Communications Equipment,Communications Equipment,Radio and Television Broadcasting and Communications Equipment,869.0,30085.798468,,LTM,,,
A043100,"Alpha AI Co.,Ltd.",-0.19529609627832006,-0.26502809627832014,2.03479710207735,,,,0.365130750344478,Health Care,Health Care Equipment and Services,Health Care Equipment and Supplies,Health Care Equipment,Surgical and Medical Instruments and Apparatus,520.0,10453.17312,,LTM,,,
A117670,"Alphachips, Inc.",-0.17411999639012005,-0.24722999639012003,0.453826924089471,,,,1.22945942768113,Information Technology,Semiconductors and Semiconductor Equipment,Semiconductors and Semiconductor Equipment,Semiconductors,Semiconductors and Related Devices,7640.0,50895.708880000006,,LTM,,,
A172670,"ALT Co., Ltd",0.03928979096732193,-0.013420209032678057,3.41833854239282,,9.91640058634306,,1.08019505684777,Information Technology,Semiconductors and Semiconductor Equipment,Semiconductors and Semiconductor Equipment,Semiconductors,Semiconductors and Related Devices,10490.0,92930.12324999999,,LTM,,LTM,
A459550,"ALT Co., Ltd.",0.2645808247823315,0.4203038247823315,0.112022087912088,1.23563757575758,1.18191420289855,5.07972665148064,1.19794262947672,Information Technology,Technology Hardware and Equipment,Communications Equipment,Communications Equipment,Non-operating Establishments,2295.0,57530.52985499999,,2026E,2026E,2026E,2026E
A196170,ALTEOGEN Inc.,1.4609264803235256,1.5458804803235258,48.4623693467449,73.063436214056,70.3742272404663,80.2286295224039,46.8789284684454,Health Care,"Pharmaceuticals, Biotechnology and Life Sciences",Biotechnology,Biotechnology,"Biological Products, Except Diagnostic Substances",314000.0,21864289.43,,2026E,2026E,2026E,2026E
A085810,Alticast Corporation,0.2571555395388966,0.2985925395388966,0.372799063418421,,56.1242115208179,,0.452595205090061,Information Technology,Software and Services,Software,Application Software,Prepackaged Software,1718.0,24019.366589999998,,LTM,,LTM,
A123750,"Alton Co.,Ltd.",-0.014290133817070463,-0.015265133817070462,0.594371976893877,72.0492464284176,31.6128774259775,71.0467379439008,1.08280283377701,Consumer Discretionary,Consumer Durables and Apparel,Leisure Products,Leisure Products,"Motorcycles, Bicycles, and Parts",1678.0,23163.546602,,LTM,LTM,LTM,LTM
A001780,"Aluko Co., Ltd.",-0.02694162084767988,-0.006621620847679879,1.18812409005814,23.2707943725251,8.60472236671892,9.65306389173406,0.483919585283491,Industrials,Capital Goods,Building Products,Building Products,"Metal Doors, Sash, Frames, Molding, and Trim Manufacturing",1633.0,158123.60555600002,,LTM,LTM,LTM,LTM
A475580,"ALUX Co., Ltd.",-0.1128551553107432,-0.11784215531074321,1.46959164427629,,,,2.54324031566105,Information Technology,Software and Services,Software,Application Software,Prepackaged Software,8060.0,107992.10344,,LTM,,,
A092040,"Amicogen, Inc.",0.014255696116845847,-0.21939930388315415,2.89748846843014,,,,0.532128116787324,Health Care,"Pharmaceuticals, Biotechnology and Life Sciences",Biotechnology,Biotechnology,"Biological Products, Except Diagnostic Substances",999.0,70382.80474200001,,LTM,,,
A074430,"Aminologics Co.,Ltd.",0.06451668151277792,0.09517768151277793,2.45471641284056,14.9962360408391,13.2663206732584,47.6410625503331,1.87605259429179,Materials,Materials,Chemicals,Specialty Chemicals,Industrial Organic Chemicals,1180.0,103635.67592,,LTM,LTM,LTM,LTM
A125210,"Amogreentech Co.,Ltd",0.2121421738703128,0.24841417387031284,0.886001565663833,9.40761384652778,6.15771088136364,8.25396825396825,1.12640532445212,Industrials,Capital Goods,Electrical Equipment,Electrical Components and Equipment,Electrical Industrial Apparatus,5380.0,88752.7302,,2026E,2026E,2026E,2026E
A090430,Amorepacific Corporation,0.13643020226268643,0.1578842022626864,1.63394183430797,15.7697086130635,10.4804400970209,22.9712374042239,1.72062990261025,Consumer Staples,Household and Personal Products,Personal Care Products,Personal Care Products,"Perfumes, Cosmetics, and Other Toilet Preparations",136800.0,9427661.193599999,,2026E,2026E,2026E,2026E
A002790,AMOREPACIFIC Holdings Corp.,0.08017523947369604,0.11813123947369603,0.864924276963734,8.53641648305525,5.9680206893572,7.6365741731486,0.564675795396475,Consumer Staples,Household and Personal Products,Personal Care Products,Personal Care Products,"Soap, Detergents, And Cleaning Preparations; Perfumes, Cosmetics, and Other Toilet Preparations",25800.0,2315640.4032,,2026E,2026E,2026E,2026E
A357580,"Amosense Co.,Ltd.",-0.0268913609893303,-0.015444360989330304,0.846158218190168,23.2710759084112,9.19741346464019,,1.40356952656407,Information Technology,Technology Hardware and Equipment,"Electronic Equipment, Instruments and Components",Electronic Components,"Electronic Components, not elsewhere classified",5210.0,61048.52407000001,,LTM,LTM,LTM,
A052710,"Amotech Co., Ltd.",-0.06956726980605275,-0.03902826980605276,1.24794559061441,93.5993023538533,14.6006212628077,32.4147295221371,1.20128357522411,Information Technology,Technology Hardware and Equipment,"Electronic Equipment, Instruments and Components",Electronic Components,Electronic Components And Accessories,11160.0,179383.60799999998,,LTM,LTM,LTM,LTM
A008700,"Anam Electronics Co.,Ltd.",-0.05463955064733599,-0.007682550647335987,0.317315244153716,,16.8432347665192,,0.675126072208299,Consumer Discretionary,Consumer Durables and Apparel,Household Durables,Consumer Electronics,Household Audio and Video Equipment,1227.0,94627.87191,,LTM,,LTM,
A025980,Ananti Inc.,-0.07764610005056033,-0.09378910005056032,4.34896260827174,,28.3696486203569,,0.702013696526872,Consumer Discretionary,Consumer Services,"Hotels, Restaurants and Leisure",Leisure Facilities,Membership Sports and Recreation Clubs,5390.0,524452.3361,,LTM,,LTM,
A123860,"Anapass, Inc.",-0.030373244026201875,-0.02833524402620187,0.972623445155809,,128.05981742427,55.3624117055129,2.11988863205435,Information Technology,Semiconductors and Semiconductor Equipment,Semiconductors and Semiconductor Equipment,Semiconductors,Semiconductors and Related Devices,13300.0,161241.4195,,LTM,,LTM,LTM
A455900,"ANGEL ROBOTICS Co., Ltd.",-0.3960285903299799,-0.3880145903299799,76.2745067120519,,,,10.8437462922321,Health Care,Health Care Equipment and Services,Health Care Equipment and Supplies,Health Care Equipment,Electromedical and Electrotherapeutic Apparatus,20350.0,313247.16335,,LTM,,,
A310200,Aniplus Inc.,0.033590810621675925,0.11079581062167593,1.0848211137453,8.28534658147369,3.11397674213808,15.1701188053853,1.21663911351122,Communication Services,Media and Entertainment,Entertainment,Movies and Entertainment,Diversified Multi-Media,2795.0,145795.112645,,LTM,LTM,LTM,LTM
A065660,"Anterogen.Co.,Ltd.",0.09159911713605548,0.09660111713605549,13.6344880212318,,,,1.94707246211455,Health Care,"Pharmaceuticals, Biotechnology and Life Sciences",Biotechnology,Biotechnology,"Biological Products, Except Diagnostic Substances",14820.0,148290.402,,LTM,,,
A200470,"APACT Co., Ltd.",0.29025825600598654,0.3141952560059865,2.62671438416136,65.4235952434125,22.7011344295967,46.7769696710714,3.32490124588259,Information Technology,Semiconductors and Semiconductor Equipment,Semiconductors and Semiconductor Equipment,Semiconductors,"Special Industry Machinery, not elsewhere classified",6100.0,258408.7673,,LTM,LTM,LTM,LTM
A244920,Aplus Asset Advisor Co. Ltd,0.1770016627930195,0.1795096627930195,0.370305188682239,7.04152868317123,3.94246028155059,9.4957855062516,1.5837540333499,Financials,Insurance,Insurance,Insurance Brokers,"Insurance Agents, Brokers, and Service",13000.0,293900.009,,LTM,LTM,LTM,LTM
A278470,"APR Co., Ltd.",1.4281594171463403,1.7633884171463405,4.65049534799461,18.7646869724446,18.0386333280007,24.776834410577,28.5268261017739,Consumer Staples,Household and Personal Products,Personal Care Products,Personal Care Products,"Perfumes, Cosmetics, and Other Toilet Preparations",379500.0,14207779.8225,,2026E,2026E,2026E,2026E
A397030,"AprilBio Co.,Ltd.",4.890680034990792,4.881397034990792,38.7981308807692,63.04696268125,56.0417446055556,,5.12345043637518,Health Care,"Pharmaceuticals, Biotechnology and Life Sciences",Biotechnology,Biotechnology,"Biological Products, Except Diagnostic Substances",20150.0,554312.0323,,2026E,2026E,2026E,
A262260,"APRO Co., Ltd",-0.20836673282252866,-0.28573273282252865,1.26528567691084,,,,0.656379594301224,Industrials,Capital Goods,Electrical Equipment,Electrical Components and Equipment,Electrical Industrial Apparatus,3060.0,45917.98974,,LTM,,,
A003060,Aprogen Biologics Inc.,0.019819732121540923,-0.3359902678784591,3.57614292081209,,,,0.142579684273642,Health Care,"Pharmaceuticals, Biotechnology and Life Sciences",Pharmaceuticals,Pharmaceuticals,Pharmaceutical Preparations,1918.0,45148.308352,,LTM,,,
A007460,Aprogen Medicines Inc.,-0.045453402752883676,-0.23175040275288367,3.81208425366328,,,,0.343082091980419,Industrials,Capital Goods,Machinery,Industrial Machinery and Supplies and Components,"Coating, Engraving, And Allied Services",2260.0,47547.428100000005,,LTM,,,
A054620,APS Inc.,0.03799775896096408,-0.019383241039035923,1.32374011741405,,27.7458294679485,10.3693114933043,0.317307818120132,Information Technology,Semiconductors and Semiconductor Equipment,Semiconductors and Semiconductor Equipment,Semiconductor Materials and Equipment,"Special Industry Machinery, not elsewhere classified",3690.0,62148.9357,,LTM,,LTM,LTM
A079810,"APS Innovation Co., Ltd.",9.013384429908816e-05,-0.058187866155700915,,,,5.77122590598301,0.396401331758471,Information Technology,Semiconductors and Semiconductor Equipment,Semiconductors and Semiconductor Equipment,Semiconductor Materials and Equipment,"Special Industry Machinery, not elsewhere classified",3135.0,66676.719285,,,,,LTM
A293780,AptaBio Therapeutics Inc.,-0.228633854350985,-0.16705585435098497,39.8534503665384,,,,4.26606043928144,Health Care,"Pharmaceuticals, Biotechnology and Life Sciences",Biotechnology,Biotechnology,"Biological Products, Except Diagnostic Substances",6210.0,174460.04505000002,,LTM,,,
A291650,Aptamer Sciences Inc,,,,,,,,Health Care,"Pharmaceuticals, Biotechnology and Life Sciences",Biotechnology,Biotechnology,"Biological Products, Except Diagnostic Substances",1930.0,58902.86853,,,,,
A270520,APTN Inc.,-0.28127981899716326,-0.35527881899716324,8.95472830663959,,,,0.921290159839839,Industrials,Capital Goods,Building Products,Building Products,Air-Conditioning and Warm Air Heating Equipment and Commercial and Industrial Refrigeration Equipment,3365.0,66152.24561,,LTM,,,
A109960,APTOCROM Inc.,0.2112508114046355,0.0808338114046355,0.96306039689212,,,0.583887786408899,0.0717214607929296,Health Care,"Pharmaceuticals, Biotechnology and Life Sciences",Biotechnology,Biotechnology,"Drugs, Drug Proprietaries, and Druggists' Sundries",1925.0,21247.5725,,LTM,,,LTM
A261780,"AriBioLab Co.,Ltd.",0.4794162775819133,0.2809832775819133,175.226553946836,,,,6.83408210972641,Health Care,"Pharmaceuticals, Biotechnology and Life Sciences",Biotechnology,Biotechnology,"Biological Products, Except Diagnostic Substances",2390.0,66953.25207,,LTM,,,
A203690,Ark Solutions Inc,,,,,,,,Health Care,"Pharmaceuticals, Biotechnology and Life Sciences",Biotechnology,Biotechnology,"Biological Products, Except Diagnostic Substances",,,,,,,
A0015N0,Aromatica Co. Ltd.,,,1.61881605781759,14.1993294214286,,,,Consumer Staples,Household and Personal Products,Personal Care Products,Personal Care Products,"Perfumes, Cosmetics, and Other Toilet Preparations",8850.0,112528.1925,,2026E,2026E,,
A096690,"Aroot Co., Ltd.",-0.04433417382706588,-0.11652717382706587,1.5190939422359,,,,0.277849119162341,Information Technology,Technology Hardware and Equipment,"Technology Hardware, Storage and Peripherals","Technology Hardware, Storage and Peripherals","Computer Peripheral Equipment, not elsewhere classified",6790.0,27302.90234,,LTM,,,
A321820,Artist Company Inc.,0.04593927529039092,0.05298827529039092,0.579197360037968,,31.6678809929078,22.1105082637294,0.935411171755956,Communication Services,Media and Entertainment,Media,Advertising,Advertising,2270.0,35392.423520000004,,LTM,,LTM,LTM
A200350,Artist Studio Inc.,-0.14827286106895862,-0.1540218610689586,,,,,0.472854471261203,Communication Services,Media and Entertainment,Entertainment,Movies and Entertainment,Motion Picture and Video Tape Production,2305.0,23040.837625,,,,,
A012170,"Ascendio Co., Ltd.",-0.6136452049484854,-0.9930932049484855,0.668456707088517,,,,0.782424255824732,Communication Services,Media and Entertainment,Entertainment,Movies and Entertainment,Motion Picture and Video Tape Production,748.0,15142.336968000001,,LTM,,,
A159010,"ASFLOW Co., LTD.",0.3426176377673477,0.08462063776734771,3.89237931980957,151.838756591091,70.387763845393,40.0184909725234,4.92332512899664,Information Technology,Semiconductors and Semiconductor Equipment,Semiconductors and Semiconductor Equipment,Semiconductor Materials and Equipment,Miscellaneous Fabricated Metal Products,21550.0,287363.62545,,LTM,LTM,LTM,LTM
A183190,"Asia Cement Co.,Ltd.",0.06353262096323872,0.07248762096323873,0.904010635259314,12.3833042999027,5.75781152121318,8.81875563570784,0.324233759163626,Materials,Materials,Construction Materials,Construction Materials,"Cement, Hydraulic",9620.0,346110.97663999995,,2026E,2026E,2026E,2026E
A002030,"ASIA Holdings CO., Ltd.",0.01859948938804097,0.03916948938804097,0.853292248085136,14.9440091688396,6.49420939632988,9.43961258812412,0.247201668125698,Materials,Materials,Paper and Forest Products,Paper Products,"Cement, Hydraulic",179100.0,291789.3618,,LTM,LTM,LTM,LTM
A211270,Asia Pacific Satellite Inc.,0.32198173382649226,0.33298073382649224,1.32442211068008,,,,1.13055324212643,Information Technology,Technology Hardware and Equipment,Communications Equipment,Communications Equipment,"Communications Services, Not Elsewhere Classified",7730.0,116586.20992000001,,LTM,,,
A002310,"Asia Paper Manufacturing. Co., Ltd",0.023229840097959996,0.04231784009796,0.260183000399671,9.33846519444318,3.02444281081768,11.6019248497372,0.346267668065376,Materials,Materials,Paper and Forest Products,Paper Products,Paper Mills,7580.0,287238.85464000003,,LTM,LTM,LTM,LTM
A154030,"ASIA SEED Co.,Ltd.",,,1.11393133399181,24.0250130363047,13.8651065958326,12.3099668653082,0.817294062069708,Consumer Staples,"Food, Beverage and Tobacco",Food Products,Agricultural Products and Services,Agricultural Production Crops,1632.0,19684.966944,,LTM,LTM,LTM,LTM
A050860,"Asia Technology Co.,Ltd",0.029284996155606865,0.045809996155606866,,,,8.69693614382019,0.406649856010183,Industrials,Capital Goods,Machinery,Agricultural and Farm Machinery,Farm Machinery and Equipment,1624.0,31162.539744,,,,,LTM
A020560,"Asiana Airlines, Inc.",-0.23026574529938115,-0.37942674529938114,1.10159373395544,,34.2531605054215,,10.5634609217138,Industrials,Transportation,Passenger Airlines,Passenger Airlines,"Air Transportation, Scheduled",6900.0,1421335.9059000001,,LTM,,LTM,
A267850,"Asiana IDT, Inc.",-0.08407099878122491,-0.05441999878122492,,,,,0.739575880697222,Information Technology,Software and Services,IT Services,IT Consulting and Other Services,"Computer Programming, Data Processing, And Other Computer Related Services",9150.0,101565.0,,,,,
A445090,"ASICLAND Co., Ltd.",1.3285161604957443,1.1163751604957441,1.36067115013744,49.501216442,22.5005529281818,39.5264116575592,3.19910103951664,Information Technology,Semiconductors and Semiconductor Equipment,Semiconductors and Semiconductor Equipment,Semiconductors,Semiconductors and Related Devices,20500.0,223975.989,,2026E,2026E,2026E,2026E
A136410,Assems Inc.,0.008341735794873573,0.06977473579487359,1.00105408841175,5.56117501607698,4.51053531007069,5.7033779673318,0.61029670519223,Materials,Materials,Chemicals,Specialty Chemicals,Adhesives and Sealants,4170.0,44117.269770000006,,LTM,LTM,LTM,LTM
A246720,ASTA Corporation,-0.3946359970482083,-0.34711999704820834,,,,,15.4016287290889,Health Care,Health Care Equipment and Services,Health Care Equipment and Supplies,Health Care Equipment,Laboratory Analytical Instruments,6070.0,99434.491,,,,,
A453860,"ASTech Co., Ltd.",-0.07473606483786265,-0.028513064837862645,3.14925896101598,,100.91361850318,,0.79414284354418,Materials,Materials,Chemicals,Specialty Chemicals,Aircraft And Parts,8380.0,47407.4617,,LTM,,LTM,
A450950,"ASTERASYS Co.,Ltd",0.5714903784417608,0.7374673784417607,3.358546233213,9.6405938507772,18.7989027286828,26.3859527051343,4.60085586756708,Health Care,Health Care Equipment and Services,Health Care Equipment and Supplies,Health Care Equipment,Electromedical and Electrotherapeutic Apparatus,5160.0,194158.37472,,2026E,2026E,LTM,LTM
A241840,"ASTORY Co.,Ltd",0.32864120892757975,0.3259992089275798,0.77211942283911,,,,0.468827567200127,Communication Services,Media and Entertainment,Entertainment,Movies and Entertainment,Motion Picture and Video Tape Production,2300.0,20727.7564,,LTM,,,
A045660,Atec Co. Ltd.,0.012450537778107382,0.11835753777810738,0.501603455780606,21.6107615223,10.9858633225216,,0.717174891678031,Information Technology,Technology Hardware and Equipment,"Technology Hardware, Storage and Peripherals","Technology Hardware, Storage and Peripherals",Semiconductors and Related Devices,9250.0,67933.52625,,LTM,LTM,LTM,
A224110,"ATEC MOBILITY Co., Ltd",-0.025699005744735576,0.047659994255264425,0.333766052158776,7.16789887444153,4.31309893666589,,0.638567568880036,Information Technology,Technology Hardware and Equipment,"Electronic Equipment, Instruments and Components",Electronic Equipment and Instruments,"Communications Equipment, not elsewhere classified",9070.0,43358.10102,,LTM,LTM,LTM,
A071670,"A-Tech Solution Co., Ltd.",-0.02085460771797293,-0.01373060771797293,0.491632624662779,,14.905470130674,,0.58319613511365,Industrials,Capital Goods,Machinery,Industrial Machinery and Supplies and Components,"Special Industry Machinery, not elsewhere classified",4890.0,48900.0,,LTM,,LTM,
A021080,"Atinum Investment Co., Ltd",,-0.024339958741511153,,,,,2.07347251644918,Financials,Financial Services,Capital Markets,Asset Management and Custody Banks,Investment Advice,2190.0,102918.11924999999,,,,,
A158430,ATON Inc.,-0.039855499299321265,-0.009641499299321267,1.77924481716366,36.1530820003904,16.2064573168927,104.586912595925,1.13012162986144,Information Technology,Software and Services,Software,Systems Software,Prepackaged Software,4435.0,104765.37948,,LTM,LTM,LTM,LTM
A355690,"Atum Co.,Ltd",,-0.4008814000619807,1.03960482359385,,,,,Industrials,Capital Goods,Electrical Equipment,Electrical Components and Equipment,"Power, Distribution, and Specialty Transformers",4640.0,44406.604960000004,,LTM,,,
A481070,"Au Brandz Co.,Ltd",0.3043851967224655,0.34548919672246553,3.18568720703277,19.8584506939204,14.1258774867358,23.5500551178335,3.33438654704565,Consumer Discretionary,Consumer Discretionary Distribution and Retail,Specialty Retail,Apparel Retail,Apparel and Accessory Stores,16610.0,236858.6,,LTM,LTM,LTM,LTM
A017900,AUK Corp.,0.044371173632841626,0.02639417363284163,2.4372698697623,,68.0393256450919,38.1069490048671,1.70312135506799,Information Technology,Semiconductors and Semiconductor Equipment,Semiconductors and Semiconductor Equipment,Semiconductors,Semiconductors and Related Devices,7950.0,400391.91585,,LTM,,LTM,LTM
A017900,AUK Corp.,0.044371173632841626,0.02639417363284163,2.4372698697623,,68.0393256450919,38.1069490048671,1.70312135506799,Information Technology,Semiconductors and Semiconductor Equipment,Semiconductors and Semiconductor Equipment,Semiconductors,Semiconductors and Related Devices,7950.0,400391.91585,,LTM,,LTM,LTM
A039830,Aurora World Corporation,0.29513691311952583,0.37729491311952584,1.18902397328133,7.41242604620061,8.16543081703616,5.54443433424325,0.969966946956353,Consumer Discretionary,Consumer Durables and Apparel,Leisure Products,Leisure Products,"Games, Toys, and Children's Vehicles, Except Dolls and Bicycles",17260.0,162811.6814,,2026E,2026E,LTM,2026E
A322310,"AUROS Technology, Inc.",-0.3142453151747157,-0.2906113151747157,4.06754985384889,,,,2.21950366667786,Information Technology,Semiconductors and Semiconductor Equipment,Semiconductors and Semiconductor Equipment,Semiconductor Materials and Equipment,"Special Industry Machinery, not elsewhere classified",13200.0,121881.4344,,LTM,,,
A031510,Austem Company Ltd.,0.18625005869132902,0.08920105869132904,0.0738396871892492,1.3964423339073,0.962293542549801,2.39106678371277,0.371773846698224,Consumer Discretionary,Automobiles and Components,Automobile Components,Automotive Parts and Equipment,Motor Vehicle Parts and Accessories,1091.0,27386.09653,,LTM,LTM,LTM,LTM
A067170,Autech Corporation,-0.06055422223175138,-0.07675922223175138,0.34464423438578,,110.764758334235,,0.598931035790741,Industrials,Capital Goods,Machinery,Construction Machinery and Heavy Transportation Equipment,Motor Vehicles and Passenger Car Bodies,2540.0,66735.61964,,LTM,,LTM,
A353590,AUTO& Inc.,-0.1671344950389599,-0.2755384950389599,0.372881077151434,,13.5558082434551,,1.27197255049077,Consumer Discretionary,Consumer Discretionary Distribution and Retail,Specialty Retail,Automotive Retail,Nonstore Retailers,1678.0,21605.20646,,LTM,,LTM,
A331740,"Autocrypt Co., Ltd.",0.13517389205184788,-0.23100610794815213,2.18197091477273,,,,2.28826617775777,Information Technology,Software and Services,Software,Application Software,Prepackaged Software,5780.0,54943.593360000006,,2026E,,,
A015260,Automobile & PCB Inc.,-0.19915246053584967,-0.6192154605358496,0.534028409442204,,,,0.670785395077725,Consumer Discretionary,Automobiles and Components,Automobile Components,Automotive Parts and Equipment,Printed Circuit Boards,317.0,14861.954746000001,,LTM,,,
A083930,"Avaco Co., Ltd.",0.1457247296696847,0.1657737296696847,0.223371861112485,2.18774619418886,2.07710155908046,5.536147501213,0.777523324498185,Information Technology,Semiconductors and Semiconductor Equipment,Semiconductors and Semiconductor Equipment,Semiconductor Materials and Equipment,"Special Industry Machinery, not elsewhere classified",11150.0,159256.37545,,2026E,2026E,2026E,2026E
A149950,"Avatec Co., Ltd.",,0.052999997065685873,,,,24.4052630182388,0.889118270012025,Information Technology,Technology Hardware and Equipment,"Electronic Equipment, Instruments and Components",Electronic Components,Electronic Components And Accessories,8540.0,116722.18362,,,,,LTM
A0011A0,"AXBIS Co., Ltd.",,0.5397194514808832,1.20587768706667,8.61341205047619,14.3290543155522,10.0446927374302,1.51603983058293,Industrials,Capital Goods,Machinery,Industrial Machinery and Supplies and Components,"Machine Tools, Metal Cutting Types",8650.0,80736.85100000001,,2026E,2026E,LTM,2026E
A356680,"Axgate Co., Ltd.",0.14165557629168268,0.13231557629168267,6.70288411180039,68.6289551404052,54.379514068069,70.7147904698587,7.09222599726432,Information Technology,Software and Services,Software,Systems Software,Prepackaged Software,11460.0,327108.41832,,LTM,LTM,LTM,LTM
A032080,"AztechWB Co., Ltd.",-0.03800555580541659,-0.03677055580541659,,,,25.8338359362736,0.209828282050647,Consumer Discretionary,Consumer Durables and Apparel,"Textiles, Apparel and Luxury Goods",Textiles,Textile Mill Products,1049.0,22191.468071000003,,,,,LTM
A307870,"B2En Co., Ltd.",-0.29484988570945747,-0.4098698857094575,5.02522790487888,,,,1.94111054996199,Information Technology,Software and Services,IT Services,IT Consulting and Other Services,"Computer Programming, Data Processing, And Other Computer Related Services",1021.0,75859.569985,,LTM,,,
A035150,"BAIKSAN Co,. Ltd",0.07847071497334152,0.13840871497334153,0.521949505810758,4.25409725216,4.79191283828782,6.23800282435005,0.791598815645533,Consumer Discretionary,Consumer Durables and Apparel,"Textiles, Apparel and Luxury Goods",Textiles,Textile Mill Products,10600.0,209573.4374,,2026E,2026E,LTM,LTM
A199480,"Bankware Global Co., Ltd.",0.02369678844426655,-0.06933121155573344,0.360055071878197,,,,2.23449356237044,Information Technology,Software and Services,Software,Application Software,Prepackaged Software,3570.0,36401.81916,,LTM,,,
A267790,"Barrel Co., Ltd",0.09001651199354838,0.048617511993548385,0.258522769455061,1.79524566887051,1.47507031823258,3.85457081046858,0.498457015443945,Consumer Discretionary,Consumer Durables and Apparel,"Textiles, Apparel and Luxury Goods","Apparel, Accessories and Luxury Goods",Apparel and Other Finished Products Made From Fabrics and Similar Materials,3395.0,26105.204055,,LTM,LTM,LTM,LTM
A035620,Barunson Entertainment & Arts Corporation,-0.2626133362836115,-0.2933493362836115,4.66141639294721,,,,0.231156253799373,Communication Services,Media and Entertainment,Entertainment,Interactive Home Entertainment,Phonograph Records and Prerecorded Audio Tapes and Disks,704.0,13071.032128,,LTM,,,
A318410,"BBC Co., Ltd.",0.040411013729165404,0.0715920137291654,0.257790441435085,2.59162116205072,1.75840553485313,6.84524802270902,0.469675482741719,Materials,Materials,Chemicals,Commodity Chemicals,"Plastics Materials And Synthetic Resins, Synthetic Rubber, Cellulosic And Other Manmade Fibers, Except Glass",6580.0,36553.49894,,LTM,LTM,LTM,LTM
A451250,"BBIA Co., Ltd.",0.24899578842828957,0.2450237884282896,0.679390899014279,7.63947592738733,5.95623842376932,10.6633399960432,1.6738106422525,Materials,Materials,Chemicals,Specialty Chemicals,Non-operating Establishments,7440.0,73093.36488000001,,LTM,LTM,LTM,LTM
A146320,"BCnC Co., Ltd.",0.32002703646115044,0.3190340364611504,1.79836812670753,22.0831871043011,9.96959417815534,29.7935103244838,1.62490540482469,Information Technology,Semiconductors and Semiconductor Equipment,Semiconductors and Semiconductor Equipment,Semiconductor Materials and Equipment,Semiconductors and Related Devices,9770.0,124083.92408000001,,2026E,2026E,2026E,2026E
A200780,"BCWORLD PHARM. Co., Ltd.",0.03482089719147727,0.017407897191477263,1.28840283294959,36.699838146544,9.38621262041241,,0.442981221979278,Health Care,"Pharmaceuticals, Biotechnology and Life Sciences",Pharmaceuticals,Pharmaceuticals,Pharmaceutical Preparations,2920.0,29686.06612,,LTM,LTM,LTM,
A406820,Beauty Skin Corp.,-0.14685227947805887,-0.17611027947805885,1.17018366932264,,,,0.921455925946949,Consumer Staples,Household and Personal Products,Personal Care Products,Personal Care Products,"Perfumes, Cosmetics, and Other Toilet Preparations",1888.0,25762.230112,,LTM,,,
A148780,BECU AI Inc.,0.004726897201198786,-0.06035010279880121,0.828204394539689,,39.8292622639383,,2.02467946624477,Information Technology,Software and Services,Software,Application Software,"Computer Programming, Data Processing, And Other Computer Related Services",,,,LTM,,LTM,
A424760,Bellock Inc.,0.25144301426174026,0.3103700142617402,,,,0.758744322045526,0.386411488256956,Information Technology,Software and Services,IT Services,IT Consulting and Other Services,"Computer Programming, Data Processing, And Other Computer Related Services",2040.0,19897.0482,,,,,LTM
A206400,"BENO TNR, Inc.",-0.2524974860089449,-0.38585748600894487,5.11919447562984,,,,0.539122279914718,Communication Services,Media and Entertainment,Entertainment,Interactive Home Entertainment,Prepackaged Software,949.0,35596.170064,,LTM,,,
A046310,BG T&A Co.,-0.025262156993483612,0.041561843006516386,0.336684225249367,27.8022192329377,12.1338145903919,13.2101689968716,0.511595138504337,Consumer Discretionary,Consumer Durables and Apparel,Household Durables,Consumer Electronics,"Calculating and Accounting Machines, Except Electronic Computers",2350.0,37792.801049999995,,LTM,LTM,LTM,LTM
A027410,"BGF Co., Ltd.",0.03294750254001315,0.037782502540013155,1.1597208750211,9.31707957220339,6.17649095235955,6.06106870229008,0.212713674434323,Industrials,Capital Goods,Industrial Conglomerates,Industrial Conglomerates,Conglomerates,3880.0,371350.01208,,2026E,2026E,2026E,2026E
A282330,"BGF Retail Co., Ltd.",0.1419587458838972,0.20499974588389722,0.186603841855319,5.78400806420701,2.27879376996861,10.7175698919583,1.86460479365678,Consumer Staples,Consumer Staples Distribution and Retail,Consumer Staples Distribution and Retail,Food Retail,Convenience Stores,141700.0,2447869.6255,,2026E,2026E,2026E,2026E
A126600,"BGFecomaterials CO., LTD.",0.0015906881599827838,0.004477688159982781,0.934517974024159,23.4959671757027,10.7476705836071,12.3556180116913,0.423310397936985,Materials,Materials,Chemicals,Commodity Chemicals,"Plastics Materials, Synthetic Resins, and Nonvulcanizable Elastomers",2775.0,171839.655,,LTM,LTM,LTM,LTM
A090460,"BH Co., Ltd.",0.16202978790613154,0.14340978790613154,0.306498245507547,6.4811976870248,3.7559792137931,6.67687328055504,0.235621680715286,Information Technology,Technology Hardware and Equipment,"Electronic Equipment, Instruments and Components",Electronic Components,Printed Circuit Boards,15880.0,515489.22344,,2026E,2026E,2026E,2026E
A083650,"BHI Co., Ltd.",0.6843156529489742,0.9200146529489743,1.67501192158433,12.2253222486589,11.5881121620127,26.6924411373743,10.1344110166525,Industrials,Capital Goods,Machinery,Industrial Machinery and Supplies and Components,Fabricated Plate Work (Boiler Shops),56200.0,1738947.9308,,2026E,2026E,2026E,2026E
A413640,"Bi Matrix Co., Ltd.",0.0805389974684276,0.12683999746842758,0.44330778938366,18.4518998589422,7.7747554604246,16.4742398262497,1.32029520176889,Information Technology,Software and Services,Software,Application Software,Prepackaged Software,5420.0,39061.6148,,LTM,LTM,LTM,LTM
A238200,"BIFIDO Co., Ltd.",-0.08605255714669588,-0.12879355714669588,1.55736852832799,27.8035940658049,9.48103158272716,9.6918857440107,0.45517481821165,Consumer Staples,Household and Personal Products,Personal Care Products,Personal Care Products,Pharmaceutical Preparations,2705.0,22126.899999999998,,LTM,LTM,LTM,LTM
A044480,"Billions Co.,Ltd.",-0.1818270161993501,-0.31942001619935007,0.595844601359225,,,,0.539547279879363,Communication Services,Media and Entertainment,Entertainment,Movies and Entertainment,Motion Picture and Video Tape Production,820.0,13228.8509,,LTM,,,
A053030,"BINEX Co., Ltd.",0.1023075073072332,0.1319625073072332,1.59721012727822,,23.7995980884615,,1.25537658491453,Health Care,"Pharmaceuticals, Biotechnology and Life Sciences",Pharmaceuticals,Pharmaceuticals,Pharmaceutical Preparations,6650.0,211787.0454,,2026E,,2026E,
A005180,"Binggrae Co., Ltd.",0.09017493040013977,0.09826093040013978,0.411623527564018,6.39696563755102,3.66609726596491,10.9782198161904,0.982356946688214,Consumer Staples,"Food, Beverage and Tobacco",Food Products,Packaged Foods and Meats,Dairy Products,85900.0,759510.7059000001,,2026E,2026E,2026E,2026E
A099430,"Bio Plus Co., Ltd",0.08438454762602654,0.15394054762602655,2.84486511769061,20.1150592521014,15.0842657861446,25.0027337521408,1.20445445550633,Health Care,Health Care Equipment and Services,Health Care Equipment and Supplies,Health Care Supplies,Surgical and Medical Instruments and Apparatus,3390.0,208622.16618,,LTM,LTM,LTM,LTM
A188040,Bio Port Korea Inc.,0.04843756229862323,0.02312856229862323,0.274790597990184,12.8273256845991,5.05959197172912,,0.559345856651009,Consumer Staples,"Food, Beverage and Tobacco",Food Products,Packaged Foods and Meats,Non-operating Establishments,5000.0,23055.03,,LTM,LTM,LTM,
A086820,"Bio Solution Co.,Ltd.",0.326347281582803,0.324439281582803,9.406306896,,,258.031441482837,4.28806427589086,Health Care,"Pharmaceuticals, Biotechnology and Life Sciences",Biotechnology,Biotechnology,"Biological Products, Except Diagnostic Substances",6750.0,174178.86974999998,,2026E,,,LTM
A489460,"BIOBIJOU Co.,Ltd.",0.08197594716359044,0.09171194716359043,5.29405400571795,30.213431210333,26.141574652825,25.7728649540011,2.59340103127514,Health Care,"Pharmaceuticals, Biotechnology and Life Sciences",Pharmaceuticals,Pharmaceuticals,Surgical and Medical Instruments and Apparatus,11000.0,165488.73,,LTM,LTM,LTM,LTM
A314930,"Biodyne Co., Ltd.",0.6835658110987918,0.6701368110987918,17.4417774568966,67.4415395,50.581154625,61.5,4.91066364003968,Health Care,Health Care Equipment and Services,Health Care Equipment and Supplies,Health Care Equipment,Surgical and Medical Instruments and Apparatus,7040.0,207516.3904,,2026E,2026E,2026E,2026E
A251120,"BIO-FD&C Co.,Ltd.",0.073236765363923,0.083304765363923,1.31830144045004,4.25687500232077,3.44834161718364,12.3940157417441,1.0817603503056,Health Care,"Pharmaceuticals, Biotechnology and Life Sciences",Biotechnology,Biotechnology,"Biological Products, Except Diagnostic Substances",8730.0,75913.46100000001,,LTM,LTM,LTM,LTM
A199730,"BioInfra Co., Ltd.",-0.21558749939547928,-0.3075634993954793,0.566436965752555,,,,0.643119098475007,Health Care,"Pharmaceuticals, Biotechnology and Life Sciences",Life Sciences Tools and Services,Life Sciences Tools and Services,Commercial Physical and Biological Research,1544.0,7510.582648,,LTM,,,
A064550,Bioneer Corporation,-0.007908725070457187,0.03145427492954281,0.803449859733464,26.2235419744183,14.1315001582786,,1.19351492704156,Health Care,"Pharmaceuticals, Biotechnology and Life Sciences",Biotechnology,Biotechnology,In Vitro and In Vivo Diagnostic Substances,9140.0,235906.05974,,LTM,LTM,LTM,
A377740,"BioNote, Inc.",-0.023599947588442916,0.01270405241155708,0.98652088605478,6.04494622303352,4.08587777365495,,0.314629345530971,Health Care,"Pharmaceuticals, Biotechnology and Life Sciences",Biotechnology,Biotechnology,In Vitro and In Vivo Diagnostic Substances,4775.0,483188.19965,,LTM,LTM,LTM,
A038460,"BioSmart Co.,Ltd.",0.11392038114457449,0.1203773811445745,0.3188780615263,6.3621794525649,4.98767869954999,5.79833746754795,0.446151090489379,Information Technology,Technology Hardware and Equipment,"Technology Hardware, Storage and Peripherals","Technology Hardware, Storage and Peripherals",Semiconductors and Related Devices,2585.0,65334.69107,,LTM,LTM,LTM,LTM
A086040,"Biotoxtech Co., Ltd.",0.021373498625585456,-0.034169501374414546,1.34217598650523,,,46.6861088373247,0.929232722440201,Health Care,"Pharmaceuticals, Biotechnology and Life Sciences",Life Sciences Tools and Services,Life Sciences Tools and Services,Medical Laboratories,2365.0,37179.665985,,LTM,,,LTM
A419540,"Bistos Co., Ltd.",-0.06639357612275959,-0.08073257612275958,0.814488634427049,,,,4.59076953908739,Health Care,Health Care Equipment and Services,Health Care Equipment and Supplies,Health Care Equipment,Electromedical and Electrotherapeutic Apparatus,3640.0,16738.54728,,LTM,,,
A032850,"BIT Computer Co., Ltd",0.12032379722991174,0.12993379722991172,0.983515538456405,4.34300224149023,3.69438604939089,8.25966394633857,0.841460850001458,Health Care,Health Care Equipment and Services,Health Care Technology,Health Care Technology,"Communications Services, Not Elsewhere Classified",4000.0,62811.64,,LTM,LTM,LTM,LTM
A377030,"Bitmax Co., Ltd",-1.909699366143684,-7.8048643661436845,3.56009931600137,,,,,Information Technology,Software and Services,Software,Application Software,Prepackaged Software,1687.0,18041.385319999998,,LTM,,,
A049470,"BITPLANET Co.,Ltd.",0.06173500410638123,0.16916000410638124,,,,3.45986726791304,0.576259014610544,Information Technology,Software and Services,Software,Systems Software,Computer And Office Equipment,2435.0,57148.799855000005,,,,,LTM
A093190,"Bixolon Co., Ltd",0.2822995209445779,0.26089152094457785,0.661756238298043,3.64620267138649,2.92400522412345,4.23404621754322,0.691931442627599,Information Technology,Technology Hardware and Equipment,"Electronic Equipment, Instruments and Components",Electronic Equipment and Instruments,"Computer Peripheral Equipment, not elsewhere classified",8330.0,119827.4665,,LTM,LTM,LTM,LTM
A050090,"BK Holdings CO.,LTD.",,,,,,,,Information Technology,Semiconductors and Semiconductor Equipment,Semiconductors and Semiconductor Equipment,Semiconductor Materials and Equipment,Electronic Components And Accessories,695.0,16301.48215,,,,,
A065170,BL Pharmtech Corp.,-0.9309923511614326,-1.2687833511614324,10.9114491525311,,,,5.63676281968697,Consumer Staples,Household and Personal Products,Personal Care Products,Personal Care Products,Pharmaceutical Preparations,1930.0,53865.76539,,LTM,,,
A478560,"Black Yak I&C Co.,Ltd",0.08745401751884124,-0.014161982481158741,1.39254347107807,8.67219819788014,6.45519742406579,,1.94644352210786,Consumer Discretionary,Consumer Durables and Apparel,"Textiles, Apparel and Luxury Goods",Footwear,Non-operating Establishments,2675.0,68993.971825,,LTM,LTM,LTM,
A369370,"Blitzway Entertainment Co., Ltd.",-0.3980884781913514,-0.5345394781913514,1.32417444728178,,,,2.25394365913068,Consumer Discretionary,Consumer Durables and Apparel,Leisure Products,Leisure Products,Miscellaneous Manufacturing Industries,3750.0,35730.255,,LTM,,,
A006740,"Blue Industrial Development Co., Ltd.",-0.10179914808550328,-0.2268921480855033,0.956497907202789,,,,0.295339365475546,Materials,Materials,Paper and Forest Products,Paper Products,Paperboard Mills,1052.0,23959.729216,,LTM,,,
A033560,"Bluecom Co., Ltd.",0.11894272918418204,0.20538772918418202,11.9012639625108,35.2216450884007,19.2083381513917,12.7512412129532,0.378398303708322,Information Technology,Technology Hardware and Equipment,"Technology Hardware, Storage and Peripherals","Technology Hardware, Storage and Peripherals",Household Audio and Video Equipment,4290.0,64328.70015,,LTM,LTM,LTM,LTM
A439580,"BLUEMTEC Co., Ltd.",0.050083373196395296,-0.045086626803604715,0.399680619615813,,77.6131780916032,,1.19078742456049,Health Care,Health Care Equipment and Services,Health Care Providers and Services,Health Care Distributors,"Drugs, Drug Proprietaries, and Druggists' Sundries",1665.0,56354.500755,,LTM,,LTM,
A086670,"BMT Co., Ltd.",0.06576197909359884,0.13201397909359883,1.42090634809151,14.4949029281758,10.2978416671361,8.04726659786118,1.05588047042298,Industrials,Capital Goods,Machinery,Industrial Machinery and Supplies and Components,Miscellaneous Fabricated Metal Products,15180.0,147312.04818,,LTM,LTM,LTM,LTM
A256840,"BNC KOREA, Inc.",-0.061462440555513066,-0.04029844055551307,1.14288652137167,,12.5537990041865,,0.744359282202254,Health Care,"Pharmaceuticals, Biotechnology and Life Sciences",Biotechnology,Biotechnology,"Biological Products, Except Diagnostic Substances",2360.0,161411.93096,,LTM,,LTM,
A0068Y0,BNK 3 Special Purpose Acquisition Company,,,,,,,,Financials,Financial Services,Capital Markets,Asset Management and Custody Banks,Non-operating Establishments,1979.0,8529.49,,,,,
A138930,BNK Financial Group Inc.,,-0.26827146885235875,,,,5.50722554345793,,Financials,Banks,Banks,Regional Banks,Commercial Banks,14320.0,4443883.112559999,,,,,2026E
A206640,Boditech Med Inc.,0.11334789988224231,0.12533289988224228,1.10700941124081,6.80008869569285,4.94347728686628,8.70432040225908,0.938932840941162,Health Care,Health Care Equipment and Services,Health Care Equipment and Supplies,Health Care Equipment,In Vitro and In Vivo Diagnostic Substances,10040.0,204263.61928,,LTM,LTM,LTM,LTM
A000890,"BOHAE BREWERY Co., Ltd.",0.062301995084663525,0.08003999508466353,0.530639582157677,15.6032705153671,4.77290429731728,5.15509036807709,0.429289883314026,Consumer Staples,"Food, Beverage and Tobacco",Beverages,Brewers,Distilled and Blended Liquors,1318.0,36154.673506,,LTM,LTM,LTM,LTM
A002760,Bolak Company Limited,-0.019616634446564266,-0.012474634446564263,1.13978658233188,23.564879251103,13.5270690197709,,,Materials,Materials,Chemicals,Specialty Chemicals,Miscellaneous Chemical Products,998.0,59780.2,,LTM,LTM,LTM,
A226340,"Bonne Co., Ltd.",-0.3229446182203185,-0.42481361822031855,1.41113292935494,,,,1.50772642627664,Consumer Staples,Household and Personal Products,Personal Care Products,Personal Care Products,"Perfumes, Cosmetics, and Other Toilet Preparations",5710.0,47909.617959999996,,LTM,,,
A001270,"BOOKOOK Securities Co., Ltd.",,0.4181318450288774,,,,14.0618060028538,0.403842941339135,Financials,Financial Services,Capital Markets,Investment Banking and Brokerage,"Security Brokers, Dealers, and Flotation Companies",54200.0,482530.7844,,,,,LTM
A026940,"Bookook Steel Co., Ltd.",0.011013155543274545,0.023518155543274546,0.150302699796803,,69.2373045784201,21.0297244078525,0.31616208744089,Materials,Materials,Metals and Mining,Steel,"Steel Works, Blast Furnaces, And Rolling And Finishing Mills",2050.0,41000.0,,LTM,,LTM,LTM
A008470,"Booster Co., Ltd.",-0.08231951930749631,-0.05009051930749632,,,,,0.361567387728209,Industrials,Capital Goods,Machinery,Industrial Machinery and Supplies and Components,Fabricated Plate Work (Boiler Shops),1734.0,28027.720548,,,,,
A250000,"BORATR CO., Ltd.",0.021106578323093594,0.030323578323093594,0.275558612138893,3.42806572133283,2.92176206281051,115.779533323918,0.462499459002899,Consumer Staples,Consumer Staples Distribution and Retail,Consumer Staples Distribution and Retail,Food Distributors,Groceries And Related Products,5860.0,38378.34716,,LTM,LTM,LTM,LTM
A003850,Boryung Corporation,0.1321291333751734,0.1185221333751734,0.753458648637661,9.93967761299576,6.55397492606908,11.8523316062176,0.88472455155505,Health Care,"Pharmaceuticals, Biotechnology and Life Sciences",Pharmaceuticals,Pharmaceuticals,Pharmaceutical Preparations,8950.0,756100.37655,,2026E,2026E,2026E,2026E
A006910,"Bosung Power Technology Co., Ltd",0.011889002367309238,0.010630002367309236,,,,279.274545270224,3.94194371964864,Industrials,Capital Goods,Electrical Equipment,Electrical Components and Equipment,Fabricated Structural Metal Products,6660.0,325872.62784000003,,,,,LTM
A0010F0,"Bowon Chemical Co., Ltd.",,,,,,,,Materials,Materials,Chemicals,Commodity Chemicals,Non-operating Establishments,2245.0,25017.384245,,,,,
A099390,"Brainzcompany Co., Ltd.",0.1296124439500288,0.10313544395002877,,,,4.40912903355548,0.533306083252065,Information Technology,Software and Services,Software,Systems Software,Prepackaged Software,3840.0,29212.17408,,,,,LTM
A064480,BRIDGETEC Corp.,0.04017022246283361,-0.006028777537166387,0.457419668555131,5.96434513251723,3.53843035277072,,,Information Technology,Software and Services,IT Services,IT Consulting and Other Services,"Computer Programming, Data Processing, And Other Computer Related Services",2995.0,32040.279384999998,,LTM,LTM,LTM,
A219750,"BTB Korea Co.,Ltd",-0.4406678226022162,-5.147819822602217,18.9644777051492,,,,0.888815024331727,Health Care,Health Care Equipment and Services,Health Care Providers and Services,Health Care Distributors,Electromedical and Electrotherapeutic Apparatus,1649.0,21570.123770000002,,LTM,,,
A014470,"Bubang Co., Ltd.",0.0025155661508671767,0.000884566150867178,0.12432516517205,9.4444376524958,4.11514939784538,17.5343619493455,0.299536018242624,Consumer Discretionary,Consumer Durables and Apparel,Household Durables,Household Appliances,Household Appliances,966.0,51841.820646,,LTM,LTM,LTM,LTM
A003000,"Bukwang Pharmaceutical Co., Ltd.",0.023877661965778483,0.04234866196577849,1.46889212167243,24.0200579305398,16.4008279124016,27.9677206868298,1.26918593467438,Health Care,"Pharmaceuticals, Biotechnology and Life Sciences",Pharmaceuticals,Pharmaceuticals,Pharmaceutical Preparations,4120.0,406498.44452,,LTM,LTM,LTM,LTM
A382900,"Bumhan Fuel Cell Co., Ltd.",1.0569336722514437,1.0643436722514439,2.79775310156951,27.1260409413043,19.3457036170543,51.4880952380952,0.929961403696289,Industrials,Capital Goods,Machinery,Industrial Machinery and Supplies and Components,General Industrial Machinery And Equipment,16230.0,139293.975,,2026E,2026E,2026E,2026E
A002410,"Bumyang Construction Co.,Ltd.",-1.8297639805452002,3.0567160194547998,3.37818929397028,,,,,Industrials,Capital Goods,Construction and Engineering,Construction and Engineering,Building Construction General Contractors and Operative Builders,1935.0,53169.523649999996,,LTM,,,
A011390,"Busan Industrial Co., Ltd.",-0.08630957695388608,-0.11492657695388608,1.98400917340011,,26.4325636082089,,0.421724057940467,Materials,Materials,Construction Materials,Construction Materials,"Concrete, Gypsum, And Plaster Products",50700.0,53539.200000000004,,LTM,,LTM,
A001460,"BYC Co., Ltd.",0.03424941465584658,0.04118341465584658,1.4547262727324901,8.54004639008714,5.73387870883942,14.083360207123,0.397178342866751,Consumer Discretionary,Consumer Durables and Apparel,"Textiles, Apparel and Luxury Goods","Apparel, Accessories and Luxury Goods",Apparel and Other Finished Products Made From Fabrics and Similar Materials,36300.0,300772.2168,,LTM,LTM,LTM,LTM
A007210,Byucksan Corporation,0.048188939305036246,0.08297993930503625,0.325887221323039,7.58885595627878,3.60587968538327,3.18940278428519,0.271490261062056,Industrials,Capital Goods,Building Products,Building Products,"Abrasive, Asbestos, And Miscellaneous Nonmetallic Mineral Products",1425.0,77636.686125,,LTM,LTM,LTM,LTM
A352480,"C&C International Co., Ltd.",0.046078606806312886,0.08088860680631288,0.572246062807136,5.76319678847458,3.86396148318182,16.0966542750929,0.8178927457003,Consumer Staples,Household and Personal Products,Personal Care Products,Personal Care Products,"Perfumes, Cosmetics, and Other Toilet Preparations",21550.0,293361.5292,,2026E,2026E,2026E,2026E
A264660,"C&G Hi Tech Co., Ltd",-0.05620274876163364,-0.008044748761633663,0.492712935393925,3.7781071281191,3.44553794569845,6.47531752396793,0.870107484518277,Information Technology,Semiconductors and Semiconductor Equipment,Semiconductors and Semiconductor Equipment,Semiconductor Materials and Equipment,"Special Industry Machinery, not elsewhere classified",13180.0,124148.45644000001,,LTM,LTM,LTM,LTM
A359090,C&R Research Inc.,-0.0024398884407872135,-0.013628888440787211,0.387256912692224,130.061906863217,18.039816387506,9.7325560894061,0.473269935394021,Health Care,"Pharmaceuticals, Biotechnology and Life Sciences",Life Sciences Tools and Services,Life Sciences Tools and Services,Commercial Physical and Biological Research,1920.0,22068.574080000002,,LTM,LTM,LTM,LTM
A258610,"CAELUM Co., Ltd.",-0.08042469426750384,-0.10922569426750385,0.657597396742397,,39.9653743085606,,0.923713770836163,Industrials,Capital Goods,Electrical Equipment,Heavy Electrical Equipment,Fabricated Plate Work (Boiler Shops),1173.0,42493.580103,,LTM,,LTM,
A042000,Cafe24 Corp.,0.17208080396978143,0.20699980396978143,0.721458437804878,5.84292265679012,4.07997185517241,10.3553921568627,1.52536112971229,Information Technology,Software and Services,IT Services,Internet Services and Infrastructure,"Computer Programming, Data Processing, And Other Computer Related Services",16150.0,390477.42935,,2026E,2026E,2026E,2026E
A050110,CammSys Corp.,-0.06296152656782841,-0.2533045265678284,0.251880638832086,,19.5863360572028,,0.236633871281714,Information Technology,Technology Hardware and Equipment,"Electronic Equipment, Instruments and Components",Electronic Components,Electronic Components And Accessories,1009.0,29364.187403,,LTM,,LTM,
A013700,CAMUS ENGINEERING & CONSTRUCTION Inc.,0.2850250983660996,0.3573180983660996,0.502504473300871,5.57284006738181,5.06121045688006,3.7563387109572,0.810332333064393,Industrials,Capital Goods,Construction and Engineering,Construction and Engineering,Heavy Construction Other Than Building Construction Contractors,1576.0,94167.30808,,LTM,LTM,LTM,LTM
A210120,"CANVAS N Co.,Ltd.",-0.248170566770404,-0.6337575667704041,9.806534688062,,,,5.17121827113946,Communication Services,Media and Entertainment,Entertainment,Movies and Entertainment,Motion Picture and Video Tape Production,1785.0,17305.558935,,LTM,,,
A198080,"CAP Co.,Ltd.",0.09020754425395958,0.14018954425395957,0.0978317347940674,1.11992792958801,0.901737050061809,2.32849342600554,0.33091599792548,Information Technology,Technology Hardware and Equipment,"Electronic Equipment, Instruments and Components",Electronic Components,Printed Circuit Boards,2120.0,45654.5922,,LTM,LTM,LTM,LTM
A064820,Cape Industries Ltd.,0.1353694356108364,0.32835443561083644,0.597414243065346,5.16967684424421,4.78402185209768,3.02891983411538,0.783181498816904,Industrials,Capital Goods,Machinery,Industrial Machinery and Supplies and Components,Miscellaneous Industrial And Commercial Machinery And Equipment,7480.0,206150.4082,,LTM,LTM,LTM,LTM
A220260,"Chemtros Co., Ltd.",0.2752627149449569,0.05776371494495691,1.67338724868485,15.963199370783,10.5732909982325,79.4160639686931,1.22057111691906,Materials,Materials,Chemicals,Specialty Chemicals,Chemicals and Allied Products,3720.0,119308.0446,,LTM,LTM,LTM,LTM
A006380,Capro Corporation,0.1025589100158538,-0.1336720899841462,6.28029163323372,,,,,Materials,Materials,Chemicals,Commodity Chemicals,Chemicals and Allied Products,3660.0,29280.0,,LTM,,,
A452300,"Capstone Partners Co., Ltd.",,0.07453831958250985,,,,13.1191375770231,0.918622653343958,Financials,Financial Services,Capital Markets,Asset Management and Custody Banks,"Investors, not elsewhere classified",2155.0,30535.283274999998,,,,,LTM
A214370,"Caregen Co., Ltd.",-0.017042079661145404,0.1117049203388546,35.0520308329268,127.246649511375,102.10305580917,112.875277611258,12.3050711073873,Health Care,"Pharmaceuticals, Biotechnology and Life Sciences",Pharmaceuticals,Pharmaceuticals,"Biological Products, Except Diagnostic Substances",51100.0,2497297.0624,,LTM,LTM,LTM,LTM
A263700,"Carelabs Co.,Ltd",-0.10683632795578639,0.2336996720442136,0.211541006651813,,,,0.537820554659887,Health Care,Health Care Equipment and Services,Health Care Technology,Health Care Technology,"Computer Programming, Data Processing, And Other Computer Related Services",1919.0,37228.559701,,LTM,,,
A313760,"Carry Co., Ltd.",-0.4255530813848944,-0.5731630813848945,3.29792607996502,,,,0.256811819652056,Information Technology,Semiconductors and Semiconductor Equipment,Semiconductors and Semiconductor Equipment,Semiconductor Materials and Equipment,Electrical Industrial Apparatus,468.0,5197.513932,,LTM,,,
A016920,CAS Corporation,-0.02835677393190829,-0.03177077393190829,0.489545582562864,51.909129494155,13.7973410737903,,0.379117717443459,Industrials,Capital Goods,Machinery,Industrial Machinery and Supplies and Components,Miscellaneous Industrial And Commercial Machinery And Equipment,1074.0,26392.818606,,LTM,LTM,LTM,
A071850,"Castec Korea Co.,Ltd",-0.12244598331852216,-0.3197909833185221,0.665964182636743,,20.0775416658216,,0.538830384460799,Consumer Discretionary,Automobiles and Components,Automobile Components,Automotive Parts and Equipment,Motor Vehicle Parts and Accessories,1337.0,32436.874106,,LTM,,LTM,
A140430,Catis. Inc.,-0.17777534332442266,-0.17515434332442265,1.33838373680291,,,,2.45643903772429,Information Technology,Software and Services,Software,Systems Software,Non-operating Establishments,1796.0,19198.354572,,LTM,,,
A331920,"Celemics, Inc.",-0.4740730374390726,-0.2993760374390726,19.2385460003253,,,,4.21635956185252,Health Care,"Pharmaceuticals, Biotechnology and Life Sciences",Life Sciences Tools and Services,Life Sciences Tools and Services,Surgical and Medical Instruments and Apparatus,8540.0,95490.4797,,LTM,,,
A352770,Celestra Inc.,-0.5144911230125668,31.305207876987435,28.8768658414879,,,,,Health Care,"Pharmaceuticals, Biotechnology and Life Sciences",Biotechnology,Biotechnology,Medical Laboratories,5249.999997,13456.495492310574,,LTM,,,
A318160,"Cell Bio Human Tech Co.,Ltd",0.35254339849260297,0.37908039849260294,0.896228367741935,3.70441058666667,3.26859757647059,4.56799398948159,0.86918192519289,Materials,Materials,Chemicals,Commodity Chemicals,"Plastics Materials And Synthetic Resins, Synthetic Rubber, Cellulosic And Other Manmade Fibers, Except Glass",5860.0,49081.88328,,2026E,2026E,2026E,2026E
A049960,"Cell Biotech Co., Ltd.",0.143628326194606,0.14256432619460602,0.175676981232428,1.01910597981231,0.744233515942818,7.77161244598576,0.783508427835516,Health Care,"Pharmaceuticals, Biotechnology and Life Sciences",Biotechnology,Biotechnology,"Biological Products, Except Diagnostic Substances",14950.0,102316.305,,LTM,LTM,LTM,LTM
A308430,"CellBion Co., Ltd.",0.2655462588852966,-0.18617874111470334,64.5297164174681,,,,,Health Care,"Pharmaceuticals, Biotechnology and Life Sciences",Pharmaceuticals,Pharmaceuticals,Pharmaceutical Preparations,12640.0,163122.37264,,LTM,,,
A299660,"Cellid, Co., Ltd.",,,,,,,,Health Care,"Pharmaceuticals, Biotechnology and Life Sciences",Biotechnology,Biotechnology,"Biological Products, Except Diagnostic Substances",1780.0,52515.299060000005,,,,,
A471820,"Cellromax Science Co., Ltd.",-0.053805968772965805,0.010442031227034201,1.72419239008141,15.5194198153774,12.8830609739501,13.5037702427225,0.956434350853091,Financials,Financial Services,Capital Markets,Asset Management and Custody Banks,Non-operating Establishments,4135.0,45653.811375,,LTM,LTM,LTM,LTM
A068760,"Celltrion Pharm, Inc.",0.055208001310374705,0.0721300013103747,,,,73.6258105027495,6.28917217017956,Health Care,"Pharmaceuticals, Biotechnology and Life Sciences",Pharmaceuticals,Pharmaceuticals,"Biological Products, Except Diagnostic Substances",41200.0,1821635.7932,,,,,LTM
A068270,"Celltrion, Inc.",0.3706667705054921,0.3756737705054921,8.59488749616228,25.7753465068166,21.7168127816973,29.5378021954372,2.52250082579104,Health Care,"Pharmaceuticals, Biotechnology and Life Sciences",Biotechnology,Biotechnology,"Biological Products, Except Diagnostic Substances",190300.0,43640972.059300005,,2026E,2026E,2026E,2026E
A049180,"Cellumed Co.,Ltd.",-0.20122619339594316,-0.3631311933959432,0.736120365747232,,,,3.51374214628571,Health Care,Health Care Equipment and Services,Health Care Equipment and Supplies,Health Care Equipment,"Business Services, not elsewhere classified",1009.0,83939.725054,,LTM,,,
A037760,"Cenit Co., Ltd",-0.007793516120010904,-0.04082351612001091,1.15135731059088,,28.2987985672682,,0.897640444710839,Materials,Materials,Metals and Mining,Steel,"Steel Works, Blast Furnaces, And Rolling And Finishing Mills",2400.0,72967.0104,,LTM,,LTM,
A222420,"CENOTEC Co., Ltd.",0.23833740486992083,0.22659940486992083,1.77257144380946,18.0057900740036,9.99142957830871,11.8108927211574,1.05350727001162,Materials,Materials,Chemicals,Commodity Chemicals,"Abrasive, Asbestos, And Miscellaneous Nonmetallic Mineral Products",934.0,45222.900482,,LTM,LTM,LTM,LTM
A083790,"CG Invites Co., Ltd.",0.049746852060418505,-0.029902147939581486,3.99217307089888,,,,0.645363700720388,Health Care,"Pharmaceuticals, Biotechnology and Life Sciences",Biotechnology,Biotechnology,"Biological Products, Except Diagnostic Substances",737.0,56671.012134000004,,LTM,,,
A056090,"CG MedTech Co.,Ltd.",0.09282871139500219,0.09899971139500219,2.25574714333434,31.7413788048737,18.0801125185097,16.5236088636261,1.15401168580593,Health Care,Health Care Equipment and Services,Health Care Equipment and Supplies,Health Care Equipment,"Orthopedic, Prosthetic, and Surgical Appliances and Supplies",1018.0,105117.69864799999,,LTM,LTM,LTM,LTM
A025620,"Cha AI Healthcare Co., Ltd.",0.25175097715760114,0.18067997715760115,13.3953775315209,,,8.36507944750727,1.07983899623016,Consumer Staples,Household and Personal Products,Personal Care Products,Personal Care Products,"Perfumes, Cosmetics, and Other Toilet Preparations",4725.0,85964.216625,,LTM,,,LTM
A085660,"Chabiotech Co.,Ltd.",0.042244704914961385,-0.1522862950850386,1.42087720667494,197.302275997698,27.9309079643187,63.6849238090873,1.92683679638673,Health Care,Health Care Equipment and Services,Health Care Providers and Services,Health Care Facilities,Ophthalmic Goods,8190.0,757595.6224199999,,LTM,LTM,LTM,LTM
A0011T0,"Chaevi Co., Ltd",,-0.3728905579462121,3.04115523736367,,,,3.26326864591578,Industrials,Capital Goods,Electrical Equipment,Electrical Components and Equipment,Motor Vehicle Parts and Accessories,4715.0,220592.5952,,LTM,,,
A351870,"Chai Communication Co., Ltd.",0.12080505681535628,0.16607705681535628,1.31192997668759,33.2084111651893,14.8470112971227,199.215753981825,0.431160190441934,Communication Services,Media and Entertainment,Media,Advertising,Advertising,2035.0,22709.161255,,LTM,LTM,LTM,LTM
A004650,"Changhae Ethanol Co., Ltd.",0.035788893580257566,0.07880289358025756,0.763272970334321,5.4404216606324,4.20039846292107,5.3874438550011,0.502934259905777,Materials,Materials,Chemicals,Specialty Chemicals,Chemicals and Allied Products,9280.0,70410.61728,,LTM,LTM,LTM,LTM
A009310,"Charm Engineering Co.,Ltd.",0.16154446643430176,0.01011446643430175,,,,,0.280476816335306,Information Technology,Semiconductors and Semiconductor Equipment,Semiconductors and Semiconductor Equipment,Semiconductor Materials and Equipment,"Special Industry Machinery, not elsewhere classified",1065.0,4640.95476,,,,,
A033250,"CHASYS Co., Ltd.",0.09777954310265341,0.15149254310265342,0.447527661606467,6.45351452888288,4.20695371013176,4.21725198272815,0.540429352117065,Consumer Discretionary,Automobiles and Components,Automobile Components,Automotive Parts and Equipment,Motor Vehicle Parts and Accessories,4000.0,25600.0,,LTM,LTM,LTM,LTM
A199820,"Cheil Electric Co., Ltd.",0.04335845501507483,0.04773145501507483,0.86694520055735,14.677393362099,9.76294720004327,23.8376940846262,1.0672004477045,Industrials,Capital Goods,Electrical Equipment,Electrical Components and Equipment,Switchgear and Switchboard Apparatus,7160.0,159095.19999999998,,LTM,LTM,LTM,LTM
A001560,"Cheil Grinding Wheel Ind. Co., Ltd.",0.05444080413514395,0.16751580413514394,0.323795823560528,4.22670087031122,3.09246051342789,9.05619481169572,0.559840313542176,Industrials,Capital Goods,Machinery,Industrial Machinery and Supplies and Components,"Abrasive, Asbestos, And Miscellaneous Nonmetallic Mineral Products",8990.0,59406.83698,,LTM,LTM,LTM,LTM
A030000,Cheil Worldwide Inc.,0.0515260710509273,0.1356630710509273,0.306051900734574,4.23574799648264,3.46572221430606,9.49370471682751,1.25048071530069,Communication Services,Media and Entertainment,Media,Advertising,Advertising Agencies,18790.0,1903027.24275,,2026E,2026E,2026E,2026E
A089010,"CHEMTRONICS.Co.,Ltd.",0.3033707424547619,0.3575697424547619,0.911784787460136,16.22371668394,8.83039124871795,11.1494819930932,1.65752883804207,Information Technology,Technology Hardware and Equipment,"Electronic Equipment, Instruments and Components",Electronic Components,Electronic Components And Accessories,21400.0,349661.5122,,2026E,2026E,2026E,2026E
A220260,"Chemtros Co., Ltd.",0.2752627149449569,0.05776371494495691,1.67338724868485,15.963199370783,10.5732909982325,79.4160639686931,1.22057111691906,Materials,Materials,Chemicals,Specialty Chemicals,Chemicals and Allied Products,3720.0,119308.0446,,LTM,LTM,LTM,LTM
A066360,"Cherrybro co.,Ltd",0.10062775966968532,0.24278575966968532,0.49460499368535,7.11812042381228,3.80478949681013,1.31328516113196,0.319393918253269,Consumer Staples,"Food, Beverage and Tobacco",Food Products,Packaged Foods and Meats,Poultry Slaughtering and Processing,670.0,32127.85005,,LTM,LTM,LTM,LTM
A033100,"Cheryong Electric Co.,Ltd.",-0.017375428918903785,0.0896815710810962,3.32570024852875,14.6661638063005,13.9762922636523,,,Industrials,Capital Goods,Electrical Equipment,Electrical Components and Equipment,"Electronic and Other Electrical Equipment and Components, except Computer Equipment",46450.0,746098.89805,,LTM,LTM,LTM,
A147830,"Cheryong Industrial Co.,Ltd.",0.29152798742889585,0.30557398742889585,1.28734287275381,4.41671523417361,4.21192571126411,9.37250188477068,1.53865352847772,Industrials,Capital Goods,Electrical Equipment,Electrical Components and Equipment,"Power, Distribution, and Specialty Transformers",6660.0,127552.18014000001,,LTM,LTM,LTM,LTM
A003780,"Chin Yang Industry Co., Ltd.",0.03207607288567115,0.10190307288567116,0.821737816352528,9.28590788850935,6.46998286052286,7.42762841501061,0.77772509316967,Materials,Materials,Chemicals,Commodity Chemicals,Miscellaneous Plastics Products,3795.0,49335.0,,LTM,LTM,LTM,LTM
A002780,"ChinHung International, Inc.",0.32746999993468834,0.6629299999346884,,,,4.0068254786121,1.34784967432582,Industrials,Capital Goods,Construction and Engineering,Construction and Engineering,Heavy Construction Other Than Building Construction Contractors,782.0,113713.446148,,,,,LTM
A051630,ChinYang Chemical Corporation,0.05406236169524345,0.045481361695243444,1.0082236371752,,14.0394712823749,,,Consumer Discretionary,Consumer Durables and Apparel,Household Durables,Home Furnishings,"Plastics Products, not elsewhere classified",1013.0,21475.6,,LTM,,LTM,
A100250,Chinyang Holdings Corp.,0.0486825527525338,0.06071055275253381,0.786460722233818,29.3587608166513,11.0396932382208,5.00460851244635,0.510683226139089,Materials,Materials,Chemicals,Commodity Chemicals,"Plastics Materials, Synthetic Resins, and Nonvulcanizable Elastomers",3110.0,198729.0,,LTM,LTM,LTM,LTM
A010640,"Chinyang Poly Urethane Co.,Ltd",0.026117996228577384,0.11643999622857738,0.77481688714622,9.38528887019699,6.22527870901753,4.53783783783784,0.515263428504545,Materials,Materials,Chemicals,Commodity Chemicals,Plastics Foam Products,1608.0,26853.6,,LTM,LTM,LTM,LTM
A094360,"Chips&Media, Inc.",0.16064184934750497,0.16638784934750497,5.82857552411576,25.8955284,19.2839041276596,23.6604189636163,2.69630693443007,Information Technology,Technology Hardware and Equipment,Communications Equipment,Communications Equipment,Radio and Television Broadcasting and Communications Equipment,10190.0,215017.46789,,2026E,2026E,2026E,2026E
A034940,"ChoA Pharmaceutical Co., LTD.",-0.08871406657920008,-0.2874170665792001,0.640031765292721,,,,0.680633247709506,Health Care,"Pharmaceuticals, Biotechnology and Life Sciences",Pharmaceuticals,Pharmaceuticals,Pharmaceutical Preparations,550.0,17038.90485,,LTM,,,
A001550,Chobi Company Limited,-0.014546994696388229,-0.4991599946963882,,,,,0.217016856434401,Materials,Materials,Chemicals,Fertilizers and Agricultural Chemicals,Agricultural Chemicals,10740.0,55760.23272,,,,,
A002600,Choheung Corporation,0.020078328029033744,0.07745832802903374,0.586349533782597,14.4653860897343,9.54580715567052,37.8140278786653,0.565365667349365,Consumer Staples,"Food, Beverage and Tobacco",Food Products,Packaged Foods and Meats,Food and Kindred Products,138400.0,83040.0,,LTM,LTM,LTM,LTM
A018470,"Choil Aluminum Co., Ltd.",0.051501544518565735,0.06696454451856573,0.531432595184454,17.7940736391768,12.0554816139879,12.8934510120683,0.561088522066526,Materials,Materials,Metals and Mining,Aluminum,"Rolling, Drawing, And Extruding Of Nonferrous Metals",973.0,123212.664533,,LTM,LTM,LTM,LTM
A004700,"Chokwang Leather Co.,Ltd.",0.10039099994262589,0.10221999994262589,,,,10.6910641288516,1.02316359625191,Consumer Discretionary,Consumer Durables and Apparel,"Textiles, Apparel and Luxury Goods",Textiles,Leather and Leather Products,64200.0,231251.4816,,,,,LTM
A004910,Chokwang Paint Ltd.,-0.06471475431229518,-0.060578754312295174,0.966160568150198,,,,0.175999229079763,Materials,Materials,Chemicals,Commodity Chemicals,"Paints, Varnishes, Lacquers, Enamels, and Allied Products",3515.0,35974.47137,,LTM,,,
A000950,"Chonbang Co., Ltd.",-0.13611197112941828,0.018975028870581723,,,,,0.177291277854925,Consumer Discretionary,Consumer Durables and Apparel,"Textiles, Apparel and Luxury Goods",Textiles,Textile Mill Products,34400.0,39197.768,,,,,
A001630,Chong Kun Dang Holdings Corp.,0.01949866900885918,0.05500466900885918,0.927167892000582,13.5869864049732,8.05947564055987,4.00282424375817,0.286633407588775,Health Care,"Pharmaceuticals, Biotechnology and Life Sciences",Pharmaceuticals,Pharmaceuticals,Pharmaceutical Preparations,38600.0,183757.53879999998,,LTM,LTM,LTM,LTM
A185750,Chong Kun Dang Pharmaceutical Corp.,0.15183885454512808,0.18138985454512807,0.510892486957895,11.9838978422222,6.98342248359712,14.0674063219594,0.862746514647243,Health Care,"Pharmaceuticals, Biotechnology and Life Sciences",Pharmaceuticals,Pharmaceuticals,Pharmaceutical Preparations,66400.0,874890.9152,,2026E,2026E,2026E,2026E
A072020,"Choong Ang Vaccine Laboratory Co., Ltd.",0.025094997703515996,0.042959997703516,,,,24.6859505883774,0.930836321796161,Health Care,"Pharmaceuticals, Biotechnology and Life Sciences",Pharmaceuticals,Pharmaceuticals,"Biological Products, Except Diagnostic Substances",9230.0,85440.08863,,,,,LTM
A047820,"Chorokbaem Media Co., Ltd.",-0.14882745394082889,-0.1388514539408289,,,,,0.277452098692494,Communication Services,Media and Entertainment,Entertainment,Movies and Entertainment,Motion Picture and Video Tape Production,3065.0,74846.09239,,,,,
A462520,"Chosun Refractories Co.,Ltd.",-0.05039214524943453,-0.0037211452494345237,0.556266591138016,17.5547297473431,10.5435861731788,,0.721729562585405,Materials,Materials,Construction Materials,Construction Materials,"Cement, Hydraulic",12960.0,153564.77664,,LTM,LTM,LTM,
A120030,"CHOSUN WELDING POHANG Co., Ltd",0.1272278233110294,0.1063128233110294,,,,,,Materials,Materials,Metals and Mining,Steel,Metalworking Machinery And Equipment,84500.0,79399.918,,,,,
A278280,"Chunbo Co., Ltd.",0.40272484588887303,0.35211084588887304,4.06395988897545,,15.9334170132057,,1.28786997259156,Materials,Materials,Chemicals,Specialty Chemicals,Chemicals and Allied Products,33750.0,411241.69125,,2026E,,2026E,
A362320,"CHUNGDAMGLOBAL Co., Ltd.",0.005164707083761669,0.0028027070837616658,0.70237407004891,26.2899220975643,17.1475158057385,16.5841267817978,0.933677874766374,Consumer Discretionary,Consumer Discretionary Distribution and Retail,Distributors,Distributors,"Drugs, Drug Proprietaries, and Druggists' Sundries",4725.0,96146.534925,,LTM,LTM,LTM,LTM
A000650,"Chunil Express Co., Ltd.",-0.19287497732859862,-0.4669139773285986,5.20587467241887,,,,28.7058487960981,Industrials,Transportation,Ground Transportation,Passenger Ground Transportation,Local and Suburban Transit and Interurban Highway Passenger Transportation,148600.0,212060.373,,LTM,,,
A004920,"CITECH Co., Ltd.",0.07065774369866687,0.0499027436986669,1.4842861800125,97.7565033087895,23.7061240850651,2.46533449851705,0.611786899371267,Information Technology,Technology Hardware and Equipment,"Technology Hardware, Storage and Peripherals","Technology Hardware, Storage and Peripherals",Computer Communications Equipment,912.0,47588.043264,,LTM,LTM,LTM,LTM
A311690,"CJ Bioscience, Inc.",-0.3652237888992942,-0.40052378889929413,4.71095413537139,,,,1.04553425629498,Health Care,Health Care Equipment and Services,Health Care Technology,Health Care Technology,"Computer Programming, Data Processing, And Other Computer Related Services",3685.0,48146.22747,,LTM,,,
A079160,"CJ CGV Co., Ltd.",0.04157626930933125,-0.13932473069066875,1.1868379124008,31.1591795366952,8.59137494043158,,2.20211610288499,Communication Services,Media and Entertainment,Entertainment,Movies and Entertainment,Motion Picture Theaters,5140.0,851094.5434399999,,2026E,2026E,2026E,
A097950,CJ Cheiljedang Corporation,0.04356059255443001,0.06293759255443002,0.620842761259911,15.2635739577811,6.5219480280561,10.1934074627048,0.396513594151612,Consumer Staples,"Food, Beverage and Tobacco",Food Products,Packaged Foods and Meats,Grain Mill Products,184300.0,2953072.6269,,2026E,2026E,2026E,2026E
A001040,CJ Corporation,0.047239780068570714,0.06002678006857071,0.679833851568987,12.8836922326903,5.13634614876946,11.9243208240866,0.771888002200661,Industrials,Capital Goods,Industrial Conglomerates,Industrial Conglomerates,Food and Kindred Products,120200.0,4030418.5071999994,,2026E,2026E,2026E,2026E
A035760,"CJ ENM CO., Ltd.",0.027578672843111888,0.016432672843111888,0.623391926682346,23.1853454757473,2.35160914782714,17.6309040543508,0.240558726798116,Communication Services,Media and Entertainment,Entertainment,Movies and Entertainment,Motion Picture and Video Tape Production,31400.0,652080.9112,,2026E,2026E,2026E,2026E
A051500,CJ Freshway Corporation,0.1260370800900496,0.1856680800900496,0.151855009525854,5.49435013592233,2.93830770508827,5.10964445390675,0.630826919374215,Consumer Staples,Consumer Staples Distribution and Retail,Consumer Staples Distribution and Retail,Food Distributors,Groceries And Related Products,23500.0,278982.271,,2026E,2026E,2026E,2026E
A000120,CJ Logistics Corporation,0.10120118687192174,0.14009318687192174,0.412016805802923,11.6312018866772,4.66824968296988,7.94799429444308,0.350957036655741,Industrials,Transportation,Air Freight and Logistics,Air Freight and Logistics,Arrangement of Transportation of Freight and Cargo,72800.0,1452005.3912000002,,2026E,2026E,2026E,2026E
A011150,CJ Seafood Corporation,0.022722026807425424,0.04547702680742542,0.578401397015375,28.5631581131638,10.724159045722,55.0332392591872,0.831694490319624,Consumer Staples,"Food, Beverage and Tobacco",Food Products,Packaged Foods and Meats,"Canned, Frozen, And Preserved Fruits, Vegetables, and Food Specialties",1993.0,71610.030589,,LTM,LTM,LTM,LTM
A480370,"Ck Solution Co.,Ltd.",-0.32914198227761415,-0.4856209822776142,0.0984606882187596,,,,0.74866288384192,Industrials,Capital Goods,Building Products,Building Products,Air-Conditioning and Warm Air Heating Equipment and Commercial and Industrial Refrigeration Equipment,1276.0,40738.739712,,LTM,,,
A063160,CKD Bio Corp.,-0.08188500287617619,-0.10801000287617618,,,,,0.579106942408772,Health Care,"Pharmaceuticals, Biotechnology and Life Sciences",Pharmaceuticals,Pharmaceuticals,Pharmaceutical Preparations,13480.0,73950.7408,,,,,
A214150,CLASSYS Inc.,0.5336034463262602,0.5575184463262601,4.77335886546245,11.0118696150621,10.2190153703861,14.492334493173,3.98868174753799,Health Care,Health Care Equipment and Services,Health Care Equipment and Supplies,Health Care Equipment,Surgical and Medical Instruments and Apparatus,32050.0,2090291.22475,,2026E,2026E,2026E,2026E
A045520,"Clean & Science co., Ltd",-0.04706745517905695,-0.19925445517905696,0.513978637330731,,21.7998653546405,,0.849885721470862,Industrials,Capital Goods,Machinery,Industrial Machinery and Supplies and Components,Industrial and Commercial Fans and Blowers and Air Purification Equipment,2470.0,15108.99,,LTM,,LTM,
A237880,"CLIO Cosmetics Co.,Ltd",0.06463891026250076,0.07656691026250076,0.19452317551352,2.964345329553,2.69152705665837,12.1907135799604,0.927677353921026,Consumer Staples,Household and Personal Products,Personal Care Products,Personal Care Products,"Perfumes, Cosmetics, and Other Toilet Preparations",12900.0,226067.63669999997,,2026E,2026E,2026E,2026E
A466100,"CLOBOT Co., Ltd",0.053485043107446284,0.04150804310744629,15.8133371897856,,,,12.6192572785855,Information Technology,Software and Services,IT Services,IT Consulting and Other Services,"Computer Programming, Data Processing, And Other Computer Related Services",27150.0,691218.3388500001,,LTM,,,
A475400,CMES Robotics Inc.,0.5465513771585147,0.5787043771585147,8.36057964518828,,,,4.56809948463408,Industrials,Capital Goods,Machinery,Industrial Machinery and Supplies and Components,Miscellaneous Industrial And Commercial Machinery And Equipment,18630.0,219015.43506,,2026E,,,
A058820,"CMG Pharmaceutical Co., Ltd.",0.01650795647943439,-0.005057043520565602,1.36887420279276,,,,0.440484921979046,Health Care,"Pharmaceuticals, Biotechnology and Life Sciences",Pharmaceuticals,Pharmaceuticals,Pharmaceutical Preparations,553.0,81912.326468,,LTM,,,
A388210,"CMTX Co.,Ltd.",0.10796500008448931,0.04283900008448932,3.28781218535403,9.9260157045388,8.02303991266272,11.0709332331439,3.70397205284217,Information Technology,Semiconductors and Semiconductor Equipment,Semiconductors and Semiconductor Equipment,Semiconductor Materials and Equipment,Semiconductors and Related Devices,70000.0,675810.66,,2026E,2026E,2026E,2026E
A115530,"CNPLUS Co., Ltd.",0.03922562740674204,-0.17655737259325793,0.63566857951478,,18.5004173152569,,2.97393089699121,Industrials,Capital Goods,Electrical Equipment,Electrical Components and Equipment,Electronic Components And Accessories,2865.0,22588.751565000002,,LTM,,LTM,
A056730,CNT85 Inc.,-0.8147390694067238,-2.104180069406724,,,,,0.321534783440633,Information Technology,Technology Hardware and Equipment,Communications Equipment,Communications Equipment,Computer Integrated Systems Design,1372.0,20335.454719999998,,,,,
A352700,"CNTUS Co.,Ltd",-0.11025069162707998,-0.10455769162707998,,,,,0.214016002302361,Industrials,Capital Goods,Machinery,Industrial Machinery and Supplies and Components,Industrial and Commercial Fans and Blowers and Air Purification Equipment,1290.0,31523.00631,,,,,
A196450,"CoAsia CM Co.,Ltd",-0.03457253092123637,-0.01438353092123637,0.251239085589035,13.9392035726413,3.80117039884937,15.087879545398,0.562000832061439,Information Technology,Technology Hardware and Equipment,"Electronic Equipment, Instruments and Components",Electronic Components,Photographic Equipment and Supplies,790.0,35793.53409,,LTM,LTM,LTM,LTM
A045970,CoAsia Corporation,0.11237977903202201,-0.009976220967978011,0.311274857532283,,10.9016824521072,,0.87784943167243,Information Technology,Technology Hardware and Equipment,"Electronic Equipment, Instruments and Components",Electronic Components,"Electronic Components, not elsewhere classified",2915.0,72298.74239500001,,LTM,,LTM,
A047770,"Codes Combine Co., Ltd.",0.22020495338014215,0.16966495338014215,2.36242781744027,24.3897240458883,17.3278634094355,14.1011171089512,1.71819296483481,Consumer Discretionary,Consumer Durables and Apparel,"Textiles, Apparel and Luxury Goods","Apparel, Accessories and Luxury Goods",Refrigeration And Service Industry Machinery,3385.0,127781.24171500001,,LTM,LTM,LTM,LTM
A078340,Com2uS Corporation,-0.007566553302362649,-0.00785355330236265,0.695191593153285,14.3291762008201,9.76833315507692,16.395526182003,,Communication Services,Media and Entertainment,Entertainment,Interactive Home Entertainment,Prepackaged Software,31350.0,358796.70584999997,,2026E,2026E,2026E,2026E
A063080,Com2uS Holdings Corporation,-0.06157209059248974,0.08812690940751025,2.93534014275019,,,18.7093589643496,0.374972490003279,Communication Services,Media and Entertainment,Entertainment,Interactive Home Entertainment,Prepackaged Software,12600.0,83096.37,,LTM,,,LTM
A036690,"Commax Co.,Ltd",-0.23897766158957834,-0.8555256615895783,0.748121135443421,,,,3.80725675701174,Information Technology,Technology Hardware and Equipment,Communications Equipment,Communications Equipment,Radio and Television Broadcasting and Communications Equipment,2885.0,45885.74613,,LTM,,,
A307930,Company K Partners Limited,,0.27151608893772444,,,,9.83410947749783,1.1822033551136,Financials,Financial Services,Capital Markets,Asset Management and Custody Banks,"Investors, not elsewhere classified",6080.0,94908.8,,,,,LTM
A056360,"Comunication Weaver Co.,Ltd.",0.03762184544959846,0.04656084544959846,0.248381215754582,,22.8840377274108,17.3179133070729,0.313028678923938,Information Technology,Technology Hardware and Equipment,Communications Equipment,Communications Equipment,Computer Communications Equipment,5150.0,47096.410099999994,,LTM,,LTM,LTM
A451760,"Contec.,Co.Ltd",0.30827859188482215,0.2630685918848222,1.29932649492081,24.6191938628099,32.0314242731183,28.2176360225141,1.21122329991941,Industrials,Capital Goods,Aerospace and Defense,Aerospace and Defense,"Communications Services, Not Elsewhere Classified",6960.0,113086.24008,,2026E,2026E,2026E,2026E
A036420,ContentreeJoongAng corp.,-0.022580029371465644,-0.12906802937146564,1.19782310850202,95.5406529871429,15.374357951954,,0.263983349193312,Communication Services,Media and Entertainment,Entertainment,Movies and Entertainment,"Newspapers: Publishing, or Publishing and Printing",1504.0,28733.253728,,2026E,2026E,2026E,
A294570,COOCON Corporation,0.013739233680894823,0.034887233680894816,1.66593175398601,5.9557060205,4.78369961485944,7.07792207792208,1.64772713132112,Financials,Financial Services,Capital Markets,Financial Exchanges and Data,Computer Processing and Data Preparation and Processing Services,24400.0,246238.26080000002,,2026E,2026E,2026E,2026E
A322780,"COPUS KOREA Co., Ltd.",0.0016804693391304082,-0.26499353066086956,0.761226781889493,,6.568276366344,,0.681477021198681,Communication Services,Media and Entertainment,Entertainment,Movies and Entertainment,Motion Picture and Video Tape Production,1984.0,17394.239872,,LTM,,LTM,
A027050,"Coreana Cosmetics Co.,Ltd.",-0.08754770584099458,-0.09727370584099458,0.43005074483674,,,,0.523721543625108,Consumer Staples,Household and Personal Products,Personal Care Products,Personal Care Products,"Perfumes, Cosmetics, and Other Toilet Preparations",1355.0,40921.0,,LTM,,,
A384470,"Coreline Soft Co., Ltd.",-0.40249996742521865,-1.2283609674252185,7.29965749875889,,,,2.94449050978832,Health Care,Health Care Equipment and Services,Health Care Technology,Health Care Technology,Prepackaged Software,2565.0,46032.344144999995,,LTM,,,
A104540,"Corentec Co., Ltd.",0.051518455748655705,0.0764314557486557,0.726813032351205,9.93512980416781,5.87130985825186,21.3591944316999,0.655634186265239,Health Care,Health Care Equipment and Services,Health Care Equipment and Supplies,Health Care Equipment,Surgical and Medical Instruments and Apparatus,3935.0,52758.158350000005,,LTM,LTM,LTM,LTM
A166480,CORESTEMCHEMON Inc.,-0.4364561527474989,-0.6050761527474989,6.74169297552189,,,,2.01284758960992,Health Care,"Pharmaceuticals, Biotechnology and Life Sciences",Biotechnology,Biotechnology,"Biological Products, Except Diagnostic Substances",1977.0,87699.975033,,LTM,,,
A043710,"CosLeaguer Global Co., Ltd.",0.9231363008982352,0.7771503008982352,2.92420978166257,,,,1.73119602767704,Health Care,Health Care Equipment and Services,Health Care Providers and Services,Health Care Services,Electronic Components And Accessories,3205.0,55486.225974999994,,LTM,,,
A044820,"Cosmax BTI, Inc.",0.1225226871640533,0.1435706871640533,0.972087864977894,8.66786753004568,6.44395337068366,5.12146636228956,0.750620996461446,Consumer Staples,Household and Personal Products,Personal Care Products,Personal Care Products,"Perfumes, Cosmetics, and Other Toilet Preparations",22200.0,212117.4258,,LTM,LTM,LTM,LTM
A222040,"Cosmax Nbt, Inc.",0.2774425465553514,-0.10615345344464866,0.826990712755517,14.3185218335601,9.20819798325251,6.03929077438545,1.82451569602573,Consumer Staples,Household and Personal Products,Personal Care Products,Personal Care Products,Pharmaceutical Preparations,7740.0,159094.43064,,LTM,LTM,LTM,LTM
A192820,"Cosmax, Inc.",0.3226155314806902,0.4507215314806902,1.27660889832904,15.2470792739275,11.1791508689117,18.7828391986297,4.57061136442412,Consumer Staples,Household and Personal Products,Personal Care Products,Personal Care Products,"Perfumes, Cosmetics, and Other Toilet Preparations",267500.0,3034964.5850000004,,2026E,2026E,2026E,2026E
A241710,"Cosmecca Korea Co., Ltd.",0.43528753775106244,0.5064945377510625,1.93190041720385,14.2463176707788,12.0459329532074,20.518305773642,5.76600213002372,Consumer Staples,Household and Personal Products,Personal Care Products,Personal Care Products,"Perfumes, Cosmetics, and Other Toilet Preparations",136000.0,1452480.0,,2026E,2026E,2026E,2026E
A005070,"Cosmo Advanced Materials & Technology Co., Ltd.",3.779985465484985,3.625996465484985,,,,,2.08200709104459,Information Technology,Technology Hardware and Equipment,"Technology Hardware, Storage and Peripherals","Technology Hardware, Storage and Peripherals",Magnetic and Optical Recording Media,37850.0,1257171.51235,,,,,
A005420,"Cosmo Chemical Co., Ltd.",0.05842308915530885,0.024060089155308856,1.60494699106097,,38.1868476791405,,1.71621612006173,Materials,Materials,Chemicals,Commodity Chemicals,Miscellaneous Chemical Products,10000.0,383643.59,,LTM,,LTM,
A439960,"COSMO ROBOTICS CO., Ltd.",,-4.276631394852664,57.5231845388918,,,,38.0998722625816,Health Care,Health Care Equipment and Services,Health Care Equipment and Supplies,Health Care Equipment,"Orthopedic, Prosthetic, and Surgical Appliances and Supplies",13410.0,435162.89466,,LTM,,,
A082660,"Cosnine Co., Ltd.",-1.125232060035946,-0.6859700600359458,5.4804454218919,,,,10.2218864900393,Information Technology,Technology Hardware and Equipment,"Electronic Equipment, Instruments and Components",Electronic Components,Miscellaneous Manufacturing Industries,480.0,47827.116,,LTM,,,
A448710,"COTS Technology Co., Ltd.",0.194205464516701,0.254993464516701,1.17323296498674,8.846176556,6.911075434375,7.34384858044164,0.963159662629991,Information Technology,Technology Hardware and Equipment,"Technology Hardware, Storage and Peripherals","Technology Hardware, Storage and Peripherals",Computer And Office Equipment,11060.0,58455.32952,,2026E,2026E,2026E,2026E
A021240,"COWAY Co., Ltd.",0.22366797605374128,0.32019497605374125,1.60556259118491,8.94733060330592,6.32345106903365,9.45999335588407,1.77675022614593,Consumer Discretionary,Consumer Durables and Apparel,Household Durables,Household Appliances,Refrigeration And Service Industry Machinery,94900.0,6655619.327500001,,2026E,2026E,2026E,2026E
A282880,COWINTECH Co. Ltd.,0.4415436144894763,0.36682061448947634,1.08379573650722,,42.1349360017544,16.6779661016949,0.646392754170978,Industrials,Capital Goods,Machinery,Industrial Machinery and Supplies and Components,"General Industrial Machinery and Equipment, Not Elsewhere",9390.0,107568.60045,,2026E,,2026E,2026E
A360350,"Coxem Co., Ltd",-0.10500475013748999,-0.08829575013749,2.38722593397712,,,,1.9468359660852,Information Technology,Technology Hardware and Equipment,"Electronic Equipment, Instruments and Components",Electronic Equipment and Instruments,Laboratory Analytical Instruments,6110.0,34997.8967,,LTM,,,
A413630,"Cp System Co.,Ltd",0.26055480883112336,0.26450280883112337,4.85649239042553,28.53189279375,20.3799234241071,28.0241935483871,2.85229422430915,Materials,Materials,Chemicals,Commodity Chemicals,Miscellaneous Plastics Products,3250.0,118418.96625,,2026E,2026E,2026E,2026E
A101240,"CQV Co., Ltd.",0.10182311923870063,0.11160311923870063,0.552381637581873,2.79764926129246,2.19239899928296,4.50634295281002,0.342179571548624,Materials,Materials,Chemicals,Specialty Chemicals,Chemicals and Allied Products,3400.0,33693.966,,LTM,LTM,LTM,LTM
A000480,"CR Holdings Co., LTD.",-0.05270124720413174,-0.03591024720413174,0.899177176260991,40.5648621536414,15.9094352849871,,0.334929831486741,Materials,Materials,Construction Materials,Construction Materials,"Abrasive, Asbestos, And Miscellaneous Nonmetallic Mineral Products",4470.0,184416.78744,,LTM,LTM,LTM,
A067290,JW Shinyak Corporation,0.3282529983959274,0.46529999839592745,1.62338342322034,17.6468229445237,14.2484942106896,9.37352761332796,2.99890622245796,Health Care,"Pharmaceuticals, Biotechnology and Life Sciences",Pharmaceuticals,Pharmaceuticals,"Orthopedic, Prosthetic, and Surgical Appliances and Supplies",2090.0,116773.93673,,LTM,LTM,LTM,LTM
A110790,"Creas F&C Co.,Ltd",-0.0036473300623178478,0.03131766993768215,0.932102591104681,,16.0903365750842,10.3064797351672,0.154763712554458,Consumer Discretionary,Consumer Durables and Apparel,"Textiles, Apparel and Luxury Goods","Apparel, Accessories and Luxury Goods",Apparel and Other Finished Products Made From Fabrics and Similar Materials,2930.0,62877.307759999996,,LTM,,LTM,LTM
A222080,"SFA NEXEL Co., Ltd.",-0.094413557995176,-0.075369557995176,1.00035065854676,18.8686381641565,13.624252194785,31.1869839543478,1.18716924222981,Industrials,Capital Goods,Machinery,Industrial Machinery and Supplies and Components,"Special Industry Machinery, not elsewhere classified",7510.0,584064.88873,,LTM,LTM,LTM,LTM
A040350,"CreoSG Co.,Ltd.",-0.039415088266030185,-0.11857308826603019,14.6222886622855,,,,2.94018967527978,Information Technology,Software and Services,Software,Application Software,Computers and Computer Peripheral Equipment and Software,6960.0,137919.88895999998,,LTM,,,
A096240,"Creverse, Inc.",-0.06309971280934035,0.09299828719065965,0.378998961031249,46.8521476679545,2.97451201822674,12.4321589963404,1.41951483652648,Consumer Discretionary,Consumer Services,Diversified Consumer Services,Education Services,Educational Services,8360.0,70521.67452,,LTM,LTM,LTM,LTM
A355390,"CrowdWorks, Inc.",-0.6498169485649161,-1.4828379485649164,1.72807397689952,,,,1.17107595490195,Industrials,Commercial and Professional Services,Professional Services,Data Processing and Outsourced Services,Computer Processing and Data Preparation and Processing Services,1571.0,24928.869934000002,,LTM,,,
A264900,"Crown Confectionery Co., Ltd.",0.0271887027892833,0.053056702789283296,0.187327283170451,6.37649076119917,3.07519428048359,9.83229707175458,0.431104423067233,Consumer Staples,"Food, Beverage and Tobacco",Food Products,Packaged Foods and Meats,Bakery Products,8090.0,101317.94649999999,,LTM,LTM,LTM,LTM
A005740,"CROWNHAITAI Holdings Co.,Ltd.",0.010211446113164052,0.05485644611316405,0.52118018606772,10.5531976441114,5.71937470430124,5.07398357326812,0.231979234715538,Consumer Staples,"Food, Beverage and Tobacco",Food Products,Packaged Foods and Meats,Cookies and Crackers,5610.0,83888.36082,,LTM,LTM,LTM,LTM
A297090,"CS BEARING Co., Ltd.",0.3170973853068856,0.32818038530688554,0.662677937320261,5.96410143588235,4.82808211476191,7.77,0.986965177825242,Industrials,Capital Goods,Machinery,Industrial Machinery and Supplies and Components,Ball and Roller Bearings,3750.0,102262.5,,2026E,2026E,2026E,2026E
A065770,CS Corporation,-0.008154268913098846,-0.031479268913098844,0.316321048925979,,64.3263133266613,,1.74679686551891,Information Technology,Technology Hardware and Equipment,Communications Equipment,Communications Equipment,Radio and Television Broadcasting and Communications Equipment,1501.0,15783.111064,,LTM,,LTM,
A000590,"CS Holdings Co., Ltd.",0.07493958988120898,0.07200558988120898,,,,2.95451903290022,0.201359181279818,Industrials,Capital Goods,Machinery,Industrial Machinery and Supplies and Components,"Rolling, Drawing, And Extruding Of Nonferrous Metals",66400.0,68367.4984,,,,,LTM
A112610,CS Wind Corporation,-0.02140105727782945,0.026702942722170546,0.977494488267653,9.18625052943825,6.41180387017835,10.4958912640932,1.66376166963995,Industrials,Capital Goods,Electrical Equipment,Heavy Electrical Equipment,Fabricated Structural Metal Products,47300.0,1960049.564,,2026E,2026E,2026E,2026E
A083660,"Csa Cosmic Co., Ltd.",-0.24028641453329838,-0.4320384145332984,0.964062098372634,,,,0.866511854870937,Consumer Staples,Household and Personal Products,Personal Care Products,Personal Care Products,"Perfumes, Cosmetics, and Other Toilet Preparations",2860.0,19950.27034,,LTM,,,
A109670,"C-SITE Co., Ltd.",-0.04423569677330186,-0.04550369677330185,0.0941358940804031,,5.76283731061685,,0.411393085016933,Consumer Discretionary,Consumer Durables and Apparel,"Textiles, Apparel and Luxury Goods","Apparel, Accessories and Luxury Goods",Non-operating Establishments,3880.0,22640.96012,,LTM,,LTM,
A060590,CTCBIO Inc.,0.127442850710192,0.10621685071019202,0.723373356900684,8.38397728181547,5.36551797469401,9.67069819661643,0.925235233645673,Health Care,"Pharmaceuticals, Biotechnology and Life Sciences",Pharmaceuticals,Pharmaceuticals,"Biological Products, Except Diagnostic Substances",2895.0,69215.90362499999,,LTM,LTM,LTM,LTM
A260930,"CTK Co., Ltd",-0.005979276480577139,0.005288723519422868,1.22650123802143,,75.4927766399832,,0.326945910070946,Consumer Staples,Household and Personal Products,Personal Care Products,Personal Care Products,"Perfumes, Cosmetics, and Other Toilet Preparations",2520.0,47486.348280000006,,LTM,,LTM,
A308170,"CTR Mobility Co.,Ltd.",-0.049185843674577026,-0.07354784367457703,0.484690441688866,49.1224347892449,11.5246757327486,,0.36631803462278,Consumer Discretionary,Automobiles and Components,Automobile Components,Automotive Parts and Equipment,Motor Vehicle Parts and Accessories,3570.0,30737.699999999997,,LTM,LTM,LTM,
A115480,"CU Medical Systems, Inc.",0.16294449258962987,0.14734949258962987,1.10401601401006,4.84590957230104,3.8050661552182,34.0120558696383,0.424624834438801,Health Care,Health Care Equipment and Services,Health Care Equipment and Supplies,Health Care Equipment,Electromedical and Electrotherapeutic Apparatus,2160.0,26146.60776,,LTM,LTM,LTM,LTM
A182360,"Cube Entertainment, Inc.",-0.1456375638817647,-0.11164756388176468,0.745839695164069,,,,0.544703690318172,Communication Services,Media and Entertainment,Entertainment,Movies and Entertainment,Motion Picture and Video Tape Production,5500.0,81740.5985,,LTM,,,
A021650,Cubic Korea Inc.,-0.0028464247601042193,0.021505575239895776,0.179190252929274,6.02806210948234,2.73692322287276,7.92594409216115,0.33893241964022,Industrials,Commercial and Professional Services,Commercial Services and Supplies,Commercial Printing,"Special Industry Machinery, not elsewhere classified",2020.0,32825.17978,,LTM,LTM,LTM,LTM
A192400,"Cuckoo Holdings Co., Ltd.",0.1750392920195541,0.19579029201955409,0.503836138824121,4.39751717657895,3.94737762307087,6.3455303381195,0.623217278204595,Consumer Discretionary,Consumer Durables and Apparel,Household Durables,Household Appliances,Household Appliances,27500.0,854655.5875,,2026E,2026E,2026E,2026E
A284740,"CUCKOO Homesys Co., Ltd",0.08197855279965917,0.11716255279965916,0.516188907052425,3.52669907048053,3.00847116048668,4.02297372859852,0.451142549192669,Consumer Discretionary,Consumer Discretionary Distribution and Retail,Specialty Retail,Computer and Electronics Retail,"Home Furniture, Furnishings, and Equipment Stores",21850.0,489929.003,,LTM,LTM,LTM,LTM
A365270,"curacle co.,ltd.",147.3725623514601,147.17288235146012,227.547234168849,,,,6.14743319497561,Health Care,"Pharmaceuticals, Biotechnology and Life Sciences",Biotechnology,Biotechnology,"Biological Products, Except Diagnostic Substances",10980.0,233918.01882,,LTM,,,
A060280,Curexo Inc.,0.2460047778334911,0.21932577783349108,4.45760801840391,106.699015259744,57.4792037297649,68.2148908064331,3.69898980366769,Consumer Staples,Consumer Staples Distribution and Retail,Consumer Staples Distribution and Retail,Food Distributors,Groceries And Related Products,8670.0,357722.37930000003,,LTM,LTM,LTM,LTM
A494120,"Curiosis, Inc.",0.7054782126152974,0.6938952126152975,9.65846266753247,,,,6.62366931177993,Health Care,"Pharmaceuticals, Biotechnology and Life Sciences",Life Sciences Tools and Services,Life Sciences Tools and Services,Laboratory Apparatus and Furniture,9540.0,145578.14856,,2026E,,,
A445680,"Curiox Biosystems Co., Ltd",-0.4054694300119392,-0.45756943001193917,136.058286478349,,,,14.8144848977994,Health Care,"Pharmaceuticals, Biotechnology and Life Sciences",Life Sciences Tools and Services,Life Sciences Tools and Services,Surgical and Medical Instruments and Apparatus,43750.0,752642.4062499999,,LTM,,,
A372320,Curocell Inc.,,,,,,,15.4132860806605,Health Care,"Pharmaceuticals, Biotechnology and Life Sciences",Biotechnology,Biotechnology,"Biological Products, Except Diagnostic Substances",23400.0,356315.3568,,,,,
A051780,"CUROHOLDINGS Co., Ltd.",-0.14695648000607256,-0.47534848000607255,1.05431604209649,,,,0.584391309919456,Communication Services,Media and Entertainment,Entertainment,Movies and Entertainment,"Special Industry Machinery, not elsewhere classified",2800.0,17701.9052,,LTM,,,
A376290,CU-Tech Corporation,0.053582856062774076,-0.02024314393722592,,,,4.73076316855729,0.411032702179252,Information Technology,Technology Hardware and Equipment,"Electronic Equipment, Instruments and Components",Electronic Components,"Electronic Components, not elsewhere classified",2890.0,51030.174999999996,,,,,LTM
A356890,"CyberOne Co., Ltd",-0.023680529946824343,-0.02363452994682434,0.216097558755204,9.63074412511216,3.71083333156018,,0.714676574020681,Information Technology,Software and Services,IT Services,IT Consulting and Other Services,"Computer Programming, Data Processing, And Other Computer Related Services",2245.0,26833.1829,,LTM,LTM,LTM,
A160980,CYMECHS Inc.,0.018494417499188703,0.0489794174991887,1.35411477285437,10.4441261041251,9.32895962601191,22.6117746081382,1.59363232716211,Information Technology,Semiconductors and Semiconductor Equipment,Semiconductors and Semiconductor Equipment,Semiconductor Materials and Equipment,Semiconductors and Related Devices,25550.0,279114.40865,,LTM,LTM,LTM,LTM
A217330,"Cytogen, Inc.",-0.1467607359456064,-0.2395397359456064,2.57518448678728,,,,2.3512107619378,Health Care,"Pharmaceuticals, Biotechnology and Life Sciences",Biotechnology,Biotechnology,In Vitro and In Vivo Diagnostic Substances,3200.0,73822.55040000001,,LTM,,,
A263720,"D&C Media Co.,Ltd.",-0.09696407713184939,-0.029175077131849386,0.488605434379458,3.64374903723404,2.85427007916667,11.0846953937593,0.957717809749905,Communication Services,Media and Entertainment,Media,Publishing,"Periodicals: Publishing, or Publishing and Printing",7350.0,90130.04385,,2026E,2026E,2026E,2026E
A347850,D&D Pharmatech Inc.,-0.6048844410097778,-0.6217804410097778,,,,,33.968710341898,Health Care,"Pharmaceuticals, Biotechnology and Life Sciences",Biotechnology,Biotechnology,"Biological Products, Except Diagnostic Substances",54300.0,2488982.1687,,,,,
A377190,"D&D platform REIT Co., Ltd.",0.2056303532223048,0.2534653532223048,13.6884812646281,22.845603214069,13.0933299052964,13.5860979462875,0.522276341238955,Real Estate,Equity Real Estate Investment Trusts (REITs),Diversified REITs,Diversified REITs,Real Estate Investment Trusts,2135.0,188734.0,,2026E,2026E,2026E,2026E
A003160,D.I Corporation,0.4215088071862595,0.4832988071862595,1.2160492677002,6.6368062109876,6.35828507462122,11.3063751196921,3.77322696449181,Information Technology,Semiconductors and Semiconductor Equipment,Semiconductors and Semiconductor Equipment,Semiconductor Materials and Equipment,"Special Industry Machinery, not elsewhere classified",23750.0,651010.22875,,2026E,2026E,2026E,2026E
A196490,"DA Technology Co.,Ltd.",,0.907707232301511,1.53686371640874,,,,,Information Technology,Semiconductors and Semiconductor Equipment,Semiconductors and Semiconductor Equipment,Semiconductor Materials and Equipment,"Special Industry Machinery, not elsewhere classified",6090.000006,34168.657563663706,,LTM,,,
A067080,"DAE HWA Pharmaceutical Co., Ltd.",0.04975175348271037,0.06976975348271036,1.91949762301771,51.627135498198,24.3073083879762,42.8301847299744,2.42673978557643,Health Care,"Pharmaceuticals, Biotechnology and Life Sciences",Pharmaceuticals,Pharmaceuticals,Pharmaceutical Preparations,10120.0,177268.498,,LTM,LTM,LTM,LTM
A014160,"DAE YOUNG Packaging.Co., Ltd.",-0.013935001220436307,-0.00018000122043630755,0.30196051592809803,,,,0.43644949969496,Materials,Materials,Containers and Packaging,Paper and Plastic Packaging Products and Materials,Paperboard Containers And Boxes,755.0,77847.709495,,LTM,,,
A045390,"DAEA TI Co., Ltd.",0.010355394608892399,0.07084739460889239,1.79641297134153,36.1341528379357,22.3183993666625,12.1656987826479,1.4060764946813,Information Technology,Technology Hardware and Equipment,"Electronic Equipment, Instruments and Components",Electronic Equipment and Instruments,"Communications Equipment, not elsewhere classified",3205.0,225867.173285,,LTM,LTM,LTM,LTM
A290670,"Daebo Magnetic Co.,Ltd.",-1.4109086017739034,-1.4852236017739033,3.06377765334337,,,,2.30699145646502,Industrials,Capital Goods,Machinery,Industrial Machinery and Supplies and Components,"General Industrial Machinery and Equipment, Not Elsewhere",4840.0,36161.92448,,LTM,,,
A078140,"Daebongls.Co.,Ltd.",0.05733346244025543,0.10107446244025543,1.2704566501094,23.4061529834425,12.4422345362147,12.2038104096888,0.626134878179242,Materials,Materials,Chemicals,Specialty Chemicals,"Soap, Detergents, And Cleaning Preparations; Perfumes, Cosmetics, and Other Toilet Preparations",7770.0,86142.71883,,LTM,LTM,LTM,LTM
A012800,"Daechang Co., Ltd.",0.17513313059402338,0.15716713059402337,0.325516730171244,6.69278933267375,6.06477872346133,4.36781250769558,0.322402108954218,Materials,Materials,Metals and Mining,Diversified Metals and Mining,Miscellaneous Fabricated Metal Products,1168.0,89144.406688,,LTM,LTM,LTM,LTM
A015230,"Daechang Forging Co., Ltd.",0.18514292086036183,0.16929492086036185,0.114521722465881,0.924697539395194,0.794331629356018,3.98005522684832,0.449036087224843,Industrials,Capital Goods,Machinery,Industrial Machinery and Supplies and Components,Metalworking Machinery And Equipment,6010.0,151535.7794,,LTM,LTM,LTM,LTM
A096350,"Daechang Solution Co., Ltd.",0.1408390582520976,-0.04356994174790238,1.82819828551438,50.165552508741,32.003068072862,,2.01855648802788,Industrials,Capital Goods,Machinery,Industrial Machinery and Supplies and Components,Engines And Turbines,2140.0,76897.93824,,LTM,LTM,LTM,
A140520,"DaeChang Steel Co., Ltd.",0.08531274039887725,0.08873374039887724,0.241911252506404,13.061666494456,9.35481055043896,6.53115544440699,0.286726660899743,Materials,Materials,Metals and Mining,Steel,Metals Service Centers and Offices,1967.0,41519.113412,,LTM,LTM,LTM,LTM
A000490,Daedong Corporation,-0.028210234685679555,-0.053584234685679556,0.931958996419331,84.7028685043957,17.6341554300834,,0.42532494296044,Industrials,Capital Goods,Machinery,Agricultural and Farm Machinery,Farm Machinery and Equipment,7500.0,204159.48,,LTM,LTM,LTM,
A008830,"Daedong Gear Co., Ltd.",-0.030299674419593997,-0.06362167441959399,0.849139930901621,,28.4264524059926,,0.91807171536603,Consumer Discretionary,Automobiles and Components,Automobile Components,Automotive Parts and Equipment,Motor Vehicle Parts and Accessories,5830.0,68116.41408,,LTM,,LTM,
A020400,"Daedong Metals Co., Ltd.",-0.027661897747494005,-0.03855989774749401,0.478375203517043,109.513478433487,10.8470099220961,,0.220189753132474,Consumer Discretionary,Automobiles and Components,Automobile Components,Automotive Parts and Equipment,Motor Vehicle Parts and Accessories,2855.0,18210.137860000003,,LTM,LTM,LTM,
A048470,"Daedong Steel Co., Ltd.",0.07379344020088804,0.04113644020088804,,,,,,Materials,Materials,Metals and Mining,Steel,"Steel Works, Blast Furnaces, And Rolling And Finishing Mills",2720.0,23899.39696,,,,,
A008060,"Daeduck Co.,Ltd.",0.08864100695778235,0.10660600695778234,0.674333674989585,12.542765582929,4.76093124485334,25.709035147829,0.909058173227532,Information Technology,Technology Hardware and Equipment,"Electronic Equipment, Instruments and Components",Electronic Components,Printed Circuit Boards,14870.0,483266.89585,,LTM,LTM,LTM,LTM
A353200,"DAEDUCK ELECTRONICS Co., Ltd.",0.6565582865394278,0.5757772865394278,3.35306342189398,19.6336010157872,14.1370447902387,24.103043700051,5.97793401653408,Information Technology,Technology Hardware and Equipment,"Electronic Equipment, Instruments and Components",Electronic Components,Electronic Components And Accessories,105900.0,5455167.8196,,2026E,2026E,2026E,2026E
A006370,"Daegu Department Store Co., Ltd.",-0.12975074515495266,-0.2595117451549527,5.88933159156706,,,,0.336731633829925,Consumer Discretionary,Consumer Discretionary Distribution and Retail,Broadline Retail,Broadline Retail,Department Stores,4685.0,40860.747534999995,,LTM,,,
A001130,"Daehan Flour Mills Co.,Ltd",-0.030920807500256876,-0.029226807500256875,0.0858498699075115,2.11485927183872,1.2433300984123,,0.018796524804599,Consumer Staples,"Food, Beverage and Tobacco",Food Products,Packaged Foods and Meats,Grain Mill Products,11370.0,187588.39979999998,,LTM,LTM,LTM,
A054670,"Daehan Nupharm Co.,Ltd.",0.07935762262539216,0.12974162262539216,0.752665834265285,14.7470761759221,10.4014209448528,5.12983999698698,0.581884388610993,Health Care,"Pharmaceuticals, Biotechnology and Life Sciences",Pharmaceuticals,Pharmaceuticals,Pharmaceutical Preparations,5590.0,78457.26551,,LTM,LTM,LTM,LTM
A439260,"Daehan Shipbuilding Co., Ltd.",0.38285429630074946,0.41160429630074946,0.96375873834062,3.5370121475593,3.4304001106383,6.88759822343697,1.60190398050635,Industrials,Capital Goods,Machinery,Construction Machinery and Heavy Transportation Equipment,Ship And Boat Building And Repairing,49450.0,1883487.6985,,2026E,2026E,2026E,2026E
A084010,"Daehan Steel Co., Ltd.",0.09329075987437864,0.10894375987437864,0.073922950388563,5.93122966647059,2.40073581738095,15.62,0.282784007655968,Materials,Materials,Metals and Mining,Steel,"Steel Works, Blast Furnaces (Including Coke Ovens), and Rolling Mills",7550.0,217696.1111,,2026E,2026E,2026E,2026E
A003830,"Daehan Synthetic Fiber Co., Ltd.",-0.003361146516594523,-0.006633146516594524,0.677864189324024,,,9.76902967315793,0.175213636172981,Consumer Discretionary,Consumer Durables and Apparel,"Textiles, Apparel and Luxury Goods",Textiles,Textile Mill Products,114500.0,123822.59000000001,,LTM,,,LTM
A069460,"Daeho Al Co.,Ltd.",-0.20714044536163267,-0.3008614453616327,0.411119547350047,,,,0.600166518772776,Materials,Materials,Metals and Mining,Aluminum,Primary Production of Aluminum,532.0,9253.321784,,LTM,,,
A016090,"Daehyun Co.,Ltd.",0.07162200168055637,0.06979000168055637,,,,6.58209627140989,0.642662163192724,Consumer Discretionary,Consumer Durables and Apparel,"Textiles, Apparel and Luxury Goods","Apparel, Accessories and Luxury Goods",Apparel and Other Finished Products Made From Fabrics and Similar Materials,1455.0,62975.76105,,,,,LTM
A092200,DAE-IL Corporation,-0.07461859112346983,-0.07701259112346982,0.83218228596628,89.805385626743,12.460981210969,,1.74524682803202,Consumer Discretionary,Automobiles and Components,Automobile Components,Automotive Parts and Equipment,Motor Vehicle Parts and Accessories,6350.0,246036.30625,,LTM,LTM,LTM,
A393970,DAEJIN ADVANCED MATERIALS Inc.,-0.255763911260848,-0.633716911260848,1.30190283928116,,,,0.803259878464608,Materials,Materials,Chemicals,Commodity Chemicals,"Plastics Materials, Synthetic Resins, and Nonvulcanizable Elastomers",2825.0,50428.56649999999,,LTM,,,
A078600,"Daejoo Electronic Materials Co., Ltd.",0.5981014585123745,0.6687194585123745,3.95664574551231,41.5741990988408,28.4869136629776,59.2709856155225,5.23645607376086,Information Technology,Technology Hardware and Equipment,"Electronic Equipment, Instruments and Components",Electronic Components,Electronic Components And Accessories,83200.0,1286404.7872,,2026E,2026E,2026E,2026E
A003310,Daejoo Inc.,0.028336517879884983,0.06362351787988499,0.435759445902958,5.5405903429051,4.06354350752244,9.16926230245242,0.514112888603841,Consumer Staples,"Food, Beverage and Tobacco",Food Products,Packaged Foods and Meats,Grain Mill Products,1623.0,57441.78405,,LTM,LTM,LTM,LTM
A120240,"Daejung Chemicals & Metals Co., Ltd.",0.11573668812081492,0.13003968812081493,0.267087044618136,2.30088946856155,1.81024575971929,7.33908907827326,0.57932442570991,Materials,Materials,Chemicals,Commodity Chemicals,Chemicals and Allied Products,14530.0,104476.38123,,LTM,LTM,LTM,LTM
A019680,"Daekyo Co., Ltd.",-0.13907380518689205,-0.17227980518689204,0.286772956984536,,5.25158264589971,,0.307359753140055,Consumer Discretionary,Consumer Services,Diversified Consumer Services,Education Services,Educational Services,1000.0,83272.777,,2026E,,2026E,
A005750,"Daelim Bath Co.,Ltd.",0.054788417844149145,0.08516541784414915,0.394815119147079,6.03707423360794,4.21405758814149,5.0702703210747,0.436906161646511,Industrials,Capital Goods,Building Products,Building Products,Pottery And Related Products,4500.0,74665.08,,LTM,LTM,LTM,LTM
A017650,"Daelim Paper Co.,Ltd.",0.009924254401724559,0.02239825440172456,0.116367283484806,9.66347098972362,1.60916731044498,23.3331102855028,0.323820927838476,Materials,Materials,Containers and Packaging,Paper and Plastic Packaging Products and Materials,Paperboard Mills,10320.0,83798.4,,LTM,LTM,LTM,LTM
A006570,"Daelim Trading Co., Ltd.",-0.07574078639665247,-0.3065367863966525,0.858329004615946,,,,0.844805490686247,Industrials,Capital Goods,Building Products,Building Products,Pottery And Related Products,1905.0,28697.81916,,LTM,,,
A317850,"DAEMO Engineering Co., Ltd.",0.1054104305897449,0.1089704305897449,1.28213793850995,22.718543958184,14.7612654847015,18.9957827047497,0.95183787339498,Industrials,Capital Goods,Machinery,Construction Machinery and Heavy Transportation Equipment,Construction Machinery and Equipment,5230.0,43536.7166,,LTM,LTM,LTM,LTM
A389260,"Daemyoung Energy Co.,Ltd",0.12155190849846761,0.18536590849846762,2.16972459380038,15.6288802728329,10.5670078722285,22.8336019427637,1.43369245825586,Utilities,Utilities,Independent Power and Renewable Electricity Producers,Renewable Electricity,Electric Services,12780.0,228970.6335,,LTM,LTM,LTM,LTM
A004780,"Daeryuk Can Co., Ltd.",0.007752003129803972,0.03467000312980397,,,,57.5,1.33532386362588,Materials,Materials,Containers and Packaging,"Metal, Glass and Plastic Containers",Metal Cans,3970.0,63135.70003,,,,,LTM
A065150,DAESAN F&B Inc.,0.29260304217125727,0.5038350421712572,0.298937095284135,5.47145148278977,5.1953185560992,2.36846707172989,0.968659810706549,Consumer Discretionary,Consumer Services,"Hotels, Restaurants and Leisure",Restaurants,"Special Industry Machinery, not elsewhere classified",1538.0,24457.275999999998,,LTM,LTM,LTM,LTM
A001680,Daesang Corporation,-0.09671883275118812,-0.21655583275118812,0.345493361453955,8.91836968111366,4.6237499953869,6.56331714605902,0.559320682097217,Consumer Staples,"Food, Beverage and Tobacco",Food Products,Packaged Foods and Meats,Miscellaneous Food Preparations And Kindred Products,17320.0,623836.05536,,2026E,2026E,2026E,2026E
A084690,"Daesang Holdings Co., Ltd.",-0.029334063481343986,-0.193988063481344,0.399107373185531,10.5073007535782,5.33106139995495,,0.435779801647248,Consumer Staples,"Food, Beverage and Tobacco",Food Products,Packaged Foods and Meats,Food and Kindred Products,7500.0,278445.14999999997,,LTM,LTM,LTM,
A117580,"Daesung Energy Co., Ltd.",0.045544000126075374,0.05324000012607537,0.244182302875403,7.66871553889172,4.15509195017842,6.8005805451594,0.541202684041737,Utilities,Utilities,Gas Utilities,Gas Utilities,Natural Gas Transmission and Distribution,6670.0,181387.62182,,LTM,LTM,LTM,LTM
A104040,DSM Corporation,0.34997214426722406,0.368947144267224,4.92767442468904,,,104.280047518332,3.30442153542799,Consumer Discretionary,Automobiles and Components,Automobile Components,Automotive Parts and Equipment,Motor Vehicle Parts and Accessories,2630.0,70186.40761,,LTM,,,LTM
A129920,"Daesung Hi-Tech Co., Ltd.",-0.13616836988486009,-0.10637936988486008,2.13187803348621,,58.6495904266761,,1.7362099598454,Industrials,Capital Goods,Machinery,Industrial Machinery and Supplies and Components,Metalworking Machinery And Equipment,5970.0,97004.71512,,LTM,,LTM,
A016710,"Daesung Holdings Co., Ltd.",-0.015987770634545283,0.008290229365454718,0.159486964134638,8.18667809024961,3.21997660372015,6.90049415765681,0.237987512358441,Utilities,Utilities,Gas Utilities,Gas Utilities,Gas and Other Services Combined,6850.0,110212.79415000002,,LTM,LTM,LTM,LTM
A128820,"Daesung Industrial Co., Ltd.",-0.0451686774998895,-0.0999916774998895,0.497699164790763,42.8872835938558,12.9685905239518,,0.244057040187036,Consumer Discretionary,Consumer Discretionary Distribution and Retail,Specialty Retail,Automotive Retail,General Industrial Machinery And Equipment,4005.0,155030.750505,,LTM,LTM,LTM,
A036480,"Daesung Microbiological Labs. Co., Ltd.",0.0021329475889814917,0.012359947588981492,1.30903079994627,68.5209282943146,11.1971275749299,35.9234250690889,0.67235358436331,Health Care,"Pharmaceuticals, Biotechnology and Life Sciences",Biotechnology,Biotechnology,Pharmaceutical Preparations,6160.0,23408.0,,LTM,LTM,LTM,LTM
A027830,"Daesung Private Equity, Inc.",,-0.06548637306835865,,,,240.444474588422,0.533893488727437,Financials,Financial Services,Capital Markets,Asset Management and Custody Banks,"Investors, not elsewhere classified",951.0,51354.0,,,,,LTM
A006340,"Daewon Cable. Co., Ltd.",0.3222336906595511,0.3607406906595511,1.53913700616914,79.4250828449714,53.1127969127887,90.2766712810493,8.04986988911642,Industrials,Capital Goods,Electrical Equipment,Electrical Components and Equipment,Drawing and Insulating of Nonferrous Wire,13400.0,1085877.2544,,LTM,LTM,LTM,LTM
A024890,"DAEWON Chemical Co., Ltd.",0.030130197990027974,-0.10015780200997203,0.683140251094922,89.3839563263843,23.7022149040609,,0.352056068547062,Materials,Materials,Chemicals,Specialty Chemicals,Miscellaneous Plastics Products,1843.0,15023.984874,,LTM,LTM,LTM,
A007680,"Daewon Co., Ltd.",-0.08627295286582753,-0.09801295286582754,1.34519305309252,,,,0.163634238884896,Consumer Discretionary,Consumer Durables and Apparel,Household Durables,Homebuilding,General Building Contractors-nonresidential,3460.0,44979.14192,,LTM,,,
A000430,"Daewon Kang Up Co., Ltd.",0.07468115552720309,0.09654115552720309,0.394414766925217,11.1159295552091,5.26351799783676,4.6779315721779,0.42981466857406,Consumer Discretionary,Automobiles and Components,Automobile Components,Automotive Parts and Equipment,Motor Vehicle Parts and Accessories,3960.0,245520.0,,LTM,LTM,LTM,LTM
A048910,"Daewon Media Co., Ltd.",0.15946049011524827,0.16690749011524827,0.348573035768703,11.5630802619541,4.61395046473366,9.5633311533142,0.654587411780615,Communication Services,Media and Entertainment,Entertainment,Movies and Entertainment,Motion Picture and Video Tape Production,5320.0,66944.98076,,LTM,LTM,LTM,LTM
A003220,"Daewon Pharmaceutical Co., Ltd.",0.04861499410733575,0.04662399410733575,0.46741515919916,14.7486062145974,6.60693862487538,11.0,0.625357158808841,Health Care,"Pharmaceuticals, Biotechnology and Life Sciences",Pharmaceuticals,Pharmaceuticals,Pharmaceutical Preparations,7610.0,163108.47079,,2026E,2026E,2026E,2026E
A005710,"Daewon Sanup Co., Ltd",0.09280570333955442,0.1174537033395544,,,,3.12434032858553,0.368838412491776,Consumer Discretionary,Automobiles and Components,Automobile Components,Automotive Parts and Equipment,Motor Vehicle Parts and Accessories,10850.0,217407.96000000002,,,,,LTM
A047040,"Daewoo Engineering & Construction Co., Ltd.",-0.0589032711512527,-0.2256622711512527,1.233857579948,11.8683095598408,10.5941747419334,12.0103500323439,,Industrials,Capital Goods,Construction and Engineering,Construction and Engineering,Building Construction General Contractors and Operative Builders,15980.0,6490608.1056,,2026E,2026E,2026E,2026E
A003090,"Daewoong Co., Ltd.",0.0729727403851188,0.1448497403851188,0.940844598294539,6.95016678528052,5.60537579921966,3.73294429765119,0.563676889125245,Health Care,"Pharmaceuticals, Biotechnology and Life Sciences",Pharmaceuticals,Pharmaceuticals,Pharmaceutical Preparations,16030.0,673851.1062500001,,LTM,LTM,LTM,LTM
A069620,"Daewoong Pharmaceutical Co., Ltd",0.04849290666297451,0.13538090666297453,1.35027807611778,10.4744155874413,8.09513149411973,9.68827630419104,1.3074536721573,Health Care,"Pharmaceuticals, Biotechnology and Life Sciences",Pharmaceuticals,Pharmaceuticals,Pharmaceutical Preparations,117900.0,1356589.233,,2026E,2026E,2026E,2026E
A108380,"DAEYANG ELECTRIC.Co.,Ltd.",0.16193200432947075,0.16158300432947076,0.209700297348021,1.74228958915254,1.44781810929577,6.04417670682731,0.609590086634579,Industrials,Capital Goods,Electrical Equipment,Electrical Components and Equipment,Electric Lighting And Wiring Equipment,17170.0,159152.55891,,2026E,2026E,2026E,2026E
A023910,"Daihan Pharmaceutical Co.,Ltd.",0.10913445351446636,0.12991645351446637,0.273346687274559,1.9385217042365,1.43371933454714,5.79753071671972,0.519352890026653,Health Care,"Pharmaceuticals, Biotechnology and Life Sciences",Pharmaceuticals,Pharmaceuticals,Pharmaceutical Preparations,26100.0,153468.0,,LTM,LTM,LTM,LTM
A131220,"DAIHAN Scientific Co., Ltd.",0.06867964641934013,0.11051764641934012,0.285542935246693,4.23868676206598,3.22859932165556,7.4826570043635,0.554442700573344,Information Technology,Technology Hardware and Equipment,"Electronic Equipment, Instruments and Components",Electronic Equipment and Instruments,Laboratory Analytical Instruments,3515.0,26195.175455,,LTM,LTM,LTM,LTM
A217270,Neptune Company,-0.11132897279044945,-0.11966597279044944,0.773336352361647,,12.752635333586401,,0.342945536531464,Communication Services,Media and Entertainment,Entertainment,Interactive Home Entertainment,Prepackaged Software,2440.0,109621.25536,,LTM,,LTM,
A232140,YC Corporation,0.48781868614056384,0.5139606861405639,2.4016328293889,16.7040774143971,12.8795095219751,23.2423568361473,2.29532640808806,Information Technology,Semiconductors and Semiconductor Equipment,Semiconductors and Semiconductor Equipment,Semiconductor Materials and Equipment,"Special Industry Machinery, not elsewhere classified",10010.0,820272.9535000001,,2026E,2026E,2026E,2026E
A253590,Neosem Inc.,0.03826874305445103,0.039846743054451024,6.83600986026758,138.857919189421,84.0840813965919,81.9801775900928,3.83764629001391,Information Technology,Semiconductors and Semiconductor Equipment,Semiconductors and Semiconductor Equipment,Semiconductor Materials and Equipment,"Special Industry Machinery, not elsewhere classified",10500.0,453525.47099999996,,LTM,LTM,LTM,LTM
A387310,"Daishin Balance No.10 Special Purpose Acquisition Co., Ltd.",,,,,,,,Financials,Financial Services,Capital Markets,Asset Management and Custody Banks,Prepackaged Software,,,,,,,
A471050,Daishin Balance No.17 Special Purpose Acquisition Company,,0.035604292377822505,,,,59.6539335038595,1.04852704139111,Financials,Financial Services,Capital Markets,Asset Management and Custody Banks,Non-operating Establishments,2110.0,12786.599999999999,,,,,LTM
A482690,"Daishin Balance No.19 Special Purpose Acquisition Co., Ltd.",,,,,,77.4167095095634,0.98974136304102,Financials,Financial Services,Capital Markets,Asset Management and Custody Banks,Non-operating Establishments,2065.0,10665.725,,,,,LTM
A0134X0,Daishin Balance No.20 Special Purpose Acquisition Company,,,,,,,,Financials,Financial Services,Capital Markets,Asset Management and Custody Banks,"Unit Investment Trusts, Face-Amount Certificate Offices, and Closed-End Management Investment Offices",1978.0,13331.720000000001,,,,,
A303030,"Zinitix Co., Ltd.",-0.5325664751824744,-0.7705964751824744,0.331327257261812,,,,5.03022991906158,Information Technology,Semiconductors and Semiconductor Equipment,Semiconductors and Semiconductor Equipment,Semiconductors,Semiconductors and Related Devices,1998.0,14814.644526,,LTM,,,
A307750,"Kookjeon Pharmaceutical Co., Ltd.",0.015143009158428498,-0.022901990841571497,0.94550150597911,54.192684964037,16.640568419302,,1.05260428821569,Health Care,"Pharmaceuticals, Biotechnology and Life Sciences",Pharmaceuticals,Pharmaceuticals,Medicinal Chemicals and Botanical Products,2080.0,112291.47904,,LTM,LTM,LTM,
A332290,"Nousbo Co., Ltd.",0.5306016708961242,0.5214416708961241,0.438640648154839,8.29137810536585,8.60883137652017,6.64444444444444,0.975168467772568,Materials,Materials,Chemicals,Fertilizers and Agricultural Chemicals,Agricultural Chemicals,897.0,35364.217824,,2026E,2026E,LTM,2026E
A336570,"WON TECH Co.,Ltd.",0.37525550820487297,0.4510315082048729,1.90340939316375,7.56154426294737,7.1834670498,9.92886178861789,2.66726037498369,Health Care,Health Care Equipment and Services,Health Care Equipment and Supplies,Health Care Equipment,Surgical and Medical Instruments and Apparatus,4555.0,408039.84253,,2026E,2026E,2026E,2026E
A369370,"Blitzway Entertainment Co., Ltd.",-0.3980884781913514,-0.5345394781913514,1.32417444728178,,,,2.25394365913068,Consumer Discretionary,Consumer Durables and Apparel,Leisure Products,Leisure Products,Miscellaneous Manufacturing Industries,3750.0,35730.255,,LTM,,,
A020180,"Daishin Information & Communications Co.,Ltd.",,0.0469900052283331,,,,32.9776202982068,1.55658647873788,Information Technology,Software and Services,IT Services,IT Consulting and Other Services,"Computer Programming, Data Processing, And Other Computer Related Services",4020.0,30896.84766,,,,,LTM
A003540,"Daishin Securities Co.,Ltd",,-0.7115226175564818,,,,7.29835333519397,0.444722068005033,Financials,Financial Services,Capital Markets,Investment Banking and Brokerage,"Security Brokers, Dealers, and Flotation Companies",25700.0,1759252.4828,,,,,2026E
A009190,"Daiyang Metal Co., Ltd.",0.10382313102100577,0.10184613102100576,0.373776841384764,11.6107186901956,8.11407859521879,6.7512083613876,0.749371231642801,Materials,Materials,Metals and Mining,Steel,"Steel Works, Blast Furnaces, And Rolling And Finishing Mills",1596.0,70194.652752,,LTM,LTM,LTM,LTM
A483650,"d'Alba Global Co., Ltd.",0.8005011380044779,0.9850821380044779,3.43916734763097,15.9912973865763,15.840936198641,21.3102610805137,12.026977129331,Consumer Staples,Household and Personal Products,Personal Care Products,Personal Care Products,"Perfumes, Cosmetics, and Other Toilet Preparations",214000.0,2668401.31,,2026E,2026E,2026E,2026E
A064260,"Danal Co., Ltd.",-0.10689561832791915,-0.22945061832791916,2.36939013807713,,,,1.2400968088956,Financials,Financial Services,Financial Services,Transaction and Payment Processing Services,Computer Processing and Data Preparation and Processing Services,5350.0,404703.19495,,LTM,,,
A030210,"Daol Investment & Securities Co., Ltd.",,0.29444179701488743,,,,6.13876594915289,0.426949483415092,Financials,Financial Services,Capital Markets,Investment Banking and Brokerage,"Investors, not elsewhere classified",3755.0,223445.108855,,,,,LTM
A032190,Daou Data Corp.,0.3206144199674008,0.48828641996740085,,,,3.02973231934082,0.455156361153484,Financials,Financial Services,Capital Markets,Investment Banking and Brokerage,"Security Brokers, Dealers, and Flotation Companies",19550.0,748765.0,,,,,LTM
A023590,Daou Technology Inc.,0.33682352461435583,0.4955085246143558,,,,2.7318556046205,0.463296227034456,Financials,Financial Services,Capital Markets,Investment Banking and Brokerage,"Computer Programming, Data Processing, And Other Computer Related Services",38350.0,1594268.7124,,,,,LTM
A066900,DAP Corporation,-0.2212059994477131,-4.279959999447713,0.429109235974951,,,,5.08712321289284,Information Technology,Technology Hardware and Equipment,"Electronic Equipment, Instruments and Components",Electronic Components,Printed Circuit Boards,1695.0,27290.335635,,LTM,,,
A067990,Deutsch Motors Inc.,0.01794723449381261,0.027590234493812607,0.392603148515518,23.6131142527394,9.73814274435121,27.3971479965774,0.279586187402936,Consumer Discretionary,Consumer Discretionary Distribution and Retail,Specialty Retail,Automotive Retail,Automotive Dealers and Gasoline Service Stations,3540.0,99655.69758,,LTM,LTM,LTM,LTM
A208860,"DASAN DMC Co., Ltd.",0.19384950594684847,0.1452195059468485,0.365950825940721,9.11156484243869,4.84666011541748,,0.660324119025395,Information Technology,Software and Services,Software,Application Software,Prepackaged Software,1121.0,38057.919733,,LTM,LTM,LTM,
A039560,"DASAN Networks, Inc.",-0.0052853461464337555,0.020109653853566244,0.448513332250271,8.73516607786442,5.69271311636257,,0.36130982748085,Information Technology,Technology Hardware and Equipment,Communications Equipment,Communications Equipment,Computer Communications Equipment,2305.0,96961.565275,,LTM,LTM,LTM,
A154040,"Dasan Solueta Co.,Ltd.",0.20600799751191626,0.4806499975119162,,,,1.0573418196113,0.311848006646354,Industrials,Capital Goods,Electrical Equipment,Electrical Components and Equipment,"Electronic and Other Electrical Equipment and Components, except Computer Equipment",1047.0,22631.547858,,,,,LTM
A0030R0,"Dashin Value REIT Co.,Ltd.",-0.12894341231881998,-0.07914441231881997,18.5072300296234,23.2825677189188,20.7491309315397,29.6969692470156,0.814273127433319,Real Estate,Equity Real Estate Investment Trusts (REITs),Office REITs,Office REITs,Real Estate Investment Trusts,3810.0,227761.80000000002,,LTM,LTM,LTM,LTM
A263800,"Datasolution, Inc.",0.23875715667977965,0.18196715667977964,0.599905183436509,22.1140267107734,10.890694342356,28.8044872138178,2.52079391550231,Information Technology,Software and Services,Software,Application Software,"Computer Programming, Data Processing, And Other Computer Related Services",5160.0,83722.9608,,LTM,LTM,LTM,LTM
A035720,Kakao Corp.,0.05151702118647167,0.06557502118647167,1.68590929552748,14.0179937961558,7.79662051878715,29.1704016903758,1.48392470925097,Communication Services,Media and Entertainment,Interactive Media and Services,Interactive Media and Services,"Computer Programming, Data Processing, And Other Computer Related Services",34300.0,15110988.6858,,2026E,2026E,2026E,2026E
A340360,DAVOLINK Inc.,-0.18841124302600823,-0.3804062430260082,0.929844808129007,,,,3.94738435646204,Information Technology,Technology Hardware and Equipment,Communications Equipment,Communications Equipment,"Communications Equipment, not elsewhere classified",923.0,48053.938556,,LTM,,,
A323350,"Dawon Nexview Co., Ltd.",0.2105364635218219,0.2194504635218219,1.74712319159343,10.4780236410292,8.71311353511476,15.591920363867,3.35031233085197,Industrials,Capital Goods,Machinery,Industrial Machinery and Supplies and Components,Miscellaneous Industrial And Commercial Machinery And Equipment,7800.0,62484.02159999999,,LTM,LTM,LTM,LTM
A068240,"Dawonsys Co.,Ltd.",-0.8427400364534803,1.3284759635465195,4.4571072497037,,,,,Industrials,Capital Goods,Machinery,Construction Machinery and Heavy Transportation Equipment,Railroad Equipment,2530.0,96553.49561,,LTM,,,
A373160,Day1 Company Inc.,0.13668229676622962,0.1633772967662296,0.166668944015884,3.39213058804627,1.14049234395088,6.07611280246317,0.87016266979106,Consumer Discretionary,Consumer Services,Diversified Consumer Services,Education Services,Educational Services,2840.0,39213.21196,,LTM,LTM,LTM,LTM
A489730,"DB Finance No.13 Special Purpose Acquisition Co., Ltd.",,,,,,,,Financials,Financial Services,Capital Markets,Asset Management and Custody Banks,Non-operating Establishments,2040.0,12917.279999999999,,,,,
A0004Y0,"DB Finance No.14 Special Purpose Acquisition Co., Ltd.",,,,,,,,Financials,Financial Services,Capital Markets,Asset Management and Custody Banks,"Unit Investment Trusts, Face-Amount Certificate Offices, and Closed-End Management Investment Offices",1992.0,10587.480000000001,,,,,
A306620,"GIS Co., Ltd.",0.18271496086334674,0.14407696086334676,1.21539259209044,22.9015122685914,16.74938242411,,1.53247662336071,Information Technology,Semiconductors and Semiconductor Equipment,Semiconductors and Semiconductor Equipment,Semiconductor Materials and Equipment,"Special Industry Machinery, not elsewhere classified",1743.0,80562.511029,,LTM,LTM,LTM,
A322780,"COPUS KOREA Co., Ltd.",0.0016804693391304082,-0.26499353066086956,0.761226781889493,,6.568276366344,,0.681477021198681,Communication Services,Media and Entertainment,Entertainment,Movies and Entertainment,Motion Picture and Video Tape Production,1984.0,17394.239872,,LTM,,LTM,
A477760,"DB Financial No.12 Special Purpose Acquisition Co., Ltd.",,0.050334017324278314,,,,65.5266809817753,1.06744732737912,Financials,Financial Services,Capital Markets,Asset Management and Custody Banks,Non-operating Establishments,2055.0,12001.199999999999,,,,,LTM
A000990,"DB HiTek CO., LTD.",0.28261859412661,0.29884159412661,2.15783380496815,9.32829298579802,6.71167741035849,11.2139798634417,1.79156112242983,Information Technology,Semiconductors and Semiconductor Equipment,Semiconductors and Semiconductor Equipment,Semiconductors,Agricultural Chemicals,90300.0,3810523.647,,2026E,2026E,2026E,2026E
A012030,DB Inc.,0.1116364165213263,0.1557334165213263,0.884322156805534,11.4702122720869,10.712169273923,4.94956800733259,0.577343881370775,Information Technology,Software and Services,IT Services,IT Consulting and Other Services,Agricultural Chemicals,1437.0,274510.87592099997,,LTM,LTM,LTM,LTM
A005830,"DB Insurance Co., Ltd.",-0.8416302428441149,-0.7501482428441149,0.721902241992548,6.64193528797445,6.26033732674834,6.7992068198172,0.929066807980269,Financials,Insurance,Insurance,Property and Casualty Insurance,"Fire, Marine, and Casualty Insurance",178600.0,10830923.5634,,LTM,LTM,LTM,LTM
A016610,"DB Securities Co., Ltd.",,0.453892289465822,,,,4.17226572370291,0.342890091542962,Financials,Financial Services,Capital Markets,Investment Banking and Brokerage,"Security Brokers, Dealers, and Flotation Companies",9200.0,371543.53640000004,,,,,LTM
A024090,DCM Corp.,0.08666299825575624,0.04436999825575625,,,,6.10346022869887,0.63312470228524,Materials,Materials,Metals and Mining,Steel,Miscellaneous Primary Metal Products,11410.0,98744.80994,,,,,LTM
A376300,"DEAR U Co., LTD.",0.22645360490636463,0.22206360490636462,2.85005823472517,6.95347953474756,6.65374282229781,13.3731597684789,2.104624336899,Communication Services,Media and Entertainment,Interactive Media and Services,Interactive Media and Services,Computer Processing and Data Preparation and Processing Services,18080.0,429190.38048000005,,2026E,2026E,2026E,2026E
A315640,DEEPNOID Inc.,-0.486921191184983,-0.5332131911849829,5.59342272884878,,,,2.02810811740999,Health Care,Health Care Equipment and Services,Health Care Technology,Health Care Technology,"Computer Programming, Data Processing, And Other Computer Related Services",1647.0,48376.066104,,LTM,,,
A261200,"DENTIS CO.,Ltd",-0.01369025084976198,-0.321869250849762,1.2571360159735,,94.0220964494523,29.0059618657172,0.684463064280726,Health Care,Health Care Equipment and Services,Health Care Equipment and Supplies,Health Care Equipment,Surgical and Medical Instruments and Apparatus,2400.0,37943.28,,LTM,,LTM,LTM
A145720,"Dentium CO., LTD",0.10018285867220136,0.10014685867220137,1.22741797374663,6.45002929546742,4.69455740474227,5.59232542574552,0.548820992440654,Health Care,Health Care Equipment and Services,Health Care Equipment and Supplies,Health Care Equipment,Dental Equipment and Supplies,36000.0,222442.272,,2026E,2026E,2026E,2026E
A0001A0,Deokyang Energen Corporation,,0.1595854143280517,1.32397615627655,29.9151286769001,17.5476104325849,32.4325387278819,2.05568537937295,Materials,Materials,Chemicals,Industrial Gases,Industrial Inorganic Chemicals,8360.0,207254.3902,,LTM,LTM,LTM,LTM
A263600,"Derkwoo Electronics Co., Ltd",0.18126883048210363,0.1261658304821036,0.515882094740263,,7.61321048073296,2.62765611444005,0.472950027699945,Information Technology,Technology Hardware and Equipment,"Electronic Equipment, Instruments and Components",Electronic Components,Semiconductors and Related Devices,3525.0,56154.34275,,LTM,,LTM,LTM
A067990,Deutsch Motors Inc.,0.01794723449381261,0.027590234493812607,0.392603148515518,23.6131142527394,9.73814274435121,27.3971479965774,0.279586187402936,Consumer Discretionary,Consumer Discretionary Distribution and Retail,Specialty Retail,Automotive Retail,Automotive Dealers and Gasoline Service Stations,3540.0,99655.69758,,LTM,LTM,LTM,LTM
A058730,"Development Advance Solution Co.,Ltd.",0.003678921396692278,-0.013426078603307717,0.449231638684296,,37.9047831436594,,0.476516549976944,Materials,Materials,Metals and Mining,Steel,Fabricated Structural Metal Products,3340.0,62334.78406,,LTM,,LTM,
A187870,"DEVICE CO.,Ltd",0.42206996634384086,0.37810696634384083,0.889096599146537,3.12761099713392,2.85125609891614,5.4162366341481,0.921007169116274,Information Technology,Semiconductors and Semiconductor Equipment,Semiconductors and Semiconductor Equipment,Semiconductor Materials and Equipment,"Special Industry Machinery, not elsewhere classified",10720.0,144365.18944,,LTM,LTM,LTM,LTM
A194480,Devsisters corporation,-0.28783556282017037,-0.14776156282017033,0.543670238616838,,,,1.20318549196837,Communication Services,Media and Entertainment,Entertainment,Interactive Home Entertainment,Prepackaged Software,15140.0,166006.67836,,2026E,,,
A206560,"Dexter Studios Co.,Ltd.",-0.16217620239174008,-0.22621220239174009,0.959097051900911,,,,0.670654659085804,Communication Services,Media and Entertainment,Entertainment,Movies and Entertainment,Motion Picture and Video Tape Production,883.0,22211.982439,,LTM,,,
A113810,"Dgenx Co., Ltd.",0.03976491525877749,0.04709991525877749,0.227079455596648,48.8155111920245,8.93036850697037,32.8652660846196,0.646542023324789,Consumer Discretionary,Automobiles and Components,Automobile Components,Automotive Parts and Equipment,Motor Vehicle Parts and Accessories,2515.0,16411.90915,,LTM,LTM,LTM,LTM
A290120,"DH AUTOLEAD Co.,Ltd.",0.10642480160069696,0.18014880160069696,0.336464543114731,4.56460176315432,3.48682392505032,3.05119135716453,0.335457499314969,Consumer Discretionary,Automobiles and Components,Automobile Components,Automotive Parts and Equipment,Motor Vehicle Parts and Accessories,2265.0,35844.025905,,LTM,LTM,LTM,LTM
A000300,"Dhautonex Co.,Ltd",0.21104379069171614,0.3390897906917162,3.34018826999538,16.2529814371831,14.5942739163507,28.5610140538657,3.32079693945525,Consumer Discretionary,Automobiles and Components,Automobile Components,Automotive Parts and Equipment,Motor Vehicle Parts and Accessories,2892.000001,30475.63283853791,,LTM,LTM,LTM,LTM
A025440,"DHAUTOWARE Co., LTD",0.00876120116684223,-0.33392679883315773,0.420938288359794,139.162617672694,20.5699727407026,,0.554232688359357,Consumer Discretionary,Consumer Durables and Apparel,Household Durables,Consumer Electronics,Household Audio and Video Equipment,3465.0,33805.385460000005,,LTM,LTM,LTM,
A021040,dhSteel,-0.019554981213908154,-0.05211698121390815,0.362923928558451,59.1384413292539,14.280606692698,,0.506037234847819,Materials,Materials,Metals and Mining,Steel,Drawing and Insulating of Nonferrous Wire,986.0,18060.291836,,LTM,LTM,LTM,
A031860,"DHX Company Co., Ltd.",-0.8073614877782502,-1.0575244877782504,1.60872540476099,,,,0.644727834664442,Consumer Discretionary,Consumer Durables and Apparel,Leisure Products,Leisure Products,Electromedical and Electrotherapeutic Apparatus,693.0,1315.357659,,LTM,,,
A001530,Di Dong Il Corporation,0.1526824245060436,0.1479924245060436,1.23313174746222,70.3185859894309,21.786362913602,35.0940665701881,0.965028270736191,Consumer Discretionary,Consumer Durables and Apparel,"Textiles, Apparel and Luxury Goods",Textiles,Textile Mill Products,23600.0,488888.6556,,2026E,2026E,2026E,2026E
A197140,"DigiCAP Co., Ltd.",-0.039890998536678095,-0.07543999853667809,0.351461777305931,,,,0.520642700998716,Information Technology,Software and Services,Software,Systems Software,Prepackaged Software,2240.0,28422.62976,,LTM,,,
A033130,DIGITAL CHOSUN Inc.,0.15931333901231337,0.13885833901231337,0.836940205092955,3.36541531115055,2.11269795383567,7.23953733370933,0.728070719228165,Communication Services,Media and Entertainment,Media,Publishing,"Newspapers: Publishing, or Publishing and Printing",1893.0,70259.200431,,LTM,LTM,LTM,LTM
A068930,"Digital Daesung Co., Ltd.",0.14770186779779623,0.25491786779779624,0.99883250726817,6.36200500068415,4.59973486034625,6.55408122235625,1.6276239548367,Consumer Discretionary,Consumer Services,Diversified Consumer Services,Education Services,Educational Services,8150.0,208192.565,,2026E,2026E,2026E,2026E
A068930,"Digital Daesung Co., Ltd.",0.14770186779779623,0.25491786779779624,0.99883250726817,6.36200500068415,4.59973486034625,6.55408122235625,1.6276239548367,Consumer Discretionary,Consumer Services,Diversified Consumer Services,Education Services,Educational Services,8150.0,208192.565,,2026E,2026E,2026E,2026E
A043360,Digital Graphics Incorporation,0.012879020215970009,0.03035002021597001,,,,17.8533368043786,0.386886724006182,Information Technology,Technology Hardware and Equipment,"Technology Hardware, Storage and Peripherals","Technology Hardware, Storage and Peripherals",Commercial Printing,2195.0,19528.188455,,,,,LTM
A131180,Dilli Illustrate Inc.,0.0398660091374317,0.0118600091374317,0.0470437657496105,0.991066998689651,0.62086623685237,8.25110977594192,0.339119861996281,Information Technology,Technology Hardware and Equipment,"Technology Hardware, Storage and Peripherals","Technology Hardware, Storage and Peripherals","Computer Peripheral Equipment, not elsewhere classified",3675.0,20423.3421,,LTM,LTM,LTM,LTM
A039840,DIO Corporation,0.2191220280981338,0.1393140280981338,1.0369511807701,8.51598059039301,6.50053185066667,7.08740740740741,0.90517254004724,Health Care,Health Care Equipment and Services,Health Care Equipment and Supplies,Health Care Equipment,Dental Equipment and Supplies,11400.0,150171.7098,,2026E,2026E,2026E,2026E
A085660,"Chabiotech Co.,Ltd.",0.042244704914961385,-0.1522862950850386,1.42087720667494,197.302275997698,27.9309079643187,63.6849238090873,1.92683679638673,Health Care,Health Care Equipment and Services,Health Care Providers and Services,Health Care Facilities,Ophthalmic Goods,8190.0,757595.6224199999,,LTM,LTM,LTM,LTM
A110990,DIT Corp.,0.38597113304710007,0.38348613304710005,0.874055007398155,3.4334711613832,3.31319474554111,7.82880780441725,1.25381473427538,Information Technology,Semiconductors and Semiconductor Equipment,Semiconductors and Semiconductor Equipment,Semiconductor Materials and Equipment,"Special Industry Machinery, not elsewhere classified",15700.0,291177.067,,LTM,LTM,LTM,LTM
A303810,"DK Life Science Co., Ltd.",0.03584638570921864,0.05810438570921864,0.797775834449714,7.65374790460103,5.15358628831863,8.19348656177083,0.533719367813219,Health Care,"Pharmaceuticals, Biotechnology and Life Sciences",Pharmaceuticals,Pharmaceuticals,Pharmaceutical Preparations,2205.0,70525.0287,,LTM,LTM,LTM,LTM
A290550,"DK Tech CO., LTD",0.19228679740925353,0.18914579740925352,0.770563058125245,9.72817968200177,7.0536204068589,10.3413234025515,1.52962073069279,Information Technology,Technology Hardware and Equipment,"Electronic Equipment, Instruments and Components",Electronic Components,Ship And Boat Building And Repairing,15610.0,312219.20029999997,,LTM,LTM,LTM,LTM
A263020,"DK&D Co.,Ltd",0.2542259710028268,0.25151597100282674,0.150255882860168,1.68855212764447,1.41275613960496,3.87396150811772,0.506431469408422,Consumer Discretionary,Consumer Durables and Apparel,"Textiles, Apparel and Luxury Goods",Textiles,Textile Mill Products,3120.0,42575.97552,,LTM,LTM,LTM,LTM
A105740,DK-Lok Corporation,0.1185894370727584,0.1414344370727584,0.775349827821233,11.0220063488576,7.86809559930419,9.77523016087856,0.541943478278986,Industrials,Capital Goods,Machinery,Industrial Machinery and Supplies and Components,Miscellaneous Fabricated Metal Products,7090.0,72094.75717000001,,LTM,LTM,LTM,LTM
A015590,"DKME Co., Ltd.",-0.13634472348875687,-0.14865772348875686,0.593507330903509,19.5338014597404,11.233534069834,,0.563341448095853,Industrials,Capital Goods,Machinery,Industrial Machinery and Supplies and Components,Fabricated Plate Work (Boiler Shops),1503.0,80254.650924,,LTM,LTM,LTM,
A375500,"DL E&C Co.,Ltd.",0.036008329993855184,0.03327132999385518,0.226545117030572,2.69393149807951,2.41263322406712,6.0232488947719,0.553902865281498,Industrials,Capital Goods,Construction and Engineering,Construction and Engineering,Heavy Construction Other Than Building Construction Contractors,68500.0,2849817.419,,2026E,2026E,2026E,2026E
A000210,"DL Holdings CO., LTD.",0.11408956824094288,0.10563656824094289,1.08488142908208,9.35554179443326,5.37962998799835,3.64862850327967,0.268161369875937,Materials,Materials,Chemicals,Commodity Chemicals,"Plastics Materials And Synthetic Resins, Synthetic Rubber, Cellulosic And Other Manmade Fibers, Except Glass",46850.0,1059503.52055,,2026E,2026E,2026E,2026E
A016670,"DMOA Co., Ltd",,,,,,4.07526324616715,0.184466896021224,Information Technology,Technology Hardware and Equipment,"Electronic Equipment, Instruments and Components",Technology Distributors,Tobacco Products,2265.0,17186.25375,,,,,LTM
A068790,"DMS Co.,Ltd.",0.13418334368809426,-0.17852065631190575,1.31959281063827,,,,0.361247163058796,Information Technology,Semiconductors and Semiconductor Equipment,Semiconductors and Semiconductor Equipment,Semiconductor Materials and Equipment,"Special Industry Machinery, not elsewhere classified",7460.0,168373.87104,,LTM,,,
A007340,DN Automotive Corporation,0.19896625569077914,0.2708832556907791,1.07165488849734,6.99951564048733,6.06481736805391,6.22534037171588,1.0127750201615,Consumer Discretionary,Automobiles and Components,Automobile Components,Automotive Parts and Equipment,Tires and Inner Tubes,45050.0,2331890.2635,,LTM,LTM,LTM,LTM
A047770,"Codes Combine Co., Ltd.",0.22020495338014215,0.16966495338014215,2.36242781744027,24.3897240458883,17.3278634094355,14.1011171089512,1.71819296483481,Consumer Discretionary,Consumer Durables and Apparel,"Textiles, Apparel and Luxury Goods","Apparel, Accessories and Luxury Goods",Refrigeration And Service Industry Machinery,3385.0,127781.24171500001,,LTM,LTM,LTM,LTM
A092070,"DNF Co.,Ltd.",-0.027579997184029433,0.03764000281597057,,,,,0.998645095574672,Information Technology,Semiconductors and Semiconductor Equipment,Semiconductors and Semiconductor Equipment,Semiconductor Materials and Equipment,Miscellaneous Chemical Products,12260.0,139568.79628,,,,,
A002150,"Dohwa Engineering Co., Ltd.",-0.0018545715281889012,0.0258534284718111,0.406095870522394,40.3438485227485,15.2344680131404,19.6506002466999,0.685356550197685,Industrials,Capital Goods,Construction and Engineering,Construction and Engineering,Engineering Services,5050.0,168143.91625,,LTM,LTM,LTM,LTM
A088130,"Dong A Eltek Co., Ltd.",0.16135199170495088,0.5199019917049509,0.153237627038859,0.764149108185416,0.724520984837756,2.12812321700732,0.503489814563899,Information Technology,Technology Hardware and Equipment,"Electronic Equipment, Instruments and Components",Electronic Equipment and Instruments,"Special Industry Machinery, not elsewhere classified",5140.0,89874.51396,,LTM,LTM,LTM,LTM
A002690,"Dong Il Steel Mfg Co.,Ltd",-0.004761899721593332,-0.006327899721593332,,,,18.6612055026638,0.192716588635617,Materials,Materials,Metals and Mining,Steel,"Steel Works, Blast Furnaces, And Rolling And Finishing Mills",1480.0,30044.5328,,,,,LTM
A111380,"Dong In Entech Co., Ltd",0.1665764294999653,0.1596374294999653,0.625663521183566,5.94940975519713,4.57268683663912,4.642614023145,0.478216431370403,Consumer Discretionary,Consumer Durables and Apparel,Leisure Products,Leisure Products,"Sporting and Athletic Goods, not elsewhere classified",13320.0,78923.95704,,2026E,2026E,2026E,2026E
A026960,Dong Suh Companies Inc.,0.027740395553370913,0.09500439555337092,3.2726505270442,13.0803024347031,12.7151797209516,17.4287290502866,1.46612440764877,Consumer Staples,Consumer Staples Distribution and Retail,Consumer Staples Distribution and Retail,Food Distributors,Groceries And Related Products,25550.0,2521169.756,,LTM,LTM,LTM,LTM
A002210,"Dong Sung Bio Pharm.Co.,Ltd.",0.012467001912238367,0.028520001912238368,,,,16.1414994358883,0.456107362543621,Health Care,"Pharmaceuticals, Biotechnology and Life Sciences",Pharmaceuticals,Pharmaceuticals,Pharmaceutical Preparations,1522.0,142892.24705,,,,,LTM
A030720,"Dong Won Fisheries Co., Ltd.",0.05729530880361919,0.11662830880361921,0.392172070853259,6.16235543521799,5.48561192115525,2.98927677904524,0.449360951012624,Consumer Staples,"Food, Beverage and Tobacco",Food Products,Packaged Foods and Meats,Prepared Fresh or Frozen Fish and Seafoods,5790.0,26945.53095,,LTM,LTM,LTM,LTM
A049180,"Cellumed Co.,Ltd.",-0.20122619339594316,-0.3631311933959432,0.736120365747232,,,,3.51374214628571,Health Care,Health Care Equipment and Services,Health Care Equipment and Supplies,Health Care Equipment,"Business Services, not elsewhere classified",1009.0,83939.725054,,LTM,,,
A000640,"Dong-A Socio Holdings Co., Ltd.",0.1320975253203982,0.16946052532039818,0.701553589967825,10.794200780297,4.84539679471111,8.30525453055277,0.50341600366541,Health Care,"Pharmaceuticals, Biotechnology and Life Sciences",Pharmaceuticals,Pharmaceuticals,Pharmaceutical Preparations,89000.0,589962.132,,2026E,2026E,2026E,2026E
A170900,"Dong-A ST Co., Ltd.",0.008992241442427846,-0.03007675855757215,0.789731401548844,68.1097226146939,15.6480249841308,,0.557230850337028,Health Care,"Pharmaceuticals, Biotechnology and Life Sciences",Pharmaceuticals,Pharmaceuticals,Pharmaceutical Preparations,37100.0,357595.10219999996,,LTM,LTM,LTM,
A028100,Dong-Ah Geological Engineering Company Ltd.,0.08995399896579936,0.12471999896579937,0.155779729658197,3.90908111139228,1.91024252162594,11.0496452420209,0.932961917219276,Industrials,Capital Goods,Construction and Engineering,Construction and Engineering,Engineering Services,17110.0,205911.01362,,LTM,LTM,LTM,LTM
A007590,DONGBANG AGRO Corporation,0.07042512407087916,0.10416412407087916,0.532775521313425,8.82544995117506,6.44273225586826,8.07033452146575,0.382785398453934,Materials,Materials,Chemicals,Fertilizers and Agricultural Chemicals,Agricultural Chemicals,5580.0,69223.75577999999,,LTM,LTM,LTM,LTM
A240550,"Dongbang Medical Co., Ltd",0.12446068840196892,0.14483368840196892,1.06628085106701,6.85311997044893,4.91970381048079,8.99074520527932,0.947187806837964,Health Care,Health Care Equipment and Services,Health Care Equipment and Supplies,Health Care Supplies,"Orthopedic, Prosthetic, and Surgical Appliances and Supplies",5680.0,118904.7792,,LTM,LTM,LTM,LTM
A099410,"Dongbang Ship Machinery Co., Ltd.",-0.06315198560746417,0.05148001439253583,,,,44.8397491325584,1.22294028199069,Industrials,Capital Goods,Machinery,Construction Machinery and Heavy Transportation Equipment,Ship And Boat Building And Repairing,3145.0,43189.740915,,,,,LTM
A004140,"Dongbang Transport Logistics Co., Ltd.",0.06546871245625314,0.14288771245625315,0.423789541206215,13.73273232496,6.48874069620265,6.65671263602735,0.514631792124383,Industrials,Transportation,Transportation Infrastructure,Marine Ports and Services,Arrangement of Transportation of Freight and Cargo,1768.0,84501.217008,,LTM,LTM,LTM,LTM
A207760,Mr. Blue Corporation,-0.3789562342788394,-0.38390423427883946,0.159713903010562,,5.28037041671477,,0.754476703731049,Communication Services,Media and Entertainment,Media,Publishing,"Computer Programming, Data Processing, And Other Computer Related Services",384.0,31635.346559999998,,LTM,,LTM,
A281740,"Lake Materials Co., Ltd.",0.03457955710281385,0.06688955710281386,6.9477737008866,67.0611486852288,34.8744704403264,66.2425521210174,5.84102889323211,Materials,Materials,Chemicals,Commodity Chemicals,Industrial Inorganic Chemicals,11530.0,757872.7803,,LTM,LTM,LTM,LTM
A005960,Dongbu Corporation,0.18741964585981527,0.20317964585981527,0.30174438029591,7.67449779937027,6.42794177210366,2.44537084779135,0.297606487566593,Industrials,Capital Goods,Construction and Engineering,Construction and Engineering,Heavy Construction Other Than Building Construction Contractors,7420.0,172142.55310000002,,LTM,LTM,LTM,LTM
A012030,DB Inc.,0.1116364165213263,0.1557334165213263,0.884322156805534,11.4702122720869,10.712169273923,4.94956800733259,0.577343881370775,Information Technology,Software and Services,IT Services,IT Consulting and Other Services,Agricultural Chemicals,1437.0,274510.87592099997,,LTM,LTM,LTM,LTM
A004890,"Dongil Industries Co.,Ltd.",-0.03944211980962146,-0.05389811980962146,,,,,0.190283636286771,Materials,Materials,Metals and Mining,Steel,"Steel Works, Blast Furnaces (Including Coke Ovens), and Rolling Mills",35950.0,76987.85969999999,,,,,
A109860,"Dongil Metal Co., Ltd.",0.08522999408244117,0.10608499408244117,0.587131792512235,20.6642283907976,8.52909017920298,13.5081585411587,0.402586245200103,Materials,Materials,Metals and Mining,Steel,Iron And Steel Foundries,7390.0,62513.67275,,LTM,LTM,LTM,LTM
A023790,"Dongil Steelux Co., Ltd.",-0.14002643435977224,-0.37435543435977225,2.38073498705375,,,,1.03812718771292,Materials,Materials,Metals and Mining,Steel,"Steel Works, Blast Furnaces (Including Coke Ovens), and Rolling Mills",1381.0,18037.468865000003,,LTM,,,
A032960,"Dongil Technology, Ltd",0.2008571513107601,0.1732691513107601,,,,3.4066099126695,0.491055256212279,Information Technology,Technology Hardware and Equipment,"Electronic Equipment, Instruments and Components",Electronic Components,Electronic Components And Accessories,2005.0,33197.6271,,,,,LTM
A005290,"Dongjin Semichem Co., Ltd.",0.09786030439697836,0.08677530439697836,1.93672145804598,14.6684910242931,10.3291747926573,24.6752766577882,1.95393348043713,Materials,Materials,Chemicals,Specialty Chemicals,Miscellaneous Chemical Products,41200.0,2083633.4736,,LTM,LTM,LTM,LTM
A006620,"DongKoo Bio & Pharma Co., Ltd.",0.12049942294470747,0.3843644229447075,0.716923012016839,,20.0901041902405,3.13373767974387,0.712029332411894,Health Care,"Pharmaceuticals, Biotechnology and Life Sciences",Pharmaceuticals,Pharmaceuticals,Pharmaceutical Preparations,3645.0,98568.48366,,LTM,,LTM,LTM
A086450,"DongKook Pharmaceutical Co., Ltd.",0.20588545877979728,0.2283054587797973,0.848583446276953,8.10152631463861,6.10687466337931,9.85090521831736,1.22859022211398,Health Care,"Pharmaceuticals, Biotechnology and Life Sciences",Pharmaceuticals,Pharmaceuticals,Pharmaceutical Preparations,17700.0,798459.8679,,2026E,2026E,2026E,2026E
A460850,"Dongkuk CM Co., Ltd.",-0.051601595919312016,-0.08910859591931201,0.401225677929678,,22.0039266501074,,0.15973374741402,Materials,Materials,Metals and Mining,Steel,"Steel Works, Blast Furnaces, And Rolling And Finishing Mills",5100.0,152483.1456,,LTM,,LTM,
A001230,"Dongkuk Holdings Co.,Ltd.",0.19397967848061726,0.15703267848061725,0.255117383085714,15.2734749084211,8.929108408,2.16964285714286,0.15773159714709,Materials,Materials,Metals and Mining,Steel,"Steel Works, Blast Furnaces (Including Coke Ovens), and Rolling Mills",1906.0,296397.70479,,2026E,2026E,2026E,2026E
A005160,"Dongkuk Industries Co., Ltd.",-0.08748233422840142,-0.07469633422840141,0.672413683501937,,54.8993897953311,,0.358332424317477,Materials,Materials,Metals and Mining,Steel,"Steel Works, Blast Furnaces, And Rolling And Finishing Mills",2410.0,124173.83051,,LTM,,LTM,
A075970,"Dongkuk Refractories & Steel Co., Ltd.",0.004252966899360045,0.015225966899360045,0.412085277785983,17.9012592446003,7.04494638345879,25.5839714902288,0.372191467533323,Materials,Materials,Construction Materials,Construction Materials,"Abrasive, Asbestos, And Miscellaneous Nonmetallic Mineral Products",1556.0,28630.399999999998,,LTM,LTM,LTM,LTM
A460860,Dongkuk Steel Mill Company Limited,0.07748832807836678,0.08374532807836678,0.525624893989008,22.0252758608485,8.6322340072209,20.0,0.249302877068689,Materials,Materials,Metals and Mining,Steel,"Steel Works, Blast Furnaces (Including Coke Ovens), and Rolling Mills",9140.0,453417.27537999995,,2026E,2026E,2026E,2026E
A100130,Dongkuk Structures & Construction Company Limited,-0.26069815284066267,-0.19014315284066266,0.67773368244898,33.20895044,11.0696501466667,,0.455143126881876,Industrials,Capital Goods,Construction and Engineering,Construction and Engineering,Heavy Construction Other Than Building Construction Contractors,1310.0,73011.17713,,2026E,2026E,2026E,
A023450,"Dongnam Chemical Co., Ltd.",0.2140368943406077,0.2438748943406077,0.609025553322146,9.06217747216739,6.31858446547463,,,Materials,Materials,Chemicals,Specialty Chemicals,"Specialty Cleaning, Polishing, and Sanitation Preparations",30350.0,110001.48084999999,,LTM,LTM,LTM,
A025950,Dongsin Engineering & Construction,-0.007466299372174077,-0.007574299372174078,0.627125494461419,,,52.9006267352405,0.927480096447139,Industrials,Capital Goods,Construction and Engineering,Construction and Engineering,Building Construction General Contractors and Operative Builders,10230.0,85932.0,,LTM,,,LTM
A102260,"DONGSUNG CHEMICAL Co., Ltd.",0.016555642204470145,0.12339364220447015,0.320749831617081,3.62739156376821,2.70306764262689,5.07532420048164,0.380419881302516,Materials,Materials,Chemicals,Commodity Chemicals,Management Consulting Services,3550.0,176693.52165,,LTM,LTM,LTM,LTM
A033500,"Dongsung FineTec Co., Ltd.",0.36323410386488014,0.39386810386488014,0.517484442389142,4.56915240609504,3.95258224226988,7.14578214578215,1.97820914497311,Materials,Materials,Chemicals,Specialty Chemicals,Miscellaneous Manufacturing Industries,16650.0,498386.59785,,2026E,2026E,2026E,2026E
A025900,"Dongwha Enterprise Co.,Ltd",0.10993316227914977,0.048484162279149784,1.44243172394962,,23.1401313405772,,0.396091684223073,Materials,Materials,Paper and Forest Products,Forest Products,"Lumber and Wood Products, except Furniture",6710.0,306922.63338,,2026E,,2026E,
A000020,"Dongwha Pharm.Co.,Ltd",0.06497675293110451,0.04348975293110452,0.498541784320091,13.7952770442559,6.22983661675201,7.96833026365413,0.364613504140331,Health Care,"Pharmaceuticals, Biotechnology and Life Sciences",Pharmaceuticals,Pharmaceuticals,Pharmaceutical Preparations,5090.0,141084.26369999998,,LTM,LTM,LTM,LTM
A013120,"DongWon Development Co.,Ltd.",-0.026766582103960834,-0.017435582103960835,0.9323540189385,20.0468926315572,16.8070843192477,7.45595759901874,0.182924912418675,Real Estate,Real Estate Management and Development,Real Estate Management and Development,Real Estate Development,General Building Contractors-residential,2145.0,188163.29317500003,,LTM,LTM,LTM,LTM
A006040,"Dongwon Industries Co., Ltd.",0.14802855958777977,0.20047955958777974,0.379764718142186,6.8338006262931,4.35082806064764,4.11070190641248,0.438459137176418,Consumer Staples,"Food, Beverage and Tobacco",Food Products,Packaged Foods and Meats,"Fishing, Hunting, and Trapping",37450.0,1653073.67155,,2026E,2026E,2026E,2026E
A018500,"Dongwon Metal Co., Ltd.",0.1798124292220129,0.3139104292220129,0.384823783839097,7.18638935769642,2.89248513510367,1.43207185791311,0.348968881845922,Consumer Discretionary,Automobiles and Components,Automobile Components,Automotive Parts and Equipment,Motor Vehicle Parts and Accessories,1425.0,66611.347125,,LTM,LTM,LTM,LTM
A014820,Dongwon Systems Corporation,0.061371430350601226,0.09009543035060123,0.628673362888572,11.7341676012692,5.28133941949763,9.57664949683547,0.66263723740525,Materials,Materials,Containers and Packaging,"Metal, Glass and Plastic Containers",Building Construction General Contractors and Operative Builders,20350.0,595347.2475500001,,LTM,LTM,LTM,LTM
A088910,"Dongwoo Farm To Table Co ., Ltd",0.14954359969258393,0.13998059969258392,0.0305176170813727,0.486181898585227,0.414056897732015,1.61078155196019,0.21807290351539,Consumer Staples,"Food, Beverage and Tobacco",Food Products,Packaged Foods and Meats,Poultry Slaughtering and Processing,2050.0,52729.616200000004,,LTM,LTM,LTM,LTM
A094170,"Dongwoon Anatech Co., Ltd.",,,,,,,,Information Technology,Semiconductors and Semiconductor Equipment,Semiconductors and Semiconductor Equipment,Semiconductors,Semiconductors and Related Devices,33700.0,678940.9929,,,,,
A079960,Dongyang E&P Inc.,0.12010500383015493,0.13787800383015494,,,,3.01666449694541,0.316600750807542,Industrials,Capital Goods,Electrical Equipment,Electrical Components and Equipment,"Electronic Components, not elsewhere classified",18780.0,143475.81960000002,,,,,LTM
A084670,Dongyang Express Corp.,0.038042740240408525,0.06660474024040852,1.07827727649953,22.7214825219814,12.918841140206,18.1840169009936,1.19671494538366,Industrials,Transportation,Ground Transportation,Passenger Ground Transportation,Local and Suburban Transit and Interurban Highway Passenger Transportation,24150.0,63007.35,,LTM,LTM,LTM,LTM
A060380,"Dongyang S.Tec Co.,Ltd",0.039550844985866924,0.057797844985866924,0.332454630547344,50.7216915307052,12.8636587145364,36.66017910575,0.225365199349075,Materials,Materials,Metals and Mining,Steel,"Steel Works, Blast Furnaces, And Rolling And Finishing Mills",1303.0,25147.9,,LTM,LTM,LTM,LTM
A241560,Doosan Bobcat Inc.,,1546.3677373450287,0.556447491832719,6.18716567682719,4.50995582354622,9.51500701728531,0.712839443458424,Industrials,Capital Goods,Machinery,Construction Machinery and Heavy Transportation Equipment,Construction Machinery and Equipment,58000.0,5553346.705999999,,2026E,2026E,2026E,2026E
A000150,Doosan Corporation,0.09660021492642239,0.11974721492642239,1.5645864675697,19.3147971639241,12.7657556541609,46.7425538774397,9.54547181025026,Industrials,Capital Goods,Industrial Conglomerates,Industrial Conglomerates,Conglomerates,1086000.0,19420185.402000003,,2026E,2026E,2026E,2026E
A034020,"Doosan Enerbility Co., Ltd.",0.0743718170016011,0.0892688170016011,3.10937451761757,49.8809376448265,32.9442085849178,127.869370134015,6.05146535926716,Industrials,Capital Goods,Electrical Equipment,Heavy Electrical Equipment,Heavy Construction Other Than Building Construction Contractors,73600.0,47138236.3648,,2026E,2026E,2026E,2026E
A336260,"Doosan Fuel Cell Co., Ltd.",-0.13243277363303627,-0.24015477363303628,6.62246062230928,,,,10.7579921386262,Industrials,Capital Goods,Electrical Equipment,Electrical Components and Equipment,Electrical Industrial Apparatus,35100.0,2298550.4217,,2026E,,,
A454910,Doosan Robotics Inc.,0.6379865991826117,0.6336165991826117,76.7458685921381,,,,13.7391838975503,Industrials,Capital Goods,Machinery,Industrial Machinery and Supplies and Components,Miscellaneous Industrial And Commercial Machinery And Equipment,69800.0,4524434.604,,2026E,,,
A131970,DOOSAN TESNA Inc.,-0.021792010908963752,0.020120989091036254,4.89219222539104,48.1330871178291,8.05226031555379,42.9425562665801,3.60887463502717,Information Technology,Semiconductors and Semiconductor Equipment,Semiconductors and Semiconductor Equipment,Semiconductors,Semiconductors and Related Devices,76600.0,1473671.6278000001,,LTM,LTM,LTM,LTM
A464580,"dotmill Co., Ltd.",,-0.9303399845698445,,,,107.452620720577,1.30136940712925,Communication Services,Media and Entertainment,Entertainment,Movies and Entertainment,Miscellaneous Amusement And Recreation,1650.0,30370.046850000002,,,,,LTM
A192080,"DoubleUGames Co., Ltd.",0.255996913132093,0.277953913132093,0.759546981333021,2.27082291517768,2.09106344078084,5.93902460712578,0.854026114000369,Consumer Discretionary,Consumer Services,"Hotels, Restaurants and Leisure",Casinos and Gaming,Prepackaged Software,58600.0,1129814.6218,,2026E,2026E,2026E,2026E
A012510,"Douzone Bizon Co., Ltd.",,,,,,,,Information Technology,Software and Services,Software,Systems Software,Prepackaged Software,,,,,,,
A484120,"Dowooinsys Co., Ltd.",0.2385396392410311,0.11714563924103111,1.33655227031919,17.7503216815398,5.83375774382993,9.17903803888879,1.2198488465977,Information Technology,Technology Hardware and Equipment,"Electronic Equipment, Instruments and Components",Electronic Components,"Electronic Components, not elsewhere classified",19650.0,215313.3423,,LTM,LTM,LTM,LTM
A462860,"Dozn Co., Ltd.",0.14193714687299888,0.19831214687299886,0.0267479196232086,0.108910543994262,0.0887147369177229,13.7893204632088,2.29442148949457,Financials,Financial Services,Financial Services,Transaction and Payment Processing Services,"Computer Programming, Data Processing, And Other Computer Related Services",2450.0,175803.48135000002,,LTM,LTM,LTM,LTM
A030350,"Dragonfly GF Co., Ltd",-0.6858635675981354,-1.0259805675981353,1.08238085730309,,,,2.9963752051547,Communication Services,Media and Entertainment,Entertainment,Interactive Home Entertainment,Electronic Components And Accessories,973.0,13503.093562,,LTM,,,
A004840,"DRB Holding Co., Ltd.",0.019803224927240203,0.0362312249272402,0.476857477045683,15.8162225410598,6.7401136956018,22.5884523794796,0.200911731652726,Consumer Discretionary,Automobiles and Components,Automobile Components,Tires and Rubber,"Gaskets, Packing, And Sealing Devices And Rubber And Plastics Hose And Belting",4265.0,82196.63246,,LTM,LTM,LTM,LTM
A163560,"DRB Industrial Co., Ltd.",0.07994123218123057,0.06362323218123057,0.265511303036888,4.36298126113726,3.47784485651752,4.20130522551726,0.323828965848231,Consumer Discretionary,Automobiles and Components,Automobile Components,Tires and Rubber,"Fabricated Rubber Products, Not Elsewhere Classified",5600.0,77840.0,,LTM,LTM,LTM,LTM
A362990,"Dream Insight Co., Ltd.",-0.021007279927582518,-0.02190727992758252,0.79161945243489,,25.8730763175352,,0.614122426841097,Communication Services,Media and Entertainment,Media,Advertising,Advertising Agencies,1228.0,20135.039536,,LTM,,LTM,
A203650,"Dream Security co., Ltd.",0.12216384758912466,0.15698184758912467,1.59704705870956,27.9019517154461,5.44076102608951,43.6755969943012,1.58168749588313,Information Technology,Software and Services,Software,Systems Software,Prepackaged Software,2030.0,191075.41460000002,,LTM,LTM,LTM,LTM
A223250,"DreamCIS, Inc.",0.35430888111390757,0.4432048811139076,0.794782790777778,7.153045117,5.7224360936,7.60820045558087,1.09526208539722,Health Care,"Pharmaceuticals, Biotechnology and Life Sciences",Life Sciences Tools and Services,Life Sciences Tools and Services,Commercial Physical and Biological Research,3235.0,79582.43634,,2026E,2026E,2026E,2026E
A192650,"DREAMTECH Co., Ltd.",-0.031257996887019614,0.03270900311298038,0.395227229678982,12.3739599785082,5.67408831478261,31.2140575079872,0.884577501805572,Information Technology,Technology Hardware and Equipment,"Electronic Equipment, Instruments and Components",Electronic Manufacturing Services,Electronic Components And Accessories,4685.0,308592.35771,,2026E,2026E,2026E,2026E
A060570,Dreamus Company,-0.04000974432388223,0.0005782556761177692,,,,,0.373265806869014,Consumer Discretionary,Consumer Durables and Apparel,Household Durables,Consumer Electronics,Household Audio and Video Equipment,728.0,53917.366775999995,,,,,
A263690,DRGEM Corporation,0.11473248911221075,0.11468748911221074,0.436978727000114,4.69143294106166,3.66842498000934,5.70675418614472,0.580791953553182,Health Care,Health Care Equipment and Services,Health Care Equipment and Supplies,Health Care Equipment,Electromedical and Electrotherapeutic Apparatus,4935.0,53769.37146,,LTM,LTM,LTM,LTM
A214680,DRTECH Corporation,0.015845693402251865,-0.23595030659774813,1.15268201737657,,,,0.94100244141221,Health Care,Health Care Equipment and Services,Health Care Equipment and Supplies,Health Care Equipment,Electromedical and Electrotherapeutic Apparatus,960.0,80137.85472,,LTM,,,
A017860,"DS DANSUK CO., LTD.",0.0031909298254665895,-0.012197070174533406,0.681399490541578,157.080523904841,27.1534844383923,,0.767818580984477,Energy,Energy,"Oil, Gas and Consumable Fuels",Oil and Gas Refining and Marketing,Petroleum Refining,11070.0,196593.66873,,LTM,LTM,LTM,
A241520,DSC Investment,,0.2816605559680945,,,,9.85706193965698,1.62283847808912,Financials,Financial Services,Capital Markets,Asset Management and Custody Banks,"Investors, not elsewhere classified",7800.0,198127.5582,,,,,LTM
A109740,"DSK Co., Ltd.",-0.058832877673376124,-0.11703987767337612,2.54674931009468,,,,1.07624237346289,Information Technology,Semiconductors and Semiconductor Equipment,Semiconductors and Semiconductor Equipment,Semiconductor Materials and Equipment,"Special Industry Machinery, not elsewhere classified",4360.0,109192.38064,,LTM,,,
A104040,DSM Corporation,0.34997214426722406,0.368947144267224,4.92767442468904,,,104.280047518332,3.30442153542799,Consumer Discretionary,Automobiles and Components,Automobile Components,Automotive Parts and Equipment,Motor Vehicle Parts and Accessories,2630.0,70186.40761,,LTM,,,LTM
A155660,DSR Corp,0.054967705703772456,0.06919570570377245,0.448518652804169,6.38924241774837,4.30149396329008,3.47818386851815,0.28260421880998,Materials,Materials,Chemicals,Commodity Chemicals,Miscellaneous Fabricated Metal Products,4320.0,69120.0,,LTM,LTM,LTM,LTM
A069730,DSR Wire Corp,0.15136817180114964,0.16999817180114962,0.369373829171463,3.06806304961295,2.59619398600513,2.39293584236818,0.395356128123673,Industrials,Capital Goods,Electrical Equipment,Electrical Components and Equipment,Miscellaneous Fabricated Metal Products,5410.0,77904.0,,LTM,LTM,LTM,LTM
A187220,"Dt&C Co., Ltd.",0.03587665064532534,-0.010818349354674659,0.844313639459116,16.1668538330274,4.34243844005803,9.39684258553044,0.229285784616372,Industrials,Commercial and Professional Services,Professional Services,Research and Consulting Services,"Engineering, Accounting, Research, Management, and Related Services",2000.0,23049.866,,LTM,LTM,LTM,LTM
A383930,"DT&CRO CO., Ltd.",-0.22857458842853717,-0.10288958842853717,1.1972664743888,,98.5042775440606,,1.92117492295752,Health Care,"Pharmaceuticals, Biotechnology and Life Sciences",Life Sciences Tools and Services,Life Sciences Tools and Services,Commercial Physical and Biological Research,1671.0,21362.277888,,LTM,,LTM,
A066670,"DTC Co., Ltd.",-0.028829310161102583,-0.056748310161102586,,,,9.12349672086419,0.291322311382225,Information Technology,Semiconductors and Semiconductor Equipment,Semiconductors and Semiconductor Equipment,Semiconductors,"Electronic Components, not elsewhere classified",3140.0,49290.57076,,,,,LTM
A016740,"DUAL Co., Ltd.",0.05615222868670624,0.12895122868670622,0.119267220337118,2.96556077917153,1.60714142544131,4.34385242390034,0.311326814902492,Consumer Discretionary,Automobiles and Components,Automobile Components,Automotive Parts and Equipment,Motor Vehicle Parts and Accessories,3195.0,91613.50667999999,,LTM,LTM,LTM,LTM
A176750,"DuChemBIO Co.,Ltd.",0.13802582605176533,0.17276282605176535,4.77988881612177,23.2284635523648,11.9094821908695,26.4002044898293,3.68786365474845,Health Care,Health Care Equipment and Services,Health Care Equipment and Supplies,Health Care Supplies,"Orthopedic, Prosthetic, and Surgical Appliances and Supplies",6300.0,178571.6856,,LTM,LTM,LTM,LTM
A213420,"Duk San Neolux Co.,Ltd",0.42247473475126435,0.42853873475126436,1.78828438896016,8.42505358377663,7.15944425506986,9.60572784422501,1.667276312076,Information Technology,Semiconductors and Semiconductor Equipment,Semiconductors and Semiconductor Equipment,Semiconductors,Semiconductors and Related Devices,31700.0,778644.4055,,2026E,2026E,2026E,2026E
A077360,"Duksan Hi Metal Co.,Ltd",-0.2652113732598539,-0.42612437325985386,2.41290940191159,21.4851613765957,14.4878861472367,,1.95094337812968,Information Technology,Semiconductors and Semiconductor Equipment,Semiconductors and Semiconductor Equipment,Semiconductors,Semiconductors and Related Devices,9670.0,439375.80934,,2026E,2026E,LTM,
A317330,"DUKSAN TECHOPIA Co.,Ltd.",-0.036673890149142185,-0.36167589014914214,3.43120070645546,,,,1.97886166431574,Information Technology,Semiconductors and Semiconductor Equipment,Semiconductors and Semiconductor Equipment,Semiconductors,Semiconductors and Related Devices,10070.0,205697.96662999998,,LTM,,,
A090410,"Dukshinepc Co., Ltd.",0.0019055312498986398,0.016523531249898638,0.701376633336184,,124.196580467666,,0.29988504758023,Materials,Materials,Metals and Mining,Steel,Fabricated Structural Metal Products,819.0,37742.824665,,LTM,,LTM,
A004830,"Duksung Co., Ltd.",-0.03230533755893285,0.01150766244106715,0.436197641644832,22.0694426726018,8.8922508229816,14.8150058967988,0.518364049650381,Materials,Materials,Chemicals,Commodity Chemicals,Printed Circuit Boards,3200.0,48939.008,,LTM,LTM,LTM,LTM
A073190,"Duoback Co., Ltd.",-0.20202898422732815,-0.16389998422732818,,,,,1.03179598801486,Industrials,Commercial and Professional Services,Commercial Services and Supplies,Office Services and Supplies,Office Furniture,1622.0,17944.896436,,,,,
A180400,"Dx & Vx Co., Ltd.",-0.3711119261051889,-0.5797119261051888,7.36439623825842,,,,2.8873044645234,Health Care,"Pharmaceuticals, Biotechnology and Life Sciences",Biotechnology,Biotechnology,In Vitro and In Vivo Diagnostic Substances,2485.0,244595.30956,,LTM,,,
A013570,DY Corporation,0.07551000010455754,0.10820100010455753,0.287225580608091,7.66278815791574,4.25245917110733,4.78474569654521,0.262505183842813,Industrials,Capital Goods,Machinery,Construction Machinery and Heavy Transportation Equipment,Motor Vehicle Parts and Accessories,4215.0,103980.640065,,LTM,LTM,LTM,LTM
A024900,"DY DEOKYANG Co.,Ltd.",-0.020658006913476037,-0.013129006913476038,0.0165413994041123,22.8463161109191,1.84353977109479,21.6480250060373,0.498442376303832,Consumer Discretionary,Automobiles and Components,Automobile Components,Automotive Parts and Equipment,Motor Vehicle Parts and Accessories,1688.0,54737.75504,,LTM,LTM,LTM,LTM
A210540,DY Power Corporation,0.12974392443710658,0.1296209244371066,0.108948354714914,1.26552974916941,0.917206340475973,3.90884953560913,0.372177222728813,Industrials,Capital Goods,Machinery,Construction Machinery and Heavy Transportation Equipment,"Construction, Mining, And Materials Handling",11190.0,123556.71252,,LTM,LTM,LTM,LTM
A002880,"DYA Co.,Ltd",0.07323416292572035,0.051749162925720356,0.263156179287605,6.76848219028693,4.93769253959971,27.5426157051275,0.751197050907745,Consumer Discretionary,Automobiles and Components,Automobile Components,Automotive Parts and Equipment,Motor Vehicle Parts and Accessories,779.0,36427.696933,,LTM,LTM,LTM,LTM
A310870,"Dyc Co.,Ltd.",0.10338707028197289,0.13401107028197287,0.70073048177995,16.2029554832689,7.58244138108157,6.98504958627254,0.518758565616805,Consumer Discretionary,Automobiles and Components,Automobile Components,Automotive Parts and Equipment,Motor Vehicle Parts and Accessories,1380.0,30251.83284,,LTM,LTM,LTM,LTM
A219550,"DYD Co.,LTD.",-0.6914909904238293,-1.3629199904238292,1.214022594196,,,,3.59165087064074,Consumer Discretionary,Consumer Discretionary Distribution and Retail,Distributors,Distributors,"Drugs, Drug Proprietaries, and Druggists' Sundries",1123.0,43430.066488000004,,LTM,,,
A145210,"Dynamic Design Co., LTD.",0.014893393625484072,-0.10746660637451594,0.523614624897543,32.8621321200065,11.1104316439777,,0.205196081737142,Industrials,Capital Goods,Machinery,Industrial Machinery and Supplies and Components,Metalworking Machinery And Equipment,224.0,945.642208,,LTM,LTM,LTM,
A290660,"Dynamic solution Co.,Ltd.",-0.28231741917169484,-0.2734284191716948,4.53646307559643,,,,1.57183773110706,Health Care,Health Care Equipment and Services,Health Care Equipment and Supplies,Health Care Equipment,Electromedical and Electrotherapeutic Apparatus,2070.0,87070.90887,,LTM,,,
A092780,"DYP Co.,Ltd",0.048510825870444106,0.07929982587044411,0.433745185602954,11.418925870656,5.67827404451626,4.66571482481711,0.296244617250368,Consumer Discretionary,Automobiles and Components,Automobile Components,Automotive Parts and Equipment,Miscellaneous Industrial And Commercial Machinery And Equipment,3415.0,43100.48278,,LTM,LTM,LTM,LTM
A104460,"DYPNF Co.,Ltd",0.018178120147406482,0.09909312014740648,0.17724438708515,3.23304554267279,2.8309813858719,3.803250609968,0.499870210761096,Industrials,Capital Goods,Machinery,Industrial Machinery and Supplies and Components,"Construction, Mining, And Materials Handling",7400.0,70081.68519999999,,LTM,LTM,LTM,LTM
A088260,E Kocref Cr-Reit,-0.19860510430173237,-0.12258410430173235,16.0549754074074,19.897641652459,12.9122993702128,11.4620938628159,0.935708268508066,Real Estate,Equity Real Estate Investment Trusts (REITs),Diversified REITs,Diversified REITs,Real Estate Investment Trusts,3100.0,196358.929,,2026E,2026E,2026E,2026E
A017940,E1 Corporation,0.03404760020162226,0.07062860020162226,0.283997430431317,10.7025886768551,6.79110447432735,3.76064237582214,0.260009874305555,Energy,Energy,"Oil, Gas and Consumable Fuels",Oil and Gas Storage and Transportation,Natural Gas Transmission and Distribution,91700.0,530186.5667,,2026E,2026E,2026E,2026E
A418620,"E8 Co.,Ltd.",-0.7379810906079455,-1.2543590906079456,8.89994862083189,,,,0.86067448923105,Information Technology,Software and Services,Software,Application Software,Prepackaged Software,495.0,9825.986115000002,,LTM,,,
A044960,"Eagle Veterinary Technology Co.,Ltd",0.06932087008627566,0.08514487008627566,0.772738315913107,7.68011854406485,5.81869930799701,8.68001234187308,0.718286310916454,Health Care,"Pharmaceuticals, Biotechnology and Life Sciences",Pharmaceuticals,Pharmaceuticals,Pharmaceutical Preparations,3015.0,38115.277245,,LTM,LTM,LTM,LTM
A039020,"Eagon Holdings Co.,Ltd",-0.06337603371038833,-0.08108003371038833,1.0833519552847,,26.6208036341809,,0.355848275218616,Industrials,Capital Goods,Building Products,Building Products,"Metal Doors, Sash, Frames, Molding, and Trim Manufacturing",2835.0,61403.891534999995,,LTM,,LTM,
A008250,"Eagon Industrial Co., Ltd.",-0.08452389801538299,-0.11423389801538299,0.507411762333678,,11.586638830968,,0.145965210795746,Materials,Materials,Paper and Forest Products,Forest Products,"Lumber and Wood Products, except Furniture",2515.0,25714.275459999997,,LTM,,LTM,
A353810,"EASY BIO,Inc.",0.17134801154272317,0.36009701154272317,0.644082901351087,6.26539309942857,4.74650992380952,4.98402555910543,1.80276911246677,Consumer Staples,"Food, Beverage and Tobacco",Food Products,Agricultural Products and Services,Grain Mill Products,6040.0,199814.79679999998,,2026E,2026E,2026E,2026E
A035810,"EASY HOLDINGS Co., Ltd.",0.03730449549008154,0.09434149549008153,0.42926849578404,7.577709530999,5.23761186181471,3.47944142746315,0.47471846950298,Consumer Staples,"Food, Beverage and Tobacco",Food Products,Agricultural Products and Services,Grain Mill Products,4345.0,280322.82382499997,,2026E,2026E,2026E,2026E
A478110,Ebest Special Purpose Acquisition No6 Company,,0.04039475077510145,,,,84.1283357967677,1.09651233402304,Financials,Financial Services,Capital Markets,Asset Management and Custody Banks,Non-operating Establishments,2045.0,10265.9,,,,,LTM
A097780,"Eco Volt Co.,Ltd.",-0.18746988004625256,-0.16677588004625257,,,,,0.0717024991542895,Information Technology,Technology Hardware and Equipment,"Electronic Equipment, Instruments and Components",Electronic Components,Radio and Television Broadcasting and Communications Equipment,1190.0,24148.775909999997,,,,,
A101360,"Eco&Dream Co., Ltd.",-0.11850601896837731,-0.13727701896837732,2.63982224699732,,79.7121353527634,,0.647794303146448,Consumer Discretionary,Automobiles and Components,Automobile Components,Automotive Parts and Equipment,Motor Vehicle Parts and Accessories,7400.0,129852.5804,,LTM,,LTM,
A128540,"ECOCAB Co.,Ltd",-0.0014458399546955457,-0.04097883995469555,0.135699772824645,,,13.1159026805349,0.297913437604057,Consumer Discretionary,Automobiles and Components,Automobile Components,Automotive Parts and Equipment,Motor Vehicle Parts and Accessories,1266.0,32905.130123999996,,LTM,,,LTM
A448280,"Ecoeye Co., Ltd.",0.46787099163799895,0.456127991637999,5.95609017866904,48.2074100147577,44.7796841109473,50.0879901362508,2.11859735030912,Industrials,Commercial and Professional Services,Commercial Services and Supplies,Environmental and Facilities Services,Sanitary Services,9090.0,269346.96261,,LTM,LTM,LTM,LTM
A159910,"EcoGlow Co., Ltd.",-0.010649177898544138,-0.09477017789854414,3.15817193072448,,,,1.60205798096963,Consumer Staples,Household and Personal Products,Personal Care Products,Personal Care Products,"Perfumes, Cosmetics, and Other Toilet Preparations",3140.0,32712.97216,,LTM,,,
A038110,Ecoplastic Corporation,-0.010018126484503115,0.004637873515496885,0.351423515942629,39.248956165742,8.77185383140158,,0.222175535601075,Consumer Discretionary,Automobiles and Components,Automobile Components,Automotive Parts and Equipment,Motor Vehicle Parts and Accessories,1906.0,76580.67462800001,,LTM,LTM,LTM,
A247540,"EcoPro BM Co., Ltd.",0.13979554034577318,0.1862855403457732,4.73356668888255,137.255738889935,62.9312052472391,194.88593048934,6.24898757433095,Industrials,Capital Goods,Electrical Equipment,Electrical Components and Equipment,"Miscellaneous Electrical Machinery, Equipment, and Supplies",105500.0,10320494.3505,,2026E,2026E,2026E,LTM
A086520,"Ecopro Co., Ltd.",0.2369847897877133,0.2135727897877133,4.13422636754617,54.1109919795789,35.1718778403759,41.9227391801955,5.45875891243691,Industrials,Capital Goods,Electrical Equipment,Electrical Components and Equipment,"Miscellaneous Electrical Machinery, Equipment, and Supplies",82500.0,11171658.877500001,,2026E,2026E,2026E,2026E
A383310,"Ecopro Hn. Co., Ltd.",0.02082278929331917,0.04565778929331917,3.31566445877783,35.135369971223,23.9681014448918,35.7078630379783,1.64562811660317,Industrials,Commercial and Professional Services,Commercial Services and Supplies,Environmental and Facilities Services,Chemicals and Allied Products,22450.0,470648.4003,,LTM,LTM,LTM,LTM
A450080,"Ecopro Materials Co., Ltd.",1.6207657073039239,1.6293907073039238,3.02594188425636,28.7408234731413,84.6624426874079,43.0733410942957,2.28581379116011,Industrials,Capital Goods,Electrical Equipment,Electrical Components and Equipment,Electric Lighting And Wiring Equipment,34550.0,2446619.2084999997,,2026E,2026E,LTM,2026E
A038870,"EcoSimplex Co., Ltd.",-0.09544596287241958,-0.16618496287241957,2.69632274702147,,,,0.350220157826319,Utilities,Utilities,Independent Power and Renewable Electricity Producers,Renewable Electricity,Cogeneration Services and Small Power Producers,1734.0,24298.131042,,LTM,,,
A092130,"e-Credible Co., Ltd.",0.13485872641071345,0.34644272641071344,2.45371006135084,8.173921641875,7.69310272176471,13.0,3.9765413046595,Industrials,Commercial and Professional Services,Professional Services,Research and Consulting Services,"Consumer Credit Reporting Agencies, Mercantile",14090.0,169694.324,,2026E,2026E,2026E,2026E
A067010,"ECSTELECOM Co., Ltd.",0.12204420283976403,0.12689720283976402,,,,,,Communication Services,Telecommunication Services,Diversified Telecommunication Services,Alternative Carriers,"Communications Services, Not Elsewhere Classified",2420.0,26350.170000000002,,,,,
A105550,"Edge Foundry Co.,Ltd",-0.003893102841489037,0.13350189715851096,1.86560160527947,,,13.7152927483519,0.259712423434652,Consumer Discretionary,Automobiles and Components,Automobile Components,Automotive Parts and Equipment,Motor Vehicle Parts and Accessories,2085.0,32654.03985,,LTM,,,LTM
A032800,Fantagio Corp.,-0.26579785403748996,-0.2359468540374899,0.300664882243079,,,,0.324090596779118,Communication Services,Media and Entertainment,Entertainment,Movies and Entertainment,Radio and Television Broadcasting and Communications Equipment,1564.0,19407.763584,,LTM,,,
A001840,"EE-HWA Construction Co., Ltd.",0.05919517034811907,0.21795817034811904,0.332360735077666,10.4917922984433,9.20850593820845,8.8447427639929,4.2249120798185,Industrials,Capital Goods,Construction and Engineering,Construction and Engineering,Engineering Services,2213.919999,32006.107870823245,,LTM,LTM,LTM,LTM
A134060,"e-future.Co.,Ltd.",-0.007615687451153555,0.024494312548846445,0.699351178341114,10.857937605353,5.3895158831142,14.3929352135157,0.897031868915281,Communication Services,Media and Entertainment,Media,Publishing,"Books: Publishing, or Publishing and Printing",5420.0,20491.81134,,LTM,LTM,LTM,LTM
A037370,EG Corporation,0.0035907546940924222,-0.2959392453059076,1.57862483914719,,30.4154684445278,,0.528232403999716,Materials,Materials,Metals and Mining,Steel,"Steel Works, Blast Furnaces, And Rolling And Finishing Mills",3505.0,30230.526859999998,,LTM,,LTM,
A261520,"Egis Co.,Ltd",0.11537101821914197,0.24954001821914198,,,,1.67138351396424,0.367139810348499,Information Technology,Software and Services,Software,Systems Software,Prepackaged Software,3990.0,38110.1658,,,,,LTM
A377330,"EGTRONICS Co.,Ltd.",-0.5175634178899344,-0.5470414178899343,2.56091178492586,,,,0.588958329185899,Industrials,Capital Goods,Electrical Equipment,Electrical Components and Equipment,Electrical Industrial Apparatus,2635.0,20840.531199999998,,LTM,,,
A041520,"ELC Co.,Ltd.",0.3213182726370549,0.2530132726370549,1.10934570518756,14.5964620673833,9.60727753776077,16.7513470077369,0.800983949205495,Information Technology,Semiconductors and Semiconductor Equipment,Semiconductors and Semiconductor Equipment,Semiconductors,"Electronic Components, not elsewhere classified",11240.0,131486.88004000002,,LTM,LTM,LTM,LTM
A037950,"Elcomtec Co., Ltd",0.21871661953216254,0.20251461953216254,0.621160113939047,11.0432928845777,5.5398536794409,15.2564290335537,0.596476341934189,Information Technology,Technology Hardware and Equipment,"Electronic Equipment, Instruments and Components",Electronic Components,Electronic Components And Accessories,2930.0,49462.15333,,LTM,LTM,LTM,LTM
A264850,"Elensys Co.,Ltd.",0.060120142441225204,0.0865081424412252,2.59612111102313,49.502418708828,29.3736441345847,41.9719565771195,3.47920924678035,Industrials,Capital Goods,Electrical Equipment,Electrical Components and Equipment,"Electronic Components, not elsewhere classified",5970.0,180858.83364,,LTM,LTM,LTM,LTM
A054210,"Elentec Co., Ltd.",0.2844294127940542,0.2899584127940542,0.424536987777901,7.02974158699634,4.92081911089744,4.75871313672922,0.540282395421861,Industrials,Capital Goods,Electrical Equipment,Electrical Components and Equipment,Electronic Components And Accessories,6750.0,167986.44675,,2026E,2026E,2026E,2026E
A063760,ELP Corporation,0.36547049597248926,0.32590549597248925,0.152370525073724,1.0684584158995,0.842001207891492,3.81597673705601,0.336771911180916,Information Technology,Semiconductors and Semiconductor Equipment,Semiconductors and Semiconductor Equipment,Semiconductor Materials and Equipment,"Special Industry Machinery, not elsewhere classified",2480.0,21079.92808,,LTM,LTM,LTM,LTM
A065440,ELUON Corporation,0.010462042996189271,0.04336004299618927,0.415173255911579,199.74438023186,24.0114221246918,,0.755498970081769,Information Technology,Software and Services,Software,Application Software,Radio and Television Broadcasting and Communications Equipment,1360.0,37094.027200000004,,LTM,LTM,LTM,
A139480,E-MART Inc.,-0.007910192858952654,0.013308807141047346,0.377923273134648,26.8292730248143,5.71505050744275,15.5102809944637,0.167871629392756,Consumer Staples,Consumer Staples Distribution and Retail,Consumer Staples Distribution and Retail,Consumer Staples Merchandise Retail,Miscellaneous General Merchandise Stores,71300.0,1909906.1838999998,,2026E,2026E,2026E,LTM
A123570,eMnet Inc.,0.03013118298342597,0.04109018298342597,,,,16.9679365439147,0.359521563349036,Communication Services,Media and Entertainment,Media,Advertising,Advertising,1609.0,34357.184561,,,,,LTM
A083470,"EMnI Co., Ltd.",-0.5727090500071326,-0.6189370500071325,1.47810833474681,,,,2.25039748185937,Information Technology,Semiconductors and Semiconductor Equipment,Semiconductors and Semiconductor Equipment,Semiconductors,"Electronic Components, not elsewhere classified",992.0,21168.210624,,LTM,,,
A058970,"EMRO., Incorporated.",0.055017370703852625,0.05151037070385263,2.17408657488372,26.7102064914286,20.7746050488889,31.4391143911439,2.20496050259298,Information Technology,Software and Services,Software,Application Software,Prepackaged Software,15540.0,192117.81876,,2026E,2026E,2026E,2026E
A091120,"EM-Tech.CO., LTD.",-0.061100435607794344,-0.08140043560779435,0.830741215019068,,,,0.342738817582332,Information Technology,Technology Hardware and Equipment,"Electronic Equipment, Instruments and Components",Electronic Components,"Electronic Components, not elsewhere classified",4105.0,64882.98962,,LTM,,,
A352940,"ENBIO Co., Ltd.",0.0745540621351255,0.0897340621351255,1.17440380730434,34.5349023619855,14.7570062072994,39.5527511162061,0.481132387441118,Materials,Materials,Chemicals,Fertilizers and Agricultural Chemicals,Agricultural Chemicals,1987.0,21594.179509999998,,LTM,LTM,LTM,LTM
A456070,"ENCell Co., Ltd.",-0.4970776764365478,-0.5171116764365478,9.79802857197287,,,,1.87253435808652,Health Care,"Pharmaceuticals, Biotechnology and Life Sciences",Life Sciences Tools and Services,Life Sciences Tools and Services,Commercial Physical and Biological Research,5590.0,61655.00003,,LTM,,,
A348370,"Enchem Co., Ltd.",-0.12241720400334422,-0.09532620400334421,2.04692828375129,,,,0.962950536039501,Materials,Materials,Chemicals,Commodity Chemicals,Chemicals and Allied Products,17880.0,391768.57272,,LTM,,,
A019990,Enertork Ltd.,-0.045039338288775405,-0.05335233828877542,1.53994440000372,,,,1.25287644322037,Industrials,Capital Goods,Electrical Equipment,Electrical Components and Equipment,"Construction, Mining, And Materials Handling",4710.0,45071.95407,,LTM,,,
A011090,"ENEX Co., LTD.",-0.26844049013322235,-0.15393449013322236,0.285358132436097,,,,0.741387102449033,Consumer Discretionary,Consumer Durables and Apparel,Household Durables,Home Furnishings,Household Furniture,1903.0,22570.554336,,LTM,,,
A102710,"ENF Technology Co., Ltd.",0.1804966626780969,0.21728666267809688,1.12724809032697,9.23479233014375,5.42643727310488,11.8569825354408,1.40652104572476,Materials,Materials,Chemicals,Specialty Chemicals,Chemicals and Allied Products,45300.0,647238.9708,,LTM,LTM,LTM,LTM
A419080,"Enjet Co., Ltd.",0.2469742201086533,0.2318022201086533,7.51528292260721,,,,1.82993233521506,Industrials,Capital Goods,Machinery,Industrial Machinery and Supplies and Components,Printing Trades Machinery and Equipment,6070.0,61528.542859999994,,LTM,,,
A074610,"ENPLUS Co., Ltd.",-0.1010375228361037,-0.5798295228361038,3.07011646837676,173.95058165447,51.4480207368847,,2.41537537854994,Industrials,Capital Goods,Machinery,Construction Machinery and Heavy Transportation Equipment,Miscellaneous Industrial And Commercial Machinery And Equipment,5110.0,37494.48192,,LTM,LTM,LTM,
A317870,"ENVIONEER Co., Ltd.",-0.00540841251489016,-0.15094941251489014,5.20218638001105,,,,1.67285864311358,Materials,Materials,Chemicals,Specialty Chemicals,Miscellaneous Chemical Products,5950.0,52609.27524999999,,LTM,,,
A183490,Enzychem Lifesciences Corporation,-0.20099581584025528,-0.2074658158402553,,,,,0.563594920509351,Health Care,"Pharmaceuticals, Biotechnology and Life Sciences",Pharmaceuticals,Pharmaceuticals,Pharmaceutical Preparations,990.0,76855.48298999999,,,,,
A039030,"EO Technics Co., Ltd.",0.4704540180546275,0.45778701805462746,9.13395295708589,32.9501699091008,31.0617749239852,42.5221404075748,7.23290274769975,Information Technology,Semiconductors and Semiconductor Equipment,Semiconductors and Semiconductor Equipment,Semiconductor Materials and Equipment,"Miscellaneous Electrical Machinery, Equipment, and Supplies",398500.0,4909340.675,,2026E,2026E,2026E,2026E
A294090,"EOFLOW Co., Ltd.",,0.07757232457124974,27.1790631880299,1.09706071604405,1.07636272215906,1.18952546823325,,Health Care,Health Care Equipment and Services,Health Care Equipment and Supplies,Health Care Supplies,Surgical and Medical Instruments and Apparatus,1490.0,51113.5113,,LTM,LTM,LTM,LTM
A245620,"Eone Diagnomics Genome Center Co., Ltd.",0.36592738083252885,-2.086910619167471,36.0447329270211,4.99659848859939,5.01780236602718,1.08786963466257,3.92641843750477,Health Care,"Pharmaceuticals, Biotechnology and Life Sciences",Life Sciences Tools and Services,Life Sciences Tools and Services,Electromedical and Electrotherapeutic Apparatus,2489.999999,57392.55030695078,,LTM,LTM,LTM,LTM
A317530,"Episode Company Co., Ltd.",2.34946137782481,2.1428663778248103,2.9506601413785,,,,1.50225464106781,Communication Services,Media and Entertainment,Entertainment,Movies and Entertainment,Motion Picture and Video Tape Production,2900.0,48876.104100000004,,LTM,,,
A435570,"ERCOHS Agricultural Corporation Co.,Ltd",-0.03295016032338105,-0.11675816032338104,2.07302778843568,,57.3322075340343,,0.998152850606848,Consumer Staples,"Food, Beverage and Tobacco",Food Products,Packaged Foods and Meats,Non-operating Establishments,6700.0,51033.786100000005,,LTM,,LTM,
A050120,"ES Cube Co., Ltd.",0.115157051134685,0.09881905113468499,2.94217652453682,,,,0.540010938001605,Consumer Discretionary,Consumer Durables and Apparel,Leisure Products,Leisure Products,Miscellaneous Fabricated Textile Products,3515.0,47080.286105,,LTM,,,
A080010,"eSang Networks Co.,Ltd",0.11207652981330152,0.16515452981330153,0.33860764879886,1.39822230299841,1.23393911294214,5.17929506821038,0.520168166362695,Communication Services,Media and Entertainment,Media,Advertising,Advertising,7840.0,72383.43504,,LTM,LTM,LTM,LTM
A365550,"ESR Kendall Square REIT Co., Ltd.",0.04324652223809271,0.06218352223809271,16.892136788055,31.7741966929786,21.7343216004044,23.9043824701195,0.633595939617148,Real Estate,Equity Real Estate Investment Trusts (REITs),Industrial REITs,Industrial REITs,Real Estate Investment Trusts,2960.0,728423.44,,2026E,2026E,2026E,2026E
A043340,"Essen Tech Co., Ltd.",0.11462796304545017,0.10075096304545017,1.21112951723581,25.7550874602289,12.3915324791413,,,Industrials,Capital Goods,Machinery,Industrial Machinery and Supplies and Components,Miscellaneous Fabricated Metal Products,858.0,40755.0,,LTM,LTM,LTM,
A239340,ESTaid Corp.,-0.31061223496019685,-0.3960252349601968,,,,,1.17768329778155,Communication Services,Media and Entertainment,Interactive Media and Services,Interactive Media and Services,"Computer Programming, Data Processing, And Other Computer Related Services",592.0,15971.900704000001,,,,,
A015020,E-Starco. Co. Ltd,0.09492796281812077,-0.14176003718187924,,,,2.61842716480716,0.398967671836997,Real Estate,Real Estate Management and Development,Real Estate Management and Development,Real Estate Operating Companies,Real Estate Agents and Managers,464.0,9022.702255999999,,,,,LTM
A069510,ESTec Corporation,0.10306815770739905,0.15957515770739905,,,,2.7846506919609,0.447789949683782,Consumer Discretionary,Consumer Durables and Apparel,Household Durables,Consumer Electronics,Household Audio and Video Equipment,12700.0,106807.0,,,,,LTM
A458350,"Esteem Co., Ltd.",,0.2593536960952205,0.244114351794872,2.72013134857143,3.26518832069178,12.8723404255319,1.05113164137547,Communication Services,Media and Entertainment,Entertainment,Movies and Entertainment,"Business Services, not elsewhere classified",3400.0,29522.879999999997,,2026E,2026E,LTM,2026E
A047560,ESTsoft Corp.,-0.062403953840771784,-0.1928109538407718,0.530213682084357,,,,1.55889744026944,Information Technology,Software and Services,Software,Application Software,Prepackaged Software,7380.0,76948.30062,,LTM,,,
A206650,"EuBiologics Co., Ltd.",,,,,,,,Health Care,"Pharmaceuticals, Biotechnology and Life Sciences",Biotechnology,Biotechnology,"Biological Products, Except Diagnostic Substances",8390.0,308351.85573,,,,,
A215090,"SolDefense Co., Ltd.",0.1518941808002712,0.17384318080027117,0.558355928889964,49.2824506935579,14.3276119673648,15.0820478318363,0.612070106988949,Industrials,Capital Goods,Aerospace and Defense,Aerospace and Defense,Guided Missiles And Space Vehicles And Parts,1302.0,30136.952622,,LTM,LTM,LTM,LTM
A023410,Eugene Corporation,0.05317420522096951,0.015479205220969506,0.542599599427733,5.60485576122713,4.5155958901893,4.99583379109638,0.243025299040737,Materials,Materials,Construction Materials,Construction Materials,"Concrete, Gypsum, And Plaster Products",3245.0,222408.461165,,LTM,LTM,LTM,LTM
A001200,"Eugene Investment & Securities Co.,Ltd.",,0.503437525125354,,,,3.61391648016721,0.343715691142286,Financials,Financial Services,Capital Markets,Investment Banking and Brokerage,"Security Brokers, Dealers, and Flotation Companies",4240.0,389397.9748,,,,,LTM
A187790,"NANO Co., Ltd.",0.008142984755611815,0.10680498475561181,1.43713658138236,24.9122031461258,15.4856589780329,38.5014708427064,2.36635938106245,Materials,Materials,Chemicals,Specialty Chemicals,Miscellaneous Chemical Products,2960.0,90778.34856,,LTM,LTM,LTM,LTM
A468760,Eugene Special Purpose Acquisition 10 Company,,0.047536085282218796,,,,101.140229664177,0.98104480505769,Financials,Financial Services,Capital Markets,Asset Management and Custody Banks,Non-operating Establishments,2080.0,8819.2,,,,,LTM
A488060,"Eugene Special Purpose Acquisition 11 Co., Ltd",,,,,,58.373811381327,0.998494735573429,Financials,Financial Services,Capital Markets,Asset Management and Custody Banks,Non-operating Establishments,2020.0,9534.4,,,,,LTM
A0105P0,Eugene Special Purpose Acquisition 12 Company,,,,,,,,Financials,Financial Services,Capital Markets,Asset Management and Custody Banks,Non-operating Establishments,1986.0,11240.76,,,,,
A331380,"FOCUS AI Co., Ltd.",-0.27137699205444,-0.54544999205444,1.73953025884959,,,,2.68687990881102,Information Technology,Technology Hardware and Equipment,"Electronic Equipment, Instruments and Components",Electronic Equipment and Instruments,Household Audio and Video Equipment,1935.0,68730.3486,,LTM,,,
A413630,"Cp System Co.,Ltd",0.26055480883112336,0.26450280883112337,4.85649239042553,28.53189279375,20.3799234241071,28.0241935483871,2.85229422430915,Materials,Materials,Chemicals,Commodity Chemicals,Miscellaneous Plastics Products,3250.0,118418.96625,,2026E,2026E,2026E,2026E
A321260,"Pro2000 Co.,Ltd.",0.12425035635816911,0.040745356358169116,0.410526347708316,4.91655183348814,3.10722017990349,4.91414853867864,0.971966845556822,Information Technology,Semiconductors and Semiconductor Equipment,Semiconductors and Semiconductor Equipment,Semiconductor Materials and Equipment,"Special Industry Machinery, not elsewhere classified",1620.0,44154.851220000004,,LTM,LTM,LTM,LTM
A084370,"Eugene Technology Co.,Ltd.",0.5714147108199867,0.5606287108199868,5.43745260639002,27.7655688322558,23.8315940823491,22.5703898060087,6.36896077333235,Information Technology,Semiconductors and Semiconductor Equipment,Semiconductors and Semiconductor Equipment,Semiconductor Materials and Equipment,"Special Industry Machinery, not elsewhere classified",128500.0,2906817.3895,,2026E,2026E,2026E,2026E
A000700,"Eusu Holdings Co., Ltd.",-0.01171760296085627,0.037479397039143734,0.112668043497678,1.78696377552271,1.34424137579422,15.9852011969433,0.486927038372566,Industrials,Transportation,Marine Transportation,Marine Transportation,Water Transportation,6300.0,164063.4156,,LTM,LTM,LTM,LTM
A263050,"Eutilex.Co.,Ltd",-0.6073436065221977,-0.9619716065221977,4.81650386533373,,,,2.79840574212082,Health Care,"Pharmaceuticals, Biotechnology and Life Sciences",Biotechnology,Biotechnology,"Biological Products, Except Diagnostic Substances",959.0,35320.812002,,LTM,,,
A131400,"EV Advanced Material Co.,Ltd",-0.1769876731938188,-0.25630267319381883,0.562905609550951,47.9768860944775,5.90421837064896,,0.495345223411596,Information Technology,Technology Hardware and Equipment,"Electronic Equipment, Instruments and Components",Electronic Components,Electronic Components And Accessories,779.0,46418.798045999996,,LTM,LTM,LTM,
A270660,EVERYBOT Inc.,-0.013022784366297141,-0.08092578436629713,5.07699934725618,,,,2.94872082845026,Consumer Discretionary,Consumer Durables and Apparel,Household Durables,Household Appliances,Household Appliances,13410.0,170180.71803,,LTM,,,
A088290,"Ewon Comfortech Co., Ltd.",-0.13437295558257684,-0.39311195558257683,0.434972537709261,10.5145413187569,5.98262820284994,,12.1967923901817,Consumer Discretionary,Automobiles and Components,Automobile Components,Automotive Parts and Equipment,Motor Vehicle Parts and Accessories,2140.0,17068.61218,,LTM,LTM,LTM,
A084680,"E-World Co.,Ltd.",-0.11642798611443773,-0.2561199861144377,,,,,0.587632727223161,Consumer Discretionary,Consumer Services,"Hotels, Restaurants and Leisure",Leisure Facilities,Amusement Parks,432.0,61106.58144,,,,,
A054940,EXA E&C Inc.,0.194911198525967,0.17099219852596698,0.258426831674826,13.5633916884672,8.02078917862222,5.34254732772274,1.61577360391778,Industrials,Capital Goods,Construction and Engineering,Construction and Engineering,Operative Builders,3265.0,21662.324884999998,,LTM,LTM,LTM,LTM
A205100,"EXEM Co., Ltd.",0.12738628284867604,0.07141928284867602,0.693455521989778,9.50730247567253,5.18238360676564,11.4358569770735,0.784645042856731,Information Technology,Software and Services,Software,Systems Software,"Computer Programming, Data Processing, And Other Computer Related Services",1368.0,96699.026664,,LTM,LTM,LTM,LTM
A092870,"Exicon Co., Ltd.",1.0523353730401284,1.0488243730401283,2.06911797244512,17.08315526,14.3858149557895,15.049504950495,1.50681192606182,Information Technology,Semiconductors and Semiconductor Equipment,Semiconductors and Semiconductor Equipment,Semiconductor Materials and Equipment,"Special Industry Machinery, not elsewhere classified",21300.0,275851.97609999997,,2026E,2026E,2026E,2026E
A019490,Exicure Hitron Inc.,-0.8624777584287866,-0.8787347584287866,9.35092791031823,,,,3.84295749235104,Information Technology,Technology Hardware and Equipment,"Electronic Equipment, Instruments and Components",Electronic Equipment and Instruments,"Communications Equipment, not elsewhere classified",541.0,41342.119606,,LTM,,,
A069920,Exion Group Company Limited,,-0.4123899276912006,6.7627308977878,,,,0.154908764270074,Consumer Discretionary,Consumer Discretionary Distribution and Retail,Specialty Retail,Apparel Retail,Catalog and Mail-Order Houses,882.0,17075.312729999998,,LTM,,,
A185490,EyeGene Inc.,-0.1800413743363632,-0.2240443743363632,11.2929500990959,,,,1.62418357074217,Health Care,"Pharmaceuticals, Biotechnology and Life Sciences",Biotechnology,Biotechnology,"Biological Products, Except Diagnostic Substances",1871.0,80882.925864,,LTM,,,
A031310,Eyesvision Corp.,0.09610958422096491,0.09923358422096491,0.557790641977203,181.754144796067,23.5907360584867,3.34964746955845,0.160240527153686,Information Technology,Technology Hardware and Equipment,Communications Equipment,Communications Equipment,Catalog and Mail-Order Houses,937.0,27024.946504,,LTM,LTM,LTM,LTM
A099750,"ezCaretech Co., LTD",0.35166210127584224,0.34535210127584226,1.01660577159607,16.3608677637748,12.9526717960191,12.9806112942534,1.9758992510284,Health Care,Health Care Equipment and Services,Health Care Technology,Health Care Technology,Prepackaged Software,6490.0,87170.10401000001,,LTM,LTM,LTM,LTM
A383220,"F&F Co., Ltd",0.29255586617690954,0.31291786617690953,1.01703009534745,4.00457950603279,3.57269942377015,4.73707148730652,1.17114337401356,Consumer Discretionary,Consumer Durables and Apparel,"Textiles, Apparel and Luxury Goods","Apparel, Accessories and Luxury Goods",Apparel and Other Finished Products Made From Fabrics and Similar Materials,61600.0,2308864.9584000004,,2026E,2026E,2026E,2026E
A007700,"F&F Holdings Co., Ltd.",0.056122705664370304,0.13345770566437032,0.761619050236038,2.73991711403951,2.23018324101852,3.33532419151975,0.23171386280511,Consumer Discretionary,Consumer Durables and Apparel,"Textiles, Apparel and Luxury Goods","Apparel, Accessories and Luxury Goods",Apparel and Other Finished Products Made From Fabrics and Similar Materials,13680.0,534476.13624,,LTM,LTM,LTM,LTM
A440110,FADU Inc.,1.8096276944912169,1.4501706944912167,9.61092444057818,41.0986193371743,36.371479548957,46.4852715437843,51.6748656316465,Information Technology,Semiconductors and Semiconductor Equipment,Semiconductors and Semiconductor Equipment,Semiconductors,Semiconductors and Related Devices,62000.0,3101043.2739999997,,2026E,2026E,2026E,2026E
A032800,Fantagio Corp.,-0.26579785403748996,-0.2359468540374899,0.300664882243079,,,,0.324090596779118,Communication Services,Media and Entertainment,Entertainment,Movies and Entertainment,Radio and Television Broadcasting and Communications Equipment,1564.0,19407.763584,,LTM,,,
A036580,Farmsco,0.029530753406604028,0.26517575340660404,0.406196201482604,8.00028286076412,6.15272396784779,,0.461381757309196,Consumer Staples,"Food, Beverage and Tobacco",Food Products,Agricultural Products and Services,Grain Mill Products,2535.0,88772.74926,,LTM,LTM,LTM,
A027710,"FarmStory Co., Ltd.",0.018642436613553658,0.08847043661355365,0.389053446316301,14.0771559993145,10.5414537228177,5.09896555407238,0.431483274272107,Consumer Staples,"Food, Beverage and Tobacco",Food Products,Packaged Foods and Meats,Grain Mill Products,1049.0,116021.77178899999,,LTM,LTM,LTM,LTM
A225590,"Fashion Platform Co.,Ltd.",0.08364212375719397,0.07165812375719396,0.102721784028851,2.27049006818519,1.41392926314072,3.89501153761233,0.207078489311486,Consumer Discretionary,Consumer Durables and Apparel,"Textiles, Apparel and Luxury Goods","Apparel, Accessories and Luxury Goods",Apparel and Other Finished Products Made From Fabrics and Similar Materials,3105.0,15901.87248,,LTM,LTM,LTM,LTM
A150900,"FASOO AI Co.,Ltd.",0.1844173614162985,0.1371153614162985,0.706187749659453,6.77434718667651,3.71409482377475,7.51580791804568,1.16390512247518,Information Technology,Software and Services,Software,Systems Software,Prepackaged Software,3465.0,39233.020365,,LTM,LTM,LTM,LTM
A0015S0,"FESCARO Co., Ltd.",0.26638446492685397,0.255400464926854,1.07962934586288,15.8503922854156,11.2156664053929,20.6002110161899,1.09601603755992,Information Technology,Software and Services,Software,Systems Software,Prepackaged Software,6760.0,66699.0948,,LTM,LTM,LTM,LTM
A368770,"FIBERPRO, Inc.",0.4603933469891748,0.45361734698917483,8.67188727964586,32.6114809450058,29.0222032081317,34.9977158327949,9.351427082697,Information Technology,Technology Hardware and Equipment,"Electronic Equipment, Instruments and Components",Electronic Equipment and Instruments,"Measuring and Controlling Devices, not elsewhere classified",13270.0,433852.36575000006,,LTM,LTM,LTM,LTM
A032580,"Fidelix Co., Ltd.",-0.023835002460783135,0.007759997539216868,,,,,2.02319735309212,Information Technology,Semiconductors and Semiconductor Equipment,Semiconductors and Semiconductor Equipment,Semiconductors,Semiconductors and Related Devices,3990.0,132126.44402999998,,,,,
A133820,"Fine besteel. Co., Ltd.",0.08609126805457791,-0.06801873194542207,0.568807449275474,21.9978900685668,8.39435198200193,22.8712896352029,0.680642217864101,Materials,Materials,Metals and Mining,Steel,"Steel Works, Blast Furnaces, And Rolling And Finishing Mills",894.0,33180.364788,,LTM,LTM,LTM,LTM
A127980,"Fine Circuit Co., Ltd.",-0.1775293963908861,-0.1928243963908861,0.771105119102029,,34.5057737364634,,0.896886509894191,Information Technology,Technology Hardware and Equipment,"Electronic Equipment, Instruments and Components",Electronic Components,Printed Circuit Boards,2880.0,34098.14592,,LTM,,LTM,
A049120,"Fine DNC Co., Ltd.",-0.5210963732839892,-0.7366543732839892,1.12541309527515,,,,2.74477534421381,Information Technology,Technology Hardware and Equipment,"Electronic Equipment, Instruments and Components",Electronic Components,"Electronic Components, not elsewhere classified",2710.0,28730.50673,,LTM,,,
A441270,"Fine M-Tec CO.,LTD.",1.0812955722906243,1.0293485722906244,0.927684309424603,10.8733230686047,7.79254819916667,10.937019969278,1.433317493068,Information Technology,Technology Hardware and Equipment,"Electronic Equipment, Instruments and Components",Electronic Components,"Electronic Components, not elsewhere classified",6895.0,289789.25860500004,,2026E,2026E,2026E,2026E
A036810,Fine Semitech Corp.,0.06370171961149254,0.036480719611492546,2.21448430889251,29.430592330303,14.7792757136957,57.1084337349398,1.91015696637498,Information Technology,Semiconductors and Semiconductor Equipment,Semiconductors and Semiconductor Equipment,Semiconductor Materials and Equipment,Semiconductors and Related Devices,22600.0,448260.42319999996,,2026E,2026E,2026E,2026E
A038950,FINEDIGITAL Inc.,-0.032047427531717215,-0.036522427531717215,,,,,0.266300343821481,Information Technology,Technology Hardware and Equipment,Communications Equipment,Communications Equipment,"Search, Detection, Navigation, Guidance, Aeronautical, and Nautical Systems and Instruments",3060.0,25094.91618,,,,,
A387570,"Finemedix Co., Ltd.",0.17238689888545192,0.10556989888545192,2.63454721542127,,,,1.75466639722411,Health Care,Health Care Equipment and Services,Health Care Equipment and Supplies,Health Care Equipment,Surgical and Medical Instruments and Apparatus,5940.0,32256.575999999997,,LTM,,,
A106240,"Finetechnix. Co.,Ltd.",-0.23717727419090057,-0.3295022741909006,1.69069700831974,,,,0.405996574177025,Industrials,Capital Goods,Electrical Equipment,Electrical Components and Equipment,Semiconductors and Related Devices,1258.0,30060.530194,,LTM,,,
A131760,"Finetek Co., Ltd.",-0.1328428367162247,-0.2770218367162247,0.989402161766916,,,,0.565468385225395,Information Technology,Semiconductors and Semiconductor Equipment,Semiconductors and Semiconductor Equipment,Semiconductors,Semiconductors and Related Devices,1719.0,14931.777204,,LTM,,,
A417180,"Finger Story CO., LTD.",0.1599639902386799,0.06742999023867992,,,,15.8173284438829,0.421041822687886,Communication Services,Media and Entertainment,Entertainment,Movies and Entertainment,"Unit Investment Trusts, Face-Amount Certificate Offices, and Closed-End Management Investment Offices",3850.0,16590.477750000002,,,,,LTM
A163730,"Finger, Inc.",0.09469843010620704,0.11685043010620703,1.02810506686332,13.7576691184211,36.8745187405807,12.4208766272543,2.14325833446823,Information Technology,Software and Services,IT Services,IT Consulting and Other Services,Computer Programming Services,9750.0,115759.3125,,2026E,2026E,LTM,2026E
A033790,Fino Inc.,0.0021839512801768244,0.07638995128017682,,,,,4.4491310487822,Information Technology,Technology Hardware and Equipment,Communications Equipment,Communications Equipment,Telephone and Telegraph Apparatus,5560.0,461601.69172000006,,,,,
A010820,"FIRSTEC Co., Ltd",-0.19740999897365766,0.04855000102634235,,,,,5.26360244993916,Industrials,Capital Goods,Aerospace and Defense,Aerospace and Defense,"Electronic Parts and Equipment, not elsewhere classified",5790.0,281364.10623,,,,,
A041590,"Flask Co., Ltd.",0.07028815204092498,0.04577515204092497,6.81085377101899,,204.258119342476,25.887666426689,2.79153555142411,Industrials,Commercial and Professional Services,Commercial Services and Supplies,Diversified Support Services,"Business Services, not elsewhere classified",2367.0,103917.09678299999,,LTM,,LTM,LTM
A300080,FLITTO Inc.,0.31093538173337093,0.4383273817333709,3.51886150576717,25.4396320508381,21.6227989103806,25.4042552827392,7.50013174059529,Information Technology,Software and Services,Software,Application Software,Prepackaged Software,8510.0,140461.38801,,LTM,LTM,LTM,LTM
A173940,"FNC ENTERTAINMENT Co., Ltd.",0.026368757504093315,-0.31447324249590664,0.308783236695929,9.07274777943154,3.84023506628564,,1.59860209635171,Communication Services,Media and Entertainment,Entertainment,Movies and Entertainment,Amusement and Recreation Services,2215.0,33065.278565,,LTM,LTM,LTM,
A064850,FnGuide Inc.,0.8293899630501625,0.8089749630501626,3.1226696,6.2453392,5.94118307012987,7.88584474885845,2.55953734027126,Financials,Financial Services,Capital Markets,Financial Exchanges and Data,"Computer Programming, Data Processing, And Other Computer Related Services",16210.0,184961.48172,,2026E,2026E,2026E,2026E
A083500,"FNS TECH. Co., Ltd",0.1504251515551318,0.1984911515551318,1.06347412496879,4.43668111510417,3.70366423521739,5.99400599400599,1.05119184244099,Information Technology,Semiconductors and Semiconductor Equipment,Semiconductors and Semiconductor Equipment,Semiconductor Materials and Equipment,"Special Industry Machinery, not elsewhere classified",11305.0,87346.691985,,2026E,2026E,2026E,2026E
A331380,"FOCUS AI Co., Ltd.",-0.27137699205444,-0.54544999205444,1.73953025884959,,,,2.68687990881102,Information Technology,Technology Hardware and Equipment,"Electronic Equipment, Instruments and Components",Electronic Equipment and Instruments,Household Audio and Video Equipment,1935.0,68730.3486,,LTM,,,
A290720,"Foodnamoo., Inc.",-0.11281406021890941,0.08040193978109059,1.74747846294953,227.616623331838,23.9667181784628,,3.63085719716647,Consumer Staples,"Food, Beverage and Tobacco",Food Products,Packaged Foods and Meats,Food and Kindred Products,2955.0,104783.56420499999,,LTM,LTM,LTM,
A005670,"FOODWELL Co., Ltd.",0.11866548512204547,0.16306048512204546,0.410723017207168,6.31532729613287,4.10047413674534,4.10594130110895,0.482013488848154,Consumer Staples,"Food, Beverage and Tobacco",Food Products,Packaged Foods and Meats,"Canned, Frozen, And Preserved Fruits, Vegetables, and Food Specialties",6120.0,57700.93284,,LTM,LTM,LTM,LTM
A093370,"Foosung Co., Ltd.",0.4587915920423341,0.4843815920423341,2.37423174571511,21.4394678423529,13.6790599661384,33.1466666666667,3.88362860663173,Materials,Materials,Chemicals,Commodity Chemicals,Chemicals and Allied Products,11750.0,1260250.1275,,2026E,2026E,2026E,2026E
A189690,"FORCS Co.,Ltd.",0.07485732169843808,0.06956832169843807,0.313900040782708,2.25150736597177,1.84529937739923,6.15144510433656,0.506431874720909,Information Technology,Software and Services,Software,Systems Software,Prepackaged Software,1522.0,40133.255764,,LTM,LTM,LTM,LTM
A119500,"Formetal Co., Ltd.",0.010955364532730757,0.028440364532730758,0.36978948368904,10.6927872024575,4.9501103895967,14.4634191492725,0.578148236001362,Industrials,Capital Goods,Machinery,Industrial Machinery and Supplies and Components,"Steel Works, Blast Furnaces, And Rolling And Finishing Mills",2435.0,28294.174039999998,,LTM,LTM,LTM,LTM
A053160,FreeMs Corporation,-0.01862336775997281,0.008871632240027192,0.258161237296821,18.055989781121,15.0741282646355,,0.624838952598701,Industrials,Capital Goods,Machinery,Construction Machinery and Heavy Transportation Equipment,Construction Machinery and Equipment,9140.0,48987.511759999994,,LTM,LTM,LTM,
A377220,"From Bio Co.,Ltd",-0.33519904021499647,-0.6074930402149965,0.668372897520498,,,,0.711473495995384,Consumer Staples,"Food, Beverage and Tobacco",Food Products,Packaged Foods and Meats,Miscellaneous Food Preparations And Kindred Products,3000.0,16986.0,,LTM,,,
A073540,Frtek Co.Ltd.,-0.19809125069370867,-0.16564225069370866,0.544728863945359,47.6913730146944,13.8790293167956,100.000771192388,0.454487033353599,Information Technology,Technology Hardware and Equipment,Communications Equipment,Communications Equipment,Radio and Television Broadcasting and Communications Equipment,2230.0,25422.0,,LTM,LTM,LTM,LTM
A214270,"FSN Co., Ltd.",-0.10451786635152398,0.014134133648476037,0.452928131406442,4.97565544128833,3.73128156712418,,0.994564630809795,Communication Services,Media and Entertainment,Media,Advertising,Advertising,1345.0,60863.450419999994,,LTM,LTM,LTM,
A370090,FURONTEER Inc.,0.28143101984862234,0.25866201984862236,1.55307393169665,,,,1.33399100424536,Information Technology,Technology Hardware and Equipment,"Electronic Equipment, Instruments and Components",Electronic Equipment and Instruments,"Special Industry Machinery, not elsewhere classified",6050.0,51768.8215,,LTM,,,
A016800,Fursys Inc.,0.028533320118297692,0.0436823201182977,0.322694438119845,,10.6179016405204,6.52536318170993,0.409834249180973,Industrials,Commercial and Professional Services,Commercial Services and Supplies,Office Services and Supplies,Office Furniture,27100.0,242516.5992,,LTM,,LTM,LTM
A220100,"FutureChem Co.,Ltd",-0.10700536255465454,-0.12186736255465455,8.21567964565539,,,,3.42743986185883,Health Care,"Pharmaceuticals, Biotechnology and Life Sciences",Life Sciences Tools and Services,Life Sciences Tools and Services,In Vitro and In Vivo Diagnostic Substances,7630.0,171081.33259,,LTM,,,
A214270,"FSN Co., Ltd.",-0.10451786635152398,0.014134133648476037,0.452928131406442,4.97565544128833,3.73128156712418,,0.994564630809795,Communication Services,Media and Entertainment,Media,Advertising,Advertising,1345.0,60863.450419999994,,LTM,LTM,LTM,
A382480,"G.I. Tech Co., Ltd.",0.1472020238070021,0.1296340238070021,1.39421484542942,18.9074939679835,9.25384975962967,21.1088507649106,0.667490655110371,Industrials,Capital Goods,Machinery,Industrial Machinery and Supplies and Components,Metalworking Machinery And Equipment,1650.0,63275.2428,,LTM,LTM,LTM,LTM
A456160,G2GBIO Inc.,,,,,,,,Health Care,"Pharmaceuticals, Biotechnology and Life Sciences",Biotechnology,Biotechnology,Pharmaceutical Preparations,37450.0,619623.69455,,,,,
A388050,G2Power Co. Ltd,0.3092260685861783,0.2599230685861783,1.62020047835382,14.9865866562357,13.6359178328796,22.5263382079379,4.13671395226172,Industrials,Capital Goods,Electrical Equipment,Electrical Components and Equipment,"Electronic and Other Electrical Equipment and Components, except Computer Equipment",9010.0,168084.08180999997,,LTM,LTM,LTM,LTM
A079940,"GABIA, Inc.",0.05041033077737489,0.1102513307773749,2.5170936748854,18.9576602658484,9.64514733232645,34.1808463342861,3.21958993653027,Information Technology,Software and Services,IT Services,Internet Services and Infrastructure,"Computer Programming, Data Processing, And Other Computer Related Services",45050.0,587518.17845,,LTM,LTM,LTM,LTM
A051160,GaeaSoft Corp.,0.0503918095084315,0.07821680950843152,0.109394495460696,1.97219848336136,1.35712413735608,8.14182327896925,0.831006267798607,Information Technology,Software and Services,Software,Application Software,Prepackaged Software,9620.0,129667.08533999999,,LTM,LTM,LTM,LTM
A094480,"Galaxia Moneytree Co., Ltd.",0.05612490374653424,0.10116490374653424,2.35231827989607,20.2968925581803,17.7668487642847,25.5323997797996,1.79416376325132,Financials,Financial Services,Financial Services,Transaction and Payment Processing Services,Computer Processing and Data Preparation and Processing Services,6270.0,245971.08426,,LTM,LTM,LTM,LTM
A011420,"Galaxia SM, Inc.",-0.056125012181251675,-0.04697001218125167,1.25939121740834,,23.9732968200568,,1.85022896027304,Communication Services,Media and Entertainment,Media,Broadcasting,Television Broadcasting Stations,1501.0,41352.015644,,LTM,,LTM,
A036620,"GAMSUNG Corporation Co., Ltd.",7.995488982119721,7.820344982119721,,,,8.1875,11.3693441794292,Consumer Discretionary,Consumer Discretionary Distribution and Retail,Distributors,Distributors,Computer Integrated Systems Design,3830.0,344175.07552,,,,,2026E
A000500,"GAON CABLE Co., Ltd.",0.200559965387465,0.24728596538746503,1.84367478680266,54.4512020294984,51.7106519736569,137.512677559763,9.256364718045,Industrials,Capital Goods,Electrical Equipment,Electrical Components and Equipment,Drawing and Insulating of Nonferrous Wire,158800.0,4728683.9916,,LTM,LTM,LTM,LTM
A399720,"Gaonchips Co., Ltd.",-0.05693761748668588,-0.15331961748668588,7.14744459993619,,,,10.1840758182988,Information Technology,Semiconductors and Semiconductor Equipment,Semiconductors and Semiconductor Equipment,Semiconductors,Semiconductors and Related Devices,45050.0,534240.9222,,LTM,,,
A006280,GC Biopharma Corp.,-0.026536868854703105,-0.03336586885470311,1.21217898886713,33.0678978734552,14.9958672280259,8.68140489945968,1.16482898113707,Health Care,"Pharmaceuticals, Biotechnology and Life Sciences",Biotechnology,Biotechnology,"Biological Products, Except Diagnostic Substances",121800.0,1390118.8686,,2026E,2026E,2026E,2026E
A144510,GC Cell Corporation,-0.6379302625186957,-0.8512262625186957,1.94177607779996,,152.474035005517,,1.18326058125173,Health Care,"Pharmaceuticals, Biotechnology and Life Sciences",Biotechnology,Biotechnology,"Biological Products, Except Diagnostic Substances",13530.0,203317.21773,,LTM,,LTM,
A005250,GC Corp.,-0.021151448718175432,-0.006734448718175429,1.14067421573429,27.3673631440173,13.388840271595,,0.534833566599155,Health Care,"Pharmaceuticals, Biotechnology and Life Sciences",Biotechnology,Biotechnology,Pharmaceutical Preparations,9990.0,453563.29269,,LTM,LTM,LTM,
A340450,GC Genome Corporation,0.3122118098646577,0.30940580986465765,2.53559516076923,24.7220528175,20.9526830067483,25.4148471615721,1.74047343848892,Health Care,"Pharmaceuticals, Biotechnology and Life Sciences",Biotechnology,Biotechnology,Commercial Physical and Biological Research,5420.0,128187.29806,,2026E,2026E,LTM,2026E
A032620,GC MediAI Corporation,0.23066032670694656,0.3065853267069465,0.889834678814031,4.30598233992135,3.55944226225974,4.45890556828729,1.08567854905387,Health Care,Health Care Equipment and Services,Health Care Technology,Health Care Technology,Prepackaged Software,3015.0,153113.2776,,LTM,LTM,LTM,LTM
A142280,GC Medical Science Corporation,0.04179420076735249,0.050059200767352485,0.753386505171096,29.6130723037789,11.9467676233029,15.7331577489706,1.32354685273369,Health Care,Health Care Equipment and Services,Health Care Equipment and Supplies,Health Care Supplies,In Vitro and In Vivo Diagnostic Substances,2575.0,55985.45945,,LTM,LTM,LTM,LTM
A234690,GC WellBeing Corporation,0.08574260912603311,0.17924460912603313,1.30193239946054,17.1989578269794,11.9276918138596,82.0325970354845,1.42891345548172,Consumer Staples,Household and Personal Products,Personal Care Products,Personal Care Products,Pharmaceutical Preparations,8340.0,149754.5412,,LTM,LTM,LTM,LTM
A082270,"GemVax&KAEL Co.,Ltd.",0.041240263352082154,-0.19076173664791785,5.83840480960395,,113.61660358678,,5.95106329147845,Information Technology,Semiconductors and Semiconductor Equipment,Semiconductors and Semiconductor Equipment,Semiconductor Materials and Equipment,"Special Industry Machinery, not elsewhere classified",10110.0,444384.49395000003,,LTM,,LTM,
A229000,Gencurix Inc.,-0.5108581090316077,-2.278660109031608,12.9385797387206,,,,2.51163751500322,Health Care,Health Care Equipment and Services,Health Care Equipment and Supplies,Health Care Equipment,In Vitro and In Vivo Diagnostic Substances,1710.0,40062.16215,,LTM,,,
A086060,"GeneBioTech Co. ,Ltd",0.03683840725266293,0.05663440725266293,0.335092151657312,7.47666713779216,5.5572839980707,11.1615447042116,0.726726133857685,Health Care,"Pharmaceuticals, Biotechnology and Life Sciences",Biotechnology,Biotechnology,Pharmaceutical Preparations,4550.0,39178.17085,,LTM,LTM,LTM,LTM
A109820,GeneMatrix Inc.,-0.08542706141371456,-0.2816100614137146,,,,,1.74738285702483,Health Care,"Pharmaceuticals, Biotechnology and Life Sciences",Biotechnology,Biotechnology,In Vitro and In Vivo Diagnostic Substances,1431.0,29182.777956,,,,,
A011000,"GeneOne Life Science, Inc.",-0.7302414650986557,-1.076771465098656,4.48822702355173,,,,0.946530607909219,Health Care,"Pharmaceuticals, Biotechnology and Life Sciences",Biotechnology,Biotechnology,"Biological Products, Except Diagnostic Substances",534.0,9683.923926000001,,LTM,,,
A217190,Genesem Inc.,0.04644648627728054,0.07211748627728054,1.76867577248317,102.059875985613,46.9487754619566,,1.79161158527002,Information Technology,Semiconductors and Semiconductor Equipment,Semiconductors and Semiconductor Equipment,Semiconductor Materials and Equipment,"Special Industry Machinery, not elsewhere classified",6460.0,84973.29606,,LTM,LTM,LTM,
A363250,"Genesystem Co., Ltd.",0.07314120625086262,-0.29342879374913733,49.8821849198056,,,,3.20834353612984,Health Care,"Pharmaceuticals, Biotechnology and Life Sciences",Biotechnology,Biotechnology,Electromedical and Electrotherapeutic Apparatus,4015.0,33268.559004999996,,LTM,,,
A095700,"Genexine, Inc.",-0.14110599483464764,-0.23283999483464762,,,,,0.431669381775228,Health Care,"Pharmaceuticals, Biotechnology and Life Sciences",Biotechnology,Biotechnology,"Biological Products, Except Diagnostic Substances",3615.0,164409.03597,,,,,
A263860,"Genians, Inc.",0.2527524560793541,0.2752054560793541,1.5209437983813,7.29004096465517,5.49119968766234,10.7818317200298,2.03968266520182,Information Technology,Software and Services,Software,Systems Software,Prepackaged Software,14480.0,125642.43872,,2026E,2026E,2026E,2026E
A123330,"Genic Co., Ltd.",0.9989271138726089,1.0591711138726088,2.0460616495118,12.2093213293014,10.7502855808508,8.90095644706653,4.1592597130672,Consumer Staples,Household and Personal Products,Personal Care Products,Personal Care Products,"Perfumes, Cosmetics, and Other Toilet Preparations",27600.0,215961.33359999998,,LTM,LTM,LTM,LTM
A389030,GENINUS Inc.,-0.5477756343885513,-1.1318836343885512,6.61087147223045,,,,3.03352944103658,Health Care,"Pharmaceuticals, Biotechnology and Life Sciences",Biotechnology,Biotechnology,In Vitro and In Vivo Diagnostic Substances,1988.0,78311.83474800001,,LTM,,,
A361390,"Genohco., Inc.",0.2695127142307552,0.2520697142307552,1.52757643288013,,,,1.88386542561635,Industrials,Capital Goods,Aerospace and Defense,Aerospace and Defense,"Communications Equipment, not elsewhere classified",11740.0,114305.11293999999,,LTM,,,
A225220,Genolution Inc.,-0.04763229026343621,-0.12546129026343622,2.13864009588774,,,,0.365191015082014,Health Care,"Pharmaceuticals, Biotechnology and Life Sciences",Life Sciences Tools and Services,Life Sciences Tools and Services,Surgical and Medical Instruments and Apparatus,1365.0,24660.868049999997,,LTM,,,
A314130,Genome & Company,-0.06609261420031087,-0.09519661420031086,8.78189631071416,,,,1.53092114619644,Health Care,"Pharmaceuticals, Biotechnology and Life Sciences",Biotechnology,Biotechnology,"Biological Products, Except Diagnostic Substances",4215.0,220442.076375,,LTM,,,
A228760,Genomictree Inc.,-0.04758208691007017,-0.05884108691007016,60.2787843836162,,,,2.48121432064213,Health Care,"Pharmaceuticals, Biotechnology and Life Sciences",Biotechnology,Biotechnology,In Vitro and In Vivo Diagnostic Substances,11920.0,292356.30912,,LTM,,,
A122310,"Genoray Co., Ltd.",-0.015193477899891752,0.009540522100108247,0.519600866853128,,8.34950304094167,183.048084332038,0.500908718665052,Health Care,Health Care Equipment and Services,Health Care Equipment and Supplies,Health Care Equipment,Electromedical and Electrotherapeutic Apparatus,3275.0,41696.57295,,LTM,,LTM,LTM
A036190,"Geumhwa Plant Service & Construction Co., Ltd.",0.10710998241624381,0.13966998241624382,0.118818032497992,1.53735842170642,1.29574832746065,6.42242795309142,0.490235389841446,Industrials,Capital Goods,Construction and Engineering,Construction and Engineering,Heavy Construction Other Than Building Construction Contractors,33450.0,197548.67549999998,,LTM,LTM,LTM,LTM
A388610,"GFC Life Science Co., Ltd",0.11871338059291814,0.11792938059291816,1.66489751636609,38.0787458347394,11.8743942230677,27.1006166109375,1.17470885473979,Consumer Staples,Household and Personal Products,Personal Care Products,Personal Care Products,Chemicals and Allied Products,5270.0,27739.746430000003,,LTM,LTM,LTM,LTM
A493330,"GFI Co., Ltd.",0.4805670822690173,0.4013190822690173,0.821884483957801,5.2709646434712,4.89081028973817,,1.27413098871688,Industrials,Commercial and Professional Services,Commercial Services and Supplies,Office Services and Supplies,Non-operating Establishments,10820.0,83120.81972,,LTM,LTM,LTM,
A407400,GGUMBI Inc.,0.12878205022749006,-0.07061294977250993,0.593648911099669,,15.4151978187048,,0.596754915275759,Consumer Discretionary,Consumer Durables and Apparel,Household Durables,Home Furnishings,Household Furniture,1885.0,26709.856225,,LTM,,LTM,
A130500,GH Advanced Materials Inc.,-0.03429365741977611,-0.047925657419776106,1.38166079998605,,52.9122232062324,,0.325910451470066,Consumer Discretionary,Consumer Durables and Apparel,"Textiles, Apparel and Luxury Goods",Textiles,Textile Mill Products,1826.0,26559.230258,,LTM,,LTM,
A358570,"GI Innovation, Inc.",-0.31415678654937773,-0.5191587865493777,95.3984395180666,,,,5.16578751030708,Health Care,"Pharmaceuticals, Biotechnology and Life Sciences",Biotechnology,Biotechnology,"Biological Products, Except Diagnostic Substances",7680.0,495482.92608,,LTM,,,
A289220,GIANTSTEP Inc.,-0.3029866310792416,-0.3054366310792416,0.387619382070306,,,,0.527353564782563,Communication Services,Media and Entertainment,Entertainment,Movies and Entertainment,Motion Picture and Video Tape Production,1065.0,23762.515365,,LTM,,,
A049080,"GIGALANE Co.,Ltd.",-0.1327181941357618,-0.2245551941357618,2.23255849373264,,,,1.81591354084851,Information Technology,Semiconductors and Semiconductor Equipment,Semiconductors and Semiconductor Equipment,Semiconductor Materials and Equipment,"Special Industry Machinery, not elsewhere classified",7650.0,64933.192350000005,,LTM,,,
A420770,"GigaVis Co., Ltd.",3.201875140993402,3.248996140993402,14.2168973775946,37.2967460465649,36.3712684771712,46.3768115942029,7.83793603260214,Information Technology,Semiconductors and Semiconductor Equipment,Semiconductors and Semiconductor Equipment,Semiconductor Materials and Equipment,"Special Industry Machinery, not elsewhere classified",106700.0,1352503.3786,,2026E,2026E,2026E,2026E
A306620,"GIS Co., Ltd.",0.18271496086334674,0.14407696086334676,1.21539259209044,22.9015122685914,16.74938242411,,1.53247662336071,Information Technology,Semiconductors and Semiconductor Equipment,Semiconductors and Semiconductor Equipment,Semiconductor Materials and Equipment,"Special Industry Machinery, not elsewhere classified",1743.0,80562.511029,,LTM,LTM,LTM,
A446840,"GITSN, Inc",,-0.12578711503440942,,,,7.63934426229508,6.07410316179645,Information Technology,Technology Hardware and Equipment,"Electronic Equipment, Instruments and Components",Electronic Equipment and Instruments,Non-operating Establishments,3315.0,36347.70204,,,,,2026E
A204840,GL Pharm Tech Corp.,0.08045543174923026,0.08391743174923026,2.08586766323889,156.188223068934,48.4406000720235,,16.4574578097288,Health Care,"Pharmaceuticals, Biotechnology and Life Sciences",Pharmaceuticals,Pharmaceuticals,Pharmaceutical Preparations,4015.0,62271.834955000006,,LTM,LTM,LTM,
A900070,Global SM Tech Limited,0.053921399950913246,0.08205039995091323,0.155252828556357,2.40166630025688,1.25914192428058,5.39490867113178,0.21576447209183,Industrials,Capital Goods,Machinery,Industrial Machinery and Supplies and Components,"Cutlery, Handtools, And General Hardware",1024.0,26910.296064,,LTM,LTM,LTM,LTM
A083450,"Global Standard Technology, Limited",0.44761827940573307,0.44774527940573305,1.62552769957399,9.21201212210928,8.37165535808314,13.0813124108417,2.65803130989134,Information Technology,Semiconductors and Semiconductor Equipment,Semiconductors and Semiconductor Equipment,Semiconductor Materials and Equipment,"Special Industry Machinery, not elsewhere classified",43400.0,779612.3845999999,,2026E,2026E,2026E,2026E
A204620,"Global Tax Free Co., Ltd.",0.35151135405258793,0.31594335405258794,1.24572637398256,6.57254405904908,6.58682111909555,12.2785616062039,2.2673690171654,Industrials,Commercial and Professional Services,Professional Services,Research and Consulting Services,Personal Services,4765.0,334849.096245,,2026E,2026E,LTM,LTM
A019660,"Globon Co., Ltd.",-0.39560300193101555,-0.45058000193101555,,,,,0.968682760772858,Financials,Financial Services,Capital Markets,Asset Management and Custody Banks,"Investors, not elsewhere classified",1477.0,20595.779841,,,,,
A013870,GMB Korea Corp.,0.047265957127115135,0.07245995712711514,0.368029778563368,10.6514934435868,4.97554182884086,4.6779228093544,0.255306720928848,Consumer Discretionary,Automobiles and Components,Automobile Components,Automotive Parts and Equipment,Motor Vehicle Parts and Accessories,3855.0,73523.6394,,LTM,LTM,LTM,LTM
A382800,"GnBS eco Co.,Ltd",0.7646437901205724,0.6869837901205723,1.0849332724,6.02740706888889,8.00762481314485,7.16859716859717,1.36344682194123,Industrials,Capital Goods,Machinery,Industrial Machinery and Supplies and Components,Miscellaneous Industrial And Commercial Machinery And Equipment,5090.0,161001.99869,,2026E,2026E,LTM,2026E
A119850,"GnCenergy Co., Ltd",0.3412776156352834,0.3767766156352834,2.38320316944897,17.5703945209135,17.6589613691531,19.7477335435554,3.31614015844273,Industrials,Capital Goods,Electrical Equipment,Electrical Components and Equipment,Electrical Industrial Apparatus,48050.0,776874.4181,,2026E,2026E,LTM,2026E
A065060,"GNCO Co., Ltd.",-0.06730949063255584,-0.09006849063255586,1.54213800589256,,111.227826426004,,2.0528506288208,Consumer Discretionary,Consumer Durables and Apparel,"Textiles, Apparel and Luxury Goods","Apparel, Accessories and Luxury Goods",Apparel and Other Finished Products Made From Fabrics and Similar Materials,3440.0,20453.75496,,LTM,,LTM,
A311320,"GO Element Co., Ltd.",0.20879214587465866,0.19609014587465867,1.66211194243156,12.6989722266283,9.62716819680609,15.3545430337574,1.77481568481893,Information Technology,Technology Hardware and Equipment,"Electronic Equipment, Instruments and Components",Electronic Components,Electronic Components And Accessories,8380.0,105710.01280000001,,LTM,LTM,LTM,LTM
A035290,"GOLD&S Co.,Ltd",-0.3371560042154703,-0.24532000421547032,,,,,0.601293213186268,Consumer Discretionary,Consumer Services,Diversified Consumer Services,Education Services,Educational Services,1902.0,9068.066496000001,,,,,
A227950,"N2Tech Co.,Ltd",0.1112822793689322,0.2518352793689322,1.90829339524635,,,14.6095381963682,0.533710857640849,Information Technology,Semiconductors and Semiconductor Equipment,Semiconductors and Semiconductor Equipment,Semiconductor Materials and Equipment,"Special Industry Machinery, not elsewhere classified",1508.0,52038.379172,,LTM,,,LTM
A038500,"SAMPYO Cement Co., Ltd.",0.05213693952897436,0.07529493952897437,1.74944434737896,14.3279041671213,7.41937400225184,16.4342526867444,1.04218763750705,Materials,Materials,Construction Materials,Construction Materials,"Cement, Hydraulic",7250.0,778313.252,,LTM,LTM,LTM,LTM
A215000,"GOLFZON Co., Ltd.",-0.10342920655036573,-0.06853920655036574,0.214293375280899,2.45929844631579,1.20429563092783,6.48216939078752,0.485192852428991,Consumer Discretionary,Consumer Durables and Apparel,Leisure Products,Leisure Products,"Sporting and Athletic Goods, not elsewhere classified",34300.0,205974.93,,2026E,2026E,2026E,2026E
A121440,"GOLFZON HOLDINGS Co., Ltd.",0.005624180538888555,0.030571180538888555,1.2913786780142,16.2425617522133,9.56930895459949,17.0413030038273,0.394740490661241,Consumer Discretionary,Consumer Discretionary Distribution and Retail,Distributors,Distributors,"Sporting and Athletic Goods, not elsewhere classified",7640.0,295093.02888,,LTM,LTM,LTM,LTM
A033340,"GOODPEOPLE Co., Ltd.",-0.18977883601832515,-0.25009283601832516,0.916735866236958,,,,0.968392173191137,Consumer Discretionary,Consumer Durables and Apparel,"Textiles, Apparel and Luxury Goods","Apparel, Accessories and Luxury Goods",Apparel and Other Finished Products Made From Fabrics and Similar Materials,608.0,58945.939264,,LTM,,,
A035080,Gradiant Corporation,-0.02030763684044487,-0.0019146368404448708,0.120682027404362,,18.1191812388552,,0.307549000992696,Consumer Discretionary,Consumer Discretionary Distribution and Retail,Broadline Retail,Broadline Retail,Catalog and Mail-Order Houses,11760.0,134431.89984,,LTM,,LTM,
A114090,"Grand Korea Leisure Co., Ltd.",0.13632976119619383,0.2022417611961938,0.409540920890037,2.89524488382298,1.88685099900293,10.1292716851735,1.2566796049425,Consumer Discretionary,Consumer Services,"Hotels, Restaurants and Leisure",Casinos and Gaming,Miscellaneous Amusement And Recreation,9050.0,559793.8135,,2026E,2026E,2026E,2026E
A318060,Graphy Inc.,0.46084761073734315,0.011232610737343163,5.8180360925,,,,12.3454580283481,Materials,Materials,Chemicals,Commodity Chemicals,Chemicals and Allied Products,19290.0,215530.58433,,2026E,,,
A083420,"Green Chemical Co., Ltd.",0.11889087715313863,0.11569987715313863,0.475750459463069,8.0586414527892,5.51869800150433,,,Materials,Materials,Chemicals,Specialty Chemicals,Industrial Organic Chemicals,4685.0,109283.82794,,LTM,LTM,LTM,
A114450,"Green Lifescience Co., Ltd.",0.33532787168314065,0.26765987168314065,0.665598381977144,17.6475632744275,12.5879267500236,13.9388065916996,1.07256144136139,Health Care,"Pharmaceuticals, Biotechnology and Life Sciences",Life Sciences Tools and Services,Life Sciences Tools and Services,Medicinal Chemicals and Botanical Products,2110.0,41200.20393,,LTM,LTM,LTM,LTM
A0015G0,"Green Optics Co., Ltd.",0.16878128726649355,0.14755928726649356,4.0623037122414,49.6607515643791,20.1183953987579,36.7837886121633,2.77659379296582,Information Technology,Technology Hardware and Equipment,"Electronic Equipment, Instruments and Components",Electronic Equipment and Instruments,Optical Instruments and Lenses,14100.0,165005.8281,,LTM,LTM,LTM,LTM
A186230,"Green Plus Co., Ltd.",-0.02547230715985424,-0.22182430715985424,0.64509103773957,,17.9798384375807,,0.952616093715541,Materials,Materials,Metals and Mining,Aluminum,Primary Production of Aluminum,3355.0,36368.83074,,LTM,,LTM,
A402490,"Green Resource Co., Ltd.",0.12342035807603041,0.1668683580760304,1.63173965514711,21.9156703851374,15.7849102919754,9.34582671238519,1.50600252809303,Information Technology,Semiconductors and Semiconductor Equipment,Semiconductors and Semiconductor Equipment,Semiconductor Materials and Equipment,"Coating, Engraving, And Allied Services",6420.0,108724.09314000001,,LTM,LTM,LTM,LTM
A453450,"Gridwiz Co.,Ltd.",0.014004969102778212,0.00313396910277821,0.641952446201881,32.8157194847495,11.277363874128,30.5177998853637,0.873778615209665,Utilities,Utilities,Electric Utilities,Electric Utilities,Electric Services,13680.0,108656.82,,LTM,LTM,LTM,LTM
A204020,"GRITEE, Inc.",-0.003289546596990031,0.043943453403009966,0.318443268579941,8.823466483166,5.35550963621677,11.248183554038,0.442513578184239,Consumer Discretionary,Consumer Durables and Apparel,"Textiles, Apparel and Luxury Goods","Apparel, Accessories and Luxury Goods",Apparel and Other Finished Products Made From Fabrics and Similar Materials,1869.0,36118.535271,,LTM,LTM,LTM,LTM
A006360,GS Engineering & Construction Corporation,-0.10318682184600964,-0.09134682184600963,0.646157291058936,17.2929964130544,11.1398853680846,16.1023750650416,9.33975276018474,Industrials,Capital Goods,Construction and Engineering,Construction and Engineering,Heavy Construction Other Than Building Construction Contractors,32400.0,2750400.1980000003,,2026E,2026E,2026E,2026E
A001250,GS Global Corp.,0.04505518615536459,0.0580271861553646,0.181618404281564,18.6525397016414,11.423766945219,14.4376976471495,0.388346710333697,Industrials,Capital Goods,Trading Companies and Distributors,Trading Companies and Distributors,Metals Service Centers and Offices,2610.0,215312.47722000003,,LTM,LTM,LTM,LTM
A078930,GS Holdings Corp.,0.1808329381286872,0.1707049381286872,0.76423295293573,4.03586638793568,3.70492504601214,4.21125330953677,0.691083833631215,Industrials,Capital Goods,Industrial Conglomerates,Industrial Conglomerates,Conglomerates,115500.0,10934982.250500001,,2026E,2026E,2026E,2026E
A499790,"GS P&L Co., Ltd.",,0.30700257309774215,2.85675579558252,14.0228362324861,9.37586341832183,14.8003161169697,0.907599549833813,Consumer Discretionary,Consumer Services,"Hotels, Restaurants and Leisure","Hotels, Resorts and Cruise Lines",Hotels and Motels,39150.0,774567.873,,2026E,2026E,2026E,2026E
A007070,"GS Retail Co., Ltd.",0.059268174761843304,0.06450417476184331,0.334357043081589,11.5982693040997,4.40526967900294,10.5150821663289,0.665052610864497,Consumer Staples,Consumer Staples Distribution and Retail,Consumer Staples Distribution and Retail,Food Retail,Convenience Stores,26150.0,2185240.1785,,2026E,2026E,2026E,2026E
A053050,"GSE Co., Ltd.",-0.00025325745673254046,0.02602274254326746,0.46288832875109,13.7039576796729,5.55001280825312,15.9732337472347,0.52670752574186,Utilities,Utilities,Gas Utilities,Gas Utilities,Natural Gas Transmission and Distribution,1762.0,48816.65931,,LTM,LTM,LTM,LTM
A219750,"BTB Korea Co.,Ltd",-0.4406678226022162,-5.147819822602217,18.9644777051492,,,,0.888815024331727,Health Care,Health Care Equipment and Services,Health Care Providers and Services,Health Care Distributors,Electromedical and Electrotherapeutic Apparatus,1649.0,21570.123770000002,,LTM,,,
A053270,"Guyoung Technology Co., Ltd",0.15704863834793706,0.26262363834793706,0.915003435871944,17.0861332337952,7.90823298674116,2.2635885126376,0.337447301889927,Consumer Discretionary,Automobiles and Components,Automobile Components,Automotive Parts and Equipment,Motor Vehicle Parts and Accessories,1980.0,51645.55968,,LTM,LTM,LTM,LTM
A037710,"Gwangju Shinsegae. Co. ,Ltd.",0.044086263997388485,0.0698182639973885,2.59577245850898,8.73106560420139,6.00570540000948,6.22229090466219,0.340882499519222,Consumer Discretionary,Consumer Discretionary Distribution and Retail,Broadline Retail,Broadline Retail,Department Stores,37150.0,283349.4398,,LTM,LTM,LTM,LTM
A039240,"Gyeongnam Steel Co., Ltd",0.021432863424149573,0.04927786342414958,0.149361979366103,9.56628603104722,6.55390302962696,10.5097857507466,0.459673766882351,Materials,Materials,Metals and Mining,Steel,"Steel Works, Blast Furnaces, And Rolling And Finishing Mills",1872.0,50505.818688,,LTM,LTM,LTM,LTM
A357230,"H.PIO Co., Ltd.",0.070680549190463,0.078245549190463,0.371538803551081,6.58882691234573,4.09720164147857,9.26735015490676,0.583096605065089,Consumer Staples,Household and Personal Products,Personal Care Products,Personal Care Products,Pharmaceutical Preparations,2095.0,86372.89882999999,,LTM,LTM,LTM,LTM
A066130,HAATZ Inc.,,-0.044399994727005294,,,,,0.641306751895282,Consumer Discretionary,Consumer Durables and Apparel,Household Durables,Household Appliances,Household Appliances,3310.0,39636.67406,,,,,
A003010,Haein Corporation,-0.00408100157627178,0.04896999842372822,,,,150.472372301656,1.05867249474546,Industrials,Capital Goods,Trading Companies and Distributors,Trading Companies and Distributors,"Machinery, Equipment, And Supplies",9220.0,99099.53805999999,,,,,LTM
A195870,"HAESUNG DS Co., Ltd.",0.37832454068839705,0.393174540688397,1.21577940963378,10.3416833213494,6.51400461119676,12.0548207439114,1.7027752545565,Information Technology,Semiconductors and Semiconductor Equipment,Semiconductors and Semiconductor Equipment,Semiconductor Materials and Equipment,Semiconductors and Related Devices,52800.0,897600.0,,2026E,2026E,2026E,2026E
A034810,"Haesung Industrial Co., Ltd.",-0.013201499945638566,-0.010211499945638566,0.610911664826815,26.150841005212,9.06873526639451,,0.257978038561757,Real Estate,Real Estate Management and Development,Real Estate Management and Development,Real Estate Operating Companies,Real Estate,5870.0,173950.6995,,LTM,LTM,LTM,
A076610,"Haesung Optics Co., Ltd.",0.23889346667030967,-0.2965825333296903,0.679677157676406,,23.1944080807318,,3.34940261799054,Information Technology,Technology Hardware and Equipment,"Electronic Equipment, Instruments and Components",Electronic Components,Photographic Equipment and Supplies,1506.0,89161.40321399999,,LTM,,LTM,
A059270,"Haisung Aero-Robotics Co., Ltd.",0.017067933828158986,0.018356933828158985,3.43725292984361,,101.303224163835,,1.67608339380322,Industrials,Capital Goods,Machinery,Industrial Machinery and Supplies and Components,"Construction, Mining, And Materials Handling",,,,LTM,,LTM,
A101530,"Haitai Confectionery&Foods Co.,ltd.",0.0286120625501942,0.0759080625501942,0.551583738968667,8.71007189979117,4.89267467409584,6.66421495113227,0.48548614295544,Consumer Staples,"Food, Beverage and Tobacco",Food Products,Packaged Foods and Meats,Food and Kindred Products,5560.0,147438.20072,,LTM,LTM,LTM,LTM
A125490,"Hallacast Co.,Ltd",0.1758965547839292,0.2097665547839292,2.83616688773006,36.3231944978571,29.2071548595307,44.419807834442,4.04811091586815,Consumer Discretionary,Automobiles and Components,Automobile Components,Automotive Parts and Equipment,Motor Vehicle Parts and Accessories,11400.0,416126.8128,,2026E,2026E,LTM,2026E
A023760,"Han Kook Capital.Co., Ltd",,0.1381494549763924,,,,2.27339366702966,0.274897607728966,Financials,Financial Services,Consumer Finance,Consumer Finance,Miscellaneous business Credit Institutions,670.0,209636.68525,,,,,LTM
A469880,Hana 30 Special Purpose Acquisition Company,,,,,,,,Financials,Financial Services,Capital Markets,Asset Management and Custody Banks,Non-operating Establishments,2115.0,,,,,,
A469900,Hana 31 Special Purpose Acquisition Company,,0.04069773456295106,,,,64.2890415640946,1.02363705974515,Financials,Financial Services,Capital Markets,Asset Management and Custody Banks,Non-operating Establishments,2095.0,11742.475,,,,,LTM
A475240,Hana 32 Special Purpose Acquisition Company,,0.02631402641437201,,,,96.7123582429354,1.04829755098381,Financials,Financial Services,Capital Markets,Asset Management and Custody Banks,Non-operating Establishments,2090.0,6688.0,,,,,LTM
A475250,Hana 33 Special Purpose Acquisition Company,,,,,,61.644645184292,1.02960966137359,Financials,Financial Services,Capital Markets,Asset Management and Custody Banks,Non-operating Establishments,2070.0,7659.0,,,,,LTM
A484130,Hana 34 Special Purpose Acquisition Company,,,,,,79.1819019963247,1.05141767313788,Financials,Financial Services,Capital Markets,Asset Management and Custody Banks,Non-operating Establishments,2025.0,9153.0,,,,,LTM
A0041L0,Hana 35 Special Purpose Acquisition Company,,,,,,,,Financials,Financial Services,Capital Markets,Asset Management and Custody Banks,Non-operating Establishments,1995.0,12029.85,,,,,
A0101C0,"Hana 36 Special Purpose Acquisition Co., Ltd.",,,,,,,,Financials,Financial Services,Capital Markets,Asset Management and Custody Banks,Non-operating Establishments,1974.0,15278.76,,,,,
A250060,"Mobiis Co., Ltd.",0.0005540266464652565,-0.08840997335353473,,,,,4.23155896045812,Information Technology,Technology Hardware and Equipment,"Electronic Equipment, Instruments and Components",Electronic Equipment and Instruments,"Measuring and Controlling Devices, not elsewhere classified",2740.0,87519.40037999999,,,,,
A284620,"Kainos Medicine, Inc.",-0.8815069953694418,-1.2161709953694417,31.8598945446345,,,,,Health Care,"Pharmaceuticals, Biotechnology and Life Sciences",Biotechnology,Biotechnology,"Biological Products, Except Diagnostic Substances",1087.0,35557.257016,,LTM,,,
A086790,Hana Financial Group Inc.,,0.1123561755223933,,,,7.50012353019505,0.807185935204957,Financials,Banks,Banks,Diversified Banks,Commercial Banks,129300.0,34858988.81640001,,,,,2026E
A261200,"DENTIS CO.,Ltd",-0.01369025084976198,-0.321869250849762,1.2571360159735,,94.0220964494523,29.0059618657172,0.684463064280726,Health Care,Health Care Equipment and Services,Health Care Equipment and Supplies,Health Care Equipment,Surgical and Medical Instruments and Apparatus,2400.0,37943.28,,LTM,,LTM,LTM
A363260,Mobidays Inc.,-0.010642371447475407,0.04874362855252459,0.47267240627902,5.04393009532103,3.73948035778379,17.6264017944447,0.738800746527505,Communication Services,Media and Entertainment,Media,Advertising,Advertising,916.0,28998.413812,,LTM,LTM,LTM,LTM
A230240,"HFR, Inc.",0.029453819810561353,0.06812981981056135,1.5330961818062,17.6189917257576,12.2405626726316,3.84532179556517,1.34348585869616,Information Technology,Technology Hardware and Equipment,Communications Equipment,Communications Equipment,"Communications Equipment, not elsewhere classified",13320.0,172641.7188,,2026E,2026E,2026E,2026E
A320000,"HanWool Semiconductor, Inc.",-0.38158193974105553,-0.6745999397410555,7.50175069352841,,,,1.48460686505743,Information Technology,Semiconductors and Semiconductor Equipment,Semiconductors and Semiconductor Equipment,Semiconductor Materials and Equipment,"Special Industry Machinery, not elsewhere classified",9960.0,68860.1532,,LTM,,,
A166090,Hana Materials Inc.,0.4868619957723335,0.48794899577233347,3.0107176596459,11.7968767496403,7.48507406416694,14.2038946162657,1.7554932188303,Information Technology,Semiconductors and Semiconductor Equipment,Semiconductors and Semiconductor Equipment,Semiconductor Materials and Equipment,Semiconductors and Related Devices,53700.0,1035843.5724000001,,2026E,2026E,2026E,2026E
A067310,HANA Micron Inc.,0.5624223809316673,0.6136513809316673,1.48021599322568,10.9391456985003,7.42062394352814,13.9825691549829,4.69689073553265,Information Technology,Semiconductors and Semiconductor Equipment,Semiconductors and Semiconductor Equipment,Semiconductors,Semiconductors and Related Devices,34700.0,2082295.6093,,2026E,2026E,2026E,2026E
A215100,"RoboRobo Co., Ltd.",-0.10081933032777837,-0.07051133032777837,6.23956517360099,,,,2.93640495250746,Consumer Discretionary,Consumer Services,Diversified Consumer Services,Education Services,Educational Services,3995.0,80923.76669,,LTM,,,
A208370,"SELVAS Healthcare, Inc.",0.20131338569764343,0.03714738569764344,0.901317973281218,228.839170183568,26.0116346567994,3.89326690665589,0.766030724670597,Health Care,Health Care Equipment and Services,Health Care Equipment and Supplies,Health Care Equipment,Electromedical and Electrotherapeutic Apparatus,2400.0,61722.1896,,LTM,LTM,LTM,LTM
A293480,"Hana Pharm Co., Ltd.",0.2366460030861702,0.35535000308617015,,,,3.7672756757587,1.13124077327226,Health Care,"Pharmaceuticals, Biotechnology and Life Sciences",Pharmaceuticals,Pharmaceuticals,Pharmaceutical Preparations,8290.0,147337.72234,,,,,LTM
A299030,"Hana Technology Co., Ltd.",1.0417836974778814,1.0207556974778813,0.649561500102512,12.4244557519608,8.86219920769231,11.4390243902439,1.16097781022393,Industrials,Capital Goods,Machinery,Industrial Machinery and Supplies and Components,Miscellaneous Industrial And Commercial Machinery And Equipment,13250.0,105932.5575,,2026E,2026E,2026E,2026E
A009420,"Hanall Biopharma Co., Ltd.",0.07863366253746822,0.07257366253746822,18.5678134528033,,,,19.5839130689095,Health Care,"Pharmaceuticals, Biotechnology and Life Sciences",Pharmaceuticals,Pharmaceuticals,Pharmaceutical Preparations,57200.0,2905313.3252000003,,2026E,,,
A039130,Hanatour Service Inc.,0.051176362484426835,0.2609213624844268,0.64987482416119,8.04046326957655,5.96914413550437,9.13534159237294,3.46693364376506,Consumer Discretionary,Consumer Services,"Hotels, Restaurants and Leisure","Hotels, Resorts and Cruise Lines",Transportation Services,30950.0,479413.3954,,2026E,2026E,2026E,2026E
A047080,HANBIT SOFT Inc.,0.25202949200520786,0.2974324920052079,0.41113153476813,1.95852647545154,1.69154309606276,3.06719403333857,1.15174732578406,Communication Services,Media and Entertainment,Entertainment,Interactive Home Entertainment,Prepackaged Software,915.0,22712.461229999997,,LTM,LTM,LTM,LTM
A005110,Hanchang Corporation,-0.28701931279270343,-13.574680312792704,4.00146218931775,,,,3.0354581818978,Industrials,Commercial and Professional Services,Commercial Services and Supplies,Office Services and Supplies,Miscellaneous Manufacturing Industries,1254.0,23332.434378,,LTM,,,
A079170,"Hanchang Ind.Co.,Ltd",-0.018984672630112692,0.03402632736988731,0.239105144419982,7.12227786384115,3.68167282522493,,,Materials,Materials,Chemicals,Commodity Chemicals,Miscellaneous Chemical Products,5650.0,29380.0,,LTM,LTM,LTM,
A009460,"Hanchangpaper co., Ltd",-0.00597700050180382,0.013389999498196178,,,,,0.810473747229929,Materials,Materials,Containers and Packaging,Paper and Plastic Packaging Products and Materials,Paperboard Mills,3455.0,41230.232135,,,,,
A457370,"Hanchem Co,. Ltd.",0.03664088427700224,0.05263588427700225,1.69081851661008,13.6036600156876,9.96722667363689,14.6535447531506,1.28494311087242,Materials,Materials,Chemicals,Specialty Chemicals,Miscellaneous Chemical Products,9330.0,75219.71022000001,,LTM,LTM,LTM,LTM
A030520,Hancom Inc.,0.28382289289015206,0.29077389289015204,1.1366659951406,9.34694512028398,6.22708641121622,7.84594715629198,1.14465513301697,Information Technology,Software and Services,Software,Application Software,Prepackaged Software,17140.0,407021.31752,,2026E,2026E,2026E,2026E
A372910,Hancom Lifecare Inc.,0.43251903375110234,0.37731603375110234,0.0877832380332829,2.1490637162963,1.12669359883495,8.72857142857143,0.385156387992047,Industrials,Commercial and Professional Services,Commercial Services and Supplies,Office Services and Supplies,Miscellaneous Manufacturing Industries,1790.0,49537.186740000005,,2026E,2026E,2026E,2026E
A054920,HancomWITH Inc.,0.0352764958884419,0.0728364958884419,0.207099105028454,14.6790714188463,12.9982389454893,15.2118043803417,0.620202592863957,Information Technology,Software and Services,Software,Systems Software,Prepackaged Software,3500.0,87901.88399999999,,LTM,LTM,LTM,LTM
A256150,"Handok Clean Tech Co., Ltd.",0.060228265630507594,0.08883526563050759,0.414928987485723,10.4288330316672,6.20785104750856,12.4392859079887,0.655037952660105,Consumer Discretionary,Consumer Durables and Apparel,Household Durables,Household Appliances,Household Appliances,4800.0,40296.0,,LTM,LTM,LTM,LTM
A002390,HANDOK Inc.,0.029259515764417692,0.04022351576441769,0.844843363304834,,23.5189063411355,,0.488416605412768,Health Care,"Pharmaceuticals, Biotechnology and Life Sciences",Pharmaceuticals,Pharmaceuticals,Pharmaceutical Preparations,9310.0,120945.80036000001,,LTM,,LTM,
A143210,Hands Corporation Ltd,-0.233122774296453,-0.699872774296453,0.626222695648076,,,,0.399090692859341,Consumer Discretionary,Automobiles and Components,Automobile Components,Automotive Parts and Equipment,Motor Vehicle Parts and Accessories,1199.0,26010.752295000002,,LTM,,,
A020000,HANDSOME Corporation,0.09564187541378615,0.10196187541378615,0.195505149272255,3.44485514512922,1.97091428018957,4.46673936750273,0.227824787413702,Consumer Discretionary,Consumer Durables and Apparel,"Textiles, Apparel and Luxury Goods","Apparel, Accessories and Luxury Goods",Apparel and Other Finished Products Made From Fabrics and Similar Materials,15000.0,322154.91000000003,,2026E,2026E,2026E,2026E
A220180,"HANDYSOFT, Inc.",0.045630186227186315,0.03144518622718631,,,,18.3861603134233,0.425445089390739,Information Technology,Software and Services,Software,Systems Software,Prepackaged Software,1501.0,35920.193842,,,,,LTM
A014130,"Hanexpress.Co., Ltd",-0.03983049328807337,-0.15791349328807336,0.426588440236427,,9.41674705637402,,0.367638508228293,Industrials,Transportation,Ground Transportation,Cargo Ground Transportation,Water Transportation,2465.0,29087.0,,LTM,,LTM,
A300720,"Hanil Cement Co., Ltd.",-0.01996558457299263,0.023511415427007368,1.12044382984946,13.5914708055652,6.35373635219512,16.0529100529101,0.616822609100846,Materials,Materials,Construction Materials,Construction Materials,"Cement, Hydraulic",15220.0,1119358.08098,,2026E,2026E,2026E,2026E
A007770,"Hanil Chemical Ind. Co., Ltd.",-0.11437902227652727,-0.18360802227652726,0.365339351843266,,,,0.301644968115481,Materials,Materials,Chemicals,Commodity Chemicals,Industrial Inorganic Chemicals,7350.0,25798.5,,LTM,,,
A005860,"Hanil Feed Co., Ltd.",0.07647755392076977,0.10212855392076978,0.20741104931296,12.526958119869,8.88245193803332,17.1961191942405,0.5698619440412,Consumer Staples,"Food, Beverage and Tobacco",Food Products,Packaged Foods and Meats,Grain Mill Products,2395.0,94371.82557500001,,LTM,LTM,LTM,LTM
A024740,"Hanil Forging Industrial Co., Ltd.",0.057445677084400806,0.0583206770844008,0.749239499290755,18.8634183564129,6.89870458505956,23.3342481018993,0.486710861893957,Consumer Discretionary,Automobiles and Components,Automobile Components,Automotive Parts and Equipment,Motor Vehicle Parts and Accessories,2070.0,67476.31784999999,,LTM,LTM,LTM,LTM
A003300,"Hanil Holdings Co., Ltd.",-0.014878395702915314,0.018913604297084684,0.915894410789005,14.349003871739,7.69327554978921,15.6937378100197,0.326997384925074,Materials,Materials,Construction Materials,Construction Materials,"Cement, Hydraulic",17390.0,536158.81116,,LTM,LTM,LTM,LTM
A002220,"Hanil Iron & Steel Co., Ltd",0.1118775723152011,0.1183785723152011,0.672795948901582,28.646977221138,14.7461650202902,,0.422831828635787,Materials,Materials,Metals and Mining,Steel,"Steel Works, Blast Furnaces, And Rolling And Finishing Mills",2785.0,66122.937695,,LTM,LTM,LTM,
A003480,"Hanjin Heavy Industries & Construction Holdings Co., Ltd.",0.053782125202832584,0.1350681252028326,0.453374867126523,6.25982795621532,3.44708018495935,1.88011992711248,0.264372825052594,Utilities,Utilities,Gas Utilities,Gas Utilities,Ship And Boat Building And Repairing,4740.0,123664.24896000001,,LTM,LTM,LTM,LTM
A180640,Hanjin Kal,0.05736793731088356,0.07046593731088355,25.8231475716557,,,46.3297727041727,2.25238319525243,Consumer Discretionary,Consumer Services,"Hotels, Restaurants and Leisure","Hotels, Resorts and Cruise Lines",Hotels and Motels,115900.0,7799209.3266,,LTM,,,LTM
A002320,HANJIN Logistics Corporation,0.030070626545959607,0.03688062654595961,0.709738260390428,17.3394516538462,7.95120429328355,10.5167597765363,0.162144499985432,Industrials,Transportation,Air Freight and Logistics,Air Freight and Logistics,Transportation Services,14790.0,222444.77985,,2026E,2026E,LTM,2026E
A058450,"HANJOO ART Co.,LTD.",1.4517199551223525,1.0248399551223526,1.19301801559994,,,,0.598766264987993,Materials,Materials,Chemicals,Commodity Chemicals,"Plastics Products, not elsewhere classified",2120.0,10599.22408,,LTM,,,
A198940,"Hanjoo Light Metal Co., Ltd.",-0.010484005815998948,-0.054653005815998947,0.498906139761173,170.14660979154,7.91053614595552,,0.563320291535962,Consumer Discretionary,Automobiles and Components,Automobile Components,Automotive Parts and Equipment,Motor Vehicle Parts and Accessories,1303.0,25355.694622,,LTM,LTM,LTM,
A107640,"HanJung Natural Connectivity System.co.,Ltd",0.46241631809933226,0.4822233180993322,1.57157599093088,21.8536372516667,16.39022793875,265.185185185185,3.21449881394323,Consumer Discretionary,Automobiles and Components,Automobile Components,Automotive Parts and Equipment,Motor Vehicle Parts and Accessories,,,,2026E,2026E,2026E,2026E
A000240,"Hankook & Company Co., Ltd.",0.15576365997658476,0.17163765997658476,1.37674139481885,4.81016708146043,4.40034084612,5.31771068048671,0.431070866101819,Consumer Discretionary,Automobiles and Components,Automobile Components,Automotive Parts and Equipment,"Miscellaneous Electrical Machinery, Equipment, and Supplies",22950.0,2173781.4047999997,,2026E,2026E,2026E,2026E
A123690,"Hankook Cosmetics Co., Ltd.",-0.014733370665309824,-0.0013583706653098257,1.03850113717386,139.78546529648,35.9613299877712,113.837723942026,2.89202502725513,Consumer Staples,Household and Personal Products,Personal Care Products,Personal Care Products,"Perfumes, Cosmetics, and Other Toilet Preparations",6210.0,99776.51091,,LTM,LTM,LTM,LTM
A003350,"Hankook Cosmetics Manufacturing Co., Ltd",-0.13758900832819004,-0.20380000832819,,,,,7.33653842148766,Consumer Staples,Household and Personal Products,Personal Care Products,Personal Care Products,"Perfumes, Cosmetics, and Other Toilet Preparations",10550.0,191219.11925000002,,,,,
A004590,"Hankook Furniture Co., Ltd.",0.12132805227407956,0.14097905227407956,0.365595152301415,3.11463814043246,2.92571032116921,4.7598914049284,0.34343554466668,Consumer Discretionary,Consumer Durables and Apparel,Household Durables,Home Furnishings,Household Furniture,4760.0,66045.0,,LTM,LTM,LTM,LTM
A002960,"Hankook Shell Oil Co.,Ltd.",0.1370261799398197,0.3641221799398197,1.67762924805108,10.7029883414434,9.95560433946837,13.2431314544568,6.00395719561353,Energy,Energy,"Oil, Gas and Consumable Fuels",Oil and Gas Refining and Marketing,Miscellaneous Products Of Petroleum And Coal,507000.0,659100.0,,LTM,LTM,LTM,LTM
A025890,"Hankook Steel Co., Ltd.",-0.0251396365912544,-0.0236216365912544,0.800961106836156,,39.6242006465743,,0.807381024551298,Materials,Materials,Metals and Mining,Steel,Iron And Steel Foundries,2440.0,27192.863039999997,,LTM,,LTM,
A161390,"Hankook Tire & Technology Co., Ltd.",0.10796323261155867,0.13980123261155866,0.61454307674528,6.38182284230295,3.87831529131073,6.1062627415551,0.63771041249846,Consumer Discretionary,Automobiles and Components,Automobile Components,Tires and Rubber,Tires and Inner Tubes,65400.0,7978064.4462,,2026E,2026E,2026E,2026E
A017960,"Hankuk Carbon Co., Ltd.",0.17453210439404337,0.24507810439404337,1.09634141161533,5.93020617921472,5.09049785087308,9.79618164724177,1.79814480309116,Materials,Materials,Chemicals,Commodity Chemicals,"Abrasive, Asbestos, And Miscellaneous Nonmetallic Mineral Products",22550.0,1165304.7593,,2026E,2026E,2026E,2026E
A027970,"Hankuk Paper Mfg. Co., Ltd",-0.13940822010163317,-0.07905822010163317,0.360387632932108,69.2952409107377,21.9244194907588,,0.294760455683455,Materials,Materials,Paper and Forest Products,Paper Products,Paper and Allied Products,2760.0,104963.19744,,LTM,LTM,LTM,
A025550,"Hankuk Steel Wire Co., Ltd.",0.05618764324112443,0.08313464324112443,0.931654936464997,13.4503403030413,10.9584920431365,,0.391620262822979,Materials,Materials,Metals and Mining,Steel,"Steel Works, Blast Furnaces, And Rolling And Finishing Mills",2130.0,51426.6135,,LTM,LTM,LTM,
A037230,"Hankukpackage Co., Ltd.",0.018392573418137527,0.047115573418137525,0.469602586262492,11.8717406208551,7.43073669918903,7.62728099248193,0.367592297570279,Materials,Materials,Containers and Packaging,Paper and Plastic Packaging Products and Materials,Paperboard Containers And Boxes,1320.0,39336.43164,,LTM,LTM,LTM,LTM
A092460,"Hanla IMS Co., Ltd.",0.19375606281564103,0.23353506281564104,2.12651263838589,13.7263909982148,11.9552718377753,11.3732883614663,1.55098950228055,Information Technology,Technology Hardware and Equipment,"Electronic Equipment, Instruments and Components",Electronic Equipment and Instruments,"Industrial Instruments for Measurement, Display, and Control of Process Variables; and Related Products",17020.0,278169.4336,,LTM,LTM,LTM,LTM
A128940,"Hanmi Pharm. Co., Ltd.",0.17247697538963275,0.22610297538963273,3.19155324613486,17.5687063685379,13.3351661346469,24.8757188202114,3.89475766005504,Health Care,"Pharmaceuticals, Biotechnology and Life Sciences",Pharmaceuticals,Pharmaceuticals,Pharmaceutical Preparations,405000.0,5139089.955,,2026E,2026E,2026E,2026E
A008930,"Hanmi Science Co., Ltd.",0.12555607002938754,0.14760507002938753,2.22269939252435,19.3614483417897,18.2762695169094,22.0432080153628,2.99611226341461,Health Care,Health Care Equipment and Services,Health Care Providers and Services,Health Care Distributors,"Drugs, Drug Proprietaries, and Druggists' Sundries",44600.0,3020031.2876,,LTM,LTM,LTM,LTM
A042700,"HANMI Semiconductor Co., Ltd.",0.5856118112498041,0.7193168112498041,26.9296852729874,56.460835430373,54.4685591193625,67.3771350006403,33.6379548536114,Information Technology,Semiconductors and Semiconductor Equipment,Semiconductors and Semiconductor Equipment,Semiconductor Materials and Equipment,"Special Industry Machinery, not elsewhere classified",213000.0,20203689.426,,2026E,2026E,2026E,2026E
A053690,"HanmiGlobal Co., Ltd.",0.08010432744974069,0.13686532744974067,0.415445525850771,6.22970771093502,4.13783743747368,8.04186046511628,0.782802931120069,Industrials,Capital Goods,Construction and Engineering,Construction and Engineering,Engineering Services,16470.0,178044.8175,,2026E,2026E,2026E,2026E
A052600,"Hannet Co., Ltd.",0.016831992074055543,0.015789992074055542,,,,18.0103089198176,1.08897793236674,Industrials,Commercial and Professional Services,Commercial Services and Supplies,Diversified Support Services,"Business Services, not elsewhere classified",3000.0,34691.100000000006,,,,,LTM
A011500,Hannong Chemicals Inc.,0.0013104654356821052,0.008578465435682102,1.10417395188679,34.597635795038,13.1158270887872,49.5505903774941,1.16823169185832,Materials,Materials,Chemicals,Specialty Chemicals,Industrial Organic Chemicals,12660.0,193622.2932,,LTM,LTM,LTM,LTM
A018880,Hanon Systems,0.03618074509724245,-0.02001125490275755,0.580985205448971,15.5184622247774,5.88814885643775,14.2574716858375,0.879647850183235,Consumer Discretionary,Automobiles and Components,Automobile Components,Automotive Parts and Equipment,Air-Conditioning and Warm Air Heating Equipment and Commercial and Industrial Refrigeration Equipment,3435.0,3525173.35977,,2026E,2026E,2026E,2026E
A408470,"HANPASS Co., Ltd.",,0.3536903447877487,,,,8.55495778506075,0.936006454346308,Financials,Financial Services,Financial Services,Transaction and Payment Processing Services,Computer Processing and Data Preparation and Processing Services,5160.0,54551.52,,,,,LTM
A105630,"Hansae Co., Ltd.",0.1046607796780393,0.16554277967803932,0.340137985265114,6.34159932850911,4.23897340951256,7.29544538492543,0.493757728666628,Consumer Discretionary,Consumer Durables and Apparel,"Textiles, Apparel and Luxury Goods","Apparel, Accessories and Luxury Goods",Apparel and Other Finished Products Made From Fabrics and Similar Materials,8810.0,346962.81159,,2026E,2026E,2026E,2026E
A016450,"Hansae Yes24 Holdings Co., Ltd",-0.01615547957817439,-0.02151347957817439,0.510081332587076,26.0093676927488,10.263441315321,,0.390834905825007,Consumer Discretionary,Consumer Durables and Apparel,"Textiles, Apparel and Luxury Goods","Apparel, Accessories and Luxury Goods","Women's, Misses', Children's, And Infants' Undergarments",4460.0,175189.36642,,LTM,LTM,LTM,
A069640,"Hansaemk Co.,Ltd.",-0.11227462550716172,-0.8711896255071616,0.788298470185995,,,,4.31302453309969,Consumer Discretionary,Consumer Durables and Apparel,"Textiles, Apparel and Luxury Goods","Apparel, Accessories and Luxury Goods",Apparel and Other Finished Products Made From Fabrics and Similar Materials,1460.0,29785.113980000002,,LTM,,,
A042520,HansBiomed Corporation,0.23990838279820867,-0.22048861720179136,1.94286998508395,14.4804431942046,11.3725232234848,17.1692714065595,3.54771329581526,Health Care,"Pharmaceuticals, Biotechnology and Life Sciences",Biotechnology,Biotechnology,"Biological Products, Except Diagnostic Substances",17020.0,242728.46633999998,,2026E,2026E,2026E,2026E
A004960,"HANSHIN Engineering & Construction Co., Ltd.",-0.032252782356604504,-0.009954782356604505,0.634264558199911,5.1778282694186,4.95037234180568,1.51291975026219,0.145882089459453,Industrials,Capital Goods,Construction and Engineering,Construction and Engineering,Building Construction General Contractors and Operative Builders,10620.0,122880.85524,,LTM,LTM,LTM,LTM
A011700,"Hanshin Machinery Co., Ltd.",-0.0197895274407845,-0.0163755274407845,1.51081481689219,,,,0.882848224289259,Industrials,Capital Goods,Machinery,Industrial Machinery and Supplies and Components,General Industrial Machinery And Equipment,2275.0,73587.493525,,LTM,,,
A014680,"Hansol Chemical Co., Ltd.",0.21567054629206567,0.2607025462920657,2.28966732539299,12.0900814472602,9.18730389565244,12.9879298944814,2.01300149470405,Materials,Materials,Chemicals,Specialty Chemicals,Chemicals and Allied Products,198300.0,2047792.542,,2026E,2026E,2026E,2026E
A004150,"Hansol Holdings Co., Ltd.",0.1003980041174122,0.11755300411741221,0.172704874092803,8.49552700260241,3.84988092496918,27.5695916982972,0.244099193584337,Materials,Materials,Paper and Forest Products,Paper Products,Paper Mills,3255.0,133541.644845,,LTM,LTM,LTM,LTM
A114810,"Hansol IONES Co., Ltd.",0.12870832574006813,0.18024332574006816,1.65607379255083,13.1915439361985,9.5972855037226,16.697733195577,1.60062320714069,Information Technology,Semiconductors and Semiconductor Equipment,Semiconductors and Semiconductor Equipment,Semiconductors,Semiconductors and Related Devices,12380.0,342282.6733,,LTM,LTM,LTM,LTM
A009180,"Hansol Logistics Co., Ltd.",0.1540297477259949,0.23713774772599489,0.121956008975545,3.58987240428016,2.25023709243902,4.2601246105919,0.508055790855821,Industrials,Transportation,Air Freight and Logistics,Air Freight and Logistics,Arrangement of Transportation of Freight and Cargo,2705.0,76143.40747,,2026E,2026E,2026E,2026E
A213500,"Hansol Paper Co., Ltd.",0.04384209138293743,0.042916091382937435,0.429204605598939,8.58210505361953,5.2018065325,2.64983105104037,0.244337103220097,Materials,Materials,Paper and Forest Products,Paper Products,Paper and Allied Products,7260.0,172629.55776,,2026E,2026E,2026E,2026E
A004710,"Hansol Technics Co., Ltd.",-0.005493695903442512,0.016860304096557487,0.645116356634082,57.6307636321605,14.2993518729356,,0.717952929577093,Information Technology,Semiconductors and Semiconductor Equipment,Semiconductors and Semiconductor Equipment,Semiconductors,"Electronic Components, not elsewhere classified",6910.0,367057.93546999997,,LTM,LTM,LTM,
A025750,"HansolHomeDeco.Co., Ltd.",-0.1182409273737295,-0.2105099273737295,0.36089403010856,18.4146909377926,6.93384417622655,,0.166574432580502,Materials,Materials,Paper and Forest Products,Forest Products,"Lumber and Wood Products, except Furniture",1830.0,29486.843070000003,,LTM,LTM,LTM,
A430690,"Hanssak Co., Ltd.",0.01760818644251997,-0.016275813557480034,1.30763696034035,,,,0.894267806132101,Information Technology,Software and Services,Software,Systems Software,Prepackaged Software,2390.0,26039.77656,,LTM,,,
A009240,"Hanssem Co., Ltd.",-0.007157340127055427,0.09552365987294459,0.316031992426059,11.7590783941579,5.82236025382128,37.4985194807647,1.54441806532811,Consumer Discretionary,Consumer Durables and Apparel,Household Durables,Home Furnishings,"Millwork, Veneer, Plywood, And Structural Wood Members",37550.0,623342.0911,,2026E,2026E,2026E,2026E
A452280,"Hansun Engineering Co., Ltd.",0.16517741119443285,0.28702741119443287,3.26753788993173,16.5939638106914,14.3701910590288,178.453821435485,2.27528160882884,Industrials,Capital Goods,Building Products,Building Products,Miscellaneous Fabricated Metal Products,9810.0,188819.6427,,LTM,LTM,LTM,LTM
A066980,"Hansung Cleantech Co., Ltd.",-0.03305338197812543,-0.0016723819781254284,0.61888005642179,292.013127775903,14.9329902839843,,1.48726307508807,Information Technology,Semiconductors and Semiconductor Equipment,Semiconductors and Semiconductor Equipment,Semiconductor Materials and Equipment,"Electronic Components, not elsewhere classified",1617.0,86729.213109,,LTM,LTM,LTM,
A003680,"Hansung Enterprise Co.,Ltd",,-0.33448999847687144,,,,,0.589476120104108,Consumer Staples,"Food, Beverage and Tobacco",Food Products,Packaged Foods and Meats,Prepared Fresh or Frozen Fish and Seafoods,5070.0,28635.638850000003,,,,,
A098070,"Hantech Co., Ltd.",0.4767327840803993,0.5135897840803993,0.973478030640794,5.55986421623711,5.53135209205128,8.88370423546303,1.65503265518485,Industrials,Capital Goods,Machinery,Industrial Machinery and Supplies and Components,Fabricated Plate Work (Boiler Shops),23750.0,264127.09875,,2026E,2026E,2026E,2026E
A002680,Hantop Inc.,-0.01701989690403952,0.038804103095960475,0.946814709901786,61.2003804407731,35.6065450898344,,0.318834308274132,Consumer Staples,"Food, Beverage and Tobacco",Food Products,Agricultural Products and Services,Grain Mill Products,2225.0,13802.473775,,LTM,LTM,LTM,
A214680,DRTECH Corporation,0.015845693402251865,-0.23595030659774813,1.15268201737657,,,,0.94100244141221,Health Care,Health Care Equipment and Services,Health Care Equipment and Supplies,Health Care Equipment,Electromedical and Electrotherapeutic Apparatus,960.0,80137.85472,,LTM,,,
A012450,"Hanwha Aerospace Co., Ltd.",0.26344381828340374,0.3628338182834038,2.32566522536753,15.7541940166096,13.4381341291965,24.7094083799123,6.02904680054022,Industrials,Capital Goods,Aerospace and Defense,Aerospace and Defense,Conglomerates,1097500.0,56465044.83,,2026E,2026E,2026E,2026E
A000880,Hanwha Corporation,0.00690234724727158,0.045709347247271576,0.614781367046736,9.4275740246065,6.32512705100535,6.0170079403115,0.571246846506411,Industrials,Capital Goods,Industrial Conglomerates,Industrial Conglomerates,Miscellaneous Chemical Products,83800.0,5457365.9762,,2026E,2026E,2026E,2026E
A082740,"Hanwha Engine Co., Ltd.",0.5333715785928904,0.5398925785928905,2.38423025118972,16.1272978272022,14.1505282690026,19.0624165942574,6.37282097342798,Industrials,Capital Goods,Machinery,Construction Machinery and Heavy Transportation Equipment,Engines And Turbines,44850.0,3741635.24475,,2026E,2026E,2026E,2026E
A452260,Hanwha Galleria Corporation,0.05488348955788634,0.04032048955788634,1.5336350581237,23.3267971939055,8.86021320882511,15.1300643089748,0.467543994293287,Consumer Discretionary,Consumer Discretionary Distribution and Retail,Broadline Retail,Broadline Retail,Department Stores,1955.0,384501.90453,,LTM,LTM,LTM,LTM
A000370,"Hanwha General Insurance Co., Ltd.",0.10308969779084355,0.14158269779084354,0.331892020876522,5.70903270812922,4.52889675369316,4.41711743530139,0.318676260367049,Financials,Insurance,Insurance,Property and Casualty Insurance,Insurance Carriers,7190.0,831310.8629399999,,LTM,LTM,LTM,LTM
A003530,"Hanwha Investment & Securities Co., Ltd.",,0.3465251083209731,,,,12.3655349702048,0.502037433854898,Financials,Financial Services,Capital Markets,Investment Banking and Brokerage,"Security Brokers, Dealers, and Flotation Companies",4785.0,1043466.8065800001,,,,,LTM
A088350,"Hanwha Life Insurance Co., Ltd.",-0.8102899312434347,-0.7798529312434348,1.25977484381694,18.8232990794029,20.6009311048608,3.8967468175389,0.254721103726369,Financials,Insurance,Insurance,Life and Health Insurance,Life Insurance,5410.0,4065021.2525000004,,LTM,2026E,LTM,2026E
A215380,"WOOJUNG BIO, Inc.",0.024578424259036787,-0.13799457574096322,1.31259484018651,,28.2297167974271,,1.59025181222974,Health Care,"Pharmaceuticals, Biotechnology and Life Sciences",Life Sciences Tools and Services,Life Sciences Tools and Services,Commercial Physical and Biological Research,2115.0,35594.55324,,LTM,,LTM,
A042660,"Hanwha Ocean Co., Ltd.",0.4159653832595448,0.4696083832595448,2.00196483320529,14.1699377680912,12.6468145573615,13.5529545773294,3.60377248841149,Industrials,Capital Goods,Machinery,Construction Machinery and Heavy Transportation Equipment,Ship And Boat Building And Repairing,83900.0,25703420.007299997,,2026E,2026E,2026E,2026E
A340440,"Serim B&G Co., Ltd.",0.06558023219201842,0.07091523219201841,0.247928991474745,10.9005140071611,4.84843417875371,10.6646005178232,0.607492216636597,Materials,Materials,Containers and Packaging,Paper and Plastic Packaging Products and Materials,Paperboard Containers And Boxes,756.0,21454.043184000002,,LTM,LTM,LTM,LTM
A498390,Hanwha Plus No 5 Special Purpose Acquisition Company,,,,,,,1.02137184908943,Financials,Financial Services,Capital Markets,Asset Management and Custody Banks,Non-operating Establishments,2035.0,10093.6,,,,,
A451800,"Hanwha REIT Co., Ltd.",0.049685066313276974,0.10861806631327697,16.0302470259351,26.3143577098529,20.3338218667045,34.337623012869,1.47659590029164,Real Estate,Equity Real Estate Investment Trusts (REITs),Office REITs,Office REITs,Real Estate Investment Trusts,5450.0,978820.0,,2026E,2026E,2026E,2026E
A009830,Hanwha Solutions Corporation,0.3510329510937293,0.2943639510937293,1.28592447222933,27.7541403977944,13.8275576043418,19.1616695536553,,Materials,Materials,Chemicals,Commodity Chemicals,"Plastics Materials, Synthetic Resins, and Nonvulcanizable Elastomers",32350.0,7278739.35685,,2026E,2026E,2026E,2026E
A272210,"Hanwha Systems Co., Ltd.",0.23497208485223708,0.2741330848522371,3.55239871146612,59.4851720261269,31.6472307616888,95.2561669829222,3.14935458519246,Industrials,Capital Goods,Aerospace and Defense,Aerospace and Defense,"Search, Detection, Navigation, Guidance, Aeronautical, and Nautical Systems and Instruments",70600.0,13201724.226599999,,2026E,2026E,2026E,2026E
A489790,"Hanwha Vision CO.,LTD",,0.21778189612362092,1.60368142691647,16.7832371913492,12.9563396642417,21.2784989408363,2.91513932065524,Information Technology,Technology Hardware and Equipment,"Electronic Equipment, Instruments and Components",Electronic Equipment and Instruments,Optical Instruments and Lenses,51400.0,2589405.6588,,2026E,2026E,2026E,LTM
A276730,"HanWool & Jeju, Inc.",-0.3687459185833921,-0.9537569185833921,3.61843875124842,,,,1.973134541174,Consumer Staples,"Food, Beverage and Tobacco",Beverages,Brewers,Malt Beverages,1610.0,3563.73822,,LTM,,,
A091440,"HanWool Materials Science, Inc.",-0.3901770832109557,-0.9497100832109557,15.0698257523312,,,,3.11782166361841,Information Technology,Technology Hardware and Equipment,Communications Equipment,Communications Equipment,Radio and Television Broadcasting and Communications Equipment,3025.0,102717.76514999999,,LTM,,,
A320000,"HanWool Semiconductor, Inc.",-0.38158193974105553,-0.6745999397410555,7.50175069352841,,,,1.48460686505743,Information Technology,Semiconductors and Semiconductor Equipment,Semiconductors and Semiconductor Equipment,Semiconductor Materials and Equipment,"Special Industry Machinery, not elsewhere classified",9960.0,68860.1532,,LTM,,,
A078350,"Hanyang Digitech Co., Ltd.",0.38337116328727616,0.31420316328727615,0.391632646824045,7.53620126172432,5.12305349271542,10.5325333443986,1.7034958553299,Information Technology,Semiconductors and Semiconductor Equipment,Semiconductors and Semiconductor Equipment,Semiconductors,Semiconductors and Related Devices,21150.0,308427.76395,,LTM,LTM,LTM,LTM
A045100,"HANYANG ENG Co.,Ltd",0.21775750323837245,0.19051450323837243,0.228469653109849,3.8243488816016,,7.88804986937221,0.735163672505241,Industrials,Capital Goods,Construction and Engineering,Construction and Engineering,Operative Builders,29050.0,465293.32709999994,,LTM,LTM,,LTM
A001750,Hanyang Securities Co. Ltd.,,0.07728999971331788,,,,5.36652835408022,0.476349019128171,Financials,Financial Services,Capital Markets,Investment Banking and Brokerage,"Security Brokers, Dealers, and Flotation Companies",19220.0,244642.42348,,,,,LTM
A136480,"HARIM Co., Ltd.",0.04959488429860055,0.15654288429860055,0.402148913695786,12.0043568596616,5.03816575726389,15.3165829910178,0.843420904622517,Consumer Staples,"Food, Beverage and Tobacco",Food Products,Packaged Foods and Meats,Poultry Slaughtering and Processing,2615.0,277679.48093,,LTM,LTM,LTM,LTM
A003380,"Harim Holdings Co., Ltd.",0.09255036803622346,0.16968136803622347,0.871556662871174,12.7683271392859,7.24184915209463,6.41265905408514,0.304337759780426,Consumer Staples,"Food, Beverage and Tobacco",Food Products,Packaged Foods and Meats,Food and Kindred Products,10530.0,1093543.45893,,LTM,LTM,LTM,LTM
A450330,HASS Corp.,-0.04299245912094313,0.0032055408790568687,1.97005554125558,,28.9337731213763,,1.0014947241861,Health Care,Health Care Equipment and Services,Health Care Equipment and Supplies,Health Care Supplies,Dental Equipment and Supplies,5040.0,39077.9676,,LTM,,LTM,
A440290,"HB Investment, Inc.",,0.11690378768017555,,,,7.30663527614656,0.552859620982905,Financials,Financial Services,Capital Markets,Asset Management and Custody Banks,"Investors, not elsewhere classified",1666.0,45825.712380000004,,,,,LTM
A297890,"HB SOLUTION Co., Ltd.",0.036349991278694455,0.026578991278694453,1.49748871439536,,61.0523208663756,3.57558233572728,0.486974108221492,Information Technology,Semiconductors and Semiconductor Equipment,Semiconductors and Semiconductor Equipment,Semiconductor Materials and Equipment,"Special Industry Machinery, not elsewhere classified",1646.0,120389.944444,,LTM,,LTM,LTM
A078150,"HB Technology CO.,LTD.",0.18039310448265808,0.14422710448265808,0.943238378177051,10.1883612071695,8.22046329348875,3.79852367986369,0.585598681066175,Information Technology,Semiconductors and Semiconductor Equipment,Semiconductors and Semiconductor Equipment,Semiconductor Materials and Equipment,"Special Industry Machinery, not elsewhere classified",1887.0,167668.664166,,LTM,LTM,LTM,LTM
A452190,HBL Corporation,0.1807175069240936,0.16185850692409362,3.00844923615523,26.7441690460305,21.3716027453735,26.2384882899049,2.74796122352364,Industrials,Capital Goods,Machinery,Industrial Machinery and Supplies and Components,Non-operating Establishments,3460.0,82758.66394,,LTM,LTM,LTM,LTM
A225530,"HC BoKwang Industry Co.,Ltd",-0.06474925345131996,-0.03586925345131995,3.06055458321996,,27.8767448973357,,0.822179017523589,Materials,Materials,Construction Materials,Construction Materials,"Concrete, Gypsum, And Plaster Products",2015.0,73222.180265,,LTM,,LTM,
A072990,"HCT Co., Ltd.",0.020460346165819206,0.0457703461658192,0.941452522521674,13.8230721166213,4.51059020232366,8.45026794153133,0.466187842946123,Industrials,Commercial and Professional Services,Professional Services,Research and Consulting Services,Testing Laboratories,3035.0,43996.3919,,LTM,LTM,LTM,LTM
A267270,"HD Construction Equipment Co., Ltd.",1.5859706540957677,1.5497096540957676,0.734369493717287,8.82150971991359,7.06917389567803,9.05848257412499,1.24035468120093,Industrials,Capital Goods,Machinery,Construction Machinery and Heavy Transportation Equipment,Construction Machinery and Equipment,115800.0,5529267.4992,,2026E,2026E,2026E,2026E
A267250,"HD Hyundai Co., Ltd.",0.17303739574337015,0.2755253957433702,0.493474325650885,4.29917064803158,3.61681365151293,6.19418706595893,1.4322280087581,Energy,Energy,"Oil, Gas and Consumable Fuels",Oil and Gas Refining and Marketing,Miscellaneous Products Of Petroleum And Coal,218500.0,15441051.955,,2026E,2026E,2026E,2026E
A267260,"HD Hyundai Electric Co., Ltd.",0.40738803816419716,0.5676660381641971,5.52727871536164,20.975177825459,19.6558706658468,27.622966438126902,11.8897211106175,Industrials,Capital Goods,Electrical Equipment,Heavy Electrical Equipment,"Electronic and Other Electrical Equipment and Components, except Computer Equipment",720000.0,25914746.880000003,,2026E,2026E,2026E,2026E
A322000,"HD Hyundai Energy Solutions Co.,Ltd.",0.6027578552097379,0.5539078552097378,1.94943954224839,9.43507577639077,8.692063559,13.1300736265811,3.53533397890485,Information Technology,Semiconductors and Semiconductor Equipment,Semiconductors and Semiconductor Equipment,Semiconductors,Semiconductors and Related Devices,127900.0,1432480.0,,2026E,2026E,2026E,2026E
A329180,"HD Hyundai Heavy Industries Co., Ltd.",0.6361758610582242,0.6093148610582242,1.80029860380632,11.1735094075753,10.0828482787882,15.2525101703136,5.13685961798973,Industrials,Capital Goods,Machinery,Construction Machinery and Heavy Transportation Equipment,Ship And Boat Building And Repairing,460500.0,48321542.427,,2026E,2026E,2026E,2026E
A443060,"HD HYUNDAI Marine Solution CO.,LTD.",0.3739701250353439,0.5344311250353437,3.61774209890613,20.4894722569758,19.7485080038428,25.5142573588425,10.204289085327,Industrials,Commercial and Professional Services,Commercial Services and Supplies,Diversified Support Services,Ship And Boat Building And Repairing,203500.0,9123609.110000001,,2026E,2026E,2026E,2026E
A009540,"HD Korea Shipbuilding & Offshore Engineering Co., Ltd.",0.28556045146155273,0.35322845146155274,0.558114066362572,3.22364231077274,2.90765556309362,7.055198779296,1.88140882754982,Industrials,Capital Goods,Machinery,Construction Machinery and Heavy Transportation Equipment,Ship And Boat Building And Repairing,350000.0,24750120.5,,2026E,2026E,2026E,2026E
A012630,"HDC HOLDINGS CO.,Ltd",0.08812882288844495,0.13791482288844495,0.894631686047662,7.50355173959699,6.31308439629555,2.90705609389928,0.354419581493985,Industrials,Capital Goods,Construction and Engineering,Construction and Engineering,General Building Contractors-nonresidential,20950.0,1037060.6359499999,,2026E,2026E,2026E,2026E
A089470,"HDC Hyundai Engineering Plastics Co., Ltd.",0.05545067766946344,0.08902667766946344,0.168986934899481,3.79442110961823,2.92885903433638,3.31158295200399,0.282583079617931,Consumer Discretionary,Automobiles and Components,Automobile Components,Automotive Parts and Equipment,Unsupported Plastics Film and Sheet,3810.0,98679.0,,LTM,LTM,LTM,LTM
A039570,"HDC Labs Co., Ltd.",-0.002320807916900529,0.023547192083099466,0.115774282299377,4.93869584477479,3.41513140764301,10.6825413206894,0.667022142494405,Information Technology,Software and Services,Software,Systems Software,"Computer Programming, Data Processing, And Other Computer Related Services",7480.0,171848.16044,,LTM,LTM,LTM,LTM
A071970,"HD-Hyundai Marine Engine Co., Ltd.",0.9421518412729282,0.9264938412729282,2.38388805233046,9.1922824466825,8.57701886093381,13.6114998091846,3.63179775528361,Industrials,Capital Goods,Machinery,Industrial Machinery and Supplies and Components,Engines And Turbines,50200.0,1702857.9446,,2026E,2026E,2026E,2026E
A234340,"Hecto Financial Co., Ltd.",0.22000963179547095,0.21593263179547095,0.0878702560348784,0.753816094094488,0.581973519452888,14.8442906574394,1.65921942080363,Financials,Financial Services,Financial Services,Transaction and Payment Processing Services,Computer Processing and Data Preparation and Processing Services,19910.0,274516.77044,,2026E,2026E,2026E,2026E
A214180,"Hecto Innovation Co., Ltd.",0.23900164822617778,0.28338864822617776,,,,5.46681664791901,0.829488531482006,Information Technology,Software and Services,Software,Systems Software,"Computer Programming, Data Processing, And Other Computer Related Services",14040.0,176673.28068,,,,,2026E
A037440,"Heerim Architects & Planners Co., Ltd.",0.05482586378978303,0.10237686378978303,0.290991128079676,6.20197363071001,3.7721014923443,7.18486139537898,0.58619861584372,Industrials,Commercial and Professional Services,Professional Services,Research and Consulting Services,"Engineering, Accounting, Research, Management, and Related Services",3890.0,49109.3828,,LTM,LTM,LTM,LTM
A084990,"Helixmith Co., Ltd",-0.14671288366284052,-0.14778888366284051,28.6862859734218,,,,1.02898062687526,Health Care,"Pharmaceuticals, Biotechnology and Life Sciences",Biotechnology,Biotechnology,"Biological Products, Except Diagnostic Substances",3060.0,140903.47728000002,,LTM,,,
A376270,HEM Pharma Inc.,-0.8164426374211377,-1.4039136374211376,21.1867966462196,,,,204.716181584867,Health Care,"Pharmaceuticals, Biotechnology and Life Sciences",Biotechnology,Biotechnology,Pharmaceutical Preparations,39650.0,285842.67855,,LTM,,,
A003280,"Heung-A Shipping Co.,Ltd.",0.033398838891019474,0.09804183889101947,2.54704542878254,50.8321979756476,11.4243115704638,18.0584035261085,1.46307928397067,Industrials,Transportation,Marine Transportation,Marine Transportation,Water Transportation,1780.0,427671.41876,,LTM,LTM,LTM,LTM
A000540,"Heungkuk Fire&Marine Insurance Co., Ltd.",0.10580099999999999,0.15156,,,,2.76872964169381,0.349632148715398,Financials,Insurance,Insurance,Property and Casualty Insurance,Insurance Carriers,3345.0,214891.64752499998,,,,,LTM
A010240,"Heungkuk Metaltech Co.,Ltd.",0.15893465720662137,0.14884365720662135,0.145158239114408,1.27759310637306,1.05560474407994,4.41516166388093,0.50183264122096,Industrials,Capital Goods,Machinery,Industrial Machinery and Supplies and Components,Motor Vehicle Parts and Accessories,5380.0,62978.28,,LTM,LTM,LTM,LTM
A230240,"HFR, Inc.",0.029453819810561353,0.06812981981056135,1.5330961818062,17.6189917257576,12.2405626726316,3.84532179556517,1.34348585869616,Information Technology,Technology Hardware and Equipment,Communications Equipment,Communications Equipment,"Communications Equipment, not elsewhere classified",13320.0,172641.7188,,2026E,2026E,2026E,2026E
A205470,Humasis Co. Ltd.,0.050609458441614213,0.001546458441614218,,,,,0.299100834799637,Health Care,Health Care Equipment and Services,Health Care Equipment and Supplies,Health Care Supplies,In Vitro and In Vivo Diagnostic Substances,2900.0,65629.2272,,,,,
A217500,"Russell Co., Ltd.",0.08748846536111454,0.037824465361114556,1.0430133783433,,,,0.890496018909841,Information Technology,Semiconductors and Semiconductor Equipment,Semiconductors and Semiconductor Equipment,Semiconductor Materials and Equipment,"Special Industry Machinery, not elsewhere classified",1590.0,48348.51966,,LTM,,,
A317240,"TS Trillion Co., Ltd.",0.09681732980589497,0.05277432980589497,1.65251512173473,67.5888703378414,23.899417957074,,1.07236623524284,Consumer Staples,Household and Personal Products,Personal Care Products,Personal Care Products,"Perfumes, Cosmetics, and Other Toilet Preparations",1196.0,34895.346356,,LTM,LTM,LTM,
A365590,HiDeep Inc.,-1.9038002824740894,-3.598374282474089,37.2949268967249,,,,,Information Technology,Semiconductors and Semiconductor Equipment,Semiconductors and Semiconductor Equipment,Semiconductors,Semiconductors and Related Devices,783.0,21130.333973999997,,LTM,,,
A160190,"HIGEN Motor Co., Ltd.",0.09981545468069128,0.08834845468069127,6.16654846034884,,,,5.54049548570021,Industrials,Capital Goods,Electrical Equipment,Heavy Electrical Equipment,Motors and Generators,18340.0,532467.054,,2026E,,,
A106190,"High Tech Pharm Co., Ltd.",0.04564697752971957,0.07551097752971957,1.77176394277049,13.3002509608648,8.33444272450197,14.5854021184692,1.01530506799646,Health Care,"Pharmaceuticals, Biotechnology and Life Sciences",Pharmaceuticals,Pharmaceuticals,Pharmaceutical Preparations,11760.0,125046.11447999999,,LTM,LTM,LTM,LTM
A238490,"HIMS Co.,Ltd.",0.028444005876229056,0.03894000587622906,0.336942983510918,124.451291999611,16.3877702594836,9.15983606557377,0.350961166795112,Information Technology,Semiconductors and Semiconductor Equipment,Semiconductors and Semiconductor Equipment,Semiconductor Materials and Equipment,"Special Industry Machinery, not elsewhere classified",2170.0,24086.8698,,LTM,LTM,LTM,LTM
A149980,"Hironic Co., Ltd.",0.1027685125796138,0.1131985125796138,1.26042252077203,13.377314157386,8.76822154412664,27.2525849351535,1.09411622438593,Health Care,Health Care Equipment and Services,Health Care Equipment and Supplies,Health Care Equipment,Electromedical and Electrotherapeutic Apparatus,4950.0,65358.35955,,LTM,LTM,LTM,LTM
A071090,"Histeel Co.,Ltd.",0.030519020293193463,-0.004924979706806533,0.433979425278019,,21.462420779721,68.5309785665507,0.408047931349716,Materials,Materials,Metals and Mining,Steel,"Steel Works, Blast Furnaces, And Rolling And Finishing Mills",2915.0,58835.051165000004,,LTM,,LTM,LTM
A000080,"HITEJINRO Co., Ltd.",-0.019703437986573653,0.01691956201342635,0.753959948737613,10.3621215753958,5.69221073574661,12.3781639534039,0.914075204542302,Consumer Staples,"Food, Beverage and Tobacco",Beverages,Distillers and Vintners,Distilled and Blended Liquors,15170.0,1058602.58812,,2026E,2026E,2026E,2026E
A000140,"Hitejinro Holdings Co., Ltd.",-0.03150890047101081,-0.005858900471010816,0.886215960979005,12.6216868206451,6.92815813634126,,0.29426816898702,Consumer Staples,"Food, Beverage and Tobacco",Beverages,Brewers,Malt Beverages,7940.0,173386.17700000003,,LTM,LTM,LTM,
A221840,"Hizeaero Co., Ltd.",0.14339489848381137,0.16399989848381138,0.902936858684188,14.9689209725437,9.08381408237693,9.69819202472891,0.57024537459094,Industrials,Capital Goods,Aerospace and Defense,Aerospace and Defense,"Aircraft Parts and Auxiliary Equipment, Not Elsewhere Classified",1988.0,37176.715268,,LTM,LTM,LTM,LTM
A097230,"HJ Shipbuilding & Construction Co., Ltd.",0.3078275718893536,0.2783285718893536,0.787038789768695,13.8119910575812,11.3079341375731,11.7727100610846,2.11525011047005,Industrials,Capital Goods,Machinery,Construction Machinery and Heavy Transportation Equipment,Ship And Boat Building And Repairing,16950.0,1530405.3808499998,,LTM,LTM,LTM,LTM
A044780,"HK Co., Ltd.",0.012912059349355298,0.006240059349355287,0.35073086404339,,,3.9462915842599,0.373760562858471,Information Technology,Technology Hardware and Equipment,"Electronic Equipment, Instruments and Components",Electronic Equipment and Instruments,Metalworking Machinery And Equipment,1287.0,23627.238921,,LTM,,,LTM
A195940,HK inno.N Corporation,0.3313266074046429,0.3335316074046429,,,,12.8853571462333,1.04027585593973,Health Care,"Pharmaceuticals, Biotechnology and Life Sciences",Pharmaceuticals,Pharmaceuticals,Pharmaceutical Preparations,40650.0,1151610.06915,,,,,2026E
A014790,HL D&I Halla Corporation,0.05845445557359839,0.0778604555735984,0.468396451237001,8.64404360010101,7.25220607127119,3.47317744154058,0.216147482478212,Industrials,Capital Goods,Construction and Engineering,Construction and Engineering,Engineering Services,2445.0,202672.81287,,2026E,2026E,2026E,2026E
A060980,HL Holdings Corporation,0.06807598846968532,0.07952698846968533,0.822942589649321,10.9532932461326,8.75165412631579,7.59313229066975,0.326820806177297,Consumer Discretionary,Consumer Discretionary Distribution and Retail,Distributors,Distributors,Motor Vehicles And Motor Vehicle Parts And Supplies,38800.0,351677.2636,,2026E,2026E,2026E,2026E
A204320,HL Mando Corporation,0.05730801111784088,0.08049501111784088,0.41632045703493,9.91750828070805,5.166121731063,12.0578441122447,,Consumer Discretionary,Automobiles and Components,Automobile Components,Automotive Parts and Equipment,Motor Vehicle Parts and Accessories,52600.0,2469944.512,,2026E,2026E,2026E,2026E
A278650,"HLB bioStep Co.,Ltd.",-0.13699157921289892,-0.1872895792128989,0.621534078283684,,,,0.400784165764291,Health Care,"Pharmaceuticals, Biotechnology and Life Sciences",Life Sciences Tools and Services,Life Sciences Tools and Services,Commercial Physical and Biological Research,2345.0,40365.040765,,LTM,,,
A028300,"HLB Co., Ltd.",-0.24413718805235923,-0.39848218805235924,65.6847017325371,,,,12.7774135887553,Health Care,Health Care Equipment and Services,Health Care Equipment and Supplies,Health Care Supplies,Surgical and Medical Instruments and Apparatus,38800.0,5158131.053599999,,LTM,,,
A187420,"HLB Genex, Inc.",0.14600748106991462,0.6049804810699146,1.82352828867826,,18.2511660972059,6.17450472070633,1.12981467323328,Materials,Materials,Chemicals,Specialty Chemicals,Industrial Organic Chemicals,1875.0,61209.275625,,LTM,,LTM,LTM
A003580,"HLB GLOBAL Co., Ltd.",0.052232448303653346,0.013015448303653344,0.90379491429895,48.5382605360549,18.0377151528567,73.062816866616,1.12019401363285,Materials,Materials,Construction Materials,Construction Materials,Bituminous Coal And Lignite Mining,1584.0,80241.70968,,LTM,LTM,LTM,LTM
A024850,"HLB innoVation Co.,Ltd.",-0.03311397963397088,-0.057407979633970874,13.2618139908571,,,,1.85890676386678,Information Technology,Semiconductors and Semiconductor Equipment,Semiconductors and Semiconductor Equipment,Semiconductor Materials and Equipment,"Electronic Components, not elsewhere classified",13930.0,442307.3102,,2026E,,,
A067630,"HLB Life Science Co., Ltd.",0.11581047975882724,-0.09783052024117272,9.4646810260546,,,,1.31825418952735,Health Care,Health Care Equipment and Services,Health Care Providers and Services,Health Care Distributors,Cogeneration Services and Small Power Producers,2930.0,357012.11434000003,,LTM,,,
A046210,"HLB Panagene Co., Ltd.",-0.06684101818630583,-0.06929501818630582,2.39496529912681,,,,0.712534420849567,Health Care,"Pharmaceuticals, Biotechnology and Life Sciences",Biotechnology,Biotechnology,In Vitro and In Vivo Diagnostic Substances,1138.0,51810.81848,,LTM,,,
A196300,"HLB Pep Co., Ltd.",0.03764786430457194,0.07586786430457193,6.83598855514098,,,,1.93980888880654,Health Care,"Pharmaceuticals, Biotechnology and Life Sciences",Biotechnology,Biotechnology,"Biological Products, Except Diagnostic Substances",4560.0,42756.561839999995,,LTM,,,
A047920,"HLB Pharmaceutical Co., Ltd.",0.24455660196598614,0.26337560196598614,0.45632834990703,98.6987744933498,20.1404097945106,97.6859625319904,1.76157312777422,Health Care,"Pharmaceuticals, Biotechnology and Life Sciences",Pharmaceuticals,Pharmaceuticals,Pharmaceutical Preparations,7820.0,109810.71562,,LTM,LTM,LTM,LTM
A115450,"HLB Therapeutics Co.,Ltd.",-0.16150681436752318,-0.1278698143675232,4.04992532315891,,,,1.37447645605122,Health Care,"Pharmaceuticals, Biotechnology and Life Sciences",Biotechnology,Biotechnology,"Biological Products, Except Diagnostic Substances",2165.0,200409.72866,,LTM,,,
A239610,"HLscience Co., Ltd.",-0.306447441024957,-0.310969441024957,0.16748807455182,,,,0.335536768328689,Consumer Staples,Household and Personal Products,Personal Care Products,Personal Care Products,Pharmaceutical Preparations,5530.0,28164.01903,,LTM,,,
A126640,"Hwashin Precision Engineering Co., Ltd.",0.2110108666747288,0.1785908666747288,0.342730857422066,6.38977085138906,4.72433908980496,8.64323648210441,1.23288403507637,Consumer Discretionary,Automobiles and Components,Automobile Components,Automotive Parts and Equipment,Motor Vehicle Parts and Accessories,4345.0,152317.92895,,LTM,LTM,LTM,LTM
A226340,"Bonne Co., Ltd.",-0.3229446182203185,-0.42481361822031855,1.41113292935494,,,,1.50772642627664,Consumer Staples,Household and Personal Products,Personal Care Products,Personal Care Products,"Perfumes, Cosmetics, and Other Toilet Preparations",5710.0,47909.617959999996,,LTM,,,
A477340,HMCIB No.7 SPECIAL PURPOSE ACQUISITION COMPANY,,0.03944390439112243,,,,101.263339113207,1.02848118669359,Financials,Financial Services,Capital Markets,Asset Management and Custody Banks,Non-operating Establishments,2050.0,15395.5,,,,,LTM
A011200,"HMM Co.,Ltd",0.2011521966272972,0.24665519662729718,1.04908207306521,8.87687345894027,4.63287691531263,11.291308199144,0.695931242249841,Industrials,Transportation,Marine Transportation,Marine Transportation,Water Transportation,21250.0,20043806.8625,,2026E,2026E,2026E,2026E
A036170,"HMNEX Co., Ltd.",0.32722165565604167,0.3286856556560417,3.82158989893903,43.2170300514404,33.9012135744231,13.102182166652,1.12229772170097,Information Technology,Semiconductors and Semiconductor Equipment,Semiconductors and Semiconductor Equipment,Semiconductors,"Special Industry Machinery, not elsewhere classified",2390.0,144051.77212,,LTM,LTM,LTM,LTM
A101680,"HNK Machine Tool Co., Ltd.",-0.22614481715088441,-0.2919848171508844,0.991517874086225,,,,0.70011090445276,Industrials,Capital Goods,Machinery,Industrial Machinery and Supplies and Components,"Steel Works, Blast Furnaces, And Rolling And Finishing Mills",2685.0,22561.434764999998,,LTM,,,
A111110,Hojeon Limited,0.04658942352937123,0.08757242352937124,0.419993941928839,8.7951672545098,6.17842327796143,2.62112787926926,0.305460127450081,Consumer Discretionary,Consumer Durables and Apparel,"Textiles, Apparel and Luxury Goods","Apparel, Accessories and Luxury Goods",Apparel and Other Finished Products Made From Fabrics and Similar Materials,6440.0,55181.320320000006,,2026E,2026E,2026E,2026E
A060560,"Home Center Holdings Co.,Ltd",-0.08212403652115698,-0.10938103652115697,1.06178022555348,,,,0.36940837894846,Materials,Materials,Construction Materials,Construction Materials,"Concrete, Gypsum, And Plaster Products",1926.0,48897.289926,,LTM,,,
A064240,"Homecast Co.,Ltd.",0.05518956803347827,0.02027256803347827,0.0743422606808679,,,109.915977157655,0.632929743602562,Information Technology,Technology Hardware and Equipment,Communications Equipment,Communications Equipment,Radio and Television Broadcasting and Communications Equipment,1536.0,52250.087424,,LTM,,,LTM
A008770,"Hotel Shilla Co.,Ltd",-0.06203224009319152,-0.15753924009319153,0.640926292985096,13.887214724224,8.36690106312301,14.9984908099083,1.4449943842409,Consumer Discretionary,Consumer Discretionary Distribution and Retail,Specialty Retail,Other Specialty Retail,Hotels and Motels,41550.0,1572816.7891499999,,2026E,2026E,2026E,2026E
A403870,"HPSP Co., Ltd.",0.553764425698963,0.676091425698963,15.033309804542,26.5145546288771,25.7907481221475,32.755948773736,13.3191152628846,Information Technology,Semiconductors and Semiconductor Equipment,Semiconductors and Semiconductor Equipment,Semiconductor Materials and Equipment,"Special Industry Machinery, not elsewhere classified",44600.0,3670580.0,,2026E,2026E,2026E,2026E
A036640,"HRS Co., Ltd",0.1709930928349052,0.1896540928349052,0.714492077312783,4.42814743881485,3.99513802601764,4.82999004688235,0.586889318206781,Materials,Materials,Chemicals,Specialty Chemicals,"Plastics Materials And Synthetic Resins, Synthetic Rubber, Cellulosic And Other Manmade Fibers, Except Glass",4855.0,79402.554,,LTM,LTM,LTM,LTM
A035000,HS Ad Inc.,0.03636542879742278,0.07366542879742279,0.124485610764155,2.11603707782954,1.42834066836035,5.86039968329945,0.541369371938836,Communication Services,Media and Entertainment,Media,Advertising,Advertising,6700.0,108591.21479999999,,LTM,LTM,LTM,LTM
A002460,"HS Hwasung Co., Ltd.",-0.08670856586788467,-0.04924656586788466,0.277671614425236,4.8783587393791,3.94982826865452,3.6887530764011,0.236161387612838,Industrials,Capital Goods,Construction and Engineering,Construction and Engineering,Miscellaneous Fabricated Metal Products,10480.0,99190.35992,,LTM,LTM,LTM,LTM
A298050,HS Hyosung Advanced Materials Corporation,0.04595042568990072,0.08858742568990073,0.957399263797619,16.045833985439,7.42738328643172,14.673721340388,0.884664908461227,Materials,Materials,Chemicals,Commodity Chemicals,Chemicals and Allied Products,161100.0,721719.6228,,2026E,2026E,2026E,2026E
A487570,HS HYOSUNG Corporation,,0.04070978584171226,0.234240836579948,7.13423844160783,5.59489972978388,6.92271596139995,0.319252973017277,Industrials,Capital Goods,Trading Companies and Distributors,Trading Companies and Distributors,Textile Mill Products,45150.0,167336.14905,,LTM,LTM,LTM,LTM
A039610,"HS Valve Co., Ltd",-0.005374998053986266,-0.006864998053986264,0.879673299509544,,,,0.589008733301719,Industrials,Capital Goods,Machinery,Industrial Machinery and Supplies and Components,Miscellaneous Fabricated Metal Products,5150.0,53613.56,,LTM,,,
A145020,"Hugel, Inc.",0.39551592077761655,0.39800192077761654,4.11878900030536,10.2398062914326,9.199409298208,17.6576606281363,,Health Care,"Pharmaceuticals, Biotechnology and Life Sciences",Biotechnology,Biotechnology,Pharmaceutical Preparations,241000.0,2603593.372,,2026E,2026E,2026E,2026E
A263920,"HuM&C Co., Ltd.",0.07699660755327908,0.07304160755327908,0.594839297943454,10.8097959260727,6.36658349917318,15.0960237050962,0.737065897401494,Consumer Staples,Household and Personal Products,Personal Care Products,Personal Care Products,"Perfumes, Cosmetics, and Other Toilet Preparations",3320.0,32565.96632,,LTM,LTM,LTM,LTM
A175140,"HUMAN TECHNOLOGY Co., Ltd",-0.4123569940346694,-0.49927099403466946,1.0096004406075,,,,1.406735021412,Information Technology,Technology Hardware and Equipment,Communications Equipment,Communications Equipment,Radio and Television Broadcasting and Communications Equipment,2375.0,59242.600875,,LTM,,,
A205470,Humasis Co. Ltd.,0.050609458441614213,0.001546458441614218,,,,,0.299100834799637,Health Care,Health Care Equipment and Services,Health Care Equipment and Supplies,Health Care Supplies,In Vitro and In Vivo Diagnostic Substances,2900.0,65629.2272,,,,,
A115160,"Humax Co., Ltd.",-0.10122223233877073,-0.6373712323387708,0.290641093901821,,,,0.172714300913248,Information Technology,Technology Hardware and Equipment,Communications Equipment,Communications Equipment,Radio and Television Broadcasting and Communications Equipment,4990.0,21517.58858,,LTM,,,
A028080,"Humax Holdings Co., Ltd.",-0.046713715015267006,-0.666680715015267,0.468120899755815,,,,0.231924623096378,Information Technology,Technology Hardware and Equipment,Communications Equipment,Communications Equipment,Radio and Television Broadcasting and Communications Equipment,4460.0,10820.03582,,LTM,,,
A200670,"Humedix Co., Ltd.",0.8475113675908772,0.8880603675908773,,,,6.8117434972959,1.97409623299732,Health Care,"Pharmaceuticals, Biotechnology and Life Sciences",Pharmaceuticals,Pharmaceuticals,"Biological Products, Except Diagnostic Substances",24950.0,257486.94410000002,,,,,2026E
A005870,Huneed Technologies,-0.05222699558450425,-0.11792999558450425,,,,,0.766800898415487,Information Technology,Technology Hardware and Equipment,Communications Equipment,Communications Equipment,Radio and Television Broadcasting and Communications Equipment,4370.0,60217.16227,,,,,
A290270,"Hunesion Co.,Ltd",0.11604036487789665,0.13381936487789664,0.289716797938041,2.3410367754345,1.88665126696177,4.9826151111826,0.535007759480246,Information Technology,Software and Services,Software,Systems Software,Prepackaged Software,2800.0,25832.5732,,LTM,LTM,LTM,LTM
A024060,Hung -Gu Oil Ltd,-0.02715258417740323,-0.02483158417740323,1.47786073389041,,,,1.87118857525665,Energy,Energy,"Oil, Gas and Consumable Fuels",Oil and Gas Refining and Marketing,Petroleum Bulk Stations and Terminals,10290.0,149625.00693,,LTM,,,
A243070,"Huons Co., Ltd.",0.02706674569065661,0.10399274569065661,0.709966836615724,12.1213749381294,6.62591748922902,9.72621897492379,0.798729800149454,Health Care,"Pharmaceuticals, Biotechnology and Life Sciences",Pharmaceuticals,Pharmaceuticals,Pharmaceutical Preparations,24450.0,284885.55645000003,,LTM,LTM,LTM,LTM
A084110,"Huons Global Co., Ltd.",-0.003930619319632174,0.07661138068036782,0.999518276580344,10.3389906717263,6.52257960792658,12.0884991864936,0.521067784826703,Health Care,"Pharmaceuticals, Biotechnology and Life Sciences",Pharmaceuticals,Pharmaceuticals,Pharmaceutical Preparations,22350.0,272809.17345,,LTM,LTM,LTM,LTM
A353190,"Hurum Co., Ltd.",-0.006803485980064089,-0.0029154859800640913,0.334896064119648,24.0994156781917,7.92316926433771,19.9952136862547,0.554565822321044,Consumer Staples,Household and Personal Products,Personal Care Products,Personal Care Products,Pharmaceutical Preparations,2685.0,21145.72287,,LTM,LTM,LTM,LTM
A005010,"Husteel Co., Ltd.",-0.030334877961427358,-0.023737877961427355,0.45916266486575,,13.1365097871689,,0.190696797447619,Materials,Materials,Metals and Mining,Steel,Steel Pipe and Tubes,3595.0,201996.129625,,LTM,,LTM,
A079980,Huvis Corporation,-0.021581749891994555,0.009780250108005446,0.436023280575392,26.7512893539977,9.68815854828637,,0.259559446162766,Consumer Discretionary,Consumer Durables and Apparel,"Textiles, Apparel and Luxury Goods",Textiles,Textile Mill Products,1923.0,63286.54536,,LTM,LTM,LTM,
A065510,"Huvitz Co., Ltd.",-0.03317168192355336,-0.04404968192355336,1.18840222516575,27.1657871855767,11.1508723068172,,0.66511556073903,Health Care,Health Care Equipment and Services,Health Care Equipment and Supplies,Health Care Equipment,Ophthalmic Goods,6730.0,66921.71342999999,,LTM,LTM,LTM,
A295310,"Hvm, Co.,Ltd.",0.6139700467986422,0.6524720467986421,6.07742465665323,38.4000334993631,42.6770169871666,37.3319755111741,6.05147475081939,Materials,Materials,Metals and Mining,Diversified Metals and Mining,Metal Mining,45050.0,541829.45955,,2026E,2026E,LTM,LTM
A000850,"Hwacheon Machine Tool Co., Ltd.",0.07343994368572038,0.07352694368572038,0.121333599196654,2.82265656708286,1.81554124540563,5.55235270419033,0.236182115220572,Industrials,Capital Goods,Machinery,Industrial Machinery and Supplies and Components,"Machine Tools, Metal Cutting Types",35650.0,78430.0,,LTM,LTM,LTM,LTM
A010660,"Hwacheon Machinery Co., Ltd.",0.16015499892656165,0.11798999892656166,,,,3.26075385385445,0.517359555778762,Industrials,Capital Goods,Machinery,Industrial Machinery and Supplies and Components,Metalworking Machinery And Equipment,2640.0,52272.0,,,,,LTM
A061250,"Hwail Pharmaceutical Co.,Ltd.",-0.0008609982386971187,0.06420000176130287,,,,16.8387848646435,0.330658517358984,Health Care,"Pharmaceuticals, Biotechnology and Life Sciences",Pharmaceuticals,Pharmaceuticals,Pharmaceutical Preparations,7860.0,66162.21024,,,,,LTM
A032560,"Hwang Kum Steel & Technology Co., Ltd",0.17433993313851018,0.17615193313851019,0.170402398589575,2.0237515345028,1.52712927537077,3.71476389101215,0.244862936829051,Materials,Materials,Metals and Mining,Steel,"Steel Works, Blast Furnaces, And Rolling And Finishing Mills",5690.0,96666.16958,,LTM,LTM,LTM,LTM
A013520,"Hwaseung Corporation Co.,Ltd.",0.07353785237455106,0.13226985237455105,0.397221722574194,8.06323205984393,5.08958339224436,3.59834376400606,0.38839112132581,Consumer Discretionary,Automobiles and Components,Automobile Components,Tires and Rubber,"Gaskets, Packing, And Sealing Devices And Rubber And Plastics Hose And Belting",2425.0,113745.21185,,LTM,LTM,LTM,LTM
A241590,"Hwaseung Enterprise Co., Ltd.",-0.016606529440317118,-0.039228529440317114,0.455290119772871,16.7822055776744,6.80787584754717,13.0176211453744,0.399758754371548,Consumer Discretionary,Consumer Durables and Apparel,"Textiles, Apparel and Luxury Goods",Footwear,"Footwear, Except Rubber",2850.0,172679.4366,,2026E,2026E,2026E,2026E
A006060,"HWASEUNG Industries Co.,Ltd.",-0.021653497830933358,-0.01889749783093336,0.55880104092007,11.1130875467678,5.61713643236452,3.92394179584475,0.346373594863046,Consumer Discretionary,Consumer Durables and Apparel,"Textiles, Apparel and Luxury Goods",Footwear,"Converted Paper And Paperboard Products, Except Containers And Boxes",2410.0,115485.08161,,LTM,LTM,LTM,LTM
A378850,"Hwaseung R&A Co., Ltd.",0.08934455751797785,0.13097555751797785,0.253021095839735,7.01484910855024,4.18958073886901,2.43328462991233,0.332177073752224,Consumer Discretionary,Automobiles and Components,Automobile Components,Automotive Parts and Equipment,Motor Vehicle Parts and Accessories,2975.0,56497.58835,,LTM,LTM,LTM,LTM
A010690,"HWASHIN CO.,Ltd",0.07301276134335269,0.1462027613433527,0.389214312434047,9.68936249913259,5.9689431578626,4.41945606694561,0.485397712041109,Consumer Discretionary,Automobiles and Components,Automobile Components,Automotive Parts and Equipment,Motor Vehicle Parts and Accessories,8140.0,282852.30974,,2026E,2026E,2026E,2026E
A126640,"Hwashin Precision Engineering Co., Ltd.",0.2110108666747288,0.1785908666747288,0.342730857422066,6.38977085138906,4.72433908980496,8.64323648210441,1.23288403507637,Consumer Discretionary,Automobiles and Components,Automobile Components,Automotive Parts and Equipment,Motor Vehicle Parts and Accessories,4345.0,152317.92895,,LTM,LTM,LTM,LTM
A352820,"HYBE Co., Ltd.",0.7315299172097571,0.7600769172097571,1.39164456370053,22.2876526481587,14.8165028938927,31.50433985908,2.2216144968576,Communication Services,Media and Entertainment,Entertainment,Movies and Entertainment,Amusement and Recreation Services,167200.0,7100462.1688,,2026E,2026E,2026E,2026E
A101670,Hydro Lithium Inc,-1.2373221468836233,-0.6103161468836232,14.6374796329783,,,,1.14429100123708,Industrials,Capital Goods,Construction and Engineering,Construction and Engineering,"Machinery, Equipment, And Supplies",551.0,30319.980036999998,,LTM,,,
A013030,Hy-Lok Corporation,0.1900825571642956,0.21426755716429557,0.60003028869602,2.1248448904048,1.9794295277933,6.26016260162602,0.791804932251287,Industrials,Capital Goods,Machinery,Industrial Machinery and Supplies and Components,Miscellaneous Fabricated Metal Products,30000.0,353044.32,,2026E,2026E,2026E,2026E
A298000,Hyosung Chemical Corporation,0.12605143589995657,-0.6959515641000434,0.780490664163226,28.7394775067252,7.72023147412175,33.8471547382651,0.328744267930109,Materials,Materials,Chemicals,Commodity Chemicals,"Plastics Materials And Synthetic Resins, Synthetic Rubber, Cellulosic And Other Manmade Fibers, Except Glass",74800.0,281829.944,,LTM,LTM,LTM,LTM
A004800,Hyosung Corporation,0.17706235085923655,0.2554533508592366,1.77497842610487,8.50842441238779,7.15890090287009,6.65204980763662,0.999026395514802,Industrials,Capital Goods,Industrial Conglomerates,Industrial Conglomerates,Conglomerates,155200.0,2594572.1408,,2026E,2026E,2026E,2026E
A298040,Hyosung Heavy Industries Corporation,0.3534974627820674,0.4206874627820674,3.74325566923683,24.0993691392784,22.2337586350034,33.8189625680009,10.2825265925778,Industrials,Capital Goods,Electrical Equipment,Heavy Electrical Equipment,"Electronic and Other Electrical Equipment and Components, except Computer Equipment",2739000.0,25504858.599,,2026E,2026E,2026E,2026E
A094280,Hyosung ITX Co. Ltd,0.0727921175695215,0.22792411756952152,0.339889332798807,9.6267410458306,3.74249162128118,9.65068558599079,1.7885151603387,Industrials,Commercial and Professional Services,Professional Services,Data Processing and Outsourced Services,Computer Processing and Data Preparation and Processing Services,11940.0,142183.4901,,LTM,LTM,LTM,LTM
A298020,Hyosung TNC Corporation,0.13018525216188778,0.13669625216188777,0.471061060217072,7.80100477308999,4.65161065378161,6.24310109692597,0.786155544524665,Materials,Materials,Chemicals,Commodity Chemicals,"Plastics Materials, Synthetic Resins, and Nonvulcanizable Elastomers",308500.0,1324040.9695,,2026E,2026E,2026E,2026E
A097870,"HyosungONBCo.,Ltd",-0.020733941138964377,0.008690058861035618,2.01901310313156,25.5728260148697,15.5585439289541,57.1664266022842,0.463054446036454,Materials,Materials,Chemicals,Fertilizers and Agricultural Chemicals,Agricultural Chemicals,4525.0,35702.25,,LTM,LTM,LTM,LTM
A065650,Hyper Corporation Inc.,0.004674499547778828,0.039384499547778826,0.421049966193278,7.93553834889408,5.08806971714138,,0.690270211426696,Information Technology,Technology Hardware and Equipment,"Electronic Equipment, Instruments and Components",Technology Distributors,"Computer Programming, Data Processing, And Other Computer Related Services",1656.0,18104.200128,,LTM,LTM,LTM,
A148930,"Hytc Co., Ltd",0.14974212829023947,0.11299912829023946,0.0878880456309655,,,4.99561680488015,0.470403110629382,Industrials,Capital Goods,Machinery,Industrial Machinery and Supplies and Components,Metalworking Machinery And Equipment,3370.0,32763.342200000003,,LTM,,,LTM
A078590,"HYULIM A-TECH Co., Ltd.",-0.6785950094939679,-2.599460009493968,,,,,0.229451677829198,Consumer Discretionary,Automobiles and Components,Automobile Components,Automotive Parts and Equipment,Motor Vehicle Parts and Accessories,2860.0,28576.602339999998,,,,,
A090710,"Hyulim ROBOT Co.,Ltd.",-0.1856912842973818,-0.26718928429738176,6.15233095641462,,,,6.6267012589962,Industrials,Capital Goods,Machinery,Industrial Machinery and Supplies and Components,General Industrial Machinery And Equipment,6620.0,791171.24064,,LTM,,,
A307950,Hyundai Autoever Corporation,0.20370497613304528,0.24049697613304527,2.51747856116751,42.5313975677914,24.7354763073961,59.2040533370309,6.92135301319462,Information Technology,Software and Services,IT Services,IT Consulting and Other Services,"Computer Programming, Data Processing, And Other Computer Related Services",452000.0,12395639.864,,2026E,2026E,2026E,2026E
A052260,"HYUNDAI BIOLAND Co.,Ltd.",0.10659829452948662,0.11885429452948663,0.809838100109607,8.45310674851253,6.18490644740185,9.62860107937363,0.860408663488476,Consumer Staples,Household and Personal Products,Personal Care Products,Personal Care Products,Pharmaceutical Preparations,4000.0,120000.0,,LTM,LTM,LTM,LTM
A048410,"Hyundai Bioscience Co., Ltd.",-0.2911797855964521,-0.3503617855964521,200.084143318281,,,,6.59825965178229,Consumer Staples,Household and Personal Products,Personal Care Products,Personal Care Products,"Perfumes, Cosmetics, and Other Toilet Preparations",6610.0,637886.91876,,LTM,,,
A004560,"Hyundai Bng Steel Co., Ltd.",0.043029901912281454,0.045139901912281455,0.223031197335478,6.5032071949278,3.8713138200196,9.78532502710823,0.337243573575035,Materials,Materials,Metals and Mining,Steel,"Steel Works, Blast Furnaces, And Rolling And Finishing Mills",11190.0,169961.13897,,LTM,LTM,LTM,LTM
A011760,Hyundai Corporation,0.38041846252582473,0.45959246252582475,0.1183015330363,5.61095242773585,5.17183441165217,2.98198500615419,0.419977390062559,Industrials,Capital Goods,Trading Companies and Distributors,Trading Companies and Distributors,Wholesale Trade-Durable Goods,25900.0,311084.0194,,2026E,2026E,2026E,2026E
A227840,"HYUNDAI CORPORATION HOLDINGS Co., Ltd.",0.2595070632315467,0.24228906323154673,0.406150388090149,1.93138750869139,1.80388174555086,2.16072517270201,0.320140611063961,Consumer Staples,Consumer Staples Distribution and Retail,Consumer Staples Distribution and Retail,Food Distributors,Groceries And Related Products,12810.0,113005.98980999998,,LTM,LTM,LTM,LTM
A069960,Hyundai Department Store Co. Ltd.,0.024780386091837636,0.028217386091837632,1.18419932728169,11.8739798541663,5.95575990895871,7.21377879016348,0.442181549655212,Consumer Discretionary,Consumer Discretionary Distribution and Retail,Broadline Retail,Broadline Retail,Department Stores,92300.0,1968985.3196,,2026E,2026E,2026E,2026E
A017800,"Hyundai Elevator Co., Ltd",0.0892059588122344,0.26639295881223446,0.943006313675504,10.8231127756827,8.3229737245,14.1520467836257,2.75145994788985,Industrials,Capital Goods,Machinery,Industrial Machinery and Supplies and Components,"Construction, Mining, And Materials Handling",71300.0,2574290.9206,,2026E,2026E,2026E,2026E
A000720,"Hyundai Engineering & Construction Co.,Ltd.",-0.09575954630448039,-0.0644215463044804,0.549329233589678,17.4862607846755,14.3317492305141,23.9730415101029,1.40059249148723,Industrials,Capital Goods,Construction and Engineering,Construction and Engineering,Building Construction General Contractors and Operative Builders,106200.0,11937990.639600001,,2026E,2026E,2026E,2026E
A041440,Hyundai Everdigm Corp.,0.09234402555239932,0.09319902555239933,0.551435633087908,24.1266183314427,13.6153762379655,15.7474637953933,0.576192528974605,Industrials,Capital Goods,Machinery,Construction Machinery and Heavy Transportation Equipment,Construction Machinery and Equipment,6060.0,108120.77472,,LTM,LTM,LTM,LTM
A090850,"Hyundai Ezwel Co.,Ltd.",0.18671891263393736,0.25617191263393735,0.217752148688108,1.38042297715317,1.17271496862866,5.12323166299111,1.01302077186304,Information Technology,Software and Services,Software,Application Software,Prepackaged Software,5010.0,112614.29403,,LTM,LTM,LTM,LTM
A016790,HYUNDAI FEED Inc.,0.047274088044710935,0.07280308804471095,2.70184046518872,149.81435396393,92.3440505923407,71.5366114517736,2.67297605903278,Consumer Staples,"Food, Beverage and Tobacco",Food Products,Agricultural Products and Services,Grain Mill Products,994.0,185869.614616,,LTM,LTM,LTM,LTM
A126560,"Hyundai Futurenet Co., Ltd.",0.011353989232313432,0.03808498923231343,0.529140314328089,20.7574783165424,5.83518159009206,35.0092797674425,0.488635110880403,Materials,Materials,Chemicals,Specialty Chemicals,Chemicals and Allied Products,3145.0,341097.626675,,LTM,LTM,LTM,LTM
A005440,"Hyundai G.F. Holdings Co., Ltd.",0.0696584462184634,0.1120664462184634,0.484892650720893,12.0692216363906,6.78227950241465,5.65853658536585,0.345818388735146,Industrials,Capital Goods,Trading Companies and Distributors,Trading Companies and Distributors,Groceries And Related Products,11340.0,2047148.02278,,2026E,2026E,2026E,2026E
A086280,"Hyundai Glovis Co., Ltd.",0.20452338400255116,0.30747138400255114,0.43463141478199,6.69533198934764,4.76360246102758,9.00334924591948,1.37579302050463,Industrials,Transportation,Air Freight and Logistics,Air Freight and Logistics,Water Transportation,197300.0,14797500.0,,2026E,2026E,2026E,2026E
A453340,"Hyundai Green Food Co., Ltd",0.17426770842550865,0.20107070842550864,0.178236596691939,3.30859934303704,2.53784608698864,5.38461538461539,0.779928379426426,Consumer Staples,Consumer Staples Distribution and Retail,Consumer Staples Distribution and Retail,Food Distributors,Groceries And Related Products,18020.0,585137.99774,,2026E,2026E,2026E,2026E
A057050,Hyundai Home Shopping Network Corporation,,,,,,,,Consumer Discretionary,Consumer Discretionary Distribution and Retail,Broadline Retail,Broadline Retail,Catalog and Mail-Order Houses,,,,,,,
A039010,"Hyundai HT Co,Ltd.",-0.022033342329063392,0.041575657670936614,0.161450987432636,7.05399434667653,3.66956928873076,7.91137007845535,0.552950712142601,Consumer Discretionary,Consumer Services,Diversified Consumer Services,Specialized Consumer Services,"Communications Equipment, not elsewhere classified",7240.0,59185.733,,LTM,LTM,LTM,LTM
A460930,"Hyundai Hyms Co., Ltd.",0.13386519105425249,0.1552971910542525,1.91788935500832,14.9680995275069,10.5899928109228,20.5949941704551,1.95044441990358,Industrials,Capital Goods,Machinery,Construction Machinery and Heavy Transportation Equipment,Ship And Boat Building And Repairing,13560.0,481524.69876000006,,LTM,LTM,LTM,LTM
A170030,"Hyundai Industrial Co., Ltd.",0.11230282537446326,0.059043825374463274,0.103610866807162,2.17330618058132,1.74719465084567,3.22292179464615,0.419155013298646,Consumer Discretionary,Automobiles and Components,Automobile Components,Automotive Parts and Equipment,Motor Vehicle Parts and Accessories,4890.0,73079.47542,,LTM,LTM,LTM,LTM
A079430,Hyundai Livart Furniture Company Limited,-0.02842895933297216,-0.015913959332972162,0.113679049196787,14.153041625,4.04372617857143,23.59375,0.288274540091759,Consumer Discretionary,Consumer Durables and Apparel,Household Durables,Home Furnishings,Household Furniture,5950.0,119679.50189999999,,2026E,2026E,2026E,2026E
A001450,"Hyundai Marine & Fire Insurance Co., Ltd.",-0.8077662926993942,-0.7245902926993941,0.462092374650805,5.20740554140296,4.79905493675319,3.63986605278322,0.684898417875159,Financials,Insurance,Insurance,Property and Casualty Insurance,"Fire, Marine, and Casualty Insurance",50200.0,3981286.6999999997,,LTM,LTM,LTM,LTM
A012330,"Hyundai Mobis Co.,Ltd",0.1197764623438477,0.1387104623438477,0.560178925020675,9.67723860870594,7.13907849044716,10.7722594719459,,Consumer Discretionary,Automobiles and Components,Automobile Components,Automotive Parts and Equipment,Motor Vehicle Parts and Accessories,505000.0,45036194.415,,2026E,2026E,2026E,2026E
A005380,Hyundai Motor Company,0.05755216276763549,0.12338516276763549,1.09726133094901,18.5108719655801,12.1991331316994,9.97591599069105,0.808291999395079,Consumer Discretionary,Automobiles and Components,Automobiles,Automobile Manufacturers,Motor Vehicles and Passenger Car Bodies,420000.0,110111092.56,,2026E,2026E,2026E,2026E
A001500,"Hyundai Motor Securities Co.,Ltd.",,0.3221278845625477,,,,7.70437149958317,0.353509253234096,Financials,Financial Services,Capital Markets,Investment Banking and Brokerage,"Security Brokers, Dealers, and Flotation Companies",7770.0,480442.75188,,,,,LTM
A319400,"HYUNDAI MOVEX Co., Ltd.",0.015570242969965419,0.060965242969965416,6.78462638310896,211.65589312592,154.542448727971,262.733559871696,17.0256070407832,Industrials,Capital Goods,Construction and Engineering,Construction and Engineering,Computer Integrated Systems Design,22900.0,2522357.9415,,LTM,LTM,LTM,LTM
A004310,"Hyundai Pharmaceutical Co., Ltd.",0.004249004161446743,0.014530004161446744,,,,101.263251605768,1.42271781164642,Health Care,"Pharmaceuticals, Biotechnology and Life Sciences",Pharmaceuticals,Pharmaceuticals,Pharmaceutical Preparations,5930.0,164128.78472,,,,,LTM
A064350,Hyundai Rotem Company,0.3969054234744578,0.4664564234744578,1.84093892096905,11.5474115030989,10.8885931040226,16.9090725383449,4.44368288918018,Industrials,Capital Goods,Machinery,Construction Machinery and Heavy Transportation Equipment,Railroad Equipment,131500.0,14352211.5295,,2026E,2026E,2026E,2026E
A004020,Hyundai Steel Company,0.05597460760467266,0.059079607604672665,0.524242964369113,34.2522526404592,5.90918741721914,33.0427612204029,0.190488006870402,Materials,Materials,Metals and Mining,Steel,"Steel Works, Blast Furnaces, And Rolling And Finishing Mills",27000.0,3551734.9529999997,,2026E,2026E,2026E,2026E
A011210,Hyundai Wia Corporation,0.0527346362333536,0.09133863623335362,0.179211319812399,7.54722343982083,3.18408443018087,10.3262658015664,0.446552773077743,Consumer Discretionary,Automobiles and Components,Automobile Components,Automotive Parts and Equipment,Motor Vehicle Parts and Accessories,59000.0,1569266.955,,2026E,2026E,2026E,2026E
A093240,"hyungji Elite Co., Ltd.",0.08695126369864063,0.018203263698640625,0.415085994883018,5.0544777086448,4.29445252684289,1.98436073037426,0.212068526242884,Consumer Discretionary,Consumer Durables and Apparel,"Textiles, Apparel and Luxury Goods","Apparel, Accessories and Luxury Goods",Apparel and Other Finished Products Made From Fabrics and Similar Materials,400.0,24434.3668,,LTM,LTM,LTM,LTM
A308100,"Hyungji Global Co., Ltd.",-0.43694851065559215,-0.704477510655592,1.10250802005371,,,,0.160914956834832,Consumer Discretionary,Consumer Durables and Apparel,"Textiles, Apparel and Luxury Goods","Apparel, Accessories and Luxury Goods",Apparel and Accessory Stores,380.0,9060.62804,,LTM,,,
A011080,"HYUNGJI INNOVATION & CREATIVE Co.,Ltd",-0.23352574130676956,-0.28087874130676954,0.279197204080601,,,,0.118034116953125,Consumer Discretionary,Consumer Durables and Apparel,"Textiles, Apparel and Luxury Goods","Apparel, Accessories and Luxury Goods",Apparel and Other Finished Products Made From Fabrics and Similar Materials,827.0,5864.309101,,LTM,,,
A189980,"HYUNGKUK F&B Co., Ltd.",-0.04048778261239231,0.0461192173876077,1.69041393246931,22.1766478158548,11.2311565238814,6.71770814371525,0.457447787726524,Consumer Staples,"Food, Beverage and Tobacco",Food Products,Packaged Foods and Meats,Food and Kindred Products,1125.0,45155.055375,,LTM,LTM,LTM,LTM
A092300,"Hyunwoo Industrial Co., LTD",0.12008589431800921,0.11105589431800922,0.18255831720969,3.36208071398909,2.01023214214164,4.78889772600149,0.451252325076607,Information Technology,Technology Hardware and Equipment,"Electronic Equipment, Instruments and Components",Electronic Components,Printed Circuit Boards,2650.0,52402.806599999996,,LTM,LTM,LTM,LTM
A126700,HyVision System. Inc,0.5285219825356247,0.5462299825356246,0.209579676909286,3.58599827546012,3.07640904684211,8.64462809917355,0.54641708680148,Information Technology,Technology Hardware and Equipment,"Electronic Equipment, Instruments and Components",Electronic Equipment and Instruments,"Special Industry Machinery, not elsewhere classified",10450.0,134234.83755,,2026E,2026E,2026E,2026E
A052860,"I&C Technology Co., Ltd.",0.09674839929303096,0.11816739929303097,2.2915968228019,16.9165139749015,11.9162366859738,16.774264146231,2.39419899187672,Information Technology,Semiconductors and Semiconductor Equipment,Semiconductors and Semiconductor Equipment,Semiconductors,Semiconductors and Related Devices,5290.0,85852.51561,,LTM,LTM,LTM,LTM
A214430,i3system Inc.,1.4357394131444334,1.4772214131444334,,,,48.2706766917293,6.87864688929313,Information Technology,Technology Hardware and Equipment,"Electronic Equipment, Instruments and Components",Electronic Components,Electronic Components And Accessories,60100.0,439163.6215,,,,,LTM
A038880,"iA, Inc.",0.11008520542215255,-0.2969437945778475,1.2535985941507,,,,0.45173981162706,Information Technology,Semiconductors and Semiconductor Equipment,Semiconductors and Semiconductor Equipment,Semiconductors,Semiconductors and Related Devices,3210.0,23436.66582,,LTM,,,
A0191S0,Ibk Kosdaq150 Etf,,,,,,,,Financials,Financial Services,Capital Markets,Asset Management and Custody Banks,"Management Investment Offices, Open-End",,,,,,,
A339950,"Ibkimyoung Co., Ltd.",0.38785916704641976,0.42713216704641976,0.57651277218845,3.37195914755556,2.03402361447721,5.01030927835052,1.80115162299308,Consumer Discretionary,Consumer Services,Diversified Consumer Services,Education Services,Educational Services,2450.0,106241.2365,,2026E,2026E,2026E,2026E
A254120,"Xavis Co., Ltd.",-0.13275731917531544,-0.13982031917531546,1.04419794344224,,,,1.19502390632075,Information Technology,Technology Hardware and Equipment,"Electronic Equipment, Instruments and Components",Electronic Equipment and Instruments,"Measuring and Controlling Devices, not elsewhere classified",938.0,28808.01546,,LTM,,,
A299170,"WSI Co., Ltd.",-0.073751421797723,-0.080315421797723,1.19668013508968,26.5196673876019,14.2604012936111,,0.880210655618115,Health Care,Health Care Equipment and Services,Health Care Providers and Services,Health Care Distributors,"Medical, Dental, and Hospital Equipment and Supplies",1193.0,49522.966584,,LTM,LTM,LTM,
A335870,Wing's Foot Inc.,-0.1847727393199562,-0.19039773931995618,0.42232635170153,,,,0.749265730925789,Consumer Discretionary,Consumer Discretionary Distribution and Retail,Specialty Retail,Apparel Retail,Shoe Stores,1090.0,18258.01557,,LTM,,,
A351320,"Nexa Dynamics Co., Ltd.",-1.0158627838674938,-1.119946783867494,12.2001221987145,,,,1.86226958675803,Information Technology,Semiconductors and Semiconductor Equipment,Semiconductors and Semiconductor Equipment,Semiconductor Materials and Equipment,"Special Industry Machinery, not elsewhere classified",1260.0,37420.024320000004,,LTM,,,
A388790,"LiComm Co., Ltd.",-0.06880547582195079,-0.04451447582195078,7.23907945273766,,259.191553256473,,6.00021244406262,Information Technology,Technology Hardware and Equipment,Communications Equipment,Communications Equipment,Radio and Television Broadcasting and Communications Equipment,3960.0,121232.07359999999,,LTM,,LTM,
A424760,Bellock Inc.,0.25144301426174026,0.3103700142617402,,,,0.758744322045526,0.386411488256956,Information Technology,Software and Services,IT Services,IT Consulting and Other Services,"Computer Programming, Data Processing, And Other Computer Related Services",2040.0,19897.0482,,,,,LTM
A204840,GL Pharm Tech Corp.,0.08045543174923026,0.08391743174923026,2.08586766323889,156.188223068934,48.4406000720235,,16.4574578097288,Health Care,"Pharmaceuticals, Biotechnology and Life Sciences",Pharmaceuticals,Pharmaceuticals,Pharmaceutical Preparations,4015.0,62271.834955000006,,LTM,LTM,LTM,
A467930,IBKS No.23 Special Purpose Acquisition Company,,,,,,,,Financials,Financial Services,Capital Markets,Asset Management and Custody Banks,Non-operating Establishments,2110.0,,,,,,
A469480,IBKS No.24 Special Purpose Acquisition Company,,0.03915167491534269,,,,181.005503417095,1.01337625879714,Financials,Financial Services,Capital Markets,Asset Management and Custody Banks,Non-operating Establishments,2130.0,9009.900000000001,,,,,LTM
A0099X0,Ibks No.25 Special Purpose Acquisition Company,,,,,,,,Financials,Financial Services,Capital Markets,Asset Management and Custody Banks,Non-operating Establishments,2180.0,13036.400000000001,,,,,
A225430,"KMPHARMACEUTICAL Co.,Ltd.",-0.06296095408746762,-0.10599795408746762,1.62039862469191,,,,1.71801679598687,Consumer Staples,Household and Personal Products,Personal Care Products,Personal Care Products,"Perfumes, Cosmetics, and Other Toilet Preparations",1519.0,8472.085790000001,,LTM,,,
A264850,"Elensys Co.,Ltd.",0.060120142441225204,0.0865081424412252,2.59612111102313,49.502418708828,29.3736441345847,41.9719565771195,3.47920924678035,Industrials,Capital Goods,Electrical Equipment,Electrical Components and Equipment,"Electronic Components, not elsewhere classified",5970.0,180858.83364,,LTM,LTM,LTM,LTM
A277410,INSAN Inc.,0.06556358445149033,0.07696358445149032,1.64438093137448,28.189030571724,14.6498997918796,47.8783709644287,0.33473945034007,Consumer Staples,Household and Personal Products,Personal Care Products,Personal Care Products,"Perfumes, Cosmetics, and Other Toilet Preparations",5550.0,20919.714900000003,,LTM,LTM,LTM,LTM
A297570,Atlas Link Inc.,-0.018626987332320873,-0.009949987332320873,0.995805086615319,,,,0.729645259782953,Information Technology,Technology Hardware and Equipment,Communications Equipment,Communications Equipment,Radio and Television Broadcasting and Communications Equipment,869.0,30085.798468,,LTM,,,
A252500,Sewha P&C INC.,-0.02202101089118873,0.02875998910881127,,,,17.6222599019178,0.512456422551799,Consumer Staples,Household and Personal Products,Personal Care Products,Personal Care Products,"Perfumes, Cosmetics, and Other Toilet Preparations",499.0,20701.70861,,,,,LTM
A040910,"ICD Co., Ltd.",0.0375475451984626,0.0050225451984626,0.38062514175393,13.6070176288393,7.94885672596388,50.6849910542097,0.788014506104128,Information Technology,Semiconductors and Semiconductor Equipment,Semiconductors and Semiconductor Equipment,Semiconductor Materials and Equipment,"Special Industry Machinery, not elsewhere classified",4405.0,71933.522255,,LTM,LTM,LTM,LTM
A368600,"ICH Co., Ltd.",-0.2103251136678134,-0.7016751136678133,1.27830546960995,,,,0.533408889965844,Information Technology,Technology Hardware and Equipment,"Electronic Equipment, Instruments and Components",Electronic Components,"Electronic Components, not elsewhere classified",706.0,17782.066478,,LTM,,,
A059100,"i-Components Co., Ltd",0.2912540991639221,0.2624910991639221,0.735916444107229,3.41757459808598,2.72313582497533,,,Information Technology,Technology Hardware and Equipment,"Electronic Equipment, Instruments and Components",Electronic Components,Miscellaneous Plastics Products,6160.0,40693.489760000004,,LTM,LTM,LTM,
A052460,"iCRAFT Co., Ltd.",0.038165105255140774,0.12883010525514077,0.444446711212935,11.2335856281069,9.13244223275894,10.063094575879,2.17049237212845,Information Technology,Software and Services,IT Services,IT Consulting and Other Services,Computer Communications Equipment,7010.0,83825.13136,,LTM,LTM,LTM,LTM
A456010,"ICTK Co., Ltd.",-0.05345794107867874,-0.10624594107867874,56.2219498146231,,,,5.75299001608611,Information Technology,Semiconductors and Semiconductor Equipment,Semiconductors and Semiconductor Equipment,Semiconductors,Semiconductors and Related Devices,16500.0,239288.775,,LTM,,,
A175250,Icure Pharmaceutical Incorporation,-0.29561893490446267,-0.6710349349044626,1.23447197423529,,,,3.14438539406206,Consumer Staples,Household and Personal Products,Personal Care Products,Personal Care Products,"Perfumes, Cosmetics, and Other Toilet Preparations",2170.0,81092.21644999999,,LTM,,,
A054800,"IDIS Holdings Co., Ltd.",0.0808067609703424,0.1353977609703424,0.474550586132211,4.57168440446195,3.59806971291809,2.50484185514236,0.295279059047851,Information Technology,Technology Hardware and Equipment,"Electronic Equipment, Instruments and Components",Electronic Equipment and Instruments,Household Audio and Video Equipment,14680.0,127913.19644,,LTM,LTM,LTM,LTM
A332370,"IDP Corp., Ltd.",0.1658987626798124,0.18359076267981242,0.493001569251491,2.17755620485726,1.95493823654844,5.49908147270995,0.88038882847181,Information Technology,Technology Hardware and Equipment,"Technology Hardware, Storage and Peripherals","Technology Hardware, Storage and Peripherals","Computer Peripheral Equipment, not elsewhere classified",5230.0,62349.15212,,LTM,LTM,LTM,LTM
A114840,"iFamilySC Co., Ltd.",0.2136301865314782,0.31609118653147816,0.50139494522449,5.34094615565217,4.72468313769231,7.86899563318777,1.42316040348157,Consumer Discretionary,Consumer Discretionary Distribution and Retail,Specialty Retail,Other Specialty Retail,Miscellaneous Retail,8680.0,147815.66939999998,,2026E,2026E,2026E,2026E
A350520,"IGIS RESIDENCE REIT Co., Ltd.",0.0314769969720702,0.0755499969720702,6.15690507216736,7.10077034668283,,5.19290117045801,0.389640678016947,Real Estate,Equity Real Estate Investment Trusts (REITs),Residential REITs,Multi-Family Residential REITs,Real Estate Investment Trusts,3315.0,122211.45963,,LTM,LTM,,LTM
A334890,"IGIS Value Plus REIT Co., Ltd.",-0.10502708313784945,-0.04728008313784945,8.6396544455383,12.1554271368235,11.8395074608381,9.80053191489362,0.520831740921498,Real Estate,Equity Real Estate Investment Trusts (REITs),Office REITs,Office REITs,Real Estate Investment Trusts,3660.0,254182.17978,,LTM,LTM,LTM,LTM
A067920,IGLOO Corporation,0.08471459783903042,0.14052059783903043,0.432516895242759,,,,0.764301061191707,Information Technology,Software and Services,Software,Systems Software,Computer Integrated Systems Design,5170.0,52836.7796,,LTM,,,
A307180,"IL CO.,LTD.",-0.14005772012106135,-0.6139767201210613,2.86798387921629,,,,4.89461985987424,Industrials,Capital Goods,Electrical Equipment,Electrical Components and Equipment,Electric Lighting And Wiring Equipment,6060.0,223706.95434000003,,LTM,,,
A000230,"Ildong Holdings Co., Ltd.",0.043734631311307295,0.0760756313113073,0.617569134488064,8.76380316260154,5.22269124999216,4.61957892073976,0.424345405093495,Health Care,"Pharmaceuticals, Biotechnology and Life Sciences",Pharmaceuticals,Pharmaceuticals,Pharmaceutical Preparations,6000.0,67752.54,,LTM,LTM,LTM,LTM
A249420,"Ildong Pharmaceutical Co., Ltd.",0.10363276388947013,0.12573876388947014,0.931856950612914,23.2617183894568,11.8085036275848,12.7273503714613,1.84145983168769,Health Care,"Pharmaceuticals, Biotechnology and Life Sciences",Pharmaceuticals,Pharmaceuticals,Pharmaceutical Preparations,13510.0,425673.29616,,LTM,LTM,LTM,LTM
A019540,"Ilji Technology Co., Ltd.",0.14071703636544458,0.28666903636544455,0.235562037295302,4.1220106914861,1.83514766230103,1.33518751918539,0.346043467320684,Consumer Discretionary,Automobiles and Components,Automobile Components,Automotive Parts and Equipment,Motor Vehicle Parts and Accessories,5310.0,70161.69906,,LTM,LTM,LTM,LTM
A081000,"Iljin Diamond Co.,Ltd",0.23427941384573397,0.22644041384573396,,,,9.11017187828007,0.321242259966259,Materials,Materials,Chemicals,Specialty Chemicals,"Abrasive, Asbestos, And Miscellaneous Nonmetallic Mineral Products",9130.0,129628.9269,,,,,LTM
A020760,"Iljin Display Co., Ltd.",-0.22247779987151461,-0.3305307998715146,1.33405016531897,,,,1.50524297237393,Information Technology,Semiconductors and Semiconductor Equipment,Semiconductors and Semiconductor Equipment,Semiconductors,"Electronic Components, not elsewhere classified",902.0,46408.718114,,LTM,,,
A103590,"Iljin Electric Co.,Ltd",0.3063256602188812,0.3353416602188811,1.40697530549235,13.211989317817,12.2699171884462,18.618671851566,5.10172872773961,Industrials,Capital Goods,Electrical Equipment,Electrical Components and Equipment,Drawing and Insulating of Nonferrous Wire,66000.0,3146699.754,,2026E,2026E,2026E,2026E
A015860,"ILJIN Holdings Co.,Ltd.",0.05533104270057219,0.16992104270057218,0.181804455953095,2.18326710402781,1.86650605566842,,0.48084359306918,Industrials,Capital Goods,Electrical Equipment,Electrical Components and Equipment,Drawing and Insulating of Nonferrous Wire,6330.0,291088.44921,,LTM,LTM,LTM,
A271940,"Iljin Hysolus Co., Ltd.",-0.0018700019221289004,0.005739998077871099,1.82536881609778,,,,1.24937560546783,Consumer Discretionary,Automobiles and Components,Automobile Components,Automotive Parts and Equipment,Motor Vehicle Parts and Accessories,10430.0,378746.5717,,LTM,,,
A094820,"Iljin Power Co., Ltd.",0.17555820560116153,0.22581620560116153,0.728605059231318,7.19928569313496,5.73771624059721,7.31240019930338,1.16906740889442,Industrials,Capital Goods,Machinery,Industrial Machinery and Supplies and Components,"Special Industry Machinery, Except Metalworking",11120.0,164966.28976,,LTM,LTM,LTM,LTM
A333430,"ILSEUNG Co., Ltd.",0.2432057884765792,0.29537478847657916,2.46307117461972,8.25734666670379,7.8840714804856,8.95345831067598,2.22930142548832,Industrials,Capital Goods,Machinery,Industrial Machinery and Supplies and Components,Refrigeration And Service Industry Machinery,3745.0,114899.142855,,LTM,LTM,LTM,LTM
A003200,"Ilshin Spinning Co., Ltd",0.0793650582064132,0.0765750582064132,0.202837323980696,1.87271957992483,1.33032943266074,4.94854790921051,0.245212240785542,Consumer Discretionary,Consumer Durables and Apparel,"Textiles, Apparel and Luxury Goods",Textiles,Textile Mill Products,10650.0,225772.68345,,LTM,LTM,LTM,LTM
A068330,ilShinbiobase Co. Ltd.,0.08947301090676216,0.12763001090676215,,,,11.0133001687594,1.00590556109682,Industrials,Capital Goods,Machinery,Industrial Machinery and Supplies and Components,Air-Conditioning and Warm Air Heating Equipment and Commercial and Industrial Refrigeration Equipment,995.0,41468.37421,,,,,LTM
A007110,"Ilshinstone.Co.,Ltd.",0.019265003264433613,0.024470003264433614,0.654247666862211,13.5453258113911,9.70642498528984,34.3711136431771,0.826459128349299,Materials,Materials,Construction Materials,Construction Materials,"Mining and Quarrying Of Nonmetallic Minerals, except Fuels",616.0,47696.27016,,LTM,LTM,LTM,LTM
A013360,"Ilsung Construction Co., Ltd.",-0.048228124916540244,-0.011625124916540247,0.46500448218681,38.1673430523506,19.7809756544778,34.3445091948882,1.14588192428485,Industrials,Capital Goods,Construction and Engineering,Construction and Engineering,Heavy Construction Other Than Building Construction Contractors,1494.0,80713.17072000001,,LTM,LTM,LTM,LTM
A003120,"Ilsung Is Co., Ltd.",0.006316423414406847,0.01740142341440685,,,,,,Health Care,"Pharmaceuticals, Biotechnology and Life Sciences",Pharmaceuticals,Pharmaceuticals,Pharmaceutical Preparations,20450.0,142515.8046,,,,,
A178780,"ILWOUL GML Co.,Ltd",-0.05929444445176758,0.06034155554823241,0.651810697192618,11.3690045984917,8.98027584458319,14.9250996395645,1.13293521530273,Information Technology,Semiconductors and Semiconductor Equipment,Semiconductors and Semiconductor Equipment,Semiconductors,"Electronic Components, not elsewhere classified",2310.0,43012.26468,,LTM,LTM,LTM,LTM
A007570,"Ilyang Pharmaceutical Co.,Ltd",0.05806007666794741,0.04100607666794741,0.825163447437981,,180.726110616208,7.48004671336651,0.591950818110389,Health Care,"Pharmaceuticals, Biotechnology and Life Sciences",Pharmaceuticals,Pharmaceuticals,Pharmaceutical Preparations,8100.0,145192.2165,,LTM,,LTM,LTM
A139130,"iM Financial Group Co., Ltd.",,-0.17964135096550532,,,,5.53739305111634,0.436478556822469,Financials,Banks,Banks,Regional Banks,Commercial Banks,17060.0,2723638.9289200003,,,,,2026E
A115610,"IMAGIS Co., Ltd.",-0.5154289920852918,-0.5268099920852918,,,,,0.97858858384294,Information Technology,Semiconductors and Semiconductor Equipment,Semiconductors and Semiconductor Equipment,Semiconductors,Electronic Components And Accessories,1445.0,17078.121205,,,,,
A122900,iMarketKorea Inc.,0.03817813660392057,0.10193613660392056,0.0924758371711424,10.8121662940732,5.66488040922123,9.17282726896442,0.667661114249333,Industrials,Capital Goods,Trading Companies and Distributors,Trading Companies and Distributors,"Computer Programming, Data Processing, And Other Computer Related Services",7960.0,250456.1464,,LTM,LTM,LTM,LTM
A461030,"IMB Dx, Inc.",-0.24941518115683964,-0.22447318115683967,4.39816081558843,,,,1.82890015570709,Health Care,"Pharmaceuticals, Biotechnology and Life Sciences",Biotechnology,Biotechnology,"Biological Products, Except Diagnostic Substances",2975.0,41702.80625,,LTM,,,
A052220,"iMBC Co.,Ltd.",-0.09306818726097599,-0.10565218726097599,0.832027073849495,,,,0.754325119932056,Communication Services,Media and Entertainment,Media,Broadcasting,"Computer Programming, Data Processing, And Other Computer Related Services",1843.0,42389.0,,LTM,,,
A493280,IMBiologics Corp.,,,,,,,,Health Care,"Pharmaceuticals, Biotechnology and Life Sciences",Biotechnology,Biotechnology,"Biological Products, Except Diagnostic Substances",15150.0,224281.3272,,,,,
A424870,"ImmuneOncia Therapeutics, Inc.",-1.8027386748088323,-1.6094146748088325,,,,,9.92474715693232,Health Care,"Pharmaceuticals, Biotechnology and Life Sciences",Biotechnology,Biotechnology,Pharmaceutical Preparations,2935.0,268075.588915,,,,,
A451220,"IMT Co., Ltd.",0.5827615377229644,0.5505085377229644,1.5152358082,18.9404476025,7.576179041,30.1639344262295,2.24006468426365,Information Technology,Semiconductors and Semiconductor Equipment,Semiconductors and Semiconductor Equipment,Semiconductor Materials and Equipment,"Special Industry Machinery, not elsewhere classified",8630.0,67957.89293,,2026E,2026E,2026E,2026E
A014990,"In the F CO.,LTD.",0.010886728980042976,-0.008235271019957024,0.827895397784565,31.2485060143688,8.46962324770508,29.6170818731612,1.09764087595504,Consumer Discretionary,Consumer Durables and Apparel,"Textiles, Apparel and Luxury Goods","Apparel, Accessories and Luxury Goods",Apparel and Other Finished Products Made From Fabrics and Similar Materials,3270.0,49121.93346,,LTM,LTM,LTM,LTM
A101140,"INBIOGEN Co., Ltd.",-0.3237012089495673,-0.1984392089495673,10.7434193387085,,,,,Consumer Discretionary,Consumer Durables and Apparel,"Textiles, Apparel and Luxury Goods",Footwear,Rubber and Plastics Footwear,5290.0,52819.44388,,LTM,,,
A041830,"InBody Co.,Ltd",0.33726722283197696,0.325863222831977,2.40955227771768,11.7125904186599,10.1165890868864,15.6922298152366,2.51688267108953,Health Care,Health Care Equipment and Services,Health Care Equipment and Supplies,Health Care Equipment,Electromedical and Electrotherapeutic Apparatus,60400.0,805825.1504,,2026E,2026E,2026E,2026E
A211050,"INCAR FINANCIAL SERVICE Co., Ltd.",0.38121631192486366,0.46197031192486365,0.417023610221186,4.5715711495618,3.90434229605516,6.71758012652041,2.40865565957439,Financials,Insurance,Insurance,Insurance Brokers,"Insurance Agents, Brokers, and Service",10580.0,495193.15468,,LTM,LTM,LTM,LTM
A034590,"Incheon City Gas Co., Ltd.",0.03129499966458209,0.06225999966458209,,,,9.20372285418821,0.548535859267794,Utilities,Utilities,Gas Utilities,Gas Utilities,Natural Gas Distribution,26500.0,109232.9735,,,,,LTM
A083640,"INCON Co.,Ltd.",0.05377900800824229,-0.00789999199175771,,,,1.54938770742105,0.111391193067752,Information Technology,Technology Hardware and Equipment,"Electronic Equipment, Instruments and Components",Electronic Equipment and Instruments,Household Audio and Video Equipment,1087.0,24823.284195999997,,,,,LTM
A216050,"Incross Co., Ltd.",0.09714415880036978,0.12844415880036977,,,,5.11159192240535,0.465210092460794,Communication Services,Media and Entertainment,Media,Advertising,"Computer Programming, Data Processing, And Other Computer Related Services",5050.0,61603.0411,,,,,LTM
A024110,Industrial Bank of Korea,,0.04956476679085936,,,,5.76393283486399,0.423876765438644,Financials,Banks,Banks,Diversified Banks,Commercial Banks,19950.0,15908646.04665,,,,,2026E
A023810,INFAC Corporation,0.032463616013614194,0.1274186160136142,0.654126326674779,15.6947416587266,7.24170043076545,6.55501877248527,0.416160123023676,Consumer Discretionary,Automobiles and Components,Automobile Components,Automotive Parts and Equipment,Motor Vehicle Parts and Accessories,5200.0,52000.0,,LTM,LTM,LTM,LTM
A071200,"INFINITT Healthcare Co., Ltd.",0.2703572757499978,0.22068927574999778,0.410535215290876,2.15398211084517,1.94328789649191,5.72511714897942,1.1515282094544,Health Care,Health Care Equipment and Services,Health Care Technology,Health Care Technology,Computer Integrated Systems Design,9390.0,228894.89367000002,,LTM,LTM,LTM,LTM
A039290,InfoBank Corporation,-0.03667559332959133,-0.046641593329591335,0.171762165948675,,,,0.502657779323401,Information Technology,Software and Services,Software,Application Software,"Communications Services, Not Elsewhere Classified",3905.0,32592.149205,,LTM,,,
A115310,"INFOvine.co.,Ltd.",0.04188392776524365,0.058971927765243654,,,,9.77875153042333,0.645083658419828,Information Technology,Software and Services,Software,Application Software,Prepackaged Software,7890.0,57708.68295,,,,,LTM
A101930,"Inhwa Precision Co., Ltd",0.024232619793757022,0.06156761979375701,1.99972309236867,5.77804744176249,5.14129825860872,9.37347619847845,0.946423161603777,Industrials,Capital Goods,Machinery,Construction Machinery and Heavy Transportation Equipment,Engines And Turbines,6670.0,307916.6147,,LTM,LTM,LTM,LTM
A452400,Inics Corp.,-0.044202004209640454,-0.04800100420964045,0.256515220104095,,13.7624686016919,74.7499213808511,0.433380468247754,Consumer Discretionary,Automobiles and Components,Automobile Components,Automotive Parts and Equipment,Motor Vehicle Parts and Accessories,5900.0,52492.831000000006,,LTM,,LTM,LTM
A053350,"INITECH Co., Ltd",0.023713782764639695,0.04122778276463969,,,,103.469912589796,0.54092895938769,Information Technology,Software and Services,Software,Application Software,"Computer Programming, Data Processing, And Other Computer Related Services",3710.0,70494.74137999999,,,,,LTM
A032860,"The Lamy Co., Ltd.",-0.14305500424917636,-0.24053000424917637,,,,,0.269207639282551,Materials,Materials,Metals and Mining,Steel,Metals Service Centers and Offices,690.0,27871.90347,,,,,
A064090,InkredibleBuzz Inc.,-0.359293115223653,-0.388636115223653,1.97653670317862,,,,0.644791470693254,Consumer Discretionary,Consumer Discretionary Distribution and Retail,Distributors,Distributors,Radio and Television Broadcasting and Communications Equipment,798.0,39693.059448,,LTM,,,
A049550,"InkTec Co., Ltd.",0.17207827222668778,0.1501302722266878,1.4034868436991,25.416579293989,12.1542659489905,9.35696560854002,0.84864296947454,Materials,Materials,Chemicals,Specialty Chemicals,Miscellaneous Chemical Products,3490.0,68425.90673,,LTM,LTM,LTM,LTM
A215790,Inno Instrument Inc.,-0.19506819540854506,-0.34970119540854505,1.04946282775284,,,,0.80378247023414,Information Technology,Technology Hardware and Equipment,Communications Equipment,Communications Equipment,Radio and Television Broadcasting and Communications Equipment,676.0,27230.921328,,LTM,,,
A296640,"INNOAX CO.,LTD",0.09516244363441662,0.1385384436344166,0.904744910282256,27.270062235572,15.6016997550462,13.0924149053961,0.974619694185173,Information Technology,Software and Services,Software,Application Software,Prepackaged Software,6150.0,31089.1848,,LTM,LTM,LTM,LTM
A214320,Innocean Worldwide Inc.,0.06359271546339562,0.12082371546339563,0.124244553348079,1.46532441373541,1.14680658020241,6.47975213026141,0.689554700772567,Communication Services,Media and Entertainment,Media,Advertising,Advertising,18660.0,746400.0,,2026E,2026E,2026E,2026E
A303530,Innodep Inc.,-0.05870417743847083,-0.09633117743847083,0.249056232664797,,,,0.6265007106305,Information Technology,Software and Services,Software,Application Software,Prepackaged Software,2745.0,19521.863550000002,,LTM,,,
A344860,"INNOGENE Co.,Ltd.",0.04231406428226113,0.11899606428226113,1.0883044611689,,287.836264287836,101.117536027804,1.11219020088019,Consumer Staples,Household and Personal Products,Personal Care Products,Personal Care Products,"Perfumes, Cosmetics, and Other Toilet Preparations",1313.0,18946.59,,LTM,,LTM,LTM
A302430,"Innometry Co., Ltd.",0.21214246889293384,0.15990146889293383,0.547265054193959,,,,0.825053657884328,Information Technology,Technology Hardware and Equipment,"Electronic Equipment, Instruments and Components",Electronic Equipment and Instruments,"Industrial Instruments for Measurement, Display, and Control of Process Variables; and Related Products",6410.0,62994.435249999995,,LTM,,,
A274400,"Innosimulation Co., Ltd",-0.011134021639309233,-0.012830021639309233,,,,,0.65032315107324,Information Technology,Software and Services,Software,Systems Software,Prepackaged Software,2245.0,20399.176785000003,,,,,
A462350,"INNOSPACE Co., Ltd.",-0.8613505264977772,-1.1396695264977772,53.7567064807765,,,,4.012295631406,Industrials,Capital Goods,Aerospace and Defense,Aerospace and Defense,Guided Missiles And Space Vehicles And Parts,5880.0,197893.14635999998,,LTM,,,
A469610,"Innotech Co., Ltd.",0.2792193236760435,0.34852832367604347,1.36986738497175,7.67299136518987,20.9267083993574,11.0242941562705,2.17585293861228,Industrials,Capital Goods,Machinery,Industrial Machinery and Supplies and Components,Miscellaneous Industrial And Commercial Machinery And Equipment,16000.0,142958.40000000002,,2026E,2026E,LTM,2026E
A333050,"Innotena, Inc.",0.06277530453718096,0.09204930453718095,0.238142809936125,4.17039486571408,3.21308432134407,60.3300313339704,5.0240998230918,Information Technology,Software and Services,IT Services,IT Consulting and Other Services,"Computer Programming, Data Processing, And Other Computer Related Services",4850.0,23874.92525,,LTM,LTM,LTM,LTM
A272290,"INNOX Advanced Materials Co.,Ltd.",0.22507257048693063,0.27866257048693066,1.231901204,8.29631231340342,5.41930787167382,7.26987447698745,0.964794004871892,Information Technology,Semiconductors and Semiconductor Equipment,Semiconductors and Semiconductor Equipment,Semiconductor Materials and Equipment,Semiconductors and Related Devices,19960.0,383741.95804,,2026E,2026E,2026E,2026E
A088390,Innox Corporation,0.06008828884215074,0.08098628884215074,2.01293297392183,5.93727929962575,5.14002583358053,3.43498495109569,0.396549685039192,Information Technology,Semiconductors and Semiconductor Equipment,Semiconductors and Semiconductor Equipment,Semiconductor Materials and Equipment,Electronic Components And Accessories,7230.0,67859.57982,,LTM,LTM,LTM,LTM
A277410,INSAN Inc.,0.06556358445149033,0.07696358445149032,1.64438093137448,28.189030571724,14.6498997918796,47.8783709644287,0.33473945034007,Consumer Staples,Household and Personal Products,Personal Care Products,Personal Care Products,"Perfumes, Cosmetics, and Other Toilet Preparations",5550.0,20919.714900000003,,LTM,LTM,LTM,LTM
A006490,"FreeT, Inc.",-0.4287911629848075,-1.2942821629848076,0.419446662091694,,,,1.43147858942655,Communication Services,Telecommunication Services,Diversified Telecommunication Services,Integrated Telecommunication Services,"Watches, Clocks, Clockwork Operated Devices, and Parts",898.0,26038.808508,,LTM,,,
A465480,"Inspien,Inc.",0.06774897988651712,0.11761997988651712,0.580599085015539,4.11460291222536,3.62462518496074,12.3964110276469,0.660993897062262,Information Technology,Software and Services,IT Services,IT Consulting and Other Services,"Computer Programming, Data Processing, And Other Computer Related Services",3235.0,32795.69242,,LTM,LTM,LTM,LTM
A060150,"INSUN Environmental New Technology Co., Ltd.",-0.013436098104856737,-0.03970609810485674,0.973308625700826,232.223400363471,16.4104323599435,,0.427952876966196,Industrials,Commercial and Professional Services,Commercial Services and Supplies,Environmental and Facilities Services,Sanitary Services,2975.0,135551.7457,,LTM,LTM,LTM,
A033230,"Insung Information Co., Ltd",0.027247626419464085,-0.018033373580535923,0.149294278436466,,56.9806274739596,,0.689763358370149,Information Technology,Software and Services,IT Services,IT Consulting and Other Services,"Computer Programming, Data Processing, And Other Computer Related Services",1193.0,59777.771493,,LTM,,LTM,
A450520,"Inswave Co., Ltd.",0.18603262279535066,0.15129362279535066,0.490618579334421,,,,0.717844641591456,Information Technology,Software and Services,Software,Application Software,Prepackaged Software,2045.0,30070.86201,,LTM,,,
A064290,"INTEKPLUS Co., Ltd.",0.21868680480941466,0.14318580480941465,4.1307102721964,46.3466085792979,,125.971731448763,9.72656931889378,Information Technology,Semiconductors and Semiconductor Equipment,Semiconductors and Semiconductor Equipment,Semiconductor Materials and Equipment,"Special Industry Machinery, not elsewhere classified",30100.0,370103.7305,,2026E,2026E,,2026E
A189300,"Intellian Technologies, Inc.",0.356234423610842,0.300222423610842,2.02660450641909,20.7039545806533,12.298767049403,15.4227733934611,2.49822644695488,Information Technology,Technology Hardware and Equipment,Communications Equipment,Communications Equipment,Radio and Television Broadcasting and Communications Equipment,62400.0,637331.1984000001,,2026E,2026E,2026E,2026E
A143160,"Intelligent Digital Integrated Security Co., Ltd.",0.0244560473750477,0.0617740473750477,0.476247822439076,7.5660827863122,4.32268899981071,9.7252112498864,0.664287293529527,Information Technology,Technology Hardware and Equipment,"Electronic Equipment, Instruments and Components",Electronic Equipment and Instruments,Household Audio and Video Equipment,16120.0,156037.57,,LTM,LTM,LTM,LTM
A051370,"Interflex Co., Ltd.",0.16458713425048477,0.16320413425048477,0.190337734090448,2.7283586244186,1.91541911591837,4.60282108389013,0.440475157503588,Information Technology,Technology Hardware and Equipment,"Electronic Equipment, Instruments and Components",Electronic Components,Printed Circuit Boards,5890.0,137398.81008,,2026E,2026E,2026E,2026E
A129260,"Intergis Co., Ltd",0.03901762481140977,0.06496662481140977,0.163590057986541,8.06186804491573,4.26203609137745,7.97210888895882,0.19035077994943,Industrials,Transportation,Marine Transportation,Marine Transportation,Arrangement of Transportation of Freight and Cargo,1899.0,53578.636668,,LTM,LTM,LTM,LTM
A017250,Inter-M Corporation,0.19200757544243977,0.18833057544243978,0.454190377097761,6.74611284771293,5.78448114257511,5.86783831062569,0.457255218028426,Consumer Discretionary,Consumer Durables and Apparel,Household Durables,Consumer Electronics,Household Audio and Video Equipment,1003.0,20306.203401000002,,LTM,LTM,LTM,LTM
A119610,Interojo Inc.,0.23647708516327043,0.2535540851632704,1.35581773637671,5.95560717719924,4.49033921738095,7.12309160305344,1.11149551666975,Health Care,Health Care Equipment and Services,Health Care Equipment and Supplies,Health Care Supplies,Ophthalmic Goods,14310.0,162943.34787,,2026E,2026E,2026E,2026E
A070590,"Inticube Co., Ltd.",-0.5008621504416928,-0.16829015044169282,0.516924529902639,,,,2.64677295183849,Information Technology,Software and Services,IT Services,IT Consulting and Other Services,Prepackaged Software,1841.0,25152.618316,,LTM,,,
A287840,"IntoCell, Inc.",-0.41913770700488606,-0.582354707004886,127.68901779483,,,,15.6345896745385,Health Care,"Pharmaceuticals, Biotechnology and Life Sciences",Biotechnology,Biotechnology,"Biological Products, Except Diagnostic Substances",19220.0,288722.0712,,LTM,,,
A049070,"Intops Co., Ltd.",0.06003578927984986,0.06132178927984986,0.125550810472048,3.80143356390244,1.94337626084788,10.8719512195122,0.413902612869353,Information Technology,Technology Hardware and Equipment,"Electronic Equipment, Instruments and Components",Electronic Components,Radio and Television Broadcasting and Communications Equipment,17190.0,272183.27985,,2026E,2026E,2026E,2026E
A048530,"iNtRON Biotechnology, Inc.",-0.15363799303165143,-0.11660999303165143,8.37513262683663,,,,1.26684873928351,Health Care,"Pharmaceuticals, Biotechnology and Life Sciences",Biotechnology,Biotechnology,"Biological Products, Except Diagnostic Substances",2720.0,84025.58176,,LTM,,,
A015360,"INVENI Co., Ltd.",0.04906790699154431,0.1440669069915443,0.429307596473215,4.41238937741529,3.52663070424992,4.24088780215745,0.925643047514353,Utilities,Utilities,Gas Utilities,Gas Utilities,Natural Gas Distribution,13900.0,355145.0,,LTM,LTM,LTM,LTM
A079950,"INVENIA Co., Ltd.",0.4877057329998806,0.0025157329998806155,1.2909776068677,,,,0.535465795139027,Information Technology,Semiconductors and Semiconductor Equipment,Semiconductors and Semiconductor Equipment,Semiconductor Materials and Equipment,"Special Industry Machinery, not elsewhere classified",936.0,25408.519344,,LTM,,,
A389470,"Inventage Lab, Inc.",0.09461653558888829,-0.20147146441111174,118.028464781056,,,134.214616528121,4.4405526759011,Health Care,"Pharmaceuticals, Biotechnology and Life Sciences",Biotechnology,Biotechnology,"Biological Products, Except Diagnostic Substances",28050.0,372428.68575,,LTM,,,LTM
A0007J0,Inventera Inc.,,,,,,,,Health Care,"Pharmaceuticals, Biotechnology and Life Sciences",Biotechnology,Biotechnology,In Vitro and In Vivo Diagnostic Substances,7350.0,57812.997899999995,,,,,
A023800,"INZI Controls Co.,Ltd.",0.04272100152349647,0.08233600152349646,0.493426266611145,8.85955837343656,4.22240524295294,3.42164941697718,0.315089858145221,Consumer Discretionary,Automobiles and Components,Automobile Components,Automotive Parts and Equipment,Motor Vehicle Parts and Accessories,5190.0,78725.53743,,LTM,LTM,LTM,LTM
A037330,"Inzi Display Co.,Ltd",-0.0396823433885615,0.007035656611438498,0.276703399873227,16.0765337539828,4.38776803482475,9.97803113253371,0.1806312915856,Information Technology,Technology Hardware and Equipment,"Electronic Equipment, Instruments and Components",Electronic Components,Semiconductors and Related Devices,763.0,30764.19815,,LTM,LTM,LTM,LTM
A100030,"Inzisoft Co.,Ltd.",0.41231438401609616,0.3691883840160961,,,,1.82319796121035,0.654961004904644,Information Technology,Software and Services,Software,Application Software,Prepackaged Software,19880.0,51652.732879999996,,,,,LTM
A078860,"IOKENM Co.,Ltd.",-0.3175829079256789,-0.46099690792567893,1.91163238347225,,,,0.222398763816641,Communication Services,Media and Entertainment,Entertainment,Movies and Entertainment,"Search, Detection, Navigation, Guidance, Aeronautical, and Nautical Systems and Instruments",2730.0,16194.23169,,LTM,,,
A294870,IPARK Hyundai Development Company,-0.0359220845536969,-0.005119084553696897,0.765074460809279,5.85839450955822,5.37928570588565,3.85088090972318,0.424658353333438,Industrials,Capital Goods,Construction and Engineering,Construction and Engineering,Heavy Construction Other Than Building Construction Contractors,21650.0,1358981.4982,,2026E,2026E,2026E,2026E
A262840,"IQUEST Co., Ltd.",0.07853290434832791,0.11619290434832791,1.50323848401952,18.337800618734,13.905507598573,3.46705998817277,0.492919501180619,Information Technology,Software and Services,Software,Application Software,Prepackaged Software,2725.0,27876.016975,,LTM,LTM,LTM,LTM
A009730,"IREM Co.,Ltd.",0.08942399834866015,0.17078999834866015,1.01250918124074,,87.2828679893016,1.54735272184937,0.210819464669338,Materials,Materials,Metals and Mining,Steel,Steel Pipe and Tubes,2015.0,16070.638545,,LTM,,LTM,LTM
A066430,"I-ROBOTICS,Co.,Ltd.",-0.622644993901785,0.12360000609821503,,,,24.6158031819062,2.73181785158912,Communication Services,Media and Entertainment,Entertainment,Movies and Entertainment,Motion Picture and Video Tape Production,2085.0,81617.57937,,,,,LTM
A464500,Iron Device Corporation,0.7288825565614254,0.6752725565614255,1.43794695495002,,,,1.03390045754444,Information Technology,Semiconductors and Semiconductor Equipment,Semiconductors and Semiconductor Equipment,Semiconductors,Semiconductors and Related Devices,1739.0,24334.284357,,LTM,,,
A010780,"IS DongSeo Co., Ltd.",0.17921401851667718,0.10784801851667718,1.10882099731605,8.34980244416887,6.56550856087137,5.24053112185401,0.342265779257111,Industrials,Capital Goods,Construction and Engineering,Construction and Engineering,Heavy Construction Other Than Building Construction Contractors,15020.0,446464.51336000004,,2026E,2026E,2026E,2026E
A351330,"ISAAC Engineering Co.,Ltd",-0.17506134711612295,-0.253632347116123,0.399040103577879,,,,0.982673834608667,Information Technology,Software and Services,IT Services,IT Consulting and Other Services,"Computer Programming, Data Processing, And Other Computer Related Services",,,,LTM,,,
A095340,"ISC Co., Ltd.",0.5460617638061034,0.5554567638061033,9.79565221643573,30.1360947725219,26.9640905850034,38.5596804173687,6.3661549888928,Information Technology,Semiconductors and Semiconductor Equipment,Semiconductors and Semiconductor Equipment,Semiconductor Materials and Equipment,"Special Industry Machinery, not elsewhere classified",154700.0,3165810.5024,,2026E,2026E,2026E,2026E
A289010,"I-Scream Edu Co.,Ltd.",-0.07820599842358966,-0.14915999842358968,0.0732316518093306,,1.34866626422944,,0.310626294329979,Consumer Discretionary,Consumer Services,Diversified Consumer Services,Education Services,Educational Services,898.0,12222.151772000001,,LTM,,LTM,
A461300,"i-Scream Media CO., LTD.",0.11752807268095297,0.263587072680953,0.473403787436368,1.48852065437053,1.32898373897846,4.47279291936202,1.11704291926631,Consumer Discretionary,Consumer Services,Diversified Consumer Services,Education Services,Educational Services,18170.0,231684.99771,,LTM,LTM,LTM,LTM
A099190,"i-SENS, Inc.",0.06933661437844929,0.06612861437844929,1.8123019670073,38.5536288012422,18.8094976878788,46.9922879177378,1.57250421003571,Health Care,Health Care Equipment and Services,Health Care Equipment and Supplies,Health Care Equipment,Electromedical and Electrotherapeutic Apparatus,17640.0,507262.34916,,2026E,2026E,2026E,2026E
A212710,"ISTE Co., Ltd.",0.2716788517846172,-0.011220148215382808,2.34745767823957,,,,3.11513359813571,Information Technology,Semiconductors and Semiconductor Equipment,Semiconductors and Semiconductor Equipment,Semiconductor Materials and Equipment,"Special Industry Machinery, not elsewhere classified",7670.0,74513.88126000001,,LTM,,,
A086890,"ISU Abxis Co., Ltd.",-0.15847781305762904,-0.19854181305762902,2.65453187595695,,,,1.15454763706718,Health Care,"Pharmaceuticals, Biotechnology and Life Sciences",Biotechnology,Biotechnology,"Biological Products, Except Diagnostic Substances",3245.0,132314.68679,,LTM,,,
A005950,"ISU Chemical Co., Ltd",0.1384506120211116,-0.0410393879788884,0.455780646977042,27.3649227296024,15.4517461750136,,2.99181803321271,Materials,Materials,Chemicals,Commodity Chemicals,Industrial Organic Chemicals,12160.0,319737.09504,,LTM,LTM,LTM,
A007660,"ISU Petasys Co., Ltd.",0.7224214505008831,0.8197814505008831,4.65387949708478,21.7032704847879,19.4223834124034,28.0853232870402,9.67880585046721,Information Technology,Technology Hardware and Equipment,"Electronic Equipment, Instruments and Components",Electronic Components,Printed Circuit Boards,99100.0,7274853.602899999,,2026E,2026E,2026E,2026E
A457190,"ISU Specialty Chemical Co., Ltd.",,0.09703999949481078,5.43482805787795,,118.367838962176,,15.6202064373343,Materials,Materials,Chemicals,Specialty Chemicals,Chemicals and Allied Products,60600.0,1831263.6432,,LTM,,LTM,
A031820,"Itcencts Co.,Ltd.",0.22790837937440808,0.36846337937440804,0.200414214209242,3.21815403881689,2.77636824539869,0.963089813566807,0.294025635328957,Information Technology,Software and Services,IT Services,IT Consulting and Other Services,"Computer Programming, Data Processing, And Other Computer Related Services",5970.0,72267.72162,,LTM,LTM,LTM,LTM
A010280,"Itcenentec Co.,Ltd.",0.4107118569348076,0.36238085693480754,0.0952276392896433,1.71167646553672,1.54970196624041,2.10764019570945,0.630494210072985,Information Technology,Software and Services,IT Services,IT Consulting and Other Services,Computer Integrated Systems Design,5520.0,71896.64760000001,,2026E,2026E,2026E,2026E
A124500,"ITCENGLOBAL CO., Ltd.",0.3982750596649562,0.7771430596649562,0.0950834268559638,3.32608492879336,3.17239736650307,14.7190864602698,4.42605487868578,Information Technology,Software and Services,IT Services,IT Consulting and Other Services,"Computer Programming, Data Processing, And Other Computer Related Services",31150.0,722821.01605,,LTM,LTM,LTM,LTM
A232830,"Itcenpns Co.,Ltd.",-0.11037268275694821,-0.3000356827569482,0.307797847577078,,154.28628217112,,1.99178093799472,Information Technology,Software and Services,Software,Systems Software,Prepackaged Software,1802.0,29793.774252000003,,LTM,,LTM,
A309710,"IT-Chem CO.,Ltd",-0.1364533250322415,-0.25553232503224155,5.28869048130735,,,,4.29679488139997,Health Care,"Pharmaceuticals, Biotechnology and Life Sciences",Pharmaceuticals,Pharmaceuticals,Pharmaceutical Preparations,21000.0,262394.706,,LTM,,,
A119830,"ITEK, Inc.",-0.04572136001871451,0.001510639981285495,0.788944419144848,,3.73968552762307,,0.963495740104786,Information Technology,Semiconductors and Semiconductor Equipment,Semiconductors and Semiconductor Equipment,Semiconductors,Semiconductors and Related Devices,6880.0,181601.32208,,LTM,,LTM,
A372800,ITEYES Inc.,-0.4653547409377219,-0.8117277409377219,0.305350492861323,,,,1.64858534979595,Information Technology,Software and Services,IT Services,IT Consulting and Other Services,"Computer Programming, Data Processing, And Other Computer Related Services",2895.0,20372.662154999998,,LTM,,,
A084850,"ITM Semiconductor Co., Ltd.",-0.20237974305262377,-0.6573827430526238,0.799937111900945,,12.0431162698574,,2.02401781000064,Information Technology,Semiconductors and Semiconductor Equipment,Semiconductors and Semiconductor Equipment,Semiconductors,Semiconductors and Related Devices,8380.0,173371.48198,,LTM,,LTM,
A052770,ITOXI Corp.,-1.5722749768982875,-2.020589976898288,0.381869101108623,,,,1.10345398143137,Communication Services,Media and Entertainment,Entertainment,Interactive Home Entertainment,Prepackaged Software,312.0,4545.457488,,LTM,,,
A226320,"It'S Hanbul Co., Ltd.",0.0692103452410769,0.1047083452410769,,,,8.70604553129273,0.479102625993689,Consumer Staples,Household and Personal Products,Personal Care Products,Personal Care Products,"Perfumes, Cosmetics, and Other Toilet Preparations",10240.0,180394.8544,,,,,LTM
A460470,"IVIM Technology, Inc",0.40711882212226713,0.3696638221222671,4.95851637302179,,,,1.6375609275796,Health Care,Health Care Equipment and Services,Health Care Equipment and Supplies,Health Care Equipment,Surgical and Medical Instruments and Apparatus,2905.0,43921.76985,,LTM,,,
A469750,"Ivisionworks Co.,Ltd.",-0.0390140704223612,-0.0472700704223612,0.996369153723343,,69.2740391320504,,0.9106529472985,Industrials,Capital Goods,Machinery,Industrial Machinery and Supplies and Components,"Special Industry Machinery, Except Metalworking",928.0,31975.614367999995,,LTM,,LTM,
A090150,"iWIN CO.,LTD",0.07829104781256956,0.16404504781256957,0.550773560725278,12.9757510365544,8.36592535149415,3.42729048456595,0.48593455353002,Consumer Discretionary,Automobiles and Components,Automobile Components,Automotive Parts and Equipment,Motor Vehicle Parts and Accessories,5780.0,22955.74974,,LTM,LTM,LTM,LTM
A023440,J Steel Company Holdings Inc.,-0.14471274529333983,-0.44219174529333993,1.65876407668827,,,,0.915417440323985,Materials,Materials,Metals and Mining,Steel,"Steel Works, Blast Furnaces, And Rolling And Finishing Mills",521.0,46964.378481,,LTM,,,
A026040,"J.ESTINA Co.,Ltd.",-0.15561899609978674,0.44230000390021323,,,,,0.626428696600641,Consumer Discretionary,Consumer Durables and Apparel,"Textiles, Apparel and Luxury Goods","Apparel, Accessories and Luxury Goods","Watches, Clocks, Clockwork Operated Devices, and Parts",1996.0,28591.739924,,,,,
A420570,"J2KBIO Co., Ltd.",0.45297655054872044,0.41374155054872047,0.983584670880251,6.64364815997638,5.35978557571226,8.94976565521316,1.42291034845976,Health Care,"Pharmaceuticals, Biotechnology and Life Sciences",Biotechnology,Biotechnology,"Biological Products, Except Diagnostic Substances",8670.0,50697.677610000006,,LTM,LTM,LTM,LTM
A049630,"Jaeyoung Solutec Co., Ltd.",0.39206228900848383,0.33825728900848384,1.01172433678576,7.33524985406493,5.25649961721348,5.8380666015226,1.4736332517578,Information Technology,Technology Hardware and Equipment,"Electronic Equipment, Instruments and Components",Electronic Components,"Electronic Components, not elsewhere classified",7430.0,173602.98277,,LTM,LTM,LTM,LTM
A033240,"Jahwa Electronics. Co., Ltd",0.3551232231399756,0.2960942231399756,0.716381625328162,7.82186061270358,4.39264245384146,7.01281186783547,1.25387241828323,Information Technology,Technology Hardware and Equipment,"Electronic Equipment, Instruments and Components",Electronic Components,"Electronic and Other Electrical Equipment and Components, except Computer Equipment",29250.0,598342.446,,2026E,2026E,2026E,2026E
A090470,JAS Robotics Inc.,-0.046702376974241566,-0.04762637697424155,1.99789060947041,,,,0.60478463515122,Information Technology,Semiconductors and Semiconductor Equipment,Semiconductors and Semiconductor Equipment,Semiconductor Materials and Equipment,"Special Industry Machinery, not elsewhere classified",4260.0,73911.85626,,LTM,,,
A175330,"JB Financial Group Co., Ltd.",,0.11457579470764252,,,,6.53420954344223,0.814478097075792,Financials,Banks,Banks,Diversified Banks,Commercial Banks,26550.0,4929436.1232,,,,,2026E
A137950,"JC Chemical Co., Ltd.",0.10637392625442997,0.08258692625442997,0.673750715336133,38.575049499516,12.8374096433356,,0.552686800582073,Energy,Energy,"Oil, Gas and Consumable Fuels",Oil and Gas Refining and Marketing,Miscellaneous Products Of Petroleum And Coal,3625.0,78241.749875,,LTM,LTM,LTM,
A033320,"JCH Systems, Inc.",0.07348141387804044,0.09174041387804042,0.118272266012755,5.06051817794844,4.20945467695809,7.57761122570278,0.502958776160803,Information Technology,Technology Hardware and Equipment,"Technology Hardware, Storage and Peripherals","Technology Hardware, Storage and Peripherals","Computer Peripheral Equipment, not elsewhere classified",3050.0,57620.450549999994,,LTM,LTM,LTM,LTM
A412540,"Jeil M&S Co., Ltd",-0.4630555598341288,1.0728584401658712,0.733602089070316,,,,,Industrials,Capital Goods,Machinery,Industrial Machinery and Supplies and Components,Miscellaneous Industrial And Commercial Machinery And Equipment,3935.0,81063.616775,,LTM,,,
A002620,Jeil Pharma Holdings Inc,-0.026881986704807775,0.028316013295192233,0.571908242887468,9.85253379637835,6.96572224982325,8.70822908071755,0.366224587900711,Health Care,"Pharmaceuticals, Biotechnology and Life Sciences",Pharmaceuticals,Pharmaceuticals,Pharmaceutical Preparations,7440.0,114212.37,,LTM,LTM,LTM,LTM
A271980,"Jeil Pharmaceutical Co.,Ltd",-0.014745773995731747,0.09421122600426826,0.441185349751982,58.7888084364939,14.1532075285579,15.8781097886002,0.72335318979892,Health Care,"Pharmaceuticals, Biotechnology and Life Sciences",Pharmaceuticals,Pharmaceuticals,Pharmaceutical Preparations,9840.0,143383.72728,,LTM,LTM,LTM,LTM
A038010,"Jeil Technos Co.,Ltd",0.07633617924148133,0.07579917924148133,0.0368323614824149,0.657214781380937,0.454633300553128,3.98110819020661,0.336651996602027,Materials,Materials,Metals and Mining,Steel,"Steel Works, Blast Furnaces, And Rolling And Finishing Mills",5520.0,45904.32000000001,,LTM,LTM,LTM,LTM
A418550,"JEIO Co., Ltd.",-0.1098077548777722,-0.11199675487777219,2.57120427987279,,41.1870133676444,,0.784827533627145,Industrials,Capital Goods,Construction and Engineering,Construction and Engineering,Heavy Construction Other Than Building Construction Contractors,4175.0,124500.89227499999,,LTM,,LTM,
A089590,"Jeju Air Co., Ltd.",0.1166328307087253,-0.1925691692912747,0.7852438845991,140.414938665634,8.06149589758218,,1.15766671185962,Industrials,Transportation,Passenger Airlines,Passenger Airlines,"Air Transportation, Scheduled",4145.0,333967.25509500003,,2026E,2026E,2026E,
A006220,Jeju Bank,,0.06836240009643015,,,,33.6662434765956,0.539220843632854,Financials,Banks,Banks,Regional Banks,Commercial Banks,9130.0,345100.82541000005,,,,,LTM
A080220,Jeju Semiconductor Corp.,1.79831301560935,1.41926801560935,3.80605237806313,11.763475782867,11.620695752453,11.4129547843752,5.76642874539204,Information Technology,Semiconductors and Semiconductor Equipment,Semiconductors and Semiconductor Equipment,Semiconductors,Semiconductors and Related Devices,75100.0,2529601.1104,,LTM,LTM,LTM,LTM
A033050,"Jeong Moon Information. Co., Ltd",0.32622385060671133,0.28831885060671136,0.20149201834707,4.06986348733553,1.86227994315738,4.00733121966542,0.420483330951397,Information Technology,Semiconductors and Semiconductor Equipment,Semiconductors and Semiconductor Equipment,Semiconductors,"Computer Peripheral Equipment, not elsewhere classified",812.0,25853.534335999997,,LTM,LTM,LTM,LTM
A110020,"Jeonjinbio Co., Ltd.",0.05403248230469208,0.04189848230469208,0.766946333182639,,22.6879551254174,,1.05107308981272,Materials,Materials,Chemicals,Specialty Chemicals,Agricultural Chemicals,1983.0,17963.525046,,LTM,,LTM,
A216080,"JETEMA, Co., Ltd.",-0.024613840759691592,-0.10579284075969159,3.51772998782107,104.310544627962,24.6237295656229,,2.21328493883966,Health Care,"Pharmaceuticals, Biotechnology and Life Sciences",Pharmaceuticals,Pharmaceuticals,Pharmaceutical Preparations,5020.0,187181.23698,,LTM,LTM,LTM,
A010580,SMBEXEL Company,0.015478998609083618,0.01666999860908362,0.958852626540728,31.7241894746395,17.7873816851723,152.708027332047,2.53021416123829,Consumer Discretionary,Automobiles and Components,Automobile Components,Automotive Parts and Equipment,Motor Vehicle Parts and Accessories,1510.0,167770.46468,,LTM,LTM,LTM,LTM
A272450,"Jin Air Co., Ltd.",0.6144164925176088,0.6639794925176088,,,,3.46758644293623,0.579277535250615,Industrials,Transportation,Passenger Airlines,Passenger Airlines,"Air Transportation, Scheduled",5110.0,266742.0,,,,,LTM
A007370,"Jin Yang Pharmaceutical Co., Ltd.",0.126067680800857,0.191856680800857,0.965098644007196,31.7287403124178,18.9453843784714,,,Health Care,"Pharmaceuticals, Biotechnology and Life Sciences",Pharmaceuticals,Pharmaceuticals,Pharmaceutical Preparations,3910.0,50478.86636,,LTM,LTM,LTM,
A285800,"Jin Young Co.,Ltd.",0.0809056423821176,-0.026561357617882392,1.11143481293252,,53.6852399038486,7.49584658004352,0.346948784099242,Materials,Materials,Chemicals,Commodity Chemicals,Miscellaneous Plastics Products,733.0,12810.825716,,LTM,,LTM,LTM
A088790,"Jindo.Co., Ltd.",0.018880006169806663,0.04464000616980667,,,,8.44831293918323,0.265342545141459,Consumer Discretionary,Consumer Durables and Apparel,"Textiles, Apparel and Luxury Goods","Apparel, Accessories and Luxury Goods",Leather and Leather Products,2135.0,26575.93344,,,,,LTM
A018120,"Jinro Distillers Co., Ltd.",-0.004492466431300898,0.08978253356869911,0.726964270741481,5.4180979874925,4.41625160375981,9.96446033383328,1.28460085551908,Consumer Staples,"Food, Beverage and Tobacco",Beverages,Distillers and Vintners,Distilled and Blended Liquors,16710.0,110582.83644,,LTM,LTM,LTM,LTM
A036890,"JINSUNG T.E.C., Inc.",0.20928496800226795,0.23537196800226795,0.493800061553286,4.71016271948529,3.60891340760563,7.11805555555556,0.798759096753937,Industrials,Capital Goods,Machinery,Industrial Machinery and Supplies and Components,Ball and Roller Bearings,11860.0,240467.26396,,2026E,2026E,2026E,2026E
A208350,"Jiransecurity Co.,Ltd",0.017136723402351645,0.009245723402351644,0.521437279778698,10.314864086704,5.90428997839001,14.1045676494967,0.449918359982398,Information Technology,Software and Services,Software,Systems Software,"Computer Programming, Data Processing, And Other Computer Related Services",2810.0,20573.6117,,LTM,LTM,LTM,LTM
A417500,"JI-Tech Co., Ltd.",0.31181577560399765,0.33545977560399765,2.24469758900956,9.10615143499642,6.49979227062391,11.1919732384138,1.51559291755218,Information Technology,Semiconductors and Semiconductor Equipment,Semiconductors and Semiconductor Equipment,Semiconductor Materials and Equipment,Electronic Components And Accessories,3685.0,120811.78164000002,,LTM,LTM,LTM,LTM
A060230,"JK Synapse Co., Ltd.",0.08424864696781004,-0.11244235303218997,0.937538794257641,,,,0.201623556251487,Materials,Materials,Chemicals,Specialty Chemicals,Motion Picture and Video Tape Production,1330.0,14523.92452,,LTM,,,
A322510,"JLK, Inc.",-0.22809575888225786,-0.3219777588822579,34.1574255309644,,,,3.26651825692247,Health Care,Health Care Equipment and Services,Health Care Technology,Health Care Technology,Prepackaged Software,4620.0,117281.59211999999,,LTM,,,
A040420,"JLS Co.,Ltd.",0.002916396840429352,0.07969339684042935,0.885311545586809,8.14960895982143,5.12784383988764,10.0345423143351,1.00450462787021,Consumer Discretionary,Consumer Services,Diversified Consumer Services,Education Services,Educational Services,5760.0,86047.15392,,2026E,2026E,2026E,2026E
A094970,"JMT Co.,Ltd.",0.24859615156126064,0.23630515156126064,0.0886757415588491,1.13202762548307,0.652539156379424,2.26432838265841,0.293427069253351,Information Technology,Technology Hardware and Equipment,"Electronic Equipment, Instruments and Components",Electronic Components,Electronic Components And Accessories,2640.0,44120.03376,,LTM,LTM,LTM,LTM
A452160,"JNB Co., Ltd.",-0.08679581609962075,-0.06890281609962076,3.76018511185354,,30.5921695902901,,0.811682561946092,Information Technology,Semiconductors and Semiconductor Equipment,Semiconductors and Semiconductor Equipment,Semiconductors,Non-operating Establishments,3140.0,30196.42858,,LTM,,LTM,
A126880,"JNK Global Co.,Ltd.",0.11869804731198166,0.12043604731198167,0.0788584448023186,2.06042731419239,1.59001561818721,14.1465353185077,0.389129798387508,Industrials,Capital Goods,Machinery,Industrial Machinery and Supplies and Components,General Industrial Machinery And Equipment,2525.0,58499.510575,,LTM,LTM,LTM,LTM
A204270,"JNTC Co., Ltd.",0.8647580266510974,0.7045610266510973,3.46693673032568,24.0502685033333,12.8331472250988,19.1875626880642,4.53342405887925,Information Technology,Technology Hardware and Equipment,"Electronic Equipment, Instruments and Components",Electronic Components,"Electronic Components, not elsewhere classified",18290.0,1045787.24781,,2026E,2026E,2026E,2026E
A018700,"Jolse Co.,Ltd.",-0.27809203550765904,-0.20374803550765902,0.260392069189169,,,,0.660725165851994,Communication Services,Media and Entertainment,Entertainment,Movies and Entertainment,Motion Picture and Video Tape Production,1469.0,16858.033933,,LTM,,,
A000440,"Joong Ang Enervis Co., Ltd",-0.02744037460126142,0.001753625398738582,0.949884015145927,,,,1.07288664321555,Energy,Energy,"Oil, Gas and Consumable Fuels",Oil and Gas Storage and Transportation,"Petroleum and Petroleum Products Wholesalers, Except Bulk Stations and Terminals",11720.0,51964.546200000004,,LTM,,,
A051980,"JOONGANG ADVANCED MATERIALS Co., Ltd.",-0.08157858198381507,-0.10615958198381506,5.51157187523302,,,,1.04641049546139,Information Technology,Technology Hardware and Equipment,Communications Equipment,Communications Equipment,"Communications Equipment, not elsewhere classified",968.0,107317.76140799999,,LTM,,,
A109070,Joosung Corperation,0.033185733883220145,0.04695773388322015,0.855611243828151,39.825610233946,27.90603251776,42.5707065415587,2.85361241110515,Materials,Materials,Paper and Forest Products,Paper Products,Paper Mills,1598.0,84373.158354,,LTM,LTM,LTM,LTM
A044380,"JOOYONTECH CO., Ltd",0.033315148266697826,-0.014834851733302179,0.00445411192759282,,0.756596707872071,43.6317602023392,0.268576653717437,Information Technology,Technology Hardware and Equipment,"Technology Hardware, Storage and Peripherals","Technology Hardware, Storage and Peripherals",Computer And Office Equipment,823.0,10613.286196,,LTM,,LTM,LTM
A067000,JOYCITY Corporation,0.16210700756266794,0.09967000756266793,0.959085200340575,6.18682612189394,5.49940099723906,3.64012738853503,0.91665717810201,Communication Services,Media and Entertainment,Entertainment,Interactive Home Entertainment,Prepackaged Software,1098.0,76753.983708,,2026E,2026E,2026E,2026E
A309930,"JOYWORKS&Co Co., Ltd.",-0.17125611317775224,-0.5934961131777522,0.495348436930885,,,,0.800016780721147,Consumer Discretionary,Consumer Discretionary Distribution and Retail,Specialty Retail,Homefurnishing Retail,Nonstore Retailers,910.0,17424.79284,,LTM,,,
A0010V0,"JPI Healthcare Co.,Ltd.",0.0726738682614453,0.0824248682614453,0.522316381698622,6.48611917764663,4.61284123457695,7.86016035781521,0.721263036484394,Health Care,Health Care Equipment and Services,Health Care Equipment and Supplies,Health Care Equipment,Electromedical and Electrotherapeutic Apparatus,8720.0,44519.088,,LTM,LTM,LTM,LTM
A348950,JR Global REIT,-0.005693996674346692,0.032510003325653306,10.4417905781348,13.8157846316845,,7.20731707317073,0.196485945479009,Real Estate,Equity Real Estate Investment Trusts (REITs),Office REITs,Office REITs,Real Estate Investment Trusts,1182.0,233298.432,,LTM,LTM,,LTM
A194370,JS Corporation,0.33216128332915745,0.45407428332915745,0.693046000867627,6.5096120409734,5.83882460730965,3.3182302771855,0.669560521078143,Consumer Discretionary,Consumer Durables and Apparel,"Textiles, Apparel and Luxury Goods","Apparel, Accessories and Luxury Goods",Textile Mill Products,12340.0,358066.79372,,2026E,2026E,2026E,2026E
A127120,"JS Link, Inc.",-0.1205840118396504,-0.3000270118396504,62.9910754098548,,,,14.3793033117143,Health Care,"Pharmaceuticals, Biotechnology and Life Sciences",Biotechnology,Biotechnology,"Biological Products, Except Diagnostic Substances",34450.0,1197232.5131,,LTM,,,
A089790,JT Corporation,0.5743561598419283,0.5262451598419284,0.083367326850883,3.62210209982748,1.82265846046784,10.6897278124749,0.612460523121547,Information Technology,Semiconductors and Semiconductor Equipment,Semiconductors and Semiconductor Equipment,Semiconductor Materials and Equipment,"Special Industry Machinery, not elsewhere classified",4140.0,37835.9568,,LTM,LTM,LTM,LTM
A089790,JT Corporation,0.5743561598419283,0.5262451598419284,0.083367326850883,3.62210209982748,1.82265846046784,10.6897278124749,0.612460523121547,Information Technology,Semiconductors and Semiconductor Equipment,Semiconductors and Semiconductor Equipment,Semiconductor Materials and Equipment,"Special Industry Machinery, not elsewhere classified",4140.0,37835.9568,,LTM,LTM,LTM,LTM
A208140,"JUNGDAWN Co., Ltd.",-0.044667452523880755,0.01199454747611925,0.74538168705885,15.8520727828932,7.72387191080556,12.3677086949776,0.592128366272098,Consumer Staples,"Food, Beverage and Tobacco",Food Products,Packaged Foods and Meats,Sausages and Other Prepared Meat Products,2260.0,73866.37336,,LTM,LTM,LTM,LTM
A079900,"Junjin Construction and Robot Co.,Ltd.",0.1413354594479777,0.2496614594479777,2.2397952020751,15.1870870653266,13.4920996696429,14.6448087431694,2.98210544949765,Industrials,Capital Goods,Machinery,Construction Machinery and Heavy Transportation Equipment,Construction Machinery and Equipment,32150.0,467109.53620000003,,2026E,2026E,2026E,2026E
A417840,"Justem Co., Ltd.",1.6280131103630233,1.5528421103630234,2.51936560191399,8.29797584470498,7.74924559589744,8.65671641791045,4.10464125493495,Information Technology,Semiconductors and Semiconductor Equipment,Semiconductors and Semiconductor Equipment,Semiconductor Materials and Equipment,Semiconductors and Related Devices,11950.0,270646.45605,,2026E,2026E,2026E,2026E
A036930,"JUSUNG ENGINEERING Co.,Ltd.",0.34119282851006333,0.4128748285100633,19.0586984048595,72.0796539672072,73.9791178026815,69.775678866588,13.8058012110308,Information Technology,Semiconductors and Semiconductor Equipment,Semiconductors and Semiconductor Equipment,Semiconductor Materials and Equipment,"Special Industry Machinery, not elsewhere classified",167700.0,7662870.7194,,2026E,2026E,2026E,2026E
A054950,"JVM Co., Ltd.",0.19060291325822737,0.2316519132582274,0.892648302999796,4.22475889205955,3.61481493312102,7.96489485014075,1.18621502209928,Industrials,Capital Goods,Machinery,Industrial Machinery and Supplies and Components,"Special Industry Machinery, not elsewhere classified",23450.0,270542.39205,,2026E,2026E,2026E,2026E
A096760,JW Holdings Corporation,0.056328103518308935,0.21076710351830893,0.922128197216416,5.17507076390553,4.11870250588684,4.08391947185501,1.03601229494184,Health Care,"Pharmaceuticals, Biotechnology and Life Sciences",Pharmaceuticals,Pharmaceuticals,Pharmaceutical Preparations,3970.0,274687.58319,,LTM,LTM,LTM,LTM
A234080,JW Lifescience Corporation,0.06185802883063002,0.11607702883063004,0.811269818582294,6.14504429545547,3.94374908978289,5.9937279922342,0.799893545636576,Health Care,"Pharmaceuticals, Biotechnology and Life Sciences",Pharmaceuticals,Pharmaceuticals,Pharmaceutical Preparations,11070.0,171414.01278,,LTM,LTM,LTM,LTM
A001060,JW Pharmaceutical Corporation,0.16170000978184906,0.1949240097818491,0.777900864470344,6.04588537195482,5.08981029928965,8.84558823319006,1.62131443380261,Health Care,"Pharmaceuticals, Biotechnology and Life Sciences",Pharmaceuticals,Pharmaceuticals,Pharmaceutical Preparations,26350.0,603070.7636,,LTM,LTM,LTM,LTM
A067290,JW Shinyak Corporation,0.3282529983959274,0.46529999839592745,1.62338342322034,17.6468229445237,14.2484942106896,9.37352761332796,2.99890622245796,Health Care,"Pharmaceuticals, Biotechnology and Life Sciences",Pharmaceuticals,Pharmaceuticals,"Orthopedic, Prosthetic, and Surgical Appliances and Supplies",2090.0,116773.93673,,LTM,LTM,LTM,LTM
A035900,JYP Entertainment Corporation,0.18907435381593382,0.3008453538159338,1.13934957862122,6.14155698832649,5.40122101849182,11.6992602172652,2.12317460789122,Communication Services,Media and Entertainment,Entertainment,Movies and Entertainment,Amusement and Recreation Services,38650.0,1280592.73035,,2026E,2026E,2026E,2026E
A279570,"K Bank Co.,Ltd.",,-0.1954466044356554,,,,17.9421221864952,0.935011179795463,Financials,Banks,Banks,Diversified Banks,Commercial Banks,5590.0,2267835.89409,,,,,2026E
A381970,"K Car Co., Ltd.",0.005213075423448687,0.2563640754234487,0.205616766506972,7.20019531617318,4.23881115335458,6.48044766646794,1.3638367462596,Consumer Discretionary,Consumer Discretionary Distribution and Retail,Specialty Retail,Automotive Retail,Automotive Dealers and Gasoline Service Stations,6030.0,294389.71343999996,,LTM,LTM,LTM,LTM
A431190,"K3I.Co.,Ltd.",-0.09915013553950569,-0.12190313553950569,1.00504600905742,,,,0.793958421032657,Information Technology,Software and Services,Software,Application Software,"Computer Programming, Data Processing, And Other Computer Related Services",2875.0,21523.52075,,LTM,,,
A284620,"Kainos Medicine, Inc.",-0.8815069953694418,-1.2161709953694417,31.8598945446345,,,,,Health Care,"Pharmaceuticals, Biotechnology and Life Sciences",Biotechnology,Biotechnology,"Biological Products, Except Diagnostic Substances",1087.0,35557.257016,,LTM,,,
A035720,Kakao Corp.,0.05151702118647167,0.06557502118647167,1.68590929552748,14.0179937961558,7.79662051878715,29.1704016903758,1.48392470925097,Communication Services,Media and Entertainment,Interactive Media and Services,Interactive Media and Services,"Computer Programming, Data Processing, And Other Computer Related Services",34300.0,15110988.6858,,2026E,2026E,2026E,2026E
A293490,Kakao Games Corp.,-0.31342629147704926,-0.34345029147704925,2.66014046390199,,,,0.618917677302626,Communication Services,Media and Entertainment,Entertainment,Interactive Home Entertainment,Prepackaged Software,8650.0,915959.3644,,2026E,,,
A377300,Kakao Pay Corp.,0.33249382081176415,0.33240882081176415,0.899637205500204,7.26209590940129,5.47319860798365,46.24613439674,3.14790087425112,Financials,Financial Services,Financial Services,Transaction and Payment Processing Services,Computer Processing and Data Preparation and Processing Services,41950.0,5674689.135749999,,2026E,2026E,2026E,2026E
A323410,KakaoBank Corp.,,0.042102669252627276,,,,19.068249042795,1.52531631036356,Financials,Banks,Banks,Regional Banks,Commercial Banks,21150.0,10091097.242549999,,,,,LTM
A0082N0,Kanaph Therapeutics Inc.,,,,,,,,Health Care,"Pharmaceuticals, Biotechnology and Life Sciences",Biotechnology,Biotechnology,"Biological Products, Except Diagnostic Substances",13320.0,177163.7256,,,,,
A198440,"Kangdong C&L Co., Ltd.",0.016705437145877522,0.018672437145877522,1.95294593703754,19.1398944008088,8.93981130807518,142.857706866791,0.631980214575659,Materials,Materials,Construction Materials,Construction Materials,"Cement, Hydraulic",1272.0,77505.37171200001,,LTM,LTM,LTM,LTM
A000860,"Kangnam Jevisco Co., Ltd",0.0004307352890395681,0.011187735289039569,0.43632179065851,,11.3752454216439,,0.25175106198716,Materials,Materials,Chemicals,Commodity Chemicals,"Paints, Varnishes, Lacquers, Enamels, and Allied Products",11840.0,153920.0,,LTM,,LTM,
A217730,"Kangstem Biotech Co., Ltd.",,-0.33705733666688126,69.4635506398978,,,,4.07641354544777,Health Care,"Pharmaceuticals, Biotechnology and Life Sciences",Biotechnology,Biotechnology,"Biological Products, Except Diagnostic Substances",2305.0,216794.81344499998,,LTM,,,
A114190,"KANGWON ENERGY Co., Ltd.",-0.06090973345122521,-0.1310697334512252,1.29226719416223,,,,6.85345603163571,Industrials,Capital Goods,Machinery,Industrial Machinery and Supplies and Components,Fabricated Plate Work (Boiler Shops),8260.0,215776.29388,,LTM,,,
A035250,"Kangwon Land, Inc.",0.01636002531035855,0.08463302531035855,,,,10.6040639067833,0.750571798962078,Consumer Discretionary,Consumer Services,"Hotels, Restaurants and Leisure",Casinos and Gaming,Miscellaneous Amusement And Recreation,14250.0,2824261.707,,,,,2026E
A078890,"KAON Group Co., Ltd.",0.09028662753221803,0.11546462753221803,0.359408547509058,11.0218621236111,7.34790808240741,5.99585062240664,0.599563449097841,Information Technology,Technology Hardware and Equipment,Communications Equipment,Communications Equipment,Household Audio and Video Equipment,4160.0,71034.8496,,2026E,2026E,2026E,2026E
A102370,K-Auction.Co.Ltd.,-0.14466296215797692,-0.1800639621579769,13.6618715012998,,,,0.787981383069834,Consumer Discretionary,Consumer Services,Diversified Consumer Services,Specialized Consumer Services,"Business Services, not elsewhere classified",3135.0,81159.78915000001,,LTM,,,
A024120,"KB Autosys Co., Ltd.",0.04543132031128752,0.06143932031128752,0.625717886899125,14.9107981243724,7.11451798946952,6.00953979529939,0.297715899264844,Consumer Discretionary,Automobiles and Components,Automobile Components,Automotive Parts and Equipment,Motor Vehicle Parts and Accessories,3150.0,36225.0,,LTM,LTM,LTM,LTM
A105560,KB Financial Group Inc.,,0.31275861639056035,,,,8.56633119287897,0.99749348552684,Financials,Banks,Banks,Diversified Banks,Commercial Banks,164100.0,57990927.1494,,,,,2026E
A131370,"RSUPPORT Co., Ltd.",-0.001722087543227392,0.013711912456772609,1.29078009753189,48.9369494411026,14.2441765704679,91.0789240108229,0.800811194902439,Information Technology,Software and Services,Software,Application Software,"Computer Programming, Data Processing, And Other Computer Related Services",1421.0,73793.706588,,LTM,LTM,LTM,LTM
A0037T0,KB No. 32 Special Purpose Acquisition Company,,,,,,,,Financials,Financial Services,Capital Markets,Asset Management and Custody Banks,"Unit Investment Trusts, Face-Amount Certificate Offices, and Closed-End Management Investment Offices",1998.0,12647.34,,,,,
A250930,"YeSUN Tech Co.,Ltd.",0.036617830387879136,-0.03756216961212086,1.03146390924977,79.550218944186,11.062280375028,8.82000085913546,0.631670812618466,Materials,Materials,Chemicals,Commodity Chemicals,Adhesives and Sealants,1624.0,10614.584176,,LTM,LTM,LTM,LTM
A258790,"SoftCamp Co., Ltd.",0.10543592728594314,0.29462992728594317,1.45343761482935,16.535110117273,10.9190849702378,7.82053023307836,1.49338628075408,Information Technology,Software and Services,Software,Systems Software,Prepackaged Software,4435.0,21269.06255,,LTM,LTM,LTM,LTM
A192250,"KSIGN Co.,Ltd.",0.024587317741844385,0.038765317741844385,1.80463524237031,21.8649473226455,12.2648329646441,14.2375130477177,0.535125362320067,Information Technology,Software and Services,Software,Systems Software,Prepackaged Software,7260.0,49664.425800000005,,LTM,LTM,LTM,LTM
A380540,OptiCore Inc.,-0.2296512309375589,-0.7929922309375588,7.24849129653731,,,,9.9433506719481,Information Technology,Technology Hardware and Equipment,Communications Equipment,Communications Equipment,Radio and Television Broadcasting and Communications Equipment,4225.0,103329.06317499999,,LTM,,,
A478390,KB No.29 Special Purpose Acquisition Company,,0.03853222247199438,,,,,,Financials,Financial Services,Capital Markets,Asset Management and Custody Banks,Non-operating Establishments,2050.0,12751.0,,,,,
A203690,Ark Solutions Inc,,,,,,,,Health Care,"Pharmaceuticals, Biotechnology and Life Sciences",Biotechnology,Biotechnology,"Biological Products, Except Diagnostic Substances",,,,,,,
A486630,KB No.30 Special Purpose Acquisition Company,,,,,,59.5503054285296,1.01387198276087,Financials,Financial Services,Capital Markets,Asset Management and Custody Banks,Non-operating Establishments,2035.0,10805.849999999999,,,,,LTM
A492220,KB No.31 Special Purpose Acquisition Company,,,,,,63.8971765363591,0.995249321452382,Financials,Financial Services,Capital Markets,Asset Management and Custody Banks,Non-operating Establishments,2010.0,12482.1,,,,,LTM
A0072Z0,KB No.33 Special Purpose Acquisition Company,,,,,,,,Financials,Financial Services,Capital Markets,Asset Management and Custody Banks,Non-operating Establishments,1975.0,15572.875,,,,,
A205500,"NEXUS Co., Ltd.",0.01770315877811772,0.017677158778117708,4.0625315755227,141.987478729992,55.4384743795151,,3.12620567956594,Communication Services,Media and Entertainment,Entertainment,Interactive Home Entertainment,Prepackaged Software,1674.0,136236.16314000002,,LTM,LTM,LTM,
A208350,"Jiransecurity Co.,Ltd",0.017136723402351645,0.009245723402351644,0.521437279778698,10.314864086704,5.90428997839001,14.1045676494967,0.449918359982398,Information Technology,Software and Services,Software,Systems Software,"Computer Programming, Data Processing, And Other Computer Related Services",2810.0,20573.6117,,LTM,LTM,LTM,LTM
A208640,"Thumbage Co., Ltd.",-0.6453335465385575,-0.6796515465385575,1.6451465984921,,,,0.814266933800505,Communication Services,Media and Entertainment,Entertainment,Interactive Home Entertainment,Prepackaged Software,684.0,9524.0331,,LTM,,,
A432320,"KB STAR REIT Co., Ltd.",-0.011501517951988213,-0.08106151795198821,14.7429919993725,,68.6363000588066,,0.738586018517327,Real Estate,Equity Real Estate Investment Trusts (REITs),Office REITs,Office REITs,Real Estate Investment Trusts,1401.0,211220.763285,,LTM,,LTM,
A318000,KBG Corp.,0.017415122891433966,0.025983122891433966,0.348400630812318,2.51640167170254,1.71785192703876,8.70855818300233,0.527549210984765,Materials,Materials,Chemicals,Specialty Chemicals,"Plastics Materials, Synthetic Resins, and Nonvulcanizable Elastomers",2810.0,24445.20441,,LTM,LTM,LTM,LTM
A008970,"Kbi Dong Yang Steel Pipe Co.,Ltd",0.09851960089166154,0.07469560089166154,0.50225496868471,27.6431799644856,12.0123117454629,,0.785982532185246,Materials,Materials,Metals and Mining,Steel,Steel Pipe and Tubes,1038.0,107702.48244600001,,LTM,LTM,LTM,
A001620,"Kbi Dongkook Ind.Co.,Ltd.",0.1266113648832196,0.1692793648832196,0.308409980780926,12.4473499048607,3.75145561505958,1.17094376010695,0.173298314714452,Consumer Discretionary,Automobiles and Components,Automobile Components,Automotive Parts and Equipment,Motor Vehicle Parts and Accessories,2130.0,47410.830780000004,,LTM,LTM,LTM,LTM
A024840,"Kbi Metal Co., Ltd.",0.1941066448518322,0.14831764485183221,0.442697903555314,6.19060282897537,5.69152195032673,12.9861155278891,1.27646556111769,Consumer Discretionary,Automobiles and Components,Automobile Components,Automotive Parts and Equipment,Motor Vehicle Parts and Accessories,5330.0,229663.14409999998,,LTM,LTM,LTM,LTM
A038530,KBIO LABS Inc.,-0.07541826133934229,-0.10170026133934229,0.150602135204414,,22.0442753419558,,0.427101430500007,Consumer Discretionary,Consumer Durables and Apparel,Household Durables,Consumer Electronics,Electronic Components And Accessories,994.0,25691.541274,,LTM,,LTM,
A029460,"KC Co., Ltd.",0.006908563709611043,0.024733563709611044,0.288286924585312,3.77883535320812,2.6003910074052,8.82250717973744,0.4077061422696,Information Technology,Semiconductors and Semiconductor Equipment,Semiconductors and Semiconductor Equipment,Semiconductor Materials and Equipment,"Special Industry Machinery, not elsewhere classified",34400.0,318806.6784,,LTM,LTM,LTM,LTM
A119650,"KC Cottrell Co., Ltd.",-0.12455529020097836,-0.33633129020097835,0.809727486093041,,,28.5849319046514,1.70522960446664,Industrials,Capital Goods,Machinery,Industrial Machinery and Supplies and Components,Industrial and Commercial Fans and Blowers and Air Purification Equipment,918.0,29474.376551999998,,LTM,,,LTM
A025880,"KC Feed Co., Ltd.",0.10696308770716793,0.15731008770716792,0.288961333655657,3.08091699865847,2.25763894989277,3.5766306235382,0.472641544461003,Consumer Staples,"Food, Beverage and Tobacco",Food Products,Agricultural Products and Services,Grain Mill Products,2370.0,37410.77232,,LTM,LTM,LTM,LTM
A009440,"KC Green Holdings Co., Ltd.",-0.3496060617700246,-0.4036480617700246,0.940963819651851,,,,0.164730263867551,Industrials,Capital Goods,Machinery,Industrial Machinery and Supplies and Components,Industrial and Commercial Fans and Blowers and Air Purification Equipment,756.0,17334.430596000002,,LTM,,,
A002380,KCC Corporation,0.20031512881804078,0.30834712881804077,1.06956272159506,16.3225591657456,7.8348283995579,3.049336921847,0.430822769695532,Materials,Materials,Chemicals,Diversified Chemicals,Chemicals and Allied Products,489000.0,3452631.444,,2026E,2026E,2026E,2026E
A021320,"KCC Engineering & Construction Co., Ltd.",0.04775300017979462,0.06981000017979462,,,,4.10654967640962,0.330079550301861,Industrials,Capital Goods,Construction and Engineering,Construction and Engineering,Heavy Construction Other Than Building Construction Contractors,5520.0,118127.99999999999,,,,,LTM
A344820,KCC GLASS Corporation,-0.042982374329956406,-0.04888037432995641,0.376046555865933,,14.4964788120323,,0.28836472025067,Industrials,Capital Goods,Building Products,Building Products,"Glass Products, Made of Purchased Glass",24000.0,382639.992,,LTM,,LTM,
A009070,KCTC Co. Ltd,0.07741480105767344,0.11723480105767344,0.385929765582255,7.49142724360119,3.7157306786768,4.77412004141482,0.371680719769571,Industrials,Transportation,Air Freight and Logistics,Air Freight and Logistics,Arrangement of Transportation of Freight and Cargo,3870.0,116100.0,,LTM,LTM,LTM,LTM
A281820,"KCTech Co., Ltd.",0.8508481587461966,0.8105871587461966,2.25574531347297,11.3248985186018,9.59812167520207,15.4485286045855,2.3288096640115,Information Technology,Semiconductors and Semiconductor Equipment,Semiconductors and Semiconductor Equipment,Semiconductor Materials and Equipment,"Special Industry Machinery, not elsewhere classified",63500.0,1257214.9734999998,,LTM,LTM,LTM,LTM
A221980,"KD Chem Co., Ltd.",0.027431472056352768,0.05380447205635277,0.228620348605011,2.35317884504303,2.096062850544,12.3502525345659,0.347764414570444,Materials,Materials,Chemicals,Commodity Chemicals,"Plastics Materials, Synthetic Resins, and Nonvulcanizable Elastomers",9270.0,34715.04687,,LTM,LTM,LTM,LTM
A044180,KD Corporation,1.1254114382894025,0.3123514382894025,1.57501908022795,69.9914274278349,43.991451433302,,0.274834955676703,Real Estate,Real Estate Management and Development,Real Estate Management and Development,Real Estate Development,"Special Industry Machinery, not elsewhere classified",205.0,5477.148795,,LTM,LTM,LTM,
A092220,Kec Corporation,-0.07196990028570999,-0.07566190028571,0.37478230097957,,,,0.312567705366631,Information Technology,Semiconductors and Semiconductor Equipment,Semiconductors and Semiconductor Equipment,Semiconductors,Semiconductors and Related Devices,2410.0,96767.83348,,LTM,,,
A006200,"KEC Holdings Co., Ltd.",-0.00020939813168081856,-0.04261039813168081,0.749898388121085,,49.6292718560865,,0.118398215293619,Information Technology,Semiconductors and Semiconductor Equipment,Semiconductors and Semiconductor Equipment,Semiconductors,Semiconductors and Related Devices,1910.0,17571.55879,,LTM,,LTM,
A256940,Keeps Biopharma Inc.,0.0951913268132816,-0.0328626731867184,1.03607784702083,,52.0186322660222,,1.70231626147202,Information Technology,Semiconductors and Semiconductor Equipment,Semiconductors and Semiconductor Equipment,Semiconductor Materials and Equipment,"Special Industry Machinery, not elsewhere classified",5320.0,106815.74204000001,,LTM,,LTM,
A106080,KEM Tech Corp.,-0.6484341638535375,-0.7039161638535374,4.47409978915326,,,,0.714745426476894,Information Technology,Technology Hardware and Equipment,"Electronic Equipment, Instruments and Components",Electronic Components,Semiconductors and Related Devices,330.0,950.59932,,LTM,,,
A274090,Kencoa Aerospace Corporation,0.08163120078446799,0.07148720078446798,1.88962448543776,,,,0.870616497334245,Industrials,Capital Goods,Aerospace and Defense,Aerospace and Defense,"Aircraft Parts and Auxiliary Equipment, Not Elsewhere Classified",9960.0,137191.10172,,LTM,,,
A053080,"K-Ensol Co., Ltd.",-0.2622474267670154,-0.38210942676701537,0.409541805211808,,,,0.998248478082292,Industrials,Capital Goods,Construction and Engineering,Construction and Engineering,General Building Contractors-nonresidential,9140.0,118440.65344000001,,LTM,,,
A052690,"KEPCO Engineering & Construction Company, Inc.",0.12496277234240268,0.2744027723424027,6.48079185430697,75.0244111345956,50.6437176677101,106.763349984808,6.08958621963491,Industrials,Capital Goods,Construction and Engineering,Construction and Engineering,Engineering Services,91400.0,3477176.3570000003,,LTM,LTM,LTM,LTM
A051600,"KEPCO Plant Service & Engineering Co.,Ltd.",0.05936259913423634,0.12772659913423634,1.01744286023109,9.37384752958802,7.1848360121761,13.6853138826144,1.54454227444409,Industrials,Commercial and Professional Services,Commercial Services and Supplies,Diversified Support Services,Facilities Support Management Services,43500.0,1957500.0,,2026E,2026E,2026E,2026E
A079190,"KESPION Co., Ltd.",-0.0897234956864923,-0.3177774956864923,0.22043806002588,,,,0.821907136680887,Information Technology,Technology Hardware and Equipment,Communications Equipment,Communications Equipment,Radio and Television Broadcasting and Communications Equipment,1266.0,12104.752655999999,,LTM,,,
A053260,"Keum Kang Steel Co., Ltd.",-0.040797636037123525,-0.028377636037123528,0.0975899064894341,,,165.134001806457,0.715948761867432,Materials,Materials,Metals and Mining,Steel,Steel Pipe and Tubes,5450.0,85654.489,,LTM,,,LTM
A012200,"Keyang Electric Machinery Co., Ltd.",-0.28081556857488144,-0.9531515685748814,0.545725968584875,,,,5.21157932518833,Consumer Discretionary,Consumer Durables and Apparel,Household Durables,Household Appliances,Metalworking Machinery And Equipment,4020.0,113775.01284,,LTM,,,
A054780,"KEYEAST.Co.,Ltd.",0.015698998427387405,-0.005420001572612596,,,,,0.374092460324157,Communication Services,Media and Entertainment,Entertainment,Movies and Entertainment,Motion Picture and Video Tape Production,1268.0,24915.26802,,,,,
A001390,KG Chemical Corporation,0.036308813314799473,0.09313581331479948,0.485519762168776,17.9456652230018,9.20181072848561,3.95408300992264,0.284627684630949,Materials,Materials,Metals and Mining,Steel,"Steel Works, Blast Furnaces, And Rolling And Finishing Mills",4210.0,283051.0563,,LTM,LTM,LTM,LTM
A016380,"KG Dongbu Steel Co.,Ltd.",0.07061417728766956,0.10000017728766956,0.296837414927818,8.24890286135693,5.7913155295858,4.10721026802567,0.254607280967646,Materials,Materials,Metals and Mining,Steel,"Steel Works, Blast Furnaces (Including Coke Ovens), and Rolling Mills",5260.0,509352.43138,,2026E,2026E,2026E,2026E
A151860,"KG Eco Solution Co.,Ltd.",0.04586504241788637,0.08971904241788636,0.381741314454301,20.3475386146395,8.28711428264892,2.57733923733458,0.159325242253218,Materials,Materials,Metals and Mining,Steel,"Steel Works, Blast Furnaces, And Rolling And Finishing Mills",5360.0,224884.69064000002,,LTM,LTM,LTM,LTM
A046440,"KG Financial Co., Ltd.",0.041401157355989905,0.07312815735598992,0.5078279648156,3.40331298011364,3.37554059329949,6.58022690437601,0.409686488277609,Financials,Financial Services,Financial Services,Transaction and Payment Processing Services,Computer Processing and Data Preparation and Processing Services,3985.0,143660.78821,,2026E,2026E,LTM,2026E
A003620,KG Mobility Corp.,0.08902968514326448,0.08429168514326449,0.210345160613178,26.2728248536927,4.55950188795328,7.88842842619976,0.365524467406975,Consumer Discretionary,Automobiles and Components,Automobiles,Automobile Manufacturers,Motor Vehicles and Passenger Car Bodies,2680.0,542364.76416,,LTM,LTM,LTM,LTM
A455180,"KGA CO., LTD",,,,,,,,Information Technology,Semiconductors and Semiconductor Equipment,Semiconductors and Semiconductor Equipment,Semiconductor Materials and Equipment,Non-operating Establishments,1277.0,18770.694512000002,,,,,
A035600,"Kginicis Co.,Ltd",0.11793151510365857,0.17047451510365857,0.511871419529436,7.33123486262042,5.51037059188993,4.76884104618246,0.518829095203593,Financials,Financial Services,Financial Services,Transaction and Payment Processing Services,Computer Processing and Data Preparation and Processing Services,9970.0,265386.32536,,2026E,2026E,2026E,2026E
A060720,"KHVATEC Co.,Ltd.",0.053610457673211265,0.10714145767321127,0.592592784462097,8.14923760473692,4.33084090016694,11.0710498409332,0.83274622271859,Information Technology,Technology Hardware and Equipment,"Electronic Equipment, Instruments and Components",Electronic Components,"Electronic and Other Electrical Equipment and Components, except Computer Equipment",10030.0,221035.54325999998,,2026E,2026E,2026E,2026E
A000270,Kia Corporation,0.17020331866708555,0.22733431866708553,0.238365273783878,2.9228143174845,2.2152387621173,5.97901703785073,0.826552299336133,Consumer Discretionary,Automobiles and Components,Automobiles,Automobile Manufacturers,Motor Vehicles and Passenger Car Bodies,131600.0,51140118.61,,2026E,2026E,2026E,2026E
A020120,"KidariStudio, Inc.",0.09148269572878276,0.07876169572878276,0.517673890523441,8.67647224354391,4.92653712537695,13.4871298717159,0.7094693843933,Communication Services,Media and Entertainment,Interactive Media and Services,Interactive Media and Services,"Computer Programming, Data Processing, And Other Computer Related Services",3995.0,148067.45204,,LTM,LTM,LTM,LTM
A139670,KineMaster Corporation,0.13494431572288257,0.11710031572288257,,,,6.41086964587125,0.965745777136035,Information Technology,Software and Services,Software,Application Software,Prepackaged Software,1845.0,26049.20445,,,,,LTM
A093320,"KINX, Inc.",0.07887181171421358,0.10155181171421358,4.61567256023087,26.3135257972418,13.8051977774165,32.6388616488427,3.35071374431626,Communication Services,Telecommunication Services,Diversified Telecommunication Services,Alternative Carriers,"Communications Services, Not Elsewhere Classified",146600.0,713144.0562,,LTM,LTM,LTM,LTM
A035460,"Kisan Telecom Co., Ltd",0.06094539538226253,0.09291639538226253,0.47407419568195,4.36243707405125,3.80229446051678,5.43419174595612,0.598846443813599,Information Technology,Technology Hardware and Equipment,Communications Equipment,Communications Equipment,Telephone and Telegraph Apparatus,2265.0,33794.5701,,LTM,LTM,LTM,LTM
A104700,KISCO Corp.,0.011599904693420843,0.07377790469342085,,,,,0.413435563458712,Materials,Materials,Metals and Mining,Steel,"Steel Works, Blast Furnaces, And Rolling And Finishing Mills",9610.0,350284.5,,,,,
A001940,KISCO Holdings Corp.,0.050252454658842975,0.08507845465884298,,,,28.2921810699588,0.294767196848251,Materials,Materials,Metals and Mining,Steel,"Steel Works, Blast Furnaces (Including Coke Ovens), and Rolling Mills",26800.0,322902.5068,,,,,2026E
A092440,Kishin Corporation,-0.057031386499371214,-0.04651038649937121,0.109018201677451,,12.5326814519603,,0.24888097505955,Industrials,Capital Goods,Machinery,Industrial Machinery and Supplies and Components,Fabricated Structural Metal Products,1971.0,57553.2,,LTM,,LTM,
A475430,"KISTRON Co., Ltd.",0.0023589989273463674,0.03480999892734637,,,,8.13059033989266,0.380505047824336,Industrials,Capital Goods,Electrical Equipment,Electrical Components and Equipment,Miscellaneous Fabricated Metal Products,4350.0,77639.27849999999,,,,,2026E
A002240,Kiswire Ltd.,0.0015815092359174106,-0.003147490764082589,0.316005141748882,12.6770593183322,4.50461068962744,18.2276648252899,0.242470182328079,Materials,Materials,Metals and Mining,Steel,"Steel Works, Blast Furnaces, And Rolling And Finishing Mills",16410.0,442805.96310000005,,LTM,LTM,LTM,LTM
A466690,Kiwoom Hero No.1 Special Purpose Acquisition Company,,,,,,,,Financials,Financial Services,Financial Services,Diversified Financial Services,"Unit Investment Trusts, Face-Amount Certificate Offices, and Closed-End Management Investment Offices",2015.0,10266.425,,,,,
A0131D0,Kiwoom Hero No.2 Special Purpose Acquisition Company Inc.,,,,,,,,Financials,Financial Services,Capital Markets,Asset Management and Custody Banks,Non-operating Establishments,1962.0,12380.22,,,,,
A184230,"SGA Solutions Co.,Ltd.",0.5038753634362703,0.6201853634362703,0.971228528971885,3.75646951137723,3.33705158160382,2.18002175974768,1.04543171437706,Information Technology,Software and Services,Software,Systems Software,Prepackaged Software,1845.0,34757.11737,,LTM,LTM,LTM,LTM
A487720,Kiwoom No.10 Special Purpose Acquisition Company,,,,,,76.4539279523984,1.01945859543059,Financials,Financial Services,Capital Markets,Asset Management and Custody Banks,Non-operating Establishments,2022.0,8553.060000000001,,,,,LTM
A489480,Kiwoom No.11 Special Purpose Acquisition Company,,,,,,62.7095518447976,1.13413028154227,Financials,Financial Services,Capital Markets,Asset Management and Custody Banks,Non-operating Establishments,2030.0,13398.0,,,,,LTM
A039490,"Kiwoom Securities Co., Ltd.",,-0.5731574481660013,,,,3.95588829596968,1.04445507245119,Financials,Financial Services,Capital Markets,Investment Banking and Brokerage,"Security Brokers, Dealers, and Flotation Companies",266500.0,6989846.214,,,,,2026E
A004540,"KleanNara Co., Ltd.",-0.060180015656658745,-0.24945301565665873,0.737001301398487,,35.781837084285,,0.252884761542257,Consumer Staples,Household and Personal Products,Household Products,Household Products,Paper Mills,1179.0,43905.071034,,LTM,,LTM,
A039420,KL-Net Corp.,0.0970991277205768,0.1572531277205768,0.326551497904455,1.49114578593614,1.22353244895448,6.15540808204624,0.825760360024395,Information Technology,Software and Services,Software,Application Software,Computer Integrated Systems Design,2635.0,53349.677695,,LTM,LTM,LTM,LTM
A083550,KM Corporation,0.05078080691758531,0.05140680691758531,0.358029919982495,221.053055776159,8.91269784949157,7.2780180553751,0.311141406823544,Health Care,Health Care Equipment and Services,Health Care Equipment and Supplies,Health Care Supplies,"Orthopedic, Prosthetic, and Surgical Appliances and Supplies",3140.0,39779.347480000004,,LTM,LTM,LTM,LTM
A225430,"KMPHARMACEUTICAL Co.,Ltd.",-0.06296095408746762,-0.10599795408746762,1.62039862469191,,,,1.71801679598687,Consumer Staples,Household and Personal Products,Personal Care Products,Personal Care Products,"Perfumes, Cosmetics, and Other Toilet Preparations",1519.0,8472.085790000001,,LTM,,,
A032500,Kmw Inc.,-0.19124595343966494,-0.25405295343966494,7.28545619737563,,,,4.35501562282902,Information Technology,Technology Hardware and Equipment,Communications Equipment,Communications Equipment,Radio and Television Broadcasting and Communications Equipment,14960.0,631187.84696,,LTM,,,
A272110,"KNJ Co., Ltd.",-0.8629131643434413,-0.6911181643434414,2.44455935931252,10.0105508663617,7.99842504870373,7.48379493223335,1.91753010010356,Information Technology,Semiconductors and Semiconductor Equipment,Semiconductors and Semiconductor Equipment,Semiconductor Materials and Equipment,"Special Industry Machinery, not elsewhere classified",24500.0,191479.7255,,LTM,LTM,LTM,2026E
A473980,Knowmerce Corp,0.5174990873948531,0.5337580873948531,1.09236716069032,5.93405702395833,10.2587886276616,7.39382239382239,1.17374070219426,Communication Services,Media and Entertainment,Entertainment,Movies and Entertainment,Services Allied to Motion Picture Production,11290.0,122866.27008,,2026E,2026E,LTM,2026E
A199430,KNR System Inc.,-0.22021600125681431,-0.33152000125681436,10.3437636125171,,,,6.71404070075311,Industrials,Capital Goods,Machinery,Industrial Machinery and Supplies and Components,"General Industrial Machinery and Equipment, Not Elsewhere",12900.0,144441.8547,,LTM,,,
A432470,"Kns Co., Ltd",0.0571915067679873,0.0737595067679873,1.55365500118736,,163.194585713226,,1.34604010953195,Industrials,Capital Goods,Machinery,Industrial Machinery and Supplies and Components,"Electronic and Other Electrical Equipment and Components, except Computer Equipment",10060.0,88241.85336000001,,LTM,,LTM,
A105330,"KNW Co., Ltd.",-0.06378454288141332,-0.08270754288141333,2.68467382714806,,61.2057140849077,,0.869857920226441,Materials,Materials,Chemicals,Commodity Chemicals,Miscellaneous Plastics Products,6620.0,105062.06786,,LTM,,LTM,
A071950,"KOAS Co., Ltd.",-0.4509742636918427,-1.5972782636918428,0.690964832840862,,129.886910000801,,0.663462679993407,Industrials,Commercial and Professional Services,Commercial Services and Supplies,Office Services and Supplies,Office Furniture,1660.0,24000.034320000002,,LTM,,LTM,
A043090,"The Technology Co.,Ltd.",,,,,,,,Health Care,"Pharmaceuticals, Biotechnology and Life Sciences",Life Sciences Tools and Services,Life Sciences Tools and Services,"Biological Products, Except Diagnostic Substances",103.0,,,,,,
A348150,"KoBioLabs, Inc",0.012037273858605493,-0.044831726141394496,0.608594086980428,,,,2.10574330146858,Health Care,"Pharmaceuticals, Biotechnology and Life Sciences",Biotechnology,Biotechnology,"Biological Products, Except Diagnostic Substances",2950.0,57285.72255,,LTM,,,
A015710,"Kocom Co., Ltd.",0.03173700403779721,-0.021609995962202793,,,,12.395962929382,0.399974891616445,Information Technology,Technology Hardware and Equipment,Communications Equipment,Communications Equipment,"Communications Equipment, not elsewhere classified",2900.0,48134.01730000001,,,,,LTM
A046070,"KODACO Co., Ltd",-0.04579342330785193,-0.570989423307852,1.06090321420043,,12.4272024134019,,14.1940499357308,Consumer Discretionary,Automobiles and Components,Automobile Components,Automotive Parts and Equipment,Motor Vehicle Parts and Accessories,10280.0,10631.308719999999,,LTM,,LTM,
A080530,"KODI CO., LTD",0.02226159527310713,0.06434059527310713,0.135811957458806,3.59427539812648,1.44872548246302,7.36223980601094,2.43084510787927,Consumer Staples,Household and Personal Products,Personal Care Products,Personal Care Products,"Perfumes, Cosmetics, and Other Toilet Preparations",2400.0,26574.412800000002,,LTM,LTM,LTM,LTM
A098460,Koh Young Technology Inc.,0.4825043180168033,0.4755153180168033,5.45533071619892,34.1574313578872,27.5928935716397,36.6980115961789,5.75251456129009,Information Technology,Semiconductors and Semiconductor Equipment,Semiconductors and Semiconductor Equipment,Semiconductor Materials and Equipment,"Special Industry Machinery, not elsewhere classified",28300.0,1859627.1864,,2026E,2026E,2026E,2026E
A200130,"KOLMAR BNH Co.,Ltd.",-0.022084746392634975,-0.06003074639263497,0.517077574325323,5.9246463923116,4.30047341351098,,0.710912369252454,Consumer Staples,Household and Personal Products,Personal Care Products,Personal Care Products,"Perfumes, Cosmetics, and Other Toilet Preparations",9230.0,261162.13006,,LTM,LTM,LTM,
A024720,"Kolmar Holdings Co.,Ltd.",0.03070527397246256,0.012970273972462558,1.15594606824193,9.00198034332894,7.05285305791331,6.9485045449472,0.554994395515428,Consumer Staples,Household and Personal Products,Personal Care Products,Personal Care Products,"Perfumes, Cosmetics, and Other Toilet Preparations",10010.0,343305.55259,,LTM,LTM,LTM,LTM
A161890,"Kolmar Korea Co., Ltd.",0.2220884243136253,0.2814524243136253,1.56027109758512,14.2610628830201,10.779002804543,17.126899772771,3.47390746124371,Consumer Staples,Household and Personal Products,Personal Care Products,Personal Care Products,"Soap, Detergents, And Cleaning Preparations; Perfumes, Cosmetics, and Other Toilet Preparations",137100.0,3236256.0567,,2026E,2026E,2026E,2026E
A002020,Kolon Corporation,0.047192942419284456,-0.05040805758071555,0.499495371645097,10.1482174414015,24.48503353694,4.70204841713222,0.163594302389727,Industrials,Capital Goods,Industrial Conglomerates,Industrial Conglomerates,Conglomerates,24000.0,335617.68,,2026E,2026E,LTM,2026E
A003070,Kolon Global Corporation,0.026380827922996494,-0.1863871720770035,0.29397408449322,7.37649946955075,5.27770973952381,4.98250874562719,0.357440498252924,Industrials,Capital Goods,Construction and Engineering,Construction and Engineering,Heavy Construction Other Than Building Construction Contractors,9740.0,251526.33466,,2026E,2026E,2026E,2026E
A120110,"Kolon Industries, Inc.",0.11625695483375972,0.11561295483375972,0.747172757509144,13.7470831543836,7.30044244990452,6.95064405050376,0.383024140538299,Materials,Materials,Chemicals,Commodity Chemicals,"Plastics Materials And Synthetic Resins, Synthetic Rubber, Cellulosic And Other Manmade Fibers, Except Glass",49850.0,1630440.5602000002,,2026E,2026E,2026E,2026E
A102940,Kolon Life Science Inc.,0.0762620242213781,0.0911570242213781,1.44584608209536,15.1420949772881,10.1504393288258,6.34096776271124,0.264439418982523,Health Care,"Pharmaceuticals, Biotechnology and Life Sciences",Pharmaceuticals,Pharmaceuticals,Medicinal Chemicals and Botanical Products,15190.0,198846.25957,,LTM,LTM,LTM,LTM
A049430,Komelon Corporation,0.08947609758797734,0.10001309758797733,0.850628057142857,3.38391926557377,2.8669316,7.93401413982718,0.717318594755778,Industrials,Capital Goods,Machinery,Industrial Machinery and Supplies and Components,"Measuring and Controlling Devices, not elsewhere classified",19760.0,177531.1512,,2026E,2026E,2026E,2026E
A183300,KoMiCo Ltd.,0.22915269293651325,0.39903569293651325,2.35724028690278,13.2594766138281,8.44384580383085,45.1127818301836,3.92426638774605,Information Technology,Semiconductors and Semiconductor Equipment,Semiconductors and Semiconductor Equipment,Semiconductor Materials and Equipment,Semiconductors and Related Devices,27750.0,559696.743,,2026E,2026E,2026E,2026E
A041960,"Komipharm International Co., Ltd.",-0.012390921625800556,-0.10616192162580056,13.6004517648496,,164.670338979372,,9.33646494215839,Health Care,"Pharmaceuticals, Biotechnology and Life Sciences",Pharmaceuticals,Pharmaceuticals,"Biological Products, Except Diagnostic Substances",9270.0,670609.2090599999,,LTM,,LTM,
A052400,"Kona I Co.,Ltd.",0.38935196331281147,0.4387279633128115,0.9696964786228,3.17397543890667,2.81752775598867,6.0749697281221,2.06291507227486,Information Technology,Technology Hardware and Equipment,"Technology Hardware, Storage and Peripherals","Technology Hardware, Storage and Peripherals",Semiconductors and Related Devices,39350.0,566074.5405,,LTM,LTM,LTM,LTM
A402030,Konan Technology Inc.,-0.4474311561282665,-0.39941615612826653,4.41520064638406,,,,6.8866404657557,Information Technology,Software and Services,Software,Application Software,Prepackaged Software,13220.0,165481.19136,,LTM,,,
A043650,"Kook Soon Dang.Co.,Ltd.",0.02353016246355645,0.03022316246355645,,,,9.67378661884388,0.236791449524283,Consumer Staples,"Food, Beverage and Tobacco",Beverages,Distillers and Vintners,"Wines, Brandy, and Brandy Spirits",3545.0,55799.95197,,,,,LTM
A307750,"Kookjeon Pharmaceutical Co., Ltd.",0.015143009158428498,-0.022901990841571497,0.94550150597911,54.192684964037,16.640568419302,,1.05260428821569,Health Care,"Pharmaceuticals, Biotechnology and Life Sciences",Pharmaceuticals,Pharmaceuticals,Medicinal Chemicals and Botanical Products,2080.0,112291.47904,,LTM,LTM,LTM,
A357120,Koramco Life Infra Reit,-0.016914993045079207,0.02577600695492079,14.2955336803896,21.5834528115686,7.86254352421429,21.3480392156863,0.876669066255174,Real Estate,Equity Real Estate Investment Trusts (REITs),Specialized REITs,Other Specialized REITs,Real Estate Investment Trusts,4290.0,417568.66865999997,,2026E,2026E,2026E,2026E
A417310,Koramco The One REIT,,,,,,44.344262295082,,Real Estate,Equity Real Estate Investment Trusts (REITs),Office REITs,Office REITs,Real Estate Investment Trusts,10860.0,438744.0,,,,,2026E
A126730,KORCHIP Inc.,0.3989137957605791,0.38855379576057913,2.64467506385962,23.7638879916814,16.2801045064365,22.7913389023201,2.62352677146651,Information Technology,Technology Hardware and Equipment,"Electronic Equipment, Instruments and Components",Electronic Components,Semiconductors and Related Devices,19040.0,156455.50704,,LTM,LTM,LTM,LTM
A062970,"KOREA ADVANCED MATERIALS Co., Ltd.",-0.11389014631290084,-1.334902146312901,11.4661014185945,,,,3.6413158698096,Information Technology,Technology Hardware and Equipment,Communications Equipment,Communications Equipment,"Communications Equipment, not elsewhere classified",2275.0,64938.298425,,LTM,,,
A047810,"Korea Aerospace Industries, Ltd.",0.4822628941881249,0.5559888941881249,2.97897701949567,47.4898719242624,33.9190729757159,58.8982377586047,7.04477584876819,Industrials,Capital Goods,Aerospace and Defense,Aerospace and Defense,Aircraft And Parts,130900.0,12759491.506299999,,2026E,2026E,2026E,2026E
A005430,"Korea Airport Service Co.,Ltd.",0.12971948594045768,0.1364074859404577,0.29961159686215,3.94002445555267,2.54785871721447,5.50338840614288,0.593251055357747,Industrials,Transportation,Transportation Infrastructure,Airport Services,"Airports, Flying Fields, and Airport Terminal Services",79200.0,242210.3112,,LTM,LTM,LTM,LTM
A017890,"Korea Alcohol Industrial Co., Ltd.",0.11225119329222889,0.12046419329222889,0.617207090516356,4.48671191850187,3.52662527640138,6.85486069985902,0.481632974135846,Materials,Materials,Chemicals,Commodity Chemicals,Industrial Organic Chemicals,13240.0,268088.00836000004,,LTM,LTM,LTM,LTM
A260660,"Korea Arlico Pharm Co.,Ltd.",-0.04128628443739638,-0.017908284437396383,0.31096379401444,,22.99808832257,,0.488624114553204,Health Care,"Pharmaceuticals, Biotechnology and Life Sciences",Pharmaceuticals,Pharmaceuticals,Pharmaceutical Preparations,2335.0,35788.594035,,LTM,,LTM,
A123890,"Korea Asset In Trust Co., Ltd",,0.6048205996849373,,,,3.5049365303244,0.282293159737861,Real Estate,Equity Real Estate Investment Trusts (REITs),Diversified REITs,Diversified REITs,Real Estate Investment Trusts,2500.0,305917.6375,,,,,2026E
A190650,"Korea Asset Investment Securities Co., Ltd.",,0.08282141619007735,,,,7.48366609808669,0.439379376686712,Financials,Financial Services,Capital Markets,Investment Banking and Brokerage,"Security Brokers, Dealers, and Flotation Companies",6750.0,43119.0,,,,,LTM
A039340,"Korea Business News Co., Ltd.",0.25482099020817484,0.2538049902081748,0.57371165328929,16.9413017878009,7.10190362773766,14.65356873928,0.545355779051558,Communication Services,Media and Entertainment,Media,Broadcasting,Diversified Multi-Media,4855.0,77209.14267999999,,LTM,LTM,LTM,LTM
A066790,"Korea Cable T.V Chung-Buk System Co., Ltd.",-0.35098200858189144,-0.2969220085818914,3.82964222093992,,,,5.82823928600823,Communication Services,Media and Entertainment,Media,Cable and Satellite,Cable and Other Pay Television Services,2203.667998,90304.34668251777,,LTM,,,
A000970,"Korea Cast Iron Pipe Ind. Co., Ltd.",0.029486189820789085,0.05392418982078909,0.0892785321037493,2.42852659858966,1.64976057448563,8.55167187433589,0.403137477502223,Industrials,Capital Goods,Building Products,Building Products,Steel Pipe and Tubes,6660.0,143263.0602,,LTM,LTM,LTM,LTM
A007810,"Korea Circuit Co., Ltd.",0.3137676284918646,0.3088216284918646,1.09172897316681,13.8931075875853,8.89401559973799,15.1072961373391,3.46004211568656,Information Technology,Technology Hardware and Equipment,"Electronic Equipment, Instruments and Components",Electronic Components,Printed Circuit Boards,55500.0,1539070.9995,,2026E,2026E,2026E,2026E
A115500,Korea Computer & Systems Inc.,0.07173971671139209,0.17522171671139208,3.804801974535,47.6483223725635,41.5760660434951,40.9163781160334,6.04071109049454,Information Technology,Software and Services,IT Services,IT Consulting and Other Services,"Computer Programming, Data Processing, And Other Computer Related Services",8610.0,100932.7914,,LTM,LTM,LTM,LTM
A054040,Korea Computer Inc.,0.13906742589714655,0.16685542589714655,0.257378220922835,4.1364381798227,3.13082383355733,2.38978177330694,0.352873473638193,Information Technology,Technology Hardware and Equipment,"Electronic Equipment, Instruments and Components",Electronic Components,"Electronic Components, not elsewhere classified",4485.0,59191.60377,,LTM,LTM,LTM,LTM
A089150,Korea Computer Terminal Inc.,0.05712963982867521,0.09837863982867522,1.79453579192586,10.3999591695638,9.34291285236235,11.4097078239827,0.91876620325453,Information Technology,Technology Hardware and Equipment,"Technology Hardware, Storage and Peripherals","Technology Hardware, Storage and Peripherals",Computer Integrated Systems Design,1778.0,30492.699999999997,,LTM,LTM,LTM,LTM
A049720,"Korea Credit Information CO., LTD",0.08003833187373606,0.23545433187373604,0.72614843715613,7.60904992388304,5.43548301301846,9.83052636235174,2.13365374546435,Industrials,Commercial and Professional Services,Commercial Services and Supplies,Diversified Support Services,Credit Reporting Services,9140.0,127384.32624,,LTM,LTM,LTM,LTM
A071320,Korea District Heating Corp.,0.026793540331905404,0.1335165403319054,1.16370460462046,9.45120090226804,5.28091294654378,2.59015810978859,0.446411355616305,Utilities,Utilities,Electric Utilities,Electric Utilities,Steam and Air-Conditioning Supply,72100.0,834827.4424,,2026E,2026E,2026E,2026E
A015760,Korea Electric Power Corporation,,0.19815870358444157,1.51785610466497,16.5492746002676,6.44649946175562,4.26707936927978,,Utilities,Utilities,Electric Utilities,Electric Utilities,Electric Services,31300.0,20093475.610099997,,2026E,2026E,2026E,2026E
A130660,"Korea Electric Power Industrial Development Co., Ltd",-0.018423480237547002,0.080130519762453,0.929918733854146,71.659370146244,34.8155922649731,103.004818580024,3.85430452532439,Utilities,Utilities,Electric Utilities,Electric Utilities,Electric Services,10810.0,352406.0,,LTM,LTM,LTM,LTM
A025540,"Korea Electric Terminal Co., Ltd.",0.07926107754282115,0.10356807754282114,0.229927652878934,2.3699483427762,1.52176764893133,4.70568392646315,0.475712801862913,Industrials,Capital Goods,Electrical Equipment,Electrical Components and Equipment,"Electronic and Other Electrical Equipment and Components, except Computer Equipment",54500.0,551267.5,,2026E,2026E,2026E,2026E
A041460,"Korea Electronic Certification Authority, Inc.",0.10491290582357636,0.11508190582357636,1.10879793318942,5.91006516164144,5.11534252213761,11.4850249766503,0.948946835176913,Industrials,Commercial and Professional Services,Professional Services,Research and Consulting Services,"Business Services, not elsewhere classified",3370.0,61893.86821000001,,LTM,LTM,LTM,LTM
A023350,Korea Engineering Consultants Corp.,0.09501947212105416,0.08218647212105416,0.0216503893075691,0.750177698063539,0.600998538658882,2.88391061664593,0.234145178935578,Industrials,Capital Goods,Construction and Engineering,Construction and Engineering,Engineering Services,3900.0,40575.2685,,LTM,LTM,LTM,LTM
A002200,"Korea Export Packaging Industrial Co.,Ltd",-0.048656611869469076,-0.019822611869469077,0.059790341906054,,,,0.320526286157415,Materials,Materials,Containers and Packaging,Paper and Plastic Packaging Products and Materials,Paperboard Containers And Boxes,2550.0,85424.84955,,LTM,,,
A123410,Korea Fuel-Tech Corporation,0.12161894772282783,0.20083194772282784,0.238197330217279,4.04156908068974,2.64420869292032,3.69111801472995,0.567908330945926,Consumer Discretionary,Automobiles and Components,Automobile Components,Automotive Parts and Equipment,Motor Vehicle Parts and Accessories,5350.0,148949.66565,,LTM,LTM,LTM,LTM
A036460,Korea Gas Corporation,-0.00894263950046551,-0.006902639500465508,1.02787830902795,15.280723001908,8.33388992316413,2.8089019395719,0.279050790747666,Utilities,Utilities,Gas Utilities,Gas Utilities,Natural Gas Transmission and Distribution,35700.0,3115732.9938000003,,2026E,2026E,2026E,2026E
A002140,"Korea Industrial Co., Ltd.",0.01813708268798794,0.07395008268798793,0.459165864755914,8.97380501365797,6.91564613891052,6.65293922318785,0.440490694206872,Consumer Staples,"Food, Beverage and Tobacco",Food Products,Packaged Foods and Meats,Grain Mill Products,2160.0,53290.2672,,LTM,LTM,LTM,LTM
A025770,"Korea Information & Communications Co., Ltd.",0.13843840285766423,0.1422924028576642,0.102212504849381,1.93939510319798,1.47915236160018,7.38017858986102,0.815641493147687,Financials,Financial Services,Financial Services,Transaction and Payment Processing Services,Computer Processing and Data Preparation and Processing Services,7620.0,268261.97046,,LTM,LTM,LTM,LTM
A053300,"Korea Information Certificate Authority, Inc.",0.0801163304560299,0.1578263304560299,1.14927015802734,5.2179556153267,4.04486837704848,9.7854737427934,0.939966399668992,Information Technology,Software and Services,Software,Systems Software,"Engineering, Accounting, Research, Management, and Related Services",4710.0,188185.58196,,LTM,LTM,LTM,LTM
A039740,"Korea Information Engineering Services Co., Ltd.",1.0886203189997847,1.0629023189997848,0.136717720750569,29.3229944791481,13.0161993670808,5.61531750185835,0.456113746827622,Information Technology,Technology Hardware and Equipment,"Electronic Equipment, Instruments and Components",Technology Distributors,"Computer Programming, Data Processing, And Other Computer Related Services",3010.0,24135.37497,,LTM,LTM,LTM,LTM
A071050,"Korea Investment Holdings Co., Ltd.",,-0.4067369144951847,,,,3.57956091512642,0.795371164068694,Financials,Financial Services,Capital Markets,Investment Banking and Brokerage,"Security Brokers, Dealers, and Flotation Companies",183700.0,10727485.546799999,,,,,2026E
A005880,Korea Line Corporation,-0.026075398313915824,0.005998601686084182,1.65853300820188,8.05737524674408,5.28295934107768,3.92261904761905,0.273669133534725,Industrials,Transportation,Marine Transportation,Marine Transportation,Deep Sea Foreign Transportation of Freight,2010.0,648722.1534000001,,2026E,2026E,2026E,2026E
A010100,"Korea Movenex Co., Ltd.",0.039858915063276566,0.060595915063276565,0.133286196282993,12.3801648026508,3.70474204907511,4.97342336107907,0.254963454788246,Consumer Discretionary,Automobiles and Components,Automobile Components,Automotive Parts and Equipment,Motor Vehicle Parts and Accessories,3500.0,106576.47,,LTM,LTM,LTM,LTM
A058400,"Korea New Network Co., Ltd.",0.12320373033034082,0.04337473033034082,,,,2.03348439958288,2.765204468989,Communication Services,Media and Entertainment,Media,Broadcasting,Television Broadcasting Stations,5130.0,67936.44636,,,,,LTM
A364950,"Korea No.14 Special Purpose Acquisition Co., Ltd.",,,,,,,,Information Technology,Semiconductors and Semiconductor Equipment,Semiconductors and Semiconductor Equipment,Semiconductor Materials and Equipment,Non-operating Establishments,3395.0,28166.430775,,,,,
A479880,"Korea No.15 Special Purpose Acquisition Co., Ltd.",,,,,,42.5501552449143,1.0225018651765,Financials,Financial Services,Capital Markets,Asset Management and Custody Banks,Non-operating Establishments,2060.0,14152.2,,,,,LTM
A206400,"BENO TNR, Inc.",-0.2524974860089449,-0.38585748600894487,5.11919447562984,,,,0.539122279914718,Communication Services,Media and Entertainment,Entertainment,Interactive Home Entertainment,Prepackaged Software,949.0,35596.170064,,LTM,,,
A222080,"SFA NEXEL Co., Ltd.",-0.094413557995176,-0.075369557995176,1.00035065854676,18.8686381641565,13.624252194785,31.1869839543478,1.18716924222981,Industrials,Capital Goods,Machinery,Industrial Machinery and Supplies and Components,"Special Industry Machinery, not elsewhere classified",7510.0,584064.88873,,LTM,LTM,LTM,LTM
A368770,"FIBERPRO, Inc.",0.4603933469891748,0.45361734698917483,8.67188727964586,32.6114809450058,29.0222032081317,34.9977158327949,9.351427082697,Information Technology,Technology Hardware and Equipment,"Electronic Equipment, Instruments and Components",Electronic Equipment and Instruments,"Measuring and Controlling Devices, not elsewhere classified",13270.0,433852.36575000006,,LTM,LTM,LTM,LTM
A024880,"Korea Parts & Fasteners Co.,Ltd",0.04202889095728593,0.09018389095728593,0.408170291924982,12.7502341558101,7.41304453755006,3.88530003878093,0.198403929041573,Industrials,Capital Goods,Machinery,Industrial Machinery and Supplies and Components,"Bolts, Nuts, Screws, Rivets, and Washers",3740.0,69437.70767999999,,LTM,LTM,LTM,LTM
A006650,"Korea Petrochemical Ind. Co., Ltd.",0.12757588376402876,0.12251088376402876,0.186243965964361,3.58889010588081,1.91944509532789,4.39099200904028,0.267617728812954,Materials,Materials,Chemicals,Commodity Chemicals,Industrial Organic Chemicals,80600.0,497793.66,,2026E,2026E,2026E,2026E
A004090,Korea Petroleum Industries Company,0.1915943146938412,0.19943931469384119,0.317886803262463,9.52961757472528,6.99350967177419,8.08510638297872,0.686136971662865,Materials,Materials,Construction Materials,Construction Materials,Asphalt Paving And Roofing Materials,10930.0,138746.67695,,2026E,2026E,2026E,2026E
A032300,"KOREA PHARMA Co., Ltd.",0.06012894928861527,0.03466294928861527,0.969367547170086,75.9083557926092,21.2799145353624,,1.16464886398278,Health Care,"Pharmaceuticals, Biotechnology and Life Sciences",Pharmaceuticals,Pharmaceuticals,Pharmaceutical Preparations,7640.0,83327.19564,,LTM,LTM,LTM,
A054410,"Korea Plasma Technology U Co.,Ltd",0.035557004772384264,0.07040000477238427,,,,7.94254652120919,0.546627702112827,Industrials,Capital Goods,Machinery,Industrial Machinery and Supplies and Components,"Coating, Engraving, And Allied Services",3560.0,18013.6,,,,,LTM
A034950,Korea Ratings Corporation,0.02114469742644498,0.214962697426445,3.17661083355264,10.2334583812514,9.53905618719789,17.6818198473556,4.47900822176463,Financials,Financial Services,Capital Markets,Financial Exchanges and Data,Credit Reporting Services,101700.0,453670.5807,,LTM,LTM,LTM,LTM
A010040,"Korea Refractories Co., Ltd",-0.15098504683143982,-0.16186304683143982,0.183866207259656,18.6447274994303,5.10374428487236,,0.389041508619398,Industrials,Capital Goods,Machinery,Industrial Machinery and Supplies and Components,"Abrasive, Asbestos, And Miscellaneous Nonmetallic Mineral Products",1619.0,57372.66813800001,,LTM,LTM,LTM,
A093640,"Korea Robot Manufacturing Co.,Ltd.",-0.19449282246480692,-0.2568768224648069,16.2780126658272,,,,1.99899376365348,Information Technology,Semiconductors and Semiconductor Equipment,Semiconductors and Semiconductor Equipment,Semiconductors,Electronic Components And Accessories,4160.0,136629.85856,,LTM,,,
A007280,"Korea Steel Co., Ltd.",0.02274543409435608,0.04474643409435608,0.343650254378505,46.3329165560896,12.0398195629312,44.0786372478833,0.666115850917287,Materials,Materials,Metals and Mining,Steel,"Steel Works, Blast Furnaces (Including Coke Ovens), and Rolling Mills",2360.0,67608.17788,,LTM,LTM,LTM,LTM
A033270,Korea United Pharm Inc.,0.9332047232194662,0.9665507232194662,,,,6.59644024700327,1.67113977595329,Health Care,"Pharmaceuticals, Biotechnology and Life Sciences",Pharmaceuticals,Pharmaceuticals,Pharmaceutical Preparations,17860.0,255215.7387,,,,,2026E
A010130,"Korea Zinc Company, Ltd.",0.4521269744084932,0.5048509744084932,1.33769797970162,13.6751161568925,11.5007203490741,21.7415483669403,2.25170893032119,Materials,Materials,Metals and Mining,Diversified Metals and Mining,Primary Smelting And Refining Of Nonferrous Metals,1260000.0,25695472.32,,2026E,2026E,2026E,2026E
A003490,"Korean Airlines Co.,Ltd.",0.14907091964816008,0.1969819196481601,0.948984340720542,103.107697864504,7.15057675432492,29.3283097041406,0.848981963132548,Industrials,Transportation,Passenger Airlines,Passenger Airlines,"Air Transportation, Scheduled",25600.0,9454883.865600001,,2026E,2026E,2026E,2026E
A014570,"Korean Drug Co., Ltd.",0.04019432264543139,0.12689832264543138,0.0120191852051702,0.102047473917261,0.0811594624520262,,,Health Care,"Pharmaceuticals, Biotechnology and Life Sciences",Pharmaceuticals,Pharmaceuticals,Pharmaceutical Preparations,3390.0,36991.68,,LTM,LTM,LTM,
A003690,Korean Reinsurance Company,0.26043450913430344,0.2652075091343034,0.583004507747838,5.08378461137998,4.83229820410259,5.76107726943419,0.680393525975908,Financials,Insurance,Insurance,Reinsurance,Insurance Carriers,14670.0,2592497.52477,,LTM,LTM,LTM,LTM
A034830,KOREIT,,1.2936143465043477,,,,3.67763157894737,0.23450774051865,Real Estate,Real Estate Management and Development,Real Estate Management and Development,Diversified Real Estate Activities,Real Estate Investment Trusts,1102.0,244622.56720199998,,,,,2026E
A391710,"Kornic Automation Co., Ltd.",0.10719163435373233,0.04138763435373233,1.19003872289704,,,,2.09126475693779,Information Technology,Software and Services,IT Services,IT Consulting and Other Services,"Computer Programming, Data Processing, And Other Computer Related Services",1152.0,49098.78144,,LTM,,,
A052330,Kortek Corporation,0.15662265282192536,0.15749065282192537,0.224147322917964,2.25816947618206,2.03005728022455,4.76048755843855,0.406599248486003,Information Technology,Technology Hardware and Equipment,"Technology Hardware, Storage and Peripherals","Technology Hardware, Storage and Peripherals","Computer Peripheral Equipment, not elsewhere classified",11420.0,150392.67512,,LTM,LTM,LTM,LTM
A089890,"KOSES Co.,Ltd",1.336502156039813,1.3735551560398127,2.02053936276477,9.22353083155216,9.062119042,12.3487903225806,4.53326457095068,Information Technology,Semiconductors and Semiconductor Equipment,Semiconductors and Semiconductor Equipment,Semiconductor Materials and Equipment,"Special Industry Machinery, not elsewhere classified",22700.0,362540.4742,,2026E,2026E,2026E,2026E
A355150,"Kostecsys. Co., Ltd.",0.15710958688685575,0.11532658688685574,10.6179108817957,108.341907047688,71.6661593455471,208.737576760366,5.68488940861944,Information Technology,Technology Hardware and Equipment,"Electronic Equipment, Instruments and Components",Electronic Components,"Electronic Components, not elsewhere classified",18610.0,145108.68349999998,,LTM,LTM,LTM,LTM
A121850,"KOYJ Co., Ltd.",-0.3434769945457379,-1.5667029945457378,0.901084385045537,,,,0.579655282962839,Materials,Materials,Chemicals,Commodity Chemicals,Miscellaneous Plastics Products,640.0,3220.68736,,LTM,,,
A288180,"KP Aero Industries Co., Ltd.",,,2.52386553838053,101.308317516057,27.0484841258869,,5.82689458217636,Industrials,Capital Goods,Aerospace and Defense,Aerospace and Defense,Non-operating Establishments,7950.0,58776.4329,,LTM,LTM,LTM,
A042040,"KPM TECH Co., Ltd.",-0.026742266743899026,-0.24831826674389906,0.635302213595459,,,,0.186130783551899,Materials,Materials,Chemicals,Specialty Chemicals,"Soap, Detergents, And Cleaning Preparations; Perfumes, Cosmetics, and Other Toilet Preparations",4555.0,11254.44845,,LTM,,,
A025000,"KPX Chemical Co.,Ltd.",0.03822426021733918,0.04843526021733917,0.201029343784605,4.56046492194272,2.57388944011398,4.34798681455341,0.329342319254954,Materials,Materials,Chemicals,Commodity Chemicals,Industrial Organic Chemicals,52200.0,216459.56699999998,,LTM,LTM,LTM,LTM
A092230,"KPX Holdings Co., Ltd.",0.05804376195326215,0.08628476195326215,0.476467741625701,11.163162805049,5.83979720489478,3.28690237083635,0.339362277765294,Materials,Materials,Chemicals,Commodity Chemicals,Industrial Organic Chemicals,93100.0,367634.11789999995,,LTM,LTM,LTM,LTM
A000040,"KR Motors Co., Ltd.",1.8172362223252612,1.5004382223252613,2.30092562431975,,,0.789183064310725,0.322495705797592,Consumer Discretionary,Automobiles and Components,Automobiles,Motorcycle Manufacturers,"Motorcycles, Bicycles, and Parts",1351.0,23335.437965,,LTM,,,LTM
A259960,"KRAFTON, Inc.",0.5823328296742558,0.5737608296742559,1.45741553664132,4.83667350742578,4.27175729262343,11.0035932894102,1.33296821286304,Communication Services,Media and Entertainment,Entertainment,Interactive Home Entertainment,Prepackaged Software,218500.0,9581090.404000001,,2026E,2026E,2026E,2026E
A101000,"KS Industry Co., Ltd.",-0.06238822092254828,-0.16532422092254828,0.350366573692659,,,,0.186178845270466,Industrials,Capital Goods,Machinery,Construction Machinery and Heavy Transportation Equipment,"Construction, Mining, And Materials Handling",740.0,6184.5167,,LTM,,,
A192250,"KSIGN Co.,Ltd.",0.024587317741844385,0.038765317741844385,1.80463524237031,21.8649473226455,12.2648329646441,14.2375130477177,0.535125362320067,Information Technology,Software and Services,Software,Systems Software,Prepackaged Software,7260.0,49664.425800000005,,LTM,LTM,LTM,LTM
A073010,"KSP Co., Ltd.",0.17316159707079368,0.19968659707079367,1.39110838777687,10.8043184614501,9.02056135029185,15.0277098066255,1.35091514737803,Industrials,Capital Goods,Machinery,Construction Machinery and Heavy Transportation Equipment,Ship And Boat Building And Repairing,2825.0,113196.03805,,LTM,LTM,LTM,LTM
A044450,KSS Line Ltd.,0.10559355227208991,0.11874255227208991,2.43772821716182,12.8246745470401,6.31127987143748,2.03883494203129,0.344993755794776,Industrials,Transportation,Marine Transportation,Marine Transportation,Deep Sea Foreign Transportation of Freight,9950.0,224646.37375000003,,LTM,LTM,LTM,LTM
A036030,"kt alpha Co., Ltd.",0.07489400026825187,0.019690000268251864,0.151740247358461,17.6583557552644,3.83508327087527,11.7078692987387,0.859387972162978,Consumer Discretionary,Consumer Discretionary Distribution and Retail,Broadline Retail,Broadline Retail,Catalog and Mail-Order Houses,4695.0,230144.866995,,LTM,LTM,LTM,LTM
A030200,KT Corporation,0.0206966908204496,0.0730766908204496,0.754671812570791,9.56599267986393,3.48960281029315,8.75700038770989,0.614798120365769,Communication Services,Telecommunication Services,Diversified Telecommunication Services,Integrated Telecommunication Services,"Telephone Communications, Except Radiotelephone",52150.0,12573179.6589,,2026E,2026E,2026E,2026E
A043610,KT Genie Music Corporation,-0.03429271153762253,-0.01165671153762253,0.185280082878229,2.99766581850746,2.41980252819277,7.0,0.495781050712286,Communication Services,Media and Entertainment,Entertainment,Movies and Entertainment,"Computer Programming, Data Processing, And Other Computer Related Services",1193.0,69331.717534,,2026E,2026E,2026E,2026E
A418470,"kt millie seojae Co.,Ltd",0.22862532024244717,0.30589032024244717,0.0563395165603428,0.406503147773839,0.279858023011374,5.30226915078407,0.909782440749579,Communication Services,Media and Entertainment,Media,Publishing,"Books: Publishing, or Publishing and Printing",9340.0,80004.46926,,LTM,LTM,LTM,LTM
A089600,"kt nasmedia Co., Ltd.",-0.12426476120176765,-0.08764176120176764,0.711927398126639,3.81553057349398,3.01130622123613,6.82857142857143,0.694620454639531,Communication Services,Media and Entertainment,Media,Advertising,Advertising,12240.0,138387.50856000002,,2026E,2026E,2026E,2026E
A053210,"KT Skylife Co., Ltd.",0.0011413671912738066,0.020503367191273807,0.250745547658552,6.4468841409851,1.49650676248001,7.03178991015895,0.364295851255723,Communication Services,Media and Entertainment,Media,Cable and Satellite,Television Broadcasting Stations,4020.0,190132.69782,,2026E,2026E,2026E,2026E
A033780,KT&G Corporation,0.13018456759928668,0.19201956759928668,2.53656174331783,11.6188702228855,9.6083190490336,13.4121192479091,1.92354748446961,Consumer Staples,"Food, Beverage and Tobacco",Tobacco,Tobacco,Cigarettes,172100.0,17865779.4776,,2026E,2026E,2026E,2026E
A214150,CLASSYS Inc.,0.5336034463262602,0.5575184463262601,4.77335886546245,11.0118696150621,10.2190153703861,14.492334493173,3.98868174753799,Health Care,Health Care Equipment and Services,Health Care Equipment and Supplies,Health Care Equipment,Surgical and Medical Instruments and Apparatus,32050.0,2090291.22475,,2026E,2026E,2026E,2026E
A058850,ktcs corporation,0.09175225064055482,0.11836425064055481,,,,3.20604692612516,0.390979366401191,Industrials,Commercial and Professional Services,Professional Services,Data Processing and Outsourced Services,"Business Services, not elsewhere classified",2180.0,82706.42922,,,,,LTM
A058860,KTIS Corporation,,0.1487000000491911,0.218725316544761,4.14835494835662,,4.2918789953153,0.575108431804673,Industrials,Commercial and Professional Services,Professional Services,Data Processing and Outsourced Services,"Business Services, not elsewhere classified",2500.0,76549.455,,LTM,LTM,,LTM
A145270,"K-TOP Reits Co.,Ltd.",0.062429969537046937,0.09429796953704694,6.53278139119273,9.10543247710856,8.98414865042718,4.65972825099456,0.350554097211217,Real Estate,Equity Real Estate Investment Trusts (REITs),Diversified REITs,Diversified REITs,Real Estate Investment Trusts,779.0,36343.128693,,LTM,LTM,LTM,LTM
A006050,"Kuk Young G&M Co., Ltd.",-0.030949070793869937,-0.010742070793869934,0.0360728091945375,,5.31278987555675,21.159526506798,0.321335308375557,Industrials,Capital Goods,Building Products,Building Products,"Glass And Glassware, Pressed Or Blown",490.0,16608.66907,,LTM,,LTM,LTM
A066620,"Kukbo Design Co., Ltd.",0.14356242723865598,0.13204942723865598,,,,3.51507239149168,0.494084317540988,Consumer Discretionary,Consumer Services,Diversified Consumer Services,Specialized Consumer Services,"Engineering, Accounting, Research, Management, and Related Services",24150.0,159620.9706,,,,,LTM
A007690,"Kukdo Chemical Co., Ltd.",0.19842319857859994,0.21952919857859993,0.427614918132725,10.8472301759513,6.71198407974459,19.043814062734,0.371579376306039,Materials,Materials,Chemicals,Commodity Chemicals,Chemicals and Allied Products,36600.0,314259.89759999997,,2026E,2026E,LTM,LTM
A014530,"Kukdong Oil & Chemicals Co.,Ltd",0.02631724595913971,0.023962245959139712,0.377213551374122,16.6396666262076,11.9524156192255,10.0201193303954,0.543692758437168,Materials,Materials,Chemicals,Commodity Chemicals,Miscellaneous Products Of Petroleum And Coal,3235.0,108920.57370000001,,LTM,LTM,LTM,LTM
A060480,"Kukil Metal Co., Ltd.",0.09680355363517422,0.08394155363517422,0.276662120494858,15.9441636338061,8.33341165640739,13.230151003978,0.301350460332737,Materials,Materials,Metals and Mining,Diversified Metals and Mining,"Rolling, Drawing, And Extruding Of Nonferrous Metals",1269.0,14073.21,,LTM,LTM,LTM,LTM
A078130,"Kuk-Il Paper Mfg Co.,Ltd",-0.04933030493713783,-0.016513304937137825,5.73980024403836,,,,3.29808313184527,Materials,Materials,Paper and Forest Products,Paper Products,Paper Mills,3440.0,387827.61928000004,,LTM,,,
A002720,"Kukje Pharma Co., Ltd.",0.057215913282749685,0.07503591328274968,0.491231641959377,14.9439678358655,9.57662067860299,11.1110472650453,0.69498700306202,Health Care,"Pharmaceuticals, Biotechnology and Life Sciences",Pharmaceuticals,Pharmaceuticals,Pharmaceutical Preparations,3160.0,64345.50632,,LTM,LTM,LTM,LTM
A008870,Kumbi Corporation,-0.028646899731733667,0.015312100268266335,0.703456816927186,,11.5991414634309,,0.458087128551636,Materials,Materials,Containers and Packaging,"Metal, Glass and Plastic Containers","Glass And Glassware, Pressed Or Blown",39700.0,32494.45,,LTM,,LTM,
A001210,"Kumho Electric, Inc.",-0.06357557504898109,-0.47469657504898105,1.87210223041508,,,,16.7160640925537,Industrials,Capital Goods,Electrical Equipment,Electrical Components and Equipment,Electric Lighting And Wiring Equipment,8430.0,102869.9412,,LTM,,,
A002990,"KUMHO Engineering & Construction Co., Ltd.",0.22042431098688223,0.33272431098688227,0.264907439804833,7.6010774728,6.5526529937931,9.16276346604215,2.02944596127462,Industrials,Capital Goods,Construction and Engineering,Construction and Engineering,Heavy Construction Other Than Building Construction Contractors,15460.0,564159.70312,,2026E,2026E,2026E,2026E
A214330,"Kumho HT, Inc.",-0.10361137066335904,-0.13286637066335905,0.0815349694595747,10.6470646818682,2.05724577670565,,0.215032877337289,Consumer Discretionary,Automobiles and Components,Automobile Components,Automotive Parts and Equipment,Motor Vehicle Parts and Accessories,6580.0,68806.59282,,LTM,LTM,LTM,
A011780,"Kumho Petro Chemical Co.,Ltd",0.18466159087393533,0.16957059087393533,0.357556161218863,4.6584975256277,3.25758243449306,5.23781599017122,0.421399768264182,Materials,Materials,Chemicals,Commodity Chemicals,"Plastics Materials And Synthetic Resins, Synthetic Rubber, Cellulosic And Other Manmade Fibers, Except Glass",117200.0,2994893.054,,2026E,2026E,2026E,2026E
A073240,"Kumho Tire Co., Inc.",0.2046836597675991,0.2745406597675991,0.705297749262215,6.0860716648147,3.80579258189076,5.89624248597598,0.880527597867823,Consumer Discretionary,Automobiles and Components,Automobile Components,Tires and Rubber,Tires and Inner Tubes,7230.0,2076891.87501,,2026E,2026E,2026E,2026E
A014280,"Kumkang Kind Co., Ltd.",-0.035146857606004465,-0.07639985760600447,0.844501852020624,36.138927921479,8.25726815268724,,0.31042188747029,Materials,Materials,Metals and Mining,Steel,Steel Pipe and Tubes,4305.0,118220.86206,,LTM,LTM,LTM,
A001570,"Kumyang Co., Ltd.",-0.25239394938541965,-0.3175549493854196,10.6087374161655,,,,1.41488912245402,Materials,Materials,Chemicals,Commodity Chemicals,Miscellaneous Chemical Products,9900.0,610756.4430000001,,LTM,,,
A282720,"Kumyang Green Power Co., Ltd.",0.023795801923889397,0.031239801923889397,0.337903474065934,30.74921614,14.8786529709677,103.75,0.812236714624244,Industrials,Capital Goods,Construction and Engineering,Construction and Engineering,Heavy Construction Other Than Building Construction Contractors,7120.0,85916.32800000001,,2026E,2026E,2026E,2026E
A009290,"Kwang Dong Pharmaceutical Co., Ltd.",0.03851901006170386,0.05210601006170386,0.241998991494711,14.5387493497355,8.58515430825567,12.193860057171,0.472335464308446,Health Care,"Pharmaceuticals, Biotechnology and Life Sciences",Pharmaceuticals,Pharmaceuticals,Pharmaceutical Preparations,6010.0,220324.00968999998,,LTM,LTM,LTM,LTM
A026910,"Kwang Jin Ind. Co., Ltd.",-0.007213740225257385,-0.1813667402252574,1.64605372464601,,106.65696784786,,1.46260731689699,Materials,Materials,Metals and Mining,Steel,"Steel Works, Blast Furnaces, And Rolling And Finishing Mills",3385.0,26837.38351,,LTM,,LTM,
A017040,"Kwang Myung Electric Co.,Ltd",-0.022086002983395754,0.08744999701660423,0.253021954086578,,,,0.362276099430502,Industrials,Capital Goods,Electrical Equipment,Electrical Components and Equipment,Switchgear and Switchboard Apparatus,932.0,39140.895507999994,,LTM,,,
A029480,"Kwangmu Co.,Ltd.",-0.10280003905736185,-0.36454103905736185,,,,2.77895240961266,0.353651274968999,Information Technology,Software and Services,IT Services,IT Consulting and Other Services,"Communications Services, Not Elsewhere Classified",1412.0,84296.895612,,,,,LTM
A068100,"Kweather Co., Ltd",0.03808021019794548,-0.10189478980205452,1.18755805894732,,161.5661059151,,1.40988211796445,Industrials,Commercial and Professional Services,Commercial Services and Supplies,Environmental and Facilities Services,"Business Services, not elsewhere classified",2290.0,26843.44412,,LTM,,LTM,
A052900,"Kx Hitech Co., Ltd.",0.12097058266067535,0.10658958266067536,0.476231466210002,5.55759891923205,3.27923931556782,8.92391056495283,0.529136283610201,Information Technology,Semiconductors and Semiconductor Equipment,Semiconductors and Semiconductor Equipment,Semiconductor Materials and Equipment,"Special Industry Machinery, not elsewhere classified",1061.0,72910.259535,,LTM,LTM,LTM,LTM
A122450,"KX Innovation Co., Ltd.",0.1409978961008967,0.1780898961008967,0.77134739635149,5.48827068848263,2.79263634102326,5.09208103130755,0.327603639865537,Communication Services,Media and Entertainment,Media,Broadcasting,Television Broadcasting Stations,2785.0,122628.7858,,2026E,2026E,2026E,2026E
A013580,"Kyeryong Construction Industrial Co., Ltd.",0.050709089557050877,0.10414708955705086,0.359091211235994,7.07631771435685,5.88384875329497,1.8758511199887,0.213108215898956,Industrials,Capital Goods,Construction and Engineering,Construction and Engineering,Building Construction General Contractors and Operative Builders,21950.0,194428.64415,,LTM,LTM,LTM,LTM
A355150,"Kostecsys. Co., Ltd.",0.15710958688685575,0.11532658688685574,10.6179108817957,108.341907047688,71.6661593455471,208.737576760366,5.68488940861944,Information Technology,Technology Hardware and Equipment,"Electronic Equipment, Instruments and Components",Electronic Components,"Electronic Components, not elsewhere classified",18610.0,145108.68349999998,,LTM,LTM,LTM,LTM
A465320,Kyobo 15 Special Purpose Acquisition Company,,0.02043151277070723,,,,134.981578816789,1.05807503380829,Financials,Financial Services,Capital Markets,Asset Management and Custody Banks,Non-operating Establishments,2135.0,8134.35,,,,,LTM
A482520,Kyobo 16 Special Purpose Acquisition Company,,,,,,133.649657128177,1.01218287511789,Financials,Financial Services,Capital Markets,Asset Management and Custody Banks,Non-operating Establishments,2045.0,12474.5,,,,,LTM
A489210,Kyobo 17 Special Purpose Acquisition Company,,,,,,61.0710829592592,1.0049150245707,Financials,Financial Services,Capital Markets,Asset Management and Custody Banks,Non-operating Establishments,2035.0,10541.3,,,,,LTM
A0041B0,Kyobo 18 Special Purpose Acquisition Company,,,,,,,1.05273271020171,Financials,Financial Services,Capital Markets,Asset Management and Custody Banks,Non-operating Establishments,2000.0,10080.0,,,,,
A0098T0,Kyobo 19th Special Purpose Acquisition Company,,,,,,,,Financials,Financial Services,Capital Markets,Asset Management and Custody Banks,Non-operating Establishments,1995.0,10773.0,,,,,
A0132G0,"Kyobo 20 Special Purpose Acquisition Company Co., Ltd.",,,,,,,,Financials,Financial Services,Capital Markets,Asset Management and Custody Banks,Non-operating Establishments,1995.0,11910.15,,,,,
A208710,"Photon Co., Ltd.",0.10360733248367691,-0.039325667516323076,0.390529663793847,17.8472640920134,6.20137560774781,28.3313104620267,0.78473481973377,Information Technology,Technology Hardware and Equipment,"Electronic Equipment, Instruments and Components",Electronic Components,Electronic Components And Accessories,2905.0,38275.399785,,LTM,LTM,LTM,LTM
A307280,"Wonbiogen Co., Ltd.",0.18150286176503447,0.19080486176503447,0.830494099006064,3.490129367897,2.9685500105597,6.01648577166185,0.978693213806181,Health Care,Health Care Equipment and Services,Health Care Equipment and Supplies,Health Care Supplies,"Orthopedic, Prosthetic, and Surgical Appliances and Supplies",5910.0,40301.48973,,LTM,LTM,LTM,LTM
A331520,"VALOFE Co.,Ltd",0.2574245302198736,0.20901753021987363,0.493571523555827,3.84740334923677,3.11642014164057,5.14518091688968,0.709879661868645,Communication Services,Media and Entertainment,Entertainment,Interactive Home Entertainment,Prepackaged Software,2600.0,25510.4018,,LTM,LTM,LTM,LTM
A242040,"Namu Tech Co.,Ltd.",0.3697004616986609,0.32188646169866086,0.838690183468152,26.4409139971545,17.8286688552338,,2.88876445593563,Information Technology,Software and Services,IT Services,IT Consulting and Other Services,"Computer Programming, Data Processing, And Other Computer Related Services",3225.0,106867.1733,,LTM,LTM,LTM,
A030610,"Kyobo Securities Co.,Ltd.",,0.3642291549520208,,,,7.31931386392687,0.540304726810548,Financials,Financial Services,Capital Markets,Investment Banking and Brokerage,"Security Brokers, Dealers, and Flotation Companies",10080.0,1137975.17904,,,,,LTM
A205100,"EXEM Co., Ltd.",0.12738628284867604,0.07141928284867602,0.693455521989778,9.50730247567253,5.18238360676564,11.4358569770735,0.784645042856731,Information Technology,Software and Services,Software,Systems Software,"Computer Programming, Data Processing, And Other Computer Related Services",1368.0,96699.026664,,LTM,LTM,LTM,LTM
A339770,"Kyochon Food&Beverage Co., Ltd.",0.05891627455387895,0.12597627455387894,0.413089904157303,6.893437775625,4.66363655010571,9.84455958549223,1.05056529046615,Consumer Discretionary,Consumer Services,"Hotels, Restaurants and Leisure",Restaurants,Eating Places,3755.0,186768.161375,,2026E,2026E,2026E,2026E
A214390,"Kyongbo Pharmaceutical Co., Ltd",0.01777029200117273,0.02222029200117273,0.951027907119656,31.0269058538274,11.7036957433844,,0.8549314192481,Health Care,"Pharmaceuticals, Biotechnology and Life Sciences",Pharmaceuticals,Pharmaceuticals,Pharmaceutical Preparations,5020.0,120012.43720000001,,LTM,LTM,LTM,
A024910,"Kyung Chang Industrial Co., Ltd.",-0.04974559890380514,-0.16038559890380513,0.389288469623084,33.3313528881152,7.67101407027283,,0.518428436783123,Consumer Discretionary,Automobiles and Components,Automobile Components,Automotive Parts and Equipment,Motor Vehicle Parts and Accessories,1659.0,59033.65692,,LTM,LTM,LTM,
A009450,"Kyung Dong Navien Co., Ltd.",0.2269620965107625,0.2554880965107625,0.681150835871225,4.73827115986923,3.51776381316748,4.69201850780798,1.14861449815556,Industrials,Capital Goods,Building Products,Building Products,Fabricated Plate Work (Boiler Shops),63100.0,911980.0092000001,,2026E,2026E,2026E,2026E
A011040,"Kyung Dong Pharmaceutical Co., Ltd.",0.02425036411922773,0.04781936411922773,0.670728332732209,14.1318853818604,10.042731360291,11.8773050818221,0.64713053552314,Health Care,"Pharmaceuticals, Biotechnology and Life Sciences",Pharmaceuticals,Pharmaceuticals,Pharmaceutical Preparations,5020.0,135247.68540000002,,LTM,LTM,LTM,LTM
A053950,"Kyung Nam Pharm Co.,Ltd.",0.06690099359251624,-0.03982000640748377,0.574922903161646,48.5629146966297,11.8660653688743,,0.220345418794335,Health Care,"Pharmaceuticals, Biotechnology and Life Sciences",Pharmaceuticals,Pharmaceuticals,Pharmaceutical Preparations,1529.0,29998.356168000002,,LTM,LTM,LTM,
A002100,Kyung Nong Corporation,0.06732431728417371,0.1185103172841737,0.915380005900596,11.7557277094835,8.59037938644884,10.4699135062545,0.599085168269266,Materials,Materials,Chemicals,Fertilizers and Agricultural Chemicals,Agricultural Chemicals,9150.0,163461.54750000002,,LTM,LTM,LTM,LTM
A000050,Kyungbangco.Ltd,0.08062480858165483,0.08150380858165482,0.811952305995582,5.84219477630857,3.77044528182417,3.26798684509798,0.259351097933278,Consumer Discretionary,Consumer Durables and Apparel,"Textiles, Apparel and Luxury Goods",Textiles,Textile Mill Products,8190.0,204056.0613,,LTM,LTM,LTM,LTM
A267290,"Kyungdong City Gas Co., Ltd",0.04455272296888853,0.05144872296888853,,,,3.44696123936341,0.259007657293106,Utilities,Utilities,Gas Utilities,Gas Utilities,Natural Gas Transmission and Distribution,21450.0,126349.65914999999,,,,,LTM
A012320,"Kyungdong Invest Co., Ltd",-0.014361237689684704,-0.005891237689684706,0.16005202023085,2.38992984798531,1.17215955778406,5.9743212368849,0.209514051990886,Energy,Energy,"Oil, Gas and Consumable Fuels",Coal and Consumable Fuels,Natural Gas Distribution,47350.0,103239.6672,,LTM,LTM,LTM,LTM
A009140,"Kyungin Electronics Co., Ltd",0.1634926781192963,0.14683867811929632,,,,5.21315559155495,0.355899419918653,Consumer Discretionary,Consumer Durables and Apparel,Household Durables,Consumer Electronics,Electronic Components And Accessories,22100.0,28786.0677,,,,,LTM
A012610,"Kyungin Synthetic Co., Ltd.",0.10747250548073861,0.09230150548073862,0.800221436030498,12.356190105949,6.30876534751691,6.55783910940912,0.519936080453377,Materials,Materials,Chemicals,Specialty Chemicals,Industrial Organic Chemicals,3095.0,126485.74196,,LTM,LTM,LTM,LTM
A036560,KZ Precision Corporation,0.016114826256573123,0.028832826256573126,1.58334124902442,17.5263479878186,13.3352432991941,12.5761071346862,0.309471962818452,Industrials,Capital Goods,Machinery,Industrial Machinery and Supplies and Components,Pumps and Pumping Equipment,11930.0,187897.5,,LTM,LTM,LTM,LTM
A290650,"L&C BIO Co.,LTD",0.47714546515767564,0.3054124651576756,9.35602075256974,34.9175498697567,28.9450638591607,,6.46807874644722,Health Care,"Pharmaceuticals, Biotechnology and Life Sciences",Biotechnology,Biotechnology,"Biological Products, Except Diagnostic Substances",50600.0,1364667.0224,,2026E,2026E,2026E,
A066970,"L&F Co., Ltd.",0.47987258725706344,-0.1506674127429365,1.63953861987777,26.6506530489443,19.1801067110698,,5.46064104762671,Industrials,Capital Goods,Electrical Equipment,Electrical Components and Equipment,Electrical Industrial Apparatus,105000.0,4141688.145,,2026E,2026E,2026E,
A156100,L&K Biomed Ltd.,-0.08900974027742845,-0.43418574027742846,2.30217512249166,155.417115092427,27.092419931193,,1.64567980413194,Health Care,Health Care Equipment and Services,Health Care Equipment and Supplies,Health Care Equipment,Electromedical and Electrotherapeutic Apparatus,4260.0,95215.86918000001,,LTM,LTM,LTM,
A038060,"Lumens Co., Ltd.",-0.07365470714680857,-0.12790170714680857,,,,,0.381988040813806,Information Technology,Semiconductors and Semiconductor Equipment,Semiconductors and Semiconductor Equipment,Semiconductors,"Electronic Components, not elsewhere classified",837.0,40262.268753,,,,,
A084650,"LabGenomics Co., Ltd.",-0.3158792881572884,-0.39687128815728834,0.636943323247873,,,,0.308595770127951,Health Care,"Pharmaceuticals, Biotechnology and Life Sciences",Biotechnology,Biotechnology,Commercial Physical and Biological Research,594.0,44098.55406,,LTM,,,
A281740,"Lake Materials Co., Ltd.",0.03457955710281385,0.06688955710281386,6.9477737008866,67.0611486852288,34.8744704403264,66.2425521210174,5.84102889323211,Materials,Materials,Chemicals,Commodity Chemicals,Industrial Inorganic Chemicals,11530.0,757872.7803,,LTM,LTM,LTM,LTM
A462510,"LAMEDITECH Co., Ltd.",-0.9031935233938615,-0.9789025233938614,4.47954270281747,,,,4.42265627607596,Health Care,Health Care Equipment and Services,Health Care Equipment and Supplies,Health Care Equipment,Electromedical and Electrotherapeutic Apparatus,2940.0,25880.7171,,LTM,,,
A300120,LAON PEOPLE Inc,-0.17697113501615935,-0.45697613501615936,0.212111013031725,,,,0.477268061702202,Information Technology,Technology Hardware and Equipment,"Electronic Equipment, Instruments and Components",Electronic Equipment and Instruments,"Electronic and Other Electrical Equipment and Components, except Computer Equipment",2095.0,20740.523044999998,,LTM,,,
A199550,"Laseroptek Co., Ltd.",-0.2136589752234873,-0.36553297522348727,1.67703791748527,,,,1.56823815201142,Health Care,Health Care Equipment and Services,Health Care Equipment and Supplies,Health Care Equipment,Non-operating Establishments,2690.0,39930.91683,,LTM,,,
A412350,Laserssel Co. Ltd.,-0.4156481543534333,-0.6823121543534333,14.2941160001261,,,,3.26152816610944,Information Technology,Semiconductors and Semiconductor Equipment,Semiconductors and Semiconductor Equipment,Semiconductor Materials and Equipment,"Special Industry Machinery, not elsewhere classified",4070.0,58751.597740000005,,LTM,,,
A309960,LB Investment Inc.,,0.39767264317616446,,,,7.81201758789454,0.817073560635906,Financials,Financial Services,Capital Markets,Asset Management and Custody Banks,"Investors, not elsewhere classified",4270.0,98190.54161,,,,,LTM
A061970,LB Semicon Inc.,-0.16861439231122,-0.45329139231121995,1.18315963998995,,9.8663633926175,,1.09820554837561,Information Technology,Semiconductors and Semiconductor Equipment,Semiconductors and Semiconductor Equipment,Semiconductors,Semiconductors and Related Devices,5090.0,287855.81345,,LTM,,LTM,
A096870,LDT Inc.,0.058977197706856166,0.04997519770685617,0.846089905225062,9.73351008828653,6.56278907087745,15.5264400477856,1.0186531825327,Information Technology,Semiconductors and Semiconductor Equipment,Semiconductors and Semiconductor Equipment,Semiconductors,Semiconductors and Related Devices,2420.0,20202.15758,,LTM,LTM,LTM,LTM
A016100,"Leaders Cosmetics Co., Ltd.",-0.122445531459033,-0.267250531459033,0.69269363841827,,,,0.354958479999955,Consumer Staples,Household and Personal Products,Personal Care Products,Personal Care Products,"Perfumes, Cosmetics, and Other Toilet Preparations",1106.0,20279.424661999998,,LTM,,,
A025820,"Lee Ku Industrial Co., Ltd.",0.2419481740719044,0.2496241740719044,0.527979848353763,5.82212731625773,5.27887801368867,,,Materials,Materials,Metals and Mining,Diversified Metals and Mining,Primary Smelting And Refining Of Nonferrous Metals,4290.0,143460.98481000002,,LTM,LTM,LTM,
A058470,LEENO Industrial Inc.,4.740288141455115,4.811143141455115,,,,199.017178719016,39.6825892574542,Information Technology,Semiconductors and Semiconductor Equipment,Semiconductors and Semiconductor Equipment,Semiconductors,Printed Circuit Boards,65200.0,4925181.92,,,,,LTM
A294140,"LEMON Co., Ltd.",-0.32521005054135843,-0.32138005054135843,13.0491703779186,,,,5.2879457106177,Materials,Materials,Chemicals,Commodity Chemicals,"Plastics Materials And Synthetic Resins, Synthetic Rubber, Cellulosic And Other Manmade Fibers, Except Glass",2250.0,56058.3405,,LTM,,,
A297890,"HB SOLUTION Co., Ltd.",0.036349991278694455,0.026578991278694453,1.49748871439536,,61.0523208663756,3.57558233572728,0.486974108221492,Information Technology,Semiconductors and Semiconductor Equipment,Semiconductors and Semiconductor Equipment,Semiconductor Materials and Equipment,"Special Industry Machinery, not elsewhere classified",1646.0,120389.944444,,LTM,,LTM,LTM
A093050,LF Corp.,0.04898684399123407,0.08176084399123407,0.651577580979196,5.88790374795212,4.15933172441043,5.61157336377417,0.362106825243405,Consumer Discretionary,Consumer Durables and Apparel,"Textiles, Apparel and Luxury Goods","Apparel, Accessories and Luxury Goods",Apparel and Other Finished Products Made From Fabrics and Similar Materials,22250.0,588251.641,,LTM,LTM,LTM,LTM
A051910,"LG Chem, Ltd.",0.16063607155122908,0.15121107155122906,1.07660843657371,42.6971805767626,7.95168116835774,,0.592768478203466,Materials,Materials,Chemicals,Commodity Chemicals,Industrial Organic Chemicals,254250.0,19901444.174999997,,2026E,2026E,2026E,
A064400,"LG CNS Co., Ltd.",0.1556941468289112,0.24279214682891118,0.933193718329448,10.3602285775783,8.28259592923684,14.8108932209075,2.34633431929546,Information Technology,Software and Services,IT Services,IT Consulting and Other Services,Computer Integrated Systems Design,71800.0,6956411.0664,,2026E,2026E,2026E,2026E
A003550,LG Corp.,0.1144572873880031,0.1567252873880031,1.91936290183612,9.27934171236842,8.29625611645,13.004824646231,0.56771616286314,Industrials,Capital Goods,Industrial Conglomerates,Industrial Conglomerates,Conglomerates,109500.0,16885250.7285,,2026E,2026E,2026E,2026E
A034220,"LG Display Co., Ltd.",-0.09324462253688304,0.00889337746311697,0.719644753814642,19.2052582768132,3.66430048092652,84.0499718454369,0.765750495793689,Information Technology,Technology Hardware and Equipment,"Electronic Equipment, Instruments and Components",Electronic Components,"Electronic Components, not elsewhere classified",9470.0,4735000.0,,2026E,2026E,2026E,2026E
A066570,LG Electronics Inc.,0.08973610978469931,0.11887410978469931,0.453152257003979,9.90628409978883,5.42958858712519,14.9996410419236,1.42372680087401,Consumer Discretionary,Consumer Durables and Apparel,Household Durables,Consumer Electronics,"Electronic and Other Electrical Equipment and Components, except Computer Equipment",195100.0,35073472.717199996,,2026E,2026E,2026E,2026E
A373220,"LG Energy Solution, Ltd.",0.30699278620549497,0.340667786205495,3.58992713975781,114.936478526195,20.6563799075692,,3.74950502750093,Industrials,Capital Goods,Electrical Equipment,Electrical Components and Equipment,"Miscellaneous Electrical Machinery, Equipment, and Supplies",347500.0,81315000.0,,2026E,2026E,2026E,
A051900,"LG H&H Co., Ltd.",-0.01375708807344294,0.004173911926557059,0.581727885550005,10.5917414745852,6.63766185791304,21.6433211522068,0.918695421871125,Consumer Staples,Household and Personal Products,Personal Care Products,Personal Care Products,"Soap, Detergents, And Cleaning Preparations; Perfumes, Cosmetics, and Other Toilet Preparations",307500.0,5152483.222499999,,2026E,2026E,2026E,2026E
A037560,LG HelloVision Corp.,-0.040201705763328544,-0.03800570576332854,0.453488516298633,14.5853093693634,4.08746451012823,5.25445705024311,0.275504082749899,Communication Services,Media and Entertainment,Media,Cable and Satellite,Cable and Other Pay Television Services,1558.0,120662.21567,,2026E,2026E,2026E,2026E
A011070,"LG Innotek Co., Ltd.",0.24135221417692054,0.22595121417692055,0.581716668368758,11.7703810149755,6.44979811783207,15.0687147614704,2.18040139214743,Information Technology,Technology Hardware and Equipment,"Electronic Equipment, Instruments and Components",Electronic Components,Electronic Components And Accessories,554000.0,13110136.878,,2026E,2026E,2026E,2026E
A032640,LG Uplus Corp.,0.024294141481107884,0.06442614148110788,0.702105621227933,9.48905987621734,2.82896453281388,8.55448455665205,0.686859643132479,Communication Services,Telecommunication Services,Diversified Telecommunication Services,Integrated Telecommunication Services,Radiotelephone Communications,14750.0,6260309.047,,2026E,2026E,2026E,2026E
A388790,"LiComm Co., Ltd.",-0.06880547582195079,-0.04451447582195078,7.23907945273766,,259.191553256473,,6.00021244406262,Information Technology,Technology Hardware and Equipment,Communications Equipment,Communications Equipment,Radio and Television Broadcasting and Communications Equipment,3960.0,121232.07359999999,,LTM,,LTM,
A073490,"LIG Accuver Co., Ltd.",0.2939600342851706,0.23798403428517062,0.901165992058697,13.6470693045752,10.440008018,21.7361585782638,1.39451456914367,Information Technology,Technology Hardware and Equipment,Communications Equipment,Communications Equipment,Radio and Television Broadcasting and Communications Equipment,30250.0,230016.3415,,2026E,2026E,2026E,2026E
A079550,"LIG Defense&Aerospace Co., Ltd.",0.3058604079228765,0.37141140792287647,3.6305654591202,40.9313492478421,30.2787210521014,46.971490752167,11.3920385194816,Industrials,Capital Goods,Aerospace and Defense,Aerospace and Defense,Guided Missiles And Space Vehicles And Parts,688000.0,15029532.0,,2026E,2026E,2026E,2026E
A208140,"JUNGDAWN Co., Ltd.",-0.044667452523880755,0.01199454747611925,0.74538168705885,15.8520727828932,7.72387191080556,12.3677086949776,0.592128366272098,Consumer Staples,"Food, Beverage and Tobacco",Food Products,Packaged Foods and Meats,Sausages and Other Prepared Meat Products,2260.0,73866.37336,,LTM,LTM,LTM,LTM
A141080,LigaChem Biosciences Inc.,-0.494651858065759,-0.395955858065759,33.3863733933585,,,,8.52392925260338,Health Care,"Pharmaceuticals, Biotechnology and Life Sciences",Life Sciences Tools and Services,Life Sciences Tools and Services,"Biological Products, Except Diagnostic Substances",99600.0,3670123.3488,,2026E,,,
A069540,Lightron Fiber-Optic Devices Inc.,-0.29161579345340827,-0.36765679345340824,10.2318907689364,,,,3.39854373074494,Information Technology,Technology Hardware and Equipment,Communications Equipment,Communications Equipment,Radio and Television Broadcasting and Communications Equipment,2570.0,289618.17529,,LTM,,,
A277070,Lindeman Asia Investment Corporation,,0.1481815870781884,,,,12.8112926167695,0.753450208923843,Financials,Financial Services,Capital Markets,Asset Management and Custody Banks,"Investors, not elsewhere classified",3415.0,43266.17175,,,,,LTM
A474650,"Link Solution Co., Ltd.",1.1924577299659866,0.7862337299659866,5.42438475427509,45.598734340625,,102.489626556017,5.17381049369102,Industrials,Capital Goods,Machinery,Industrial Machinery and Supplies and Components,"Computer Peripheral Equipment, not elsewhere classified",22950.0,132009.1344,,2026E,2026E,,2026E
A193250,Linked Inc.,-0.07952342698296411,-0.062009426982964105,1.8711742372143,,,,0.49907260241177,Information Technology,Technology Hardware and Equipment,"Electronic Equipment, Instruments and Components",Electronic Components,Semiconductors and Related Devices,2160.0,28876.89528,,LTM,,,
A219420,"Linkgenesis Co., Ltd.",0.14453374299753363,0.11225874299753365,0.40796250080335,2.70375968575972,2.18310169266755,8.59844128007176,0.799625136480938,Information Technology,Software and Services,IT Services,IT Consulting and Other Services,Computer Integrated Systems Design,3270.0,36803.05539,,LTM,LTM,LTM,LTM
A171120,"Lion Chemtech Co., Ltd.",0.1791001611156458,0.1512471611156458,0.218332903980716,1.78943223345598,1.60892129544232,4.86264160614257,0.515011587005776,Industrials,Capital Goods,Building Products,Building Products,"Mining and Quarrying Of Nonmetallic Minerals, except Fuels",2020.0,71297.314,,LTM,LTM,LTM,LTM
A491000,Livsmed Inc,0.5026267509612395,0.4861207509612395,9.49835236874279,,,,5.29647602297025,Health Care,Health Care Equipment and Services,Health Care Equipment and Supplies,Health Care Equipment,Surgical and Medical Instruments and Apparatus,33500.0,837647.0985,,2026E,,,
A489500,"LK CHEM Co., Ltd.",0.7075080324662153,0.7149050324662153,3.15005438656489,9.50822867834101,7.53023950072993,13.8210011798416,2.10999976445712,Materials,Materials,Chemicals,Specialty Chemicals,Chemicals and Allied Products,19820.0,124431.06992000001,,2026E,2026E,2026E,2026E
A225190,"LK Samyang Co., Ltd",-0.5450209708182108,-0.6592179708182109,3.19824777701378,,,,2.29537104704244,Consumer Discretionary,Consumer Durables and Apparel,Household Durables,Consumer Electronics,Photographic Equipment and Supplies,880.0,62012.2272,,LTM,,,
A073110,"LMS Co., Ltd.",0.04912406566005443,-0.05254693433994559,1.04207262032836,,,,0.474004722644131,Industrials,Capital Goods,Electrical Equipment,Electrical Components and Equipment,Optical Instruments and Lenses,4710.0,27245.597879999998,,LTM,,,
A033290,"LOGEN Co., Ltd.",0.023919657341444835,0.05588665734144483,0.589836491869148,26.0945070407878,8.57326833015672,4.52507385238926,0.202270866739694,Industrials,Transportation,Air Freight and Logistics,Air Freight and Logistics,Electronic Components And Accessories,1510.0,79259.63424,,LTM,LTM,LTM,LTM
A067730,Logisys Inc.,0.08288197062267381,0.14688097062267383,0.193853250217285,3.26906000833468,2.03686010756216,6.3158069128188,1.02998884745359,Industrials,Commercial and Professional Services,Commercial Services and Supplies,Office Services and Supplies,"Computer Programming, Data Processing, And Other Computer Related Services",2150.0,20798.932299999997,,LTM,LTM,LTM,LTM
A083310,"LOT VACUUM Co., Ltd.",0.013581953552787008,-0.0011690464472129923,0.417869510961037,,31.6021758094203,,0.660042107485615,Information Technology,Semiconductors and Semiconductor Equipment,Semiconductors and Semiconductor Equipment,Semiconductor Materials and Equipment,"Special Industry Machinery, not elsewhere classified",9560.0,149270.15548,,LTM,,LTM,
A011170,Lotte Chemical Corporation,0.06910902755193606,0.0005770275519360324,0.744152180087223,,13.3022167376327,,0.18011269430718,Materials,Materials,Chemicals,Commodity Chemicals,"Plastics Materials, Synthetic Resins, and Nonvulcanizable Elastomers",54200.0,2285459.3674,,2026E,,2026E,
A005300,"Lotte Chilsung Beverage Co., Ltd.",0.04293620451039094,0.06647120451039094,0.606615687000877,12.6327390019014,5.63890084566812,9.05895770779508,0.6287502052801,Consumer Staples,"Food, Beverage and Tobacco",Beverages,Soft Drinks and Non-alcoholic Beverages,Bottled and Canned Soft Drinks and Carbonated Waters,96800.0,973245.9792000001,,2026E,2026E,2026E,2026E
A004990,LOTTE Corporation,-0.009833084222479554,-0.03846708422247955,0.79444020418952,33.7584124100267,9.64158770278751,15.9425367904695,0.282550936179136,Industrials,Capital Goods,Industrial Conglomerates,Industrial Conglomerates,Sugar And Confectionery Products,22500.0,1727483.3099999998,,2026E,2026E,2026E,2026E
A020150,Lotte Energy Materials Corporation,0.3013583652698272,0.2502443652698272,1.96574092161121,,38.6397608757136,,0.973213546673189,Information Technology,Technology Hardware and Equipment,"Electronic Equipment, Instruments and Components",Electronic Components,Electronic Components And Accessories,29975.0,1569654.753425,,2026E,,2026E,
A004000,"LOTTE Fine Chemical Co., Ltd.",0.264579032100825,0.24556403210082503,0.326298416164849,4.40012839545309,2.10116222920489,5.07553215838865,0.445299032015259,Materials,Materials,Chemicals,Diversified Chemicals,Industrial Inorganic Chemicals,44000.0,1120680.0,,2026E,2026E,2026E,2026E
A071840,"LOTTE Himart Co.,Ltd.",-0.3041001316801098,-0.27210013168010977,0.20116889985845,3.8306782370914,3.06237897462621,1.17207793720651,0.094872497324061,Consumer Discretionary,Consumer Discretionary Distribution and Retail,Specialty Retail,Computer and Electronics Retail,"Home Furniture, Furnishings, and Equipment Stores",6280.0,148256.43136,,LTM,LTM,LTM,LTM
A286940,"LOTTE INNOVATE Co.,Ltd",0.03245065030936039,0.03066265030936039,0.248105725600776,5.9902245410101,2.67071483701869,7.45948136142626,0.645720621442648,Information Technology,Software and Services,IT Services,IT Consulting and Other Services,"Computer Programming, Data Processing, And Other Computer Related Services",17990.0,272177.31233,,2026E,2026E,2026E,2026E
A000400,"Lotte Non - Life Insurance Co., Ltd.",0.0033973017891923626,0.06327630178919236,0.520285698269188,5.76056114709477,5.01236592053203,35.47652541964,0.888230827058392,Financials,Insurance,Insurance,Property and Casualty Insurance,"Fire, Marine, and Casualty Insurance",2005.0,619765.61015,,LTM,LTM,LTM,LTM
A330590,"LOTTE REIT Co., Ltd.",0.05624762288409522,0.10177162288409522,15.9177978033077,24.1425255232465,17.3173749756439,26.6134478662795,1.01419752596008,Real Estate,Equity Real Estate Investment Trusts (REITs),Retail REITs,Retail REITs,Real Estate Investment Trusts,3880.0,1121199.26992,,2026E,2026E,2026E,2026E
A089860,"LOTTE rental co.,ltd.",0.06106954624499364,0.1305095462449936,1.94330691560806,16.7381582400056,4.17223074413727,11.8612313456942,1.0695893945383,Industrials,Transportation,Ground Transportation,Passenger Ground Transportation,"Automotive Rental And Leasing, Without Drivers",45250.0,1642999.807,,2026E,2026E,2026E,2026E
A023530,"Lotte Shopping Co., Ltd.",0.038533055920168674,0.04240305592016867,1.03222906826497,18.5063371226162,8.40323805694526,7.95461036474633,0.160611736980749,Consumer Discretionary,Consumer Discretionary Distribution and Retail,Broadline Retail,Broadline Retail,Department Stores,94800.0,2680056.672,,2026E,2026E,2026E,2026E
A032350,"Lotte Tour Development Co., Ltd.",0.22792850654636473,0.27749450654636476,2.84044450332549,11.1630297098623,7.80313819564301,15.1744356493697,2.73551254518388,Consumer Discretionary,Consumer Services,"Hotels, Restaurants and Leisure","Hotels, Resorts and Cruise Lines",Transportation Services,12820.0,1022080.37156,,2026E,2026E,2026E,2026E
A280360,"Lotte Wellfood Co.,Ltd",0.07714869587534127,0.09395269587534127,0.528131926591882,10.8575778487491,5.45592038875073,9.22156982817622,0.499347167409225,Consumer Staples,"Food, Beverage and Tobacco",Food Products,Packaged Foods and Meats,"Canned, Frozen, And Preserved Fruits, Vegetables, and Food Specialties",129000.0,1127623.443,,2026E,2026E,2026E,2026E
A006260,LS Corp.,0.3204410676656387,0.3721940676656387,0.52467664074665,10.5644187623427,8.46891555292566,15.0946557696252,1.69519822627695,Industrials,Capital Goods,Electrical Equipment,Electrical Components and Equipment,Drawing and Insulating of Nonferrous Wire,291500.0,7971807.327,,2026E,2026E,2026E,2026E
A229640,LS Eco Energy Ltd.,0.39255961374412685,0.5290036137441269,1.19005695369265,17.1169286912968,15.7464853019088,25.9811320264507,6.07436828284974,Industrials,Capital Goods,Electrical Equipment,Electrical Components and Equipment,Drawing and Insulating of Nonferrous Wire,43100.0,1319932.2849,,2026E,2026E,2026E,2026E
A010120,"LS ELECTRIC Co., Ltd.",0.37268661044907114,0.4403536104490712,4.6963925603587,43.2372515281683,35.2516659215519,55.8434763649509,14.3222995017897,Industrials,Capital Goods,Electrical Equipment,Electrical Components and Equipment,"Power, Distribution, and Specialty Transformers",188200.0,27983920.031,,2026E,2026E,2026E,2026E
A060370,"LS Marine Solution Co., Ltd.",0.3173007505280086,0.3217647505280086,4.56556814419629,68.1405686873239,46.2227424535032,67.9621848739496,2.63006107927835,Industrials,Capital Goods,Construction and Engineering,Construction and Engineering,Construction Special Trade Contractors,30550.0,1554780.5084499998,,2026E,2026E,2026E,2026E
A417200,"LS materials.,Ltd.",0.052834812895292155,0.04543681289529215,5.00256724568409,,84.4336699301096,,4.32031165106291,Industrials,Capital Goods,Electrical Equipment,Electrical Components and Equipment,"Miscellaneous Electrical Machinery, Equipment, and Supplies",10870.0,735384.40333,,LTM,,LTM,
A000680,LS Networks Corporation Limited,0.47809769697334076,0.46727169697334076,0.212465116694685,8.15159522430063,6.39371484186598,,0.260054462251773,Consumer Discretionary,Consumer Discretionary Distribution and Retail,Specialty Retail,Apparel Retail,Apparel and Other Finished Products Made From Fabrics and Similar Materials,2935.0,231329.70296,,LTM,LTM,LTM,
A078020,"LS SECURITIES Co., Ltd.",,0.6284167510534262,,,,10.0923921720841,0.424801386964859,Financials,Financial Services,Capital Markets,Investment Banking and Brokerage,"Security Brokers, Dealers, and Flotation Companies",6550.0,330157.28260000004,,,,,LTM
A0041J0,LS Special Purpose Acquisition No1 Company,,,,,,,,Financials,Financial Services,Capital Markets,Asset Management and Custody Banks,"Unit Investment Trusts, Face-Amount Certificate Offices, and Closed-End Management Investment Offices",1982.0,8146.02,,,,,
A322180,"LS THiRA-UTECH Co., Ltd.",-0.08913151749499511,-0.1526135174949951,1.32330891850626,,,,1.54830772079621,Information Technology,Software and Services,Software,Application Software,Prepackaged Software,4035.0,84420.20543999999,,LTM,,,
A170920,"LTC Co.,Ltd",0.393589866157021,0.418748866157021,1.08443853581288,7.91162003530593,6.74859738775282,17.8880308059031,2.6541655514252,Materials,Materials,Chemicals,Commodity Chemicals,Chemicals and Allied Products,35500.0,356266.35599999997,,LTM,LTM,LTM,LTM
A038060,"Lumens Co., Ltd.",-0.07365470714680857,-0.12790170714680857,,,,,0.381988040813806,Information Technology,Semiconductors and Semiconductor Equipment,Semiconductors and Semiconductor Equipment,Semiconductors,"Electronic Components, not elsewhere classified",837.0,40262.268753,,,,,
A474170,Lumir Inc.,0.2363903730382671,0.2308183730382671,8.61974494769231,,112.05668432,168.205128205128,1.90783025364515,Industrials,Capital Goods,Aerospace and Defense,Aerospace and Defense,"Communications Equipment, not elsewhere classified",6090.0,108509.76864000001,,2026E,,2026E,2026E
A328130,Lunit Inc.,-0.08929268124818973,-0.24242068124818972,7.09262670855771,,,,2.18003075025648,Health Care,Health Care Equipment and Services,Health Care Technology,Health Care Technology,Prepackaged Software,9070.0,675335.6926,,2026E,,,
A108670,"LX Hausys, Ltd.",0.10467962306567274,0.06533262306567275,0.222653734,5.68648025683453,2.75407928815331,4.22160359754046,0.3940274067642,Industrials,Capital Goods,Building Products,Building Products,Miscellaneous Plastics Products,33150.0,330828.1158,,2026E,2026E,2026E,2026E
A383800,LX Holdings Corp.,0.3456527807038281,0.3781347807038281,3.3934820313253,4.24611570753769,4.14204424411765,3.24939073923639,0.29833458822327,Industrials,Capital Goods,Industrial Conglomerates,Industrial Conglomerates,Conglomerates,7990.0,620747.4865100001,,2026E,2026E,2026E,2026E
A001120,LX International Corp.,0.13173920662405167,0.17322920662405167,0.214091250424877,8.73634466267175,4.50717162084349,5.21105458545305,0.360850106653489,Industrials,Capital Goods,Trading Companies and Distributors,Trading Companies and Distributors,Wholesale Trade-Durable Goods,37650.0,1354191.47265,,2026E,2026E,2026E,2026E
A108320,"LX Semicon Co., Ltd.",-0.05553715468965173,0.011100845310348259,0.0720309109005668,1.82697456390472,1.11542480257707,14.4409504093752,0.551989168924953,Information Technology,Semiconductors and Semiconductor Equipment,Semiconductors and Semiconductor Equipment,Semiconductors,Electronic Components And Accessories,37200.0,605031.96,,2026E,2026E,2026E,2026E
A476080,"M eighty-three Co.,Ltd.",0.4931211313963665,0.3735351313963665,0.187589108178642,,,,0.750226565110207,Communication Services,Media and Entertainment,Entertainment,Movies and Entertainment,Motion Picture and Video Tape Production,4190.0,33842.63,,LTM,,,
A179290,"M.I.TECH Co.,Ltd",0.12483146000599621,0.16547546000599622,1.8292729732032,5.39210477071635,4.81721830511489,8.86009345884025,1.35162733731831,Health Care,Health Care Equipment and Services,Health Care Equipment and Supplies,Health Care Equipment,Surgical and Medical Instruments and Apparatus,5230.0,169272.49594000002,,LTM,LTM,LTM,LTM
A033310,"M2N Co.,Ltd",0.010624746467645836,0.0002767464676458353,0.826643599170896,37.2108812712251,17.0797127528294,50.8946007602335,0.380722245245951,Materials,Materials,Containers and Packaging,"Metal, Glass and Plastic Containers","Metal Shipping Barrels, Drums, Kegs, and Pails",1366.0,54069.634896,,LTM,LTM,LTM,LTM
A038290,"Macrogen, Inc.",0.23686300883766181,0.2335640088376618,0.800561011281626,15.5657467596774,8.39196781826087,12.568093385214,0.921707341981802,Health Care,"Pharmaceuticals, Biotechnology and Life Sciences",Life Sciences Tools and Services,Life Sciences Tools and Services,Commercial Physical and Biological Research,12360.0,133999.704,,2026E,2026E,2026E,2026E
A169330,"Macromill Embrain Co., Ltd.",-0.05188029101418037,-0.057219291014180364,0.257195904526328,47.1068692448818,4.80168423474066,65.6979326723664,0.901935838621397,Communication Services,Media and Entertainment,Media,Advertising,Management Consulting Services,1340.0,23874.670120000002,,LTM,LTM,LTM,LTM
A267980,"Maeil Dairies Co., Ltd.",0.07341889470643276,0.09925589470643276,0.0929601183161999,2.62327193788837,1.49273082059049,3.89506594256133,0.393127214283764,Consumer Staples,"Food, Beverage and Tobacco",Food Products,Packaged Foods and Meats,Dairy Products,33850.0,247714.67235,,LTM,LTM,LTM,LTM
A005990,"Maeil Holdings Co., Ltd.",0.034946623801608165,0.09579062380160816,0.212797690439345,6.34246456354691,2.98588100058047,3.77427149488641,0.306123384185313,Consumer Staples,"Food, Beverage and Tobacco",Food Products,Packaged Foods and Meats,Dairy Products,10710.0,127785.95801999999,,LTM,LTM,LTM,LTM
A446540,"Magatouch Co.,Ltd.",0.19268618181473424,0.09766818181473425,3.4296986717972,68.5451051177075,21.9335070899311,56.5935951010051,2.62344103520834,Industrials,Capital Goods,Electrical Equipment,Electrical Components and Equipment,"Miscellaneous Electrical Machinery, Equipment, and Supplies",6770.0,175774.58073,,LTM,LTM,LTM,LTM
A477850,"MakinaRocks Co., Ltd.",,-0.9347762691568426,36.270024567598,,,,34.2246763891244,Information Technology,Software and Services,Software,Application Software,Prepackaged Software,28350.0,497305.494,,LTM,,,
A093520,MAKUS Inc.,0.26059051250803417,0.3270625125080342,0.489019531160264,3.36054221813333,3.32507475408971,10.2070468579731,1.82413608481872,Information Technology,Technology Hardware and Equipment,"Electronic Equipment, Instruments and Components",Technology Distributors,"Electronic Components, not elsewhere classified",25750.0,160287.38975,,2026E,2026E,2026E,2026E
A001080,Manho Rope & Wire Ltd.,0.001149998419366709,0.003719998419366709,,,,138.59881329038,0.514789559791292,Materials,Materials,Metals and Mining,Steel,Miscellaneous Fabricated Metal Products,4000.0,136052.28,,,,,LTM
A195500,"Maniker F&G Co., Ltd.",0.04394481805335728,0.04868281805335728,0.358096637898075,13.6744818572635,5.80922554808094,11.1990985454287,0.332602469927621,Consumer Staples,"Food, Beverage and Tobacco",Food Products,Packaged Foods and Meats,Food and Kindred Products,1627.0,25996.206,,LTM,LTM,LTM,LTM
A027740,"Maniker.Co.,Ltd",0.06491793088805652,0.05513093088805651,0.221981293485177,37.6450160388142,8.11518778729867,210.666666666667,1.04010130323377,Consumer Staples,"Food, Beverage and Tobacco",Food Products,Packaged Foods and Meats,Poultry Slaughtering and Processing,1261.0,40037.517949,,LTM,LTM,LTM,LTM
A439090,"Manyo Factory Co., Ltd",0.09976079309955649,0.07758279309955649,1.57031300166156,11.7668919414918,10.6132652753571,22.8381880867508,2.19974318503215,Consumer Staples,Household and Personal Products,Personal Care Products,Personal Care Products,"Perfumes, Cosmetics, and Other Toilet Preparations",17130.0,280816.54380000004,,LTM,LTM,LTM,LTM
A021880,Mason Capital Corporation,,0.0008496138485266924,,,,,0.340707765315984,Financials,Financial Services,Financial Services,Specialized Finance,Miscellaneous business Credit Institutions,1246.0,26438.17624,,,,,
A357430,"MASTERN PREMIER REIT 1 Co., Ltd.",-0.2523312965593095,-0.23956429655930955,9.7465128667414,,,,0.281712785043695,Real Estate,Equity Real Estate Investment Trusts (REITs),Diversified REITs,Diversified REITs,Real Estate Investment Trusts,866.0,26417.595862,,LTM,,,
A377480,"Maum.AI, Inc.",-0.16235664966031088,-0.3988376496603109,8.68561812058977,,,,3.10926312149787,Information Technology,Software and Services,Software,Application Software,"Computer Programming, Data Processing, And Other Computer Related Services",10140.0,72098.1885,,LTM,,,
A097520,"MCNEX Co., Ltd",0.006178403691051687,0.06359740369105168,0.251304557940524,6.93505735766118,3.27670028736264,7.73519163763066,0.823454784151772,Information Technology,Technology Hardware and Equipment,"Electronic Equipment, Instruments and Components",Electronic Components,Semiconductors and Related Devices,19550.0,317161.05759999994,,2026E,2026E,2026E,2026E
A222980,"Mcnulty Korea Co., Ltd.",-0.016412139808650753,-0.04476413980865075,0.425871068438328,,17.6935451857305,,0.694596835122348,Consumer Staples,"Food, Beverage and Tobacco",Food Products,Packaged Foods and Meats,Miscellaneous Food Preparations And Kindred Products,2180.0,23371.054060000002,,LTM,,LTM,
A086960,MDS Tech Inc.,0.08834380523419408,0.08912780523419409,0.233600685429977,2.80627737345658,2.32792594945931,7.71226765601019,0.553193173787865,Information Technology,Software and Services,Software,Application Software,Prepackaged Software,1932.0,79360.702176,,LTM,LTM,LTM,LTM
A201490,"Me2on Co., Ltd.",-0.010699276916715305,0.015720723083284694,0.697007509262024,7.92881336354793,4.9051353899738,276.29491089256,0.486298903181325,Consumer Discretionary,Consumer Services,"Hotels, Restaurants and Leisure",Casinos and Gaming,Prepackaged Software,2285.0,74773.71390999999,,LTM,LTM,LTM,LTM
A475460,MeatBox Global Inc.,0.08281156432366718,0.10753356432366719,0.159014238173969,5.26540027262511,2.37749352841566,15.1224640669421,0.920825863011016,Consumer Staples,Consumer Staples Distribution and Retail,Consumer Staples Distribution and Retail,Food Distributors,"Groceries, General Line",6170.0,34839.05925,,LTM,LTM,LTM,LTM
A241770,"Mecaro Co., Ltd.",0.10154426699879932,0.10456426699879931,2.98966951367944,17.0121245139173,10.8044856643547,27.9987567339615,1.76647854634421,Information Technology,Semiconductors and Semiconductor Equipment,Semiconductors and Semiconductor Equipment,Semiconductor Materials and Equipment,Semiconductors and Related Devices,36850.0,362996.4525,,LTM,LTM,LTM,LTM
A041920,"MEDIANA Co.,Ltd",0.06138229181953648,0.056259291819536476,1.3282784600227,13.9069777818039,11.3782809627377,28.9869227384416,1.23107957999472,Health Care,Health Care Equipment and Services,Health Care Equipment and Supplies,Health Care Equipment,Electromedical and Electrotherapeutic Apparatus,8630.0,159233.4245,,LTM,LTM,LTM,LTM
A279600,"MediaZen, Inc.",-0.028481999999999997,-0.04106,,,,,0.981766221889953,Information Technology,Software and Services,Software,Application Software,Prepackaged Software,3820.0,17895.86342,,,,,
A054180,"MEDICOX Co., Ltd.",-0.1813159462225471,-0.2564299462225471,0.734580893573736,,,,0.277509393371329,Industrials,Capital Goods,Machinery,Construction Machinery and Heavy Transportation Equipment,"Electronic and Other Electrical Equipment and Components, except Computer Equipment",2294.999998,12679.296648950502,,LTM,,,
A014100,"Medience Co., Ltd.",0.010928824040744217,-0.09119117595925579,0.735327850305001,76.8427215092013,26.3078984071694,12.9396694856947,0.276246103404817,Consumer Staples,Household and Personal Products,Personal Care Products,Personal Care Products,"Perfumes, Cosmetics, and Other Toilet Preparations",1698.0,19188.610674,,LTM,LTM,LTM,LTM
A078160,"MEDIPOST Co., Ltd.",-0.2233844175984646,-0.3035274175984646,4.20263055762064,,,,1.55044527553971,Health Care,Health Care Equipment and Services,Health Care Providers and Services,Health Care Services,"Biological Products, Except Diagnostic Substances",8820.0,344735.01846,,LTM,,,
A235980,"MedPacto, Inc.",-0.015325095495091645,0.03416490450490833,10.9647798194305,,,,2.25211091073034,Health Care,"Pharmaceuticals, Biotechnology and Life Sciences",Biotechnology,Biotechnology,"Biological Products, Except Diagnostic Substances",2470.0,84659.54887,,LTM,,,
A086900,Medy-Tox Inc.,0.07012926264722008,0.09152626264722008,2.08060916603276,25.7961024113744,11.339536685,26.4974808732973,1.22978854209724,Health Care,"Pharmaceuticals, Biotechnology and Life Sciences",Biotechnology,Biotechnology,"Biological Products, Except Diagnostic Substances",67300.0,438630.2401,,2026E,2026E,2026E,2026E
A049950,meerecompany Incorporated,0.6228085388184917,0.4305425388184917,1.01726178610336,,,,0.527021672252368,Information Technology,Semiconductors and Semiconductor Equipment,Semiconductors and Semiconductor Equipment,Semiconductor Materials and Equipment,"Electronic Components, not elsewhere classified",10710.0,84894.19659,,LTM,,,
A226590,"MEGAELECTRONICS Co., Ltd.",0.22013150092456002,0.32129350092456,1.37384959325764,9.5483748984104,8.62201360203609,13.8369477407194,2.50771271780242,Information Technology,Semiconductors and Semiconductor Equipment,Semiconductors and Semiconductor Equipment,Semiconductors,Computer Storage Devices,11690.0,125279.20496,,LTM,LTM,LTM,LTM
A133750,"MegaMD Co., Ltd.",0.026552012786483427,0.05910001278648343,0.042139054169697,0.728780637512234,0.208791098295794,10.3404255319149,0.490126167989063,Consumer Discretionary,Consumer Services,Diversified Consumer Services,Education Services,Educational Services,1470.0,32450.227950000004,,LTM,LTM,LTM,LTM
A072870,"MegaStudy Co., Ltd.",0.03596836364911313,0.07114836364911313,0.898124432310472,3.65140174186448,2.32026690663628,5.18020497624372,0.461486300774459,Consumer Discretionary,Consumer Services,Diversified Consumer Services,Education Services,Educational Services,12970.0,147948.81594,,LTM,LTM,LTM,LTM
A215200,MegaStudyEdu Co. Ltd,0.13354978443488363,0.19736278443488367,0.329784532430011,2.57878798126095,1.56481183560043,4.25046772684752,0.774924928708905,Consumer Discretionary,Consumer Services,Diversified Consumer Services,Education Services,Educational Services,35400.0,366505.2624,,2026E,2026E,2026E,2026E
A058110,"MEKICS CO., Ltd",0.23871538015984134,0.14739738015984133,2.63832743364603,51.1791252527871,18.2343864197694,26.0351831058514,0.740953696629352,Health Care,Health Care Equipment and Services,Health Care Equipment and Supplies,Health Care Equipment,Electromedical and Electrotherapeutic Apparatus,1647.0,25524.43191,,LTM,LTM,LTM,LTM
A072770,"MemRAY BT Co., LTD.",-0.29378045756493676,-0.4543134575649368,0.834597784918701,,,,0.730563211909902,Information Technology,Software and Services,Software,Systems Software,Computer Integrated Systems Design,873.0,36240.061554,,LTM,,,
A100590,Mercury Corporation,0.04522384414994892,0.01680784414994892,0.488053929677688,,,49.731781252625,0.41745754392629,Information Technology,Technology Hardware and Equipment,Communications Equipment,Communications Equipment,Radio and Television Broadcasting and Communications Equipment,3595.0,61529.791099999995,,LTM,,,LTM
A138040,Meritz Financial Group Inc.,,-0.5331781567776999,,,,7.1550270773056,1.77352615951302,Financials,Financial Services,Financial Services,Diversified Financial Services,"Security and Commodity Brokers, Dealers, Exchanges, and Services",115800.0,18901011.7176,,,,,2026E
A0088D0,"Meritz No.1 Special Purpose Acquisition Company Co., Ltd.",,,,,,,,Financials,Financial Services,Capital Markets,Asset Management and Custody Banks,Non-operating Establishments,2060.0,11937.7,,,,,
A408920,"Messe eSang Co.,Ltd",0.20783221716140268,0.2541312171614027,0.905382887111754,3.29006072682729,3.01081774193527,7.67119736911463,1.67547435835679,Communication Services,Media and Entertainment,Media,Advertising,Advertising,3110.0,131740.23444,,LTM,LTM,LTM,LTM
A059210,"Meta Biomed Co., Ltd.",0.22518744729333443,0.26308944729333444,0.967867430666667,5.61082568502415,4.59067556047431,6.49434571890145,0.856539623315551,Health Care,Health Care Equipment and Services,Health Care Equipment and Supplies,Health Care Supplies,Dental Equipment and Supplies,3875.0,105289.34937499999,,2026E,2026E,2026E,2026E
A118000,"METACARE CO., Ltd.",0.20879969760918685,0.21531369760918684,2.46617488766501,55.7394865052318,20.5811588648871,,0.195888022159219,Health Care,Health Care Equipment and Services,Health Care Providers and Services,Health Care Distributors,Surgical and Medical Instruments and Apparatus,1330.0,22846.102929999997,,LTM,LTM,LTM,
A090370,"Metalabs Co., Ltd.",0.44095220382374956,0.35283120382374955,1.59865693066374,,,,0.340273476321625,Consumer Discretionary,Consumer Durables and Apparel,"Textiles, Apparel and Luxury Goods","Apparel, Accessories and Luxury Goods",Apparel and Other Finished Products Made From Fabrics and Similar Materials,1118.0,30523.221221999996,,LTM,,,
A0088M0,"Mezoo Co., Ltd.",,,,,,,,Health Care,Health Care Equipment and Services,Health Care Equipment and Supplies,Health Care Equipment,Electromedical and Electrotherapeutic Apparatus,12200.0,120557.35,,,,,
A140410,"Mezzion Pharma Co.,Ltd.",-1.0084114684962473,-1.0964754684962472,244.319719259787,,,,125.009849424147,Health Care,"Pharmaceuticals, Biotechnology and Life Sciences",Pharmaceuticals,Pharmaceuticals,Pharmaceutical Preparations,62200.0,1903692.8268,,LTM,,,
A432980,"MFC Co., Ltd.",-0.12222082746303216,-0.10098582746303217,0.931569738456589,,19.7600313193232,,0.725707615293127,Health Care,"Pharmaceuticals, Biotechnology and Life Sciences",Pharmaceuticals,Pharmaceuticals,Non-operating Establishments,2550.0,21908.9421,,LTM,,LTM,
A058630,Mgame Corp.,0.05834037493045327,0.09160737493045328,0.0569155534116028,0.329017630190239,0.269776421249949,5.34083362089445,0.588215324291132,Communication Services,Media and Entertainment,Entertainment,Interactive Home Entertainment,"Computer Programming, Data Processing, And Other Computer Related Services",4055.0,73689.78757,,LTM,LTM,LTM,LTM
A032790,"Mgen Solutions Co., Ltd.",-0.5267477147430092,-0.5838597147430091,1.07633158085873,,,,0.812787644095839,Communication Services,Telecommunication Services,Diversified Telecommunication Services,Alternative Carriers,"Water, Sewer, Pipeline, and Communications and Power Line Construction",897.0,23035.055082,,LTM,,,
A023150,"MH Ethanol Co.,Ltd.",-0.03057450470796113,-0.17683150470796113,0.875327751147626,12.9487289445917,5.03980994818247,,0.445558468468954,Consumer Staples,"Food, Beverage and Tobacco",Beverages,Distillers and Vintners,Distilled and Blended Liquors,4010.0,25698.18926,,LTM,LTM,LTM,
A003650,"Michang Oil Ind. Co., Ltd.",0.14202199999999998,0.13891,0.113917173771289,1.05170329533665,0.979533016945004,3.48265545752231,0.541777392576471,Energy,Energy,"Oil, Gas and Consumable Fuels",Oil and Gas Refining and Marketing,Miscellaneous Products Of Petroleum And Coal,144300.0,218322.8697,,LTM,LTM,LTM,LTM
A059090,MiCo Ltd.,0.10695218000322072,0.23224018000322072,1.73096406169047,25.978237642013,12.3227567704596,87.9774838250223,3.65939730536648,Information Technology,Semiconductors and Semiconductor Equipment,Semiconductors and Semiconductor Equipment,Semiconductor Materials and Equipment,"Electronic Components, not elsewhere classified",17270.0,543937.59519,,LTM,LTM,LTM,LTM
A098120,"Micro Contact Solution Co., Ltd.",0.23780305486789824,0.2541690548678982,3.08773204101679,17.4559174255127,15.7178809547885,19.2471573877903,4.00634406518153,Information Technology,Semiconductors and Semiconductor Equipment,Semiconductors and Semiconductor Equipment,Semiconductors,"Electronic Components, not elsewhere classified",39150.0,325444.7889,,LTM,LTM,LTM,LTM
A305090,"Micro Digital Co., Ltd.",-0.2704029750832582,-0.4525999750832582,2.80145119199465,,,,1.0492026728151,Health Care,Health Care Equipment and Services,Health Care Equipment and Supplies,Health Care Equipment,Laboratory Analytical Instruments,1536.0,28601.627135999996,,LTM,,,
A424980,"MICRO2NANO, Inc.",0.020856723786229922,-0.033569276213770066,1.76925912042354,,,,1.6860033190474,Information Technology,Semiconductors and Semiconductor Equipment,Semiconductors and Semiconductor Equipment,Semiconductor Materials and Equipment,Semiconductors and Related Devices,6900.0,40840.341,,LTM,,,
A373170,MICUBE Solution Inc.,-0.002724836018863419,0.008190163981136575,0.265488267232784,9.74093110236879,4.63960518008428,18.1241704463458,1.20411478717649,Information Technology,Software and Services,Software,Application Software,Prepackaged Software,1756.0,26539.81524,,LTM,LTM,LTM,LTM
A218150,"Milae Bioresources Co., Ltd.",-0.02460385169389203,-0.03306785169389202,0.538510247805614,,35.513429904876,,0.990616788076156,Consumer Staples,"Food, Beverage and Tobacco",Food Products,Packaged Foods and Meats,Food and Kindred Products,2070.0,40355.82783,,LTM,,LTM,
A218150,"Milae Bioresources Co., Ltd.",-0.02460385169389203,-0.03306785169389202,0.538510247805614,,35.513429904876,,0.990616788076156,Consumer Staples,"Food, Beverage and Tobacco",Food Products,Packaged Foods and Meats,Food and Kindred Products,2070.0,40355.82783,,LTM,,LTM,
A452200,"MinTech Co., Ltd.",0.009181426045515327,-0.03133557395448468,1.32075444920994,,,,1.23115157151904,Information Technology,Technology Hardware and Equipment,"Electronic Equipment, Instruments and Components",Electronic Equipment and Instruments,Instruments for Measuring and Testing of Electricity and Electrical Signals,1514.0,35923.1322,,LTM,,,
A094800,Mirae Asset Asia Pacific Real Estate 1 Investment Company,,,,,,,,Real Estate,Equity Real Estate Investment Trusts (REITs),Diversified REITs,Diversified REITs,Real Estate Investment Trusts,7130.0,661908.78003,,,,,
A310200,Aniplus Inc.,0.033590810621675925,0.11079581062167593,1.0848211137453,8.28534658147369,3.11397674213808,15.1701188053853,1.21663911351122,Communication Services,Media and Entertainment,Entertainment,Movies and Entertainment,Diversified Multi-Media,2795.0,145795.112645,,LTM,LTM,LTM,LTM
A328380,"Saltware Co., Ltd.",0.12081495390470427,0.14559295390470428,0.261715721828408,,34.0515006466228,88.8022103159594,1.14473464515422,Information Technology,Software and Services,IT Services,IT Consulting and Other Services,"Computer Programming, Data Processing, And Other Computer Related Services",3715.0,25112.972775,,LTM,,LTM,LTM
A333430,"ILSEUNG Co., Ltd.",0.2432057884765792,0.29537478847657916,2.46307117461972,8.25734666670379,7.8840714804856,8.95345831067598,2.22930142548832,Industrials,Capital Goods,Machinery,Industrial Machinery and Supplies and Components,Refrigeration And Service Industry Machinery,3745.0,114899.142855,,LTM,LTM,LTM,LTM
A396690,"Mirae Asset Global REIT Co., Ltd.",-0.07133771474097589,-0.05915871474097589,10.7704806101183,75.3030414412026,25.1400297385242,,0.428945854802385,Real Estate,Equity Real Estate Investment Trusts (REITs),Diversified REITs,Diversified REITs,Real Estate Investment Trusts,1538.0,60913.935719999994,,LTM,LTM,LTM,
A085620,"MIRAE ASSET Life Insurance Co., Ltd.",0.35825704659305235,0.35536704659305235,0.587366787834217,4.8086293395345,4.60469722068329,21.7835548045376,1.50596004456865,Financials,Insurance,Insurance,Life and Health Insurance,Life Insurance,24650.0,2969832.0,,LTM,LTM,LTM,LTM
A200130,"KOLMAR BNH Co.,Ltd.",-0.022084746392634975,-0.06003074639263497,0.517077574325323,5.9246463923116,4.30047341351098,,0.710912369252454,Consumer Staples,Household and Personal Products,Personal Care Products,Personal Care Products,"Perfumes, Cosmetics, and Other Toilet Preparations",9230.0,261162.13006,,LTM,LTM,LTM,
A222420,"CENOTEC Co., Ltd.",0.23833740486992083,0.22659940486992083,1.77257144380946,18.0057900740036,9.99142957830871,11.8108927211574,1.05350727001162,Materials,Materials,Chemicals,Commodity Chemicals,"Abrasive, Asbestos, And Miscellaneous Nonmetallic Mineral Products",934.0,45222.900482,,LTM,LTM,LTM,LTM
A239340,ESTaid Corp.,-0.31061223496019685,-0.3960252349601968,,,,,1.17768329778155,Communication Services,Media and Entertainment,Interactive Media and Services,Interactive Media and Services,"Computer Programming, Data Processing, And Other Computer Related Services",592.0,15971.900704000001,,,,,
A006800,"Mirae Asset Securities Co., Ltd.",,-0.538799644042869,,,,5.80795211868929,1.35803597828526,Financials,Financial Services,Capital Markets,Diversified Capital Markets,"Security Brokers, Dealers, and Flotation Companies",34750.0,19922610.6955,,,,,2026E
A100790,"Mirae Asset Venture Investment Co., Ltd.",,0.228467780777668,,,,15.6416761784067,2.04943542440866,Financials,Financial Services,Capital Markets,Asset Management and Custody Banks,"Investors, not elsewhere classified",14480.0,769185.96944,,,,,LTM
A478560,"Black Yak I&C Co.,Ltd",0.08745401751884124,-0.014161982481158741,1.39254347107807,8.67219819788014,6.45519742406579,,1.94644352210786,Consumer Discretionary,Consumer Durables and Apparel,"Textiles, Apparel and Luxury Goods",Footwear,Non-operating Establishments,2675.0,68993.971825,,LTM,LTM,LTM,
A0097F0,"Mirae Asset Vision Special Purpose Acquisition 10 Company Co., Ltd.",,,,,,,,Financials,Financial Services,Capital Markets,Asset Management and Custody Banks,Non-operating Establishments,1978.0,12857.0,,,,,
A0099W0,"Mirae Asset Vision Special Purpose Acquisition 11 Company Co., Ltd.",,,,,,,,Financials,Financial Services,Capital Markets,Asset Management and Custody Banks,Non-operating Establishments,1975.0,13825.0,,,,,
A342870,Mirae Asset Vision Special Purpose Acquisition 2 Company,,,0.289217803832516,4.47163789960016,3.73998417695521,,0.429136617703292,Consumer Discretionary,Consumer Discretionary Distribution and Retail,Specialty Retail,Other Specialty Retail,Non-operating Establishments,,,,LTM,LTM,LTM,
A477380,Mirae Asset Vision Special Purpose Acquisition 4 Company,,,,,,65.043028877152,1.08613218868529,Financials,Financial Services,Capital Markets,Asset Management and Custody Banks,Non-operating Establishments,2065.0,16726.5,,,,,LTM
A477470,Mirae Asset Vision Special Purpose Acquisition 5 Company,,0.0401227719287411,,,,68.8749375904464,1.07824986910439,Financials,Financial Services,Capital Markets,Asset Management and Custody Banks,Non-operating Establishments,2060.0,11288.800000000001,,,,,LTM
A478440,Mirae Asset Vision Special Purpose Acquisition 6 Company,,0.02751042133093306,,,,64.401260224015,1.01675572415139,Financials,Financial Services,Capital Markets,Asset Management and Custody Banks,Non-operating Establishments,2050.0,14206.5,,,,,LTM
A482680,Mirae Asset Vision Special Purpose Acquisition 7 Company,,,,,,83.3135387662761,1.00775899148011,Financials,Financial Services,Capital Markets,Asset Management and Custody Banks,Non-operating Establishments,2055.0,16881.825,,,,,LTM
A0093G0,Mirae Asset Vision Special Purpose Acquisition 8 Company,,,,,,,,Financials,Financial Services,Capital Markets,Asset Management and Custody Banks,"Unit Investment Trusts, Face-Amount Certificate Offices, and Closed-End Management Investment Offices",1984.0,12697.6,,,,,
A0096D0,"Mirae Asset Vision Special Purpose Acquisition 9 Company Co., Ltd.",,,,,,,,Financials,Financial Services,Capital Markets,Asset Management and Custody Banks,Non-operating Establishments,1973.0,10851.5,,,,,
A025560,Mirae Corporation,0.9601114190114289,0.8758424190114289,2.43784245421882,9.57744003659456,9.14217845268842,7.94257569423037,1.46944486792576,Information Technology,Semiconductors and Semiconductor Equipment,Semiconductors and Semiconductor Equipment,Semiconductor Materials and Equipment,"Special Industry Machinery, not elsewhere classified",7650.0,194673.48975,,LTM,LTM,LTM,LTM
A357250,"Miraeasset Maps REIT 1 Co., Ltd.",-0.014046778556262818,0.01960522144373718,13.9459836544024,20.184518537081,14.9289714972595,25.9861107501929,0.491327865564965,Real Estate,Equity Real Estate Investment Trusts (REITs),Retail REITs,Retail REITs,Real Estate Investment Trusts,1867.0,46665.861034999994,,LTM,LTM,LTM,LTM
A007120,"MiraeING.Co.,Ltd.",-0.03229102026759571,-0.04330002026759571,,,,,0.461804659860373,Industrials,Commercial and Professional Services,Professional Services,Research and Consulting Services,Radio and Television Broadcasting and Communications Equipment,1205.0,68295.938035,,,,,
A254490,"Mirai Semiconductors Co., Ltd.",0.053504999080631645,0.07527999908063164,0.556198504792544,23.2121572617659,22.5008008581505,34.7767506916061,2.75463044213529,Information Technology,Technology Hardware and Equipment,"Electronic Equipment, Instruments and Components",Technology Distributors,"Electronic Parts and Equipment, not elsewhere classified",15340.0,221478.92,,LTM,LTM,LTM,LTM
A081660,Misto Holdings Corp.,0.08993287597734712,0.19295787597734712,0.912827935518975,6.96472666766696,5.35451087124275,7.56087226643514,1.08065182523216,Consumer Discretionary,Consumer Durables and Apparel,"Textiles, Apparel and Luxury Goods","Apparel, Accessories and Luxury Goods",Rubber and Plastics Footwear,41400.0,2198002.176,,2026E,2026E,2026E,2026E
A134380,"Miwon Chemicals Co., Ltd.",0.37939783873202526,0.34926883873202524,0.424140980762545,3.0693366908729,2.40207526524047,,,Materials,Materials,Chemicals,Specialty Chemicals,Chemicals and Allied Products,11140.0,224946.4552,,LTM,LTM,LTM,
A002840,"Miwon Commercial Co., Ltd.",0.16325223256060356,0.16984123256060357,1.15242133673621,10.0170015688164,5.68613405996407,10.4700966807377,1.27689869023119,Materials,Materials,Chemicals,Specialty Chemicals,Chemicals and Allied Products,122400.0,555696.0,,LTM,LTM,LTM,LTM
A107590,"Miwon Holdings Co., Ltd.",0.1006782969433223,0.13669929694332228,0.463265210035116,5.30051274175169,4.25239833668583,4.4245427838716,0.440834616999237,Materials,Materials,Chemicals,Specialty Chemicals,Chemicals and Allied Products,57900.0,125626.4406,,LTM,LTM,LTM,LTM
A268280,"Miwon Specialty Chemical Co., Ltd.",0.2052852106136488,0.20249921061364878,0.887749287907826,5.90828004769676,4.56535137896592,6.83690672403227,1.21098689457074,Materials,Materials,Chemicals,Specialty Chemicals,Industrial Organic Chemicals,124500.0,602580.0,,LTM,LTM,LTM,LTM
A033160,"MK Electron Co., Ltd.",-0.012347539782601969,-0.003363539782601968,1.03224304145895,17.6449831030869,12.4303059369576,5.4205946337926,0.814382005389933,Information Technology,Semiconductors and Semiconductor Equipment,Semiconductors and Semiconductor Equipment,Semiconductors,Drawing and Insulating of Nonferrous Wire,13920.0,322475.4528,,2026E,2026E,LTM,2026E
A484870,"MNC Solution Co.,Ltd",,0.6704717161610786,,,,23.425623973971,3.4778380795579,Industrials,Capital Goods,Machinery,Industrial Machinery and Supplies and Components,"Ordnance And Accessories, Except Vehicles And Guided Missiles",15410.0,423184.797,,,,,LTM
A095500,"MNtech Co., Ltd.",-0.05912761595974606,-0.04043461595974606,0.647018672323373,14.6536207663929,8.36694574855041,13.7668130799078,0.630077665371435,Materials,Materials,Chemicals,Commodity Chemicals,Miscellaneous Plastics Products,6740.0,191229.86142,,LTM,LTM,LTM,LTM
A142760,MOA Life Plus Co. Ltd.,-0.3394062207339882,-0.4348562207339882,1.81036453061039,,,,0.460087455427347,Health Care,"Pharmaceuticals, Biotechnology and Life Sciences",Biotechnology,Biotechnology,"Biological Products, Except Diagnostic Substances",349.0,14716.276020000001,,LTM,,,
A288980,"Moadata Co., Ltd.",-0.3843772753258551,-0.7501362753258551,3.10009173927212,,,,1.30151748338838,Information Technology,Software and Services,Software,Application Software,Prepackaged Software,395.0,14370.644705,,LTM,,,
A033200,"Moatech Co., Ltd.",0.18546715916641238,0.18466815916641238,,,,,0.345091547386438,Industrials,Capital Goods,Electrical Equipment,Electrical Components and Equipment,"Electronic and Other Electrical Equipment and Components, except Computer Equipment",2580.0,23747.684820000002,,,,,
A101330,"MOBASE Co.,Ltd.",0.017426335255853548,0.027167335255853547,0.274820556521337,6.94221525346707,3.48386001107419,2.45290965022789,0.19985596522271,Information Technology,Technology Hardware and Equipment,"Technology Hardware, Storage and Peripherals","Technology Hardware, Storage and Peripherals",Miscellaneous Plastics Products,3310.0,73450.9191,,LTM,LTM,LTM,LTM
A012860,"Mobase Electronics Co.,Ltd.",0.042438016502501966,0.08746001650250196,0.385756932112869,12.9590323308491,6.14378528526731,7.20899530272748,0.654496264986165,Consumer Discretionary,Automobiles and Components,Automobile Components,Automotive Parts and Equipment,Motor Vehicle Parts and Accessories,2245.0,163166.92328,,LTM,LTM,LTM,LTM
A363260,Mobidays Inc.,-0.010642371447475407,0.04874362855252459,0.47267240627902,5.04393009532103,3.73948035778379,17.6264017944447,0.738800746527505,Communication Services,Media and Entertainment,Media,Advertising,Advertising,916.0,28998.413812,,LTM,LTM,LTM,LTM
A250060,"Mobiis Co., Ltd.",0.0005540266464652565,-0.08840997335353473,,,,,4.23155896045812,Information Technology,Technology Hardware and Equipment,"Electronic Equipment, Instruments and Components",Electronic Equipment and Instruments,"Measuring and Controlling Devices, not elsewhere classified",2740.0,87519.40037999999,,,,,
A087260,"Mobile Appliance, Inc.",-0.18454047783511285,-0.12418947783511283,,,,,0.174216091894782,Consumer Discretionary,Automobiles and Components,Automobile Components,Automotive Parts and Equipment,"Search, Detection, Navigation, Guidance, Aeronautical, and Nautical Systems and Instruments",247.0,8040.556667,,,,,
A348030,MOBIRIX Corporation,-0.20268500511822418,-0.18248000511822418,0.0669748509605833,,,,0.563015570430145,Communication Services,Media and Entertainment,Entertainment,Interactive Home Entertainment,Prepackaged Software,3115.0,29915.837,,LTM,,,
A080420,"Moda-InnoChips Co., Ltd.",-0.03484104978260804,-0.03883004978260804,1.73986943810627,39.9822984336349,14.8985930694927,,0.365437919098801,Information Technology,Technology Hardware and Equipment,"Electronic Equipment, Instruments and Components",Electronic Components,Electronic Components And Accessories,1640.0,129103.46007999999,,LTM,LTM,LTM,
A080420,"Moda-InnoChips Co., Ltd.",-0.03484104978260804,-0.03883004978260804,1.73986943810627,39.9822984336349,14.8985930694927,,0.365437919098801,Information Technology,Technology Hardware and Equipment,"Electronic Equipment, Instruments and Components",Electronic Components,Electronic Components And Accessories,1640.0,129103.46007999999,,LTM,LTM,LTM,
A417970,"Model Solution Co., Ltd.",0.06611399437924746,0.09817999437924746,0.481079587648208,4.59425647984583,2.90691504143131,10.2287959467351,0.966180520547874,Information Technology,Technology Hardware and Equipment,"Electronic Equipment, Instruments and Components",Electronic Manufacturing Services,Computer And Office Equipment,10260.0,65630.142,,LTM,LTM,LTM,LTM
A080160,Modetour Network Inc.,0.05395702658579912,0.08864402658579912,0.368650620256595,36.0007743820651,12.3897646815782,23.8630088261741,1.78640750541949,Consumer Discretionary,Consumer Services,"Hotels, Restaurants and Leisure","Hotels, Resorts and Cruise Lines",Transportation Services,8670.0,164048.92815,,LTM,LTM,LTM,LTM
A006920,"Mohenz.Co.,Ltd.",-0.03328571631817196,-0.061399716318171954,0.468022750242381,,,,1.21235669605649,Materials,Materials,Construction Materials,Construction Materials,"Concrete, Gypsum, And Plaster Products",3160.0,32406.896520000002,,LTM,,,
A070960,"Mona Yongpyong Co.,Ltd",-0.3738621380559266,-0.3937451380559266,2.34339409674946,39.424780051992,13.9354740954013,,0.300326285320011,Consumer Discretionary,Consumer Services,"Hotels, Restaurants and Leisure","Hotels, Resorts and Cruise Lines",Hotels and Motels,2215.0,104786.074845,,LTM,LTM,LTM,
A012690,"Monalisa Co., Ltd",0.08819099726028588,0.5206599972602859,,,,13.9846532280358,2.79733260417098,Consumer Staples,Household and Personal Products,Household Products,Household Products,Paper Mills,1415.0,51733.496625,,,,,LTM
A005360,"Monami Co., Ltd.",-0.0943996934614935,-0.1502756934614935,0.749768405548387,,61.4177345892011,,0.360392188336377,Industrials,Commercial and Professional Services,Commercial Services and Supplies,Office Services and Supplies,"Office Machines, not elsewhere classified",1375.0,25983.797125,,LTM,,LTM,
A434480,"MONITORAPP Co., Ltd.",0.1560321616552656,0.12282916165526558,0.77651326911338,13.2198092892301,7.64112438761737,15.9322640980845,0.83821283977368,Information Technology,Software and Services,Software,Systems Software,Prepackaged Software,2540.0,30026.102000000003,,LTM,LTM,LTM,LTM
A008420,"Moonbaesteel Co.,Ltd",,0.03141000194154581,,,,10.2148085493899,0.521159861627944,Materials,Materials,Metals and Mining,Steel,"Steel Works, Blast Furnaces, And Rolling And Finishing Mills",2150.0,39920.9506,,,,,LTM
A009580,"Moorim P&P Co., Ltd.",-0.008217805477785663,-0.034754805477785665,1.30040198334934,,17.4726837877885,,0.177789101336623,Materials,Materials,Paper and Forest Products,Paper Products,Paper and Allied Products,1617.0,100842.229026,,LTM,,LTM,
A009200,"Moorim Paper Co., Ltd.",-0.021774487532758686,-0.04198848753275869,1.18153821707345,103.381084616744,15.590275681018401,,0.151969499815332,Materials,Materials,Paper and Forest Products,Paper Products,Paper and Allied Products,1519.0,63204.54189,,LTM,LTM,LTM,
A001810,"Moorim SP Co., Ltd.",0.03827048304722675,0.044594483047226754,0.366625645648626,54.2924815506867,21.4663994590638,,0.134238852697012,Materials,Materials,Paper and Forest Products,Paper Products,Paper and Allied Products,1160.0,25679.5,,LTM,LTM,LTM,
A413390,"MOT Co.,Ltd.",-0.042418168631660945,-0.0070761686316609465,0.590529548796295,10.5338580085908,7.48923696690633,23.5196832379457,1.40995667284743,Industrials,Capital Goods,Machinery,Industrial Machinery and Supplies and Components,"Special Industry Machinery, not elsewhere classified",7230.0,83724.7014,,LTM,LTM,LTM,LTM
A463480,"MOTIVELINK co.,ltd",-0.012177333827287348,0.006573666172712649,0.733395438698595,,,,1.42048476456383,Consumer Discretionary,Automobiles and Components,Automobile Components,Automotive Parts and Equipment,Motor Vehicle Parts and Accessories,3895.0,48260.444410000004,,LTM,,,
A009680,Motonic Corporation,0.018148649849018653,0.05461664984901865,,,,8.24017635881229,0.460282955782057,Consumer Discretionary,Automobiles and Components,Automobile Components,Automotive Parts and Equipment,Motor Vehicle Parts and Accessories,10100.0,218494.2494,,,,,LTM
A118990,"Motrex Co., Ltd",0.10150333239852186,0.12766333239852187,0.521383641256902,7.77577250078431,5.66878295166729,4.98703543647364,0.481221039088914,Consumer Discretionary,Automobiles and Components,Automobile Components,Automotive Parts and Equipment,Motor Vehicle Parts and Accessories,5500.0,134087.756,,2026E,2026E,LTM,2026E
A259630,mPLUS Corp.,0.31955418116059753,0.3719061811605975,0.375351241714352,2.45756604165093,2.28316812962436,4.48579586211979,0.996819354218594,Industrials,Capital Goods,Electrical Equipment,Electrical Components and Equipment,"Miscellaneous Electrical Machinery, Equipment, and Supplies",8940.0,107388.1293,,LTM,LTM,LTM,LTM
A207760,Mr. Blue Corporation,-0.3789562342788394,-0.38390423427883946,0.159713903010562,,5.28037041671477,,0.754476703731049,Communication Services,Media and Entertainment,Media,Publishing,"Computer Programming, Data Processing, And Other Computer Related Services",384.0,31635.346559999998,,LTM,,LTM,
A123040,"MS Autotech Co.,Ltd",-0.06516831963731053,-0.10164731963731052,0.589946815874604,58.3161140345915,10.357980971529,,0.523575357565319,Consumer Discretionary,Automobiles and Components,Automobile Components,Automotive Parts and Equipment,Motor Vehicle Parts and Accessories,1757.0,96670.083776,,LTM,LTM,LTM,
A009780,"MSC Co., Ltd.",0.08940442509569249,0.1280504250956925,0.714658661138311,4.77779111804176,3.871128728117,5.2698763683148,0.632981947653998,Materials,Materials,Chemicals,Specialty Chemicals,Miscellaneous Food Preparations And Kindred Products,6890.0,121264.00000000001,,LTM,LTM,LTM,LTM
A033920,"Muhak Co., Ltd.",0.009086073096926283,0.07310007309692629,1.63714304039041,29.4800147274566,9.74866407846343,7.50904865474326,0.351662834837287,Consumer Staples,"Food, Beverage and Tobacco",Beverages,Distillers and Vintners,Distilled and Blended Liquors,7590.0,201035.32812000002,,LTM,LTM,LTM,LTM
A067280,Multicampus Corporation,0.056946162904602644,0.13004116290460266,,,,6.05686172626983,0.62632120682248,Consumer Discretionary,Consumer Services,Diversified Consumer Services,Education Services,Educational Services,23250.0,137797.61174999998,,,,,LTM
A347890,MX On CORPORATION,4.484451623089329,4.535589623089329,0.248547574340771,5.27027759784946,8.03038639672456,9.375,1.04105438186603,Information Technology,Technology Hardware and Equipment,"Electronic Equipment, Instruments and Components",Electronic Equipment and Instruments,Computer And Office Equipment,4490.0,76389.28596000001,,2026E,2026E,LTM,2026E
A007820,MX Robotics Inc.,0.10400870782814237,0.07586970782814237,0.609253822967033,21.741999172549,,21.2442396313364,1.71035129192346,Industrials,Capital Goods,Machinery,Industrial Machinery and Supplies and Components,"Search, Detection, Navigation, Guidance, Aeronautical, and Nautical Systems and Instruments",4295.0,84684.81565,,2026E,2026E,,2026E
A028090,"Neo Purple Co., Ltd.",,,,,,,,Consumer Staples,"Food, Beverage and Tobacco",Food Products,Packaged Foods and Meats,Wholesale Trade-Durable Goods,,,,,,,
A009900,"Myoung Shin Industrial Co.,Ltd",0.14697399041838483,0.16625999041838485,0.219276638401105,3.24608507159656,2.08357777079573,4.61538461538461,0.495332465113599,Consumer Discretionary,Automobiles and Components,Automobile Components,Automotive Parts and Equipment,Motor Vehicle Parts and Accessories,7650.0,401396.51745,,2026E,2026E,2026E,2026E
A317450,Myung In Pharmaceutical LTD.,0.11714317720085007,0.14292017720085007,0.748626994534956,2.23150114912957,2.0224741292453,7.3346496703871,0.843191179215546,Health Care,"Pharmaceuticals, Biotechnology and Life Sciences",Pharmaceuticals,Pharmaceuticals,Pharmaceutical Preparations,45300.0,661380.0,,LTM,LTM,LTM,LTM
A017180,"MYUNGMOON Pharm co.,Ltd",0.026234998929225668,0.024536998929225666,0.709906418648184,17.4278762123731,11.6968201679821,13.7131539304072,0.423310417558155,Health Care,"Pharmaceuticals, Biotechnology and Life Sciences",Pharmaceuticals,Pharmaceuticals,Pharmaceutical Preparations,1218.0,40715.707158,,LTM,LTM,LTM,LTM
A101400,"N Citron, Inc.",-0.05968242646095657,-0.06684942646095657,0.203539207403786,,,,0.619655678533651,Information Technology,Semiconductors and Semiconductor Equipment,Semiconductors and Semiconductor Equipment,Semiconductors,Semiconductors and Related Devices,1789.0,21005.709877,,LTM,,,
A008260,"N.I Steel Co., Ltd.",0.09753914353897891,0.13666614353897893,1.08647748931275,10.2592542236987,5.22774494137664,,,Materials,Materials,Metals and Mining,Steel,"Steel Works, Blast Furnaces (Including Coke Ovens), and Rolling Mills",3430.0,96682.65852,,LTM,LTM,LTM,
A227950,"N2Tech Co.,Ltd",0.1112822793689322,0.2518352793689322,1.90829339524635,,,14.6095381963682,0.533710857640849,Information Technology,Semiconductors and Semiconductor Equipment,Semiconductors and Semiconductor Equipment,Semiconductor Materials and Equipment,"Special Industry Machinery, not elsewhere classified",1508.0,52038.379172,,LTM,,,LTM
A153460,Nable Inc.,,0.04020000528560284,0.961105613233945,5.79623905594943,5.09970309431089,10.7439087067342,1.20236994298954,Information Technology,Software and Services,Software,Application Software,Prepackaged Software,5950.0,38093.8992,,LTM,LTM,LTM,LTM
A267320,"Naintech CO.,LTD.",-0.04620685749285984,-0.13124885749285986,1.66285541286638,,,,1.34673607790022,Industrials,Capital Goods,Machinery,Industrial Machinery and Supplies and Components,"Special Industry Machinery, Except Metalworking",2075.0,118593.4212,,LTM,,,
A091590,"Nam Hwa Construction Co.,Ltd",0.11134485048703943,0.11632385048703944,0.941046250331702,5.55051206273683,5.50322651740612,6.40658243744864,0.434396541339577,Industrials,Capital Goods,Construction and Engineering,Construction and Engineering,Heavy Construction Other Than Building Construction Contractors,5980.0,70205.2,,LTM,LTM,LTM,LTM
A025860,Namhae Chemical Corporation,0.04646401576833396,0.08398201576833397,0.250987879896475,19.7526943133373,8.25067724578696,22.5998304503002,0.532384140710549,Materials,Materials,Chemicals,Fertilizers and Agricultural Chemicals,Agricultural Chemicals,6000.0,287692.17,,LTM,LTM,LTM,LTM
A111710,"Namhwa Industrial Co., Ltd.",0.0030997590832934872,0.024317759083293485,1.52004863639207,3.52024638771215,3.05821918150186,9.8061246999682,0.360908533389942,Consumer Discretionary,Consumer Services,"Hotels, Restaurants and Leisure",Leisure Facilities,Miscellaneous Amusement And Recreation,3120.0,64234.560000000005,,LTM,LTM,LTM,LTM
A001260,"Namkwang Engineering & Construction Co., Ltd.",0.04259387387182906,0.045144873871829055,0.0645063089739871,4.88902185361302,3.46683854728405,11.7919071846929,0.612908111871363,Industrials,Capital Goods,Construction and Engineering,Construction and Engineering,Engineering Services,7720.0,75839.07208000001,,LTM,LTM,LTM,LTM
A008350,"Namsun Aluminum Co., Ltd.",-0.014318125780129651,0.01032987421987035,0.565088258834545,,,,0.443170572851362,Materials,Materials,Metals and Mining,Aluminum,Secondary Smelting and Refining of Nonferrous Metals,939.0,121494.37422,,LTM,,,
A004270,Namsung Corp.,0.04035204700457313,-0.01585395299542687,1.12189018153114,113.295592878225,76.1584292059615,3.98769851013919,0.187212270309382,Consumer Discretionary,Consumer Durables and Apparel,Household Durables,Consumer Electronics,Household Audio and Video Equipment,4890.0,19911.723029999997,,LTM,LTM,LTM,LTM
A242040,"Namu Tech Co.,Ltd.",0.3697004616986609,0.32188646169866086,0.838690183468152,26.4409139971545,17.8286688552338,,2.88876445593563,Information Technology,Software and Services,IT Services,IT Consulting and Other Services,"Computer Programming, Data Processing, And Other Computer Related Services",3225.0,106867.1733,,LTM,LTM,LTM,
A190510,"Namuga Co., Ltd.",-0.03883803556511444,0.05569896443488556,0.173426826044094,3.32338067442063,2.01875972015844,9.61860914636926,1.12740832577713,Information Technology,Technology Hardware and Equipment,"Electronic Equipment, Instruments and Components",Electronic Components,"Electronic Components, not elsewhere classified",12930.0,178993.84314,,LTM,LTM,LTM,LTM
A003920,"Namyang Dairy Products Co., Ltd",0.024817337303027702,0.0194523373030277,0.257329020011186,42.3066969744401,7.86585975569179,35.3776558678771,0.263904066748748,Consumer Staples,"Food, Beverage and Tobacco",Food Products,Packaged Foods and Meats,Dairy Products,41800.0,323192.0824,,LTM,LTM,LTM,LTM
A091970,"LSKAIROBOT CO., LTD",-0.010587872449319045,-0.35485787244931905,0.816633404806969,,29.8071310507988,,1.30048006560143,Materials,Materials,Chemicals,Specialty Chemicals,Miscellaneous Plastics Products,3965.0,28862.083509999997,,LTM,,LTM,
A187790,"NANO Co., Ltd.",0.008142984755611815,0.10680498475561181,1.43713658138236,24.9122031461258,15.4856589780329,38.5014708427064,2.36635938106245,Materials,Materials,Chemicals,Specialty Chemicals,Miscellaneous Chemical Products,2960.0,90778.34856,,LTM,LTM,LTM,LTM
A247660,"NANOCMS Co.,Ltd",0.09625390023969765,0.04066290023969764,0.839334128581932,,,,0.568170187963713,Materials,Materials,Chemicals,Specialty Chemicals,Chemicals and Allied Products,2375.0,10144.104749999999,,LTM,,,
A039860,"NanoEntek, Inc.",0.097783589448421,0.085449589448421,2.41412909054633,83.9582167143903,20.479775439321,50.3901606981902,1.56655041877127,Health Care,"Pharmaceuticals, Biotechnology and Life Sciences",Life Sciences Tools and Services,Life Sciences Tools and Services,Laboratory Analytical Instruments,3675.0,139991.969775,,LTM,LTM,LTM,LTM
A286750,"NanoSilikhan Advanced Materials Co., Ltd.",-0.034042228823782356,-0.09435722882378239,6.25340670794897,,,,1.75461056586564,Materials,Materials,Chemicals,Specialty Chemicals,Chemicals and Allied Products,1425.0,45639.8601,,LTM,,,
A417010,NanoTIM Co. Ltd.,0.024464427008832484,0.04104842700883249,3.94752721022448,,67.2946895130113,,2.20649469092968,Materials,Materials,Chemicals,Specialty Chemicals,Miscellaneous Chemical Products,4930.0,99451.54904,,LTM,,LTM,
A405920,"NARA CELLAR Co., Ltd.",0.042123069492520177,0.053028069492520175,0.726249937096612,28.9963437404421,12.0887800303407,,0.379221020372848,Consumer Discretionary,Consumer Discretionary Distribution and Retail,Distributors,Distributors,"Beer, Wine, And Distilled Alcoholic Beverages",1879.0,23360.466447,,LTM,LTM,LTM,
A051490,"Nara Mold & Die Co., Ltd.",-0.022365691081369037,0.022073308918630963,0.598001472520566,,23.0051047086083,32.7348458254108,0.342034197117007,Industrials,Capital Goods,Machinery,Industrial Machinery and Supplies and Components,"Special Industry Machinery, not elsewhere classified",2575.0,34008.939125,,LTM,,LTM,LTM
A478340,NARA SPACE TECHNOLOGY Inc.,,,,,,,,Industrials,Capital Goods,Aerospace and Defense,Aerospace and Defense,"Search, Detection, Navigation, Guidance, Aeronautical, and Nautical Systems and Instruments",9700.0,111875.8327,,,,,
A137080,Narae Nanotech Corporation,0.6529053086222777,0.5875183086222777,0.294223865822586,10.4227053513022,2.7077752871228,1.13053501496431,0.548255345540146,Industrials,Capital Goods,Machinery,Industrial Machinery and Supplies and Components,"Special Industry Machinery, not elsewhere classified",6770.0,74872.28693999999,,LTM,LTM,LTM,LTM
A168330,"Naturalendo Tech Co., Ltd.",-0.09899304215654257,-0.16859604215654256,3.38500583409131,,,,2.77913235354209,Health Care,"Pharmaceuticals, Biotechnology and Life Sciences",Biotechnology,Biotechnology,"Biological Products, Except Diagnostic Substances",2080.0,65672.54927999999,,LTM,,,
A043910,"Nature & Environment Co.,Ltd.",-0.1319558515183722,-0.1567998515183722,1.88658256930155,,,,0.462818616698043,Industrials,Commercial and Professional Services,Commercial Services and Supplies,Environmental and Facilities Services,"Concrete, Gypsum, And Plaster Products",3275.0,37135.044875,,LTM,,,
A007390,"NatureCell Co.,Ltd.",-0.03789210907198802,-0.045328109071988025,72.3589613263097,,,,23.9004476980793,Health Care,"Pharmaceuticals, Biotechnology and Life Sciences",Biotechnology,Biotechnology,"Biological Products, Except Diagnostic Substances",23350.0,1504558.5576000002,,LTM,,,
A293580,NAU IB Capital,,-0.2574350816888585,,,,,1.35047623431322,Financials,Financial Services,Capital Markets,Asset Management and Custody Banks,"Short-Term Business Credit Institutions, Except Agricultural",1413.0,133853.41935,,,,,
A459510,"NAU Robotics Co.,Ltd",-0.42152101277339754,-0.7589400127733976,17.3761613896286,,,,12.90531972108,Industrials,Capital Goods,Machinery,Industrial Machinery and Supplies and Components,Miscellaneous Industrial And Commercial Machinery And Equipment,14790.0,191950.26978,,LTM,,,
A035420,NAVER Corporation,0.19050130090911016,0.20832530090911017,2.25103857969703,14.0080164861549,10.1932454641282,16.9374641815073,1.11280616522158,Communication Services,Media and Entertainment,Interactive Media and Services,Interactive Media and Services,"Computer Programming, Data Processing, And Other Computer Related Services",220000.0,32915257.540000003,,2026E,2026E,2026E,2026E
A0004V0,"NBR Motion Co., Ltd.",0.10437957963626501,-0.12555042036373498,1.05849025982196,15.7836821929204,5.33998828682635,11.373092926491,1.96947669030379,Industrials,Capital Goods,Machinery,Industrial Machinery and Supplies and Components,Non-operating Establishments,5710.0,59409.512279999995,,2026E,2026E,2026E,2026E
A236810,NBT Inc.,0.0107989144531742,-0.1523940855468258,0.151994884546301,,,,1.19032025455665,Communication Services,Media and Entertainment,Media,Advertising,Advertising,1437.0,23175.57675,,LTM,,,
A482630,NC Chem Corporation,0.42373478842060736,0.4205577884206073,2.01420290474191,13.7221945098193,10.0272636439859,10.9226852773461,2.25292419219059,Information Technology,Semiconductors and Semiconductor Equipment,Semiconductors and Semiconductor Equipment,Semiconductor Materials and Equipment,Photographic Equipment and Supplies,12830.0,280826.6324,,LTM,LTM,LTM,LTM
A036570,NC Corporation,0.9724896799988153,0.9435016799988153,1.01528038481086,5.7162675575692,4.56662168145982,10.3235606202727,1.2078020919221,Communication Services,Media and Entertainment,Entertainment,Interactive Home Entertainment,"Computer Programming, Data Processing, And Other Computer Related Services",220500.0,4276031.4765,,2026E,2026E,2026E,2026E
A092600,"NC& Co.,Ltd",0.1372173596844916,-0.008360640315508386,0.220799046657326,1.41148165355932,0.985765977798773,0.626833631484794,0.227639206166753,Information Technology,Semiconductors and Semiconductor Equipment,Semiconductors and Semiconductor Equipment,Semiconductors,Printed Circuit Boards,1752.0,8581.08576,,LTM,LTM,LTM,LTM
A238090,"NDFOS Co., Ltd.",-0.006752140675934649,0.019403859324065346,1.13427903621146,16.8340716616823,9.61924234040178,12.6084603652446,0.511133300584538,Materials,Materials,Chemicals,Commodity Chemicals,Unsupported Plastics Film and Sheet,1853.0,55052.042599,,LTM,LTM,LTM,LTM
A311390,"Neo Cremar Co., Ltd.",-0.018445841374183064,0.014842158625816934,0.901646138324467,18.3143671647944,6.45349079869414,16.6629396576602,0.442986595438669,Consumer Staples,"Food, Beverage and Tobacco",Food Products,Packaged Foods and Meats,Food and Kindred Products,2430.0,30532.860090000002,,LTM,LTM,LTM,LTM
A085910,"Neo Technical System Co., Ltd.",0.6639540537802446,0.7038610537802447,2.09843655409541,11.1017286266667,9.71401254833333,18.9104638619202,2.94340050988035,Industrials,Capital Goods,Machinery,Industrial Machinery and Supplies and Components,Metalworking Machinery And Equipment,16310.0,207660.07801,,2026E,2026E,2026E,2026E
A212560,"NEOOTO CO., Ltd",0.10595419947983883,0.12724719947983884,0.429478349200415,7.2531477785695,4.10741360494919,8.85185407123677,0.86006273542236,Consumer Discretionary,Automobiles and Components,Automobile Components,Automotive Parts and Equipment,Motor Vehicle Parts and Accessories,9730.0,114927.17936,,LTM,LTM,LTM,LTM
A092730,"NeoPharm CO., LTD.",0.3110946208995919,0.3621926208995919,1.37683950542732,6.27009581590909,5.80808875578947,11.9553941908714,1.845503124499,Consumer Staples,Household and Personal Products,Personal Care Products,Personal Care Products,Pharmaceutical Preparations,22700.0,355056.5112,,2026E,2026E,2026E,2026E
A094860,"NEORIGIN Co., Ltd.",-0.2882357764656507,-0.4035997764656507,2.58662802034975,,,,0.969293787268962,Communication Services,Media and Entertainment,Entertainment,Interactive Home Entertainment,Prepackaged Software,1262.0,67005.282978,,LTM,,,
A253590,Neosem Inc.,0.03826874305445103,0.039846743054451024,6.83600986026758,138.857919189421,84.0840813965919,81.9801775900928,3.83764629001391,Information Technology,Semiconductors and Semiconductor Equipment,Semiconductors and Semiconductor Equipment,Semiconductor Materials and Equipment,"Special Industry Machinery, not elsewhere classified",10500.0,453525.47099999996,,LTM,LTM,LTM,LTM
A095660,NEOWIZ,0.07385189929606599,0.04991589929606599,0.161545976250267,2.01186481709386,1.40690838333333,7.7357689039932,0.664461782658915,Communication Services,Media and Entertainment,Entertainment,Interactive Home Entertainment,"Computer Programming, Data Processing, And Other Computer Related Services",17710.0,342748.09415,,2026E,2026E,2026E,2026E
A042420,NEOWIZ HOLDINGS Corporation,0.07185315323103256,0.11630615323103256,0.328010709242043,2.85362248776958,2.24741794786216,4.78274199165649,0.421454047026622,Communication Services,Media and Entertainment,Entertainment,Interactive Home Entertainment,"Computer Programming, Data Processing, And Other Computer Related Services",23350.0,144372.3495,,LTM,LTM,LTM,LTM
A330860,Nepes Ark Corporation,0.22526994701546044,0.25977094701546044,3.28143600267701,30.6506255516729,5.16101179814138,24.606573599091,1.93844819592753,Information Technology,Semiconductors and Semiconductor Equipment,Semiconductors and Semiconductor Equipment,Semiconductors,Electronic Components And Accessories,24950.0,303991.92274999997,,LTM,LTM,LTM,LTM
A033640,Nepes Corporation,0.18798983321334964,0.36471583321334966,1.27635888853555,13.3560285059727,4.60390159088235,12.7145708582834,3.55932100170184,Information Technology,Semiconductors and Semiconductor Equipment,Semiconductors and Semiconductor Equipment,Semiconductors,Semiconductors and Related Devices,18290.0,421752.80458,,2026E,2026E,2026E,2026E
A217270,Neptune Company,-0.11132897279044945,-0.11966597279044944,0.773336352361647,,12.752635333586401,,0.342945536531464,Communication Services,Media and Entertainment,Entertainment,Interactive Home Entertainment,Prepackaged Software,2440.0,109621.25536,,LTM,,LTM,
A251270,Netmarble Corporation,0.09150586636683307,0.08882586636683307,1.18470716057578,10.8249312134732,7.77624488971745,7.42184277064777,0.533218174747305,Communication Services,Media and Entertainment,Entertainment,Interactive Home Entertainment,Prepackaged Software,36450.0,2983562.6629500003,,2026E,2026E,2026E,2026E
A053290,"Neungyule Education, Inc.",-0.102749997923259,0.012960002076741002,,,,,0.40593378081126,Consumer Discretionary,Consumer Services,Diversified Consumer Services,Education Services,"Books: Publishing, or Publishing and Printing",1841.0,28518.119119,,,,,
A348340,"Neuromeka Co., Ltd.",-0.545163216388521,-1.785620216388521,21.4143924946186,,,,9.23443572795796,Industrials,Capital Goods,Machinery,Industrial Machinery and Supplies and Components,Miscellaneous Industrial And Commercial Machinery And Equipment,19820.0,368924.04932,,LTM,,,
A380550,"NEUROPHET, Inc.",,5.996314896962514,31.8343299013377,,,,5.20734447302086,Health Care,Health Care Equipment and Services,Health Care Technology,Health Care Technology,Prepackaged Software,7690.0,93809.27954,,LTM,,,
A462310,"New Kids On Co., Ltd.",-0.13920410836220665,-0.12903610836220664,0.572055403361403,,74.4919299153963,,0.709668093417777,Consumer Discretionary,Consumer Durables and Apparel,"Textiles, Apparel and Luxury Goods","Apparel, Accessories and Luxury Goods",Non-operating Establishments,3940.0,31168.745059999997,,LTM,,LTM,
A144960,New Power Plasma,0.27278990775471906,0.2705209077547191,1.04800318168625,11.6830555,6.30282877763924,9.25560538116592,1.39688893162076,Information Technology,Semiconductors and Semiconductor Equipment,Semiconductors and Semiconductor Equipment,Semiconductor Materials and Equipment,"Special Industry Machinery, not elsewhere classified",9800.0,396564.6734,,2026E,2026E,2026E,2026E
A463020,"NEWEN AI Co.,Ltd",,,,,,,,Information Technology,Software and Services,Software,Systems Software,Computer Processing and Data Preparation and Processing Services,9740.0,86483.40800000001,,,,,
A085670,"NewFlex Technology Co., Ltd.",0.06283404243534628,0.07304204243534627,0.534523907479325,9.20708409371027,3.72559828428067,7.61145851490637,0.667998624178299,Information Technology,Technology Hardware and Equipment,"Electronic Equipment, Instruments and Components",Electronic Components,Electronic Components And Accessories,2790.0,68355.79236,,LTM,LTM,LTM,LTM
A099440,"Smec Co.,Ltd",0.30476551755656356,0.22942551755656357,1.90638880445158,17.7522273713675,,15.6349206349206,2.84092327217338,Industrials,Capital Goods,Machinery,Industrial Machinery and Supplies and Components,Radio and Television Broadcasting and Communications Equipment,3720.0,242862.03024000002,,2026E,2026E,,2026E
A270870,"Newtree Co., Ltd.",-0.026301504390783777,-0.021303504390783778,0.0917070035844253,,,,0.349146106659373,Consumer Staples,Household and Personal Products,Personal Care Products,Personal Care Products,"Perfumes, Cosmetics, and Other Toilet Preparations",4015.0,36114.306690000005,,LTM,,,
A351320,"Nexa Dynamics Co., Ltd.",-1.0158627838674938,-1.119946783867494,12.2001221987145,,,,1.86226958675803,Information Technology,Semiconductors and Semiconductor Equipment,Semiconductors and Semiconductor Equipment,Semiconductor Materials and Equipment,"Special Industry Machinery, not elsewhere classified",1260.0,37420.024320000004,,LTM,,,
A005720,Nexen Corporation,0.04010797267461023,0.08991997267461023,0.780547483304145,12.803503300298,5.28571222122886,3.05437246552241,0.205298706354506,Consumer Discretionary,Automobiles and Components,Automobile Components,Tires and Rubber,Tires and Inner Tubes,5960.0,303164.9956,,LTM,LTM,LTM,LTM
A002350,Nexen Tire Corporation,0.12845791458813094,0.16961991458813094,0.559978072987088,10.7616829401125,4.10535780555615,4.74888251615851,0.289803576142728,Consumer Discretionary,Automobiles and Components,Automobile Components,Tires and Rubber,Tires and Inner Tubes,6340.0,656112.81684,,2026E,2026E,2026E,2026E
A225570,"NEXON Games Co., Ltd.",0.37046006344569393,0.306369063445694,1.91471680802973,20.2512768593154,12.8684070730046,23.4099770729649,2.67506927244369,Communication Services,Media and Entertainment,Entertainment,Interactive Home Entertainment,Prepackaged Software,8940.0,562214.4466799999,,2026E,2026E,2026E,2026E
A389650,"Next Biomedical Co.,Ltd.",0.41217016802611856,0.4013701680261185,11.531110856733,,,,5.76955571388892,Health Care,Health Care Equipment and Services,Health Care Equipment and Supplies,Health Care Equipment,Electromedical and Electrotherapeutic Apparatus,31450.0,260320.6447,,2026E,,,
A160550,"Next Entertainment World Co., Ltd.",-0.028266736410637774,-0.030484736410637776,0.479049648570711,20.5957174209078,12.9338144315116,21.1641604111363,0.317449096337731,Communication Services,Media and Entertainment,Entertainment,Movies and Entertainment,Motion Picture and Video Tape Production,1005.0,28045.63653,,LTM,LTM,LTM,LTM
A396270,"Nextchip Co., Ltd.",-0.4563679519964039,-1.1074709519964039,1.75109992386296,,,,4.84129241046195,Information Technology,Semiconductors and Semiconductor Equipment,Semiconductors and Semiconductor Equipment,Semiconductors,Semiconductors and Related Devices,1983.0,65215.775673,,LTM,,,
A092790,"NEXTEEL Co., Ltd.",-0.13029946436510303,-0.024275464365103014,0.858061692578075,29.9042904070391,14.0343315620029,16.1989560096831,0.649358619652877,Materials,Materials,Metals and Mining,Steel,Steel Pipe and Tubes,11660.0,303183.32,,LTM,LTM,LTM,LTM
A137940,"NextEye Co., Ltd.",-0.00860428358680465,-0.2892782835868045,,,,,0.334084229150796,Information Technology,Technology Hardware and Equipment,"Electronic Equipment, Instruments and Components",Electronic Equipment and Instruments,"Special Industry Machinery, not elsewhere classified",1999.0,16713.595021999998,,,,,
A348210,"NEXTIN, Inc.",0.3252591964469001,0.3735521964469001,4.41273957373819,164.25847642,37.3314719136364,14.6876544011063,2.48970511659789,Information Technology,Semiconductors and Semiconductor Equipment,Semiconductors and Semiconductor Equipment,Semiconductor Materials and Equipment,"Special Industry Machinery, not elsewhere classified",33100.0,338148.87179999996,,2026E,2026E,2026E,2026E
A089140,"NEXTURN&ROLLKOREA Co., Ltd",0.24465405189924572,0.25760405189924573,2.008804362476,28.4989633058208,18.5576560191485,,0.253661666590029,Industrials,Capital Goods,Machinery,Industrial Machinery and Supplies and Components,Metalworking Machinery And Equipment,2140.0,32762.864999999998,,LTM,LTM,LTM,
A205500,"NEXUS Co., Ltd.",0.01770315877811772,0.017677158778117708,4.0625315755227,141.987478729992,55.4384743795151,,3.12620567956594,Communication Services,Media and Entertainment,Entertainment,Interactive Home Entertainment,Prepackaged Software,1674.0,136236.16314000002,,LTM,LTM,LTM,
A265740,NFC Corporation,0.0237299914891331,0.0330299914891331,,,,45.5092004939323,1.93028648121611,Materials,Materials,Chemicals,Specialty Chemicals,Miscellaneous Chemical Products,6140.0,109682.50400000002,,,,,LTM
A354200,"NGeneBio Co., Ltd.",0.29023232170291646,0.30254332170291653,1.34026207651127,,,,0.708795710242283,Health Care,"Pharmaceuticals, Biotechnology and Life Sciences",Biotechnology,Biotechnology,"Biological Products, Except Diagnostic Substances",1690.0,15102.825270000001,,LTM,,,
A400760,"NH All-One REIT Co., Ltd.",-0.01620099211172197,0.014510007888278031,14.349716754241,21.3230120170598,17.8153100140671,52.037037037037,0.718951739585147,Real Estate,Equity Real Estate Investment Trusts (REITs),Diversified REITs,Diversified REITs,Real Estate Investment Trusts,2810.0,154351.26275,,LTM,LTM,LTM,LTM
A005940,"NH Investment & Securities Co., Ltd.",,-0.5431682648261433,,,,5.86579812243948,,Financials,Financial Services,Capital Markets,Investment Banking and Brokerage,"Security Brokers, Dealers, and Flotation Companies",26100.0,9775276.4826,,,,,2026E
A054050,"NH Nongwoobio Co., Ltd.",0.022314927823496918,0.03828492782349691,0.659066880043365,9.08016882434337,5.76262416183845,8.87384163400616,0.384181389949968,Consumer Staples,"Food, Beverage and Tobacco",Food Products,Agricultural Products and Services,Agricultural Production Crops,6740.0,108045.98113999999,,LTM,LTM,LTM,LTM
A338100,"NH Prime REIT Co., Ltd.",2.346583267548493,2.558475267548493,0.385088620789598,0.504543242004993,,3.29505295696038,0.641821773682776,Real Estate,Equity Real Estate Investment Trusts (REITs),Office REITs,Office REITs,Real Estate Investment Trusts,3665.0,68388.9,,LTM,LTM,,LTM
A256840,"BNC KOREA, Inc.",-0.061462440555513066,-0.04029844055551307,1.14288652137167,,12.5537990041865,,0.744359282202254,Health Care,"Pharmaceuticals, Biotechnology and Life Sciences",Biotechnology,Biotechnology,"Biological Products, Except Diagnostic Substances",2360.0,161411.93096,,LTM,,LTM,
A273060,Wise birds Inc.,0.1642451179383156,0.1467751179383156,1.49749471656268,7.00705360749914,5.57570927831878,6.94280160044434,0.856957465277244,Communication Services,Media and Entertainment,Media,Advertising,Advertising,864.0,43597.0728,,LTM,LTM,LTM,LTM
A319400,"HYUNDAI MOVEX Co., Ltd.",0.015570242969965419,0.060965242969965416,6.78462638310896,211.65589312592,154.542448727971,262.733559871696,17.0256070407832,Industrials,Capital Goods,Construction and Engineering,Construction and Engineering,Computer Integrated Systems Design,22900.0,2522357.9415,,LTM,LTM,LTM,LTM
A339950,"Ibkimyoung Co., Ltd.",0.38785916704641976,0.42713216704641976,0.57651277218845,3.37195914755556,2.03402361447721,5.01030927835052,1.80115162299308,Consumer Discretionary,Consumer Services,Diversified Consumer Services,Education Services,Educational Services,2450.0,106241.2365,,2026E,2026E,2026E,2026E
A353190,"Hurum Co., Ltd.",-0.006803485980064089,-0.0029154859800640913,0.334896064119648,24.0994156781917,7.92316926433771,19.9952136862547,0.554565822321044,Consumer Staples,Household and Personal Products,Personal Care Products,Personal Care Products,Pharmaceutical Preparations,2685.0,21145.72287,,LTM,LTM,LTM,LTM
A359090,C&R Research Inc.,-0.0024398884407872135,-0.013628888440787211,0.387256912692224,130.061906863217,18.039816387506,9.7325560894061,0.473269935394021,Health Care,"Pharmaceuticals, Biotechnology and Life Sciences",Life Sciences Tools and Services,Life Sciences Tools and Services,Commercial Physical and Biological Research,1920.0,22068.574080000002,,LTM,LTM,LTM,LTM
A365590,HiDeep Inc.,-1.9038002824740894,-3.598374282474089,37.2949268967249,,,,,Information Technology,Semiconductors and Semiconductor Equipment,Semiconductors and Semiconductor Equipment,Semiconductors,Semiconductors and Related Devices,783.0,21130.333973999997,,LTM,,,
A391710,"Kornic Automation Co., Ltd.",0.10719163435373233,0.04138763435373233,1.19003872289704,,,,2.09126475693779,Information Technology,Software and Services,IT Services,IT Consulting and Other Services,"Computer Programming, Data Processing, And Other Computer Related Services",1152.0,49098.78144,,LTM,,,
A206640,Boditech Med Inc.,0.11334789988224231,0.12533289988224228,1.10700941124081,6.80008869569285,4.94347728686628,8.70432040225908,0.938932840941162,Health Care,Health Care Equipment and Services,Health Care Equipment and Supplies,Health Care Equipment,In Vitro and In Vivo Diagnostic Substances,10040.0,204263.61928,,LTM,LTM,LTM,LTM
A198440,"Kangdong C&L Co., Ltd.",0.016705437145877522,0.018672437145877522,1.95294593703754,19.1398944008088,8.93981130807518,142.857706866791,0.631980214575659,Materials,Materials,Construction Materials,Construction Materials,"Cement, Hydraulic",1272.0,77505.37171200001,,LTM,LTM,LTM,LTM
A481890,Nh Special Purpose Acquisition 31 Company,,,,,,74.1673049903606,1.00707264042949,Financials,Financial Services,Capital Markets,Asset Management and Custody Banks,Non-operating Establishments,2065.0,13102.425,,,,,LTM
A0054V0,Nh Special Purpose Acquisition 32 Company,,,,,,,,Financials,Financial Services,Capital Markets,Asset Management and Custody Banks,Non-operating Establishments,1986.0,12345.969,,,,,
A0130H0,NH Special Purpose Acquisition 33 Company,,,,,,,,Financials,Financial Services,Capital Markets,Asset Management and Custody Banks,Non-operating Establishments,1983.0,15269.1,,,,,
A215790,Inno Instrument Inc.,-0.19506819540854506,-0.34970119540854505,1.04946282775284,,,,0.80378247023414,Information Technology,Technology Hardware and Equipment,Communications Equipment,Communications Equipment,Radio and Television Broadcasting and Communications Equipment,676.0,27230.921328,,LTM,,,
A218410,RFHIC Corporation,0.4817843537511673,0.5246713537511674,4.73926200233258,23.3926804126277,20.3176748422581,34.3739279588336,3.55738526132755,Information Technology,Semiconductors and Semiconductor Equipment,Semiconductors and Semiconductor Equipment,Semiconductors,Electronic Components And Accessories,46700.0,1228601.2992999998,,2026E,2026E,2026E,2026E
A225570,"NEXON Games Co., Ltd.",0.37046006344569393,0.306369063445694,1.91471680802973,20.2512768593154,12.8684070730046,23.4099770729649,2.67506927244369,Communication Services,Media and Entertainment,Entertainment,Interactive Home Entertainment,Prepackaged Software,8940.0,562214.4466799999,,2026E,2026E,2026E,2026E
A104200,NHN BUGS Corporation,-0.07868199403251105,-0.06748999403251105,,,,,0.565659905998633,Communication Services,Media and Entertainment,Entertainment,Movies and Entertainment,"Computer Programming, Data Processing, And Other Computer Related Services",2550.0,31927.4637,,,,,
A181710,NHN Corporation,0.2027478767069852,0.20903687670698518,0.70057388498578,10.3195832384889,6.50035084405892,22.8851322514605,1.48006964864736,Communication Services,Media and Entertainment,Entertainment,Interactive Home Entertainment,Prepackaged Software,70800.0,2182347.5544,,2026E,2026E,2026E,2026E
A060250,NHN KCP Corp.,0.43428723627835003,0.41172623627835003,0.196417777078069,4.74445757308294,4.27001181577465,10.0319445388432,1.77159817895018,Financials,Financial Services,Financial Services,Transaction and Payment Processing Services,Computer Processing and Data Preparation and Processing Services,14160.0,534063.04872,,2026E,2026E,2026E,2026E
A138610,"NIBEC Co., Ltd.",0.1297907625643711,0.10746276256437111,6.2658440128904,31.7382401727981,20.8624385317449,,4.61796710347807,Health Care,"Pharmaceuticals, Biotechnology and Life Sciences",Biotechnology,Biotechnology,"Biological Products, Except Diagnostic Substances",16590.0,188591.68587000002,,LTM,LTM,LTM,
A130580,"Nice D&B Co., Ltd.",0.1501278282893736,0.1709228282893736,0.185699792834891,1.06445774107143,0.876612257352941,5.99355531686359,0.756440959238914,Industrials,Commercial and Professional Services,Professional Services,Research and Consulting Services,Credit Reporting Services,5560.0,85624.0,,2026E,2026E,2026E,2026E
A034310,"NICE Holdings Co., Ltd.",0.01646734032486221,0.0682683403248622,0.400669779107225,4.91571287732269,2.85280322134845,10.5682051731996,0.61756284183373,Financials,Financial Services,Financial Services,Specialized Finance,Credit Reporting Services,13190.0,461081.86713,,LTM,LTM,LTM,LTM
A036800,"Nice Information & Telecommunication, Inc.",0.3405249954318485,0.3556789954318485,,,,0.933537689842553,0.730635720047384,Financials,Financial Services,Financial Services,Transaction and Payment Processing Services,"Computer Programming, Data Processing, And Other Computer Related Services",6820.0,297895.895,,,,,2026E
A030190,"NICE Information Service Co., Ltd.",0.20066096569015363,0.26346596569015357,1.11486306358638,6.25987004914237,4.86600565153333,9.3887838689351,1.81130756118665,Industrials,Commercial and Professional Services,Professional Services,Research and Consulting Services,Credit Reporting Services,14920.0,872631.6051599999,,2026E,2026E,2026E,2026E
A063570,"NICE Infra Co., Ltd",0.19546575627852023,0.22609975627852022,0.698008915605795,8.57177525471698,2.56049003180354,7.49430523917995,0.555224408355157,Industrials,Commercial and Professional Services,Commercial Services and Supplies,Diversified Support Services,Computer Communications Equipment,3230.0,97967.08864,,2026E,2026E,2026E,2026E
A085310,"NK Co., Ltd.",0.0492053050928944,0.040107305092894396,0.0964307893545247,,3.89196802858006,,0.412106183816912,Industrials,Capital Goods,Machinery,Industrial Machinery and Supplies and Components,General Industrial Machinery And Equipment,9360.0,60635.56824,,LTM,,LTM,
A182400,"NKGen Biotech Korea Co., Ltd.",-0.07750492592372148,0.8538080740762785,26.6874642587064,,,,92.5282649644603,Health Care,"Pharmaceuticals, Biotechnology and Life Sciences",Biotechnology,Biotechnology,"Biological Products, Except Diagnostic Substances",9594.999999,172741.10697199675,,LTM,,,
A145170,Nobland International Inc.,0.024465997421895678,0.04862599742189568,0.392204739338106,21.717891273436,11.8639814289312,14.8995811030325,0.286399651076827,Consumer Discretionary,Consumer Durables and Apparel,"Textiles, Apparel and Luxury Goods","Apparel, Accessories and Luxury Goods",Apparel and Other Finished Products Made From Fabrics and Similar Materials,2770.0,45465.04044,,LTM,LTM,LTM,LTM
A004370,"Nongshim Co., Ltd.",0.1278051220118997,0.1361301220118997,0.390889410131279,6.21685207521641,4.02524768189479,13.3605306111283,0.854714380341818,Consumer Staples,"Food, Beverage and Tobacco",Food Products,Packaged Foods and Meats,Miscellaneous Food Preparations And Kindred Products,440000.0,2567042.72,,2026E,2026E,2026E,2026E
A072710,"Nongshim Holdings Co.,Ltd.",0.15849606968769267,0.17681606968769267,0.662910846354564,7.19567208073672,5.94302858231334,3.6769007417713,0.320999002731897,Consumer Staples,"Food, Beverage and Tobacco",Food Products,Packaged Foods and Meats,Miscellaneous Food Preparations And Kindred Products,92000.0,426676.68,,LTM,LTM,LTM,LTM
A000320,"NOROO Holdings Co., Ltd.",0.02248643949081494,0.08188243949081495,0.31795215098296,5.10610576629607,3.75844318929305,5.37116983693085,0.34155876973509,Materials,Materials,Chemicals,Commodity Chemicals,"Paints, Varnishes, Lacquers, Enamels, and Allied Products",16600.0,174168.54460000002,,LTM,LTM,LTM,LTM
A090350,"NOROO Paint & Coatings Co., Ltd.",0.03280307164362423,0.04534507164362424,0.181214509572196,4.01374188898498,2.78491676263983,8.27741175078951,0.387762250554257,Materials,Materials,Chemicals,Commodity Chemicals,"Paints, Varnishes, Lacquers, Enamels, and Allied Products",8020.0,164114.27052,,LTM,LTM,LTM,LTM
A486990,Nota Inc.,,2.7239345388331424,16.151374662559,,,,17.1750633843881,Information Technology,Software and Services,Software,Application Software,Prepackaged Software,18810.0,401522.58629999997,,2026E,,,
A376930,"Noul Co.,Ltd.",-1.2143983006659569,-1.1562993006659568,2.88685322075511,,,,1.04762228040157,Health Care,Health Care Equipment and Services,Health Care Equipment and Supplies,Health Care Equipment,Electromedical and Electrotherapeutic Apparatus,334.0,17131.301882,,LTM,,,
A332290,"Nousbo Co., Ltd.",0.5306016708961242,0.5214416708961241,0.438640648154839,8.29137810536585,8.60883137652017,6.64444444444444,0.975168467772568,Materials,Materials,Chemicals,Fertilizers and Agricultural Chemicals,Agricultural Chemicals,897.0,35364.217824,,2026E,2026E,LTM,2026E
A194700,"NOVAREX Co.,Ltd.",0.33190095925602914,0.3642839592560291,0.367618433061391,3.16216346894737,3.42124831927271,4.52303961196443,0.784899538449471,Consumer Staples,Household and Personal Products,Personal Care Products,Personal Care Products,Pharmaceutical Preparations,10710.0,184235.73336,,2026E,2026E,LTM,2026E
A285490,"NOVATECH Co., Ltd.",-0.08037442427266933,-0.00118942427266934,0.322615906545472,5.21268044111138,2.43958559910232,6.07709814766174,0.775444288594104,Industrials,Capital Goods,Electrical Equipment,Electrical Components and Equipment,"Miscellaneous Electrical Machinery, Equipment, and Supplies",11320.0,105790.15440000001,,LTM,LTM,LTM,LTM
A291230,NP Inc.,-0.15541174228032514,-0.14363474228032513,0.984151784014808,,,,0.932914394130933,Communication Services,Media and Entertainment,Media,Advertising,Advertising,2280.0,20107.66656,,LTM,,,
A004250,"NPC Co., Ltd.",0.042405474237605684,0.05176547423760568,0.426900928400823,7.52721487036774,2.76546276120269,7.21383885281394,0.217182088960234,Materials,Materials,Containers and Packaging,"Metal, Glass and Plastic Containers",Miscellaneous Plastics Products,2925.0,111508.19842500001,,LTM,LTM,LTM,LTM
A048830,"NPK Co.,Ltd",0.08306952926275278,0.09897052926275278,0.115182246932753,6.90919874274853,1.59640903903131,20.0674672557001,0.432321466341484,Materials,Materials,Chemicals,Commodity Chemicals,"Plastics Materials, Synthetic Resins, and Nonvulcanizable Elastomers",1071.0,20022.770187,,LTM,LTM,LTM,LTM
A222160,NPX Inc.,,,,,,,,Information Technology,Technology Hardware and Equipment,"Electronic Equipment, Instruments and Components",Electronic Equipment and Instruments,Instruments for Measuring and Testing of Electricity and Electrical Signals,,,,,,,
A475230,NRB Inc.,0.18021832382115943,0.19186232382115945,2.48257073403361,15.6863318946903,9.51931107855224,62.8476821192053,1.14750995518634,Industrials,Capital Goods,Construction and Engineering,Construction and Engineering,General Building Contractors-nonresidential,8980.0,94378.35422,,2026E,2026E,LTM,2026E
A138360,"NRobotics Co.,Ltd.",-0.08454095907495665,-0.0028599590749566455,17.4054634363939,,,,1.33236864664326,Materials,Materials,Chemicals,Specialty Chemicals,Electronic Components And Accessories,1723.0,151525.154936,,LTM,,,
A333620,"Nsys Co., Ltd.",0.14597446553716548,0.061816465537165494,1.0099281713713,,,,1.07900648341953,Industrials,Capital Goods,Machinery,Industrial Machinery and Supplies and Components,"Special Industry Machinery, not elsewhere classified",5430.0,56103.894870000004,,LTM,,,
A069410,"nTels Co., Ltd.",0.074673828117783,0.078837828117783,0.0286056513391764,1.04806312662552,0.74019805131245,3.05772229039354,0.516967971024518,Information Technology,Software and Services,Software,Application Software,Prepackaged Software,2855.0,28124.22814,,LTM,LTM,LTM,LTM
A012340,"Nuintek Co.,Ltd.",-0.22272137508425383,-0.5902763750842538,0.418972495487969,,,,0.402898631044417,Information Technology,Technology Hardware and Equipment,"Electronic Equipment, Instruments and Components",Electronic Components,"Electronic Components, not elsewhere classified",556.0,12256.50848,,LTM,,,
A123840,"Nuon Co., Ltd.",-0.17543996117783978,-0.19626896117783976,0.317864215244123,,,,0.125940506990238,Industrials,Capital Goods,Machinery,Industrial Machinery and Supplies and Components,"Special Industry Machinery, not elsewhere classified",1761.0,27379.709259,,LTM,,,
A040160,"NuriFlex Co.,Ltd.",-0.08893209525364598,-0.12656009525364598,0.846779410178104,,,,1.02555802000182,Information Technology,Technology Hardware and Equipment,Communications Equipment,Communications Equipment,Prepackaged Software,5920.0,66884.0712,,LTM,,,
A069140,"Nuriplan Co., Ltd.",0.054321029285662514,0.0797590292856625,0.638708494538949,19.2552767637531,10.3276653469887,54.9254197194432,0.657339221148223,Industrials,Capital Goods,Construction and Engineering,Construction and Engineering,Electric Lighting And Wiring Equipment,1926.0,29021.738400000002,,LTM,LTM,LTM,LTM
A060260,Nuvotec Co. Ltd.,-0.014779008820690845,0.09542999117930914,0.556899803063637,,17.1499349977589,,0.791344247886688,Industrials,Capital Goods,Building Products,Building Products,Miscellaneous Plastics Products,1066.0,14222.951496,,LTM,,LTM,
A067570,NVH Korea Inc.,-0.05460429002652864,-0.14273229002652865,0.544772877369594,,55.9688447640767,,0.346942198456734,Consumer Discretionary,Automobiles and Components,Automobile Components,Automotive Parts and Equipment,Motor Vehicle Parts and Accessories,1672.0,69783.200608,,LTM,,LTM,
A352910,"Obigo, Inc.",0.13406642718826683,0.12262542718826683,0.78328986803429,,,,1.2977022419443,Information Technology,Software and Services,Software,Application Software,Prepackaged Software,3285.0,41515.17957,,LTM,,,
A417860,OBZEN Inc.,-0.2867780031295188,-0.3608200031295188,0.805385400608701,28.613889688282,10.6439557108583,,4.65954967231642,Information Technology,Software and Services,Software,Application Software,Prepackaged Software,6630.0,31206.78678,,LTM,LTM,LTM,
A052300,"Ocean In W Co.,Ltd.",0.7199936132940701,0.65798661329407,,,,,0.076214166192582,Industrials,Capital Goods,Industrial Conglomerates,Industrial Conglomerates,Conglomerates,1341.0,21588.765704999998,,,,,
A456040,OCI Company Ltd.,0.06265001094189765,0.0029830109418976514,0.614815748427082,8.57521009168304,5.31858075142161,6.87601055229342,0.608373206400589,Materials,Materials,Chemicals,Diversified Chemicals,Chemicals and Allied Products,79500.0,711723.3525,,2026E,2026E,2026E,2026E
A010060,OCI Holdings Company Ltd.,0.2235893012995131,0.1906853012995131,1.75708995089768,21.5524593032137,11.6329124282277,25.637398776477202,1.32296405123725,Materials,Materials,Chemicals,Diversified Chemicals,Chemicals and Allied Products,266500.0,4975616.828,,2026E,2026E,2026E,2026E
A080520,"ODTech Co., Ltd.",0.015986086566787974,0.034714086566787976,,,,,0.267210203965031,Information Technology,Semiconductors and Semiconductor Equipment,Semiconductors and Semiconductor Equipment,Semiconductors,"Electronic Components, not elsewhere classified",2915.0,31189.575945,,,,,
A138080,"OE Solutions Co., Ltd.",0.2752487034109011,0.06446970341090102,3.46780426994012,44.54794716,,40.0,3.68892605936896,Information Technology,Technology Hardware and Equipment,Communications Equipment,Communications Equipment,Radio and Television Broadcasting and Communications Equipment,22750.0,269139.1885,,2026E,2026E,,2026E
A080580,"OKins Electronics Co.,Ltd.",0.7054086495086427,0.7809436495086427,2.66245403750837,14.3503389097473,10.1924202,18.3112919633774,5.99548232013503,Information Technology,Semiconductors and Semiconductor Equipment,Semiconductors and Semiconductor Equipment,Semiconductor Materials and Equipment,"Special Industry Machinery, not elsewhere classified",16590.0,349898.94345,,2026E,2026E,2026E,2026E
A045060,Okong Corporation,0.07054812656831244,0.07330112656831243,,,,5.74099236661291,0.291144418183156,Materials,Materials,Chemicals,Specialty Chemicals,Adhesives and Sealants,2080.0,35239.30592,,,,,LTM
A244460,OLIPASS Corporation,-0.9819400533237831,-1.257030053323783,1.51051362119091,,,,1.82011816293104,Health Care,"Pharmaceuticals, Biotechnology and Life Sciences",Biotechnology,Biotechnology,"Biological Products, Except Diagnostic Substances",1651.0,8400.844387000001,,LTM,,,
A226950,"OliX Pharmaceuticals, Inc",-0.5650374314396831,-0.6413524314396831,277.42328119625,,,,15.4573322270959,Health Care,"Pharmaceuticals, Biotechnology and Life Sciences",Biotechnology,Biotechnology,"Biological Products, Except Diagnostic Substances",96400.0,2030458.74,,2026E,,,
A057540,"Omnisystem Co.,Ltd.",-0.0781191303352545,-0.0909001303352545,0.361868834176449,,11.2836390357869,29.9507447205526,0.357642969782545,Information Technology,Technology Hardware and Equipment,"Electronic Equipment, Instruments and Components",Electronic Equipment and Instruments,"Industrial Instruments for Measurement, Display, and Control of Process Variables; and Related Products",662.0,39282.537822000006,,LTM,,LTM,LTM
A382150,"Oncocross Co., Ltd.",-0.19634129792260202,-0.245269297922602,58.6270170365071,,,,3.7312719513569,Health Care,"Pharmaceuticals, Biotechnology and Life Sciences",Biotechnology,Biotechnology,"Biological Products, Except Diagnostic Substances",3340.0,43574.82236,,LTM,,,
A476060,Onconic Therapeutics Inc.,0.8729575778509664,0.7855445778509664,7.38102025491081,35.0524653545212,33.9397397769886,,,Health Care,"Pharmaceuticals, Biotechnology and Life Sciences",Biotechnology,Biotechnology,"Biological Products, Except Diagnostic Substances",14770.0,670673.7968,,LTM,LTM,LTM,
A382840,"ONEJOON Co., Ltd.",-0.7943615733852168,-0.7646885733852169,0.509026093385779,,,,0.712505191627973,Industrials,Capital Goods,Machinery,Industrial Machinery and Supplies and Components,Industrial Process Furnaces and Ovens,4650.0,70630.15664999999,,LTM,,,
A192410,"ONEUL E&M co.,Ltd.",-3.407687875691411,-3.370954875691411,5.18425993541888,,,,21.4669878784868,Information Technology,Technology Hardware and Equipment,Communications Equipment,Communications Equipment,Radio and Television Broadcasting and Communications Equipment,4600.0,107281.499,,LTM,,,
A005320,ONTIDE Corp.,-0.13181986716326566,-0.11165686716326569,0.224975893428276,,,,0.545405318272614,Consumer Discretionary,Consumer Durables and Apparel,"Textiles, Apparel and Luxury Goods","Apparel, Accessories and Luxury Goods",Apparel and Other Finished Products Made From Fabrics and Similar Materials,810.0,27241.44534,,LTM,,,
A173130,"OPASNET co., Ltd.",0.04995249594477555,0.12771449594477555,0.171835124276294,3.30524372868366,2.92967706054152,5.46964610132403,1.06967815502239,Information Technology,Software and Services,IT Services,IT Consulting and Other Services,"Computer Programming, Data Processing, And Other Computer Related Services",5330.0,69519.63772,,LTM,LTM,LTM,LTM
A049480,"Openbase, Inc.",0.1594496954864365,0.15858769548643648,0.149826095022355,3.75537338312572,2.65243102164146,5.24882136367932,0.590837861632476,Information Technology,Software and Services,IT Services,IT Consulting and Other Services,Prepackaged Software,1822.0,49764.06736,,LTM,LTM,LTM,LTM
A394280,"Openedges Technology, Inc.",0.25531086196698416,0.16810886196698427,7.86237580288462,,62.1028164683544,,25.2368589350362,Information Technology,Semiconductors and Semiconductor Equipment,Semiconductors and Semiconductor Equipment,Semiconductors,Semiconductors and Related Devices,8950.0,235801.44350000002,,2026E,,2026E,
A440320,"Openknowl Co.,Ltd.",-0.10139543605763476,-0.15248743605763476,0.273680039352253,121.666137596051,8.3537907597597,,0.696657693800857,Consumer Discretionary,Consumer Services,Diversified Consumer Services,Education Services,Educational Services,2425.0,24201.5,,LTM,LTM,LTM,
A109080,Opticis Company Limited,0.045560392953167286,0.07252139295316729,0.632278573108312,3.87327299769182,3.30282448196938,10.3084386155013,0.689632990001117,Information Technology,Technology Hardware and Equipment,Communications Equipment,Communications Equipment,Radio and Television Broadcasting and Communications Equipment,8360.0,40084.76208,,LTM,LTM,LTM,LTM
A380540,OptiCore Inc.,-0.2296512309375589,-0.7929922309375588,7.24849129653731,,,,9.9433506719481,Information Technology,Technology Hardware and Equipment,Communications Equipment,Communications Equipment,Radio and Television Broadcasting and Communications Equipment,4225.0,103329.06317499999,,LTM,,,
A153710,"Optipharm.CO.,LTD",-0.03851676585689421,-0.07493876585689421,3.1609516178009,,,,2.84347761655917,Health Care,"Pharmaceuticals, Biotechnology and Life Sciences",Biotechnology,Biotechnology,Pharmaceutical Preparations,4795.0,70342.44860999999,,LTM,,,
A082210,OPTRONTEC Inc.,0.04178010863201198,-0.13918789136798804,0.770365975540009,12.5844784718571,11.2150676796179,3.84409799554566,0.918464411666111,Information Technology,Technology Hardware and Equipment,"Electronic Equipment, Instruments and Components",Electronic Components,"Electronic Components, not elsewhere classified",1690.0,57960.393789999995,,2026E,2026E,LTM,2026E
A131030,"OPTUS Pharmaceutical Co., Ltd.",0.1296369447102572,0.12478994471025719,0.755258544020622,6.37287319976482,4.39413511749083,7.29671921431871,0.573332163510729,Health Care,Health Care Equipment and Services,Health Care Equipment and Supplies,Health Care Supplies,Pharmaceutical Preparations,5600.0,98820.904,,LTM,LTM,LTM,LTM
A046120,"Orbitech Co., Ltd.",0.23643373598470724,0.15884573598470722,4.09213808472644,,,9.03293629157398,1.49930404143618,Industrials,Commercial and Professional Services,Professional Services,Research and Consulting Services,"Business Services, not elsewhere classified",4335.0,145337.338485,,LTM,,,LTM
A476040,Organoidsciences Ltd.,-0.6817957785245022,-0.8304187785245023,19.4443227559755,,,,2.43811841677652,Health Care,"Pharmaceuticals, Biotechnology and Life Sciences",Biotechnology,Biotechnology,Pharmaceutical Preparations,6910.0,45507.601599999995,,LTM,,,
A010470,Oricom Inc.,0.06782391491736041,0.08017691491736041,,,,5.98687527519345,0.432590053943045,Communication Services,Media and Entertainment,Media,Advertising,Advertising,4670.0,54411.799829999996,,,,,LTM
A002630,ORIENT BIO Inc.,-0.10514700152306666,-0.30926000152306665,,,,,1.05832532430026,Health Care,"Pharmaceuticals, Biotechnology and Life Sciences",Life Sciences Tools and Services,Life Sciences Tools and Services,Testing Laboratories,921.0,54600.622023,,,,,
A065500,Orient Precision Industries Inc,-0.03753209886569137,0.021393901134308627,0.491151250366178,,189.568447380213,,0.953228824458698,Consumer Discretionary,Automobiles and Components,Automobile Components,Automotive Parts and Equipment,Motor Vehicle Parts and Accessories,1124.0,40156.646696,,LTM,,LTM,
A014940,"Oriental Precision & Engineering Co.,Ltd.",0.1968787597741438,0.22792875977414379,0.859713634191141,6.87890408607222,6.48470500457593,10.2854639785887,1.56316058893223,Industrials,Capital Goods,Machinery,Construction Machinery and Heavy Transportation Equipment,Ship And Boat Building And Repairing,4610.0,209973.00229,,LTM,LTM,LTM,LTM
A271560,ORION Corp.,0.20570957765719483,0.24133057765719484,1.00919479971989,5.89834401653392,4.67980165381856,10.1519875815087,1.21124150467269,Consumer Staples,"Food, Beverage and Tobacco",Food Products,Packaged Foods and Meats,Sugar And Confectionery Products,124900.0,4937145.6212,,2026E,2026E,2026E,2026E
A001800,ORION Holdings Corp.,0.10258182577739475,0.17359382577739474,0.843783493991937,6.12682922531762,3.89658348812088,10.9282997323059,0.602133290312775,Consumer Staples,"Food, Beverage and Tobacco",Food Products,Packaged Foods and Meats,Sugar And Confectionery Products,25350.0,1524971.1282,,LTM,LTM,LTM,LTM
A475830,"Orum Therapeutics, Inc.",-0.32445581950566593,-0.4575568195056659,,,,,12.7317011845483,Health Care,"Pharmaceuticals, Biotechnology and Life Sciences",Biotechnology,Biotechnology,Pharmaceutical Preparations,63300.0,1374850.047,,,,,
A036220,"Osang Healthcare Co.,Ltd",-0.10707449220745804,-0.06098349220745804,0.851683340331585,,40.0916656217602,,0.329368593374921,Health Care,Health Care Equipment and Services,Health Care Equipment and Supplies,Health Care Equipment,Electromedical and Electrotherapeutic Apparatus,6570.0,89029.19619,,LTM,,LTM,
A053980,"Osangjaiel Co., Ltd.",0.033885068684205245,0.09600406868420525,,,,4.99340537933173,0.426407050406279,Information Technology,Software and Services,IT Services,IT Consulting and Other Services,"Computer Programming, Data Processing, And Other Computer Related Services",2410.0,45483.20218,,,,,LTM
A039200,Oscotec Inc.,0.16969336840503535,0.1821773684050354,16.0521948884524,39.6583638420588,33.70960926575,46.1950059453032,8.30785243354114,Health Care,"Pharmaceuticals, Biotechnology and Life Sciences",Pharmaceuticals,Pharmaceuticals,"Orthopedic, Prosthetic, and Surgical Appliances and Supplies",36650.0,1402162.1504,,2026E,2026E,2026E,2026E
A368970,"OSP Co., Ltd.",-0.023728189811750566,-0.04097218981175056,1.64969057388174,,20.1376930724142,,0.523226253527393,Consumer Staples,"Food, Beverage and Tobacco",Food Products,Packaged Foods and Meats,Grain Mill Products,2295.0,23402.034675000003,,LTM,,LTM,
A226400,"OSTEONIC Co., Ltd.",0.4279007859955407,0.44216978599554074,1.5749887578203,6.76120173892857,5.9160515215625,7.58289703315881,1.24318516400485,Health Care,Health Care Equipment and Services,Health Care Equipment and Supplies,Health Care Equipment,"Orthopedic, Prosthetic, and Surgical Appliances and Supplies",4065.0,81548.635725,,2026E,2026E,2026E,2026E
A052420,"Osung Advanced Materials Co., Ltd.",0.15836106199010427,0.1277390619901043,0.276644523515428,1.47645599984671,1.29834550003011,1.69488647014426,0.280775963457563,Information Technology,Semiconductors and Semiconductor Equipment,Semiconductors and Semiconductor Equipment,Semiconductor Materials and Equipment,"Special Industry Machinery, not elsewhere classified",8920.0,85254.15772,,LTM,LTM,LTM,LTM
A007310,Otoki Corporation,0.040515103114409146,0.06052010311440915,0.398609966104343,7.25374087715663,4.14476273559207,9.5388335200802,0.515892883122283,Consumer Staples,"Food, Beverage and Tobacco",Food Products,Packaged Foods and Meats,Miscellaneous Food Preparations And Kindred Products,322500.0,1100797.9575,,2026E,2026E,LTM,2026E
A227610,"Outin Futures Co., Ltd",-0.1016048372054976,-0.20166483720549758,0.938849669723039,,,,1.06302082625883,Consumer Staples,Household and Personal Products,Personal Care Products,Personal Care Products,"Perfumes, Cosmetics, and Other Toilet Preparations",1205.0,22842.031815000002,,LTM,,,
A006090,Oyang Corporation,0.04247493418174506,0.049808934181745056,0.432558454196181,11.1548093536904,7.25400876982599,5.4218081150608,0.326323593297273,Consumer Staples,"Food, Beverage and Tobacco",Food Products,Packaged Foods and Meats,Prepared Fresh or Frozen Fish and Seafoods,8670.0,81695.14713,,LTM,LTM,LTM,LTM
A239890,"P&H Tech Co., Ltd.",0.13604434883994088,0.14887134883994085,0.620145270942389,10.2300709591161,4.78109391154731,13.1445581065867,0.60396364150312,Information Technology,Semiconductors and Semiconductor Equipment,Semiconductors and Semiconductor Equipment,Semiconductor Materials and Equipment,Semiconductors and Related Devices,3110.0,30900.198050000003,,LTM,LTM,LTM,LTM
A347740,"P&K Skin Research Center Co., Ltd.",0.02563212026540051,0.04878612026540051,0.711907496485219,5.37576646457374,3.17519126968488,14.6101166843638,0.688611478215002,Health Care,"Pharmaceuticals, Biotechnology and Life Sciences",Life Sciences Tools and Services,Life Sciences Tools and Services,Commercial Physical and Biological Research,1840.0,53142.49544,,LTM,LTM,LTM,LTM
A460940,"P&S Robotics Co., Ltd.",0.06860797894785409,0.09745997894785409,4.80043695670654,22.8095116738367,20.5669955029562,11.483025100535,0.846928439589154,Health Care,Health Care Equipment and Services,Health Care Equipment and Supplies,Health Care Equipment,Surgical and Medical Instruments and Apparatus,5100.0,68621.928,,LTM,LTM,LTM,LTM
A001340,"Paikkwang Industrial Co.,Ltd",0.10764826496088212,0.14165226496088212,1.75370590828581,28.1064371645161,12.5971019580723,21.4529914529915,0.98403951631871,Materials,Materials,Chemicals,Commodity Chemicals,Industrial Inorganic Chemicals,4810.0,212357.20467,,2026E,2026E,2026E,2026E
A065690,"PAKERS.Co.,Ltd.",-0.04611790948081991,0.06815109051918009,,,,,0.345745458220304,Information Technology,Technology Hardware and Equipment,"Electronic Equipment, Instruments and Components",Electronic Components,Computer And Office Equipment,1688.0,22502.216536,,,,,
A271830,"Pamtek Co., Ltd.",-0.02561183377782182,-0.03224183377782182,0.998785962051007,,,,0.575756420071277,Industrials,Capital Goods,Machinery,Industrial Machinery and Supplies and Components,"Special Industry Machinery, not elsewhere classified",1115.0,31924.541739999997,,LTM,,,
A068050,"Pan Entertainment Co., Ltd.",-0.08598309903861473,-0.12913509903861475,1.24484055437961,,,,0.469968022492116,Communication Services,Media and Entertainment,Entertainment,Movies and Entertainment,Motion Picture and Video Tape Production,1158.0,31314.669582,,LTM,,,
A028670,"Pan Ocean Co., Ltd.",0.3011880505204598,0.3300210505204598,1.01879562419979,10.4453525701788,5.77912053245577,6.54831385684723,0.488151912273412,Industrials,Transportation,Marine Transportation,Marine Transportation,Deep Sea Foreign Transportation of Freight,5750.0,3073774.694,,2026E,2026E,2026E,2026E
A222110,PanGen Biotech Inc.,0.09371138393593743,0.13147638393593744,3.82145357715338,230.178295875243,30.6419449966856,63.4886601543627,2.55998869575865,Health Care,"Pharmaceuticals, Biotechnology and Life Sciences",Biotechnology,Biotechnology,"Biological Products, Except Diagnostic Substances",4900.0,66221.0941,,LTM,LTM,LTM,LTM
A003610,"Pangrim Co., Ltd.",0.08053764187237336,0.05794964187237336,1.09188984214411,114.757196584896,25.9130647327091,10.6818291879298,0.752289853489448,Consumer Discretionary,Consumer Durables and Apparel,"Textiles, Apparel and Luxury Goods",Textiles,Textile Mill Products,5440.0,173831.15264000001,,LTM,LTM,LTM,LTM
A054300,"Panstar Enterprise Co.,Ltd.",-0.0842410109247088,-0.1511500109247088,,,,,1.13805874460027,Industrials,Capital Goods,Machinery,Industrial Machinery and Supplies and Components,Miscellaneous Industrial And Commercial Machinery And Equipment,1097.0,63472.296039,,,,,
A001020,PaperCorea Inc.,-0.03893538091855525,-0.06721438091855525,0.572614935048252,,17.0770660231678,,0.295556375032009,Materials,Materials,Paper and Forest Products,Paper Products,Paper Mills,2350.0,83623.0956,,LTM,,LTM,
A034230,"Paradise Co., Ltd.",0.1224315643589729,0.1703735643589729,1.54072500021981,12.0989399609853,8.18827356509147,11.1842989243147,0.479973461380281,Consumer Discretionary,Consumer Services,"Hotels, Restaurants and Leisure",Casinos and Gaming,Miscellaneous Amusement And Recreation,9230.0,810017.54522,,2026E,2026E,2026E,2026E
A290560,"Parataxis Ethereum, Inc.",0.16076921124350219,0.18807921124350216,1.30212000379774,5.25502582066205,4.85841730900273,1.49333999218576,0.714588954336017,Information Technology,Software and Services,Software,Systems Software,Non-operating Establishments,1354.0,25232.61594,,LTM,LTM,LTM,LTM
A288330,"Parataxis Korea, Inc.",33.81789833333333,33.56568333333333,132.195309726086,,,,1.06231911750659,Health Care,"Pharmaceuticals, Biotechnology and Life Sciences",Biotechnology,Biotechnology,"Biological Products, Except Diagnostic Substances",416.0,44127.398432,,LTM,,,
A033540,Paratech Company Limited,-0.3874932071995333,-0.4620562071995332,0.551948670989746,,,,0.0782522610544323,Industrials,Capital Goods,Machinery,Industrial Machinery and Supplies and Components,Miscellaneous Industrial And Commercial Machinery And Equipment,3300.0,34265.3916,,LTM,,,
A140860,Park Systems Corp.,0.27718098847315764,0.37098498847315764,7.62965886564121,36.933966944458,30.7194096241738,40.7753897502673,8.10825533067707,Information Technology,Technology Hardware and Equipment,"Electronic Equipment, Instruments and Components",Electronic Equipment and Instruments,Laboratory Analytical Instruments,258000.0,1795458.636,,2026E,2026E,2026E,2026E
A091700,"Partron Co., Ltd.",0.13707159909801753,0.1617785990980175,0.196000586522816,7.10462865973665,3.18656619942742,8.38309128684628,0.536261696000574,Information Technology,Technology Hardware and Equipment,"Electronic Equipment, Instruments and Components",Electronic Components,"Electronic Components, not elsewhere classified",5490.0,244188.51867,,2026E,2026E,2026E,2026E
A043200,"Paru Co., Ltd",-0.052982986778281824,-0.16002698677828184,1.53152072440778,,,,0.888908400119623,Industrials,Capital Goods,Electrical Equipment,Electrical Components and Equipment,"Miscellaneous Electrical Machinery, Equipment, and Supplies",512.0,21397.878784,,LTM,,,
A037070,Paseco Co. Ltd,-0.040724389112536015,0.0022576108874639844,0.63343445522971,35.6907830839634,15.6827487275203,,,Consumer Discretionary,Consumer Durables and Apparel,Household Durables,Household Appliances,Household Appliances,5360.0,98581.38264,,LTM,LTM,LTM,
A177830,"Pavonine Co., Ltd.",-0.06558247142987979,-0.08137447142987979,0.604739147366294,49.978865283094,7.61827938027228,,0.346950296679778,Information Technology,Technology Hardware and Equipment,"Electronic Equipment, Instruments and Components",Electronic Manufacturing Services,Computers and Computer Peripheral Equipment and Software,2260.0,20969.83714,,LTM,LTM,LTM,
A051380,"PC Direct, Inc.",0.060276502915586526,0.09628950291558654,0.109953508414296,8.52151238036641,7.31280514001667,7.34864148611763,0.5684898218338,Information Technology,Technology Hardware and Equipment,"Electronic Equipment, Instruments and Components",Technology Distributors,Computers and Computer Peripheral Equipment and Software,1535.0,22383.337765,,LTM,LTM,LTM,LTM
A241820,"PCL, Inc.",-1.2658089538433421,-2.3629499538433416,4.81490252264738,,,,6.18784703993308,Health Care,Health Care Equipment and Services,Health Care Equipment and Supplies,Health Care Equipment,In Vitro and In Vivo Diagnostic Substances,6040.0,17869.93192,,LTM,,,
A263750,Pearl Abyss Corp.,1.185106980820762,1.021653980820762,2.21522251119494,4.77336648293179,4.54022313860725,6.86997093477133,2.04758621894802,Communication Services,Media and Entertainment,Entertainment,Interactive Home Entertainment,Prepackaged Software,31700.0,1903235.1905,,2026E,2026E,2026E,2026E
A168360,PEMTRON Corporation,1.1517695177570821,1.0617495177570822,2.04495214243015,6.97822915121951,47.0489470668926,7.90560471976401,9.89905091925893,Information Technology,Technology Hardware and Equipment,"Electronic Equipment, Instruments and Components",Electronic Equipment and Instruments,"Measuring and Controlling Devices, not elsewhere classified",12400.0,277667.7068,,2026E,2026E,LTM,2026E
A187660,Penetrium Bioscience Inc.,-0.793341966136434,-0.889489966136434,21.1263096566144,,,,22.934440884179,Health Care,"Pharmaceuticals, Biotechnology and Life Sciences",Life Sciences Tools and Services,Life Sciences Tools and Services,Commercial Physical and Biological Research,3305.0,180992.81226,,LTM,,,
A332570,"Pentastone Electronics, Inc.",0.14654852910901836,0.14280152910901836,3.44162550104086,217.930664423363,51.0399106504226,16.0565825765167,3.13306794316616,Information Technology,Technology Hardware and Equipment,"Electronic Equipment, Instruments and Components",Electronic Components,"Electronic Components, not elsewhere classified",8850.0,412069.83255,,LTM,LTM,LTM,LTM
A137400,People & Technology Inc.,0.12470791009126193,0.15598391009126195,1.22016994710618,19.2145825003281,16.946505721505,7.11956290072048,0.948851900140441,Industrials,Capital Goods,Machinery,Industrial Machinery and Supplies and Components,"Special Industry Machinery, not elsewhere classified",28100.0,654859.2319,,2026E,2026E,2026E,2026E
A257370,"People & Technology Ms, Inc.",-0.04126300205363881,0.013269997946361184,,,,,0.364566456898121,Industrials,Capital Goods,Machinery,Industrial Machinery and Supplies and Components,"Special Industry Machinery, Except Metalworking",1964.0,24069.839315999998,,,,,
A304840,"PeopleBio, Inc.",-0.5148709086904611,-0.6850559086904611,8.36711554275671,,,,0.445752911549162,Health Care,"Pharmaceuticals, Biotechnology and Life Sciences",Biotechnology,Biotechnology,In Vitro and In Vivo Diagnostic Substances,561.0,13611.438654,,LTM,,,
A087010,"Peptron, Inc.",-0.04120249986141082,-0.032657499861410824,,,,,31.777771058273,Health Care,"Pharmaceuticals, Biotechnology and Life Sciences",Life Sciences Tools and Services,Life Sciences Tools and Services,"Biological Products, Except Diagnostic Substances",182300.0,4250752.905,,,,,
A043370,"PHA Co., Ltd.",0.05384986969367982,0.06092386969367983,0.0167468061202272,0.467358689907143,0.242038748710626,4.32131330595945,0.247009055857961,Consumer Discretionary,Automobiles and Components,Automobile Components,Automotive Parts and Equipment,Motor Vehicle Parts and Accessories,10690.0,208810.04697,,LTM,LTM,LTM,LTM
A214450,"PharmaResearch Co., Ltd.",0.49539551427368245,0.5672315142736823,5.58462120910127,14.5295334284661,13.667194177886,20.839923255579,6.16461587206477,Health Care,"Pharmaceuticals, Biotechnology and Life Sciences",Biotechnology,Biotechnology,"Biological Products, Except Diagnostic Substances",400500.0,4161054.0239999997,,2026E,2026E,2026E,2026E
A004720,"PharmGen Science, Inc.",0.00043499947570217257,0.011569999475702173,0.452679792726825,33.7341349562305,11.2106561389972,,0.233705644422668,Health Care,"Pharmaceuticals, Biotechnology and Life Sciences",Pharmaceuticals,Pharmaceuticals,Pharmaceutical Preparations,3075.0,69533.299125,,LTM,LTM,LTM,
A005690,"Pharmicell Co., Ltd.",5.9580901808790045,5.924720180879005,,,,13.7427578215527,6.34938090746922,Health Care,"Pharmaceuticals, Biotechnology and Life Sciences",Biotechnology,Biotechnology,"Biological Products, Except Diagnostic Substances",10700.0,642042.9498,,,,,2026E
A318010,"Pharmsville Co., Ltd.",-0.09808218821250878,-0.07568018821250878,,,,9.46252364150775,0.42742599936536,Consumer Staples,Household and Personal Products,Personal Care Products,Personal Care Products,Pharmaceutical Preparations,3615.0,27937.14657,,,,,LTM
A388870,"Pharos iBio Co., Ltd.",,,,,,,7.56857078074067,Health Care,"Pharmaceuticals, Biotechnology and Life Sciences",Biotechnology,Biotechnology,Pharmaceutical Preparations,5160.0,66801.00912,,,,,
A378340,"Philenergy Co., Ltd.",-0.07389090166017809,-0.09406990166017808,5.94705973596688,,,,1.82858167475998,Industrials,Capital Goods,Electrical Equipment,Electrical Components and Equipment,"Special Industry Machinery, not elsewhere classified",9900.0,214274.43180000002,,LTM,,,
A161580,"Philoptics Co., Ltd.",-0.30112417470080755,-0.34493117470080753,8.84040573780219,,,,6.12784141829395,Information Technology,Semiconductors and Semiconductor Equipment,Semiconductors and Semiconductor Equipment,Semiconductor Materials and Equipment,"Special Industry Machinery, not elsewhere classified",26450.0,620047.4331499999,,LTM,,,
A208710,"Photon Co., Ltd.",0.10360733248367691,-0.039325667516323076,0.390529663793847,17.8472640920134,6.20137560774781,28.3313104620267,0.78473481973377,Information Technology,Technology Hardware and Equipment,"Electronic Equipment, Instruments and Components",Electronic Components,Electronic Components And Accessories,2905.0,38275.399785,,LTM,LTM,LTM,LTM
A178920,"PI Advanced Materials Co., Ltd.",0.16646477464046422,0.1842937746404642,2.05317125196668,9.97077022494896,6.2080549453838,,,Materials,Materials,Chemicals,Commodity Chemicals,Miscellaneous Plastics Products,18380.0,539752.99836,,LTM,LTM,LTM,
A376180,"Picogram.co.,Ltd.",0.014082999265732688,0.10945999926573269,,,,35.2215822201809,0.888171035863433,Consumer Discretionary,Consumer Durables and Apparel,Household Durables,Household Appliances,"General Industrial Machinery and Equipment, Not Elsewhere",1543.0,28493.096634,,,,,LTM
A452450,"PIE Co., LTD.",-0.21756866520381268,-0.33382066520381265,1.57328731180516,,,,2.67688411887022,Information Technology,Technology Hardware and Equipment,"Electronic Equipment, Instruments and Components",Electronic Equipment and Instruments,"Special Industry Machinery, not elsewhere classified",3175.0,114390.4875,,LTM,,,
A0117P0,"PIECE PEACE STUDIO Co., Ltd.",,0.03220801275323597,0.45436523129219,4.55378487349879,3.08015221424347,8.29298952223397,0.557144247015439,Consumer Discretionary,Consumer Durables and Apparel,"Textiles, Apparel and Luxury Goods","Apparel, Accessories and Luxury Goods","Women's, Misses', and Juniors' Outerwear, Not Elsewhere Classified",5280.0,74811.85008,,LTM,LTM,LTM,LTM
A033290,"LOGEN Co., Ltd.",0.023919657341444835,0.05588665734144483,0.589836491869148,26.0945070407878,8.57326833015672,4.52507385238926,0.202270866739694,Industrials,Transportation,Air Freight and Logistics,Air Freight and Logistics,Electronic Components And Accessories,1510.0,79259.63424,,LTM,LTM,LTM,LTM
A448900,"PIM Korea Co., Ltd.",0.20183190978220011,0.2065739097822001,7.46707761479821,75.6890140045455,65.3360037497339,146.954314720812,6.04795955023373,Consumer Discretionary,Automobiles and Components,Automobile Components,Automotive Parts and Equipment,Motor Vehicle Parts and Accessories,52700.0,296829.7988,,2026E,2026E,LTM,2026E
A347770,PIMS Inc.,-0.09630763801528741,-0.17641463801528742,0.702750690748491,,13.2324151313848,,0.467943624018097,Information Technology,Semiconductors and Semiconductor Equipment,Semiconductors and Semiconductor Equipment,Semiconductor Materials and Equipment,Electronic Components And Accessories,895.0,20457.05259,,LTM,,LTM,
A291810,"Pintel Co., Ltd.",0.3640001491165331,0.33115014911653307,1.02993788069345,,,,0.963541749080546,Information Technology,Technology Hardware and Equipment,"Electronic Equipment, Instruments and Components",Electronic Equipment and Instruments,"Measuring and Controlling Devices, not elsewhere classified",1249.0,14199.521288,,LTM,,,
A170790,"PIOLINK, Inc.",0.0723194695511139,0.10241446955111391,0.227286734412316,2.79126274255835,2.13570462746162,7.71821557459651,0.633410389284356,Information Technology,Technology Hardware and Equipment,Communications Equipment,Communications Equipment,Computer Communications Equipment,8300.0,51762.8338,,LTM,LTM,LTM,LTM
A087600,"Pixelplus. Co., Ltd.",-0.045925004479252636,0.10304999552074737,,,,,0.27229154364723,Information Technology,Semiconductors and Semiconductor Equipment,Semiconductors and Semiconductor Equipment,Semiconductors,Semiconductors and Related Devices,3820.0,28439.14746,,,,,
A006140,"PJ Electronics Co., Ltd.",0.07541971848832443,0.10363771848832444,0.344364354252028,7.47769457290065,4.89232924773992,7.28266065270295,0.506099364816246,Information Technology,Technology Hardware and Equipment,"Electronic Equipment, Instruments and Components",Electronic Manufacturing Services,Electronic Components And Accessories,4615.0,68601.975,,LTM,LTM,LTM,LTM
A128660,"PJ Metal Co., Ltd.",0.0728605861919874,0.1672735861919874,0.371660307904449,8.85848809045579,7.29836218281745,11.4298281526484,1.03616574775942,Materials,Materials,Metals and Mining,Aluminum,Primary Smelting And Refining Of Nonferrous Metals,2895.0,71805.753255,,LTM,LTM,LTM,LTM
A075130,"Plantynet Co., Ltd.",-0.07450157236121058,-0.03550157236121057,0.262516246365393,,6.4406519081432,33.1281612042827,0.452831593494968,Information Technology,Software and Services,IT Services,Internet Services and Infrastructure,"Computer Programming, Data Processing, And Other Computer Related Services",2030.0,31639.25317,,LTM,,LTM,LTM
A405000,"Plasmapp Co., Ltd.",-0.30476407752392065,-1.0758700775239207,2.27301461025451,,,,4.47078525025388,Health Care,Health Care Equipment and Services,Health Care Equipment and Supplies,Health Care Equipment,"Orthopedic, Prosthetic, and Surgical Appliances and Supplies",3495.0,13410.34296,,LTM,,,
A367000,"Plateer Co., Ltd.",-0.08566508318438625,-0.11014208318438623,0.567653543502009,,,,0.865218372227938,Information Technology,Software and Services,IT Services,IT Consulting and Other Services,"Computer Programming, Data Processing, And Other Computer Related Services",3325.0,26975.721675,,LTM,,,
A237820,"PlayD Co., Ltd.",0.05011000651562249,0.05150000651562249,,,,6.77735506958507,0.340751879900737,Communication Services,Media and Entertainment,Media,Advertising,Advertising,2185.0,28027.3009,,,,,LTM
A009810,"Playgram Co., Ltd.",-0.0017060337312881126,-0.006191033731288112,0.489463675573,,14.5739175431645,,0.3837536095875,Information Technology,Software and Services,Software,Systems Software,Prepackaged Software,1724.0,27148.962391999998,,LTM,,LTM,
A023770,PLAYWITH KOREA Inc.,-1.120060988004273,-1.547789988004273,,,,,23.1831755734819,Communication Services,Media and Entertainment,Entertainment,Interactive Home Entertainment,Prepackaged Software,2305.0,19930.170975,,,,,
A035200,"PlumbFast Co., Ltd.",-0.0374886312436179,-0.0082046312436179,0.305170684467135,,,42.6667490049488,0.583188298456288,Industrials,Capital Goods,Building Products,Building Products,Miscellaneous Plastics Products,2750.0,21262.72775,,LTM,,,LTM
A019570,"Plutus Investment Co.,Ltd",,0.1720254585878212,,,,,0.497641409522557,Financials,Financial Services,Capital Markets,Asset Management and Custody Banks,"Investors, not elsewhere classified",2740.0,18551.10972,,,,,
A024940,"PN Poong Nyun Co., Ltd.",0.03416598558133126,0.04234398558133126,,,,6.49558477387688,0.349757677901788,Consumer Discretionary,Consumer Durables and Apparel,Household Durables,Housewares and Specialties,Metal Forgings And Stampings,1894.0,17801.09992,,,,,LTM
A237750,"PNC Technologies co., Ltd",-0.22492001159035735,-0.32083001159035734,1.7308480677671,,47.7396739895379,,0.536310998540344,Information Technology,Technology Hardware and Equipment,"Electronic Equipment, Instruments and Components",Electronic Equipment and Instruments,Electrical Industrial Apparatus,3615.0,23485.209,,LTM,,LTM,
A256630,"POINT ENGINEERING Co.,Ltd.",-0.15433561865497553,-0.1574006186549755,0.892796750567329,,6.7361501287386,,0.76101090578234,Information Technology,Semiconductors and Semiconductor Equipment,Semiconductors and Semiconductor Equipment,Semiconductor Materials and Equipment,Electronic Components And Accessories,4335.0,49303.749690000004,,LTM,,LTM,
A318020,"Point Mobile Co., Ltd.",0.36125041211263276,0.2500054121126328,0.505171843091306,5.22108078810884,4.51567289691465,2.49855586138709,0.582149980322025,Information Technology,Technology Hardware and Equipment,"Technology Hardware, Storage and Peripherals","Technology Hardware, Storage and Peripherals",Computer And Office Equipment,2685.0,32494.868820000003,,LTM,LTM,LTM,LTM
A039980,Polaris AI Corp.,-0.005718005014354376,0.008539994985645623,0.56362852029722,,,,0.822936020061666,Consumer Discretionary,Consumer Discretionary Distribution and Retail,Distributors,Distributors,"Apparel, Piece Goods, And Notions",5840.0,83012.98367999999,,LTM,,,
A041910,Polaris AI Pharma Corp.,-0.001475992179590791,0.05742000782040921,,,,61.3814673579731,0.492918170843947,Health Care,"Pharmaceuticals, Biotechnology and Life Sciences",Pharmaceuticals,Pharmaceuticals,Pharmaceutical Preparations,5120.0,68010.75200000001,,,,,LTM
A041020,Polaris Office Corp.,0.014927641290832827,0.03221264129083282,1.33901692856222,45.8761420436427,21.6977832025871,30.4956640197548,1.59228764228294,Information Technology,Software and Services,Software,Application Software,"Computer Programming, Data Processing, And Other Computer Related Services",2865.0,142344.066945,,LTM,LTM,LTM,LTM
A114630,"POLARIS UNO, Inc.",-0.005329286057036045,-0.017895286057036042,,,,6.46756123549609,0.200991352988939,Materials,Materials,Chemicals,Commodity Chemicals,Textile Mill Products,1443.0,24361.154571000003,,,,,LTM
A487580,"Poled Co., Ltd.",0.2717658194885979,0.31719181948859787,0.945399393411498,7.77693359704934,6.88212499582265,7.73038508156255,1.77886755531508,Consumer Staples,Household and Personal Products,Personal Care Products,Personal Care Products,Motor Vehicle Parts and Accessories,3240.0,81592.46964,,LTM,LTM,LTM,LTM
A472850,"Pond Group Co., Ltd.",0.10184923700129145,0.19561923700129147,0.846073382490422,7.00252419091566,5.70158487749322,8.15202123592915,1.1360090871197,Consumer Discretionary,Consumer Durables and Apparel,"Textiles, Apparel and Luxury Goods","Apparel, Accessories and Luxury Goods",Apparel and Other Finished Products Made From Fabrics and Similar Materials,4725.0,271959.135525,,LTM,LTM,LTM,LTM
A064800,"PonyLink Co., Ltd.",-0.0864364652239791,0.0657785347760209,,,,,0.30487628792309,Consumer Discretionary,Consumer Discretionary Distribution and Retail,Distributors,Distributors,"Computer Programming, Data Processing, And Other Computer Related Services",2700.0,68066.54639999999,,,,,
A298060,"Poongjeon Pharmacy CO.,LTD.",-0.3571760388855892,-0.7143600388855893,8.90075803956642,,,,0.687922703392728,Health Care,"Pharmaceuticals, Biotechnology and Life Sciences",Biotechnology,Biotechnology,"Biological Products, Except Diagnostic Substances",2480.0,21924.774800000003,,LTM,,,
A103140,Poongsan Corporation,0.25100696252176635,0.28229296252176633,0.485269240693234,7.33501198804242,5.93469150830585,7.53936695006819,0.919088555444505,Materials,Materials,Metals and Mining,Diversified Metals and Mining,Primary Smelting And Refining Of Nonferrous Metals,77700.0,2122319.4006000003,,2026E,2026E,2026E,2026E
A005810,Poongsan Holdings Corporation,0.24800621559864114,0.25566921559864114,1.10454024001942,3.79225482406667,3.44750438551515,4.34301037658855,0.432441222828403,Materials,Materials,Metals and Mining,Diversified Metals and Mining,Primary Smelting And Refining Of Nonferrous Metals,36500.0,500373.4995,,2026E,2026E,2026E,2026E
A371950,"POONGWON PRECISION CO.,Ltd.",-0.20497743651368244,-1.1656594365136825,3.73046753030289,,,,10.2565724430593,Information Technology,Technology Hardware and Equipment,"Electronic Equipment, Instruments and Components",Electronic Components,"Electronic Components, not elsewhere classified",3550.0,80452.0454,,LTM,,,
A105760,"Posbank Co.,Ltd.",0.2955870196775932,0.22468801967759322,0.296894620494471,3.34502889436576,2.71261234988068,4.1086178772284,0.536012186362788,Information Technology,Technology Hardware and Equipment,"Electronic Equipment, Instruments and Components",Electronic Equipment and Instruments,"Calculating and Accounting Machines, Except Electronic Computers",4760.0,48508.62212,,LTM,LTM,LTM,LTM
A022100,Posco Dx Company Ltd.,-0.04609108362349654,0.026820916376503454,2.85646128020979,64.9844941247727,50.1634691489474,74.0942028985507,5.5235060457056,Information Technology,Software and Services,IT Services,IT Consulting and Other Services,"Computer Programming, Data Processing, And Other Computer Related Services",19510.0,2962057.34569,,2026E,2026E,2026E,2026E
A003670,"Posco Future M Co., Ltd.",0.15188503674655762,0.15846203674655762,5.4942586982523,180.357803894629,54.4828038559362,,5.48613416869714,Industrials,Capital Goods,Electrical Equipment,Electrical Components and Equipment,Electrical Industrial Apparatus,155000.0,13786658.675,,2026E,2026E,2026E,
A005490,POSCO Holdings Inc.,0.0793402865153291,0.0729462865153291,0.656982374785381,15.6163347116223,6.41672235201746,11.6369994468704,0.443647928152555,Materials,Materials,Metals and Mining,Steel,"Steel Works, Blast Furnaces (Including Coke Ovens), and Rolling Mills",310750.0,23499157.07425,,2026E,2026E,2026E,2026E
A047050,Posco International Corporation,0.13566619234780256,0.19448119234780253,0.467939726242337,11.4180274982183,7.98598196323877,10.0640514527883,1.32194742262754,Industrials,Capital Goods,Trading Companies and Distributors,Trading Companies and Distributors,Wholesale Trade-Durable Goods,50400.0,8590402.1448,,2026E,2026E,2026E,2026E
A009520,"POSCO M-TECH Co., Ltd.",-0.0008990008313844057,0.04057999916861559,,,,245.712922257044,6.41552740316776,Materials,Materials,Metals and Mining,Steel,"Rolling, Drawing, And Extruding Of Nonferrous Metals",11320.0,471395.29608,,,,,LTM
A058430,"POSCO STEELEON Co., Ltd.",0.07074510565016288,0.09015710565016288,0.191356853551959,7.0204045646875,4.77984991638298,9.95708154506438,0.708814966674461,Materials,Materials,Metals and Mining,Steel,"Steel Works, Blast Furnaces (Including Coke Ovens), and Rolling Mills",4450.0,266581.255,,2026E,2026E,2026E,2026E
A047310,"Powerlogics Co., Ltd.",0.17388114010427258,0.08301714010427258,0.190231384875392,9.40346838441391,4.62519648419393,13.155244990149,0.512027479743528,Information Technology,Semiconductors and Semiconductor Equipment,Semiconductors and Semiconductor Equipment,Semiconductors,"Electronic Components, not elsewhere classified",2940.0,107635.6197,,LTM,LTM,LTM,LTM
A037030,Powernet Technologies Corporation,0.027028124231684852,0.06811212423168485,0.893513801061874,19.2601996614611,14.2267145768435,7.03461124922159,0.566163554463902,Information Technology,Technology Hardware and Equipment,"Electronic Equipment, Instruments and Components",Electronic Components,Electronic Components And Accessories,3210.0,81878.62239,,LTM,LTM,LTM,LTM
A335810,"Precision Biosensor, Inc.",-0.0380621921609417,-0.2219041921609417,1.56368931205766,,,,0.744412064005108,Health Care,Health Care Equipment and Services,Health Care Equipment and Supplies,Health Care Supplies,"Measuring and Controlling Devices, not elsewhere classified",1460.0,32046.27876,,LTM,,,
A334970,"Prestige Biologics Co., Ltd.",-0.23274914969332572,-0.32850614969332576,12.3511097876944,,,,1.2843412219613,Health Care,"Pharmaceuticals, Biotechnology and Life Sciences",Biotechnology,Biotechnology,"Biological Products, Except Diagnostic Substances",1709.0,132879.25663299998,,LTM,,,
A321260,"Pro2000 Co.,Ltd.",0.12425035635816911,0.040745356358169116,0.410526347708316,4.91655183348814,3.10722017990349,4.91414853867864,0.971966845556822,Information Technology,Semiconductors and Semiconductor Equipment,Semiconductors and Semiconductor Equipment,Semiconductor Materials and Equipment,"Special Industry Machinery, not elsewhere classified",1620.0,44154.851220000004,,LTM,LTM,LTM,LTM
A053610,"Protec Co., Ltd.",0.3762614998936862,0.32988949989368616,1.72089707086726,6.51680191045576,5.70602608591549,7.25068618481244,1.57296602886225,Information Technology,Semiconductors and Semiconductor Equipment,Semiconductors and Semiconductor Equipment,Semiconductor Materials and Equipment,"Special Industry Machinery, not elsewhere classified",59100.0,531900.0,,2026E,2026E,2026E,2026E
A147760,Protec Mems Technology Inc.,0.6979561082626439,-0.24652389173735623,1.4648648951983,,,,0.959047991471784,Information Technology,Semiconductors and Semiconductor Equipment,Semiconductors and Semiconductor Equipment,Semiconductor Materials and Equipment,"Special Industry Machinery, not elsewhere classified",3200.0,64000.0,,LTM,,,
A468530,"Proteina Co., Ltd.",,,,,,,,Health Care,"Pharmaceuticals, Biotechnology and Life Sciences",Biotechnology,Biotechnology,"Biological Products, Except Diagnostic Substances",36950.0,407750.9356,,,,,
A303360,Protia Inc.,0.35302260119572415,0.33100060119572416,2.69261799935155,10.2505732379112,9.27736656270821,11.2311783004076,1.85665817137524,Health Care,Health Care Equipment and Services,Health Care Equipment and Supplies,Health Care Equipment,In Vitro and In Vivo Diagnostic Substances,4730.0,60921.051949999994,,LTM,LTM,LTM,LTM
A002230,"PS Tec. Co., Ltd.",-0.01385761505485035,-0.015111615054850341,0.0871032414128896,1.7074621775462,1.21698029076701,5.74714665564692,0.633336020604908,Information Technology,Technology Hardware and Equipment,"Electronic Equipment, Instruments and Components",Electronic Equipment and Instruments,Electrical Industrial Apparatus,5070.0,78984.77964,,LTM,LTM,LTM,LTM
A031980,PSK HOLDINGS Inc.,0.45680384166706456,0.4854448416670646,8.57046854619403,21.6687317960377,19.9729180033043,17.8997983558244,4.8775382345799,Information Technology,Semiconductors and Semiconductor Equipment,Semiconductors and Semiconductor Equipment,Semiconductor Materials and Equipment,"Special Industry Machinery, not elsewhere classified",106800.0,2302863.786,,2026E,2026E,2026E,2026E
A319660,PSK Inc.,0.6341790077186262,0.6267250077186263,5.23119620466776,19.7061497235335,18.5455899176812,24.5866011527922,6.64707168825038,Information Technology,Semiconductors and Semiconductor Equipment,Semiconductors and Semiconductor Equipment,Semiconductor Materials and Equipment,"Special Industry Machinery, not elsewhere classified",121200.0,3510765.7368,,2026E,2026E,2026E,2026E
A017810,Pulmuone Corporate,0.05704812887412441,0.08095012887412441,0.468866470715987,13.9895485012542,5.61459731795302,8.10344827586207,1.06941025849547,Consumer Staples,"Food, Beverage and Tobacco",Food Products,Packaged Foods and Meats,Miscellaneous Food Preparations And Kindred Products,9170.0,338311.22170999995,,2026E,2026E,2026E,2026E
A094940,PULOON Robotics Inc.,0.015355796343845776,0.024567796343845774,1.99493034323624,,53.8292353634268,,1.58051974388874,Information Technology,Technology Hardware and Equipment,"Electronic Equipment, Instruments and Components",Electronic Equipment and Instruments,"Calculating and Accounting Machines, Except Electronic Computers",7000.0,55334.041,,LTM,,LTM,
A251970,"Pum-Tech Korea Co., Ltd",0.31965329285955946,0.3144552928595595,1.51928830169991,9.56263414008474,7.5991226532339,13.1985707635246,2.22275617150732,Materials,Materials,Containers and Packaging,"Metal, Glass and Plastic Containers",Miscellaneous Plastics Products,58800.0,729025.0968,,2026E,2026E,2026E,2026E
A023900,"Pungguk Ethanol Co., Ltd",0.018140115138767156,0.05144211513876716,0.637741662930713,6.33244544571608,3.93187026855066,9.95462152239188,0.54442067851301,Consumer Staples,"Food, Beverage and Tobacco",Beverages,Distillers and Vintners,"Wines, Brandy, and Brandy Spirits",7120.0,89712.0,,LTM,LTM,LTM,LTM
A093380,"PungKang. Co., Ltd.",0.05461620671932888,0.00783120671932888,0.297669207083897,6.29078349483234,3.89237180124952,5.28266260847952,0.372106956280478,Consumer Discretionary,Automobiles and Components,Automobile Components,Automotive Parts and Equipment,Motor Vehicle Parts and Accessories,2915.0,27949.66713,,LTM,LTM,LTM,LTM
A007330,Pureun Savings Bank,,0.05660999427939711,,,,14.3875321789746,0.832631595379747,Financials,Banks,Banks,Regional Banks,Commercial Banks,9970.0,118561.15626999999,,,,,LTM
A445180,"Purit Co., Ltd.",0.29887264729816676,0.2986826472981668,0.748671072310513,5.69686453162791,4.3743781225,8.51063829787234,1.30927692451258,Materials,Materials,Chemicals,Commodity Chemicals,Industrial Organic Chemicals,8340.0,143357.82792,,2026E,2026E,2026E,2026E
A010770,"Pyung Hwa Holdings Co., Ltd.",0.11777648510435045,0.33464948510435044,0.216138555756486,3.66147077826204,2.69786586460855,1.20016959687908,0.39223870526753,Consumer Discretionary,Automobiles and Components,Automobile Components,Tires and Rubber,"Fabricated Rubber Products, Not Elsewhere Classified",3640.0,52375.81804,,LTM,LTM,LTM,LTM
A090080,"Pyung Hwa Industrial Co., Ltd.",0.18628867383789438,0.3099456738378944,0.140859381881916,5.52588970603144,3.34599302444864,2.59581128631899,0.837959489057409,Consumer Discretionary,Automobiles and Components,Automobile Components,Automotive Parts and Equipment,Motor Vehicle Parts and Accessories,1051.0,57702.274209,,LTM,LTM,LTM,LTM
A377460,"Q Aid Co.,Ltd.",-0.18126499714473998,-1.1301699971447399,1.4092661241255,,,,17.7153615771589,Consumer Discretionary,Consumer Services,Diversified Consumer Services,Specialized Consumer Services,Miscellaneous Repair Services,15219.000001,26030.24278371038,,LTM,,,
A016600,"Q Capital Partners Co., Ltd.",,0.05859,,,,1.3799722829442,0.277847606802101,Financials,Financial Services,Capital Markets,Asset Management and Custody Banks,"Investors, not elsewhere classified",2435.0,33996.498435,,,,,LTM
A066310,"Q.S.I Co., LTD.",0.06254715684208123,0.051310156842081234,1.5941336557956,44.9399481637765,11.6939339714886,14.4568957327374,0.74558063197203,Information Technology,Semiconductors and Semiconductor Equipment,Semiconductors and Semiconductor Equipment,Semiconductors,Semiconductors and Related Devices,7010.0,61984.74732,,LTM,LTM,LTM,LTM
A464490,"QuadMedicine, Inc.",-0.7427490118284497,-0.6592520118284497,7.54475444105799,,,,2.56710661500238,Health Care,"Pharmaceuticals, Biotechnology and Life Sciences",Life Sciences Tools and Services,Life Sciences Tools and Services,"Biological Products, Except Diagnostic Substances",5120.0,58788.41856,,LTM,,,
A432720,Qualitas Semiconductor,0.1971039783735421,0.08098297837354218,11.0027984345807,,,,4.02516798682656,Information Technology,Semiconductors and Semiconductor Equipment,Semiconductors and Semiconductor Equipment,Semiconductors,Semiconductors and Related Devices,8640.0,122580.62208,,LTM,,,
A405100,Quality Reliability Technology Inc.,0.23131298609689557,0.2665839860968956,1.41291294105882,9.84406557295082,4.8039039996,13.8082556591212,1.41078721537937,Information Technology,Semiconductors and Semiconductor Equipment,Semiconductors and Semiconductor Equipment,Semiconductors,Semiconductors and Related Devices,9910.0,115773.25788,,2026E,2026E,2026E,2026E
A317690,QuantaMatrix Inc.,-0.6525317213731225,-0.9155097213731225,5.4807509902892,,,,1.41054719847657,Health Care,"Pharmaceuticals, Biotechnology and Life Sciences",Biotechnology,Biotechnology,Electromedical and Electrotherapeutic Apparatus,2465.0,49632.846485,,LTM,,,
A348080,Quratis Inc.,-1.0539999655576193,-1.4055999655576192,23.0625868827357,,,,6.62117235046806,Health Care,"Pharmaceuticals, Biotechnology and Life Sciences",Biotechnology,Biotechnology,"Biological Products, Except Diagnostic Substances",2795.0,32781.803145,,LTM,,,
A115180,"Qurient Co., Ltd.",-0.6264637422451403,-0.6774437422451404,147.626763692138,,,,35.2294971156306,Health Care,"Pharmaceuticals, Biotechnology and Life Sciences",Biotechnology,Biotechnology,"Biological Products, Except Diagnostic Substances",24250.0,986113.17925,,LTM,,,
A277810,"Rainbow Robotics Co.,Ltd.",0.15231814639146882,0.15360514639146883,232.968759571692,,,,68.8242210024098,Industrials,Capital Goods,Machinery,Industrial Machinery and Supplies and Components,"General Industrial Machinery and Equipment, Not Elsewhere",452000.0,8768735.816,,LTM,,,
A171010,"Ram Technology Co., Ltd",-0.050422933623642585,-0.1639899336236426,1.92259356735427,,35.0678636392939,,0.953852578093569,Information Technology,Semiconductors and Semiconductor Equipment,Semiconductors and Semiconductor Equipment,Semiconductors,Semiconductors and Related Devices,2645.0,37820.19904,,LTM,,LTM,
A317120,Ranix Inc.,-0.29084324766861247,-0.4487892476686125,4.99966147856478,,,,1.10564829864582,Information Technology,Semiconductors and Semiconductor Equipment,Semiconductors and Semiconductor Equipment,Semiconductors,Semiconductors and Related Devices,1386.0,21150.36,,LTM,,,
A232680,RAON ROBOTICS Inc.,0.16288499909345583,0.2304729990934558,1.98253847720339,33.9693983426086,26.7401475125093,26.9751358111838,2.66114679396157,Information Technology,Semiconductors and Semiconductor Equipment,Semiconductors and Semiconductor Equipment,Semiconductors,Semiconductors and Related Devices,9320.0,120678.37036,,LTM,LTM,LTM,LTM
A042510,"Raonsecure Co., Ltd.",0.13606385355936063,0.1314418535593606,1.04117495501475,11.2050257063492,8.11398413218391,10.0991325898389,1.70235925616285,Information Technology,Software and Services,Software,Systems Software,Computer Communications Equipment,7670.0,82880.70076,,2026E,2026E,2026E,2026E
A418420,RAONTECH Inc.,-0.24278306098248453,-0.37878406098248457,14.6337585813405,,,,9.12093339910514,Information Technology,Semiconductors and Semiconductor Equipment,Semiconductors and Semiconductor Equipment,Semiconductors,Semiconductors and Related Devices,3700.0,113865.8646,,LTM,,,
A214260,"Raphas Co., Ltd.",-0.06730333823152002,-0.15236433823151999,2.9057359811141,,,,2.66523017443716,Consumer Staples,Household and Personal Products,Personal Care Products,Personal Care Products,"Perfumes, Cosmetics, and Other Toilet Preparations",8790.0,73910.38977,,LTM,,,
A228670,"Ray Co., Ltd.",0.13836968555871926,0.12118068555871926,0.794808487461675,9.95477723599551,5.13792679513481,7.33685440690626,0.925381839098078,Health Care,Health Care Equipment and Services,Health Care Equipment and Supplies,Health Care Equipment,X-Ray Apparatus and Tubes and Related Irradiation Apparatus,4520.0,70692.89492,,2026E,2026E,2026E,2026E
A228850,"Rayence Co., Ltd.",0.25312768838667044,0.21394068838667046,,,,7.05763397371082,0.453698270141504,Health Care,Health Care Equipment and Services,Health Care Equipment and Supplies,Health Care Equipment,X-Ray Apparatus and Tubes and Related Irradiation Apparatus,7210.0,113459.7324,,,,,2026E
A361570,RBW Inc.,-0.05900329666766004,-0.07818829666766003,1.87327158069858,,15.1845945594776,,0.826213717263683,Communication Services,Media and Entertainment,Entertainment,Movies and Entertainment,Miscellaneous Services,1657.0,46270.54853,,LTM,,LTM,
A394420,"RecensMedical, Inc.",,1.968086584910505,6.93461856520827,,,,6.84840000021766,Health Care,Health Care Equipment and Services,Health Care Equipment and Supplies,Health Care Equipment,Surgical and Medical Instruments and Apparatus,12340.0,133892.67732000002,,2026E,,,
A038390,"RedcapTour Co., Ltd.",-0.06045272111642562,0.07830527888357437,1.43654904381075,10.807504524707,2.70172806162121,6.88200156719282,0.809460451503459,Industrials,Transportation,Ground Transportation,Passenger Ground Transportation,Transportation Services,9850.0,164700.0967,,LTM,LTM,LTM,LTM
A377450,"REFINE Co., Ltd.",0.19155799241866056,0.19818999241866053,,,,14.5387671061458,1.99464461332412,Real Estate,Real Estate Management and Development,Real Estate Management and Development,Real Estate Services,Real Estate,16120.0,240495.03764000002,,,,,LTM
A302550,"Remed Co.,Ltd.",0.1479061165505306,0.1031231165505306,3.02454179411549,41.8944122608184,24.1688756247895,60.1477063052081,2.21427944904028,Health Care,Health Care Equipment and Services,Health Care Equipment and Supplies,Health Care Equipment,Electromedical and Electrotherapeutic Apparatus,2725.0,81084.4133,,LTM,LTM,LTM,LTM
A443250,Revu Corporation,0.07118192086153913,0.16713892086153911,0.137907072795019,0.909346305164326,0.768819311141081,11.318217244664,1.36340328581281,Communication Services,Media and Entertainment,Interactive Media and Services,Interactive Media and Services,Advertising Agencies,5860.0,64936.810620000004,,LTM,LTM,LTM,LTM
A102460,"REYON Pharmaceutical Co., Ltd.",-0.09661354043561134,-0.13088454043561132,2.75991371933041,,,,0.887366212030305,Health Care,"Pharmaceuticals, Biotechnology and Life Sciences",Pharmaceuticals,Pharmaceuticals,Pharmaceutical Preparations,9910.0,181759.22081,,LTM,,,
A327260,"RF Materials Co., Ltd.",0.2222075733834225,0.26106857338342254,8.92043873828664,66.2920643205003,49.6343662795949,63.6631760047931,10.5638437612339,Information Technology,Semiconductors and Semiconductor Equipment,Semiconductors and Semiconductor Equipment,Semiconductors,Semiconductors and Related Devices,34100.0,613370.6128,,LTM,LTM,LTM,LTM
A474610,"RF Systems Co., Ltd.",0.19641135400390888,0.2006153540039089,2.1974894301691,18.6726274906779,13.0338966721533,16.3786185342443,1.89800390979106,Industrials,Capital Goods,Aerospace and Defense,Aerospace and Defense,Radio and Television Broadcasting and Communications Equipment,6660.0,95288.93568000001,,LTM,LTM,LTM,LTM
A218410,RFHIC Corporation,0.4817843537511673,0.5246713537511674,4.73926200233258,23.3926804126277,20.3176748422581,34.3739279588336,3.55738526132755,Information Technology,Semiconductors and Semiconductor Equipment,Semiconductors and Semiconductor Equipment,Semiconductors,Electronic Components And Accessories,46700.0,1228601.2992999998,,2026E,2026E,2026E,2026E
A096610,"RFsemi Technologies, Inc.",0.07496176922611814,0.13730876922611812,2.53895879854766,,50.8677291463752,43.7451437726567,3.20162501657745,Information Technology,Semiconductors and Semiconductor Equipment,Semiconductors and Semiconductor Equipment,Semiconductors,Electronic Components And Accessories,2965.0,51550.708614999996,,LTM,,LTM,LTM
A061040,"RFTech Co., Ltd.",-0.0911261678788,-0.14033016787879998,0.398816432412843,,,,0.251547321771043,Industrials,Capital Goods,Electrical Equipment,Electrical Components and Equipment,Electrical Industrial Apparatus,6260.0,54912.97666,,LTM,,,
A000760,"Rifa Co.,Ltd.",0.004826944408490647,-0.0004190555915093517,2.31273823993772,,62.3304502944727,,0.279165317512037,Materials,Materials,Chemicals,Specialty Chemicals,Chemicals And Allied Products,13990.0,39172.0,,LTM,,LTM,
A042500,"RingNet Co., Ltd.",0.1310198403301203,0.1602268403301203,0.238235354579521,2.86861013135194,2.78212380656401,7.4384270223812,0.768713277982596,Information Technology,Software and Services,IT Services,IT Consulting and Other Services,Computer Integrated Systems Design,4265.0,79039.513125,,LTM,LTM,LTM,LTM
A148250,"RN2 Technologies Co., Ltd.",-0.16387060360459657,-0.09478560360459658,0.610186250401741,,,,0.407090094162521,Information Technology,Technology Hardware and Equipment,"Electronic Equipment, Instruments and Components",Electronic Components,Electronic Components And Accessories,1331.0,16892.503628,,LTM,,,
A123010,"Rnt-X Co.,Ltd.",-0.0727278128090435,-0.1446028128090435,1.1284222846259,29.1419749086669,8.33301367860762,,1.19711643289131,Information Technology,Semiconductors and Semiconductor Equipment,Semiconductors and Semiconductor Equipment,Semiconductor Materials and Equipment,Semiconductors and Related Devices,1964.0,33939.0984,,LTM,LTM,LTM,
A215100,"RoboRobo Co., Ltd.",-0.10081933032777837,-0.07051133032777837,6.23956517360099,,,,2.93640495250746,Consumer Discretionary,Consumer Services,Diversified Consumer Services,Education Services,Educational Services,3995.0,80923.76669,,LTM,,,
A090360,"Robostar Co., Ltd.",0.12205956411595273,0.08702656411595272,8.82016190784925,,,,9.02756471947759,Information Technology,Technology Hardware and Equipment,"Electronic Equipment, Instruments and Components",Electronic Equipment and Instruments,"Special Industry Machinery, not elsewhere classified",77100.0,751725.0,,LTM,,,
A108490,"ROBOTIS Co., Ltd.",0.8605659822153389,0.9139999822153388,48.9233232987864,,,,10.7800713009209,Information Technology,Technology Hardware and Equipment,"Electronic Equipment, Instruments and Components",Electronic Components,"Special Industry Machinery, not elsewhere classified",254000.0,3719583.112,,2026E,,,
A376900,ROKIT Healthcare Inc.,-0.08056862421404323,0.3467053757859567,15.7692382313365,,,,40.9164252396803,Health Care,"Pharmaceuticals, Biotechnology and Life Sciences",Biotechnology,Biotechnology,"Biological Products, Except Diagnostic Substances",27200.0,472308.688,,LTM,,,
A214610,"RollingStone Co., Ltd.",-0.6660858654230077,-0.9033298654230077,13.2550427344753,,,,0.743334698721237,Health Care,Health Care Equipment and Services,Health Care Equipment and Supplies,Health Care Equipment,Electromedical and Electrotherapeutic Apparatus,2290.0,19181.768219999998,,LTM,,,
A071280,Rorze Systems Corporation,0.1621539781159154,0.1728079781159154,0.388014783701628,3.82818458007791,3.10809515743013,8.79794759156027,0.759635408040107,Information Technology,Semiconductors and Semiconductor Equipment,Semiconductors and Semiconductor Equipment,Semiconductor Materials and Equipment,"Special Industry Machinery, not elsewhere classified",6620.0,98744.37678,,LTM,LTM,LTM,LTM
A314140,RP Bio Inc.,0.05118391908210251,0.05303191908210251,0.362470654136289,8.73120505277256,4.14469001630667,8.95348683502992,0.458903405997125,Health Care,"Pharmaceuticals, Biotechnology and Life Sciences",Pharmaceuticals,Pharmaceuticals,Pharmaceutical Preparations,5520.0,47838.31272,,LTM,LTM,LTM,LTM
A140670,"RS Automation Co.,Ltd.",-0.0074494993113334365,-0.04141449931133344,1.54883689403526,,,,2.27766497191873,Industrials,Capital Goods,Electrical Equipment,Electrical Components and Equipment,"General Industrial Machinery and Equipment, Not Elsewhere",9660.0,123408.27743999999,,LTM,,,
A131370,"RSUPPORT Co., Ltd.",-0.001722087543227392,0.013711912456772609,1.29078009753189,48.9369494411026,14.2441765704679,91.0789240108229,0.800811194902439,Information Technology,Software and Services,Software,Application Software,"Computer Programming, Data Processing, And Other Computer Related Services",1421.0,73793.706588,,LTM,LTM,LTM,LTM
A217500,"Russell Co., Ltd.",0.08748846536111454,0.037824465361114556,1.0430133783433,,,,0.890496018909841,Information Technology,Semiconductors and Semiconductor Equipment,Semiconductors and Semiconductor Equipment,Semiconductor Materials and Equipment,"Special Industry Machinery, not elsewhere classified",1590.0,48348.51966,,LTM,,,
A191410,"RYUK-IL C&S.,Ltd.",-0.13615016060507446,-0.05784916060507447,0.844255991402065,3.77495971012815,3.14475707558703,4.3462773738750204,0.670632266108219,Information Technology,Technology Hardware and Equipment,"Electronic Equipment, Instruments and Components",Electronic Components,"Electronic Components, not elsewhere classified",1254.0,14050.135769999999,,LTM,LTM,LTM,LTM
A476830,Rznomics Inc.,,,,,,,,Health Care,"Pharmaceuticals, Biotechnology and Life Sciences",Biotechnology,Biotechnology,"Biological Products, Except Diagnostic Substances",30550.0,851357.7462,,,,,
A0008Z0,"S & Sys Co.,Ltd.",0.2021116257416007,0.24398562574160068,0.92283129390168,6.83405478940092,6.59106617466667,9.69962453066333,1.25764124408308,Industrials,Capital Goods,Machinery,Construction Machinery and Heavy Transportation Equipment,"Special Industry Machinery, Except Metalworking",22350.0,210907.2054,,2026E,2026E,2026E,2026E
A096630,"S Connect Co., LTD.",0.05782985064759552,0.4208158506475955,0.181768327637959,2.06297528040971,1.48306205499224,1.46840118129938,0.348024443771009,Information Technology,Technology Hardware and Equipment,"Technology Hardware, Storage and Peripherals","Technology Hardware, Storage and Peripherals",Radio and Television Broadcasting and Communications Equipment,1895.0,29687.682085,,LTM,LTM,LTM,LTM
A260970,"S&D Co., Ltd",0.32135333262765187,0.3317633326276519,0.577169965101476,3.60066586745037,3.25803715454319,6.54281419770876,1.69057695228592,Materials,Materials,Chemicals,Specialty Chemicals,Miscellaneous Food Preparations And Kindred Products,,,,LTM,LTM,LTM,LTM
A091340,"S&K Polytec Co., Ltd.",0.005401059838897687,0.05358805983889768,0.252645602895708,4.45278418905666,3.18022860480706,3.94409786100761,0.232701523964678,Information Technology,Technology Hardware and Equipment,"Electronic Equipment, Instruments and Components",Electronic Components,Plastics Foam Products,2125.0,22757.226375,,LTM,LTM,LTM,LTM
A101490,S&S Tech Corporation,0.21765997747894258,0.2499209774789426,3.41346040024274,17.2692950825119,13.1382138292873,14.6978997591614,2.71741078123082,Information Technology,Semiconductors and Semiconductor Equipment,Semiconductors and Semiconductor Equipment,Semiconductor Materials and Equipment,"Special Industry Machinery, not elsewhere classified",40900.0,860664.8759000001,,LTM,LTM,LTM,LTM
A103230,S&W Corporation,0.009202455679159303,0.048884455679159305,0.610632303804827,22.5650359579658,9.84580213098246,8.52773579213153,0.326399921792967,Industrials,Capital Goods,Machinery,Industrial Machinery and Supplies and Components,Engines And Turbines,2330.0,16776.0,,LTM,LTM,LTM,LTM
A304360,"S.Biomedics Co., Ltd.",-0.2523236894187009,-0.40687168941870094,15.5078646373669,,,,29.8451065962471,Health Care,"Pharmaceuticals, Biotechnology and Life Sciences",Biotechnology,Biotechnology,"Biological Products, Except Diagnostic Substances",18580.0,230115.67824,,LTM,,,
A038680,S.NetSystems.Inc.,0.2529718264033891,0.2465468264033891,0.140406650859981,6.76798418849593,5.29745220257108,9.29487001754137,0.747346313844138,Information Technology,Software and Services,IT Services,IT Consulting and Other Services,Computer Integrated Systems Design,4200.0,77395.8192,,LTM,LTM,LTM,LTM
A012750,S-1 Corporation,0.059969341018670116,0.1251673410186701,0.563026772649283,8.0966585650128,4.3344007915318,16.2516825144015,1.51850658974723,Industrials,Commercial and Professional Services,Commercial Services and Supplies,Security and Alarm Services,Miscellaneous Business Services,76000.0,2569578.1640000003,,2026E,2026E,2026E,2026E
A488280,S2W Inc.,0.5228926937298615,0.5604866937298615,4.51493422205128,73.3676811083333,31.4432919035714,76.0583941605839,5.15968173884721,Information Technology,Software and Services,Software,Application Software,Computer Processing and Data Preparation and Processing Services,9960.0,107821.84056,,2026E,2026E,2026E,2026E
A053060,"Saedong Co.,Ltd.",0.15457305352200845,0.21267105352200846,0.167156928141389,3.2925893124239902,2.12114811012455,3.37097774680814,0.548200098451732,Consumer Discretionary,Automobiles and Components,Automobile Components,Automotive Parts and Equipment,Motor Vehicle Parts and Accessories,1359.0,23995.702638,,LTM,LTM,LTM,LTM
A075180,Saeron Automotive Corporation,0.06992573366826121,0.03699473366826122,,,,5.4922727119357,0.219424671530113,Consumer Discretionary,Automobiles and Components,Automobile Components,Automotive Parts and Equipment,Motor Vehicle Parts and Accessories,2935.0,56352.0,,,,,LTM
A007160,Sajo Industries Company Limited,-0.09966018125668472,-0.06798418125668472,1.01276920396516,57.9309138946083,18.843127113905,,0.499103128249568,Consumer Staples,"Food, Beverage and Tobacco",Food Products,Packaged Foods and Meats,"Fishing, Hunting, and Trapping",48200.0,241000.0,,LTM,LTM,LTM,
A006090,Oyang Corporation,0.04247493418174506,0.049808934181745056,0.432558454196181,11.1548093536904,7.25400876982599,5.4218081150608,0.326323593297273,Consumer Staples,"Food, Beverage and Tobacco",Food Products,Packaged Foods and Meats,Prepared Fresh or Frozen Fish and Seafoods,8670.0,81695.14713,,LTM,LTM,LTM,LTM
A014710,"SAJO SEAFOOD Co.,Ltd",0.003140802472331089,-0.04200919752766891,1.17661302332198,,,,0.881127896046454,Consumer Staples,"Food, Beverage and Tobacco",Food Products,Packaged Foods and Meats,Prepared Fresh or Frozen Fish and Seafoods,9930.0,170980.13199,,LTM,,,
A003960,Sajodaerim Corporation,-0.04055116224338027,-0.08073116224338027,0.259742473606718,9.08698149183317,5.39916719504185,,0.394840213108311,Consumer Staples,"Food, Beverage and Tobacco",Food Products,Packaged Foods and Meats,Miscellaneous Food Preparations And Kindred Products,29900.0,267432.8059,,LTM,LTM,LTM,
A008040,"Sajodongaone Co.,Ltd",0.06425299972129472,0.004679999721294719,,,,3.09751601334078,0.377969330965122,Consumer Staples,"Food, Beverage and Tobacco",Food Products,Agricultural Products and Services,Grain Mill Products,654.0,92178.81087599999,,,,,LTM
A304100,Saltlux Inc.,-0.048943721656670935,-0.0836327216566709,3.6730467125027,,,,2.97607517804599,Information Technology,Software and Services,Software,Application Software,Computer Processing and Data Preparation and Processing Services,15760.0,198479.1548,,LTM,,,
A328380,"Saltware Co., Ltd.",0.12081495390470427,0.14559295390470428,0.261715721828408,,34.0515006466228,88.8022103159594,1.14473464515422,Information Technology,Software and Services,IT Services,IT Consulting and Other Services,"Computer Programming, Data Processing, And Other Computer Related Services",3715.0,25112.972775,,LTM,,LTM,LTM
A000250,"Sam Chun Dang Pharm. Co., Ltd",0.08584546266416873,0.09521246266416872,17.5306392987404,,173.248231882019,,14.3483429773099,Health Care,"Pharmaceuticals, Biotechnology and Life Sciences",Pharmaceuticals,Pharmaceuticals,Pharmaceutical Preparations,168500.0,3944158.0209999997,,LTM,,LTM,
A009770,"Sam Jung Pulp Co.,Ltd.",0.006496996826331561,-0.0009600031736684392,,,,59.5661474769071,0.389336301791066,Materials,Materials,Paper and Forest Products,Paper Products,Paper Mills,28050.0,70124.18655,,,,,LTM
A006110,"Sam-A Aluminium Company, Limited",0.30687520505109783,0.26326120505109785,2.78441348178399,117.768033854545,,108.086785009862,3.74795492548819,Materials,Materials,Metals and Mining,Aluminum,"Rolling, Drawing, And Extruding Of Nonferrous Metals",49800.0,753148.059,,2026E,2026E,,2026E
A009300,"Sam-A Pharm. Co., Ltd",-0.048084556329053216,-0.013120556329053214,,,,7.91389866747621,0.363290115535768,Health Care,"Pharmaceuticals, Biotechnology and Life Sciences",Pharmaceuticals,Pharmaceuticals,Pharmaceutical Preparations,13670.0,83432.68514,,,,,LTM
A023600,"Sambo Corrugated Board Co., Ltd.",0.03631920285187288,0.054779202851872884,0.35464523490138,6.23630761048741,3.39581910715212,5.60376030597953,0.241762932435069,Materials,Materials,Containers and Packaging,Paper and Plastic Packaging Products and Materials,Paperboard Containers And Boxes,9070.0,140709.27714,,LTM,LTM,LTM,LTM
A009620,"Sambo Industrial Co., Ltd.",0.0063545652092152,-0.0730894347907848,0.834254472436904,24.8961188438681,10.7516275386358,,9.06363041519347,Materials,Materials,Metals and Mining,Aluminum,Primary Production of Aluminum,851.0,13938.759621,,LTM,LTM,LTM,
A053700,"Sambo Motors Co., Ltd",0.0177030669058364,0.0596070669058364,0.277197832678634,9.17724697863473,3.89741694883806,12.5328013663346,0.236493181089582,Consumer Discretionary,Automobiles and Components,Automobile Components,Automotive Parts and Equipment,Radio and Television Broadcasting and Communications Equipment,4025.0,104921.780075,,LTM,LTM,LTM,LTM
A001470,"Sambu Engineering & Construction Co., Ltd",,0.8241808436078866,1.05471705920288,,,,,Industrials,Capital Goods,Construction and Engineering,Construction and Engineering,Heavy Construction Other Than Building Construction Contractors,347.0,79626.667755,,LTM,,,
A004690,"Samchully Co.,Ltd",0.05217855237578999,0.08205755237578999,0.136172299681861,3.91567245333248,2.10564792622746,3.33048027919,0.247295047441876,Utilities,Utilities,Gas Utilities,Gas Utilities,Natural Gas Transmission and Distribution,128200.0,438960.005,,LTM,LTM,LTM,LTM
A024950,"Samchuly Bicycle Co., Ltd",0.004783842031440784,0.04210384203144078,0.310507788711572,4.0397074244475,3.09706964874028,7.60277271853916,0.506276854864555,Consumer Discretionary,Consumer Durables and Apparel,Leisure Products,Leisure Products,"Motorcycles, Bicycles, and Parts",4515.0,46027.819845000005,,LTM,LTM,LTM,LTM
A419530,"SAMG Entertainment Co., Ltd.",0.5199745607730819,0.6803685607730818,1.09855969865854,7.83320828608696,5.00454973833333,11.6747181964573,2.53189892042215,Communication Services,Media and Entertainment,Entertainment,Movies and Entertainment,Motion Picture and Video Tape Production,20800.0,198863.74560000002,,2026E,2026E,2026E,2026E
A010960,"Samho Development Co., LTD",0.03708839494738191,0.06205439494738191,,,,5.25644354635402,0.292134712155781,Industrials,Capital Goods,Construction and Engineering,Construction and Engineering,Heavy Construction Other Than Building Construction Contractors,3035.0,67862.59999999999,,,,,LTM
A004450,"Samhwa Crown & Closure Co., Ltd",0.03263175825343241,0.05514075825343241,0.594052796338009,16.6385823568445,6.35862475157325,9.91025041357701,0.419975864062543,Materials,Materials,Containers and Packaging,"Metal, Glass and Plastic Containers",Metal Forgings And Stampings,25800.0,46390.5414,,LTM,LTM,LTM,LTM
A046390,"Samhwa Networks Co., Ltd.",-0.023247545022408594,-0.02293554502240859,0.518922883134749,,,,0.550886551681292,Communication Services,Media and Entertainment,Entertainment,Movies and Entertainment,Motion Picture and Video Tape Production,2005.0,31056.325195,,LTM,,,
A437730,"Samhyun Co., Ltd.",-0.03354300117975635,0.019936998820243648,12.5426717572504,,,213.893453389588,9.05301057002355,Consumer Discretionary,Automobiles and Components,Automobile Components,Automotive Parts and Equipment,Air-Conditioning and Warm Air Heating Equipment and Commercial and Industrial Refrigeration Equipment,33450.0,1057092.7872,,LTM,,,LTM
A017480,"Samhyun Steel Co., Ltd.",0.03797863584342222,0.05559063584342222,,,,9.96689089733687,0.38357863653529,Materials,Materials,Metals and Mining,Steel,"Steel Works, Blast Furnaces (Including Coke Ovens), and Rolling Mills",4795.0,74048.65755,,,,,LTM
A002450,"SAMICK MUSICAL INSTRUMENT Co., Ltd",0.026550498665899057,0.04063649866589905,0.533991673280127,24.9986751968532,5.39839094167989,3.30253517281108,0.282514619895302,Consumer Discretionary,Consumer Durables and Apparel,Leisure Products,Leisure Products,Musical Instruments,1080.0,82113.38819999999,,LTM,LTM,LTM,LTM
A004380,"Samick THK Co., Ltd.",0.09052560285535885,-0.11367439714464117,1.23116846671638,,,,1.0089147115076,Industrials,Capital Goods,Machinery,Industrial Machinery and Supplies and Components,Miscellaneous Fabricated Metal Products,8190.0,169533.0,,LTM,,,
A014950,Samik Pharmaceutical Company LTD.,0.011655997941675367,0.011846997941675366,0.384666240176534,7.42054025370567,5.21728871493783,,0.688562504936783,Health Care,"Pharmaceuticals, Biotechnology and Life Sciences",Pharmaceuticals,Pharmaceuticals,Pharmaceutical Preparations,5020.0,50539.29176,,LTM,LTM,LTM,
A004440,"SAMIL C&S Co., Ltd.",-0.0021299986759575687,0.007730001324042431,0.364556053145151,43.8797783652595,7.44902606882766,,0.238212876302655,Materials,Materials,Construction Materials,Construction Materials,"Concrete, Gypsum, And Plaster Products",4895.0,62322.880565,,LTM,LTM,LTM,
A032280,Samil Co.Ltd.,0.011046334518098444,0.014135334518098444,0.491254523056463,24.6436093427662,9.36936091210115,19.0050990750434,0.327986178982475,Industrials,Transportation,Ground Transportation,Cargo Ground Transportation,Water Transportation,1345.0,20875.3684,,LTM,LTM,LTM,LTM
A002290,"Samil Enterprise Co., Ltd.",0.04130057992022977,0.07812857992022977,,,,6.18051627983505,0.569629828844592,Industrials,Capital Goods,Construction and Engineering,Construction and Engineering,Heavy Construction Other Than Building Construction Contractors,3315.0,41106.0,,,,,LTM
A000520,"Samil Pharmaceutical Co.,Ltd",7.054104789966376e-05,-0.10638145895210033,1.281629766,,,,1.06058710599923,Health Care,"Pharmaceuticals, Biotechnology and Life Sciences",Pharmaceuticals,Pharmaceuticals,Pharmaceutical Preparations,6210.0,132711.75513,,2026E,,,
A037460,"Samji Electronics Co., Ltd.",0.35463076978754865,0.40688576978754865,0.304633697903489,3.42507994851609,3.38185474064273,2.41506521976178,0.744039442434239,Information Technology,Technology Hardware and Equipment,Communications Equipment,Communications Equipment,Radio and Television Broadcasting and Communications Equipment,31650.0,478849.3713,,LTM,LTM,LTM,LTM
A032750,"SAMJIN Co., Ltd.",-0.010342644390187967,0.0013453556098120337,,,,7.49908856932347,0.230953226611582,Consumer Discretionary,Consumer Durables and Apparel,Household Durables,Consumer Electronics,Household Audio and Video Equipment,2845.0,25676.29001,,,,,LTM
A0013V0,Samjin Food Co. Ltd.,,0.22968866584798853,0.491231984538283,7.34450900395221,4.65347864799463,7.86320508170733,1.16010936889453,Consumer Staples,"Food, Beverage and Tobacco",Food Products,Packaged Foods and Meats,Prepared Fresh or Frozen Fish and Seafoods,5150.0,51081.0784,,LTM,LTM,LTM,LTM
A054090,"Samjin LND Co., Ltd.",0.11412832068552911,-0.11749167931447088,0.386708089094309,76.0425456741891,10.5441985323897,5.92067537230495,0.594437363245551,Information Technology,Semiconductors and Semiconductor Equipment,Semiconductors and Semiconductor Equipment,Semiconductors,"Plastics Products, not elsewhere classified",955.0,23671.559215,,LTM,LTM,LTM,LTM
A005500,"Samjin Pharmaceuticals Co., Ltd.",0.1875613552002605,0.2364763552002605,,,,10.4293373421067,0.865902378544111,Health Care,"Pharmaceuticals, Biotechnology and Life Sciences",Pharmaceuticals,Pharmaceuticals,Pharmaceutical Preparations,17620.0,215981.99550000002,,,,,LTM
A122350,Samkee Corp.,0.0030505682270702238,-0.03737743177292978,0.897251246351166,,9.76149296107719,,0.598438946741748,Consumer Discretionary,Automobiles and Components,Automobile Components,Automotive Parts and Equipment,Motor Vehicle Parts and Accessories,1478.0,56107.197503999996,,LTM,,LTM,
A419050,"Samkee Energy Solutions Co., Ltd",0.3149057086858016,0.2187897086858016,1.41269824720767,58.5779083112945,11.4862160554614,,1.18509936400956,Consumer Discretionary,Automobiles and Components,Automobile Components,Automotive Parts and Equipment,Motor Vehicle Parts and Accessories,1582.0,90484.45168,,LTM,LTM,LTM,
A005610,"Samlip Co., Ltd.",-0.003695250951952732,0.02843674904804727,0.187396763397895,34.7231656418773,5.58050684827027,,0.679322583764804,Consumer Staples,"Food, Beverage and Tobacco",Food Products,Packaged Foods and Meats,Food and Kindred Products,38700.0,313672.1301,,LTM,LTM,LTM,
A012210,"Sammi Metal Products Co., Ltd.",-0.6322111493905714,-0.5990931493905713,,,,28.7491115849325,0.74630287274041,Industrials,Capital Goods,Machinery,Industrial Machinery and Supplies and Components,Metal Forgings And Stampings,7620.0,169103.13144,,,,,2026E
A018310,"Sammok S-Form Co.,Ltd",-0.00639352029932538,-0.0001775202993253809,,,,21.2795904198874,0.302656049665378,Industrials,Capital Goods,Building Products,Building Products,Prefabricated Metal Buildings and Components,13350.0,190013.82075,,,,,LTM
A038500,"SAMPYO Cement Co., Ltd.",0.05213693952897436,0.07529493952897437,1.74944434737896,14.3279041671213,7.41937400225184,16.4342526867444,1.04218763750705,Materials,Materials,Construction Materials,Construction Materials,"Cement, Hydraulic",7250.0,778313.252,,LTM,LTM,LTM,LTM
A014970,"SAMRYOONG Co.,Ltd",0.06950127492749766,0.13026227492749767,0.815724157900269,12.8760528408061,9.55811739273479,11.7786103227327,1.17015057798872,Materials,Materials,Containers and Packaging,Paper and Plastic Packaging Products and Materials,Paperboard Containers And Boxes,4330.0,64192.25,,LTM,LTM,LTM,LTM
A207940,"Samsung Biologics Co.,Ltd.",0.3725429434817465,0.3730159434817465,13.1632989884528,29.2543356034122,25.0078749539169,38.1807472967565,9.18623126363587,Health Care,"Pharmaceuticals, Biotechnology and Life Sciences",Life Sciences Tools and Services,Life Sciences Tools and Services,"Biological Products, Except Diagnostic Substances",1546000.0,71486294.828,,2026E,2026E,2026E,2026E
A028260,Samsung C&T Corporation,0.14730278668746136,0.20108878668746136,1.4072498054065,16.7218065727094,13.0684215779824,22.1929848569449,0.963195929269368,Industrials,Capital Goods,Industrial Conglomerates,Industrial Conglomerates,Conglomerates,390750.0,62679714.764249995,,2026E,2026E,2026E,2026E
A029780,"Samsung Card Co., Ltd.",,0.7491694243665823,,,,8.66144200083922,0.561350054722223,Financials,Financial Services,Consumer Finance,Consumer Finance,Personal Credit Institutions,46200.0,4930034.109,,,,,2026E
A006660,"Samsung Climate Control Co., Ltd.",0.004914924206194656,0.001516924206194658,,,,12.8739255976124,0.405434669371744,Consumer Discretionary,Automobiles and Components,Automobile Components,Automotive Parts and Equipment,Motor Vehicle Parts and Accessories,14150.0,111229.8389,,,,,LTM
A028050,"Samsung E&A Co., Ltd.",0.28725537244237753,0.3302483724423775,0.526466959942676,5.82931910904025,5.36173367771273,12.5297335074319,1.96048355328392,Industrials,Capital Goods,Construction and Engineering,Construction and Engineering,Engineering Services,45050.0,8829800.0,,2026E,2026E,2026E,2026E
A009150,"Samsung Electro-Mechanics Co., Ltd.",0.338335543355593,0.34918154335559304,7.1555642449965,52.0753400391995,33.4933298715717,68.1541040805519,10.0164269500998,Information Technology,Technology Hardware and Equipment,"Electronic Equipment, Instruments and Components",Electronic Components,Electronic Components And Accessories,1322000.0,99873464.5,,2026E,2026E,2026E,2026E
A005930,"Samsung Electronics Co., Ltd.",1.4698877496454874,1.3048337496454876,2.13178634405006,4.00648942922779,3.55181888437918,5.58459128472463,3.15053922040565,Information Technology,Technology Hardware and Equipment,"Technology Hardware, Storage and Peripherals","Technology Hardware, Storage and Peripherals",Semiconductors and Related Devices,279500.0,1835657207.9299998,,2026E,2026E,2026E,2026E
A0126Z0,"Samsung Epis Holdings Co., Ltd.",,,5.39359943327605,38.6264697875385,14.6184601816012,36.0849281157764,1.59389882978345,Health Care,"Pharmaceuticals, Biotechnology and Life Sciences",Biotechnology,Biotechnology,"Biological Products, Except Diagnostic Substances",359000.0,8916459.665000001,,2026E,2026E,2026E,2026E
A000810,"Samsung Fire & Marine Insurance Co., Ltd.",-0.8560112946539776,-0.8079412946539777,1.19138407137174,8.1765669031132,7.05066653993888,11.3956932569764,1.0950691568242,Financials,Insurance,Insurance,Property and Casualty Insurance,"Fire, Marine, and Casualty Insurance",664000.0,28226318.623999998,,LTM,2026E,LTM,2026E
A448730,"Samsung FN REIT Co., Ltd.",0.1313211068682431,0.17607310686824312,19.8115672576786,30.8179935119444,26.4154230102381,40.9022556390977,1.22281524365799,Real Estate,Equity Real Estate Investment Trusts (REITs),Office REITs,Office REITs,Real Estate Investment Trusts,5350.0,487117.5,,2026E,2026E,2026E,2026E
A010140,"Samsung Heavy Industries Co., Ltd.",0.2940843955164284,0.3463423955164284,1.35447196812659,12.7129313914427,10.3298544659652,17.4731291415621,3.93597915842115,Industrials,Capital Goods,Machinery,Construction Machinery and Heavy Transportation Equipment,Ship And Boat Building And Repairing,20200.0,17253838.4032,,2026E,2026E,2026E,2026E
A032830,"Samsung Life Insurance Co., Ltd.",-0.5525638234946522,-0.5294518234946523,9.98523996215104,27.9798060533419,10.297176158172,18.8461917718572,0.656608351593284,Financials,Insurance,Insurance,Life and Health Insurance,Life Insurance,315500.0,56655842.774500005,,2026E,2026E,LTM,2026E
A309930,"JOYWORKS&Co Co., Ltd.",-0.17125611317775224,-0.5934961131777522,0.495348436930885,,,,0.800016780721147,Consumer Discretionary,Consumer Discretionary Distribution and Retail,Specialty Retail,Homefurnishing Retail,Nonstore Retailers,910.0,17424.79284,,LTM,,,
A001360,"SAMSUNG PHARM. Co., LTD.",,,,,,,,Health Care,"Pharmaceuticals, Biotechnology and Life Sciences",Pharmaceuticals,Pharmaceuticals,Pharmaceutical Preparations,1243.0,116991.527928,,,,,
A068290,"Samsung Publishing Co., Ltd",0.012760000811543944,0.029890000811543943,,,,,0.333465168682245,Communication Services,Media and Entertainment,Media,Publishing,"Books: Publishing, or Publishing and Printing",6220.0,62200.0,,,,,
A006400,"Samsung SDI Co., Ltd.",,0.15815236700453053,3.11712454637945,180.729222626852,19.1131084637418,63.1215542802831,1.46472912068097,Information Technology,Technology Hardware and Equipment,"Electronic Equipment, Instruments and Components",Electronic Components,Electronic Components And Accessories,485000.0,38166412.975,,2026E,2026E,2026E,2026E
A018260,"Samsung SDS Co., Ltd.",0.07747329431579356,0.12156429431579356,0.870673793112609,14.9090925425085,8.66722361068547,25.3782408413834,1.74795301246378,Information Technology,Software and Services,IT Services,IT Consulting and Other Services,"Computer Programming, Data Processing, And Other Computer Related Services",225000.0,17403791.849999998,,2026E,2026E,2026E,2026E
A016360,"Samsung Securities Co.,Ltd.",,-0.5675868003274773,,,,4.99006906589339,1.01022291082921,Financials,Financial Services,Capital Markets,Investment Banking and Brokerage,"Security Brokers, Dealers, and Flotation Companies",91900.0,8206670.0,,,,,2026E
A0044K0,Samsung Special Purpose Acquisition 10 Company,,,,,,,,Financials,Financial Services,Capital Markets,Asset Management and Custody Banks,"Unit Investment Trusts, Face-Amount Certificate Offices, and Closed-End Management Investment Offices",1987.0,14942.24,,,,,
A0071M0,Samsung Special Purpose Acquisition 11 Company,,,,,,,,Financials,Financial Services,Capital Markets,Asset Management and Custody Banks,Non-operating Establishments,1982.0,11416.32,,,,,
A0096B0,"Samsung Special Purpose Acquisition 12 Company Co., Ltd.",,,,,,,,Financials,Financial Services,Capital Markets,Asset Management and Custody Banks,Non-operating Establishments,1976.0,13002.08,,,,,
A0115H0,Samsung Special Purpose Acquisition 13 Company,,,,,,,,Financials,Financial Services,Capital Markets,Asset Management and Custody Banks,Non-operating Establishments,1988.0,14611.8,,,,,
A291230,NP Inc.,-0.15541174228032514,-0.14363474228032513,0.984151784014808,,,,0.932914394130933,Communication Services,Media and Entertainment,Media,Advertising,Advertising,2280.0,20107.66656,,LTM,,,
A031330,"SAMT Co., Ltd.",0.5165394887439599,0.43990448874395993,0.326874215730399,3.71134232456945,3.68939070216366,2.59496599231715,1.09906590032677,Information Technology,Technology Hardware and Equipment,"Electronic Equipment, Instruments and Components",Technology Distributors,"Electronic Parts and Equipment, not elsewhere classified",7840.0,764753.32528,,LTM,LTM,LTM,LTM
A001820,"SAMWHA CAPACITOR Co.,LTD",0.11295828195553935,0.12933128195553933,2.91663916373041,36.4865840482353,21.637392865814,50.7276507276507,3.63492989812519,Information Technology,Technology Hardware and Equipment,"Electronic Equipment, Instruments and Components",Electronic Components,Electronic Components And Accessories,91300.0,949063.5,,2026E,2026E,2026E,2026E
A009470,"Samwha Electric Co.,Ltd.",-0.027850780838116485,0.05283221916188352,0.670418422463707,14.3583836796187,9.92645055528037,25.27659919537,1.31802920650302,Information Technology,Technology Hardware and Equipment,"Electronic Equipment, Instruments and Components",Electronic Components,Electronic Components And Accessories,22250.0,147157.495,,LTM,LTM,LTM,LTM
A011230,"Samwha Electronics Co.,Ltd.",-0.23394704774601863,-0.46506304774601864,3.17474575153375,,,,2.85203850517754,Information Technology,Technology Hardware and Equipment,"Electronic Equipment, Instruments and Components",Electronic Components,Electronic Components And Accessories,2615.0,50113.841695,,LTM,,,
A023000,"SAMWONSTEEL Co.,Ltd.",0.019233993216241016,0.026887993216241017,0.0790822197762352,2.61738278593027,1.57612242300075,,,Materials,Materials,Metals and Mining,Steel,"Steel Works, Blast Furnaces (Including Coke Ovens), and Rolling Mills",2215.0,88024.00254,,LTM,LTM,LTM,
A0120G0,Samyang Biopharm Corporation,,,,,,,,Health Care,"Pharmaceuticals, Biotechnology and Life Sciences",Biotechnology,Biotechnology,Pharmaceutical Preparations,61900.0,460280.353,,,,,
A484590,"Samyang Comtech Co.,Ltd.",,,,,,8.0,,Industrials,Capital Goods,Aerospace and Defense,Aerospace and Defense,Guided Missiles And Space Vehicles And Parts,6010.0,247674.8045,,,,,2026E
A145990,Samyang Corporation,-0.12696419648116997,-0.16658019648116998,0.407032033635163,9.39451073372873,5.40528095631099,,0.256693103667319,Consumer Staples,"Food, Beverage and Tobacco",Food Products,Packaged Foods and Meats,Food and Kindred Products,44350.0,445115.227,,LTM,LTM,LTM,
A003230,"Samyang Foods Co., Ltd.",0.5728798368841055,0.7040018368841056,3.3342627070757,14.2067200207407,12.8165752323319,18.468200904115,7.57829230527215,Consumer Staples,"Food, Beverage and Tobacco",Food Products,Packaged Foods and Meats,Miscellaneous Food Preparations And Kindred Products,1380000.0,10395560.7,,2026E,2026E,2026E,2026E
A000070,Samyang Holdings Corporation,-0.053994847500242714,-0.10833984750024273,0.578944453034209,16.3517188523098,7.48595211404329,,0.222857839615427,Consumer Staples,"Food, Beverage and Tobacco",Food Products,Packaged Foods and Meats,Food and Kindred Products,59300.0,423491.4244,,LTM,LTM,LTM,
A036670,Samyang KCI Corporation,,0.05732998595232409,,,,29.6564390161757,1.62197338127657,Materials,Materials,Chemicals,Specialty Chemicals,Chemicals and Allied Products,5060.0,55290.619999999995,,,,,LTM
A272550,Samyang Packaging Corporation,0.0522950716138934,0.0762050716138934,0.751791477463722,10.9480594096864,6.28396647226667,7.31227572336322,0.382359627344558,Materials,Materials,Containers and Packaging,"Metal, Glass and Plastic Containers",Miscellaneous Plastics Products,9670.0,148249.80299999999,,LTM,LTM,LTM,LTM
A003720,"Samyoung Co.,Ltd.",0.3714210408262259,0.43170204082622593,1.49789569449122,12.1491278208012,9.10903990427302,11.0375819722678,2.35671518322387,Materials,Materials,Chemicals,Commodity Chemicals,Unsupported Plastics Film and Sheet,6470.0,213017.92415000004,,LTM,LTM,LTM,LTM
A005680,"Samyoung Electronics Co., Ltd",-0.016708361456916846,-0.003928361456916846,,,,15.4299754299754,0.437334638493658,Information Technology,Technology Hardware and Equipment,"Electronic Equipment, Instruments and Components",Electronic Components,Electronic Components And Accessories,12100.0,230018.6042,,,,,2026E
A054540,"SAMYOUNG M-Tek Co., Ltd",1.779719192328581,1.8245341923285807,1.13979161452695,27.0257839600917,24.123993911614,5.40339622984588,0.663079296550781,Industrials,Capital Goods,Machinery,Industrial Machinery and Supplies and Components,Iron And Steel Foundries,6200.0,75206.0,,LTM,LTM,LTM,LTM
A361670,"Samyoung S&C Co., Ltd.",-0.031620007210713535,-0.058248007210713534,1.03107104739818,,,,1.05343904203506,Information Technology,Technology Hardware and Equipment,"Electronic Equipment, Instruments and Components",Electronic Components,"Electronic Components, not elsewhere classified",3625.0,20220.82275,,LTM,,,
A065570,"SAMYUNG ENC Co., Ltd.",-0.4972850008002929,-1.069490000800293,0.309607056095047,,,,0.684866534661929,Information Technology,Technology Hardware and Equipment,Communications Equipment,Communications Equipment,"Search, Detection, Navigation, Guidance, Aeronautical, and Nautical Systems and Instruments",764.0,11740.860916,,LTM,,,
A002810,"Samyung Trading Co., Ltd.",0.06349898030772634,0.08864298030772634,0.356482016911269,2.38485196755357,2.10464592212488,6.15426499630103,0.632498842512438,Industrials,Capital Goods,Trading Companies and Distributors,Trading Companies and Distributors,Chemicals And Allied Products,22700.0,406877.1608,,LTM,LTM,LTM,LTM
A419120,Sandoll Inc.,0.030714362936054198,0.0684063629360542,1.35606612258558,6.19570388693594,4.67742196921792,11.751225025709,0.601093108477184,Information Technology,Software and Services,Software,Application Software,Prepackaged Software,2290.0,32976.64578,,LTM,LTM,LTM,LTM
A411080,SANDS LAB Inc.,0.058744560390385676,0.08671556039038568,2.73386184671814,,,180.662703332234,1.26094045800253,Information Technology,Software and Services,Software,Systems Software,Prepackaged Software,3935.0,60078.155529999996,,LTM,,,LTM
A011420,"Galaxia SM, Inc.",-0.056125012181251675,-0.04697001218125167,1.25939121740834,,23.9732968200568,,1.85022896027304,Communication Services,Media and Entertainment,Media,Broadcasting,Television Broadcasting Stations,1501.0,41352.015644,,LTM,,LTM,
A089980,"Sang-A Frontec Co.,Ltd.",0.17212740160717385,0.18552140160717384,1.30402631979628,26.2901020544643,10.1185272512027,21.1337209302326,1.0816899793659,Information Technology,Technology Hardware and Equipment,"Electronic Equipment, Instruments and Components",Electronic Components,Miscellaneous Plastics Products,14050.0,219726.48880000002,,2026E,2026E,2026E,2026E
A027580,SANGBO Corp.,-0.23007198239992216,-0.34140398239992215,0.471927883550794,,,,0.461446617247713,Materials,Materials,Chemicals,Commodity Chemicals,Miscellaneous Plastics Products,1649.0,18578.372752,,LTM,,,
A042940,"Sangji Construction, Inc.",0.0010298285591666817,-0.07173217144083333,6.54065794222444,,,,0.425645125943811,Industrials,Capital Goods,Construction and Engineering,Construction and Engineering,Heavy Construction Other Than Building Construction Contractors,5960.0,40659.39416,,LTM,,,
A038540,"Sangsangin Co., Ltd.",-0.054203924042434556,-0.026793924042434566,0.547970892066538,,,,0.278631923610085,Financials,Banks,Banks,Regional Banks,Computer Integrated Systems Design,1977.0,108189.89365200001,,LTM,,,
A307870,"B2En Co., Ltd.",-0.29484988570945747,-0.4098698857094575,5.02522790487888,,,,1.94111054996199,Information Technology,Software and Services,IT Services,IT Consulting and Other Services,"Computer Programming, Data Processing, And Other Computer Related Services",1021.0,75859.569985,,LTM,,,
A001290,"Sangsangin Investment & Securities Co.,Ltd.",,0.0731426878271084,,,,45.9433103219516,0.534721823008115,Financials,Financial Services,Capital Markets,Investment Banking and Brokerage,"Security Brokers, Dealers, and Flotation Companies",1010.0,107326.47941,,,,,LTM
A263810,"Sangshin Electronics Co., Ltd.",0.06198286048719442,0.06709486048719442,0.370214000962235,201.688895203626,20.7378720910396,19.691380164743,0.750081961014655,Information Technology,Technology Hardware and Equipment,"Electronic Equipment, Instruments and Components",Electronic Components,"Electronic Components, not elsewhere classified",2520.0,40121.40888,,LTM,LTM,LTM,LTM
A041650,"Sangsin Brake Co., Ltd.",-0.003963158023627575,-0.06540715802362758,0.450005428589526,79.7419041506045,9.4477311703805,8.9468710046048,0.189819121123632,Consumer Discretionary,Automobiles and Components,Automobile Components,Automotive Parts and Equipment,Motor Vehicle Parts and Accessories,2135.0,41334.261849999995,,LTM,LTM,LTM,LTM
A091580,"Sangsin Energy Display Precision Co.,Ltd.",0.39627456617088197,0.412901566170882,0.93652684210373,12.3621543157692,6.441202649499,13.1303724928367,1.46472461318558,Industrials,Capital Goods,Electrical Equipment,Electrical Components and Equipment,"Miscellaneous Electrical Machinery, Equipment, and Supplies",16890.0,225113.61891000002,,2026E,2026E,2026E,2026E
A188260,Sanigen Co. Ltd,-0.3731588562897083,-1.1605478562897082,1.25966209151086,,,,1.82487824811804,Health Care,Health Care Equipment and Services,Health Care Equipment and Supplies,Health Care Equipment,Surgical and Medical Instruments and Apparatus,2010.0,27941.64918,,LTM,,,
A062040,"Sanil Electric Co., Ltd.",0.69548481687158,0.65827181687158,7.68684485328322,20.4605412866856,19.7625767005837,25.8111001385128,,Industrials,Capital Goods,Electrical Equipment,Heavy Electrical Equipment,"Power, Distribution, and Specialty Transformers",165400.0,5053813.0438,,2026E,2026E,2026E,2026E
A452430,Sapien Semiconductors Inc.,1.0171263983827625,0.7065833983827625,6.28897448693182,94.2008093361702,64.1657686782609,64.0586797066015,14.991746122511,Information Technology,Semiconductors and Semiconductor Equipment,Semiconductors and Semiconductor Equipment,Semiconductors,Semiconductors and Related Devices,,,,2026E,2026E,2026E,2026E
A143240,"Saramin Co.,Ltd.",0.4113851092547205,0.44292710925472045,0.010161373166908,0.0142160023443137,0.0135303516705964,1.80177213346363,0.652313386699986,Industrials,Commercial and Professional Services,Professional Services,Human Resource and Employment Services,"Computer Programming, Data Processing, And Other Computer Related Services",16710.0,175433.79501,,LTM,LTM,LTM,LTM
A223310,"Satoshi Holdings Co., Ltd.",-0.9546905670399397,-1.5417485670399396,2.31848547601389,,,,2.32560623399947,Information Technology,Technology Hardware and Equipment,"Electronic Equipment, Instruments and Components",Electronic Equipment and Instruments,Electronic Components And Accessories,,,,LTM,,,
A099320,"Satrec Initiative Co., Ltd.",0.20589758669265268,0.23226358669265268,3.09683212697301,50.0964210406667,25.0482105203333,62.7674352243194,3.33605143920714,Industrials,Capital Goods,Aerospace and Defense,Aerospace and Defense,Radio and Television Broadcasting and Communications Equipment,69200.0,757828.4376000001,,2026E,2026E,2026E,2026E
A067830,Savezone I&C Corporation,0.023198997389582008,0.05044999738958201,,,,7.38694834181661,0.199881245426507,Consumer Discretionary,Consumer Discretionary Distribution and Retail,Broadline Retail,Broadline Retail,Department Stores,2355.0,88935.70836,,,,,LTM
A088280,SAWNICS Inc.,-0.14257445162167615,-0.18999245162167616,2.30724064114379,,,,1.2294909432024,Information Technology,Semiconductors and Semiconductor Equipment,Semiconductors and Semiconductor Equipment,Semiconductors,"Electronic Components, not elsewhere classified",2240.0,38766.5376,,LTM,,,
A389500,"SBB Tech Co., Ltd.",-0.14220201180783965,-0.30856001180783954,24.0058731485714,,,,10.7893035707544,Industrials,Capital Goods,Machinery,Industrial Machinery and Supplies and Components,"Special Industry Machinery, Except Metalworking",35400.0,235602.82379999998,,2026E,,,
A019550,"SBI Investment Korea Co., Ltd.",,0.0299600161967455,,,,30.5798515474124,0.963988626559756,Financials,Financial Services,Capital Markets,Asset Management and Custody Banks,"Investors, not elsewhere classified",1024.0,82504.909824,,,,,LTM
A003080,"SBSUNGBO Co., Ltd.",0.1459761240177128,0.2362431240177128,0.529744525077359,,,1.2898268375935,0.279298809034906,Materials,Materials,Chemicals,Fertilizers and Agricultural Chemicals,Agricultural Chemicals,2220.0,43485.40662,,LTM,,,LTM
A023960,"SC Engineering Co., Ltd",-0.18104247814416524,-0.19950347814416525,0.362144569583392,,,,0.86240179746757,Industrials,Capital Goods,Construction and Engineering,Construction and Engineering,General Building Contractors-nonresidential,1000.0,38035.973,,LTM,,,
A060230,"JK Synapse Co., Ltd.",0.08424864696781004,-0.11244235303218997,0.937538794257641,,,,0.201623556251487,Materials,Materials,Chemicals,Specialty Chemicals,Motion Picture and Video Tape Production,1330.0,14523.92452,,LTM,,,
A042110,"SCD Co., Ltd.",-0.024737602821207922,0.008337397178792082,,,,11.655185649696,0.374852182465013,Information Technology,Technology Hardware and Equipment,"Electronic Equipment, Instruments and Components",Electronic Components,Electronic Components And Accessories,1019.0,49247.825716,,,,,LTM
A475660,"S-CHEM Co.,Ltd.",-0.41666897653038326,-0.9472299765303833,,,,,,Materials,Materials,Chemicals,Specialty Chemicals,Miscellaneous Chemical Products,3350.0,26564.947249999997,,,,,
A246960,SCL Science Inc.,0.18461730968033396,0.05202030968033397,3.51072359456283,,66.731514496623,,2.89617716659801,Health Care,Health Care Equipment and Services,Health Care Equipment and Supplies,Health Care Supplies,"Orthopedic, Prosthetic, and Surgical Appliances and Supplies",1989.0,67655.166696,,LTM,,LTM,
A137310,"SD Biosensor, Inc.",-0.14817275961273124,-0.18332575961273123,0.741300667342408,,14.6118163360047,,0.300100365535937,Health Care,Health Care Equipment and Services,Health Care Equipment and Supplies,Health Care Supplies,In Vitro and In Vivo Diagnostic Substances,5840.0,698576.2156,,LTM,,LTM,
A121890,"SD SYSTEM Co., Ltd",-0.3330885260055365,-0.1704135260055365,1.48245258196598,,,,,Information Technology,Technology Hardware and Equipment,"Electronic Equipment, Instruments and Components",Electronic Equipment and Instruments,Electronic Components And Accessories,2545.0,33826.73007,,LTM,,,
A099220,"SDN Company., Ltd.",0.010441604793108579,-0.0020993952068914246,0.899409653285809,17.8651007805206,12.3767396731162,,0.425704073967327,Industrials,Capital Goods,Electrical Equipment,Electrical Components and Equipment,Electrical Industrial Apparatus,511.0,32164.56285,,LTM,LTM,LTM,
A148150,"Se Gyung Hi Tech Co., Ltd.",,0.22268552624263366,0.251962949143645,26.1686133645226,2.69690407149778,18.2441401841424,0.485133877213983,Information Technology,Technology Hardware and Equipment,"Electronic Equipment, Instruments and Components",Electronic Components,"Electronic Components, not elsewhere classified",3340.0,113517.31813999999,,LTM,LTM,LTM,LTM
A396300,"SeA Mechanics Co., Ltd",0.4523708330985758,0.4058818330985758,1.32578433388861,43.7925724621186,18.0150167509917,14.5290269972046,1.51288280706068,Information Technology,Technology Hardware and Equipment,"Electronic Equipment, Instruments and Components",Electronic Components,Electronic Components And Accessories,4315.0,114302.1925,,LTM,LTM,LTM,LTM
A001430,SeAH Besteel Holdings Corporation,0.1359798244777034,0.15345382447770342,0.61993493066166,17.9947251520203,9.14005487090061,15.689018939192,0.758880894666299,Materials,Materials,Metals and Mining,Steel,"Steel Works, Blast Furnaces (Including Coke Ovens), and Rolling Mills",39000.0,1398622.641,,2026E,2026E,2026E,2026E
A058650,SeAH Holdings Corporation,0.10003810459433504,0.12024010459433504,0.442147154829734,15.580834373122,8.87241957358333,6.6240198101527,0.230420261247362,Materials,Materials,Metals and Mining,Steel,"Steel Works, Blast Furnaces, And Rolling And Finishing Mills",127800.0,528463.863,,2026E,2026E,2026E,2026E
A306200,SeAH Steel Corporation,0.2837004286665889,0.3022434286665889,0.350693517547658,6.18350385642458,4.64086872243187,4.43493422095419,0.350669760737722,Materials,Materials,Metals and Mining,Steel,Steel Pipe and Tubes,137400.0,370222.3764,,2026E,2026E,2026E,2026E
A003030,SeAH Steel Holdings Corporation,0.010405333677566034,0.04824633367756603,0.791077371807446,18.1448306616348,11.9270422242545,31.9480712587408,0.192627748657342,Materials,Materials,Metals and Mining,Steel,Steel Pipe and Tubes,99000.0,400005.63899999997,,LTM,LTM,LTM,LTM
A004360,"Sebang Co., Ltd",0.01788037632388935,0.03530637632388935,0.239219578683046,4.05442177001583,2.58503435190409,5.26427354349065,0.19444459469942801,Industrials,Transportation,Ground Transportation,Cargo Ground Transportation,"Trucking And Courier Services, Except Air",12840.0,277687.52135999996,,LTM,LTM,LTM,LTM
A004490,"Sebang Global Battery Co., Ltd.",0.06077405967863119,0.08842405967863119,0.20836830032986,3.26853414046403,2.2731483608574,5.62544328824921,0.449573831096779,Consumer Discretionary,Automobiles and Components,Automobile Components,Automotive Parts and Equipment,"Miscellaneous Electrical Machinery, Equipment, and Supplies",53900.0,719589.6323,,LTM,LTM,LTM,LTM
A107600,"Sebitchem Co., LTD",,,,,,,,Materials,Materials,Chemicals,Commodity Chemicals,Industrial Inorganic Chemicals,15460.0,87349.83484,,,,,
A011560,"Sebo Manufacturing, Engineering & Construction Corp.",0.22233286237549776,0.23844586237549775,0.17834794775651,3.05078451353653,2.60639333699021,5.75621823411344,0.81828141049738,Industrials,Capital Goods,Construction and Engineering,Construction and Engineering,Construction Special Trade Contractors,21750.0,210315.75749999998,,LTM,LTM,LTM,LTM
A081180,"SEC Co.,Ltd.",0.21374679227183263,0.5744887922718327,0.839353566619519,21.9786285777778,71.7924323760884,22.448132780083,1.39365942854839,Industrials,Capital Goods,Electrical Equipment,Electrical Components and Equipment,X-Ray Apparatus and Tubes and Related Irradiation Apparatus,4995.0,44083.547325,,2026E,2026E,LTM,2026E
A340810,"SECERN AI Co., Ltd.",-0.7175378894502856,-1.0588988894502855,2.96407819658101,,,,3.84910372236553,Information Technology,Software and Services,Software,Application Software,Prepackaged Software,3615.0,49326.58824,,LTM,,,
A418250,"SecuLetter Co., Ltd.",0.3499370358361772,0.15811603583617717,17.3597968783619,,,,14.2286255024377,Information Technology,Software and Services,Software,Systems Software,Prepackaged Software,6550.0,52279.1001,,LTM,,,
A131090,"Secuve Co., Ltd.",0.09049197766292093,0.12159997766292092,,,,7.20856575073779,0.791842119791929,Information Technology,Software and Services,Software,Systems Software,Prepackaged Software,4095.0,27921.790259999998,,,,,LTM
A096530,"Seegene, Inc.",0.17806076987781919,0.20504876987781917,1.67320081799125,10.1990885416667,5.85406867825255,16.0958022147824,1.37031280084745,Health Care,"Pharmaceuticals, Biotechnology and Life Sciences",Biotechnology,Biotechnology,In Vitro and In Vivo Diagnostic Substances,30300.0,1380339.9825,,2026E,2026E,2026E,2026E
A458870,"SEERS Co., Ltd.",2.8305573873429033,2.5123703873429033,5.95430666863617,12.6198738486357,12.4866845094752,13.7284097677189,12.8530622373104,Health Care,Health Care Equipment and Services,Health Care Equipment and Supplies,Health Care Equipment,Electromedical and Electrotherapeutic Apparatus,20750.0,789739.605,,2026E,2026E,2026E,2026E
A027970,"Hankuk Paper Mfg. Co., Ltd",-0.13940822010163317,-0.07905822010163317,0.360387632932108,69.2952409107377,21.9244194907588,,0.294760455683455,Materials,Materials,Paper and Forest Products,Paper Products,Paper and Allied Products,2760.0,104963.19744,,LTM,LTM,LTM,
A075580,"Sejin Heavy Industries Co., Ltd.",0.21336227193007434,0.34002527193007437,1.86052083523683,9.11695567635575,8.11373854594595,12.8076463560335,2.48045165881568,Industrials,Capital Goods,Machinery,Construction Machinery and Heavy Transportation Equipment,Ship And Boat Building And Repairing,10190.0,579295.95664,,2026E,2026E,2026E,2026E
A067770,"Sejin T.S Co.,Ltd",0.09156501716506335,0.04594501716506336,,,,7.0655935397797,0.4120378186433,Information Technology,Semiconductors and Semiconductor Equipment,Semiconductors and Semiconductor Equipment,Semiconductors,"Electronic Components, not elsewhere classified",2430.0,20158.524269999998,,,,,LTM
A258830,"Sejong Medical Co., Ltd.",-0.002436798916422872,0.02169520108357713,4.9546740740602,15.3971945893439,13.0947010344612,,1.29413705468014,Health Care,Health Care Equipment and Services,Health Care Equipment and Supplies,Health Care Equipment,Electromedical and Electrotherapeutic Apparatus,412.0,22800.797704,,LTM,LTM,LTM,
A036630,"Sejong Telecom, Inc.",-0.01165847010990026,0.006813529890099743,0.552380917307358,,17.2876296533309,22.6523387956593,0.487752947541111,Communication Services,Telecommunication Services,Diversified Telecommunication Services,Integrated Telecommunication Services,"Telephone Communications, Except Radiotelephone",8190.0,77782.79691,,LTM,,LTM,LTM
A039310,"Sejoong Co., Ltd.",0.06136699946484886,0.023589999464848854,,,,10.3249187890832,0.26183095724541,Information Technology,Software and Services,Software,Application Software,"Computer Programming, Data Processing, And Other Computer Related Services",1447.0,26222.052149,,,,,LTM
A053450,"SEKONIX Co., Ltd.",-0.03886995419619149,0.001573045803808501,0.330106754796328,85.7369698920763,5.68136549382295,,0.317196703108462,Information Technology,Technology Hardware and Equipment,"Electronic Equipment, Instruments and Components",Electronic Components,Semiconductors and Related Devices,3025.0,44250.598425,,LTM,LTM,LTM,
A108860,Selvas AI Inc.,-0.01534428452207812,-0.014871284522078119,2.70104433396002,209.539507059044,35.0049643249848,,2.24596882546944,Information Technology,Software and Services,Software,Application Software,Prepackaged Software,9590.0,258107.90684,,LTM,LTM,LTM,
A208370,"SELVAS Healthcare, Inc.",0.20131338569764343,0.03714738569764344,0.901317973281218,228.839170183568,26.0116346567994,3.89326690665589,0.766030724670597,Health Care,Health Care Equipment and Services,Health Care Equipment and Supplies,Health Care Equipment,Electromedical and Electrotherapeutic Apparatus,2400.0,61722.1896,,LTM,LTM,LTM,LTM
A252990,"SEMCNS Co., Ltd.",0.5126813519097464,0.5165233519097464,9.20878430107544,39.364001436312,28.6100427229177,37.8676041634943,4.50586742134035,Information Technology,Technology Hardware and Equipment,"Electronic Equipment, Instruments and Components",Electronic Components,"Electronic Components, not elsewhere classified",12860.0,774402.05254,,LTM,LTM,LTM,LTM
A0017J0,Semi Total Solution Inc.,-0.3019612549969807,0.11708174500301932,1.49242851914088,8.95907718145807,7.67627201338731,,1.23304434712492,Industrials,Capital Goods,Machinery,Industrial Machinery and Supplies and Components,Non-operating Establishments,2715.0,81820.931445,,LTM,LTM,LTM,
A490470,SemiFive Inc.,0.43457934250734187,0.3293813425073419,2.07265822884787,,,,2.27662675622118,Information Technology,Semiconductors and Semiconductor Equipment,Semiconductors and Semiconductor Equipment,Semiconductors,Semiconductors and Related Devices,14110.0,480098.95840000006,,2026E,,,
A007540,Sempio Company,0.02839689330829637,0.06334389330829637,0.433120085500645,6.7553354484377,3.35800384966076,9.62087353847501,0.404702660202353,Consumer Staples,"Food, Beverage and Tobacco",Food Products,Packaged Foods and Meats,Miscellaneous Food Preparations And Kindred Products,43800.0,88277.4984,,LTM,LTM,LTM,LTM
A248170,Sempio Foods Company,0.08633718043613005,0.08955818043613005,0.210196883612783,3.19390468078143,1.69801424843057,4.1850269881445,0.387590932512397,Consumer Staples,"Food, Beverage and Tobacco",Food Products,Packaged Foods and Meats,"Canned, Frozen, And Preserved Fruits, Vegetables, and Food Specialties",22950.0,104803.37819999999,,LTM,LTM,LTM,LTM
A017510,"Semyung Electric Machinery Co.,Ltd",0.29071866316315065,0.34016166316315066,2.56606558896486,6.48179570401691,6.32883428089318,,,Industrials,Capital Goods,Electrical Equipment,Electrical Components and Equipment,"Miscellaneous Electrical Machinery, Equipment, and Supplies",7070.0,107789.22,,LTM,LTM,LTM,
A061090,"SENA Technologies, Inc",0.32300551893653073,0.2956625189365308,0.691026172376471,6.86182530981308,5.20637245531841,12.7858627858628,1.22616735737528,Information Technology,Technology Hardware and Equipment,"Technology Hardware, Storage and Peripherals","Technology Hardware, Storage and Peripherals","Communications Equipment, not elsewhere classified",41500.0,226903.325,,2026E,2026E,LTM,2026E
A095910,"S-Energy Co.,Ltd.",-0.03610334329970838,-0.34667834329970837,0.791973490331169,,,,0.581030613701825,Information Technology,Semiconductors and Semiconductor Equipment,Semiconductors and Semiconductor Equipment,Semiconductors,Semiconductors and Related Devices,611.0,22262.783374,,LTM,,,
A347000,"Senko Co., Ltd",0.1689049008633897,0.1490859008633897,1.33220810943568,27.3066904282031,16.5159707122089,10.0731674547157,1.14224147648663,Information Technology,Technology Hardware and Equipment,"Electronic Equipment, Instruments and Components",Electronic Equipment and Instruments,"Measuring and Controlling Devices, not elsewhere classified",1820.0,67541.73972,,LTM,LTM,LTM,LTM
A321370,"Sensorview Co., LTD",-0.7262479377481652,-1.1217819377481653,5.53601520214307,,,,4.67638728014459,Information Technology,Technology Hardware and Equipment,"Electronic Equipment, Instruments and Components",Electronic Components,Electronic Components And Accessories,1337.0,69075.979322,,LTM,,,
A100660,"Seoam Machinery Industry Co.,Ltd.",-0.00236500594334304,0.00602999405665696,0.219823627851354,,7.77606924698906,,0.593489808389995,Industrials,Capital Goods,Machinery,Industrial Machinery and Supplies and Components,Industrial and Commercial Machinery and Computer Equipment,2965.0,37359.0,,LTM,,LTM,
A006730,"Seobu T&D Co., Ltd.",0.26928548438759903,0.3321074843875991,7.1183910188942,26.9734614283436,22.6866574448916,27.5366178428762,0.622596475601235,Consumer Discretionary,Consumer Services,"Hotels, Restaurants and Leisure","Hotels, Resorts and Cruise Lines",Hotels and Motels,10030.0,638618.64556,,2026E,2026E,2026E,2026E
A011370,"SEOHAN Const. & Eng.co.,Ltd",-0.05631629699970747,-0.01880329699970748,0.615413347651314,6.56266632499844,6.30632692121422,3.87172857416435,0.145820668895149,Industrials,Capital Goods,Construction and Engineering,Construction and Engineering,Heavy Construction Other Than Building Construction Contractors,783.0,76886.57929499999,,LTM,LTM,LTM,LTM
A035890,"Seohee Construction Co., Ltd.",0.013356992783223512,0.03049399278322351,0.0692676056504091,0.806747598194798,0.695807459070446,3.22760804243587,0.363857826810309,Industrials,Capital Goods,Construction and Engineering,Construction and Engineering,Building Construction General Contractors and Operative Builders,2090.0,387420.40535,,LTM,LTM,LTM,LTM
A065710,"Seoho Electric Co.,Ltd",-0.1694679172129201,0.17134408278707994,1.24449041104952,5.76826035260889,5.68285839285614,11.6282289704561,2.22222091932189,Industrials,Capital Goods,Electrical Equipment,Electrical Components and Equipment,Electrical Industrial Apparatus,43600.0,197029.88240000003,,LTM,LTM,LTM,LTM
A189860,"SEOJEON ELECTRIC MACHINERY Co.,Ltd.",0.033158990436355236,0.044939990436355236,,,,29.774370241666,1.31615549020055,Industrials,Capital Goods,Electrical Equipment,Heavy Electrical Equipment,Switchgear and Switchboard Apparatus,4040.0,39183.0712,,,,,LTM
A122690,"Seojin Automotive Co.,Ltd.",-0.028132509207729556,-0.08405550920772956,0.479178459488958,57.9071652891636,11.0033527368845,,0.256107842383152,Consumer Discretionary,Automobiles and Components,Automobile Components,Automotive Parts and Equipment,Motor Vehicle Parts and Accessories,1720.0,39696.16552,,LTM,LTM,LTM,
A178320,"Seojin System Co.,Ltd",0.708339787030771,0.647338787030771,1.91967447221459,76.1430629230608,32.1702754776794,,2.78662081949844,Information Technology,Technology Hardware and Equipment,Communications Equipment,Communications Equipment,"Communications Equipment, not elsewhere classified",36400.0,2313246.8268,,2026E,2026E,2026E,
A007610,"Seondo Electric Co., Ltd.",-0.20771187002691602,-0.030504870026916014,2.62047900153377,105.562053678649,59.7154844814548,,2.18284261321198,Industrials,Capital Goods,Electrical Equipment,Heavy Electrical Equipment,Switchgear and Switchboard Apparatus,4025.0,68300.301475,,LTM,LTM,LTM,
A079650,Seosan Corporation,0.07830177098341884,0.052722770983418835,1.82952410121218,,77.3314353751075,,1.53518411704379,Materials,Materials,Construction Materials,Construction Materials,"Concrete, Gypsum, And Plaster Products",5100.0,102000.0,,LTM,,LTM,
A063170,Seoul Auction Co. Ltd.,0.4139861250463142,0.3591291250463142,5.62460348773508,,,,0.951753793922871,Consumer Discretionary,Consumer Services,Diversified Consumer Services,Specialized Consumer Services,"Retail Stores, Not Elsewhere Classified",5410.0,91088.26738,,LTM,,,
A034120,Seoul Broadcasting System,-0.3579083041325211,-0.35148430413252113,0.188879921087879,31.8506908310345,4.198500155,48.4778420038536,0.241631328951709,Communication Services,Media and Entertainment,Media,Broadcasting,Television Broadcasting Stations,12480.0,231483.95711999998,,2026E,2026E,2026E,2026E
A017390,"Seoul City Gas Co., Ltd.",-0.013797169293905917,0.004427830706094083,,,,9.66508853092727,0.191085979160207,Utilities,Utilities,Gas Utilities,Gas Utilities,Natural Gas Distribution,53700.0,213875.93039999998,,,,,LTM
A027040,"Seoul Electronics & Telecom Co., Ltd.",-0.14720947193955541,-0.5350084719395554,1.02856313346092,,,,2.97014324509156,Industrials,Capital Goods,Electrical Equipment,Electrical Components and Equipment,Electronic Components And Accessories,1883.0,26206.904822,,LTM,,,
A004410,"Seoul Food Industrial.Co.,Ltd",0.02024999475151924,0.04510999475151924,,,,41.7295221261899,1.52225859231283,Consumer Staples,"Food, Beverage and Tobacco",Food Products,Packaged Foods and Meats,Grain Mill Products,1169.0,46122.892662000006,,,,,LTM
A031210,"Seoul Guarantee Insurance Co., Ltd.",0.07505204295526324,0.10574304295526324,1.19838084710735,6.82224317383408,5.65967160210433,10.2122082610464,0.602203229037009,Financials,Insurance,Insurance,Property and Casualty Insurance,Surety Insurance,42600.0,2974400.0747999996,,LTM,2026E,LTM,2026E
A036120,Seoul Information Service Inc.,0.20873721781840382,0.28429321781840383,0.791950003662921,4.57685391727273,3.48928466960396,8.74585635359116,1.84632161298948,Financials,Financial Services,Capital Markets,Financial Exchanges and Data,"Computer Programming, Data Processing, And Other Computer Related Services",1564.0,52770.550204,,2026E,2026E,2026E,2026E
A018680,"Seoul Pharma Co., Ltd",-0.003043982113861579,0.0027870178861384223,0.434437503292447,,16.9846175286284,31.9634659190749,0.56787116684123,Health Care,"Pharmaceuticals, Biotechnology and Life Sciences",Pharmaceuticals,Pharmaceuticals,Pharmaceutical Preparations,1990.0,23202.04481,,LTM,,LTM,LTM
A046890,"Seoul Semiconductor Co., Ltd.",0.13712668801295363,0.043423688012953626,0.458736109811398,34.787030985165,4.82488677448446,88.622709386323,0.842538308860612,Information Technology,Semiconductors and Semiconductor Equipment,Semiconductors and Semiconductor Equipment,Semiconductors,Semiconductors and Related Devices,9410.0,530548.4094,,2026E,2026E,2026E,2026E
A092190,"Seoul Viosys Co., Ltd",0.03824782392215483,-0.06351017607784516,0.897726578017808,29.4137974033032,7.26481095724179,72.1646062628042,4.50366027750134,Information Technology,Semiconductors and Semiconductor Equipment,Semiconductors and Semiconductor Equipment,Semiconductors,Semiconductors and Related Devices,8600.0,388960.3958,,LTM,LTM,LTM,LTM
A038070,"Seoulin Bioscience Co.,Ltd.",0.07934559838486285,0.08542859838486286,0.306537629095845,44.5941194281048,14.4760174325011,54.1352137461773,0.470663288839554,Health Care,"Pharmaceuticals, Biotechnology and Life Sciences",Biotechnology,Biotechnology,In Vitro and In Vivo Diagnostic Substances,4250.0,38383.747500000005,,LTM,LTM,LTM,LTM
A021050,"Seowon Co., Ltd.",0.15942314407628855,0.14977114407628855,0.422171237598328,9.01758386032567,8.12161218522551,5.85290059184874,0.324608477301485,Materials,Materials,Metals and Mining,Diversified Metals and Mining,Primary Smelting And Refining Of Nonferrous Metals,1100.0,52222.049,,LTM,LTM,LTM,LTM
A093920,"SEOWONINTECH. Co., Ltd.",-0.0864334840009843,-0.0660494840009843,,,,11.612234516483,0.426955697002278,Information Technology,Technology Hardware and Equipment,"Electronic Equipment, Instruments and Components",Electronic Components,"Electronic Components, not elsewhere classified",4775.0,88815.0,,,,,LTM
A007860,"Seoyon Co., Ltd.",0.0495796022835108,0.08329260228351079,0.303302103207674,7.53113245475819,3.81542042708316,2.38671482763378,0.18570781716229,Consumer Discretionary,Automobiles and Components,Automobile Components,Automotive Parts and Equipment,Motor Vehicle Parts and Accessories,7790.0,169099.75794,,LTM,LTM,LTM,LTM
A200880,"Seoyon E-Hwa Co., Ltd.",0.0703650575389091,0.08067705753890911,0.241468416524176,6.28292606811764,3.07521184085572,3.67979312568653,0.26857488595809,Consumer Discretionary,Automobiles and Components,Automobile Components,Automotive Parts and Equipment,Motor Vehicle Parts and Accessories,12050.0,325624.14955,,LTM,LTM,LTM,LTM
A019770,"Seoyon Topmetal Co., Ltd.",0.08752499890327761,0.10527999890327762,0.267985799159579,6.13231188809459,4.8024547541166,4.12350413041038,0.419471620061106,Consumer Discretionary,Automobiles and Components,Automobile Components,Automotive Parts and Equipment,Metalworking Machinery And Equipment,3250.0,37862.5,,LTM,LTM,LTM,LTM
A340440,"Serim B&G Co., Ltd.",0.06558023219201842,0.07091523219201841,0.247928991474745,10.9005140071611,4.84843417875371,10.6646005178232,0.607492216636597,Materials,Materials,Containers and Packaging,Paper and Plastic Packaging Products and Materials,Paperboard Containers And Boxes,756.0,21454.043184000002,,LTM,LTM,LTM,LTM
A042600,"Seronics Co., Ltd.",0.08079412502059861,-0.30336487497940134,1.26760025867973,1.77632916257242,1.72219132440516,7.41975020570559,1.30606064111905,Information Technology,Technology Hardware and Equipment,"Electronic Equipment, Instruments and Components",Electronic Components,"Electronic Components, not elsewhere classified",10700.0,130877.7883,,LTM,LTM,LTM,LTM
A049830,Seung Il Corporation,0.0063886077337013975,0.014551607733701396,0.0342952089479236,2.79147493290239,0.448182586824344,18.6766675066672,0.255178569238422,Materials,Materials,Containers and Packaging,"Metal, Glass and Plastic Containers",Metal Cans,6460.0,38162.617959999996,,LTM,LTM,LTM,LTM
A252500,Sewha P&C INC.,-0.02202101089118873,0.02875998910881127,,,,17.6222599019178,0.512456422551799,Consumer Staples,Household and Personal Products,Personal Care Products,Personal Care Products,"Perfumes, Cosmetics, and Other Toilet Preparations",499.0,20701.70861,,,,,LTM
A234100,"Sewon Co.,Ltd",0.002008687998041104,0.006176687998041103,0.515988645320964,21.0852689574791,9.95595608516333,23.5495856503325,0.203614873856637,Consumer Discretionary,Automobiles and Components,Automobile Components,Automotive Parts and Equipment,Motor Vehicle Parts and Accessories,2570.0,37526.20452,,LTM,LTM,LTM,LTM
A024830,"Sewon Corporation Co.,Ltd.",0.08539429330079545,0.08987429330079544,,,,4.12263925667136,0.188886172937379,Consumer Discretionary,Automobiles and Components,Automobile Components,Automotive Parts and Equipment,Motor Vehicle Parts and Accessories,8960.0,74816.0,,,,,LTM
A021820,"SEWON Precision Industry Co., Ltd.",-0.00019662840081357408,0.014891371599186423,,,,2.45870738596549,0.149448741002635,Consumer Discretionary,Automobiles and Components,Automobile Components,Automotive Parts and Equipment,Motor Vehicle Parts and Accessories,9890.0,98900.0,,,,,LTM
A013000,"Sewoo Global Co., Ltd",0.06142000434778458,0.05417000434778457,,,,11.726876741476,0.699743495107166,Materials,Materials,Chemicals,Commodity Chemicals,"Plastics Materials, Synthetic Resins, and Nonvulcanizable Elastomers",1203.0,34529.686143,,,,,LTM
A100700,"Sewoon Medical Co., Ltd",0.07828514046208193,0.09342414046208193,0.117987336924577,0.570926348815788,0.458757036684302,8.03238669090981,0.658093134712901,Health Care,Health Care Equipment and Services,Health Care Equipment and Supplies,Health Care Supplies,"Orthopedic, Prosthetic, and Surgical Appliances and Supplies",2340.0,101301.174,,LTM,LTM,LTM,LTM
A056190,SFA Engineering Corporation,0.023605637841477182,0.03856863784147718,0.656943142934673,9.85235493130051,5.49230073633868,13.9260205248779,0.744894746893242,Industrials,Capital Goods,Machinery,Industrial Machinery and Supplies and Components,"Special Industry Machinery, not elsewhere classified",23550.0,657019.3776,,2026E,2026E,2026E,2026E
A036540,"SFA Semicon Co., Ltd.",0.20477682022280785,0.18444082022280783,2.16884681819925,,49.4678531610267,,2.07058067620744,Information Technology,Semiconductors and Semiconductor Equipment,Semiconductors and Semiconductor Equipment,Semiconductors,Electronic Components And Accessories,5610.0,919843.64439,,LTM,,LTM,
A255220,"SG Co.,Ltd",-0.13462825024714328,-0.0780232502471433,1.63785487253304,,54.8212632294521,,1.12692482583587,Materials,Materials,Construction Materials,Construction Materials,"Concrete, Gypsum, And Plaster Products",1242.0,109391.867496,,LTM,,LTM,
A004060,SG Corporation,-0.04214048414425406,-0.053337484144254065,0.257074024018894,,11.6939517674785,11.7261777159469,0.173443468564624,Consumer Discretionary,Consumer Durables and Apparel,"Textiles, Apparel and Luxury Goods","Apparel, Accessories and Luxury Goods",Apparel and Other Finished Products Made From Fabrics and Similar Materials,2175.0,43050.455775,,LTM,,LTM,LTM
A001380,"SG Global Co.,Ltd.",0.0873787393566287,0.0856087393566287,0.285956904532326,5.47663393789329,2.58741929493245,8.29920986249816,0.191097994868383,Consumer Discretionary,Consumer Durables and Apparel,"Textiles, Apparel and Luxury Goods",Textiles,Textile Mill Products,1277.0,28709.617437,,LTM,LTM,LTM,LTM
A398120,"SG HealthCare Co., Ltd.",0.09559494787608241,0.09168794787608242,8.57180450422565,115.581363809264,84.4633949296694,16.3194213691629,0.899871362688854,Health Care,Health Care Equipment and Services,Health Care Equipment and Supplies,Health Care Equipment,X-Ray Apparatus and Tubes and Related Irradiation Apparatus,1943.0,212240.28247,,LTM,LTM,LTM,LTM
A040610,SG&G Corporation,0.08391456562647999,0.08888256562647999,2.27306435419391,23.9838329256973,14.9392946333764,1.8431712962963,0.125405998055136,Industrials,Transportation,Air Freight and Logistics,Air Freight and Logistics,"Newspapers: Publishing, or Publishing and Printing",3100.0,52306.4333,,LTM,LTM,LTM,LTM
A184230,"SGA Solutions Co.,Ltd.",0.5038753634362703,0.6201853634362703,0.971228528971885,3.75646951137723,3.33705158160382,2.18002175974768,1.04543171437706,Information Technology,Software and Services,Software,Systems Software,Prepackaged Software,1845.0,34757.11737,,LTM,LTM,LTM,LTM
A016250,"SGC E&C Co., Ltd.",-0.11701255810623631,-0.28231255810623634,0.470002403267706,13.6759591146632,10.5933846558532,,0.654109473747398,Industrials,Capital Goods,Construction and Engineering,Construction and Engineering,Engineering Services,11210.0,56365.931430000004,,LTM,LTM,LTM,
A005090,"SGC Energy Co.,Ltd.",0.02262286387297934,-0.06295513612702065,1.0542432324102,20.9956594516154,10.91774291484,,1.31206868902097,Utilities,Utilities,Electric Utilities,Electric Utilities,Electric Services,61600.0,887486.1072,,2026E,2026E,2026E,
A002360,"SH Energy & Chemical Co., Ltd.",0.013544155056407867,-0.06948584494359214,0.0903205276006889,,,,0.258256603609485,Materials,Materials,Chemicals,Commodity Chemicals,"Plastics Materials, Synthetic Resins, and Nonvulcanizable Elastomers",1565.0,16938.75559,,LTM,,,
A378800,Shaperon Inc.,-0.46617239391455745,-0.3461783939145573,15.1527145962961,,,,1.19969578143517,Health Care,"Pharmaceuticals, Biotechnology and Life Sciences",Biotechnology,Biotechnology,"Biological Products, Except Diagnostic Substances",464.0,21456.766384000002,,LTM,,,
A462870,SHIFT UP Corporation,-0.05537138339740186,-0.04576438339740188,6.54139701320328,13.3978440132324,12.1302537836046,13.8252185318835,2.06842501586614,Communication Services,Media and Entertainment,Entertainment,Interactive Home Entertainment,Prepackaged Software,31550.0,1853306.6295,,2026E,2026E,2026E,2026E
A243840,"Shin Heung Energy & Electronics Co.,Ltd.",0.2763241806097255,0.2545211806097255,1.06494448905166,27.4872239263682,6.82933499283066,18.7188612099644,0.561990392861204,Industrials,Capital Goods,Electrical Equipment,Electrical Components and Equipment,"Miscellaneous Electrical Machinery, Equipment, and Supplies",4895.0,188742.56032500003,,2026E,2026E,2026E,2026E
A001770,"Shin Hwa Dynamics Co.,Ltd.",0.009920662100286807,0.03981666210028681,0.207297624571363,31.2173453836249,11.6037592290395,,,Materials,Materials,Metals and Mining,Steel,"Steel Works, Blast Furnaces, And Rolling And Finishing Mills",12310.0,14955.148179999998,,LTM,LTM,LTM,
A162300,"Shin Steel Co.,Ltd.",-0.00793319232813285,0.015261807671867151,0.353326137222802,105.094688215919,30.2060342061483,,0.807836943501713,Industrials,Capital Goods,Trading Companies and Distributors,Trading Companies and Distributors,Metals Service Centers and Offices,1667.0,67910.199324,,LTM,LTM,LTM,
A016590,"Shindaeyang Paper Co., Ltd.",0.022439089636012977,0.030301089636012975,0.460115658216328,14.5868801288569,6.2819502290044404,11.4837014760989,0.474504296613683,Materials,Materials,Paper and Forest Products,Paper Products,Paperboard Containers And Boxes,9420.0,278355.23496000003,,LTM,LTM,LTM,LTM
A290520,"Shindo Eng. Lab., Ltd.",0.07879476682279321,0.05309376682279321,,,,7.47618940207587,0.415924864407585,Information Technology,Semiconductors and Semiconductor Equipment,Semiconductors and Semiconductor Equipment,Semiconductor Materials and Equipment,"Special Industry Machinery, not elsewhere classified",1545.0,24312.37338,,,,,LTM
A474660,Shinhan 12th Special Purpose Acquisition Company,,0.028609341071604847,,,,48.5155107127275,1.03824957674092,Financials,Financial Services,Capital Markets,Asset Management and Custody Banks,Non-operating Establishments,2075.0,11454.0,,,,,LTM
A474930,"Shinhan 13th Special Purpose Acquisition Company Co., Ltd.",,,,,,65.70028496551,1.10651246599045,Financials,Financial Services,Capital Markets,Asset Management and Custody Banks,Non-operating Establishments,2075.0,7511.5,,,,,LTM
A487360,Shinhan 14th Special Purpose Acquisition Company,,,,,,59.6802609339187,1.05101498535917,Financials,Financial Services,Financial Services,Diversified Financial Services,Non-operating Establishments,2020.0,11392.8,,,,,LTM
A487830,"Shinhan 15th Special Purpose Acquisition Company Co., Ltd.",,,,,,76.3405111006643,1.03510666909939,Financials,Financial Services,Capital Markets,Asset Management and Custody Banks,Non-operating Establishments,2025.0,8808.75,,,,,LTM
A496070,Shinhan 16th Special Purpose Acquisition Company,,,,,,81.0631944340782,1.0463912647673,Financials,Financial Services,Capital Markets,Asset Management and Custody Banks,"Unit Investment Trusts, Face-Amount Certificate Offices, and Closed-End Management Investment Offices",1993.0,11200.66,,,,,LTM
A0130D0,"Shinhan 17Th Special Purpose Acquisition Company Co., Ltd.",,,,,,,,Financials,Financial Services,Capital Markets,Asset Management and Custody Banks,"Unit Investment Trusts, Face-Amount Certificate Offices, and Closed-End Management Investment Offices",1968.0,10509.119999999999,,,,,
A0129K0,Shinhan 18th Special Purpose Acquisition Company,,,,,,,,Financials,Financial Services,Capital Markets,Asset Management and Custody Banks,Non-operating Establishments,1964.0,11037.68,,,,,
A122690,"Seojin Automotive Co.,Ltd.",-0.028132509207729556,-0.08405550920772956,0.479178459488958,57.9071652891636,11.0033527368845,,0.256107842383152,Consumer Discretionary,Automobiles and Components,Automobile Components,Automotive Parts and Equipment,Motor Vehicle Parts and Accessories,1720.0,39696.16552,,LTM,LTM,LTM,
A333050,"Innotena, Inc.",0.06277530453718096,0.09204930453718095,0.238142809936125,4.17039486571408,3.21308432134407,60.3300313339704,5.0240998230918,Information Technology,Software and Services,IT Services,IT Consulting and Other Services,"Computer Programming, Data Processing, And Other Computer Related Services",4850.0,23874.92525,,LTM,LTM,LTM,LTM
A384470,"Coreline Soft Co., Ltd.",-0.40249996742521865,-1.2283609674252185,7.29965749875889,,,,2.94449050978832,Health Care,Health Care Equipment and Services,Health Care Technology,Health Care Technology,Prepackaged Software,2565.0,46032.344144999995,,LTM,,,
A293940,"Shinhan Alpha REIT Co., Ltd.",-0.07230176194827784,-0.022635761948277842,18.7973960511276,34.1867424703768,26.2594370528331,22.3591923485654,1.19638298786798,Real Estate,Equity Real Estate Investment Trusts (REITs),Office REITs,Office REITs,Real Estate Investment Trusts,5230.0,632516.84329,,2026E,2026E,2026E,2026E
A055550,"Shinhan Financial Group Co., Ltd.",,0.1689023347921061,,,,8.01649367168474,0.901437151050573,Financials,Banks,Banks,Diversified Banks,Commercial Banks,104400.0,49553915.2884,,,,,2026E
A481850,"Shinhan Global Active REIT Co., Ltd.",-0.031903005614311725,0.048571994385688266,12.4566898713959,19.5445980687678,,,0.476838719264212,Real Estate,Equity Real Estate Investment Trusts (REITs),Diversified REITs,Diversified REITs,Real Estate Investment Trusts,995.0,43260.27568,,LTM,LTM,,
A404990,"Shinhan Seobu T&D REIT Co., Ltd.",,0.016880006966402343,16.4039945648408,24.1758035080787,18.8827464006052,129.135599869728,0.90750341975251,Real Estate,Equity Real Estate Investment Trusts (REITs),Diversified REITs,Diversified REITs,Real Estate Investment Trusts,3905.0,239837.15332500002,,LTM,LTM,LTM,LTM
A004080,"Shinhung Co., Ltd",0.020898816205546993,0.040268816205546995,1.32475930560364,17.2338472406355,11.6713379734505,40.0180638183906,1.15351950084852,Health Care,Health Care Equipment and Services,Health Care Equipment and Supplies,Health Care Equipment,Dental Equipment and Supplies,14060.0,129179.63846000002,,LTM,LTM,LTM,LTM
A187270,"Shinhwa Contech Co., Ltd",0.012042201353718966,0.04716020135371896,0.31856663045791,5.496807598721,2.83409185866045,26.6491603602323,0.389158147066892,Information Technology,Technology Hardware and Equipment,"Electronic Equipment, Instruments and Components",Electronic Components,Semiconductors and Related Devices,3025.0,27825.743825,,LTM,LTM,LTM,LTM
A095190,"SHINHWA PRITECH Co., Ltd.",-0.012539000742223727,-0.02865000074222373,,,,,1.05454610428341,Industrials,Capital Goods,Machinery,Industrial Machinery and Supplies and Components,Metalworking Machinery And Equipment,1822.0,118904.56176400001,,,,,
A002700,"Shinil Electronics Co.,Ltd.",0.06749900056245653,0.09225000056245652,,,,15.6627328811807,1.44248428352554,Consumer Discretionary,Consumer Durables and Apparel,Household Durables,Household Appliances,Household Appliances,999.0,68832.92617199999,,,,,LTM
A138070,"Shinjin Sm Co.,Ltd.",0.10207595230699985,0.09413295230699985,0.516873701508216,25.9013156372888,6.96129593470303,21.0980290775214,0.331455494277024,Materials,Materials,Metals and Mining,Steel,Metals Service Centers and Offices,1495.0,25067.16134,,LTM,LTM,LTM,LTM
A002870,"Shinpoong Paper Mfg. Co., Ltd",0.1380513523732509,0.05388335237325087,,,,3.1276972602794,0.333567893561025,Materials,Materials,Containers and Packaging,Paper and Plastic Packaging Products and Materials,Paperboard Mills,956.0,26487.29928,,,,,LTM
A019170,"Shinpoong Pharmaceutical Co.,Ltd",0.028141270322126773,0.027965270322126777,1.76694554834063,26.3879110942837,15.3038477445389,43.1459599317338,1.49026731326461,Health Care,"Pharmaceuticals, Biotechnology and Life Sciences",Pharmaceuticals,Pharmaceuticals,Pharmaceutical Preparations,8080.0,409621.99128,,LTM,LTM,LTM,LTM
A031440,SHINSEGAE FOOD Inc.,,,,,,,,Consumer Discretionary,Consumer Services,"Hotels, Restaurants and Leisure",Restaurants,Eating Places,38150.0,,,,,,
A004170,SHINSEGAE Inc.,0.059324411172098405,0.06374841117209841,1.31456856846854,12.1123366288602,7.32484382290195,9.42059057765242,0.755409525326246,Consumer Discretionary,Consumer Discretionary Distribution and Retail,Broadline Retail,Broadline Retail,Department Stores,391000.0,3428163.2709999997,,2026E,2026E,2026E,2026E
A035510,SHINSEGAE Information & Communication Inc.,0.06108606021361562,0.07679606021361562,0.139974650743095,1.9079178234165,1.16782461671959,6.03547552054741,0.404399971862013,Information Technology,Software and Services,IT Services,IT Consulting and Other Services,"Computer Programming, Data Processing, And Other Computer Related Services",13030.0,171289.90430000002,,LTM,LTM,LTM,LTM
A031430,"Shinsegae International Co., Ltd.",0.15654347490880718,0.14979247490880718,0.493379589166913,12.9515673503067,5.89282757320307,8.05490196078431,0.424993349856554,Consumer Discretionary,Consumer Discretionary Distribution and Retail,Specialty Retail,Apparel Retail,Apparel and Accessory Stores,10050.0,347734.91445000004,,2026E,2026E,2026E,2026E
A065350,"Shinsung Delta Tech Co.,Ltd.",0.045271568848669105,0.0884375688486691,1.24980857129757,39.2402335664803,20.3325732489973,36.6928044434458,3.23503086314122,Industrials,Capital Goods,Electrical Equipment,Electrical Components and Equipment,"Electronic and Other Electrical Equipment and Components, except Computer Equipment",28100.0,763868.9388,,LTM,LTM,LTM,LTM
A011930,"Shinsung E&G Co.,Ltd.",0.1825989120802384,0.1547129120802384,0.790921147481481,19.5557426575092,13.1172426179361,15.0917431192661,1.47156126117331,Information Technology,Semiconductors and Semiconductor Equipment,Semiconductors and Semiconductor Equipment,Semiconductor Materials and Equipment,Semiconductors and Related Devices,15900.0,319239.6753,,2026E,2026E,2026E,2026E
A416180,"Shinsung ST Co., Ltd.",0.15284456566321886,0.18347656566321888,2.14059824547514,,86.3329660802722,,1.97075432386121,Information Technology,Technology Hardware and Equipment,"Electronic Equipment, Instruments and Components",Electronic Components,"Electronic Components, not elsewhere classified",22300.0,198117.3478,,LTM,,LTM,
A056700,Shinwha Intertek Corp.,-0.11900497811948448,-0.08342597811948448,0.338066246341292,53.7669625748185,7.01709060680056,,0.421341057902625,Materials,Materials,Chemicals,Commodity Chemicals,"Converted Paper And Paperboard Products, Except Containers And Boxes",1409.0,40876.627219,,LTM,LTM,LTM,
A017000,SHINWON CONSTRUCTION COMPANY Ltd,0.09168700085531448,0.1577100008553145,,,,2.44177160772327,0.262918730501307,Industrials,Capital Goods,Construction and Engineering,Construction and Engineering,Building Construction General Contractors and Operative Builders,2360.0,26421.41304,,,,,LTM
A009270,ShinWon Corporation,0.010409024152919196,0.012315024152919195,0.330803223596108,19.5428365298866,10.4392685878714,236.369719821811,0.429966663736847,Consumer Discretionary,Consumer Durables and Apparel,"Textiles, Apparel and Luxury Goods","Apparel, Accessories and Luxury Goods",Apparel and Other Finished Products Made From Fabrics and Similar Materials,1109.0,99655.996497,,LTM,LTM,LTM,LTM
A123750,"Alton Co.,Ltd.",-0.014290133817070463,-0.015265133817070462,0.594371976893877,72.0492464284176,31.6128774259775,71.0467379439008,1.08280283377701,Consumer Discretionary,Consumer Durables and Apparel,Leisure Products,Leisure Products,"Motorcycles, Bicycles, and Parts",1678.0,23163.546602,,LTM,LTM,LTM,LTM
A472220,Shinyoung HappyTomorrow No.10 Special Purpose Acquisition Company,,0.04022449241604952,,,,78.4364514932999,0.973238164927263,Financials,Financial Services,Capital Markets,Asset Management and Custody Banks,Non-operating Establishments,2110.0,9895.900000000001,,,,,LTM
A0091W0,"Shinyoung Happytomorrow No.11 Special Purpose Acquisition Company Co., Ltd.",,,,,,,,Financials,Financial Services,Capital Markets,Asset Management and Custody Banks,Non-operating Establishments,2005.0,12166.339999999998,,,,,
A225590,"Fashion Platform Co.,Ltd.",0.08364212375719397,0.07165812375719396,0.102721784028851,2.27049006818519,1.41392926314072,3.89501153761233,0.207078489311486,Consumer Discretionary,Consumer Durables and Apparel,"Textiles, Apparel and Luxury Goods","Apparel, Accessories and Luxury Goods",Apparel and Other Finished Products Made From Fabrics and Similar Materials,3105.0,15901.87248,,LTM,LTM,LTM,LTM
A263770,"UST Co., Ltd.",0.04381945857953626,0.06048645857953626,0.195235698208414,4.5770767921993,2.70726234483415,15.1848925439464,0.469834499320991,Materials,Materials,Metals and Mining,Steel,Steel Pipe and Tubes,1595.0,37801.774339999996,,LTM,LTM,LTM,LTM
A307180,"IL CO.,LTD.",-0.14005772012106135,-0.6139767201210613,2.86798387921629,,,,4.89461985987424,Industrials,Capital Goods,Electrical Equipment,Electrical Components and Equipment,Electric Lighting And Wiring Equipment,6060.0,223706.95434000003,,LTM,,,
A323280,"Taesung Co.,Ltd.",0.9185995860254347,0.8733065860254347,22.7758184883503,,,,12.2921734826538,Information Technology,Semiconductors and Semiconductor Equipment,Semiconductors and Semiconductor Equipment,Semiconductor Materials and Equipment,"Special Industry Machinery, not elsewhere classified",48950.0,1494834.121,,LTM,,,
A001720,"Shinyoung Securities Co., Ltd.",,0.8484739750009194,,,,7.19813609106048,0.655921506039517,Financials,Financial Services,Capital Markets,Investment Banking and Brokerage,"Security Brokers, Dealers, and Flotation Companies",159400.0,1277949.0124000001,,,,,LTM
A019590,SUNP Corporation,,,,,,,,Financials,Financial Services,Capital Markets,Asset Management and Custody Banks,"Investors, not elsewhere classified",,,,,,,
A005800,"Shinyoungwacoal,Inc.",-0.002710162455179188,0.005755837544820813,0.201158449004737,,10.574819344854,27.293053495368,0.313572336300853,Consumer Discretionary,Consumer Durables and Apparel,"Textiles, Apparel and Luxury Goods","Apparel, Accessories and Luxury Goods","Women's, Misses', Children's, And Infants' Undergarments",13480.0,121320.0,,LTM,,LTM,LTM
A086980,Showbox Corp.,1.0289095283746101,0.9440935283746102,0.430768768254361,4.93259106509699,1.25074605402925,28.8271498179988,0.991663053347336,Communication Services,Media and Entertainment,Entertainment,Movies and Entertainment,Motion Picture and Video Tape Production,1960.0,122378.48000000001,,LTM,LTM,LTM,LTM
A065420,"SI Resources Co., Ltd.",-0.21207600230886275,-0.11251000230886277,,,,,0.263440388089618,Energy,Energy,"Oil, Gas and Consumable Fuels",Coal and Consumable Fuels,Textile Mill Products,94.0,6727.0849960000005,,,,,
A134790,Sidiz.Inc.,-0.015394240483883437,-0.03809124048388344,0.144015789760361,,6.03634581393325,,0.48988885231766,Industrials,Commercial and Professional Services,Commercial Services and Supplies,Office Services and Supplies,Conglomerates,19660.0,33008.31428,,LTM,,LTM,
A429270,"Sigetronics, Inc",0.11228115892185836,0.060750158921858366,1.62182532944444,,,,1.25494577761336,Information Technology,Semiconductors and Semiconductor Equipment,Semiconductors and Semiconductor Equipment,Semiconductors,Semiconductors and Related Devices,3275.0,21121.231525,,2026E,,,
A033170,Signetics Corporation,-0.114870705224838,-0.287257705224838,0.55816942032984,,,,0.579364017157143,Information Technology,Semiconductors and Semiconductor Equipment,Semiconductors and Semiconductor Equipment,Semiconductors,Electronic Components And Accessories,340.0,29147.62846,,LTM,,,
A020710,"Sigong Tech Co., Ltd.",-0.010485301629066551,0.02269069837093346,0.196276491378862,1.20044332641817,1.08709318105627,2.48005203928418,0.367868592590769,Industrials,Capital Goods,Construction and Engineering,Construction and Engineering,Management Services,3420.0,64512.366299999994,,LTM,LTM,LTM,LTM
A257720,"SILICON2 Co., Ltd.",0.7207863496855238,0.8888003496855239,1.8689705994258,10.1950965182751,9.80240650016545,12.0751576840182,5.71367035953753,Consumer Discretionary,Consumer Discretionary Distribution and Retail,Distributors,Distributors,"Drugs, Drug Proprietaries, and Druggists' Sundries",46900.0,3075526.2188,,2026E,2026E,2026E,2026E
A004970,"Silla Co.,Ltd",0.07190986749205022,0.020983867492050216,,,,3.15577511091469,0.230718567229065,Consumer Staples,"Food, Beverage and Tobacco",Food Products,Packaged Foods and Meats,Groceries And Related Products,9090.0,143485.65,,,,,LTM
A025870,"Silla Sg Co., Ltd.",-0.06000786667996055,-0.19513886667996055,0.412944372166779,,,,0.721786489166096,Consumer Staples,"Food, Beverage and Tobacco",Food Products,Packaged Foods and Meats,Prepared Fresh or Frozen Fish and Seafoods,2235.0,8940.0,,LTM,,,
A001000,"Silla Textile Co.,Ltd",-0.02975282636343475,-0.02718282636343475,7.28916488358629,53.4391985545116,45.1310683914479,160.230621112153,0.769097446201276,Consumer Discretionary,Consumer Durables and Apparel,"Textiles, Apparel and Luxury Goods",Textiles,Textile Mill Products,462.0,11216.223479999999,,LTM,LTM,LTM,LTM
A215600,"SillaJen, Inc.",-0.012984067365251178,-0.016305067365251197,24.459766747297,,,,3.20760636318732,Health Care,"Pharmaceuticals, Biotechnology and Life Sciences",Biotechnology,Biotechnology,"Biological Products, Except Diagnostic Substances",2230.0,308974.44772,,LTM,,,
A222800,"SIMMTECH Co., Ltd.",0.42373344843044025,0.14825944843044025,2.38963644004714,20.0148545238446,14.4264993339389,23.1477003670282,6.64518986644121,Information Technology,Semiconductors and Semiconductor Equipment,Semiconductors and Semiconductor Equipment,Semiconductor Materials and Equipment,Semiconductors and Related Devices,100200.0,3753057.6330000004,,2026E,2026E,2026E,2026E
A036710,"Simmtech Holdings Co., Ltd.",0.05630618359310152,-0.3852908164068985,0.775686750857392,,11.477736701757,,14.1500609776614,Information Technology,Technology Hardware and Equipment,"Electronic Equipment, Instruments and Components",Electronic Components,Printed Circuit Boards,3760.0,191061.76424,,LTM,,LTM,
A009160,"SIMPAC Co., Ltd.",0.011594000330777184,0.033860000330777185,0.500196166629996,12.9862326714627,9.60471240569376,12.8740156128712,0.395116800837974,Industrials,Capital Goods,Machinery,Industrial Machinery and Supplies and Components,"Steel Works, Blast Furnaces, And Rolling And Finishing Mills",4795.0,313453.79156000004,,LTM,LTM,LTM,LTM
A009160,"SIMPAC Co., Ltd.",0.011594000330777184,0.033860000330777185,0.500196166629996,12.9862326714627,9.60471240569376,12.8740156128712,0.395116800837974,Industrials,Capital Goods,Machinery,Industrial Machinery and Supplies and Components,"Steel Works, Blast Furnaces, And Rolling And Finishing Mills",4795.0,313453.79156000004,,LTM,LTM,LTM,LTM
A009160,"SIMPAC Co., Ltd.",0.011594000330777184,0.033860000330777185,0.500196166629996,12.9862326714627,9.60471240569376,12.8740156128712,0.395116800837974,Industrials,Capital Goods,Machinery,Industrial Machinery and Supplies and Components,"Steel Works, Blast Furnaces, And Rolling And Finishing Mills",4795.0,313453.79156000004,,LTM,LTM,LTM,LTM
A444530,"SimPlatform Co., Ltd.",-0.21177615030650532,-0.2522261503065053,2.03488839468253,,,,2.35010996228514,Information Technology,Software and Services,Software,Application Software,Prepackaged Software,4340.0,27763.94782,,LTM,,,
A029530,"sindoh Co.,Ltd.",0.04753778016846968,0.03826678016846968,,,,9.02475107005432,0.317907094332349,Information Technology,Technology Hardware and Equipment,"Technology Hardware, Storage and Peripherals","Technology Hardware, Storage and Peripherals","Office Machines, not elsewhere classified",40650.0,335707.17134999996,,,,,LTM
A006880,"Singsong Holdings Co.,Ltd.",0.056554781979653676,0.06387678197965369,0.783664687666671,13.3810579876147,10.1257880359757,6.75864142566666,0.500953677860485,Consumer Staples,"Food, Beverage and Tobacco",Food Products,Packaged Foods and Meats,Food and Kindred Products,4460.0,48122.06646,,LTM,LTM,LTM,LTM
A012790,"Sinil Pharmaceutical Co., Ltd.",0.05171980027825695,0.07049880027825695,0.346863575136888,4.2249629899844,2.22109994941353,9.72794551531036,0.439724739688304,Health Care,"Pharmaceuticals, Biotechnology and Life Sciences",Pharmaceuticals,Pharmaceuticals,Pharmaceutical Preparations,5820.0,66209.89722,,LTM,LTM,LTM,LTM
A002800,"Sinsin Pharmaceutical Co., Ltd",0.13195451266743552,0.1753265126674355,0.873019234196148,8.15923959138357,6.17802263692338,6.04166370983069,0.873218131536094,Health Care,"Pharmaceuticals, Biotechnology and Life Sciences",Pharmaceuticals,Pharmaceuticals,Pharmaceutical Preparations,4380.0,66446.79000000001,,LTM,LTM,LTM,LTM
A306040,"SJ Group Co., Ltd.",-0.11092250034947058,-0.1307405003494706,0.253119327516515,,,,0.147121149211473,Consumer Discretionary,Consumer Durables and Apparel,"Textiles, Apparel and Luxury Goods","Apparel, Accessories and Luxury Goods",Apparel and Other Finished Products Made From Fabrics and Similar Materials,1773.0,16412.473062,,LTM,,,
A033530,"Sjg Sejong Co.,Ltd",0.15929812839014668,0.20380912839014667,0.14937558540747,2.95251095823529,1.84193344183486,2.05026049647564,0.317956303599122,Consumer Discretionary,Automobiles and Components,Automobile Components,Automotive Parts and Equipment,Motor Vehicle Parts and Accessories,6510.0,176110.46649000002,,2026E,2026E,2026E,2026E
A123700,"SJM Co., Ltd.",0.0430011402907777,0.0450321402907777,,,,3.87755103970346,0.224795877561778,Consumer Discretionary,Automobiles and Components,Automobile Components,Automotive Parts and Equipment,Motor Vehicle Parts and Accessories,3355.0,52354.43279,,,,,LTM
A025530,"SJM Holdings Co.,Ltd.",0.012592463477116605,0.04587046347711661,0.315973733429342,6.62937384658836,3.65722564058817,5.11807478408437,0.278813684756535,Consumer Discretionary,Automobiles and Components,Automobile Components,Automotive Parts and Equipment,Motor Vehicle Parts and Accessories,3560.0,48245.08796,,LTM,LTM,LTM,LTM
A326030,"SK Biopharmaceuticals Co., Ltd.",0.8401743548283157,0.7461813548283157,6.58292194951338,18.3707246661587,17.5205356043028,20.3222039625197,7.26793571115219,Health Care,"Pharmaceuticals, Biotechnology and Life Sciences",Pharmaceuticals,Pharmaceuticals,Pharmaceutical Preparations,82800.0,6484337.1,,2026E,2026E,2026E,2026E
A302440,"SK bioscience Co.,Ltd.",0.021430203206265243,0.027795203206265245,4.26651721582282,,,,1.68871590418994,Health Care,"Pharmaceuticals, Biotechnology and Life Sciences",Biotechnology,Biotechnology,"Biological Products, Except Diagnostic Substances",36300.0,2847972.8739,,2026E,,,
A285130,"SK Chemicals Co.,Ltd",0.23487004952924548,0.2466820495292455,0.640108310772962,23.2223680477076,6.35054253287021,27.3132664437012,0.385087189722358,Materials,Materials,Chemicals,Commodity Chemicals,Chemicals and Allied Products,49300.0,955430.056,,2026E,2026E,2026E,2026E
A210980,SK D&D Co. Ltd.,-0.06845556955392373,-0.03623156955392373,1.72771667175116,50.944536811971,25.0788809339199,,0.164982397728945,Real Estate,Real Estate Management and Development,Real Estate Management and Development,Real Estate Development,"Land Subdividers and Developers, Except Cemeteries",4535.0,84378.622685,,LTM,LTM,LTM,
A006120,"SK Discovery Co., Ltd.",0.14810738342493224,0.16342738342493224,0.817681998401458,41.3127181244598,12.0667891924156,5.44193573769654,0.2668011500486,Energy,Energy,"Oil, Gas and Consumable Fuels",Oil and Gas Storage and Transportation,"Plastics Materials, Synthetic Resins, and Nonvulcanizable Elastomers",50600.0,928280.0735999999,,LTM,LTM,LTM,LTM
A475150,"SK eternix Co., Ltd.",0.4690775540774444,0.5786845540774443,4.23412960374474,61.1739710820315,36.1469125814377,255.870991892856,7.09727420044057,Utilities,Utilities,Independent Power and Renewable Electricity Producers,Renewable Electricity,Electric Services,51000.0,1736253.2310000001,,LTM,LTM,LTM,LTM
A018670,"SK Gas Co., Ltd.",0.3564728745300971,0.4075918745300971,0.486484249603922,6.88612176791563,5.30994044511503,3.55962961239589,0.546527703974254,Energy,Energy,"Oil, Gas and Consumable Fuels",Oil and Gas Storage and Transportation,"Petroleum and Petroleum Products Wholesalers, Except Bulk Stations and Terminals",233500.0,2106647.741,,2026E,2026E,2026E,2026E
A000660,SK hynix Inc.,3.4044143639424616,3.0371443639424616,3.33787730214886,4.31668685216023,4.01765959058693,4.80919174093108,4.57635918515783,Information Technology,Semiconductors and Semiconductor Equipment,Semiconductors and Semiconductor Equipment,Semiconductors,Semiconductors and Related Devices,1758000.0,1281345549.0,,2026E,2026E,2026E,2026E
A361610,"SK IE Technology Co., Ltd.",-0.26776324234809334,-0.2890362423480934,14.4969003179769,,,,0.46310237019696,Industrials,Capital Goods,Electrical Equipment,Electrical Components and Equipment,"Miscellaneous Electrical Machinery, Equipment, and Supplies",13910.0,1137658.561,,2026E,,,
A034730,SK Inc.,0.2317490520404913,0.2536310520404913,0.984021484381861,12.1787172737442,7.21676826628781,2.47187954148027,1.04693938011572,Industrials,Capital Goods,Industrial Conglomerates,Industrial Conglomerates,Conglomerates,584000.0,31839806.728,,2026E,2026E,2026E,2026E
A096770,"SK Innovation Co., Ltd.",0.1926707413424637,0.09685674134246372,0.635532821503814,7.63074078327422,5.51051515223857,8.95207096402644,0.900976530308173,Energy,Energy,"Oil, Gas and Consumable Fuels",Oil and Gas Refining and Marketing,Petroleum Refining,125500.0,21252534.5775,,2026E,2026E,2026E,2026E
A001740,SK Networks Company Limited,0.06077761460369833,0.07756061460369833,0.320580098125,18.7367144953719,7.89945105902439,11.514657980456,0.666629870269327,Industrials,Capital Goods,Trading Companies and Distributors,Trading Companies and Distributors,Automotive Dealers and Gasoline Service Stations,6770.0,1313617.91134,,2026E,2026E,2026E,2026E
A219550,"DYD Co.,LTD.",-0.6914909904238293,-1.3629199904238292,1.214022594196,,,,3.59165087064074,Consumer Discretionary,Consumer Discretionary Distribution and Retail,Distributors,Distributors,"Drugs, Drug Proprietaries, and Druggists' Sundries",1123.0,43430.066488000004,,LTM,,,
A100090,"SK oceanplant Co.,Ltd",-0.27496678272635505,-0.273210782726355,1.58018900889687,19.359781223221,13.8087124393271,23.1133671742809,1.02145753958623,Industrials,Capital Goods,Machinery,Construction Machinery and Heavy Transportation Equipment,"Construction, Mining, And Materials Handling",13040.0,814714.8021600001,,2026E,2026E,2026E,2026E
A395400,"SK Reits Co., Ltd.",-0.16246434047981603,-0.11113734047981604,20.334364811817,22.9710216845455,22.9710216845455,18.2258064516129,0.874565373534672,Real Estate,Equity Real Estate Investment Trusts (REITs),Diversified REITs,Diversified REITs,Real Estate Investment Trusts,5610.0,1688708.8482000001,,2026E,2026E,2026E,2026E
A408920,"Messe eSang Co.,Ltd",0.20783221716140268,0.2541312171614027,0.905382887111754,3.29006072682729,3.01081774193527,7.67119736911463,1.67547435835679,Communication Services,Media and Entertainment,Media,Advertising,Advertising,3110.0,131740.23444,,LTM,LTM,LTM,LTM
A001510,"SK Securities Co., Ltd.",,0.4173762789795159,,,,12.0303530001834,0.931922877587376,Financials,Financial Services,Capital Markets,Investment Banking and Brokerage,"Security Brokers, Dealers, and Flotation Companies",3060.0,639396.48906,,,,,LTM
A472230,SK Securities No.11 Special Purpose Acquisition Company,,0.044932524285008615,,,,99.9321558447456,0.940339474408863,Financials,Financial Services,Capital Markets,Asset Management and Custody Banks,Non-operating Establishments,2100.0,8725.5,,,,,LTM
A473000,SK Securities No.12 Special Purpose Acquisition Company,,0.03817771135186877,,,,,,Financials,Financial Services,Capital Markets,Asset Management and Custody Banks,Non-operating Establishments,2067.0,6841.77,,,,,
A473950,SK Securities No.13 Special Purpose Acquisition Company,,0.042029433304797595,,,,,,Financials,Financial Services,Capital Markets,Asset Management and Custody Banks,Non-operating Establishments,2047.0,9047.74,,,,,
A402340,"SK Square Co., Ltd.",-0.025016297702474488,-0.4948622977024744,104.94835046604,2.99215085213134,2.92608341347514,3.08525168618644,2.70099359662722,Industrials,Capital Goods,Industrial Conglomerates,Industrial Conglomerates,Conglomerates,1124000.0,148022273.33600003,,2026E,2026E,2026E,2026E
A017670,"SK Telecom Co., Ltd.",0.06859128073537665,0.06821228073537665,1.62994314835504,14.7344875545377,5.24479249623485,15.6723188992937,1.34724831215765,Communication Services,Telecommunication Services,Wireless Telecommunication Services,Wireless Telecommunication Services,Radiotelephone Communications,99900.0,21278789.5104,,2026E,2026E,2026E,2026E
A357880,"SKAI worldwide Co., Ltd.",-0.5975462365707507,-1.1471992365707506,6.5122995920948,,,,4.99004647567448,Information Technology,Software and Services,Software,Systems Software,Prepackaged Software,1767.0,93545.064816,,LTM,,,
A011790,"SKC Co., Ltd.",0.15710841760176758,-0.11900158239823244,3.06463100432914,,54.6977514257003,,3.52130442356933,Materials,Materials,Chemicals,Commodity Chemicals,Unsupported Plastics Film and Sheet,82300.0,2803844.7101000003,,2026E,,2026E,
A276040,"SKONEC ENTERTAINMENT Co., Ltd.",-1.2499528203310981,-1.4410618203310983,0.107545898581672,,,,0.585078385232539,Communication Services,Media and Entertainment,Entertainment,Interactive Home Entertainment,Prepackaged Software,327.0,7073.119545,,LTM,,,
A005850,SL Corporation,0.15230260569770981,0.18096260569770983,0.339132513786523,4.31521378841014,3.03165161338729,6.87118134416685,0.956294137417002,Consumer Discretionary,Automobiles and Components,Automobile Components,Automotive Parts and Equipment,Motor Vehicle Parts and Accessories,51800.0,2385672.9316,,2026E,2026E,2026E,2026E
A246250,"SLS BIO Co., Ltd",-0.7184475788709359,-0.6868515788709358,6.53301479328271,,,,4.42478282793965,Health Care,"Pharmaceuticals, Biotechnology and Life Sciences",Life Sciences Tools and Services,Life Sciences Tools and Services,Commercial Physical and Biological Research,1969.0,26889.069614,,LTM,,,
A048550,"SM Culture & Contents Co., Ltd.",0.021285675067881954,0.014262675067881952,0.650142199769723,,13.7561863568314,,1.63865614356286,Communication Services,Media and Entertainment,Entertainment,Movies and Entertainment,Motion Picture and Video Tape Production,1298.0,124573.378446,,LTM,,LTM,
A041510,"SM Entertainment Co., Ltd.",0.16207648186503165,0.4048354818650316,1.23190249381415,8.36194276347815,6.29600404042478,13.2685951412181,1.70938693058513,Communication Services,Media and Entertainment,Entertainment,Movies and Entertainment,Phonograph Records and Prerecorded Audio Tapes and Disks,71100.0,1627812.459,,2026E,2026E,2026E,2026E
A063440,"SM Life Design Group Co., Ltd.",0.0755733233634064,0.0841983233634064,0.456562835469449,5.37882775654425,4.16305088544376,9.24826969414403,0.684168137652621,Industrials,Commercial and Professional Services,Commercial Services and Supplies,Commercial Printing,"Printing, Publishing, and Allied Industries",1027.0,46542.986828,,LTM,LTM,LTM,LTM
A424960,Smart Radar System Inc.,0.19887122245579747,0.08733022245579747,3.19496956271186,,,,2.07801798544302,Information Technology,Technology Hardware and Equipment,"Electronic Equipment, Instruments and Components",Electronic Equipment and Instruments,"Search, Detection, Navigation, Guidance, Aeronautical, and Nautical Systems and Instruments",3835.0,63220.39685,,2026E,,,
A010580,SMBEXEL Company,0.015478998609083618,0.01666999860908362,0.958852626540728,31.7241894746395,17.7873816851723,152.708027332047,2.53021416123829,Consumer Discretionary,Automobiles and Components,Automobile Components,Automotive Parts and Equipment,Motor Vehicle Parts and Accessories,1510.0,167770.46468,,LTM,LTM,LTM,LTM
A460870,"SMCG Co., Ltd.",0.11435890424480895,0.09339990424480896,1.36734125210079,15.3892394965721,8.34120179258736,13.9950868606177,1.26814510210553,Materials,Materials,Containers and Packaging,"Metal, Glass and Plastic Containers",Glass Containers,2710.0,54059.90384,,LTM,LTM,LTM,LTM
A099440,"Smec Co.,Ltd",0.30476551755656356,0.22942551755656357,1.90638880445158,17.7522273713675,,15.6349206349206,2.84092327217338,Industrials,Capital Goods,Machinery,Industrial Machinery and Supplies and Components,Radio and Television Broadcasting and Communications Equipment,3720.0,242862.03024000002,,2026E,2026E,,2026E
A066590,"Smotronic Co., Ltd.",-0.008441844721808884,-0.11587984472180887,0.483549965373867,68.2471372105734,10.3537088286395,,1.25046001881179,Consumer Discretionary,Automobiles and Components,Automobile Components,Automotive Parts and Equipment,Motor Vehicle Parts and Accessories,2625.0,101529.584625,,LTM,LTM,LTM,
A003570,"Snt Dynamics Co.,Ltd.",0.10900082603137973,0.1749788260313797,0.579760193849687,3.9996308443662,5.18249558580803,10.2190974493133,0.839103487718524,Industrials,Capital Goods,Aerospace and Defense,Aerospace and Defense,Motor Vehicle Parts and Accessories,29275.0,729477.90445,,2026E,2026E,LTM,2026E
A100840,"SNT Energy Co., Ltd.",-0.0020247146726300735,0.010025285327369904,0.987164604979404,5.07688603905365,4.73358008570782,7.35183021380582,1.34208485631618,Industrials,Capital Goods,Machinery,Industrial Machinery and Supplies and Components,Fabricated Plate Work (Boiler Shops),25650.0,506872.4202,,2026E,2026E,2026E,2026E
A036530,"SNT Holdings Co., Ltd.",-0.009068528365543636,0.08652747163445636,0.367528479510132,2.7856435845348,2.38852812209869,7.20709797544098,0.499068509907293,Consumer Discretionary,Automobiles and Components,Automobile Components,Automotive Parts and Equipment,Motor Vehicle Parts and Accessories,46150.0,687453.4458999999,,LTM,LTM,LTM,LTM
A064960,"SNT Motiv Co., Ltd.",0.10223748357584966,0.13246948357584967,0.27216112812648,2.65054507881782,2.1893330962406,6.81474003028773,0.623619806722495,Consumer Discretionary,Automobiles and Components,Automobile Components,Automotive Parts and Equipment,Motor Vehicle Parts and Accessories,26200.0,624457.9264,,2026E,2026E,2026E,2026E
A403550,SOCAR Inc.,0.06047358625960028,-0.012108413740399712,1.33486396409559,20.3270556899408,5.13493634020927,25.3176470588235,1.82279692531448,Industrials,Transportation,Ground Transportation,Passenger Ground Transportation,Local and Suburban Transit and Interurban Highway Passenger Transportation,10540.0,399886.98868,,2026E,2026E,2026E,2026E
A258790,"SoftCamp Co., Ltd.",0.10543592728594314,0.29462992728594317,1.45343761482935,16.535110117273,10.9190849702378,7.82053023307836,1.49338628075408,Information Technology,Software and Services,Software,Systems Software,Prepackaged Software,4435.0,21269.06255,,LTM,LTM,LTM,LTM
A032680,"Softcen Co., Ltd.",0.017235328663591416,0.021315328663591416,,,,,0.365029506677798,Information Technology,Technology Hardware and Equipment,"Technology Hardware, Storage and Peripherals","Technology Hardware, Storage and Peripherals","Computer Peripheral Equipment, not elsewhere classified",928.0,19354.257568,,,,,
A010950,S-Oil Corporation,0.3050822947429169,0.24166629474291693,0.569830249994931,5.81093451824297,4.79370906223347,6.01457338300952,1.64608373003799,Energy,Energy,"Oil, Gas and Consumable Fuels",Oil and Gas Refining and Marketing,Petroleum Refining,142850.0,16630688.281149998,,2026E,2026E,2026E,2026E
A035610,"Solborn, Inc.",0.18421736335585215,0.20263136335585213,0.166207875786117,0.619695134029485,0.577670732747822,3.91392306482597,0.535946257084821,Health Care,Health Care Equipment and Services,Health Care Equipment and Supplies,Health Care Equipment,"Communications Services, Not Elsewhere Classified",4680.0,104309.88515999999,,LTM,LTM,LTM,LTM
A215090,"SolDefense Co., Ltd.",0.1518941808002712,0.17384318080027117,0.558355928889964,49.2824506935579,14.3276119673648,15.0820478318363,0.612070106988949,Industrials,Capital Goods,Aerospace and Defense,Aerospace and Defense,Guided Missiles And Space Vehicles And Parts,1302.0,30136.952622,,LTM,LTM,LTM,LTM
A050890,"SOLiD, Inc.",0.4271563260561871,0.42414032605618707,1.49173436511208,12.640657360262,10.9234359830189,14.4817073170732,1.80134353180774,Information Technology,Technology Hardware and Equipment,Communications Equipment,Communications Equipment,Radio and Television Broadcasting and Communications Equipment,9060.0,546196.2789,,2026E,2026E,2026E,2026E
A248070,"Solum Co., Ltd.",0.08983315551189117,0.11405615551189116,0.556595948101197,10.5232553329893,6.60013129721346,11.219648370694,1.22582626231684,Information Technology,Technology Hardware and Equipment,"Electronic Equipment, Instruments and Components",Electronic Components,Electronic Components And Accessories,12850.0,614438.6326,,2026E,2026E,2026E,2026E
A336370,"Solus Advanced Materials Co., Ltd.",-0.12134678246081188,-0.23404378246081187,3.00146262803096,,154.408577419815,19.9858665984885,0.950708775474954,Information Technology,Technology Hardware and Equipment,"Electronic Equipment, Instruments and Components",Electronic Components,"Electronic Components, not elsewhere classified",7035.0,639462.39294,,2026E,,2026E,2026E
A290690,"Solux Co., Ltd.",-0.03199656266673723,-0.03297456266673722,6.34895841591404,,,,2.33664438280615,Industrials,Capital Goods,Electrical Equipment,Electrical Components and Equipment,Electric Lighting And Wiring Equipment,4025.0,213161.693675,,LTM,,,
A004430,"Songwon Industrial Co., Ltd.",0.09453577366185449,0.05750077366185449,0.298792385604273,4.68270042194093,2.93537338724862,5.71981726078635,0.325875337779386,Materials,Materials,Chemicals,Specialty Chemicals,"Plastics Materials, Synthetic Resins, and Nonvulcanizable Elastomers",10960.0,263040.0,,LTM,LTM,LTM,LTM
A007720,"Sono Square Co.,Ltd.",-0.06360000097056813,-0.045670000970568135,0.162511335665732,,34.3854334840077,,0.605015130137706,Consumer Discretionary,Consumer Discretionary Distribution and Retail,Distributors,Distributors,Miscellaneous Durable Goods,1472.0,29675.65248,,LTM,,LTM,
A066910,"SONOKONG Co., Ltd.",0.4668630843021069,0.3829130843021069,0.396193117952053,,,,0.501050975480106,Consumer Discretionary,Consumer Durables and Apparel,Leisure Products,Leisure Products,Dolls and Stuffed Toys,1899.0,29181.234168,,LTM,,,
A067160,"Soop Co., Ltd.",0.1267731902767265,0.1738291902767265,,,,5.66441538558951,0.887441169016766,Communication Services,Media and Entertainment,Interactive Media and Services,Interactive Media and Services,"Computer Programming, Data Processing, And Other Computer Related Services",37250.0,397451.61449999997,,,,,2026E
A017550,"Soosan Cebotics Co., Ltd.",0.05905016007090837,0.07785516007090837,0.550409753229792,6.86513984707699,5.10235455716642,7.11073151640471,0.54356161048536,Industrials,Capital Goods,Machinery,Construction Machinery and Heavy Transportation Equipment,Construction Machinery and Equipment,1724.0,107576.10012,,LTM,LTM,LTM,LTM
A126720,"Soosan Industries Co., Ltd.",0.14454002997348592,0.12930702997348592,0.311919864134557,2.43625960970904,1.89051950055243,3.94632364181161,0.512258878235275,Industrials,Capital Goods,Construction and Engineering,Construction and Engineering,General Building Contractors-nonresidential,20800.0,292742.84,,LTM,LTM,LTM,LTM
A050960,"SOOSAN INT Co., Ltd.",0.05382400753564699,0.08625000753564699,,,,7.624819049485,0.727506280818865,Information Technology,Software and Services,Software,Systems Software,"Computer Programming, Data Processing, And Other Computer Related Services",8890.0,60016.39,,,,,LTM
A084180,"Soosung Webtoon co., Ltd.",-0.24542913495426966,-0.32812013495426967,0.633279180113975,5.64110913705733,2.57647496145555,,0.146279577156722,Industrials,Capital Goods,Machinery,Construction Machinery and Heavy Transportation Equipment,"Industrial Trucks, Tractors, Trailers, and Stackers",595.0,10752.703150000001,,LTM,LTM,LTM,
A464080,"SOS Lab Co., Ltd.",-0.39891798998253286,-0.6454739899825328,31.7913554779644,,,,8.96807501783378,Information Technology,Technology Hardware and Equipment,"Electronic Equipment, Instruments and Components",Electronic Components,"Search, Detection, Navigation, Guidance, Aeronautical, and Nautical Systems and Instruments",9610.0,172471.10245,,LTM,,,
A357780,"Soulbrain Co., Ltd.",0.4071729212258129,0.4275009212258129,1.89789886958671,11.6369096526515,8.64159076980693,13.7111917973764,2.34029052982179,Materials,Materials,Chemicals,Specialty Chemicals,Chemicals and Allied Products,326500.0,2528135.863,,2026E,2026E,2026E,2026E
A036830,"Soulbrain Holdings Co., Ltd.",0.3349944203234467,0.11901342032344667,1.54713658069733,,20.7364186151611,12.2607189137045,0.446808687167949,Materials,Materials,Chemicals,Specialty Chemicals,Miscellaneous Chemical Products,37550.0,785022.4028,,LTM,,LTM,LTM
A000390,"SP Samhwa Co., Ltd.",0.02601965396710921,0.04116865396710921,0.37814540564359,11.2967451021989,8.8889032716192,11.9818963486138,0.484452418831034,Materials,Materials,Chemicals,Commodity Chemicals,"Paints, Varnishes, Lacquers, Enamels, and Allied Products",6130.0,152114.88951,,LTM,LTM,LTM,LTM
A317830,"SP Systems Co.,Ltd.",-0.14879039529089472,-0.15588639529089474,0.711724628216335,,21.3427440260318,,1.00320560166074,Industrials,Capital Goods,Machinery,Industrial Machinery and Supplies and Components,"General Industrial Machinery and Equipment, Not Elsewhere",4770.0,48514.32486,,LTM,,LTM,
A013810,SPECO Ltd.,-0.020361346125153043,-0.03571534612515304,0.367918118807885,,10.7382684456557,48.4515254190715,0.521654033013231,Industrials,Capital Goods,Construction and Engineering,Construction and Engineering,Heavy Construction Other Than Building Construction Contractors,1532.0,22452.18004,,LTM,,LTM,LTM
A058610,"SPG Co., Ltd.",-0.02466332412501695,-0.0008083241250169473,7.05478219671074,126.45468717663,91.2774757972875,242.250421321862,8.58974166116276,Industrials,Capital Goods,Electrical Equipment,Electrical Components and Equipment,Motors and Generators,95800.0,2124591.088,,LTM,LTM,LTM,LTM
A347700,Sphere Corp.,0.3848777771892657,0.35363277718926567,13.3948802413087,,,29.7987610281555,11.9486230073213,Health Care,Health Care Equipment and Services,Health Care Technology,Health Care Technology,"Computer Programming, Data Processing, And Other Computer Related Services",23550.0,1170281.19495,,LTM,,,LTM
A192440,"Spigen Korea Co.,Ltd",0.06762016403888782,0.06450616403888781,0.0158537317692467,0.225246646193885,0.181808318868722,4.86981619404453,0.311711965306562,Information Technology,Technology Hardware and Equipment,"Technology Hardware, Storage and Peripherals","Technology Hardware, Storage and Peripherals",Radio and Television Broadcasting and Communications Equipment,28150.0,169739.7708,,LTM,LTM,LTM,LTM
A050760,"Spolytech Co., Ltd.",0.05474339596565721,-0.07967460403434279,0.518196232909795,,11.0802217372235,,0.289623705683324,Materials,Materials,Chemicals,Commodity Chemicals,Miscellaneous Plastics Products,1148.0,17728.298812,,LTM,,LTM,
A288620,"S-Prism Co., Ltd.",-0.3539795677445778,-0.4668345677445778,1.04999578523053,,,,0.672489875799828,Industrials,Capital Goods,Electrical Equipment,Electrical Components and Equipment,Electrical Industrial Apparatus,3795.0,26486.50422,,LTM,,,
A443670,SPSoft Inc.,0.03748888701041492,0.03754388701041492,0.682506979542906,9.96365390138636,6.21633750555607,18.8030449489644,1.0888488328914,Information Technology,Software and Services,IT Services,IT Consulting and Other Services,"Computer Programming, Data Processing, And Other Computer Related Services",2845.0,68310.05458,,LTM,LTM,LTM,LTM
A275630,SSR Inc.,-0.1193119972400276,-0.1111849972400276,0.326522775534171,,10.5230360774093,,0.909305303450023,Information Technology,Software and Services,IT Services,IT Consulting and Other Services,"Computer Programming, Data Processing, And Other Computer Related Services",3935.0,19170.206395,,LTM,,LTM,
A237690,"ST Pharm Co.,Ltd.",0.35698871957204553,0.3657597195720455,5.21490378231205,29.0245641269998,19.3014735161464,33.346150402829,3.77857829304959,Health Care,"Pharmaceuticals, Biotechnology and Life Sciences",Pharmaceuticals,Pharmaceuticals,Medicinal Chemicals and Botanical Products,99400.0,2075137.8172,,2026E,2026E,2026E,2026E
A060240,"STACO LINK Co., Ltd.",,,,,,,,Consumer Discretionary,Consumer Services,Diversified Consumer Services,Education Services,Prepackaged Software,,,,,,,
A115570,"StarFlex Co., Ltd.",0.0971353037843879,0.0663033037843879,0.277078937604183,4.09905188920795,2.75786614134983,2.72271925459159,0.264336206528379,Materials,Materials,Chemicals,Specialty Chemicals,Miscellaneous Manufacturing Industries,2475.0,19527.794550000002,,LTM,LTM,LTM,LTM
A052020,"STCube, Inc.",-0.3379697986648482,-0.32577779866484824,78.7801808476249,,,,8.70183552167576,Information Technology,Technology Hardware and Equipment,"Electronic Equipment, Instruments and Components",Technology Distributors,"Electronic Parts and Equipment, not elsewhere classified",7820.0,531238.33562,,LTM,,,
A039440,"STI Co., Ltd.",1.0562271476258007,1.0592851476258007,0.358274163856338,2.31942810906404,2.20432540327715,3.91102873030584,1.11183502929917,Information Technology,Semiconductors and Semiconductor Equipment,Semiconductors and Semiconductor Equipment,Semiconductor Materials and Equipment,"Special Industry Machinery, not elsewhere classified",19860.0,304688.08842,,2026E,2026E,2026E,2026E
A026890,"STIC Investments, Inc.",,0.058392797398468074,,,,13.1201305690522,1.17862751387987,Financials,Financial Services,Capital Markets,Asset Management and Custody Banks,"Investors, not elsewhere classified",8230.0,296572.70818,,,,,LTM
A098660,"STO Co., Ltd.",-0.08835602523580378,-0.1929030252358038,0.735674218430511,,9.94636907949747,,0.898971621070083,Consumer Discretionary,Consumer Durables and Apparel,"Textiles, Apparel and Luxury Goods","Apparel, Accessories and Luxury Goods",Apparel and Other Finished Products Made From Fabrics and Similar Materials,1507.0,18290.832736,,LTM,,LTM,
A330730,Stonebridge Ventures Inc.,,0.7544363330968016,,,,3.52029933651103,0.839369472847083,Financials,Financial Services,Capital Markets,Asset Management and Custody Banks,"Investors, not elsewhere classified",4880.0,88903.0104,,,,,LTM
A352090,Stormtec,0.05178745039817766,0.12984445039817766,0.863964117010337,5.00088361326422,3.9655740752218,9.24324922121383,1.11698386254482,Consumer Discretionary,Consumer Durables and Apparel,Household Durables,Household Appliances,"Plastics Products, not elsewhere classified",3560.0,95667.87288,,LTM,LTM,LTM,LTM
A234300,"STraffic Co,. Ltd",-0.14549356695002474,-0.07661156695002475,0.457322853467921,29.7293680421551,9.4031397905952,48.4664809955939,0.735283467978256,Information Technology,Software and Services,Software,Application Software,Prepackaged Software,2605.0,69295.086605,,LTM,LTM,LTM,LTM
A253450,Studio Dragon Corporation,0.13225077040534483,0.10516977040534484,1.04866329795256,13.0617266651962,3.15200054347242,17.8262379398378,0.845576244319462,Communication Services,Media and Entertainment,Entertainment,Movies and Entertainment,Motion Picture and Video Tape Production,20800.0,625216.7584,,2026E,2026E,2026E,2026E
A408900,"Studio Mir Co., LTD",-0.03833741257769599,-0.05190841257769599,0.698753534560637,,,,0.882121966585949,Communication Services,Media and Entertainment,Entertainment,Movies and Entertainment,Motion Picture and Video Tape Production,970.0,31751.681239999998,,LTM,,,
A415380,"Studio Samick Co., Ltd.",-0.024333785881894547,0.021509214118105455,0.0451335386449255,1.92562779861514,1.59835277976379,9.84684046931437,0.630758627158828,Consumer Discretionary,Consumer Durables and Apparel,Household Durables,Home Furnishings,Household Furniture,1934.0,22130.71365,,LTM,LTM,LTM,LTM
A011810,STX Corporation,-0.8200672459957088,-4.995290245995708,0.80293821016463,,,,,Industrials,Capital Goods,Trading Companies and Distributors,Trading Companies and Distributors,Ship And Boat Building And Repairing,3530.0,109359.5765,,LTM,,,
A077970,"STX Engine Co.,Ltd.",0.16274168586829446,0.28491768586829447,1.46208871725234,19.3815260662516,15.6360688882379,15.0543016306924,2.63091403721958,Industrials,Capital Goods,Machinery,Construction Machinery and Heavy Transportation Equipment,Engines And Turbines,23600.0,947275.9868,,LTM,LTM,LTM,LTM
A465770,STX Green Logis Ltd,-0.43969454633548055,-0.8819375463354805,0.489261666690341,,9.90964166073078,,0.660205361478197,Industrials,Transportation,Marine Transportation,Marine Transportation,Deep Sea Foreign Transportation of Freight,3625.0,25899.13875,,LTM,,LTM,
A253840,Sugentech Inc.,-0.21324797326482642,-0.22039697326482643,3.79574827495152,,,,0.863517603358296,Health Care,Health Care Equipment and Services,Health Care Equipment and Supplies,Health Care Equipment,Electromedical and Electrotherapeutic Apparatus,3950.0,60394.1886,,LTM,,,
A008490,"Suheung Co., Ltd.",0.09444558443018299,0.150248584430183,0.896584463863956,11.0279422940665,6.59721060443498,6.70900528677548,0.506475702205318,Health Care,Health Care Equipment and Services,Health Care Equipment and Supplies,Health Care Supplies,Miscellaneous Chemical Products,22350.0,248892.12555,,LTM,LTM,LTM,LTM
A357550,"Sukgyung AT Co., Ltd.",0.07082187855383418,0.07224187855383418,10.0690585587783,58.1382764774419,34.9042759163606,41.2197810068013,3.96140535381222,Materials,Materials,Chemicals,Specialty Chemicals,Chemicals and Allied Products,32900.0,178759.847,,LTM,LTM,LTM,LTM
A003100,"SUN KWANG CO.,Ltd.",0.0499479677195721,0.0864489677195721,1.65563969500539,6.71967700069324,3.96086478377197,3.28226292977435,0.298774703914941,Industrials,Transportation,Transportation Infrastructure,Marine Ports and Services,Water Transportation,20650.0,129888.5,,LTM,LTM,LTM,LTM
A002820,"SUN&L Co., Ltd.",-0.12164887397374519,-0.15777987397374518,0.71119859077886,,,2.23240412437526,0.0803751247088135,Materials,Materials,Paper and Forest Products,Forest Products,"Millwork, Veneer, Plywood, And Structural Wood Members",1424.0,17178.002496,,LTM,,,LTM
A294630,"SuNam Co., Ltd.",-0.46658667516239516,-0.5329476751623952,17.594439828432,,,,7.94871155494017,Industrials,Capital Goods,Electrical Equipment,Electrical Components and Equipment,Drawing and Insulating of Nonferrous Wire,2590.0,52745.7644,,LTM,,,
A067370,"SunBio,Inc.",0.2721191842607591,0.35395018426075914,,,,24.5855619246154,7.54054798982799,Health Care,"Pharmaceuticals, Biotechnology and Life Sciences",Biotechnology,Biotechnology,"Biological Products, Except Diagnostic Substances",5820.0,70966.4901,,,,,LTM
A014620,"Sung Kwang Bend Co.,Ltd.",0.11547076190240849,0.1273657619024085,1.91739391981424,12.799291461974,11.4476168632116,18.4303112270565,1.16076376627387,Industrials,Capital Goods,Building Products,Building Products,Miscellaneous Fabricated Metal Products,22850.0,606835.7674,,2026E,2026E,2026E,2026E
A458650,"Sung Woo Co.,Ltd",0.018081920481032174,0.02021592048103217,,,,25.4182304302016,0.53017950415796,Industrials,Capital Goods,Electrical Equipment,Electrical Components and Equipment,"Miscellaneous Electrical Machinery, Equipment, and Supplies",7410.0,111488.4147,,,,,LTM
A080470,"Sungchang Autotech Co., Ltd.",0.06077532270751004,0.16121932270751005,0.240845691353814,5.23781993810963,3.11059256013965,2.4103431963804,0.326406866495528,Consumer Discretionary,Automobiles and Components,Automobile Components,Automotive Parts and Equipment,Motor Vehicle Parts and Accessories,2770.0,20221.0,,LTM,LTM,LTM,LTM
A000180,Sungchang Enterprise Holdings Limited,-0.025976619093046816,-0.028171619093046815,0.784804977165329,,78.5555952303246,,0.109437053341267,Materials,Materials,Paper and Forest Products,Forest Products,"Lumber and Wood Products, except Furniture",5250.0,73239.18,,LTM,,LTM,
A037350,"Sungdo Engineering & Construction Co., Ltd.",0.0025898609315170434,0.03404886093151703,0.0648072234247887,0.787473492311144,0.735967752533327,3.46363925814883,0.400736051984584,Industrials,Capital Goods,Construction and Engineering,Construction and Engineering,Heavy Construction Other Than Building Construction Contractors,7290.0,101644.47,,LTM,LTM,LTM,LTM
A365340,"SungEel HiTech Co., Ltd.",0.5126071300491923,0.22120213004919226,2.82233275341793,56.1697333881988,19.312841935776,81.9477434679335,3.9950289990806,Industrials,Commercial and Professional Services,Commercial Services and Supplies,Environmental and Facilities Services,Sanitary Services,32400.0,418644.126,,2026E,2026E,2026E,2026E
A043260,Sungho Electronics Corp.,0.7486204370992804,0.6236324370992803,6.77138796549192,54.2507671117647,38.2681759709544,4.00412796697626,2.36473087681834,Information Technology,Technology Hardware and Equipment,"Electronic Equipment, Instruments and Components",Electronic Components,Electronic Components And Accessories,18250.0,1340162.324,,2026E,2026E,2026E,2026E
A014910,"Sungmoon Electronics Co., Ltd.",0.10181095326903411,0.10786395326903411,1.11385205421451,27.291369329998,14.044671627334,13.233216487206,0.844135796019098,Materials,Materials,Chemicals,Specialty Chemicals,Miscellaneous Plastics Products,1943.0,40331.350351,,LTM,LTM,LTM,LTM
A004980,"Sungshin Cement Co., Ltd",0.06590665685525288,0.09093965685525288,0.473428323626276,10.1597827573643,5.37508457309876,6.89693090318856,0.333723896932385,Materials,Materials,Construction Materials,Construction Materials,"Cement, Hydraulic",7870.0,195575.33954000002,,LTM,LTM,LTM,LTM
A081580,"Sungwoo Electronics Co., Ltd.",0.10646440137531635,0.11743340137531637,0.0640413078300871,4.12278989683164,1.22191377044486,3.74907804609028,0.297004583097566,Information Technology,Technology Hardware and Equipment,Communications Equipment,Communications Equipment,Radio and Television Broadcasting and Communications Equipment,2235.0,33982.502265,,LTM,LTM,LTM,LTM
A015750,"Sungwoo Hitech Co., Ltd.",0.04157040956821422,0.09556040956821424,0.539255337162633,9.59773604356836,4.69557449859857,3.00840732494574,0.276839649275405,Consumer Discretionary,Automobiles and Components,Automobile Components,Automotive Parts and Equipment,Motor Vehicle Parts and Accessories,5910.0,472750.31463,,LTM,LTM,LTM,LTM
A045300,"Sungwoo Techron. Co,.Ltd",0.06749650605175991,0.07084050605175993,0.492273269518464,7.18850367764117,4.92930162643496,4.84107473074037,0.343113045539345,Information Technology,Semiconductors and Semiconductor Equipment,Semiconductors and Semiconductor Equipment,Semiconductor Materials and Equipment,"Special Industry Machinery, not elsewhere classified",2520.0,25640.29692,,LTM,LTM,LTM,LTM
A171090,"SUNIC SYSTEM Co., Ltd.",0.3336547598651796,0.9191247598651797,1.20482619292453,6.13461720938865,4.5262258266613,9.80994152046784,3.49870251688671,Information Technology,Semiconductors and Semiconductor Equipment,Semiconductors and Semiconductor Equipment,Semiconductor Materials and Equipment,"Special Industry Machinery, not elsewhere classified",64900.0,626453.4804,,2026E,2026E,2026E,2026E
A086710,Sunjin Beauty Science Co.Ltd,0.02228659318589344,0.08819259318589344,1.94391254637163,40.9659316150023,13.4991951906721,18.9247547795178,1.11283739711143,Materials,Materials,Chemicals,Specialty Chemicals,Medicinal Chemicals and Botanical Products,7740.0,92959.4124,,LTM,LTM,LTM,LTM
A136490,"Sunjin Co.,Ltd.",0.1467354527392687,0.3228304527392687,0.333732807205655,3.79141630044318,2.8773398646545,2.82017268419636,0.384300467451639,Consumer Staples,"Food, Beverage and Tobacco",Food Products,Packaged Foods and Meats,Food and Kindred Products,10190.0,242310.12952000002,,LTM,LTM,LTM,LTM
A004770,Sunny Electronics Corp.,0.06548401586939913,0.07149001586939913,,,,12.4928571428571,0.793708998040889,Information Technology,Technology Hardware and Equipment,"Electronic Equipment, Instruments and Components",Electronic Equipment and Instruments,"Electronic Components, not elsewhere classified",1712.0,59662.672704,,,,,LTM
A053050,"GSE Co., Ltd.",-0.00025325745673254046,0.02602274254326746,0.46288832875109,13.7039576796729,5.55001280825312,15.9732337472347,0.52670752574186,Utilities,Utilities,Gas Utilities,Gas Utilities,Natural Gas Transmission and Distribution,1762.0,48816.65931,,LTM,LTM,LTM,LTM
A094840,Suprema HQ Inc.,0.19644761709196612,0.18860761709196613,1.96545582333333,10.0363701617021,2.46024345010771,8.4203821656051,0.519989986169727,Information Technology,Technology Hardware and Equipment,"Electronic Equipment, Instruments and Components",Electronic Equipment and Instruments,"Calculating and Accounting Machines, Except Electronic Computers",12700.0,114445.7706,,2026E,2026E,LTM,2026E
A236200,Suprema Inc.,0.3065873678412454,0.24294436784124543,1.74456149076069,7.18224710510753,8.73135922581699,13.0038715554543,1.33734410023953,Information Technology,Technology Hardware and Equipment,"Electronic Equipment, Instruments and Components",Electronic Equipment and Instruments,Computer Integrated Systems Design,56300.0,392218.6229,,2026E,2026E,2026E,2026E
A298830,Suresofttech Inc.,0.16770366205296766,0.17236366205296766,2.18666496531671,13.2917746923499,10.7589790295899,22.0606719783292,2.08969070805172,Information Technology,Software and Services,IT Services,IT Consulting and Other Services,Computer Integrated Systems Design,4115.0,218230.11191,,LTM,LTM,LTM,LTM
A140070,"SurplusGLOBAL, Inc.",-0.12378618343480947,-0.1516531834348095,1.24288687173114,,,,0.367552069397402,Information Technology,Technology Hardware and Equipment,"Electronic Equipment, Instruments and Components",Technology Distributors,"Electronic Parts and Equipment, not elsewhere classified",1839.0,63441.956246999995,,LTM,,,
A289080,SV Investment Corporation,,0.12120219616934164,,,,,1.63963996564943,Financials,Financial Services,Capital Markets,Asset Management and Custody Banks,"Investors, not elsewhere classified",2060.0,123884.75998,,,,,
A109610,"Sy Co., Ltd.",-0.021170163156665332,-0.05171416315666534,0.509549636566489,,50.3690226802885,,0.521690376115448,Industrials,Capital Goods,Building Products,Building Products,Prefabricated Wood Buildings and Components,1799.0,85916.65999,,LTM,,LTM,
A041930,"SY Dong-A Co.,Ltd.",0.02011011538382225,0.12530811538382225,0.201443770039702,6.3331521881479,3.25707422900863,4.1030203932525,0.36672657366605,Consumer Discretionary,Automobiles and Components,Automobile Components,Tires and Rubber,"Gaskets, Packing, And Sealing Devices And Rubber And Plastics Hose And Belting",4820.0,70302.75106,,LTM,LTM,LTM,LTM
A466410,Synapsoft Corporation,0.13239893911140987,0.1303099391114099,,,,6.86828703666569,0.575790942264156,Information Technology,Software and Services,Software,Application Software,Prepackaged Software,8460.0,42613.21458,,,,,LTM
A048870,"Synergy Innovation Co., Ltd.",0.013538117001233528,0.04203311700123352,1.4168930857013,7.66083576443559,6.00762995763615,24.0961339359509,0.679222292451063,Health Care,Health Care Equipment and Services,Health Care Equipment and Supplies,Health Care Equipment,Surgical and Medical Instruments and Apparatus,1586.0,139737.643318,,LTM,LTM,LTM,LTM
A234030,"Synic Solution Co.,Ltd.",0.1250811060924652,0.12190510609246517,0.309130682035268,26.4686358367205,22.8694054380715,25.1481507707956,1.95592076859157,Information Technology,Semiconductors and Semiconductor Equipment,Semiconductors and Semiconductor Equipment,Semiconductors,Semiconductors and Related Devices,3015.0,71169.075,,LTM,LTM,LTM,LTM
A025320,Synopex Inc.,0.11268620643165939,0.1334492064316594,1.48429968665591,,21.7552572232696,81.5498869981185,2.11927977127764,Information Technology,Technology Hardware and Equipment,"Electronic Equipment, Instruments and Components",Electronic Components,Printed Circuit Boards,3930.0,362139.05406,,LTM,,LTM,LTM
A226330,"SyntekaBio, Inc.",0.8680698962526423,0.6326608962526423,3.2264714487013,,,,1.07442528725989,Health Care,Health Care Equipment and Services,Health Care Technology,Health Care Technology,"Computer Programming, Data Processing, And Other Computer Related Services",1188.0,28819.0683,,2026E,,,
A365330,"Systeel Tech Co.,Ltd.",-0.005809997576372922,0.1264600024236271,0.282177591726912,11.2116612323512,6.5656013788133,50.4668113735614,0.77942571469857,Materials,Materials,Metals and Mining,Diversified Metals and Mining,Sheet Metal Work,1457.0,73099.147,,LTM,LTM,LTM,LTM
A060540,"System and Application Technologies Co., Ltd",0.07095853063799634,0.04643553063799634,0.309917875610223,8.51137831854921,3.80481079999523,7.559105029875,0.293740708687957,Information Technology,Technology Hardware and Equipment,Communications Equipment,Communications Equipment,Radio and Television Broadcasting and Communications Equipment,1168.0,30523.266912,,LTM,LTM,LTM,LTM
A002170,SYTS Corp.,0.004043409586251864,0.013012409586251869,,,,6.24860958966945,0.331098259065405,Consumer Discretionary,Consumer Durables and Apparel,"Textiles, Apparel and Luxury Goods",Textiles,Leather and Leather Products,56200.0,148368.0,,,,,LTM
A057680,"T Scientific Co.,Ltd.",-0.016761791521903692,-0.0343897915219037,0.47426966493429,159.527546578491,16.5858824505031,17.6045602046878,0.12355215745153,Information Technology,Software and Services,Software,Application Software,"Communications Services, Not Elsewhere Classified",1523.0,21702.293100000003,,LTM,LTM,LTM,LTM
A340570,"T&L Co., Ltd.",0.36098690821853535,0.39713490821853537,1.98402525526047,5.34349580440165,4.98041211512821,8.00951625693894,2.3612896579353,Health Care,Health Care Equipment and Services,Health Care Equipment and Supplies,Health Care Supplies,"Orthopedic, Prosthetic, and Surgical Appliances and Supplies",29350.0,470605.58969999995,,2026E,2026E,2026E,2026E
A246710,"T&R Biofab Co., Ltd.",-0.42038857089448445,-1.3055525708944844,4.78820134005868,,,,5.57443435592741,Health Care,Health Care Equipment and Services,Health Care Equipment and Supplies,Health Care Supplies,"Orthopedic, Prosthetic, and Surgical Appliances and Supplies",2440.0,116301.38976,,LTM,,,
A246690,T.S. Investment Corporation,,0.15964384616452545,,,,9.62809891339244,0.460242415991536,Financials,Financial Services,Capital Markets,Asset Management and Custody Banks,"Investors, not elsewhere classified",1828.0,42308.07288,,,,,LTM
A204610,T3 Entertainment Inc.,0.29946960358721947,0.38152260358721946,1.49266463186215,6.02162756365854,4.645850178174,12.7108895705521,1.81447112744685,Communication Services,Media and Entertainment,Entertainment,Interactive Home Entertainment,Prepackaged Software,3270.0,171098.79003,,2026E,2026E,LTM,2026E
A023160,Tae Kwang Corporation,0.15528088190649597,0.15621588190649596,1.24363687373312,10.8324195385438,7.97380895821953,8.50889179192256,0.850192770566312,Industrials,Capital Goods,Machinery,Industrial Machinery and Supplies and Components,Fabricated Structural Metal Products,20200.0,522518.2884,,2026E,2026E,2026E,2026E
A484810,"Tae Sung System Co., Ltd.",0.027449989455691576,0.13914998945569157,,,,7.60386473429952,0.0937755488330755,Industrials,Capital Goods,Machinery,Industrial Machinery and Supplies and Components,"Construction, Mining, And Materials Handling",14120.0,218166.9198,,,,,LTM
A001420,"Tae Won Mulsan Co., Ltd.",-0.03807179663458536,0.015920203365414644,,,,,0.392370454340233,Consumer Discretionary,Automobiles and Components,Automobile Components,Automotive Parts and Equipment,Motor Vehicle Parts and Accessories,2235.0,16361.79132,,,,,
A003240,"Taekwang Industrial Co., Ltd.",0.032753806592065476,0.06017080659206547,,,,8.33255369675633,0.183947635141609,Materials,Materials,Chemicals,Commodity Chemicals,"Plastics Materials And Synthetic Resins, Synthetic Rubber, Cellulosic And Other Manmade Fibers, Except Glass",863000.0,726327.5530000001,,,,,LTM
A014580,"Taekyung Bk Co., Ltd",0.14266790021252657,0.19677390021252655,0.777742617403073,8.23048261532812,6.34931167353915,3.95671379366966,0.447453881190698,Materials,Materials,Construction Materials,Construction Materials,"Mining and Quarrying Of Nonmetallic Minerals, except Fuels",3880.0,107022.428,,LTM,LTM,LTM,LTM
A006890,"Taekyung Chemical Co., Ltd.",-0.046923970391291404,-0.01906497039129141,1.30572817005919,,206.027915876726,8.30096895199683,0.345302826759658,Materials,Materials,Chemicals,Commodity Chemicals,Industrial Inorganic Chemicals,5050.0,57236.18995,,LTM,,LTM,LTM
A015890,"Taekyung Industry.Co., Ltd.",0.10695235799010128,0.15943435799010128,0.6229061727395,7.63711612256968,5.65935775993335,3.67028973251759,0.308112032023511,Materials,Materials,Chemicals,Commodity Chemicals,Industrial Inorganic Chemicals,4720.0,137959.7,,LTM,LTM,LTM,LTM
A323280,"Taesung Co.,Ltd.",0.9185995860254347,0.8733065860254347,22.7758184883503,,,,12.2921734826538,Information Technology,Semiconductors and Semiconductor Equipment,Semiconductors and Semiconductor Equipment,Semiconductor Materials and Equipment,"Special Industry Machinery, not elsewhere classified",48950.0,1494834.121,,LTM,,,
A044490,"Taewoong Co.,Ltd",0.16471229069729398,0.161918290697294,1.84470077501773,94.3445608767381,24.4319937583125,73.9056289782309,0.983102346962786,Industrials,Capital Goods,Machinery,Industrial Machinery and Supplies and Components,Metal Forgings And Stampings,28450.0,569209.98945,,LTM,LTM,LTM,LTM
A124560,"Taewoong Logistics Co., Ltd.",-0.022137413890518518,-0.014920413890518517,0.166782200939401,,14.5133584112052,,0.294089807902815,Industrials,Transportation,Marine Transportation,Marine Transportation,Arrangement of Transportation of Freight and Cargo,1908.0,73879.307388,,LTM,,LTM,
A053620,TAEYANG Corporation,0.09360798008302366,0.07135698008302366,,,,2.98573228562286,0.269517954433674,Energy,Energy,"Oil, Gas and Consumable Fuels",Oil and Gas Storage and Transportation,Miscellaneous Retail,6740.0,53657.34894,,,,,LTM
A004100,"Taeyang Metal Industrial Co., Ltd.",0.003995360854316206,0.016566360854316207,0.524700946033213,15.7777530363972,9.65632761501797,22.7711949757178,0.520001052090497,Consumer Discretionary,Automobiles and Components,Automobile Components,Automotive Parts and Equipment,Motor Vehicle Parts and Accessories,2425.0,88327.8605,,LTM,LTM,LTM,LTM
A009410,"Taeyoung Engineering & Construction Co.,Ltd.",-0.07728754645489583,0.03477445354510417,0.761164024417573,22.0040453583946,19.7282252690798,5.183340207807,0.777203684454162,Industrials,Capital Goods,Construction and Engineering,Construction and Engineering,Heavy Construction Other Than Building Construction Contractors,1590.0,473159.71751999995,,LTM,LTM,LTM,LTM
A001440,"Taihan Cable & Solution Co., Ltd.",0.23231396067367796,0.269435960673678,1.38077165684835,27.0974772490759,22.5569546479333,56.813627254509,3.3273684215819,Industrials,Capital Goods,Electrical Equipment,Electrical Components and Equipment,Drawing and Insulating of Nonferrous Wire,26750.0,5225763.6375,,2026E,2026E,2026E,2026E
A010170,"Taihan Fiber Optics Co., Ltd",-0.0701258427836618,-0.45702884278366174,13.5638628379586,,,,16.9563593642872,Information Technology,Technology Hardware and Equipment,Communications Equipment,Communications Equipment,Drawing and Insulating of Nonferrous Wire,12200.0,1896925.052,,LTM,,,
A001070,"Taihan Textile Co., Ltd.",0.026068924173349203,0.021760924173349204,0.269127190539818,27.5447458410149,10.8164160966991,,0.141473937942284,Consumer Discretionary,Consumer Durables and Apparel,"Textiles, Apparel and Luxury Goods",Textiles,Textile Mill Products,6000.0,21673.89,,LTM,LTM,LTM,
A011280,"Tailim Packaging Co., Ltd.",-0.014297821330204137,-0.025409821330204137,0.543598876074901,,14.839066095237,,0.39526168507448,Materials,Materials,Containers and Packaging,Paper and Plastic Packaging Products and Materials,Paperboard Containers And Boxes,1666.0,114685.97558600002,,LTM,,LTM,
A055490,"Tapex Co., Ltd.",0.13441708899365823,0.10100108899365821,0.488489432503158,9.96249712950015,4.77465748240166,7.19725150707542,0.407786642897683,Materials,Materials,Chemicals,Specialty Chemicals,Adhesives and Sealants,13180.0,63088.047,,LTM,LTM,LTM,LTM
A033830,TBC,-0.03725059368494157,-0.024622593684941563,,,,9.76755079610001,0.23686107230582,Communication Services,Media and Entertainment,Media,Broadcasting,Television Broadcasting Stations,1626.0,30742.993379999996,,,,,LTM
A084870,"TBH Global Co., Ltd",0.05416768575233468,0.09242368575233467,0.28570033992463,12.3483399066261,5.18977241267832,,0.72768082056891,Consumer Discretionary,Consumer Durables and Apparel,"Textiles, Apparel and Luxury Goods","Apparel, Accessories and Luxury Goods",Apparel and Other Finished Products Made From Fabrics and Similar Materials,2150.0,42491.0004,,LTM,LTM,LTM,
A125020,"TC Materials Co.,Ltd.",0.16604296124944498,0.13682996124944496,0.632520781908111,19.4665991118328,15.4188749769884,39.260571379458,2.27034169655716,Industrials,Capital Goods,Electrical Equipment,Electrical Components and Equipment,"Rolling, Drawing, And Extruding Of Nonferrous Metals",5110.0,179046.9905,,LTM,LTM,LTM,LTM
A002710,TCC Steel Corp.,0.0022788432334976544,0.0011458432334976593,0.782458021747471,,37.1945914570206,,1.10443117703234,Materials,Materials,Metals and Mining,Steel,"Coating, Engraving, And Allied Services",9830.0,257680.64151,,LTM,,LTM,
A464280,"Tdspharm Co., Ltd.",0.19888600484376412,0.2061960048437641,0.601380095867259,3.71686685790511,3.24875175728353,6.17741872701525,0.71145530466449,Health Care,"Pharmaceuticals, Biotechnology and Life Sciences",Pharmaceuticals,Pharmaceuticals,Pharmaceutical Preparations,6040.0,33401.200000000004,,LTM,LTM,LTM,LTM
A064520,"TechL Co., LTD.",-0.16851339778161623,-0.16998939778161623,,,,,0.351765129155512,Information Technology,Technology Hardware and Equipment,"Technology Hardware, Storage and Peripherals","Technology Hardware, Storage and Peripherals",Electronic Components And Accessories,1462.0,32669.153164,,,,,
A064520,"TechL Co., LTD.",-0.16851339778161623,-0.16998939778161623,,,,,0.351765129155512,Information Technology,Technology Hardware and Equipment,"Technology Hardware, Storage and Peripherals","Technology Hardware, Storage and Peripherals",Electronic Components And Accessories,1462.0,32669.153164,,,,,
A089030,"Techwing, Inc.",1.02327173772788,1.0683407377278797,6.55103589009961,23.3853772134199,15.5452869586276,28.8590370733299,8.94498281191794,Information Technology,Semiconductors and Semiconductor Equipment,Semiconductors and Semiconductor Equipment,Semiconductor Materials and Equipment,"Special Industry Machinery, not elsewhere classified",48350.0,1728051.9179,,2026E,2026E,2026E,2026E
A191420,TegoScience Inc.,-0.14972553057629534,-0.09966553057629535,5.7143324927523,,,,1.43481982614709,Health Care,"Pharmaceuticals, Biotechnology and Life Sciences",Biotechnology,Biotechnology,"Biological Products, Except Diagnostic Substances",7640.0,61170.16424,,LTM,,,
A200230,TELCON RF PHARMACEUTICAL. Inc.,-0.06978171592635213,-0.12569471592635212,0.58192457269952,19.7129163065658,4.05132352882223,,0.161217264042032,Information Technology,Technology Hardware and Equipment,"Electronic Equipment, Instruments and Components",Electronic Manufacturing Services,Semiconductors and Related Devices,2150.0,14730.50785,,LTM,LTM,LTM,
A078000,"Telcoware Co.,Ltd.",0.23507859374897225,0.17655359374897225,0.393684986039992,2.042056606622,1.76670981549445,4.23579356001401,0.572375181656451,Information Technology,Software and Services,Software,Application Software,Radio and Television Broadcasting and Communications Equipment,13070.0,67493.51921,,LTM,LTM,LTM,LTM
A054450,Telechips Inc.,0.09122354745826627,-0.07837545254173373,1.01286341310803,14.2746215091429,9.87375005573123,24.9481865284974,0.987322312149432,Information Technology,Semiconductors and Semiconductor Equipment,Semiconductors and Semiconductor Equipment,Semiconductors,Semiconductors and Related Devices,9380.0,138460.95648,,2026E,2026E,2026E,2026E
A056730,CNT85 Inc.,-0.8147390694067238,-2.104180069406724,,,,,0.321534783440633,Information Technology,Technology Hardware and Equipment,Communications Equipment,Communications Equipment,Computer Integrated Systems Design,1372.0,20335.454719999998,,,,,
A241790,"TEMC CNS Co., Ltd.",-0.053205857678276916,-0.019459857678276918,0.321984164705659,19.9268105261264,5.03667578893056,29.3239228307988,0.489127791056297,Information Technology,Semiconductors and Semiconductor Equipment,Semiconductors and Semiconductor Equipment,Semiconductor Materials and Equipment,Chemicals and Allied Products,5540.0,53812.44098000001,,LTM,LTM,LTM,LTM
A425040,"TEMC Co., Ltd.",0.13805493833243987,0.16821193833243986,0.999666563089851,10.2078163240924,8.98631341203387,9.74093264248705,0.999259446804194,Information Technology,Semiconductors and Semiconductor Equipment,Semiconductors and Semiconductor Equipment,Semiconductor Materials and Equipment,Industrial Inorganic Chemicals,8750.0,188521.4625,,2026E,2026E,LTM,2026E
A073640,"TERA SCIENCE.Co.,LTD",-0.2328117621627419,-0.4562127621627419,2.04652925042173,,,,2.48091547237615,Industrials,Capital Goods,Machinery,Industrial Machinery and Supplies and Components,Miscellaneous Plastics Products,654.0,58487.565966,,LTM,,,
A042510,"Raonsecure Co., Ltd.",0.13606385355936063,0.1314418535593606,1.04117495501475,11.2050257063492,8.11398413218391,10.0991325898389,1.70235925616285,Information Technology,Software and Services,Software,Systems Software,Computer Communications Equipment,7670.0,82880.70076,,2026E,2026E,2026E,2026E
A095610,"TES Co., Ltd",0.4983165433052913,0.5038815433052912,5.03758179719371,22.8978785855762,20.991776568357,25.5822113262391,5.59265297017865,Information Technology,Semiconductors and Semiconductor Equipment,Semiconductors and Semiconductor Equipment,Semiconductor Materials and Equipment,"Special Industry Machinery, not elsewhere classified",132200.0,2365312.8816,,2026E,2026E,2026E,2026E
A425420,Tfe Inc.,0.5583473229194174,0.6060913229194174,2.82419619252692,12.8143844482759,18.5988836662887,15.4961832061069,3.89742947392864,Information Technology,Semiconductors and Semiconductor Equipment,Semiconductors and Semiconductor Equipment,Semiconductor Materials and Equipment,Semiconductors and Related Devices,40950.0,490960.31984999997,,2026E,2026E,LTM,2026E
A053700,"Sambo Motors Co., Ltd",0.0177030669058364,0.0596070669058364,0.277197832678634,9.17724697863473,3.89741694883806,12.5328013663346,0.236493181089582,Consumer Discretionary,Automobiles and Components,Automobile Components,Automotive Parts and Equipment,Radio and Television Broadcasting and Communications Equipment,4025.0,104921.780075,,LTM,LTM,LTM,LTM
A127710,"The Asia Business Daily Co., Ltd.",0.002342173177193518,0.03231417317719352,1.21660481745317,44.9751017570559,13.561587139017,,0.426757647899004,Communication Services,Media and Entertainment,Media,Publishing,"Computer Programming, Data Processing, And Other Computer Related Services",1008.0,43342.804512,,LTM,LTM,LTM,
A475560,The Born Korea,-0.19552211159652352,-0.15385911159652352,0.338483232130814,,,,1.09022756631236,Consumer Discretionary,Consumer Services,"Hotels, Restaurants and Leisure",Restaurants,Eating Places,18610.0,275948.5217,,LTM,,,
A002420,"The Century Co., Ltd.",-0.030820051223741804,-0.046010051223741806,,,,,0.965256401667388,Communication Services,Media and Entertainment,Entertainment,Movies and Entertainment,Motion Picture Theaters,5730.0,34207.802039999995,,,,,
A224060,"THE CODI Co.,LTD.",0.2850475950298722,-0.48982040497012774,,,,0.518818035972138,0.140153302639966,Information Technology,Semiconductors and Semiconductor Equipment,Semiconductors and Semiconductor Equipment,Semiconductor Materials and Equipment,"Special Industry Machinery, not elsewhere classified",2715.0,13937.303175000001,,,,,LTM
A013720,"Cheongbo Co., Ltd.",-0.08617072374468948,-0.13345672374468948,0.942895477846066,,72.2783228456377,,2.62173802477388,Consumer Discretionary,Automobiles and Components,Automobile Components,Automotive Parts and Equipment,Motor Vehicle Parts and Accessories,2360.0,28684.209359999997,,LTM,,LTM,
A089230,"The E&M Co., Ltd.",-0.15446370790070346,-0.2179147079007035,8.92622119167689,,,,3.5694869301885,Communication Services,Media and Entertainment,Entertainment,Movies and Entertainment,Services Allied to Motion Picture Production,2195.0,79715.81061,,LTM,,,
A032860,"The Lamy Co., Ltd.",-0.14305500424917636,-0.24053000424917637,,,,,0.269207639282551,Materials,Materials,Metals and Mining,Steel,Metals Service Centers and Offices,690.0,27871.90347,,,,,
A012700,"The LEADCORP, Inc.",0.07833152988689528,0.08917752988689528,1.72973697144101,14.9487449130233,13.7318147430101,3.98780388305262,0.183689505591851,Energy,Energy,"Oil, Gas and Consumable Fuels",Oil and Gas Storage and Transportation,Personal Credit Institutions,3010.0,76284.14269,,LTM,LTM,LTM,LTM
A298540,"The Nature Holdings Co., Ltd.",-0.05015044309942758,-0.030966443099427584,0.564295123353655,,8.94146125705784,,0.293491549858405,Consumer Discretionary,Consumer Durables and Apparel,"Textiles, Apparel and Luxury Goods","Apparel, Accessories and Luxury Goods",Apparel and Other Finished Products Made From Fabrics and Similar Materials,6580.0,95320.41988,,LTM,,LTM,
A403850,"The Pinkfong Company, Inc.",0.09030534549883659,0.0933333454988366,0.604203281881171,3.50017823592267,2.53493045028478,7.90432218444663,0.86128374021724,Communication Services,Media and Entertainment,Entertainment,Movies and Entertainment,Motion Picture and Video Tape Production,11250.0,161344.0125,,LTM,LTM,LTM,LTM
A043090,"The Technology Co.,Ltd.",,,,,,,,Health Care,"Pharmaceuticals, Biotechnology and Life Sciences",Life Sciences Tools and Services,Life Sciences Tools and Services,"Biological Products, Except Diagnostic Substances",103.0,,,,,,
A008600,"The Willbes & CO., Ltd.",-0.1916052050587189,-0.5602942050587189,0.850493860717838,,,,0.406682984542021,Consumer Discretionary,Consumer Durables and Apparel,"Textiles, Apparel and Luxury Goods","Apparel, Accessories and Luxury Goods",Apparel and Other Finished Products Made From Fabrics and Similar Materials,2620.0,17239.44018,,LTM,,,
A066700,"Theragen Etex Co.,Ltd.",0.05485212439976753,0.08600412439976753,0.377282433400835,13.7131377603423,7.3426987375318,8.37431246990879,0.60578939623684,Health Care,"Pharmaceuticals, Biotechnology and Life Sciences",Pharmaceuticals,Pharmaceuticals,"Special Industry Machinery, not elsewhere classified",2075.0,76117.88900000001,,LTM,LTM,LTM,LTM
A084730,THINKWARE Corporation,-0.12476383988644271,-0.1288798398864427,0.322913352374826,20.4506034531585,13.0411420581492,,0.353559724117464,Consumer Discretionary,Consumer Durables and Apparel,Household Durables,Consumer Electronics,"Search, Detection, Navigation, Guidance, Aeronautical, and Nautical Systems and Instruments",6200.0,75526.4222,,LTM,LTM,LTM,
A019180,THN Corporation,0.37110286558348304,0.509561865583483,0.0948395487648599,1.3600191842396,1.0807124407093,1.31069122505111,0.366928229061743,Consumer Discretionary,Automobiles and Components,Automobile Components,Automotive Parts and Equipment,Motor Vehicle Parts and Accessories,5380.0,96840.0,,LTM,LTM,LTM,LTM
A208640,"Thumbage Co., Ltd.",-0.6453335465385575,-0.6796515465385575,1.6451465984921,,,,0.814266933800505,Communication Services,Media and Entertainment,Entertainment,Interactive Home Entertainment,Prepackaged Software,684.0,9524.0331,,LTM,,,
A219130,"TigerElec Co., Ltd.",0.06918100557141221,0.08511000557141221,,,,139.04958677686,12.3266388833824,Information Technology,Technology Hardware and Equipment,"Electronic Equipment, Instruments and Components",Electronic Components,Printed Circuit Boards,62300.0,393380.267,,,,,LTM
A321550,"TiumBio Co., Ltd.",-0.10744752747490488,-0.26242952747490483,10.3311862731259,,,,3.58281134771306,Health Care,"Pharmaceuticals, Biotechnology and Life Sciences",Biotechnology,Biotechnology,"Biological Products, Except Diagnostic Substances",4040.0,121355.439,,LTM,,,
A032540,"TJ media Co., Ltd.",-0.050169730718789565,0.005043269281210433,0.856413451556187,42.2036685080873,15.7507010722021,17.9541260072424,0.811955716585831,Consumer Discretionary,Consumer Durables and Apparel,Household Durables,Consumer Electronics,Household Audio and Video Equipment,3070.0,64155.05791,,LTM,LTM,LTM,LTM
A104480,TK Chemical Corporation,0.485624000201757,0.7503900002017571,,,,0.425708620413262,0.227157467438882,Consumer Discretionary,Consumer Durables and Apparel,"Textiles, Apparel and Luxury Goods",Textiles,Textile Mill Products,1668.0,151613.583912,,,,,LTM
A022220,"TKG Aikang Co.,Ltd.",-0.0072807627061333285,-0.03567076270613331,0.950077454573758,,,,0.372190689577927,Industrials,Capital Goods,Building Products,Building Products,Miscellaneous Plastics Products,595.0,30817.774504999998,,LTM,,,
A069260,"TKG Huchems Co., Ltd.",0.17102011457420283,0.21363011457420283,0.312717466494248,5.29494031830065,3.2405034748,10.0252525252525,0.688891163780843,Materials,Materials,Chemicals,Specialty Chemicals,Chemicals and Allied Products,15600.0,598585.6812,,2026E,2026E,2026E,2026E
A356860,"TLB Co., Ltd",0.5831863669155659,0.6031543669155659,2.0210916079381,13.1201066827826,11.5777491445672,25.2002913328478,4.64411004628188,Information Technology,Technology Hardware and Equipment,"Electronic Equipment, Instruments and Components",Electronic Components,Printed Circuit Boards,31000.0,602803.06,,2026E,2026E,2026E,2026E
A217590,"TMC Co., Ltd.",0.11411933345036132,0.1615943334503613,0.849211191415759,25.7902464941634,19.4943922029412,48.3846153846154,2.68672971072095,Industrials,Capital Goods,Electrical Equipment,Electrical Components and Equipment,Drawing and Insulating of Nonferrous Wire,11640.0,280456.77900000004,,2026E,2026E,2026E,2026E
A131100,"TN entertainment Co., Ltd.",,,,,,,0.157324451273081,Materials,Materials,Chemicals,Specialty Chemicals,Chemicals and Allied Products,2210.0,71254.78685,,,,,
A079970,"TOBESOFT Co., Ltd.",0.026913244221509744,-0.0051587557784902455,1.08377668263941,21.1112160571206,9.13234892570441,4.09935423271702,0.339627557400066,Information Technology,Software and Services,Software,Application Software,Prepackaged Software,596.0,5349.206684000001,,LTM,LTM,LTM,LTM
A215480,TOEBOX KOREA.Ltd.,0.03829369829865605,0.019639698298656055,0.274292985570876,10.8211202127976,4.48738302685101,61.2668324636354,0.5773484576186521,Consumer Discretionary,Consumer Discretionary Distribution and Retail,Specialty Retail,Apparel Retail,Shoe Stores,2210.0,19971.55784,,LTM,LTM,LTM,LTM
A064760,"Tokai Carbon Korea Co., Ltd.",0.46280085944278015,0.4721418594427802,6.2374167622807,20.7394107345833,18.5726066279851,24.6827274682727,4.65158246058221,Information Technology,Semiconductors and Semiconductor Equipment,Semiconductors and Semiconductor Equipment,Semiconductor Materials and Equipment,Electrical Industrial Apparatus,227000.0,2492282.0319999997,,2026E,2026E,2026E,2026E
A393210,"TOMATOSYSTEM Co.,Ltd.",0.19778694046377981,0.08610494046377982,1.82501743019622,,,156.887622311579,1.4530324297104,Information Technology,Software and Services,IT Services,IT Consulting and Other Services,Computer Integrated Systems Design,2430.0,37374.50565,,LTM,,,LTM
A475960,"Tomocube, Inc.",0.9494373827491628,0.9151073827491628,16.8040341843478,143.145476385185,104.457509794595,113.653136531365,10.8587303037902,Health Care,Health Care Equipment and Services,Health Care Equipment and Supplies,Health Care Equipment,Laboratory Apparatus and Furniture,29050.0,391482.8547,,2026E,2026E,2026E,2026E
A082640,"Tong Yang Life Insurance Co., Ltd.",0.11245124933434361,0.14535324933434363,0.727763018796969,4.29299089343881,4.09129732555083,12.4664750043096,0.698101888145566,Financials,Insurance,Insurance,Life and Health Insurance,Insurance Carriers,8250.0,1287516.2932499999,,LTM,LTM,LTM,LTM
A001520,Tongyang Inc.,-0.019252924955755507,-0.021244924955755504,0.822067005804341,,,2.88004635772078,0.144582162858659,Materials,Materials,Construction Materials,Construction Materials,"Concrete, Gypsum, And Plaster Products",1064.0,101430.330512,,LTM,,,LTM
A228340,Tongyang Pile Inc.,0.03086067116314841,0.006611671163148411,0.927669756107656,,68.489445742867,,0.55421893448063,Materials,Materials,Construction Materials,Construction Materials,"Concrete, Gypsum, And Plaster Products",2950.0,59000.0,,LTM,,LTM,
A214420,"Tonymoly Co., Ltd",0.1634582003625088,0.2060592003625088,0.755535618619845,8.93867985507246,6.85298788888889,8.33590138674884,1.07828029571328,Consumer Staples,Household and Personal Products,Personal Care Products,Personal Care Products,"Perfumes, Cosmetics, and Other Toilet Preparations",5270.0,125966.97077,,2026E,2026E,2026E,2026E
A199800,ToolGen Incorporated,-0.40460216799382676,-0.4431511679938267,200.969169276895,,,,6.38367621122492,Health Care,"Pharmaceuticals, Biotechnology and Life Sciences",Biotechnology,Biotechnology,"Biological Products, Except Diagnostic Substances",36750.0,330570.99075,,LTM,,,
A065130,"TOP Engineering Co., Ltd",0.022261577679937472,-0.06950942232006252,0.260049696072362,,35.067036493015,,0.249593952381911,Information Technology,Semiconductors and Semiconductor Equipment,Semiconductors and Semiconductor Equipment,Semiconductor Materials and Equipment,"Special Industry Machinery, not elsewhere classified",2855.0,42251.09361,,LTM,,LTM,
A360070,"TOP MATERIAL Co., Ltd",-0.1787570181577325,-0.24507001815773255,4.8567875663346,,,,0.624957438845158,Industrials,Capital Goods,Electrical Equipment,Electrical Components and Equipment,"Miscellaneous Electrical Machinery, Equipment, and Supplies",7910.0,64799.06013,,LTM,,,
A336680,"Top Run Total Solution Co., Ltd",0.14040955263826718,0.1738065526382672,0.402194880937415,67.3320555092225,9.30343173459705,41.7196451124026,1.98475063670015,Information Technology,Technology Hardware and Equipment,"Electronic Equipment, Instruments and Components",Electronic Components,Electronic Components And Accessories,2585.0,101191.26743,,LTM,LTM,LTM,LTM
A134580,"Topco Media Co.,Ltd.",0.11330092584573599,0.057786925845735984,1.86973465401385,19.0840006609855,7.23465272235607,,3.23700542200656,Information Technology,Technology Hardware and Equipment,Communications Equipment,Communications Equipment,Radio and Television Broadcasting and Communications Equipment,2300.0,112816.5617,,LTM,LTM,LTM,
A134580,"Topco Media Co.,Ltd.",0.11330092584573599,0.057786925845735984,1.86973465401385,19.0840006609855,7.23465272235607,,3.23700542200656,Information Technology,Technology Hardware and Equipment,Communications Equipment,Communications Equipment,Radio and Television Broadcasting and Communications Equipment,2300.0,112816.5617,,LTM,LTM,LTM,
A108230,"TOPTEC Co., Ltd",-0.09235725268685174,-0.12564425268685175,,,,,0.267761063614268,Information Technology,Semiconductors and Semiconductor Equipment,Semiconductors and Semiconductor Equipment,Semiconductor Materials and Equipment,"Special Industry Machinery, not elsewhere classified",2780.0,101290.93464,,,,,
A045340,Total Soft Bank Ltd.,0.32966609696011495,0.33905809696011496,0.680592119933009,2.2646355942011,2.21382313142796,,,Information Technology,Software and Services,Software,Application Software,Computer Integrated Systems Design,6450.0,51105.05925,,LTM,LTM,LTM,
A051360,"TOVIS Co.,Ltd",0.12843548827232676,0.18197548827232676,0.285793656529439,3.12446890151107,2.23623992629974,2.19530771171858,0.378980046729256,Information Technology,Technology Hardware and Equipment,"Electronic Equipment, Instruments and Components",Electronic Equipment and Instruments,"Electronic Components, not elsewhere classified",10900.0,99600.6139,,LTM,LTM,LTM,LTM
A007980,TP Inc.,0.05671884168035965,0.15186184168035965,0.38488722481013,6.22815507069727,4.71428782362235,2.27213205849649,0.277789352421074,Consumer Discretionary,Consumer Durables and Apparel,"Textiles, Apparel and Luxury Goods","Apparel, Accessories and Luxury Goods",Apparel and Other Finished Products Made From Fabrics and Similar Materials,1745.0,78636.706175,,LTM,LTM,LTM,LTM
A130740,"TPC Co., Ltd.",0.1813542687409177,0.01624526874091772,,,,41.5411110097175,0.3185662095706,Consumer Discretionary,Automobiles and Components,Automobile Components,Automotive Parts and Equipment,Motor Vehicle Parts and Accessories,2100.0,23681.0259,,,,,LTM
A048770,TPC Robotics Corporation,0.030348644129384317,-0.018167355870615687,0.898374691631088,,58.3875371698124,,1.31903121124973,Industrials,Capital Goods,Machinery,Industrial Machinery and Supplies and Components,Miscellaneous Industrial And Commercial Machinery And Equipment,2915.0,45759.643765,,LTM,,LTM,
A081150,"Tplex Co., Ltd.",0.0040140030901030625,0.012670003090103061,,,,39.2503685011501,0.692750514209772,Materials,Materials,Metals and Mining,Steel,"Steel Works, Blast Furnaces, And Rolling And Finishing Mills",2635.0,63593.171685,,,,,LTM
A091810,"Trinity Airways Co., Ltd.",-0.4430771437653599,-4.87342514376536,0.284111993632844,,1.56227995868068,,2.85459890270221,Industrials,Transportation,Passenger Airlines,Passenger Airlines,"Air Transportation, Scheduled",626.0,258390.32221800002,,2026E,,2026E,
A117730,"T-Robotics.Co., Ltd.",-0.6287785484814131,-1.1548605484814132,7.58787903240446,,,,5.27686999044527,Industrials,Capital Goods,Machinery,Industrial Machinery and Supplies and Components,"General Industrial Machinery and Equipment, Not Elsewhere",12930.0,291675.49599,,LTM,,,
A060900,"Agent AI Co.,Ltd.",-0.6734579088821995,-0.7273089088821993,1.47008936184408,,,,0.420952174277997,Energy,Energy,"Oil, Gas and Consumable Fuels",Oil and Gas Refining and Marketing,Computers and Computer Peripheral Equipment and Software,3790.0,18508.33614,,LTM,,,
A417790,"TRUEN Co., Ltd.",0.08887224197292103,0.11525724197292103,,,,5.88885326399531,0.612519518851628,Information Technology,Technology Hardware and Equipment,"Electronic Equipment, Instruments and Components",Electronic Equipment and Instruments,"Search, Detection, Navigation, Guidance, Aeronautical, and Nautical Systems and Instruments",6470.0,67730.48977,,,,,LTM
A001790,TS Corporation,-0.10610289114470134,-0.12611389114470134,0.25792921977118,6.43713394425122,5.32367336575768,,0.506004999293018,Consumer Staples,"Food, Beverage and Tobacco",Food Products,Agricultural Products and Services,Food and Kindred Products,2775.0,240032.929575,,LTM,LTM,LTM,
A043220,"TS Nexgen Co., Ltd.",-0.49890320718809744,-0.9527152071880974,4.24056107169772,,,,1.56414258696748,Industrials,Capital Goods,Electrical Equipment,Heavy Electrical Equipment,Computer Communications Equipment,1710.0,27227.33136,,LTM,,,
A317240,"TS Trillion Co., Ltd.",0.09681732980589497,0.05277432980589497,1.65251512173473,67.5888703378414,23.899417957074,,1.07236623524284,Consumer Staples,Household and Personal Products,Personal Care Products,Personal Care Products,"Perfumes, Cosmetics, and Other Toilet Preparations",1196.0,34895.346356,,LTM,LTM,LTM,
A131290,"TSE Co., Ltd",0.7459755023669046,0.7031515023669046,3.97527023114873,14.772617117043,11.9647584749401,19.4247491690769,6.28629948402775,Information Technology,Semiconductors and Semiconductor Equipment,Semiconductors and Semiconductor Equipment,Semiconductor Materials and Equipment,"Special Industry Machinery, not elsewhere classified",218500.0,2416922.2365,,2026E,2026E,2026E,2026E
A277880,"TSI Co., Ltd.",-0.008665859885333756,-0.020622859885333755,0.534394259441595,13.1585417853906,10.2010045243183,9.76942828314984,0.537026583972859,Industrials,Capital Goods,Machinery,Industrial Machinery and Supplies and Components,"Special Industry Machinery, not elsewhere classified",3370.0,66276.21957999999,,LTM,LTM,LTM,LTM
A026150,"Tuksu Engineering & Construction,Ltd.",-0.1890604388568216,-0.13595643885682163,0.567441066588622,,,,0.766885666615355,Industrials,Capital Goods,Construction and Engineering,Construction and Engineering,Engineering Services,3740.0,65623.27794,,LTM,,,
A004870,Tway Holdings Incorporation,-0.13023499847853526,-1.4426799984785352,,,,,0.524615287422164,Materials,Materials,Construction Materials,Construction Materials,"Concrete, Gypsum, And Plaster Products",1130.0,25574.83461,,,,,
A290090,Twim Corp.,-0.048363831716767794,-0.05724283171676779,0.325961036376934,,,,0.473971880464916,Information Technology,Software and Services,Software,Application Software,Prepackaged Software,4100.0,28740.0201,,LTM,,,
A363280,"TY Holdings Co., Ltd",-0.051089443963681355,-0.06492444396368134,3.29951063796634,,,,0.096311215266855,Communication Services,Media and Entertainment,Media,Broadcasting,Television Broadcasting Stations,1933.0,78102.352755,,LTM,,,
A002900,TYM Corporation,0.16638214427797654,0.16562214427797656,0.402845242488545,4.58081400590562,3.78178226269104,3.85956871682767,0.6012778836927,Industrials,Capital Goods,Machinery,Agricultural and Farm Machinery,Farm Machinery and Equipment,7180.0,286202.28874,,LTM,LTM,LTM,LTM
A069330,"U.I.Display Co.,Ltd.",0.1702276911808683,0.1321476911808683,0.460382285995466,4.98064074038798,3.48405517372328,4.0228586511858,0.718206639573863,Information Technology,Technology Hardware and Equipment,"Electronic Equipment, Instruments and Components",Electronic Components,"Electronic Components, not elsewhere classified",1089.0,18370.094886,,LTM,LTM,LTM,LTM
A072130,UANGEL Corporation,0.09069001371196013,0.08376901371196013,0.785901195589824,14.6634812503556,10.8344525941566,9.05121320218054,0.887231645162723,Information Technology,Software and Services,IT Services,Internet Services and Infrastructure,"Computer Programming, Data Processing, And Other Computer Related Services",4745.0,57707.043484999995,,LTM,LTM,LTM,LTM
A084440,Ubion Co.Ltd.,0.16513646476507143,0.31217846476507144,0.530020148957044,32.4121089976513,7.3284140197061,41.8410745950633,2.64720020491556,Consumer Discretionary,Consumer Services,Diversified Consumer Services,Education Services,Educational Services,1094.0,21565.803200000002,,LTM,LTM,LTM,LTM
A078070,Ubiquoss Holdings Inc.,0.06453566452775474,0.11578966452775473,0.182029163698288,0.903700600928426,0.819211899573221,5.66975496011689,0.557500379806263,Information Technology,Technology Hardware and Equipment,Communications Equipment,Communications Equipment,Radio and Television Broadcasting and Communications Equipment,8870.0,146469.54718,,LTM,LTM,LTM,LTM
A264450,Ubiquoss Inc.,0.10969270408466249,0.1415277040846625,0.231973464575442,1.14595771023149,1.00930655997414,5.72937681903563,0.813624568764186,Information Technology,Technology Hardware and Equipment,Communications Equipment,Communications Equipment,Radio and Television Broadcasting and Communications Equipment,10280.0,150761.26804,,LTM,LTM,LTM,LTM
A089850,UBIVELOX Inc,-0.043633103272228746,-0.09797210327222874,0.529547853807731,21.4545338767227,12.3900759993269,,0.402102019251725,Information Technology,Software and Services,Software,Systems Software,Computer Integrated Systems Design,3995.0,53519.636725000004,,LTM,LTM,LTM,
A389680,"Udmtek Co., Ltd.",0.11866501132203931,1.5472100113220393,,,,1.4199412276354,,Information Technology,Software and Services,Software,Application Software,Prepackaged Software,1022.0,8501.499846,,,,,LTM
A049520,"UIL Co., Ltd.",-0.02017158012683916,0.08760941987316084,0.0590031466002425,0.927060096522305,0.680049589517379,5.23290725128019,0.559528917514525,Information Technology,Technology Hardware and Equipment,"Electronic Equipment, Instruments and Components",Electronic Components,Printed Circuit Boards,3615.0,108384.53235,,LTM,LTM,LTM,LTM
A065680,UJU Electronics Co. Ltd,0.06053662242957864,0.08335262242957864,0.365863101184494,3.45912462010055,2.26674264717439,8.62013007592771,0.716179809705129,Information Technology,Technology Hardware and Equipment,"Electronic Equipment, Instruments and Components",Electronic Components,Electric Lighting And Wiring Equipment,22750.0,182875.21524999998,,LTM,LTM,LTM,LTM
A011330,"Uni-Chem Co., Ltd.",,-0.07090207800120649,1.11785187150427,,,,0.36921950134398,Consumer Discretionary,Consumer Durables and Apparel,"Textiles, Apparel and Luxury Goods",Textiles,Leather and Leather Products,5060.0,44144.10286,,LTM,,,
A011320,Unick Corporation,0.08100890723655638,0.10517890723655637,0.209775215470048,5.59393620814999,2.92983579819856,5.47034425870633,0.51784587302839,Consumer Discretionary,Automobiles and Components,Automobile Components,Automotive Parts and Equipment,Motor Vehicle Parts and Accessories,3695.0,71389.96802500001,,LTM,LTM,LTM,LTM
A446070,"UNID btplus Co., Ltd.",,,,,,,,Materials,Materials,Paper and Forest Products,Forest Products,"Lumber and Wood Products, except Furniture",3665.0,187556.85145000002,,,,,
A014830,UNID Company Ltd.,0.2420484202517625,0.2509504202517625,0.334331212574822,5.70625226289783,3.367170255,5.0103034466039,0.339060564352508,Materials,Materials,Chemicals,Commodity Chemicals,Chemicals and Allied Products,60400.0,400991.3116,,2026E,2026E,2026E,2026E
A203450,"UNION biometrics Co., Ltd.",-0.017025184200714125,0.02028881579928587,0.677966877969984,,142.154167214402,21.5227958863446,0.740530952153079,Information Technology,Technology Hardware and Equipment,"Electronic Equipment, Instruments and Components",Electronic Equipment and Instruments,"Search, Detection, Navigation, Guidance, Aeronautical, and Nautical Systems and Instruments",2480.0,29687.34344,,LTM,,LTM,LTM
A000910,Union Corporation,0.15388392012972774,0.19557092012972774,1.02973256122776,54.2256691817012,20.3381772128141,0.87176569330566,0.330157535003116,Materials,Materials,Construction Materials,Construction Materials,"Cement, Hydraulic",2960.0,46210.39224,,LTM,LTM,LTM,LTM
A080720,"Union Korea Pharm Co., Ltd.",-2.416747020436771,4.009638979563229,1.72273137982569,,,,,Health Care,"Pharmaceuticals, Biotechnology and Life Sciences",Pharmaceuticals,Pharmaceuticals,Pharmaceutical Preparations,2725.0,19700.373875,,LTM,,,
A047400,Union Materials Corp.,-0.003351543922185528,0.11383845607781445,1.36546074025465,26.4558675125092,17.5884048295938,15.7227626508748,2.15972697261441,Consumer Discretionary,Automobiles and Components,Automobile Components,Automotive Parts and Equipment,"Abrasive, Asbestos, And Miscellaneous Nonmetallic Mineral Products",1026.0,43092.0,,LTM,LTM,LTM,LTM
A077500,Uniquest Corporation,0.11780175329661316,0.14075275329661316,0.42346941496619,7.21254834032951,6.95921722755301,5.568714264744,0.612926166740606,Information Technology,Semiconductors and Semiconductor Equipment,Semiconductors and Semiconductor Equipment,Semiconductors,"Electronic Parts and Equipment, not elsewhere classified",7140.0,154224.72828,,LTM,LTM,LTM,LTM
A036200,"UNISEM Co., Ltd.",0.1785698076906032,0.1838558076906032,0.750462816634738,8.92011211271347,7.99472633231292,11.7410433689503,1.11159444747848,Information Technology,Semiconductors and Semiconductor Equipment,Semiconductors and Semiconductor Equipment,Semiconductor Materials and Equipment,"Special Industry Machinery, not elsewhere classified",9020.0,265332.79806,,2026E,2026E,2026E,2026E
A018000,"Unison Co., Ltd.",-0.1650931552084303,-0.3004601552084303,9.25238633007556,,,,2.38738124617974,Industrials,Capital Goods,Electrical Equipment,Heavy Electrical Equipment,Electrical Industrial Apparatus,967.0,250934.840628,,LTM,,,
A241690,"UNITEKNO Co.,Ltd",0.017594847702599985,0.007621847702599983,1.10886217190487,50.11561154457,14.1330178736817,,0.46404980037032,Consumer Discretionary,Automobiles and Components,Automobile Components,Automotive Parts and Equipment,Motor Vehicle Parts and Accessories,2565.0,62767.360889999996,,LTM,LTM,LTM,
A086390,UniTest Incorporation,0.8949201448708319,0.7964401448708319,1.05281649900542,9.82628732405063,7.97544553356164,9.34084995663487,2.25986959331236,Information Technology,Semiconductors and Semiconductor Equipment,Semiconductors and Semiconductor Equipment,Semiconductor Materials and Equipment,"Special Industry Machinery, not elsewhere classified",9960.0,202514.85731999998,,2026E,2026E,2026E,2026E
A142210,"Unitrontech Co., Ltd.",0.12834971969789455,0.14752871969789455,0.29887714202416,6.07213128478158,5.76428166688576,5.92661564043764,0.861768799227825,Information Technology,Technology Hardware and Equipment,"Electronic Equipment, Instruments and Components",Technology Distributors,"Electronic Parts and Equipment, not elsewhere classified",6110.0,126791.07233,,LTM,LTM,LTM,LTM
A088340,"Uracle Co., Ltd.",-0.3561451832189547,-0.35392218321895474,0.644914957037,,,,1.47309723759588,Information Technology,Software and Services,Software,Application Software,Prepackaged Software,6830.0,26841.68144,,LTM,,,
A073570,Urban Lithium Inc,-0.2551659850785566,-0.46165998507855655,0.351754012475262,,,,0.160051188536146,Information Technology,Technology Hardware and Equipment,"Technology Hardware, Storage and Peripherals","Technology Hardware, Storage and Peripherals",Radio and Television Broadcasting and Communications Equipment,1618.0,19474.982572,,LTM,,,
A263770,"UST Co., Ltd.",0.04381945857953626,0.06048645857953626,0.195235698208414,4.5770767921993,2.70726234483415,15.1848925439464,0.469834499320991,Materials,Materials,Metals and Mining,Steel,Steel Pipe and Tubes,1595.0,37801.774339999996,,LTM,LTM,LTM,LTM
A179900,UTI Inc.,-0.3323448290675901,-0.5212298290675901,5.78712381725364,,,,1.09353755678816,Information Technology,Technology Hardware and Equipment,"Electronic Equipment, Instruments and Components",Electronic Components,"Electronic Components, not elsewhere classified",2690.0,52671.036589999996,,LTM,,,
A301300,VAIV company Inc.,-0.25241701104724745,-0.35624001104724745,1.85705512576599,,,,0.61378843546771,Information Technology,Software and Services,Software,Application Software,Computer Programming Services,2050.0,26920.960799999997,,LTM,,,
A331520,"VALOFE Co.,Ltd",0.2574245302198736,0.20901753021987363,0.493571523555827,3.84740334923677,3.11642014164057,5.14518091688968,0.709879661868645,Communication Services,Media and Entertainment,Entertainment,Interactive Home Entertainment,Prepackaged Software,2600.0,25510.4018,,LTM,LTM,LTM,LTM
A043150,"Value Added Technology Co., Ltd.",0.1388129029367416,0.14461690293674156,0.41909745186818,3.08976548221915,2.44139401656501,5.31378459852014,0.564197965631107,Health Care,Health Care Equipment and Services,Health Care Equipment and Supplies,Health Care Equipment,Dental Equipment and Supplies,18780.0,278962.92767999996,,2026E,2026E,2026E,2026E
A094480,"Galaxia Moneytree Co., Ltd.",0.05612490374653424,0.10116490374653424,2.35231827989607,20.2968925581803,17.7668487642847,25.5323997797996,1.79416376325132,Financials,Financial Services,Financial Services,Transaction and Payment Processing Services,Computer Processing and Data Preparation and Processing Services,6270.0,245971.08426,,LTM,LTM,LTM,LTM
A323990,"Vaxcell-Bio Therapeutics Co., Ltd.",,,,,,,,Health Care,"Pharmaceuticals, Biotechnology and Life Sciences",Biotechnology,Biotechnology,"Biological Products, Except Diagnostic Substances",3965.0,92215.372925,,,,,
A365900,VC Inc.,0.10280294772686652,0.024266947726866522,0.790594808737046,,16.897143640167,,0.281525174896489,Information Technology,Technology Hardware and Equipment,"Electronic Equipment, Instruments and Components",Electronic Equipment and Instruments,"Measuring and Controlling Devices, not elsewhere classified",2510.0,18348.853,,LTM,,LTM,
A457600,"VECT Co.,Ltd.",-0.2451215729189708,-0.3508735729189708,1.91958124213397,,,,3.7575340176681,Information Technology,Technology Hardware and Equipment,"Electronic Equipment, Instruments and Components",Electronic Equipment and Instruments,Electronic Components And Accessories,4950.0,67852.125,,LTM,,,
A019010,"VenueG Co., Ltd.",0.24952954754579626,0.2840355475457963,2.95782719736833,9.31091939621619,6.99735113950242,1.50107450215228,0.478033732116503,Consumer Discretionary,Consumer Discretionary Distribution and Retail,Broadline Retail,Broadline Retail,Department Stores,5220.0,209844.00000000003,,LTM,LTM,LTM,LTM
A094850,"Very Good Tour Co., Ltd.",0.08633800570657256,0.08928000570657256,,,,7.65968258227275,0.647788462604613,Consumer Discretionary,Consumer Services,"Hotels, Restaurants and Leisure","Hotels, Resorts and Cruise Lines",Miscellaneous Durable Goods,4090.0,54729.99553,,,,,LTM
A177350,"Vessel Co., Ltd.",0.3710422680286844,0.5486522680286844,0.901413364512067,,,0.986514429384952,0.41945111022235,Information Technology,Semiconductors and Semiconductor Equipment,Semiconductors and Semiconductor Equipment,Semiconductor Materials and Equipment,"Special Industry Machinery, not elsewhere classified",1598.0,15671.764976,,LTM,,,LTM
A141000,"Viatron Technologies, Inc.",-0.14301633371298547,-0.10463133371298547,0.113987321195673,,63.5025918956186,19.6085810297079,0.476916544315627,Information Technology,Semiconductors and Semiconductor Equipment,Semiconductors and Semiconductor Equipment,Semiconductor Materials and Equipment,"Special Industry Machinery, not elsewhere classified",8290.0,87290.40058,,LTM,,LTM,LTM
A065450,"Victek Co., Ltd.",0.11493964022191208,0.14602364022191208,1.25464960033528,24.9732361181772,11.5147120099693,23.4966402393403,1.4377878427258,Industrials,Capital Goods,Aerospace and Defense,Aerospace and Defense,"Communications Equipment, not elsewhere classified",2915.0,85980.265745,,LTM,LTM,LTM,LTM
A100120,"Vieworks Co., Ltd.",0.12474209351716074,0.13718909351716074,0.96895548225005,6.3723072303268,5.18597343744681,6.09392898052692,0.943565412820376,Health Care,Health Care Equipment and Services,Health Care Equipment and Supplies,Health Care Equipment,Electromedical and Electrotherapeutic Apparatus,26700.0,230992.67369999998,,2026E,2026E,2026E,2026E
A308080,ViGenCell Inc.,-0.18028489623000843,-0.21705089623000842,289.603615499402,,,,2.06390640299697,Health Care,"Pharmaceuticals, Biotechnology and Life Sciences",Biotechnology,Biotechnology,"Biological Products, Except Diagnostic Substances",5380.0,110286.01879999999,,LTM,,,
A126340,"VINA TECH Co.,Ltd.",0.9864050103540877,0.9239320103540877,3.409458538415,38.079965972973,22.1883266299213,66.5674603174603,3.66969082819716,Information Technology,Technology Hardware and Equipment,"Electronic Equipment, Instruments and Components",Electronic Components,Electronic Components And Accessories,62600.0,449493.9164,,2026E,2026E,2026E,2026E
A438700,"Virnect Co., Ltd.",0.822152317877102,0.7667383178771019,3.91592210897518,,,,0.730355178389842,Information Technology,Software and Services,Software,Application Software,Prepackaged Software,1753.0,19536.99217,,LTM,,,
A100220,Visang Education Inc,0.1320575890439371,0.17513858904393714,0.41014982957085,3.12187213822552,2.35212837410673,2.47440686065994,0.270765812063045,Consumer Discretionary,Consumer Services,Diversified Consumer Services,Education Services,Educational Services,4810.0,58929.78715,,LTM,LTM,LTM,LTM
A072950,"Vissem Electronics Co., Ltd.",0.18861765538645894,0.18580365538645893,0.495289823270966,5.71873456043778,5.06373203129165,7.71298903980464,0.854773400454338,Information Technology,Semiconductors and Semiconductor Equipment,Semiconductors and Semiconductor Equipment,Semiconductors,Semiconductors and Related Devices,8590.0,68811.26016,,LTM,LTM,LTM,LTM
A488900,"Vitzro Nextech Co.,Ltd.",,,,,,,,Industrials,Capital Goods,Aerospace and Defense,Aerospace and Defense,Aircraft Engines and Engine Parts,9430.0,273247.85749,,,,,
A042370,Vitzro Tech Co. Ltd,0.011919588974831459,0.11204158897483146,0.638445974051717,4.97673953182164,3.77317620342169,43.8396038717123,0.881765749612497,Industrials,Capital Goods,Electrical Equipment,Electrical Components and Equipment,Switchgear and Switchboard Apparatus,8080.0,211696.202,,LTM,LTM,LTM,LTM
A082920,"VITZROCELL Co.,Ltd.",0.5000453970142062,0.5085773970142062,4.30324142316542,14.1216575682653,12.467769744955,19.2199775533109,4.29012025962024,Industrials,Capital Goods,Electrical Equipment,Electrical Components and Equipment,"Miscellaneous Electrical Machinery, Equipment, and Supplies",31000.0,1387192.929,,2026E,2026E,2026E,2026E
A054220,"Vitzrosys. Co., Ltd",0.36525812788427764,0.5130011278842777,0.443470862716621,85.3865411674731,14.8581617142949,,1.07472161608049,Information Technology,Technology Hardware and Equipment,"Electronic Equipment, Instruments and Components",Electronic Equipment and Instruments,Computer Integrated Systems Design,1587.0,19981.307592,,LTM,LTM,LTM,
A002070,Vivien Corporation,-0.12708581658108611,-0.08058081658108611,0.544464553452517,,,,0.196540848920637,Consumer Discretionary,Consumer Durables and Apparel,"Textiles, Apparel and Luxury Goods","Apparel, Accessories and Luxury Goods",Knitting Mills,4680.0,22504.65984,,LTM,,,
A082800,"Vivozon Pharmaceutical Co., Ltd.",-0.32658569183890235,-0.43647969183890234,3.99404639209399,,,,2.03755677965141,Health Care,"Pharmaceuticals, Biotechnology and Life Sciences",Pharmaceuticals,Pharmaceuticals,Pharmaceutical Preparations,3210.0,193127.99364,,LTM,,,
A089970,VM Inc.,1.4595117439435696,1.2904797439435696,5.48569900975624,19.8795440528501,19.2593560940721,24.3110034883192,6.06076540270095,Information Technology,Semiconductors and Semiconductor Equipment,Semiconductors and Semiconductor Equipment,Semiconductor Materials and Equipment,"Special Industry Machinery, not elsewhere classified",57800.0,1431821.311,,LTM,LTM,LTM,LTM
A251630,"V-One Tech Co., Ltd.",0.21350713967620824,0.16732213967620824,1.28735469780797,,,,0.554775336603794,Information Technology,Semiconductors and Semiconductor Equipment,Semiconductors and Semiconductor Equipment,Semiconductor Materials and Equipment,"Measuring and Controlling Devices, not elsewhere classified",3440.0,54295.09208,,LTM,,,
A310210,"Voronoi, Inc.",2.9679732247589494,3.0240972247589495,88.8701252661765,,,,34.4288108866964,Health Care,"Pharmaceuticals, Biotechnology and Life Sciences",Biotechnology,Biotechnology,"Biological Products, Except Diagnostic Substances",151600.0,2728613.532,,2026E,,,
A018290,"VT Co., Ltd.",0.20468274496850775,0.3405127449685077,0.804129339987299,5.66971194343284,5.20370822205479,8.70945479641132,1.65844201815703,Consumer Staples,Household and Personal Products,Personal Care Products,Personal Care Products,"Perfumes, Cosmetics, and Other Toilet Preparations",12140.0,420485.38612000004,,2026E,2026E,2026E,2026E
A338220,Vuno Inc.,-0.194042361996836,-0.215723361996836,2.23945746183836,,,,2.54017195890207,Health Care,Health Care Equipment and Services,Health Care Equipment and Supplies,Health Care Equipment,Electromedical and Electrotherapeutic Apparatus,7170.0,100393.07091,,LTM,,,
A376980,"Wantedlab, Inc.",0.04578790322529228,0.059355903225292286,0.616149225903034,16.1449673776964,6.14264823201308,33.6662060260666,0.832065881208183,Industrials,Commercial and Professional Services,Professional Services,Human Resource and Employment Services,"Computer Programming, Data Processing, And Other Computer Related Services",3390.0,30414.879989999998,,LTM,LTM,LTM,LTM
A196700,"WAPS Co., Ltd",0.11709994196016975,0.15454994196016975,0.659057056883732,5.13332319991809,3.77531843185034,4.15250609046856,0.465713293154453,Materials,Materials,Chemicals,Commodity Chemicals,Miscellaneous Plastics Products,1330.0,19104.31152,,LTM,LTM,LTM,LTM
A079000,"Watos Corea Co., Ltd.",-0.1304333334934759,-0.08719833349347592,,,,,0.388541913601879,Industrials,Capital Goods,Building Products,Building Products,"Plastics Products, not elsewhere classified",4090.0,27060.42569,,,,,
A095270,"Wave Electronics Co., Ltd.",0.003417122063413408,0.004127122063413403,0.440754641534588,,24.0941858056458,40.4637358046202,0.962610228683327,Information Technology,Technology Hardware and Equipment,Communications Equipment,Communications Equipment,"Electronic Components, not elsewhere classified",3835.0,46641.68418,,LTM,,LTM,LTM
A289930,Wavice Inc.,0.5226891782160547,0.00325217821605462,0.866708997752595,23.4030631635224,5.49270469217279,1.64548021604603,0.82837737058902,Information Technology,Semiconductors and Semiconductor Equipment,Semiconductors and Semiconductor Equipment,Semiconductors,Semiconductors and Related Devices,6360.0,82800.9036,,LTM,LTM,LTM,LTM
A336060,"Wavus Co.,Ltd",-0.011008432236871812,0.01142256776312818,0.029208989779625,1.94215850516498,0.829113260960683,15.1445219984198,0.661109495899227,Industrials,Commercial and Professional Services,Professional Services,Research and Consulting Services,Management Consulting Services,2755.0,26533.5152,,LTM,LTM,LTM,LTM
A053580,WebCash Corporation,0.09072268594018265,0.09955168594018265,1.02770165373231,5.48377969889927,4.3398468087001,11.5875861245915,0.884711059492606,Information Technology,Software and Services,Software,Application Software,"Computer Programming, Data Processing, And Other Computer Related Services",6880.0,87975.64016000001,,LTM,LTM,LTM,LTM
A069080,Webzen Inc.,-0.09721828318242579,-0.07844528318242577,0.773149560762767,5.33956415401786,3.92151596885246,12.7045454545455,0.483699938586522,Communication Services,Media and Entertainment,Entertainment,Interactive Home Entertainment,Prepackaged Software,10890.0,316537.61535,,2026E,2026E,2026E,2026E
A069080,Webzen Inc.,-0.09721828318242579,-0.07844528318242577,0.773149560762767,5.33956415401786,3.92151596885246,12.7045454545455,0.483699938586522,Communication Services,Media and Entertainment,Entertainment,Interactive Home Entertainment,Prepackaged Software,10890.0,316537.61535,,2026E,2026E,2026E,2026E
A065950,Welcron Company Limited,-0.12969231190322228,-0.6297083119032223,0.803187325269741,,,,0.749552743659046,Consumer Staples,Household and Personal Products,Household Products,Household Products,Textile Mill Products,1007.0,27437.246647,,LTM,,,
A076080,"Welcron Hantec Co.,Ltd.",-0.9532952580806036,-1.3777142580806034,0.314537901071755,,,,2.45796502933373,Industrials,Capital Goods,Construction and Engineering,Construction and Engineering,"Special Industry Machinery, not elsewhere classified",1113.0,24567.116553,,LTM,,,
A043590,"Welkeeps Hitech Co.,Ltd",-0.13270762654313073,-0.13602862654313075,1.02847083398837,,,,1.11064291822111,Information Technology,Technology Hardware and Equipment,"Electronic Equipment, Instruments and Components",Electronic Components,Semiconductors and Related Devices,1411.0,18839.480104000002,,LTM,,,
A112040,"Wemade Co.,Ltd.",,-0.07098976836067886,1.18430800059322,14.8668451138298,7.94024682215909,11.7961876832845,0.683127106627897,Communication Services,Media and Entertainment,Entertainment,Interactive Home Entertainment,Prepackaged Software,15370.0,519632.20307,,2026E,2026E,2026E,2026E
A101730,"Wemade Max Co., Ltd.",-0.18243053553420513,-0.16727053553420512,2.48061198254999,,,,0.894256560206939,Communication Services,Media and Entertainment,Entertainment,Interactive Home Entertainment,Prepackaged Software,4415.0,367923.720365,,LTM,,,
A123420,"Wemade Play Co., Ltd.",0.060750338496393136,0.07865533849639314,0.32013145153423,1.47928995715995,1.24227481732498,3.19315392801954,0.24250750100641,Communication Services,Media and Entertainment,Entertainment,Interactive Home Entertainment,Prepackaged Software,6150.0,63966.402149999994,,LTM,LTM,LTM,LTM
A016580,"Whan In Pharm Co.,Ltd.",0.13247554323660782,0.1296695432366078,0.424768791773963,5.4479520266055,3.64310902392638,9.00900900900901,0.433937995121384,Health Care,"Pharmaceuticals, Biotechnology and Life Sciences",Pharmaceuticals,Pharmaceuticals,Pharmaceutical Preparations,9810.0,181327.5495,,2026E,2026E,2026E,2026E
A065530,Wiable Corp.,0.024085683593634645,0.05271068359363464,1.11105506494618,12.9399099909685,4.09202299791028,10.3328667182938,0.773349341897547,Communication Services,Telecommunication Services,Wireless Telecommunication Services,Wireless Telecommunication Services,"Communications Services, Not Elsewhere Classified",1173.0,56114.864307,,LTM,LTM,LTM,LTM
A335870,Wing's Foot Inc.,-0.1847727393199562,-0.19039773931995618,0.42232635170153,,,,0.749265730925789,Consumer Discretionary,Consumer Discretionary Distribution and Retail,Specialty Retail,Apparel Retail,Shoe Stores,1090.0,18258.01557,,LTM,,,
A192390,"Winhitech Co., Ltd.",-0.1355377081509146,-0.15665170815091461,0.966957713963377,,,,0.285791316428592,Materials,Materials,Metals and Mining,Steel,"Steel Works, Blast Furnaces, And Rolling And Finishing Mills",1780.0,21301.69788,,LTM,,,
A044340,Winix Inc.,-0.2364054926120614,-0.03487649261206141,0.699273044573118,,,,0.499886236377359,Consumer Discretionary,Consumer Durables and Apparel,Household Durables,Household Appliances,Air-Conditioning and Warm Air Heating Equipment and Commercial and Industrial Refrigeration Equipment,3545.0,56039.019680000005,,LTM,,,
A479960,"Winners Elec Co., Ltd.",0.05427926769253945,0.17045126769253946,0.834665901932722,5.06613553854968,4.26724031219716,9.82559476228424,1.16436032809563,Industrials,Capital Goods,Electrical Equipment,Electrical Components and Equipment,Electric Lighting And Wiring Equipment,6000.0,41106.0,,LTM,LTM,LTM,LTM
A097800,WINPAC Inc.,-0.008006768822439489,-0.11228876882243949,1.31191929014769,,16.2570299167572,,4.78556927895309,Information Technology,Semiconductors and Semiconductor Equipment,Semiconductors and Semiconductor Equipment,Semiconductor Materials and Equipment,"Special Industry Machinery, not elsewhere classified",1963.0,53570.358335,,LTM,,LTM,
A136540,"WINS Technet Co., Ltd.",0.036593433190577056,0.08276243319057705,0.169092506349248,0.86776746236138,0.746711211353459,6.13672152318857,0.620755933803311,Information Technology,Software and Services,IT Services,IT Consulting and Other Services,"Computer Programming, Data Processing, And Other Computer Related Services",10310.0,110149.95737999999,,LTM,LTM,LTM,LTM
A024070,"Wiscom Co.,Ltd.",0.028053816636713788,0.03871181663671379,,,,25.9260312609831,0.347332177655502,Materials,Materials,Chemicals,Commodity Chemicals,"Plastics Materials And Synthetic Resins, Synthetic Rubber, Cellulosic And Other Manmade Fibers, Except Glass",1977.0,30300.367926,,,,,LTM
A273060,Wise birds Inc.,0.1642451179383156,0.1467751179383156,1.49749471656268,7.00705360749914,5.57570927831878,6.94280160044434,0.856957465277244,Communication Services,Media and Entertainment,Media,Advertising,Advertising,864.0,43597.0728,,LTM,LTM,LTM,LTM
A065370,"WISE iTech Co., Ltd.",0.07888923327394762,0.09429323327394762,0.818723521071688,14.6482640720028,8.9286858001837,7.14993835742819,0.640377125179571,Information Technology,Software and Services,Software,Application Software,Prepackaged Software,2565.0,17716.496039999998,,LTM,LTM,LTM,LTM
A096250,"WISEnut, Inc.",0.10243396476682465,0.08192996476682465,0.756342742731927,10.0072704922795,7.57408324328071,18.4119997180073,1.20766300952513,Information Technology,Software and Services,Software,Application Software,Prepackaged Software,5860.0,76797.31584000001,,LTM,LTM,LTM,LTM
A122990,"WiSoL CO.,LTD.",-0.03531157432372836,-0.08127657432372837,0.354702462871223,,4.80092663609528,,0.527731210841112,Information Technology,Technology Hardware and Equipment,"Electronic Equipment, Instruments and Components",Electronic Components,Electronic Components And Accessories,5640.0,150244.41684,,LTM,,LTM,
A348350,"WITHTECH Co., LTD.",0.05250568896640623,0.031235688966406237,0.5249642244532,7.52819966408931,5.85728835304197,9.82502896447494,0.770665472303022,Information Technology,Semiconductors and Semiconductor Equipment,Semiconductors and Semiconductor Equipment,Semiconductor Materials and Equipment,"Industrial Instruments for Measurement, Display, and Control of Process Variables; and Related Products",9740.0,93198.164,,LTM,LTM,LTM,LTM
A330350,"WITHUS PHARMACEUTICAL Co.,LTD.",0.08471570394152281,0.07497470394152281,0.973144351684851,27.6840533256577,13.2458464055994,14.560810583084,1.04062098562375,Health Care,"Pharmaceuticals, Biotechnology and Life Sciences",Pharmaceuticals,Pharmaceuticals,Pharmaceutical Preparations,8750.0,115497.20000000001,,LTM,LTM,LTM,LTM
A459100,"WiTS Co., Ltd.",0.46495377855607,0.5201897785560701,0.453687538956805,15.2513591863014,7.00219635597484,10.8168316831683,1.30995959105599,Information Technology,Technology Hardware and Equipment,"Electronic Equipment, Instruments and Components",Electronic Components,"Electronic Components, not elsewhere classified",4140.0,55749.654,,2026E,2026E,2026E,2026E
A038620,"WIZ CORP, Inc.",0.09734947434614166,0.07092347434614167,0.00131509143445191,0.0870817407887881,0.0254580127433884,3.47324512749909,0.280118913967252,Information Technology,Software and Services,Software,Application Software,"Computer Programming, Data Processing, And Other Computer Related Services",1835.0,26433.378685,,LTM,LTM,LTM,LTM
A036090,"WIZIT Co., Ltd.",0.01710875792318537,0.06582575792318537,0.962323834140301,20.8852147553907,15.0321461847528,7.28092062109521,0.355404924671711,Information Technology,Semiconductors and Semiconductor Equipment,Semiconductors and Semiconductor Equipment,Semiconductor Materials and Equipment,"Industrial Instruments for Measurement, Display, and Control of Process Variables; and Related Products",1410.0,59786.20665,,LTM,LTM,LTM,LTM
A336570,"WON TECH Co.,Ltd.",0.37525550820487297,0.4510315082048729,1.90340939316375,7.56154426294737,7.1834670498,9.92886178861789,2.66726037498369,Health Care,Health Care Equipment and Services,Health Care Equipment and Supplies,Health Care Equipment,Surgical and Medical Instruments and Apparatus,4555.0,408039.84253,,2026E,2026E,2026E,2026E
A307280,"Wonbiogen Co., Ltd.",0.18150286176503447,0.19080486176503447,0.830494099006064,3.490129367897,2.9685500105597,6.01648577166185,0.978693213806181,Health Care,Health Care Equipment and Services,Health Care Equipment and Supplies,Health Care Supplies,"Orthopedic, Prosthetic, and Surgical Appliances and Supplies",5910.0,40301.48973,,LTM,LTM,LTM,LTM
A032940,Wonik Corporation,0.030557736911763164,0.04400373691176316,1.09806816640871,18.5549194750921,14.5860510649179,11.5718930385938,0.384012977080067,Health Care,Health Care Equipment and Services,Health Care Providers and Services,Health Care Distributors,"Medical, Dental, and Hospital Equipment and Supplies",5760.0,104792.72256,,LTM,LTM,LTM,LTM
A014190,Wonik Cube Corp.,0.024533620150712525,0.020127620150712525,0.164390018516327,8.93871002456947,6.91313425021497,11.0019568537825,0.386603949049053,Industrials,Capital Goods,Trading Companies and Distributors,Trading Companies and Distributors,Chemicals And Allied Products,1190.0,42120.134490000004,,LTM,LTM,LTM,LTM
A030530,"Wonik Holdings Co.,Ltd.",-0.07701095872903174,-0.04691795872903175,3.81807295447893,82.4546993135603,28.4612309332929,79.5916519016893,1.53567212457284,Information Technology,Semiconductors and Semiconductor Equipment,Semiconductors and Semiconductor Equipment,Semiconductor Materials and Equipment,"Special Industry Machinery, not elsewhere classified",19270.0,1471900.50635,,LTM,LTM,LTM,LTM
A240810,"Wonik IPS Co., Ltd.",0.48036148737241946,0.4551464873724195,4.21957380251253,28.2353484188671,23.5705176815556,25.1478691393559,5.6430770050714,Information Technology,Semiconductors and Semiconductor Equipment,Semiconductors and Semiconductor Equipment,Semiconductor Materials and Equipment,"Special Industry Machinery, not elsewhere classified",105200.0,5118578.5879999995,,2026E,2026E,2026E,2026E
A104830,"WONIK Materials Co.,Ltd.",0.27059124966146564,0.28757824966146567,1.12330699811313,6.21691712294868,4.11437394686901,6.96989826214522,0.80301100604694,Materials,Materials,Chemicals,Industrial Gases,Industrial Inorganic Chemicals,32900.0,414803.2,,2026E,2026E,2026E,2026E
A217820,"Wonik Pne Co., Ltd.",-0.3948420602236911,-0.3161030602236911,0.56664283612005,,,,0.895568147306886,Industrials,Capital Goods,Electrical Equipment,Electrical Components and Equipment,Miscellaneous Industrial And Commercial Machinery And Equipment,1857.0,82900.11600600001,,LTM,,,
A074600,Wonik QnC Corporation,0.1414401193604736,0.1282201193604736,1.48508149353276,14.5369786528545,8.45891718108443,12.9454601997915,1.43896619158047,Information Technology,Semiconductors and Semiconductor Equipment,Semiconductors and Semiconductor Equipment,Semiconductor Materials and Equipment,"Electronic Components, not elsewhere classified",26300.0,691374.4,,2026E,2026E,2026E,2026E
A012620,"Wonil Special Steel Co., Ltd.",0.05394246861524936,0.07799946861524937,0.228382223162231,7.93490547645622,6.17900081525097,4.24726611631715,0.185967095844306,Materials,Materials,Metals and Mining,Steel,"Steel Works, Blast Furnaces, And Rolling And Finishing Mills",7030.0,30932.000000000004,,LTM,LTM,LTM,LTM
A136150,"Wonil T&I Co.,Ltd.",,,,,,,1.3742110819836,Industrials,Capital Goods,Machinery,Industrial Machinery and Supplies and Components,Industrial and Commercial Fans and Blowers and Air Purification Equipment,7210.0,59419.31877,,,,,
A005820,Wonlim Corporation,0.011111495215388522,0.030669495215388524,0.177439518009948,3.7933801276646,2.59586472424712,8.75374445311457,0.247119140221495,Materials,Materials,Containers and Packaging,Paper and Plastic Packaging Products and Materials,Miscellaneous Plastics Products,15080.0,31016.996400000004,,LTM,LTM,LTM,LTM
A008370,Wonpoong Corporation,0.05204599914523752,0.07874999914523752,0.143462241376418,2.2446911998103,1.63746326146238,7.68079065967794,0.59055190259132,Consumer Discretionary,Consumer Durables and Apparel,"Textiles, Apparel and Luxury Goods",Textiles,Primary Smelting And Refining Of Nonferrous Metals,5050.0,54092.2771,,LTM,LTM,LTM,LTM
A008290,"Wonpung Mulsan Co.,Ltd",0.011340992351274792,0.0008499923512747913,,,,12.5940037686028,0.200272853680251,Consumer Discretionary,Consumer Durables and Apparel,"Textiles, Apparel and Luxury Goods","Apparel, Accessories and Luxury Goods",Apparel and Other Finished Products Made From Fabrics and Similar Materials,485.0,9689.18353,,,,,LTM
A403490,"WooDeumGee Farm Co., Ltd",-0.1251723752223822,-0.14400737522238222,0.902109374286956,,,,0.665538914271181,Consumer Staples,"Food, Beverage and Tobacco",Food Products,Agricultural Products and Services,Agricultural Production Crops,505.0,23195.046425,,LTM,,,
A018620,"WooGene B&G Co., Ltd",-0.022567284317786353,-0.05405128431778636,1.26153659614512,31.4157518069927,10.7715924880799,,0.609033960600528,Health Care,"Pharmaceuticals, Biotechnology and Life Sciences",Pharmaceuticals,Pharmaceuticals,Pharmaceutical Preparations,2625.0,18198.917625000002,,LTM,LTM,LTM,
A010400,"Woojin I&S Co., Ltd.",0.2655967822204638,0.3242827822204638,0.140062187285516,23.3182063772376,13.3181183633317,6.69327344663588,0.361615359713968,Industrials,Capital Goods,Construction and Engineering,Construction and Engineering,Heavy Construction Other Than Building Construction Contractors,4135.0,27870.226665,,LTM,LTM,LTM,LTM
A105840,Woojin Inc.,0.07179658444517498,0.09994658444517497,1.65514471982323,12.9150208679803,10.9239551508333,16.2860727728984,1.35727744480267,Information Technology,Technology Hardware and Equipment,"Electronic Equipment, Instruments and Components",Electronic Equipment and Instruments,"Industrial Instruments for Measurement, Display, and Control of Process Variables; and Related Products",12100.0,244335.8687,,2026E,2026E,2026E,2026E
A049800,"Woojin Plaimm Co., Ltd.",-0.005420380009043077,0.009314619990956924,0.797250562090953,114.681550438306,13.4173540625203,13.7267124664074,0.335191716537757,Industrials,Capital Goods,Machinery,Industrial Machinery and Supplies and Components,"Special Industry Machinery, not elsewhere classified",1723.0,34460.0,,LTM,LTM,LTM,LTM
A457550,Woojinntec Inc.,0.15354561542357523,0.1648796154235752,2.00228045115751,14.0747386371321,11.7963301002612,19.1336581648682,2.45280763529279,Industrials,Commercial and Professional Services,Commercial Services and Supplies,Diversified Support Services,Miscellaneous Repair Services,12810.0,119375.85198,,LTM,LTM,LTM,LTM
A215380,"WOOJUNG BIO, Inc.",0.024578424259036787,-0.13799457574096322,1.31259484018651,,28.2297167974271,,1.59025181222974,Health Care,"Pharmaceuticals, Biotechnology and Life Sciences",Life Sciences Tools and Services,Life Sciences Tools and Services,Commercial Physical and Biological Research,2115.0,35594.55324,,LTM,,LTM,
A016880,"Woongjin Co., Ltd.",0.09542120028445751,0.4956712002844575,0.827007721765583,5.65550693905472,3.86545405607628,3.52337328321875,0.985252260700837,Industrials,Capital Goods,Industrial Conglomerates,Industrial Conglomerates,"Books: Publishing, or Publishing and Printing",2050.0,159316.6643,,LTM,LTM,LTM,LTM
A095720,"Woongjin Thinkbig Co., Ltd.",-0.07464793679477241,-0.10246293679477242,0.391332762206618,,5.74152335765549,,0.283993711592015,Communication Services,Media and Entertainment,Media,Publishing,Educational Services,1225.0,66210.4709,,LTM,,LTM,
A082850,"Wooree Bio Co.,Ltd",-0.04467700334918794,-0.06623000334918794,0.0682085493512846,,2.97310844552372,,0.20063306154755,Information Technology,Semiconductors and Semiconductor Equipment,Semiconductors and Semiconductor Equipment,Semiconductors,Electronic Components And Accessories,897.0,42345.018066,,LTM,,LTM,
A153490,"WOOREE E&L Haroutine Co.,LTD.",-0.1135220960767489,-0.09049509607674891,0.0795111679608342,,,,0.218045918817708,Information Technology,Semiconductors and Semiconductor Equipment,Semiconductors and Semiconductor Equipment,Semiconductors,Semiconductors and Related Devices,1783.0,18072.16706,,LTM,,,
A037400,"Wooree Lighting Co.,Ltd",-0.033026950399449306,-0.05815995039944931,0.182692046858402,,8.33295817346723,,0.111641291620632,Industrials,Capital Goods,Electrical Equipment,Electrical Components and Equipment,Electric Lighting And Wiring Equipment,632.0,14330.308015999999,,LTM,,LTM,
A316140,Woori Financial Group Inc.,,0.2662973135361439,,,,7.10710137537189,0.713525777315484,Financials,Banks,Banks,Diversified Banks,Commercial Banks,31850.0,23283587.34065,,,,,2026E
A182360,"Cube Entertainment, Inc.",-0.1456375638817647,-0.11164756388176468,0.745839695164069,,,,0.544703690318172,Communication Services,Media and Entertainment,Entertainment,Movies and Entertainment,Motion Picture and Video Tape Production,5500.0,81740.5985,,LTM,,,
A041190,"Woori Technology Investment Co., Ltd",,0.24841637450143772,,,,3.49367041571884,0.484849242148734,Financials,Financial Services,Capital Markets,Asset Management and Custody Banks,"Investors, not elsewhere classified",6080.0,473456.62848,,,,,LTM
A032820,"Woori Technology, Inc.",0.09863166329713226,-0.052835336702867754,26.2915845210704,,,,12.6366133619104,Information Technology,Technology Hardware and Equipment,"Electronic Equipment, Instruments and Components",Electronic Equipment and Instruments,Household Audio and Video Equipment,11930.0,2061301.4763200001,,LTM,,,
A101170,"WOORIM POWER TRAIN SOLUTION Co., Ltd.",-0.037533033054157526,-0.029669033054157527,1.90738485282995,165.895235067449,25.5189126593399,51.5974715226591,1.34044006433415,Industrials,Capital Goods,Machinery,Industrial Machinery and Supplies and Components,"Construction, Mining, And Materials Handling",8020.0,105999.55403999999,,LTM,LTM,LTM,LTM
A115440,"WooriNet, Inc.",-0.045795837697167524,-0.007363837697167523,0.88711483560182,,71.9012766035437,76.1521666768688,0.794076285505013,Information Technology,Technology Hardware and Equipment,Communications Equipment,Communications Equipment,Radio and Television Broadcasting and Communications Equipment,6970.0,71866.82663,,LTM,,LTM,LTM
A046970,"Wooriro Co., Ltd",0.3153292228577871,0.22226822285778708,3.53909061532548,40.2580237646127,32.9420048652796,52.8822174954748,4.67903223720691,Information Technology,Technology Hardware and Equipment,Communications Equipment,Communications Equipment,Radio and Television Broadcasting and Communications Equipment,4220.0,183144.44254000002,,LTM,LTM,LTM,LTM
A073560,"Woorison F&G Co., Ltd.",0.0461738363552577,0.07519783635525769,0.66555602500366,5.57950840981418,2.94108288847547,4.13377176925791,0.329888867177393,Consumer Staples,"Food, Beverage and Tobacco",Food Products,Agricultural Products and Services,Meat Packing Plants,1518.0,105102.74207400001,,LTM,LTM,LTM,LTM
A215360,"Woory Industrial Co., Ltd.",0.04069615032377844,0.10222315032377845,0.245742062527909,6.30015409181886,4.00730070133543,3.62294750047269,0.489167018602696,Consumer Discretionary,Automobiles and Components,Automobile Components,Automotive Parts and Equipment,Miscellaneous Manufacturing Industries,6350.0,57989.23505,,LTM,LTM,LTM,LTM
A072470,"Woory Industrial Holdings Co.,Ltd.",0.030071493950031274,0.08912549395003128,0.27603975062528,4.98937365386735,3.21861122517699,3.22881847263152,0.323078324183118,Consumer Discretionary,Automobiles and Components,Automobile Components,Automotive Parts and Equipment,Motor Vehicle Parts and Accessories,2400.0,45320.9496,,LTM,LTM,LTM,LTM
A017370,"Wooshin Systems Co., Ltd.",-0.019867586072456818,0.04957441392754318,0.366250707649541,11.838065247786,5.8274483322436,5.06666879278336,0.317321764957586,Consumer Discretionary,Automobiles and Components,Automobile Components,Automotive Parts and Equipment,Metalworking Machinery And Equipment,3630.0,55182.46503,,LTM,LTM,LTM,LTM
A006980,"Woosung Co., Ltd.",0.03837130103775364,0.07788130103775363,0.204624293687758,7.42874500660185,4.10156643300498,4.6322955404625,0.19509455141061,Consumer Staples,"Food, Beverage and Tobacco",Food Products,Agricultural Products and Services,Grain Mill Products,15500.0,39784.718,,LTM,LTM,LTM,LTM
A011300,"Woosung Materials Co., Ltd.",-0.16835411645446113,-0.31315111645446114,4.20576846648266,,,,1.76090324135473,Consumer Discretionary,Consumer Durables and Apparel,"Textiles, Apparel and Luxury Goods",Textiles,Textile Mill Products,3265.0,56280.819505,,LTM,,,
A046940,"Woowon Development Co., Ltd.",0.23633864475017252,0.2928296447501725,0.098036875755502,0.546372968573518,0.523747718433087,1.10810452446518,0.344151660656375,Industrials,Capital Goods,Construction and Engineering,Construction and Engineering,Heavy Construction Other Than Building Construction Contractors,2885.0,52144.499749999995,,LTM,LTM,LTM,LTM
A103840,"Wooyang Co., Ltd.",0.05072517275150231,0.08306417275150231,0.515439695302213,18.36444674593,7.49098272148472,14.2954240985357,0.617428783079687,Consumer Staples,"Food, Beverage and Tobacco",Food Products,Packaged Foods and Meats,"Canned, Frozen, And Preserved Fruits, Vegetables, and Food Specialties",1715.0,28068.42402,,LTM,LTM,LTM,LTM
A101970,"Wooyang HC Co., Ltd.",,,1.44126577452953,8.49549506799435,6.99695847846109,5.19163763066202,0.822314492389021,Industrials,Capital Goods,Machinery,Industrial Machinery and Supplies and Components,Non-operating Establishments,,,,LTM,LTM,LTM,LTM
A101160,"Worldex Industry & Trading Co., Ltd.",0.10132010778920672,0.10810110778920673,0.99947747015916,4.93613871034946,3.91630045334851,10.1373873804654,1.30151472387302,Information Technology,Semiconductors and Semiconductor Equipment,Semiconductors and Semiconductor Equipment,Semiconductors,Electronic Components And Accessories,28350.0,468086.65154999995,,LTM,LTM,LTM,LTM
A396470,"WOT. Co., Ltd",0.40055591690109754,0.39557191690109755,2.51880880780748,11.3807126804307,10.8278768239985,33.8512738957599,1.60032056899832,Information Technology,Semiconductors and Semiconductor Equipment,Semiconductors and Semiconductor Equipment,Semiconductor Materials and Equipment,Semiconductors and Related Devices,6650.0,107198.0,,LTM,LTM,LTM,LTM
A393890,"W-Scope Chungju Plant Co., Ltd.",0.7579424903931272,0.6842904903931273,5.70860940897492,,61.9936218689747,,0.341455945935969,Industrials,Capital Goods,Electrical Equipment,Electrical Components and Equipment,"Miscellaneous Electrical Machinery, Equipment, and Supplies",8130.0,275144.76072,,2026E,,2026E,
A299170,"WSI Co., Ltd.",-0.073751421797723,-0.080315421797723,1.19668013508968,26.5196673876019,14.2604012936111,,0.880210655618115,Health Care,Health Care Equipment and Services,Health Care Providers and Services,Health Care Distributors,"Medical, Dental, and Hospital Equipment and Supplies",1193.0,49522.966584,,LTM,LTM,LTM,
A299900,"Wysiwyg Studios Co., Ltd.",,,,,,,,Communication Services,Media and Entertainment,Entertainment,Movies and Entertainment,Motion Picture and Video Tape Production,233.0,,,,,,
A254120,"Xavis Co., Ltd.",-0.13275731917531544,-0.13982031917531546,1.04419794344224,,,,1.19502390632075,Information Technology,Technology Hardware and Equipment,"Electronic Equipment, Instruments and Components",Electronic Equipment and Instruments,"Measuring and Controlling Devices, not elsewhere classified",938.0,28808.01546,,LTM,,,
A373110,Xcell Therapeutics Inc.,-0.5926047829651279,-0.9891657829651279,7.93756755301112,,,,3.36008693948694,Health Care,"Pharmaceuticals, Biotechnology and Life Sciences",Biotechnology,Biotechnology,"Biological Products, Except Diagnostic Substances",1252.0,21652.581288,,LTM,,,
A070300,Xcure Corp.,-0.27549058556397177,-0.08796758556397173,4.33599017211075,,,,1.72070871135981,Information Technology,Technology Hardware and Equipment,"Technology Hardware, Storage and Peripherals","Technology Hardware, Storage and Peripherals",Semiconductors and Related Devices,2045.0,72648.070805,,LTM,,,
A337930,XEXYMIX Corporation,0.03041906721824441,0.11278906721824442,0.295905905961905,4.62225520146376,2.96250781449272,7.73397623831985,0.754985507323751,Consumer Discretionary,Consumer Durables and Apparel,"Textiles, Apparel and Luxury Goods","Apparel, Accessories and Luxury Goods",Apparel and Other Finished Products Made From Fabrics and Similar Materials,2890.0,85765.01275,,LTM,LTM,LTM,LTM
A317400,Xi S&D Inc.,0.15584675982157223,0.16721575982157222,0.149720659022021,4.05559118473684,3.45027906761194,5.19959058341863,0.705029689039263,Real Estate,Real Estate Management and Development,Real Estate Management and Development,Real Estate Services,General Building Contractors-residential,9480.0,360900.40524,,2026E,2026E,2026E,2026E
A189330,"XIIlab Co.,Ltd",-0.20761621602957175,-0.02140021602957179,12.6658508669852,,,,8.15443335599294,Information Technology,Software and Services,Software,Application Software,"Computer Programming, Data Processing, And Other Computer Related Services",16690.0,156590.31996,,LTM,,,
A317770,Xperix Inc.,-0.06314588784222341,-0.1914118878422234,4.51211306721059,63.5135703320931,40.1374319765572,,1.03954316870744,Information Technology,Technology Hardware and Equipment,"Electronic Equipment, Instruments and Components",Electronic Equipment and Instruments,"Measuring and Controlling Devices, not elsewhere classified",2505.0,91793.58072,,LTM,LTM,LTM,
A373200,Xplus Inc.,0.16958208284294551,0.12976808284294553,4.94488351823826,,,,1.87336824523009,Consumer Discretionary,Consumer Discretionary Distribution and Retail,Specialty Retail,Computer and Electronics Retail,"Radio, Television, and Consumer Electronics Stores",1685.0,37905.6926,,LTM,,,
A011690,"Y2 Solution Co., Ltd",0.204395473371765,0.202019473371765,0.721549481219612,,,,1.23643722714202,Industrials,Capital Goods,Electrical Equipment,Electrical Components and Equipment,Electronic Components And Accessories,3155.0,115802.36307,,LTM,,,
A030960,"Yangjisa Co., Ltd.",-0.006856003144579375,0.046859996855420624,,,,,1.04462238489614,Industrials,Commercial and Professional Services,Commercial Services and Supplies,Office Services and Supplies,"Converted Paper And Paperboard Products, Except Containers And Boxes",4540.0,62361.7578,,,,,
A255440,"YAS Co., Ltd.",0.8589258686151269,0.7825168686151269,1.25596398077796,24.3423829702357,16.0136018704828,17.4027073565168,0.645955159001905,Information Technology,Semiconductors and Semiconductor Equipment,Semiconductors and Semiconductor Equipment,Semiconductor Materials and Equipment,"Special Industry Machinery, not elsewhere classified",7530.0,89821.46192999999,,LTM,LTM,LTM,LTM
A338840,"Y-Biologics, Inc.",-1.6188690475348095,-1.86089704753481,45.3000547180276,,,,6.68956543282275,Health Care,"Pharmaceuticals, Biotechnology and Life Sciences",Biotechnology,Biotechnology,"Biological Products, Except Diagnostic Substances",9000.0,138300.129,,LTM,,,
A057030,"YBM Net, Inc.",-0.015633820838836597,0.0178551791611634,0.146200251578357,8.3190344208133,1.77086967242087,24.8051959652104,0.693724139780965,Consumer Discretionary,Consumer Services,Diversified Consumer Services,Education Services,"Computer Programming, Data Processing, And Other Computer Related Services",2175.0,35200.954724999996,,LTM,LTM,LTM,LTM
A232140,YC Corporation,0.48781868614056384,0.5139606861405639,2.4016328293889,16.7040774143971,12.8795095219751,23.2423568361473,2.29532640808806,Information Technology,Semiconductors and Semiconductor Equipment,Semiconductors and Semiconductor Equipment,Semiconductor Materials and Equipment,"Special Industry Machinery, not elsewhere classified",10010.0,820272.9535000001,,2026E,2026E,2026E,2026E
A112290,"Ycchem Co., Ltd.",0.2088824504803451,0.2821344504803451,2.75739987566896,62.903402014478,26.4320513381153,77.0767934623421,4.39557847733,Materials,Materials,Chemicals,Specialty Chemicals,Miscellaneous Chemical Products,10000.0,202210.9,,LTM,LTM,LTM,LTM
A036000,"YeaRimDang Publishing Co., Ltd.",-0.09678998256336853,-0.11573998256336852,,,,28.441253488289,0.598480820785572,Communication Services,Media and Entertainment,Media,Publishing,Radio and Television Broadcasting and Communications Equipment,3070.0,70715.23039,,,,,LTM
A104620,"Yellow Balloon Tour Co., Ltd.",-0.026107400501615884,-0.08953440050161589,0.239621175580966,6.62510030310395,3.87982868278491,,1.25855829931751,Consumer Discretionary,Consumer Services,"Hotels, Restaurants and Leisure","Hotels, Resorts and Cruise Lines",Transportation Services,3150.0,52953.23880000001,,LTM,LTM,LTM,
A067900,"Y-Entec Co., Ltd.",0.0857030621405876,0.10963106214058758,1.45767841474181,6.7010577615169,4.61080234553345,3.46523271118534,0.31347466545197,Industrials,Commercial and Professional Services,Commercial Services and Supplies,Environmental and Facilities Services,Sanitary Services,5860.0,106064.00173999999,,LTM,LTM,LTM,LTM
A012280,"Yeong Hwa Metal Co., Ltd.",0.04992100042287018,0.10869000042287018,,,,7.46475050456554,0.775486979047778,Consumer Discretionary,Automobiles and Components,Automobile Components,Automotive Parts and Equipment,Motor Vehicle Parts and Accessories,803.0,39768.177514999996,,,,,LTM
A053280,"YES24 Co.,Ltd",-0.08664949281120297,-0.08164949281120297,0.349798234803744,,27.1090227470148,,0.450989765774651,Consumer Discretionary,Consumer Discretionary Distribution and Retail,Specialty Retail,Other Specialty Retail,Catalog and Mail-Order Houses,3190.0,79704.22988,,LTM,,LTM,
A122640,"YEST Co., Ltd.",0.7325798075988766,0.7061968075988767,4.32928774341661,26.8270926694561,23.7469449925926,27.4500475737393,4.12802167722311,Information Technology,Semiconductors and Semiconductor Equipment,Semiconductors and Semiconductor Equipment,Semiconductor Materials and Equipment,"Special Industry Machinery, not elsewhere classified",28150.0,579216.8772,,2026E,2026E,2026E,2026E
A250930,"YeSUN Tech Co.,Ltd.",0.036617830387879136,-0.03756216961212086,1.03146390924977,79.550218944186,11.062280375028,8.82000085913546,0.631670812618466,Materials,Materials,Chemicals,Commodity Chemicals,Adhesives and Sealants,1624.0,10614.584176,,LTM,LTM,LTM,LTM
A122870,YG Entertainment Inc.,0.22024546494051028,0.2539044649405103,0.94526460590405,7.63688696444306,5.90367553656012,15.2457643313381,,Communication Services,Media and Entertainment,Entertainment,Movies and Entertainment,Phonograph Records and Prerecorded Audio Tapes and Disks,38950.0,722400.8981,,2026E,2026E,2026E,2026E
A037270,"YG Plus, Inc.",0.08435217313451075,0.10662017313451075,0.443208560971605,6.51363406929148,4.83059041177718,9.31968821105017,1.09453337986269,Communication Services,Media and Entertainment,Media,Advertising,Advertising,3180.0,202448.68980000002,,LTM,LTM,LTM,LTM
A019210,"YG-1 Co., Ltd.",0.14063185266091519,0.16393685266091518,1.68272055514051,12.3231723657673,8.43432585867662,12.2473614751458,1.24153613276673,Industrials,Capital Goods,Machinery,Industrial Machinery and Supplies and Components,"Machine Tools, Metal Cutting Types",14700.0,546747.8016,,LTM,LTM,LTM,LTM
A209640,"YJLINK Co., Ltd.",0.16665439122077183,0.11389239122077183,2.33016623381566,,67.2765029031859,72.5814937679489,1.24632175187234,Industrials,Capital Goods,Machinery,Industrial Machinery and Supplies and Components,"Special Industry Machinery, not elsewhere classified",3225.0,91729.14585,,LTM,,LTM,LTM
A432430,YLAB Corporation,-0.20345163119015905,-0.2856286311901591,1.09239268752339,,,,1.37285083951898,Communication Services,Media and Entertainment,Entertainment,Movies and Entertainment,Motion Picture and Video Tape Production,2045.0,33759.5144,,LTM,,,
A273640,"YM Tech Co., Ltd.",0.03105999931292982,0.05653999931292982,1.46835933724362,24.5204067532525,12.2695388871201,16.2826005054538,0.905201039858389,Industrials,Capital Goods,Electrical Equipment,Electrical Components and Equipment,Electrical Industrial Apparatus,4890.0,53623.74,,LTM,LTM,LTM,LTM
A155650,"Ymc Co., Ltd.",0.04911969518950851,0.04371469518950851,0.283730489296115,8.9657519205954,3.66920047457355,15.4538062043494,0.468957662098407,Information Technology,Technology Hardware and Equipment,"Electronic Equipment, Instruments and Components",Electronic Components,Electronic Components And Accessories,2975.0,52696.8295,,LTM,LTM,LTM,LTM
A251370,"YMT Co., Ltd.",-0.043211504434594955,0.007192495565405046,1.62286429451914,16.8063666542188,9.61132149458936,,0.708070767338447,Materials,Materials,Chemicals,Specialty Chemicals,Chemicals and Allied Products,7410.0,133477.90833,,LTM,LTM,LTM,
A054930,Yooshin Engineering Corporation,0.13703100097179396,0.177830000971794,0.10584055748995,6.18287615119405,4.0015088115153,2.23192748969592,0.36899796036089,Industrials,Capital Goods,Construction and Engineering,Construction and Engineering,Heavy Construction Other Than Building Construction Contractors,17850.0,53550.0,,LTM,LTM,LTM,LTM
A002920,"Yoosung Enterprise Co., Ltd.",-0.14802860167277357,-0.10977860167277358,,,,,0.179118778394945,Consumer Discretionary,Automobiles and Components,Automobile Components,Automotive Parts and Equipment,Miscellaneous Industrial And Commercial Machinery And Equipment,1759.0,45113.9525,,,,,
A024800,"Yoosung T&S Co., Ltd",-0.06942459465918108,-0.032880594659181084,3.72785772310829,4.04630067001006,3.97526029664917,2.76085891493497,0.263567404340454,Industrials,Transportation,Ground Transportation,Cargo Ground Transportation,"Steel Works, Blast Furnaces, And Rolling And Finishing Mills",4295.0,133643.593665,,LTM,LTM,LTM,LTM
A340930,"Youil Energy Tech Co.,Ltd.",-0.4653280345866471,-0.6701600345866472,1.48331593903246,,,,1.21944885544429,Industrials,Capital Goods,Electrical Equipment,Electrical Components and Equipment,"Miscellaneous Electrical Machinery, Equipment, and Supplies",806.0,55409.10271,,LTM,,,
A008730,"Youlchon Chemical Co.,Ltd.",-0.02773404411333231,0.002716955886667689,1.3686293434612,,26.9170878060533,,1.35335965938827,Materials,Materials,Containers and Packaging,"Metal, Glass and Plastic Containers",Miscellaneous Plastics Products,14890.0,369272.0,,LTM,,LTM,
A000670,Young Poong Corporation,0.03485865819078622,0.10370665819078623,0.474366628328838,2.56539476496757,2.24292911930043,,0.191356809065218,Materials,Materials,Metals and Mining,Diversified Metals and Mining,Nonferrous Foundries (castings),37050.0,674475.13185,,LTM,LTM,LTM,
A014440,"Youngbo Chemical Co., Ltd.",0.10427985299075626,0.13340785299075625,0.348408391747649,2.25684248441042,1.51550609728314,4.97318420167157,0.460227215168602,Materials,Materials,Chemicals,Specialty Chemicals,Plastics Foam Products,4590.0,89505.0,,LTM,LTM,LTM,LTM
A265560,"YOUNGHWA TECH Co., Ltd.",0.20070979983151568,0.20625579983151568,0.453817413515115,2.75137083326982,2.01651048795147,3.11878289982082,0.735248681749951,Consumer Discretionary,Automobiles and Components,Automobile Components,Automotive Parts and Equipment,Motor Vehicle Parts and Accessories,6830.0,71449.8594,,LTM,LTM,LTM,LTM
A060850,YounglimwonSoftLab Co.Ltd,0.18197747449731994,0.19213147449731993,0.344354267474756,4.95756022700528,4.32707974879723,4.52649973911168,0.677300871405711,Information Technology,Software and Services,Software,Systems Software,Prepackaged Software,4675.0,38012.425,,LTM,LTM,LTM,LTM
A111770,Youngone Corporation,0.2020237416325526,0.20835074163255257,0.505200845488089,3.59654021769803,3.01521732159868,5.63800149656235,0.735123535820054,Consumer Discretionary,Consumer Durables and Apparel,"Textiles, Apparel and Luxury Goods","Apparel, Accessories and Luxury Goods",Apparel and Other Finished Products Made From Fabrics and Similar Materials,73100.0,3111144.1871999996,,2026E,2026E,2026E,2026E
A009970,"Youngone Holdings Co., Ltd.",0.05361989987136789,0.1329748998713679,0.503590123607333,3.28860719819522,2.81084451646993,4.85862470705964,0.614284261557798,Consumer Discretionary,Consumer Durables and Apparel,"Textiles, Apparel and Luxury Goods","Apparel, Accessories and Luxury Goods",Apparel and Other Finished Products Made From Fabrics and Similar Materials,163600.0,1809330.6008000001,,LTM,LTM,LTM,LTM
A007530,"Youngsin Metal Industrial Co., Ltd.",0.02049451580111445,0.04069051580111445,0.468926791594436,18.7603339177877,8.118362105207,10.6575165387551,0.573845072121078,Industrials,Capital Goods,Machinery,Industrial Machinery and Supplies and Components,"Bolts, Nuts, Screws, Rivets, and Washers",1506.0,33288.163164,,LTM,LTM,LTM,LTM
A012160,"Youngwire Co., Ltd.",-0.19026990356616727,-0.31849790356616725,0.452586180673628,,,,0.247234390439522,Materials,Materials,Metals and Mining,Steel,"Steel Works, Blast Furnaces, And Rolling And Finishing Mills",2595.0,35380.3857,,LTM,,,
A143540,"YoungWoo DSP Co.,Ltd",0.4299009320478874,0.3916099320478874,0.334088168475606,3.32418488784248,3.10709206288358,4.45277174014913,1.31311388566573,Information Technology,Semiconductors and Semiconductor Equipment,Semiconductors and Semiconductor Equipment,Semiconductor Materials and Equipment,"Special Industry Machinery, not elsewhere classified",1089.0,47574.9252,,LTM,LTM,LTM,LTM
A040300,"YTN Co.,Ltd.",0.24540700099532717,0.23939000099532715,,,,1.59727322762363,0.359623035087506,Communication Services,Media and Entertainment,Media,Broadcasting,Television Broadcasting Stations,2010.0,95830.7298,,,,,LTM
A204620,"Global Tax Free Co., Ltd.",0.35151135405258793,0.31594335405258794,1.24572637398256,6.57254405904908,6.58682111909555,12.2785616062039,2.2673690171654,Industrials,Commercial and Professional Services,Professional Services,Research and Consulting Services,Personal Services,4765.0,334849.096245,,2026E,2026E,LTM,LTM
A473050,Yuanta 15 Special Purpose Acquisition Company,,0.04079470446523614,,,,66.884012103076,1.62754614471725,Financials,Financial Services,Capital Markets,Asset Management and Custody Banks,Non-operating Establishments,2102.0,14735.02,,,,,LTM
A474490,Yuanta 16 SPECIAL PURPOSE ACQUISITION COMPANY,,0.03031329201926094,,,,60.1442546179049,1.02146956734487,Financials,Financial Services,Capital Markets,Asset Management and Custody Banks,Non-operating Establishments,2075.0,11433.25,,,,,LTM
A493790,Yuanta 17 SPECIAL PURPOSE ACQUISITION COMPANY,,,,,,,,Financials,Financial Services,Capital Markets,Asset Management and Custody Banks,Non-operating Establishments,2010.0,10673.099999999999,,,,,
A336060,"Wavus Co.,Ltd",-0.011008432236871812,0.01142256776312818,0.029208989779625,1.94215850516498,0.829113260960683,15.1445219984198,0.661109495899227,Industrials,Commercial and Professional Services,Professional Services,Research and Consulting Services,Management Consulting Services,2755.0,26533.5152,,LTM,LTM,LTM,LTM
A340360,DAVOLINK Inc.,-0.18841124302600823,-0.3804062430260082,0.929844808129007,,,,3.94738435646204,Information Technology,Technology Hardware and Equipment,Communications Equipment,Communications Equipment,"Communications Equipment, not elsewhere classified",923.0,48053.938556,,LTM,,,
A003470,"Yuanta Securities Korea Co., Ltd.",,0.3574429665208585,,,,6.17400211621311,0.458186938371007,Financials,Financial Services,Capital Markets,Investment Banking and Brokerage,"Security Brokers, Dealers, and Flotation Companies",4485.0,921629.2564050001,,,,,LTM
A000100,Yuhan Corporation,0.13765099495759575,0.15234899495759574,2.65748138989313,47.598229953712,30.3354287002602,41.876402040393,2.72454516034411,Health Care,"Pharmaceuticals, Biotechnology and Life Sciences",Pharmaceuticals,Pharmaceuticals,Medicinal Chemicals and Botanical Products,81800.0,6115705.097800001,,2026E,2026E,2026E,2026E
A003460,"Yuhwa Securities co.,ltd.",,0.22725665712212934,,,,11.9871096155706,0.278059367697351,Financials,Financial Services,Capital Markets,Investment Banking and Brokerage,"Security Brokers, Dealers, and Flotation Companies",3060.0,143073.3753,,,,,LTM
A388720,"Yuil Robotics Co., Ltd.",-0.057876990896096145,-0.07608999089609615,21.1638877832884,,,,15.1231495297563,Industrials,Capital Goods,Machinery,Industrial Machinery and Supplies and Components,"General Industrial Machinery and Equipment, Not Elsewhere",67900.0,799953.3255,,LTM,,,
A056080,"Yujin Robot Co., Ltd.",-0.12082000838213933,-0.2033900083821393,,,,,12.6597195531479,Consumer Discretionary,Consumer Durables and Apparel,Leisure Products,Leisure Products,"Games, Toys, and Children's Vehicles, Except Dolls and Bicycles",12040.0,460355.25144,,,,,
A240600,"Yujin Technology Co.,Ltd.",-0.013823130163154285,-0.07430013016315432,0.63176260778481,,,,0.410853160991719,Industrials,Capital Goods,Machinery,Industrial Machinery and Supplies and Components,"Machine Tools, Metal Cutting Types",1751.0,14406.503086,,LTM,,,
A146060,"Yulchon Co., Ltd",0.020957836238048633,0.06925983623804863,0.879149824626124,17.7408479188927,11.088627540408,12.4135626345462,0.47939944284223,Materials,Materials,Metals and Mining,Steel,Steel Pipe and Tubes,1038.0,24926.468682,,LTM,LTM,LTM,LTM
A003520,"Yungjin Pharm. Co., Ltd.",0.06938400227977659,0.01983000227977659,,,,22.7893950307378,2.19109802133855,Health Care,"Pharmaceuticals, Biotechnology and Life Sciences",Pharmaceuticals,Pharmaceuticals,Pharmaceutical Preparations,1174.0,214715.760954,,,,,LTM
A372170,"YUNSUNG F&C Co.,Ltd",-0.17146833996184146,-0.18100933996184146,1.62953505615476,,,,0.928620757652689,Industrials,Capital Goods,Machinery,Industrial Machinery and Supplies and Components,"Special Industry Machinery, not elsewhere classified",19520.0,155751.01696,,LTM,,,
A048430,"Yura Tech. Co., Ltd.",0.02997501412618287,0.06780701412618287,0.0066380059971715,0.28381585485743,0.163969274868881,7.83636757701082,0.446996828738287,Consumer Discretionary,Automobiles and Components,Automobile Components,Automotive Parts and Equipment,Motor Vehicle Parts and Accessories,5970.0,68374.12344,,LTM,LTM,LTM,LTM
A000220,"Yuyu Pharma, Inc.",0.08616053668065729,0.09090253668065729,0.489779553207204,5.1587122548289,3.65246712820102,5.40214453743999,0.460184480073036,Health Care,"Pharmaceuticals, Biotechnology and Life Sciences",Pharmaceuticals,Pharmaceuticals,Pharmaceutical Preparations,3680.0,57950.66016,,LTM,LTM,LTM,LTM
A051390,Yw Company Limited,-0.09481720213866204,-0.07337120213866204,0.0857252798503567,0.228948828312977,0.209704703219554,6.53444940107136,0.383131469169435,Information Technology,Technology Hardware and Equipment,Communications Equipment,Communications Equipment,Telephone and Telegraph Apparatus,3970.0,31881.926639999998,,LTM,LTM,LTM,LTM
A234920,"Zaigle Co., Ltd.",-0.18786399769472625,-0.07453999769472625,,,,,1.032482682971,Consumer Discretionary,Consumer Durables and Apparel,Household Durables,Household Appliances,Electric Housewares and Fans,5310.0,71289.51651,,,,,
A389020,"Zaram Technology,Inc.",1.5625734711272936,1.4650374711272935,5.40815715836299,,151.96921615,,3.04195359289843,Information Technology,Semiconductors and Semiconductor Equipment,Semiconductors and Semiconductor Equipment,Semiconductors,Semiconductors and Related Devices,20400.0,140863.6728,,2026E,,2026E,
A381620,"Zenix Robotics Co.,Ltd",,-0.3055370355886753,4.14895181583668,,,,1.79486362849796,Industrials,Capital Goods,Machinery,Industrial Machinery and Supplies and Components,"Construction, Mining, And Materials Handling",6120.0,80281.6704,,LTM,,,
A159580,Zero to Seven Inc.,0.008357693603383148,0.021246693603383153,0.523270982386711,19.3335259745242,7.22941227113137,12.9747429633964,0.528342426268161,Consumer Discretionary,Consumer Durables and Apparel,"Textiles, Apparel and Luxury Goods","Apparel, Accessories and Luxury Goods",Apparel and Other Finished Products Made From Fabrics and Similar Materials,2125.0,42569.3515,,LTM,LTM,LTM,LTM
A079370,"Zeus Co.,Ltd.",-0.09854122924089134,-0.10755722924089134,0.87770202137605,,,,0.916513570735789,Information Technology,Semiconductors and Semiconductor Equipment,Semiconductors and Semiconductor Equipment,Semiconductor Materials and Equipment,"Electronic Components, not elsewhere classified",9890.0,304128.05263,,LTM,,,
A221800,"ZGOO Holdings Co., Ltd.",-0.042303989841020344,-0.04279998984102035,1.39671511522299,,,,1.31592741435569,Health Care,Health Care Equipment and Services,Health Care Providers and Services,Health Care Services,Medical Laboratories,3725.0,60787.71997499999,,LTM,,,
A303030,"Zinitix Co., Ltd.",-0.5325664751824744,-0.7705964751824744,0.331327257261812,,,,5.03022991906158,Information Technology,Semiconductors and Semiconductor Equipment,Semiconductors and Semiconductor Equipment,Semiconductors,Semiconductors and Related Devices,1998.0,14814.644526,,LTM,,,
A013890,"Zinus, Inc",-0.4624638118558108,-0.3917518118558108,0.491157689036145,,,,0.253247022639637,Consumer Discretionary,Consumer Durables and Apparel,Household Durables,Home Furnishings,Household Furniture,7275.0,159510.289575,,2026E,,,
A950140,"Englewood Lab, Inc.",0.1582957587916128,0.16734875879161282,0.585197622038803,3.45611169253158,2.99560085530209,5.10370096020858,0.914858158146299,Consumer Staples,Household and Personal Products,Personal Care Products,Personal Care Products,"Perfumes, Cosmetics, and Other Toilet Preparations",8020.0,159340.28532,,LTM,LTM,LTM,LTM
A950160,"Kolon TissueGene, Inc.",-1.3770079982728225,-1.8106019982728223,,,,,14.4514574552834,Health Care,"Pharmaceuticals, Biotechnology and Life Sciences",Biotechnology,Biotechnology,"Biological Products, Except Diagnostic Substances",20500.0,1741888.28,,,,,
A950210,Prestige BioPharma Limited,-0.23466535823888335,-0.14051835823888337,11.1105289950773,,,,0.804261445163103,Health Care,"Pharmaceuticals, Biotechnology and Life Sciences",Biotechnology,Biotechnology,"Biological Products, Except Diagnostic Substances",6060.0,72836.53986,,LTM,,,
A950220,"NeoImmuneTech, Inc.",17.0835515607863,16.9300915607863,102.853678917556,,,,1.47236801117616,Health Care,"Pharmaceuticals, Biotechnology and Life Sciences",Biotechnology,Biotechnology,"Biological Products, Except Diagnostic Substances",2850.0,281772.27525,,LTM,,,
A950130,"Access Bio, Inc.",-0.6476216926219301,-0.6592376926219301,,,,,0.141071014064787,Health Care,"Pharmaceuticals, Biotechnology and Life Sciences",Biotechnology,Biotechnology,In Vitro and In Vivo Diagnostic Substances,2225.0,78261.78065,,,,,
A950200,"Psomagen, Inc.",-0.012210149473955538,-0.12213714947395554,1.17096283549754,,19.1062706673828,,3.13528315656436,Health Care,"Pharmaceuticals, Biotechnology and Life Sciences",Life Sciences Tools and Services,Life Sciences Tools and Services,Commercial Physical and Biological Research,4195.0,80695.24233499999,,LTM,,LTM,
A950190,"Ghost Studio Co., Ltd.",0.009079000541646037,0.05181300054164604,0.140882461566046,1.21776344854313,0.943204159978319,14.5746204570662,0.697132164764775,Communication Services,Media and Entertainment,Entertainment,Interactive Home Entertainment,Prepackaged Software,8460.0,110061.57978,,LTM,LTM,LTM,LTM
A950250,TeraView Holdings PLC,,2.9845766857196208,5.11383347075523,,,,2.29042627830387,Information Technology,Technology Hardware and Equipment,"Electronic Equipment, Instruments and Components",Electronic Equipment and Instruments,Laboratory Analytical Instruments,2315.0,82223.547265,,LTM,,,
A045510,Zungwon En-Sys Inc.,0.2838277637473581,0.27112276374735805,0.203615388884218,11.2013119257907,9.75519631850863,14.8981267315256,0.73038787279249,Information Technology,Software and Services,IT Services,IT Consulting and Other Services,Computer Integrated Systems Design,1054.0,32411.155588,,LTM,LTM,LTM,LTM
